timestamp,users_holding
"2018-05-02 04:55:08",1053
"2018-05-02 06:40:20",1053
"2018-05-03 00:37:05",1063
"2018-05-03 06:35:25",1063
"2018-05-03 06:50:24",1063
"2018-05-03 07:08:38",1063
"2018-05-03 07:35:53",1063
"2018-05-03 07:45:05",1063
"2018-05-03 11:21:03",1063
"2018-05-03 12:44:27",1063
"2018-05-03 13:44:27",1063
"2018-05-03 14:44:28",1064
"2018-05-03 15:44:28",1061
"2018-05-03 16:44:28",1061
"2018-05-03 17:44:28",1059
"2018-05-03 18:44:27",1060
"2018-05-03 19:44:27",1063
"2018-05-03 20:44:27",1063
"2018-05-03 21:44:26",1063
"2018-05-03 22:44:28",1063
"2018-05-03 23:44:26",1063
"2018-05-04 00:44:26",1063
"2018-05-04 01:44:27",1063
"2018-05-04 02:44:29",1063
"2018-05-04 03:44:27",1063
"2018-05-04 04:44:27",1063
"2018-05-04 05:44:27",1063
"2018-05-04 06:44:27",1063
"2018-05-04 07:44:27",1063
"2018-05-04 08:44:28",1063
"2018-05-04 09:44:28",1063
"2018-05-04 10:44:27",1063
"2018-05-04 11:44:27",1063
"2018-05-04 12:44:26",1063
"2018-05-04 20:49:11",1054
"2018-05-04 20:55:11",1054
"2018-05-04 21:01:10",1054
"2018-05-04 21:07:10",1054
"2018-05-04 21:13:10",1054
"2018-05-04 21:19:10",1054
"2018-05-04 21:25:10",1054
"2018-05-04 21:31:09",1054
"2018-05-04 21:44:27",1054
"2018-05-04 22:44:28",1054
"2018-05-04 23:44:28",1054
"2018-05-05 00:44:27",1054
"2018-05-05 01:44:29",1054
"2018-05-05 02:44:28",1054
"2018-05-05 03:44:28",1054
"2018-05-05 04:44:28",1054
"2018-05-05 05:44:27",1054
"2018-05-05 06:44:29",1054
"2018-05-05 07:44:29",1054
"2018-05-05 08:44:28",1054
"2018-05-05 09:44:27",1054
"2018-05-05 10:44:29",1054
"2018-05-05 11:44:28",1054
"2018-05-05 12:44:29",1054
"2018-05-05 13:44:29",1054
"2018-05-05 14:44:29",1054
"2018-05-05 15:44:29",1054
"2018-05-05 16:44:29",1054
"2018-05-05 17:44:29",1054
"2018-05-05 18:44:28",1054
"2018-05-05 19:44:28",1054
"2018-05-05 20:44:28",1054
"2018-05-05 21:44:27",1054
"2018-05-05 22:44:28",1054
"2018-05-05 23:44:27",1054
"2018-05-06 00:44:27",1054
"2018-05-06 01:44:28",1054
"2018-05-06 02:44:29",1054
"2018-05-06 03:44:28",1054
"2018-05-06 04:44:28",1054
"2018-05-06 05:44:28",1054
"2018-05-06 06:44:28",1054
"2018-05-06 07:44:32",1054
"2018-05-06 08:44:27",1054
"2018-05-06 09:44:27",1054
"2018-05-06 10:44:27",1054
"2018-05-06 11:44:28",1054
"2018-05-06 12:44:27",1054
"2018-05-06 13:44:28",1054
"2018-05-06 14:44:28",1054
"2018-05-06 15:44:28",1054
"2018-05-06 16:44:28",1054
"2018-05-06 17:44:28",1054
"2018-05-06 18:44:29",1054
"2018-05-06 19:44:28",1054
"2018-05-06 20:44:29",1054
"2018-05-06 21:44:28",1054
"2018-05-06 22:44:28",1054
"2018-05-06 23:44:28",1054
"2018-05-07 00:44:27",1054
"2018-05-07 01:44:28",1054
"2018-05-07 01:58:04",1054
"2018-05-07 02:44:29",1054
"2018-05-07 03:44:28",1054
"2018-05-07 04:44:28",1054
"2018-05-07 05:44:28",1054
"2018-05-07 06:44:27",1054
"2018-05-07 07:44:28",1054
"2018-05-07 08:44:30",1054
"2018-05-07 09:44:27",1054
"2018-05-07 10:44:28",1054
"2018-05-07 11:44:27",1054
"2018-05-07 12:44:27",1054
"2018-05-07 13:44:38",1054
"2018-05-07 14:44:27",1051
"2018-05-07 15:44:29",1053
"2018-05-07 16:44:33",1052
"2018-05-07 22:44:27",1048
"2018-05-07 23:44:28",1048
"2018-05-08 00:44:29",1048
"2018-05-08 01:44:33",1048
"2018-05-08 02:44:28",1048
"2018-05-08 03:44:27",1048
"2018-05-08 04:44:28",1048
"2018-05-08 05:44:27",1048
"2018-05-08 06:44:28",1048
"2018-05-08 07:44:28",1048
"2018-05-08 08:44:28",1048
"2018-05-08 09:44:27",1048
"2018-05-08 10:44:27",1048
"2018-05-08 11:44:26",1048
"2018-05-08 12:44:26",1048
"2018-05-08 13:44:28",1048
"2018-05-08 14:44:28",1052
"2018-05-08 15:44:27",1050
"2018-05-08 16:44:27",1049
"2018-05-08 17:44:27",1049
"2018-05-08 18:44:28",1049
"2018-05-08 19:44:27",1048
"2018-05-08 20:44:27",1049
"2018-05-08 21:44:26",1049
"2018-05-08 22:44:27",1049
"2018-05-08 23:44:32",1049
"2018-05-09 00:44:28",1049
"2018-05-09 01:44:28",1049
"2018-05-09 02:44:27",1049
"2018-05-09 03:44:27",1049
"2018-05-09 04:44:28",1049
"2018-05-09 05:44:28",1049
"2018-05-09 06:44:27",1049
"2018-05-09 07:44:28",1049
"2018-05-09 08:44:28",1049
"2018-05-09 09:44:26",1049
"2018-05-09 10:44:27",1049
"2018-05-09 11:44:27",1049
"2018-05-09 12:44:27",1049
"2018-05-09 13:44:29",1049
"2018-05-09 14:44:27",1046
"2018-05-09 15:44:27",1046
"2018-05-09 16:44:27",1048
"2018-05-09 17:44:29",1049
"2018-05-09 18:44:27",1049
"2018-05-09 19:44:28",1050
"2018-05-09 20:44:26",1051
"2018-05-09 21:44:28",1051
"2018-05-09 22:44:27",1051
"2018-05-09 23:44:27",1051
"2018-05-10 00:44:28",1051
"2018-05-10 01:44:28",1051
"2018-05-10 02:44:29",1051
"2018-05-10 03:44:29",1051
"2018-05-10 04:44:29",1051
"2018-05-10 05:44:29",1051
"2018-05-10 06:44:29",1051
"2018-05-10 07:44:30",1051
"2018-05-10 08:44:29",1051
"2018-05-10 09:44:28",1051
"2018-05-10 10:44:29",1051
"2018-05-10 11:44:28",1051
"2018-05-10 12:44:29",1051
"2018-05-10 13:44:39",1051
"2018-05-10 14:44:29",1052
"2018-05-10 15:44:30",1052
"2018-05-10 16:44:29",1052
"2018-05-10 17:44:29",1052
"2018-05-10 18:44:28",1052
"2018-05-10 19:44:30",1052
"2018-05-10 20:44:29",1052
"2018-05-10 21:44:29",1052
"2018-05-10 22:44:28",1052
"2018-05-10 23:44:29",1052
"2018-05-11 00:44:29",1052
"2018-05-11 01:44:30",1052
"2018-05-11 02:44:29",1052
"2018-05-11 03:44:29",1052
"2018-05-11 04:44:29",1052
"2018-05-11 05:44:30",1052
"2018-05-11 06:44:28",1052
"2018-05-11 07:44:29",1052
"2018-05-11 08:44:29",1052
"2018-05-11 09:44:28",1052
"2018-05-11 10:44:28",1052
"2018-05-11 11:44:29",1052
"2018-05-11 12:44:27",1052
"2018-05-11 13:44:31",1052
"2018-05-11 14:44:29",1053
"2018-05-11 15:44:29",1054
"2018-05-11 16:44:29",1056
"2018-05-11 17:44:29",1056
"2018-05-11 18:44:29",1056
"2018-05-11 19:44:30",1054
"2018-05-11 20:44:28",1055
"2018-05-11 21:44:28",1055
"2018-05-11 22:44:28",1055
"2018-05-11 23:44:28",1055
"2018-05-12 00:44:29",1055
"2018-05-12 01:44:29",1055
"2018-05-12 02:44:30",1055
"2018-05-12 03:44:29",1055
"2018-05-12 04:44:29",1055
"2018-05-12 05:44:29",1055
"2018-05-12 06:44:29",1055
"2018-05-12 07:44:29",1055
"2018-05-12 08:44:29",1055
"2018-05-12 09:44:28",1055
"2018-05-12 10:44:29",1055
"2018-05-12 11:44:28",1055
"2018-05-12 12:44:29",1055
"2018-05-12 13:44:30",1055
"2018-05-12 14:44:29",1055
"2018-05-12 15:44:30",1055
"2018-05-12 16:44:28",1055
"2018-05-12 17:44:30",1055
"2018-05-12 18:44:28",1055
"2018-05-12 19:44:30",1055
"2018-05-12 20:44:29",1055
"2018-05-12 21:44:28",1055
"2018-05-12 22:44:28",1055
"2018-05-12 23:44:29",1055
"2018-05-13 00:44:29",1055
"2018-05-13 01:44:29",1055
"2018-05-13 02:44:28",1055
"2018-05-13 03:44:28",1055
"2018-05-13 04:44:29",1055
"2018-05-13 05:44:29",1055
"2018-05-13 06:44:30",1055
"2018-05-13 07:44:28",1055
"2018-05-13 08:44:28",1055
"2018-05-13 09:44:29",1055
"2018-05-13 10:44:27",1055
"2018-05-13 11:44:27",1055
"2018-05-13 12:44:29",1055
"2018-05-13 13:44:29",1055
"2018-05-13 14:44:28",1055
"2018-05-13 15:44:29",1055
"2018-05-13 16:44:29",1055
"2018-05-13 17:44:29",1055
"2018-05-13 18:44:29",1055
"2018-05-13 19:44:28",1055
"2018-05-13 20:44:29",1055
"2018-05-13 21:44:29",1055
"2018-05-13 22:44:30",1055
"2018-05-13 23:44:30",1055
"2018-05-14 00:44:29",1055
"2018-05-14 01:44:29",1055
"2018-05-14 02:44:29",1055
"2018-05-14 03:44:29",1055
"2018-05-14 04:44:30",1055
"2018-05-14 05:44:29",1055
"2018-05-14 06:44:28",1055
"2018-05-14 07:44:28",1055
"2018-05-14 08:44:28",1055
"2018-05-14 09:44:28",1054
"2018-05-14 10:44:28",1054
"2018-05-14 11:44:28",1054
"2018-05-14 12:44:27",1054
"2018-05-14 13:44:31",1054
"2018-05-14 14:44:30",1061
"2018-05-14 15:44:29",1061
"2018-05-14 16:44:28",1063
"2018-05-14 17:44:28",1065
"2018-05-14 18:44:31",1069
"2018-05-14 19:44:28",1068
"2018-05-14 20:44:29",1069
"2018-05-14 21:44:28",1070
"2018-05-14 22:44:29",1070
"2018-05-14 23:44:29",1070
"2018-05-15 00:44:29",1070
"2018-05-15 01:44:29",1070
"2018-05-15 02:44:30",1070
"2018-05-15 03:44:29",1070
"2018-05-15 04:44:29",1070
"2018-05-15 05:44:28",1070
"2018-05-15 06:44:28",1070
"2018-05-15 07:44:28",1070
"2018-05-15 08:44:29",1070
"2018-05-15 09:44:28",1070
"2018-05-15 10:44:30",1070
"2018-05-15 11:44:28",1070
"2018-05-15 12:44:28",1070
"2018-05-15 13:44:29",1070
"2018-05-15 14:44:29",1066
"2018-05-15 15:44:28",1062
"2018-05-15 16:44:30",1059
"2018-05-15 17:44:29",1060
"2018-05-15 18:44:33",1061
"2018-05-15 19:44:29",1058
"2018-05-15 20:44:28",1058
"2018-05-15 21:44:27",1058
"2018-05-15 22:44:29",1058
"2018-05-15 23:44:29",1058
"2018-05-16 00:44:28",1058
"2018-05-16 01:44:29",1058
"2018-05-16 02:44:29",1058
"2018-05-16 03:44:29",1058
"2018-05-16 04:44:30",1058
"2018-05-16 05:44:29",1058
"2018-05-16 06:44:29",1058
"2018-05-16 07:44:29",1058
"2018-05-16 08:44:30",1058
"2018-05-16 09:44:27",1058
"2018-05-16 10:44:27",1058
"2018-05-16 11:44:28",1058
"2018-05-16 12:44:30",1058
"2018-05-16 13:44:30",1058
"2018-05-16 14:44:29",1059
"2018-05-16 15:44:29",1057
"2018-05-16 16:44:28",1059
"2018-05-16 17:44:30",1058
"2018-05-16 18:44:28",1058
"2018-05-16 19:44:28",1058
"2018-05-16 20:44:28",1058
"2018-05-16 21:44:27",1058
"2018-05-16 22:44:28",1058
"2018-05-16 23:44:28",1058
"2018-05-17 00:44:31",1058
"2018-05-17 01:44:28",1058
"2018-05-17 02:44:28",1058
"2018-05-17 03:44:29",1058
"2018-05-17 04:44:29",1058
"2018-05-17 05:44:29",1058
"2018-05-17 06:44:30",1058
"2018-05-17 07:44:29",1058
"2018-05-17 08:44:33",1058
"2018-05-17 09:44:29",1058
"2018-05-17 10:44:28",1059
"2018-05-17 11:44:29",1059
"2018-05-17 12:44:28",1059
"2018-05-17 13:44:30",1059
"2018-05-17 14:44:29",1060
"2018-05-17 15:44:30",1058
"2018-05-18 07:44:29",1056
"2018-05-18 08:44:29",1056
"2018-05-18 09:44:27",1056
"2018-05-18 10:44:27",1057
"2018-05-18 11:44:28",1057
"2018-05-18 12:44:29",1057
"2018-05-18 13:44:30",1057
"2018-05-18 14:44:29",1061
"2018-05-18 15:44:28",1060
"2018-05-18 16:44:29",1060
"2018-05-18 17:44:27",1061
"2018-05-18 18:44:28",1061
"2018-05-18 19:44:29",1061
"2018-05-18 20:44:29",1062
"2018-05-18 21:44:27",1062
"2018-05-18 22:44:28",1062
"2018-05-18 23:44:28",1062
"2018-05-19 00:44:28",1062
"2018-05-19 01:44:29",1062
"2018-05-19 02:44:30",1062
"2018-05-19 03:44:29",1062
"2018-05-19 04:44:28",1062
"2018-05-19 05:44:29",1062
"2018-05-19 06:44:30",1062
"2018-05-19 07:44:27",1062
"2018-05-19 08:44:28",1062
"2018-05-19 09:44:29",1062
"2018-05-19 10:44:27",1062
"2018-05-19 11:44:28",1062
"2018-05-19 12:44:28",1062
"2018-05-19 13:44:29",1062
"2018-05-19 14:44:29",1062
"2018-05-19 15:44:29",1062
"2018-05-19 16:44:29",1062
"2018-05-19 17:44:29",1062
"2018-05-19 18:44:28",1062
"2018-05-19 19:44:28",1062
"2018-05-19 20:44:29",1062
"2018-05-19 21:44:29",1062
"2018-05-19 22:44:28",1062
"2018-05-19 23:44:28",1062
"2018-05-20 00:44:28",1062
"2018-05-20 01:44:30",1062
"2018-05-20 02:44:28",1062
"2018-05-20 03:44:28",1062
"2018-05-20 04:44:29",1062
"2018-05-20 05:44:29",1062
"2018-05-20 06:44:27",1062
"2018-05-20 07:44:27",1062
"2018-05-20 08:44:28",1062
"2018-05-20 09:44:28",1062
"2018-05-20 10:44:28",1062
"2018-05-20 11:44:28",1062
"2018-05-20 12:44:28",1062
"2018-05-20 13:44:28",1062
"2018-05-20 14:44:31",1062
"2018-05-20 15:44:29",1062
"2018-05-20 16:44:28",1062
"2018-05-20 17:44:29",1062
"2018-05-20 18:44:29",1062
"2018-05-20 19:44:28",1062
"2018-05-20 20:44:28",1062
"2018-05-20 21:44:27",1062
"2018-05-20 22:44:29",1062
"2018-05-20 23:44:28",1062
"2018-05-21 00:44:29",1062
"2018-05-21 01:44:42",1062
"2018-05-21 02:44:36",1062
"2018-05-21 03:44:29",1062
"2018-05-21 04:44:34",1062
"2018-05-21 05:44:28",1062
"2018-05-21 06:44:29",1062
"2018-05-21 07:44:29",1062
"2018-05-21 08:44:31",1062
"2018-05-21 09:44:29",1062
"2018-05-21 10:44:28",1062
"2018-05-21 11:44:29",1062
"2018-05-21 12:44:33",1062
"2018-05-21 13:44:30",1062
"2018-05-21 14:44:28",1064
"2018-05-21 15:44:28",1064
"2018-05-21 16:44:29",1063
"2018-05-21 17:44:28",1062
"2018-05-21 18:44:29",1061
"2018-05-21 19:44:29",1061
"2018-05-21 20:44:29",1061
"2018-05-21 21:44:29",1061
"2018-05-21 22:44:28",1061
"2018-05-21 23:44:28",1061
"2018-05-22 00:44:29",1061
"2018-05-22 01:44:29",1061
"2018-05-22 02:44:29",1061
"2018-05-22 03:44:29",1061
"2018-05-22 04:44:29",1061
"2018-05-22 05:44:27",1061
"2018-05-22 06:44:28",1061
"2018-05-22 07:44:29",1061
"2018-05-22 08:44:34",1061
"2018-05-22 09:44:28",1061
"2018-05-22 10:44:28",1061
"2018-05-22 11:44:27",1061
"2018-05-22 12:44:29",1061
"2018-05-22 13:44:31",1061
"2018-05-22 14:44:29",1052
"2018-05-22 15:44:29",1058
"2018-05-22 16:44:29",1058
"2018-05-22 17:44:28",1057
"2018-05-22 18:44:28",1060
"2018-05-22 19:44:29",1065
"2018-05-22 20:44:29",1066
"2018-05-22 21:44:28",1066
"2018-05-22 22:44:28",1066
"2018-05-22 23:44:29",1066
"2018-05-23 00:44:28",1066
"2018-05-23 01:44:28",1066
"2018-05-23 02:44:28",1066
"2018-05-23 03:44:29",1066
"2018-05-23 04:44:29",1066
"2018-05-23 05:44:30",1066
"2018-05-23 06:44:29",1066
"2018-05-23 07:44:33",1066
"2018-05-23 08:44:28",1066
"2018-05-23 09:44:29",1066
"2018-05-23 10:44:30",1066
"2018-05-23 11:44:28",1066
"2018-05-23 12:44:27",1066
"2018-05-23 13:44:29",1066
"2018-05-23 14:44:29",1069
"2018-05-23 15:44:28",1068
"2018-05-23 16:44:30",1066
"2018-05-23 17:44:29",1066
"2018-05-23 18:44:27",1067
"2018-05-23 19:44:28",1066
"2018-05-23 20:44:29",1066
"2018-05-23 21:44:28",1066
"2018-05-23 22:44:29",1066
"2018-05-23 23:44:28",1066
"2018-05-24 00:44:28",1066
"2018-05-24 01:44:29",1066
"2018-05-24 02:44:29",1066
"2018-05-24 03:44:28",1066
"2018-05-24 04:44:28",1066
"2018-05-24 06:44:29",1066
"2018-05-24 07:44:29",1066
"2018-05-24 08:44:29",1066
"2018-05-24 09:44:29",1066
"2018-05-24 10:44:29",1066
"2018-05-24 11:44:27",1066
"2018-05-24 12:44:29",1066
"2018-05-24 20:13:36",1067
"2018-05-24 20:44:27",1067
"2018-05-24 21:44:29",1067
"2018-05-24 22:44:29",1067
"2018-05-24 23:44:29",1067
"2018-05-25 00:44:28",1067
"2018-05-25 01:44:29",1067
"2018-05-25 02:44:28",1067
"2018-05-25 03:44:29",1067
"2018-05-25 04:44:29",1067
"2018-05-25 05:44:29",1067
"2018-05-25 06:44:29",1067
"2018-05-25 07:44:29",1067
"2018-05-25 08:44:28",1067
"2018-05-25 09:44:28",1067
"2018-05-25 10:44:29",1067
"2018-05-25 11:44:28",1067
"2018-05-25 12:44:29",1067
"2018-05-25 13:44:29",1067
"2018-05-25 14:44:28",1066
"2018-05-25 15:44:28",1066
"2018-05-25 16:44:30",1067
"2018-05-25 17:44:29",1067
"2018-05-25 18:44:29",1068
"2018-05-25 19:44:30",1068
"2018-05-25 20:44:29",1068
"2018-05-25 21:44:29",1068
"2018-05-25 22:44:29",1068
"2018-05-25 23:44:30",1068
"2018-05-26 00:44:29",1068
"2018-05-26 01:44:28",1068
"2018-05-26 02:44:29",1068
"2018-05-26 03:44:28",1068
"2018-05-26 04:44:28",1068
"2018-05-26 05:44:28",1068
"2018-05-26 06:44:28",1068
"2018-05-26 07:44:29",1068
"2018-05-26 08:44:29",1068
"2018-05-26 09:44:27",1068
"2018-05-26 10:44:28",1068
"2018-05-26 11:44:28",1068
"2018-05-26 12:44:29",1068
"2018-05-26 13:44:29",1068
"2018-05-26 14:44:29",1068
"2018-05-26 15:44:29",1068
"2018-05-26 16:44:29",1068
"2018-05-26 17:44:29",1068
"2018-05-26 18:44:30",1068
"2018-05-26 19:44:32",1068
"2018-05-26 20:44:29",1068
"2018-05-26 21:44:28",1068
"2018-05-26 22:44:29",1068
"2018-05-26 23:44:28",1068
"2018-05-27 00:44:29",1068
"2018-05-27 01:44:29",1068
"2018-05-27 02:44:28",1068
"2018-05-27 03:44:28",1068
"2018-05-27 04:44:28",1068
"2018-05-27 05:44:29",1068
"2018-05-27 06:44:28",1068
"2018-05-27 07:44:27",1068
"2018-05-27 08:44:28",1068
"2018-05-27 09:44:28",1068
"2018-05-27 10:44:28",1068
"2018-05-27 11:44:28",1068
"2018-05-27 12:44:28",1068
"2018-05-27 13:44:29",1068
"2018-05-27 14:44:28",1068
"2018-05-27 15:44:29",1068
"2018-05-27 16:44:28",1068
"2018-05-27 17:44:28",1068
"2018-05-27 18:44:29",1068
"2018-05-27 19:44:28",1068
"2018-05-27 20:44:29",1068
"2018-05-27 21:44:29",1068
"2018-05-27 22:44:29",1068
"2018-05-27 23:44:29",1068
"2018-05-28 00:44:28",1068
"2018-05-28 01:44:28",1068
"2018-05-28 02:44:28",1068
"2018-05-28 03:44:29",1068
"2018-05-28 04:44:28",1068
"2018-05-28 05:44:28",1068
"2018-05-28 06:44:29",1068
"2018-05-28 07:44:28",1068
"2018-05-28 08:44:28",1068
"2018-05-28 09:44:28",1068
"2018-05-28 10:44:28",1068
"2018-05-28 11:44:28",1068
"2018-05-28 12:44:28",1068
"2018-05-28 13:44:28",1068
"2018-05-28 14:44:28",1068
"2018-05-28 15:44:28",1068
"2018-05-28 16:44:28",1068
"2018-05-28 17:44:29",1068
"2018-05-28 18:44:28",1068
"2018-05-28 19:44:29",1068
"2018-05-28 20:44:29",1068
"2018-05-28 21:44:28",1068
"2018-05-28 22:44:29",1068
"2018-05-28 23:44:28",1068
"2018-05-29 00:44:28",1068
"2018-05-29 01:44:27",1068
"2018-05-29 02:44:29",1068
"2018-05-29 03:44:29",1068
"2018-05-29 04:44:29",1068
"2018-05-29 05:44:28",1068
"2018-05-29 06:44:28",1068
"2018-05-29 07:44:28",1068
"2018-05-29 08:44:35",1068
"2018-05-29 09:44:28",1068
"2018-05-29 10:44:28",1068
"2018-05-29 11:44:27",1068
"2018-05-29 12:44:28",1068
"2018-05-30 19:55:09",1063
"2018-05-30 20:44:28",1064
"2018-05-30 21:44:28",1064
"2018-05-30 22:44:28",1064
"2018-05-30 23:44:29",1064
"2018-05-31 00:44:29",1064
"2018-05-31 01:44:30",1064
"2018-05-31 02:44:29",1064
"2018-05-31 03:44:33",1064
"2018-05-31 04:44:28",1064
"2018-05-31 05:44:28",1064
"2018-05-31 06:44:29",1064
"2018-05-31 07:44:28",1064
"2018-05-31 08:44:29",1064
"2018-05-31 09:44:28",1064
"2018-05-31 10:44:28",1064
"2018-05-31 11:44:28",1064
"2018-05-31 12:44:29",1064
"2018-05-31 13:44:30",1064
"2018-05-31 14:44:29",1068
"2018-05-31 15:44:28",1067
"2018-05-31 16:44:28",1067
"2018-05-31 17:44:28",1069
"2018-05-31 18:44:30",1069
"2018-05-31 19:44:28",1071
"2018-05-31 20:44:29",1076
"2018-05-31 21:44:29",1076
"2018-05-31 22:44:29",1076
"2018-05-31 23:44:28",1076
"2018-06-01 00:44:28",1076
"2018-06-01 01:44:28",1076
"2018-06-01 02:44:29",1076
"2018-06-01 03:44:29",1076
"2018-06-01 04:44:28",1076
"2018-06-01 05:44:28",1076
"2018-06-01 06:44:29",1076
"2018-06-01 07:44:30",1076
"2018-06-01 08:44:31",1076
"2018-06-01 09:44:28",1076
"2018-06-01 10:44:28",1076
"2018-06-01 11:44:28",1076
"2018-06-01 12:44:28",1076
"2018-06-01 13:44:37",1076
"2018-06-01 14:44:29",1077
"2018-06-01 15:44:31",1075
"2018-06-01 16:44:30",1071
"2018-06-01 17:44:31",1071
"2018-06-01 18:44:29",1071
"2018-06-01 19:44:31",1070
"2018-06-01 20:44:30",1070
"2018-06-01 21:44:30",1070
"2018-06-01 22:44:30",1070
"2018-06-01 23:44:29",1070
"2018-06-02 00:44:29",1070
"2018-06-02 01:44:29",1070
"2018-06-02 02:44:31",1070
"2018-06-02 03:44:30",1070
"2018-06-02 04:44:29",1070
"2018-06-02 05:44:30",1070
"2018-06-02 06:44:29",1070
"2018-06-02 07:44:30",1070
"2018-06-02 08:44:28",1070
"2018-06-02 09:44:31",1070
"2018-06-02 10:44:28",1070
"2018-06-02 11:44:29",1070
"2018-06-02 12:44:31",1070
"2018-06-02 13:44:31",1070
"2018-06-02 14:44:30",1070
"2018-06-02 15:44:31",1070
"2018-06-02 16:44:30",1070
"2018-06-02 17:44:30",1070
"2018-06-02 18:44:29",1070
"2018-06-02 19:44:30",1070
"2018-06-02 20:44:30",1070
"2018-06-02 21:44:30",1070
"2018-06-02 22:44:30",1070
"2018-06-02 23:44:31",1070
"2018-06-03 00:44:29",1070
"2018-06-03 01:44:30",1070
"2018-06-03 02:44:30",1070
"2018-06-03 03:44:29",1070
"2018-06-03 04:44:28",1070
"2018-06-03 05:44:30",1070
"2018-06-03 06:44:29",1070
"2018-06-03 19:46:46",1070
"2018-06-03 20:44:30",1070
"2018-06-03 21:44:29",1070
"2018-06-03 22:44:30",1070
"2018-06-03 23:44:30",1070
"2018-06-04 00:44:29",1070
"2018-06-04 01:44:29",1070
"2018-06-04 02:44:30",1070
"2018-06-04 03:44:29",1070
"2018-06-04 04:44:32",1070
"2018-06-04 05:44:29",1070
"2018-06-04 06:44:30",1070
"2018-06-04 07:44:30",1070
"2018-06-04 08:44:29",1070
"2018-06-04 09:44:30",1070
"2018-06-04 10:44:23",1070
"2018-06-04 11:44:23",1070
"2018-06-04 12:44:23",1070
"2018-06-04 13:44:25",1070
"2018-06-04 14:44:25",1073
"2018-06-04 15:44:25",1082
"2018-06-04 16:44:24",1088
"2018-06-04 17:44:24",1089
"2018-06-04 18:44:25",1092
"2018-06-04 19:44:25",1093
"2018-06-04 20:44:25",1099
"2018-06-04 21:44:25",1099
"2018-06-04 22:44:26",1099
"2018-06-04 23:44:26",1099
"2018-06-05 00:44:25",1099
"2018-06-05 01:44:25",1099
"2018-06-05 02:44:26",1099
"2018-06-05 03:44:25",1099
"2018-06-05 04:44:26",1099
"2018-06-05 05:44:26",1099
"2018-06-05 06:44:26",1099
"2018-06-05 07:44:24",1099
"2018-06-05 08:44:25",1099
"2018-06-05 09:44:25",1099
"2018-06-05 10:44:26",1099
"2018-06-05 11:44:25",1099
"2018-06-05 12:44:24",1099
"2018-06-05 13:45:05",1099
"2018-06-05 14:44:27",1106
"2018-06-05 15:44:25",1105
"2018-06-05 16:44:26",1103
"2018-06-05 17:44:25",1101
"2018-06-05 18:44:24",1103
"2018-06-05 19:44:26",1100
"2018-06-05 20:44:27",1103
"2018-06-05 21:44:26",1103
"2018-06-05 22:44:27",1103
"2018-06-05 23:44:27",1103
"2018-06-06 00:44:27",1103
"2018-06-06 01:44:26",1103
"2018-06-06 02:44:27",1103
"2018-06-06 03:44:27",1103
"2018-06-06 04:44:27",1103
"2018-06-06 05:44:27",1103
"2018-06-06 06:44:26",1103
"2018-06-06 07:44:26",1103
"2018-06-06 08:44:26",1103
"2018-06-06 09:44:26",1103
"2018-06-06 10:44:25",1103
"2018-06-06 11:44:26",1103
"2018-06-06 12:44:26",1103
"2018-06-06 13:44:27",1103
"2018-06-06 14:44:27",1112
"2018-06-06 15:44:27",1109
"2018-06-06 16:44:28",1110
"2018-06-06 17:44:27",1108
"2018-06-06 18:44:27",1116
"2018-06-06 19:44:27",1123
"2018-06-06 20:44:26",1128
"2018-06-06 21:44:27",1130
"2018-06-06 22:44:29",1130
"2018-06-06 23:44:31",1130
"2018-06-07 00:44:30",1130
"2018-06-07 01:44:30",1130
"2018-06-07 02:44:31",1130
"2018-06-07 03:44:30",1130
"2018-06-07 04:44:31",1130
"2018-06-07 05:44:32",1130
"2018-06-07 06:44:31",1130
"2018-06-07 07:44:30",1130
"2018-06-07 08:44:30",1130
"2018-06-07 09:44:31",1130
"2018-06-07 10:44:29",1130
"2018-06-07 11:44:30",1130
"2018-06-07 12:44:30",1130
"2018-06-07 13:44:31",1130
"2018-06-07 14:44:32",1130
"2018-06-07 15:44:30",1129
"2018-06-07 16:44:32",1124
"2018-06-07 17:44:32",1124
"2018-06-07 18:44:30",1123
"2018-06-07 19:44:31",1126
"2018-06-07 20:44:31",1127
"2018-06-07 21:44:30",1127
"2018-06-07 22:44:31",1127
"2018-06-07 23:44:31",1127
"2018-06-08 00:44:31",1127
"2018-06-08 01:44:30",1127
"2018-06-08 02:44:31",1127
"2018-06-08 03:44:31",1127
"2018-06-08 04:44:32",1127
"2018-06-08 05:44:30",1127
"2018-06-08 06:44:32",1127
"2018-06-08 07:44:32",1127
"2018-06-08 08:44:30",1127
"2018-06-08 09:44:30",1127
"2018-06-08 10:44:31",1127
"2018-06-08 11:44:30",1127
"2018-06-08 12:44:31",1127
"2018-06-08 13:44:32",1127
"2018-06-08 14:44:31",1128
"2018-06-08 15:44:30",1131
"2018-06-08 16:44:31",1132
"2018-06-08 17:44:31",1130
"2018-06-08 18:44:30",1129
"2018-06-08 19:44:30",1127
"2018-06-08 20:44:31",1125
"2018-06-08 21:44:30",1124
"2018-06-08 22:44:30",1124
"2018-06-08 23:44:30",1124
"2018-06-09 00:44:30",1124
"2018-06-09 01:44:31",1124
"2018-06-09 02:44:30",1124
"2018-06-09 03:44:31",1124
"2018-06-09 04:44:32",1124
"2018-06-09 05:44:30",1124
"2018-06-09 06:44:32",1124
"2018-06-09 07:44:30",1124
"2018-06-09 08:44:30",1124
"2018-06-09 09:44:30",1124
"2018-06-09 10:44:31",1123
"2018-06-09 11:44:31",1123
"2018-06-09 12:44:31",1123
"2018-06-09 13:44:32",1123
"2018-06-09 14:44:31",1123
"2018-06-09 15:44:33",1123
"2018-06-09 16:44:31",1123
"2018-06-09 17:44:32",1123
"2018-06-09 18:44:33",1123
"2018-06-09 19:44:31",1123
"2018-06-09 20:44:32",1123
"2018-06-09 21:44:31",1123
"2018-06-09 22:44:30",1123
"2018-06-09 23:44:30",1123
"2018-06-10 00:44:30",1123
"2018-06-10 01:44:31",1123
"2018-06-10 02:44:30",1123
"2018-06-10 03:44:31",1123
"2018-06-10 04:44:31",1123
"2018-06-10 05:44:30",1123
"2018-06-10 06:44:30",1123
"2018-06-10 07:44:32",1123
"2018-06-10 08:44:31",1123
"2018-06-10 09:44:30",1123
"2018-06-10 10:44:32",1123
"2018-06-10 11:44:31",1123
"2018-06-10 12:44:30",1123
"2018-06-10 13:44:30",1123
"2018-06-10 14:44:31",1123
"2018-06-10 15:44:30",1123
"2018-06-10 16:44:31",1123
"2018-06-10 17:44:31",1123
"2018-06-10 18:44:31",1123
"2018-06-10 19:44:30",1123
"2018-06-10 20:44:30",1123
"2018-06-10 21:44:30",1123
"2018-06-10 22:44:31",1123
"2018-06-10 23:44:31",1123
"2018-06-11 00:44:31",1123
"2018-06-11 01:44:30",1123
"2018-06-11 02:44:30",1123
"2018-06-11 03:44:31",1123
"2018-06-11 04:44:30",1123
"2018-06-11 06:44:30",1123
"2018-06-11 07:44:30",1123
"2018-06-11 08:44:30",1123
"2018-06-11 09:44:30",1123
"2018-06-11 10:44:31",1123
"2018-06-11 11:44:30",1123
"2018-06-11 12:44:31",1123
"2018-06-11 13:44:32",1123
"2018-06-11 14:44:31",1126
"2018-06-11 15:44:31",1128
"2018-06-11 16:44:30",1127
"2018-06-11 17:44:30",1130
"2018-06-11 18:44:30",1130
"2018-06-11 19:44:30",1129
"2018-06-11 20:44:31",1131
"2018-06-11 21:44:30",1131
"2018-06-11 22:44:29",1130
"2018-06-11 23:44:30",1130
"2018-06-12 00:44:31",1130
"2018-06-12 01:44:31",1130
"2018-06-12 02:44:31",1130
"2018-06-12 03:44:31",1130
"2018-06-12 04:44:30",1130
"2018-06-12 05:44:30",1130
"2018-06-12 06:44:31",1130
"2018-06-12 07:44:32",1130
"2018-06-12 08:44:30",1130
"2018-06-12 09:44:30",1130
"2018-06-12 10:44:30",1130
"2018-06-12 11:44:30",1130
"2018-06-12 12:44:31",1130
"2018-06-12 13:44:33",1130
"2018-06-12 14:44:30",1133
"2018-06-12 15:44:30",1134
"2018-06-12 16:44:30",1136
"2018-06-12 17:44:30",1135
"2018-06-12 18:44:31",1134
"2018-06-12 19:44:31",1133
"2018-06-12 20:44:30",1132
"2018-06-12 21:44:30",1132
"2018-06-12 22:44:29",1132
"2018-06-12 23:44:31",1132
"2018-06-13 00:44:30",1132
"2018-06-13 01:44:30",1132
"2018-06-13 02:44:30",1132
"2018-06-13 03:44:30",1132
"2018-06-13 04:44:31",1132
"2018-06-13 05:44:31",1132
"2018-06-13 06:44:31",1132
"2018-06-13 07:44:31",1132
"2018-06-13 08:44:32",1132
"2018-06-13 09:44:30",1132
"2018-06-13 10:44:30",1132
"2018-06-13 11:44:30",1132
"2018-06-13 12:44:30",1132
"2018-06-13 13:44:33",1132
"2018-06-13 14:44:32",1131
"2018-06-13 15:44:31",1131
"2018-06-13 16:44:31",1132
"2018-06-13 17:44:31",1134
"2018-06-13 18:44:32",1137
"2018-06-13 19:44:31",1139
"2018-06-13 20:44:31",1139
"2018-06-13 21:44:31",1139
"2018-06-13 22:44:30",1139
"2018-06-13 23:44:30",1139
"2018-06-14 00:44:31",1139
"2018-06-14 01:44:31",1139
"2018-06-14 02:44:31",1139
"2018-06-14 03:44:31",1139
"2018-06-14 04:44:30",1139
"2018-06-14 05:44:32",1139
"2018-06-14 06:44:30",1139
"2018-06-14 07:44:31",1139
"2018-06-14 08:44:31",1139
"2018-06-14 09:44:29",1139
"2018-06-14 10:44:30",1139
"2018-06-14 11:44:31",1139
"2018-06-14 12:44:31",1139
"2018-06-14 13:44:32",1139
"2018-06-14 14:44:31",1141
"2018-06-14 15:44:33",1143
"2018-06-14 16:44:31",1147
"2018-06-14 17:44:31",1149
"2018-06-14 18:44:32",1150
"2018-06-14 19:44:32",1148
"2018-06-14 20:44:32",1148
"2018-06-14 21:44:32",1148
"2018-06-14 22:44:33",1148
"2018-06-14 23:44:32",1148
"2018-06-15 00:44:31",1148
"2018-06-15 01:44:31",1148
"2018-06-15 02:44:31",1148
"2018-06-15 03:44:32",1148
"2018-06-15 04:44:32",1148
"2018-06-15 05:44:34",1148
"2018-06-15 06:44:33",1148
"2018-06-15 07:44:31",1148
"2018-06-15 08:44:31",1148
"2018-06-15 09:44:31",1148
"2018-06-15 10:44:31",1148
"2018-06-15 11:44:31",1148
"2018-06-15 12:44:31",1148
"2018-06-15 13:44:33",1148
"2018-06-15 14:44:33",1150
"2018-06-15 15:44:32",1152
"2018-06-15 16:44:31",1151
"2018-06-15 17:44:31",1149
"2018-06-15 18:44:32",1149
"2018-06-15 19:44:31",1150
"2018-06-15 20:44:32",1153
"2018-06-15 21:44:30",1153
"2018-06-15 22:44:31",1153
"2018-06-15 23:44:31",1153
"2018-06-16 00:44:31",1153
"2018-06-16 01:44:31",1153
"2018-06-16 02:44:34",1153
"2018-06-16 03:44:32",1153
"2018-06-16 04:44:34",1153
"2018-06-16 05:44:34",1153
"2018-06-16 06:44:32",1153
"2018-06-16 07:44:31",1153
"2018-06-16 08:44:32",1153
"2018-06-16 09:44:32",1153
"2018-06-16 10:44:31",1153
"2018-06-16 11:44:32",1153
"2018-06-16 12:44:32",1153
"2018-06-16 13:44:32",1153
"2018-06-16 14:44:33",1153
"2018-06-16 15:44:32",1153
"2018-06-16 16:44:32",1153
"2018-06-16 17:44:32",1153
"2018-06-16 18:44:31",1153
"2018-06-16 19:44:32",1153
"2018-06-16 20:44:32",1153
"2018-06-16 21:44:31",1153
"2018-06-16 22:44:32",1153
"2018-06-16 23:44:31",1153
"2018-06-17 00:44:32",1153
"2018-06-17 01:44:31",1153
"2018-06-17 02:44:35",1153
"2018-06-17 03:44:32",1153
"2018-06-17 04:44:32",1153
"2018-06-17 05:44:32",1153
"2018-06-17 06:44:31",1153
"2018-06-17 07:44:31",1153
"2018-06-17 08:44:32",1153
"2018-06-17 09:44:30",1153
"2018-06-17 10:44:30",1153
"2018-06-17 11:44:31",1153
"2018-06-17 12:44:32",1153
"2018-06-17 13:44:32",1153
"2018-06-17 14:44:32",1153
"2018-06-17 15:44:31",1153
"2018-06-17 16:44:31",1153
"2018-06-17 17:44:31",1153
"2018-06-17 18:44:30",1153
"2018-06-17 19:44:33",1153
"2018-06-17 20:44:32",1153
"2018-06-17 21:44:32",1153
"2018-06-17 22:44:32",1153
"2018-06-17 23:44:32",1153
"2018-06-18 00:44:33",1153
"2018-06-18 01:44:32",1153
"2018-06-18 02:44:33",1153
"2018-06-18 03:44:31",1153
"2018-06-18 04:44:31",1153
"2018-06-18 05:44:32",1153
"2018-06-18 06:44:31",1153
"2018-06-18 07:44:31",1153
"2018-06-18 08:44:38",1153
"2018-06-18 09:44:31",1153
"2018-06-18 10:44:31",1152
"2018-06-18 11:44:32",1154
"2018-06-18 12:44:31",1154
"2018-06-18 13:44:33",1154
"2018-06-18 14:44:32",1148
"2018-06-18 15:44:31",1142
"2018-06-18 16:44:31",1141
"2018-06-18 17:44:31",1141
"2018-06-18 18:44:33",1140
"2018-06-18 19:44:32",1137
"2018-06-18 20:44:32",1135
"2018-06-18 21:44:31",1135
"2018-06-18 22:44:31",1135
"2018-06-18 23:44:32",1135
"2018-06-19 00:44:31",1135
"2018-06-19 01:44:31",1135
"2018-06-19 02:44:32",1135
"2018-06-19 03:44:32",1135
"2018-06-19 04:44:31",1135
"2018-06-19 05:44:32",1135
"2018-06-19 06:44:31",1135
"2018-06-19 07:44:34",1135
"2018-06-19 08:44:33",1135
"2018-06-19 09:44:31",1135
"2018-06-19 10:44:32",1135
"2018-06-19 11:44:31",1135
"2018-06-19 12:44:31",1135
"2018-06-19 13:44:35",1135
"2018-06-19 14:44:32",1135
"2018-06-19 15:44:32",1135
"2018-06-19 16:44:31",1136
"2018-06-19 17:44:32",1136
"2018-06-19 18:44:32",1135
"2018-06-19 19:44:31",1135
"2018-06-19 20:44:31",1135
"2018-06-19 21:44:32",1135
"2018-06-19 22:44:31",1135
"2018-06-19 23:44:32",1135
"2018-06-20 00:44:41",1135
"2018-06-20 01:44:34",1135
"2018-06-20 02:44:31",1135
"2018-06-20 03:44:33",1135
"2018-06-20 04:44:32",1135
"2018-06-20 05:44:31",1135
"2018-06-20 06:44:31",1135
"2018-06-20 07:44:31",1135
"2018-06-20 08:44:31",1135
"2018-06-20 09:44:31",1135
"2018-06-20 10:44:31",1135
"2018-06-20 11:44:31",1135
"2018-06-20 12:44:31",1135
"2018-06-20 14:09:06",1135
"2018-06-20 14:44:33",1135
"2018-06-20 15:44:33",1135
"2018-06-20 16:44:33",1136
"2018-06-20 17:44:32",1137
"2018-06-20 18:44:32",1138
"2018-06-20 19:44:32",1139
"2018-06-20 20:44:31",1136
"2018-06-20 21:44:32",1136
"2018-06-20 22:44:31",1136
"2018-06-20 23:44:32",1136
"2018-06-21 00:44:32",1136
"2018-06-21 01:44:31",1136
"2018-06-21 02:44:32",1136
"2018-06-21 03:44:32",1136
"2018-06-21 04:44:32",1136
"2018-06-21 05:44:34",1136
"2018-06-21 06:44:31",1136
"2018-06-21 07:44:32",1136
"2018-06-21 08:44:34",1136
"2018-06-21 09:44:30",1136
"2018-06-21 10:44:32",1136
"2018-06-21 11:44:31",1136
"2018-06-21 12:44:31",1136
"2018-06-21 13:44:32",1136
"2018-06-21 14:44:32",1136
"2018-06-21 15:44:32",1133
"2018-06-21 16:44:32",1133
"2018-06-21 17:44:32",1134
"2018-06-21 18:44:32",1133
"2018-06-21 19:44:32",1133
"2018-06-21 20:44:32",1132
"2018-06-21 21:44:32",1132
"2018-06-21 22:44:32",1132
"2018-06-21 23:44:31",1132
"2018-06-22 00:44:31",1132
"2018-06-22 01:44:31",1132
"2018-06-22 02:44:31",1132
"2018-06-22 03:44:32",1132
"2018-06-22 04:44:31",1132
"2018-06-22 05:44:33",1132
"2018-06-22 06:44:31",1132
"2018-06-22 07:44:31",1132
"2018-06-22 08:44:32",1132
"2018-06-22 09:44:31",1132
"2018-06-22 10:44:31",1132
"2018-06-22 11:44:31",1132
"2018-06-22 12:44:32",1132
"2018-06-22 13:44:34",1132
"2018-06-22 15:08:35",1138
"2018-06-22 15:44:32",1138
"2018-06-22 16:44:32",1140
"2018-06-22 17:44:32",1142
"2018-06-22 18:44:33",1142
"2018-06-22 19:44:34",1142
"2018-06-22 20:44:32",1141
"2018-06-22 21:44:33",1141
"2018-06-22 22:44:33",1141
"2018-06-22 23:44:33",1141
"2018-06-23 00:44:56",1141
"2018-06-23 01:45:48",1141
"2018-06-23 02:44:33",1141
"2018-06-23 03:44:34",1141
"2018-06-23 04:44:33",1141
"2018-06-23 05:44:33",1141
"2018-06-23 06:44:32",1141
"2018-06-23 07:44:33",1141
"2018-06-23 08:44:32",1141
"2018-06-23 09:44:32",1141
"2018-06-23 10:44:32",1141
"2018-06-23 11:44:34",1141
"2018-06-23 12:44:32",1141
"2018-06-23 13:44:33",1141
"2018-06-23 14:44:32",1141
"2018-06-23 15:44:34",1141
"2018-06-23 16:44:33",1141
"2018-06-23 17:44:33",1141
"2018-06-23 18:44:32",1141
"2018-06-23 19:44:34",1141
"2018-06-23 20:44:34",1141
"2018-06-23 21:44:33",1141
"2018-06-23 22:44:33",1141
"2018-06-23 23:44:32",1141
"2018-06-24 00:44:52",1141
"2018-06-24 01:44:32",1141
"2018-06-24 02:44:32",1141
"2018-06-24 03:44:37",1141
"2018-06-24 04:44:33",1141
"2018-06-24 05:44:32",1141
"2018-06-24 06:44:33",1141
"2018-06-24 07:44:33",1141
"2018-06-24 08:44:32",1141
"2018-06-24 09:44:32",1141
"2018-06-24 10:45:23",1141
"2018-06-24 11:44:32",1141
"2018-06-24 12:44:36",1141
"2018-06-24 13:44:32",1141
"2018-06-24 14:44:49",1141
"2018-06-24 15:44:57",1141
"2018-06-24 16:44:32",1141
"2018-06-24 17:44:32",1141
"2018-06-24 18:44:33",1141
"2018-06-24 19:44:33",1141
"2018-06-24 20:44:33",1141
"2018-06-24 21:44:33",1141
"2018-06-24 22:44:32",1141
"2018-06-24 23:44:33",1141
"2018-06-25 00:44:33",1141
"2018-06-25 01:44:33",1141
"2018-06-25 02:44:34",1141
"2018-06-25 03:44:44",1141
"2018-06-25 04:44:41",1141
"2018-06-25 05:44:35",1141
"2018-06-25 06:44:32",1141
"2018-06-25 07:44:32",1141
"2018-06-25 08:44:33",1141
"2018-06-25 09:44:33",1141
"2018-06-25 10:44:32",1141
"2018-06-25 11:44:32",1141
"2018-06-25 12:44:31",1141
"2018-06-25 13:44:34",1141
"2018-06-25 14:44:32",1144
"2018-06-25 15:44:32",1143
"2018-06-25 16:44:31",1142
"2018-06-25 17:44:32",1138
"2018-06-25 18:44:31",1139
"2018-06-25 19:44:32",1140
"2018-06-25 20:44:33",1141
"2018-06-25 21:44:32",1141
"2018-06-25 22:44:31",1141
"2018-06-26 01:12:57",1141
"2018-06-26 01:44:32",1141
"2018-06-26 02:44:32",1141
"2018-06-26 03:44:47",1141
"2018-06-26 04:44:45",1141
"2018-06-26 05:44:34",1141
"2018-06-26 06:44:32",1141
"2018-06-26 07:44:33",1141
"2018-06-26 08:44:32",1141
"2018-06-26 09:44:34",1141
"2018-06-26 10:44:37",1140
"2018-06-26 11:44:42",1140
"2018-06-26 12:44:49",1140
"2018-06-26 13:44:34",1140
"2018-06-26 14:44:33",1139
"2018-06-26 15:44:52",1138
"2018-06-26 16:44:33",1137
"2018-06-26 17:44:32",1136
"2018-06-26 18:44:32",1137
"2018-06-26 19:44:33",1137
"2018-06-26 20:44:32",1136
"2018-06-26 21:44:32",1136
"2018-06-26 22:44:31",1136
"2018-06-26 23:44:31",1136
"2018-06-27 00:44:32",1136
"2018-06-27 01:44:31",1136
"2018-06-27 02:44:32",1136
"2018-06-27 03:44:35",1136
"2018-06-27 04:44:39",1136
"2018-06-27 05:44:34",1136
"2018-06-27 06:44:32",1136
"2018-06-27 07:44:31",1136
"2018-06-27 08:44:31",1136
"2018-06-27 09:44:32",1136
"2018-06-27 10:44:31",1136
"2018-06-27 11:44:31",1136
"2018-06-27 12:44:32",1136
"2018-06-27 13:44:58",1136
"2018-06-27 14:44:56",1136
"2018-06-27 15:44:56",1136
"2018-06-27 16:44:35",1136
"2018-06-27 17:44:33",1136
"2018-06-27 18:44:34",1136
"2018-06-27 19:44:35",1136
"2018-06-27 20:44:33",1137
"2018-06-27 21:44:31",1137
"2018-06-27 22:44:31",1137
"2018-06-27 23:44:32",1137
"2018-06-28 00:44:32",1137
"2018-06-28 01:44:32",1137
"2018-06-28 02:44:42",1137
"2018-06-28 03:44:51",1137
"2018-06-28 04:44:48",1137
"2018-06-28 05:44:44",1137
"2018-06-28 06:44:33",1137
"2018-06-28 07:44:32",1137
"2018-06-28 08:44:32",1137
"2018-06-28 09:44:31",1137
"2018-06-28 10:44:32",1137
"2018-06-28 11:44:32",1137
"2018-06-28 12:44:31",1137
"2018-06-28 13:44:34",1137
"2018-06-28 14:44:51",1139
"2018-06-28 15:44:57",1139
"2018-06-28 16:44:32",1140
"2018-06-28 17:44:34",1140
"2018-06-28 18:44:32",1140
"2018-06-28 19:44:37",1140
"2018-06-28 20:44:32",1139
"2018-06-28 21:44:33",1139
"2018-06-28 22:44:32",1139
"2018-06-28 23:44:33",1139
"2018-06-29 00:44:33",1139
"2018-06-29 01:44:33",1139
"2018-06-29 02:44:33",1139
"2018-06-29 03:44:44",1139
"2018-06-29 04:44:37",1139
"2018-06-29 05:44:36",1139
"2018-06-29 06:44:34",1139
"2018-06-29 07:44:34",1139
"2018-06-29 08:44:35",1139
"2018-06-29 09:44:33",1139
"2018-06-29 10:44:32",1139
"2018-06-29 11:44:33",1139
"2018-06-29 12:44:40",1139
"2018-06-29 13:44:35",1139
"2018-06-29 14:44:34",1139
"2018-06-29 15:44:34",1138
"2018-06-29 16:44:33",1136
"2018-06-29 17:44:32",1135
"2018-06-29 18:44:33",1135
"2018-06-29 19:44:39",1135
"2018-06-29 20:44:33",1132
"2018-06-29 21:44:36",1132
"2018-06-29 22:44:35",1132
"2018-06-29 23:44:36",1132
"2018-06-30 00:44:35",1132
"2018-06-30 01:44:32",1132
"2018-06-30 02:44:34",1132
"2018-06-30 03:44:46",1132
"2018-06-30 04:44:40",1132
"2018-06-30 05:44:39",1132
"2018-06-30 06:44:38",1132
"2018-06-30 07:44:33",1132
"2018-06-30 08:44:32",1132
"2018-06-30 09:44:32",1132
"2018-06-30 10:44:34",1132
"2018-06-30 11:44:35",1132
"2018-06-30 12:44:42",1132
"2018-06-30 13:44:54",1132
"2018-06-30 14:44:37",1132
"2018-06-30 15:44:52",1132
"2018-06-30 16:44:38",1132
"2018-06-30 17:44:32",1132
"2018-06-30 18:44:32",1132
"2018-06-30 19:44:43",1132
"2018-06-30 20:44:32",1132
"2018-06-30 21:44:32",1132
"2018-06-30 22:44:33",1132
"2018-06-30 23:44:33",1132
"2018-07-01 00:44:32",1132
"2018-07-01 01:44:33",1132
"2018-07-01 02:44:33",1132
"2018-07-01 03:44:33",1132
"2018-07-01 04:44:32",1132
"2018-07-01 05:44:33",1132
"2018-07-01 06:44:33",1132
"2018-07-01 07:44:32",1132
"2018-07-01 08:44:32",1132
"2018-07-01 09:44:33",1132
"2018-07-01 10:44:32",1132
"2018-07-01 11:44:33",1132
"2018-07-01 12:44:34",1132
"2018-07-01 13:44:33",1132
"2018-07-01 14:44:33",1132
"2018-07-01 15:44:33",1132
"2018-07-01 16:44:37",1132
"2018-07-01 17:44:34",1132
"2018-07-01 18:44:32",1132
"2018-07-01 19:44:36",1132
"2018-07-01 20:44:34",1132
"2018-07-01 21:44:33",1132
"2018-07-01 22:44:32",1132
"2018-07-01 23:44:33",1132
"2018-07-02 00:44:33",1132
"2018-07-02 01:44:35",1132
"2018-07-02 02:44:34",1132
"2018-07-02 03:44:33",1132
"2018-07-02 04:44:32",1132
"2018-07-02 05:44:34",1132
"2018-07-02 06:44:34",1132
"2018-07-02 07:44:33",1132
"2018-07-02 08:44:34",1132
"2018-07-02 09:44:33",1132
"2018-07-02 10:44:33",1132
"2018-07-02 11:44:32",1132
"2018-07-02 12:44:32",1132
"2018-07-02 13:44:34",1132
"2018-07-02 14:44:33",1129
"2018-07-02 15:44:34",1129
"2018-07-02 16:44:34",1129
"2018-07-02 17:44:34",1131
"2018-07-02 18:44:33",1131
"2018-07-02 19:44:35",1131
"2018-07-02 20:44:32",1131
"2018-07-02 21:44:32",1131
"2018-07-02 22:44:34",1131
"2018-07-02 23:44:34",1131
"2018-07-03 00:54:08",1131
"2018-07-03 01:44:33",1131
"2018-07-03 02:44:33",1131
"2018-07-03 03:44:33",1131
"2018-07-03 04:44:33",1131
"2018-07-03 05:44:33",1131
"2018-07-03 06:44:32",1131
"2018-07-03 07:44:33",1131
"2018-07-03 08:44:33",1131
"2018-07-03 09:44:33",1131
"2018-07-03 10:44:32",1131
"2018-07-03 11:44:33",1131
"2018-07-03 12:44:32",1131
"2018-07-03 13:44:34",1131
"2018-07-03 14:44:33",1130
"2018-07-03 15:44:32",1135
"2018-07-03 16:44:33",1137
"2018-07-03 17:44:33",1136
"2018-07-03 18:44:32",1136
"2018-07-03 19:44:38",1136
"2018-07-03 20:44:33",1136
"2018-07-03 21:44:32",1136
"2018-07-03 22:44:33",1136
"2018-07-03 23:44:32",1136
"2018-07-04 00:44:32",1136
"2018-07-04 01:44:34",1136
"2018-07-04 02:44:34",1136
"2018-07-04 03:44:33",1136
"2018-07-04 04:44:32",1136
"2018-07-04 05:44:32",1136
"2018-07-04 06:44:33",1136
"2018-07-04 07:44:33",1136
"2018-07-04 08:44:35",1136
"2018-07-04 09:44:33",1136
"2018-07-04 10:44:33",1136
"2018-07-04 11:44:32",1136
"2018-07-04 12:44:32",1136
"2018-07-04 13:44:33",1136
"2018-07-04 14:44:32",1136
"2018-07-04 15:44:32",1136
"2018-07-04 16:44:33",1136
"2018-07-04 17:44:33",1136
"2018-07-04 18:44:32",1136
"2018-07-04 19:44:34",1136
"2018-07-04 20:44:33",1136
"2018-07-04 21:44:33",1136
"2018-07-04 22:44:32",1136
"2018-07-04 23:44:33",1136
"2018-07-05 00:44:31",1136
"2018-07-05 01:44:32",1136
"2018-07-05 02:44:34",1136
"2018-07-05 03:44:33",1136
"2018-07-05 04:44:33",1136
"2018-07-05 05:44:32",1136
"2018-07-05 06:44:32",1136
"2018-07-05 07:44:33",1136
"2018-07-05 08:44:33",1136
"2018-07-05 09:44:32",1136
"2018-07-05 10:44:33",1136
"2018-07-05 11:44:33",1136
"2018-07-05 12:44:33",1136
"2018-07-05 13:44:34",1136
"2018-07-05 14:44:33",1138
"2018-07-05 15:44:34",1137
"2018-07-05 16:44:33",1140
"2018-07-05 17:44:35",1142
"2018-07-05 18:44:32",1141
"2018-07-05 19:44:41",1139
"2018-07-05 20:44:32",1139
"2018-07-05 21:44:34",1139
"2018-07-05 22:44:33",1139
"2018-07-05 23:44:33",1139
"2018-07-06 00:44:33",1139
"2018-07-06 01:44:34",1139
"2018-07-06 02:44:33",1139
"2018-07-06 03:44:33",1139
"2018-07-06 04:44:34",1139
"2018-07-06 05:44:32",1139
"2018-07-06 06:44:32",1139
"2018-07-06 07:44:33",1139
"2018-07-06 08:44:34",1139
"2018-07-06 09:44:33",1139
"2018-07-06 10:44:34",1139
"2018-07-06 11:44:37",1139
"2018-07-06 12:44:33",1139
"2018-07-06 13:44:37",1139
"2018-07-06 14:44:35",1141
"2018-07-06 15:44:36",1141
"2018-07-06 16:44:35",1142
"2018-07-06 17:44:34",1141
"2018-07-06 18:44:32",1139
"2018-07-06 19:44:39",1139
"2018-07-06 20:44:34",1138
"2018-07-06 21:44:33",1138
"2018-07-06 22:44:32",1138
"2018-07-06 23:44:32",1138
"2018-07-07 00:44:33",1138
"2018-07-07 01:44:33",1138
"2018-07-07 02:44:34",1138
"2018-07-07 03:44:33",1138
"2018-07-07 04:44:34",1138
"2018-07-07 05:44:33",1138
"2018-07-07 06:44:33",1138
"2018-07-07 07:44:33",1138
"2018-07-07 08:44:33",1138
"2018-07-07 09:44:33",1138
"2018-07-07 10:44:33",1138
"2018-07-07 11:44:33",1138
"2018-07-07 12:44:33",1138
"2018-07-07 13:44:34",1138
"2018-07-07 14:44:34",1138
"2018-07-07 15:44:33",1138
"2018-07-07 16:44:34",1138
"2018-07-07 17:44:34",1138
"2018-07-07 18:44:35",1138
"2018-07-07 19:44:39",1138
"2018-07-07 20:44:33",1138
"2018-07-07 21:44:32",1138
"2018-07-07 22:44:35",1138
"2018-07-07 23:44:34",1138
"2018-07-08 00:44:34",1138
"2018-07-08 01:44:34",1138
"2018-07-08 02:44:34",1138
"2018-07-08 03:44:35",1138
"2018-07-08 04:44:35",1138
"2018-07-08 05:44:34",1138
"2018-07-08 06:44:34",1138
"2018-07-08 07:44:33",1138
"2018-07-08 08:44:33",1138
"2018-07-08 09:44:33",1138
"2018-07-08 10:44:32",1138
"2018-07-08 11:44:33",1138
"2018-07-08 12:44:34",1138
"2018-07-08 13:44:33",1138
"2018-07-08 14:44:33",1138
"2018-07-08 15:44:33",1138
"2018-07-08 16:44:33",1138
"2018-07-08 17:44:33",1138
"2018-07-08 18:44:34",1138
"2018-07-08 19:44:43",1138
"2018-07-08 20:44:34",1138
"2018-07-08 21:44:34",1138
"2018-07-08 22:44:33",1138
"2018-07-08 23:44:33",1138
"2018-07-09 00:44:33",1138
"2018-07-09 01:44:34",1138
"2018-07-09 02:44:34",1138
"2018-07-09 03:44:36",1138
"2018-07-09 04:44:32",1138
"2018-07-09 05:44:34",1138
"2018-07-09 06:44:32",1138
"2018-07-09 07:44:33",1138
"2018-07-09 08:44:34",1138
"2018-07-09 09:44:33",1138
"2018-07-09 10:44:34",1138
"2018-07-09 11:44:32",1138
"2018-07-09 12:44:33",1138
"2018-07-09 13:44:41",1138
"2018-07-09 14:44:34",1134
"2018-07-09 15:44:35",1134
"2018-07-09 16:44:34",1131
"2018-07-09 17:44:34",1130
"2018-07-09 18:44:35",1130
"2018-07-09 19:44:57",1132
"2018-07-09 20:44:33",1131
"2018-07-09 21:44:33",1131
"2018-07-09 22:44:34",1131
"2018-07-09 23:44:33",1131
"2018-07-10 00:44:33",1131
"2018-07-10 01:44:35",1131
"2018-07-10 02:44:34",1131
"2018-07-10 03:44:34",1131
"2018-07-10 04:44:34",1131
"2018-07-10 05:44:34",1131
"2018-07-10 06:44:34",1131
"2018-07-10 07:44:33",1131
"2018-07-10 08:44:34",1131
"2018-07-10 09:44:33",1131
"2018-07-10 10:44:33",1131
"2018-07-10 11:44:33",1131
"2018-07-10 12:44:32",1131
"2018-07-10 13:44:42",1131
"2018-07-10 14:44:38",1132
"2018-07-10 15:44:35",1130
"2018-07-10 16:44:34",1134
"2018-07-10 17:44:35",1133
"2018-07-10 18:44:33",1133
"2018-07-10 19:44:41",1134
"2018-07-10 20:44:33",1133
"2018-07-10 21:44:33",1134
"2018-07-10 22:44:40",1134
"2018-07-10 23:44:34",1134
"2018-07-11 00:44:35",1134
"2018-07-11 01:44:35",1134
"2018-07-11 02:44:34",1134
"2018-07-11 03:44:34",1134
"2018-07-11 04:44:35",1134
"2018-07-11 05:44:35",1134
"2018-07-11 06:44:34",1134
"2018-07-11 07:44:33",1134
"2018-07-11 08:44:34",1134
"2018-07-11 09:44:34",1134
"2018-07-11 10:44:33",1134
"2018-07-11 11:44:33",1134
"2018-07-11 12:44:32",1134
"2018-07-11 13:44:36",1134
"2018-07-11 14:44:36",1134
"2018-07-11 15:44:35",1133
"2018-07-11 16:44:34",1135
"2018-07-11 17:44:33",1134
"2018-07-11 18:44:34",1134
"2018-07-11 19:44:37",1133
"2018-07-11 20:44:33",1135
"2018-07-11 21:44:33",1135
"2018-07-11 22:44:33",1135
"2018-07-11 23:44:34",1135
"2018-07-12 00:44:34",1135
"2018-07-12 01:44:33",1135
"2018-07-12 02:44:34",1135
"2018-07-12 03:44:33",1135
"2018-07-12 04:44:34",1135
"2018-07-12 05:44:35",1135
"2018-07-12 06:44:34",1135
"2018-07-12 07:44:34",1135
"2018-07-12 08:44:34",1135
"2018-07-12 09:44:34",1135
"2018-07-12 10:44:32",1135
"2018-07-12 11:44:33",1135
"2018-07-12 12:44:33",1135
"2018-07-12 13:44:38",1135
"2018-07-12 14:44:36",1136
"2018-07-12 15:44:36",1135
"2018-07-12 16:44:38",1134
"2018-07-12 17:44:36",1135
"2018-07-12 18:44:37",1134
"2018-07-12 19:44:51",1135
"2018-07-12 20:44:34",1134
"2018-07-12 21:44:34",1134
"2018-07-12 22:44:35",1134
"2018-07-12 23:44:36",1134
"2018-07-13 00:44:35",1134
"2018-07-13 01:44:35",1134
"2018-07-13 02:44:35",1134
"2018-07-13 03:44:35",1134
"2018-07-13 04:44:36",1134
"2018-07-13 05:44:36",1134
"2018-07-13 06:44:35",1134
"2018-07-13 07:44:34",1134
"2018-07-13 08:44:36",1134
"2018-07-13 09:44:34",1134
"2018-07-13 10:44:33",1134
"2018-07-13 11:44:34",1134
"2018-07-13 12:44:35",1134
"2018-07-13 13:44:42",1134
"2018-07-13 14:44:37",1133
"2018-07-13 15:44:37",1135
"2018-07-13 16:44:36",1135
"2018-07-13 17:44:35",1135
"2018-07-13 18:44:36",1136
"2018-07-13 19:44:37",1136
"2018-07-13 20:44:35",1136
"2018-07-13 21:44:33",1136
"2018-07-13 22:44:34",1136
"2018-07-13 23:44:36",1136
"2018-07-14 00:44:35",1136
"2018-07-14 01:44:34",1136
"2018-07-14 02:44:34",1136
"2018-07-14 03:44:35",1136
"2018-07-14 04:44:34",1136
"2018-07-14 05:44:34",1136
"2018-07-14 06:44:34",1136
"2018-07-14 07:44:34",1136
"2018-07-14 08:44:34",1136
"2018-07-14 09:44:34",1136
"2018-07-14 10:44:35",1136
"2018-07-14 11:44:34",1136
"2018-07-14 12:44:35",1136
"2018-07-14 13:44:35",1136
"2018-07-14 14:44:35",1136
"2018-07-14 15:44:35",1136
"2018-07-14 16:44:35",1136
"2018-07-14 17:44:35",1136
"2018-07-14 18:44:35",1136
"2018-07-14 19:44:39",1136
"2018-07-14 20:44:34",1136
"2018-07-14 21:44:35",1136
"2018-07-14 22:44:36",1136
"2018-07-14 23:44:35",1136
"2018-07-15 00:44:34",1136
"2018-07-15 01:44:34",1136
"2018-07-15 02:44:35",1136
"2018-07-15 03:44:34",1136
"2018-07-15 04:44:34",1136
"2018-07-15 05:44:34",1136
"2018-07-15 06:44:35",1136
"2018-07-15 07:44:34",1136
"2018-07-15 08:44:34",1136
"2018-07-15 09:44:34",1136
"2018-07-15 10:44:34",1136
"2018-07-15 11:44:34",1136
"2018-07-15 12:44:34",1136
"2018-07-15 13:44:35",1136
"2018-07-15 14:44:34",1136
"2018-07-15 15:44:36",1136
"2018-07-15 16:44:35",1136
"2018-07-15 17:44:34",1136
"2018-07-15 18:44:34",1136
"2018-07-15 19:44:47",1136
"2018-07-15 20:44:35",1136
"2018-07-15 21:44:46",1136
"2018-07-15 22:44:35",1136
"2018-07-15 23:44:35",1136
"2018-07-16 00:44:35",1136
"2018-07-16 01:44:34",1136
"2018-07-16 02:44:35",1136
"2018-07-16 03:44:36",1136
"2018-07-16 04:44:36",1136
"2018-07-16 05:44:34",1136
"2018-07-16 06:44:36",1136
"2018-07-16 07:44:44",1136
"2018-07-16 08:44:37",1136
"2018-07-16 09:44:33",1136
"2018-07-16 10:44:34",1136
"2018-07-16 11:44:34",1136
"2018-07-16 12:44:33",1136
"2018-07-16 13:44:49",1136
"2018-07-16 14:44:35",1137
"2018-07-16 15:44:37",1138
"2018-07-16 16:44:36",1140
"2018-07-16 17:44:37",1142
"2018-07-16 18:44:37",1142
"2018-07-16 19:45:17",1141
"2018-07-16 20:44:35",1141
"2018-07-16 21:44:36",1141
"2018-07-16 22:44:34",1141
"2018-07-16 23:44:35",1141
"2018-07-17 00:44:50",1141
"2018-07-17 01:44:35",1141
"2018-07-17 02:44:35",1141
"2018-07-17 03:44:34",1141
"2018-07-17 04:44:35",1141
"2018-07-17 05:44:36",1141
"2018-07-17 06:44:36",1141
"2018-07-17 07:44:46",1141
"2018-07-17 08:44:35",1141
"2018-07-17 09:44:34",1141
"2018-07-17 10:44:35",1141
"2018-07-17 11:44:34",1141
"2018-07-17 12:44:35",1141
"2018-07-17 13:44:40",1141
"2018-07-17 14:44:37",1137
"2018-07-17 15:44:35",1135
"2018-07-17 16:44:36",1133
"2018-07-17 17:44:36",1132
"2018-07-17 18:44:37",1128
"2018-07-17 19:44:58",1126
"2018-07-17 20:44:35",1125
"2018-07-17 21:44:35",1123
"2018-07-17 22:44:34",1124
"2018-07-17 23:44:39",1124
"2018-07-18 00:44:40",1124
"2018-07-18 01:44:39",1124
"2018-07-18 02:44:50",1124
"2018-07-18 03:44:41",1124
"2018-07-18 04:44:40",1124
"2018-07-18 05:44:42",1124
"2018-07-18 06:44:39",1124
"2018-07-18 07:44:39",1124
"2018-07-18 08:44:43",1124
"2018-07-18 09:44:38",1124
"2018-07-18 10:44:37",1124
"2018-07-18 11:44:38",1124
"2018-07-18 12:44:38",1124
"2018-07-18 13:44:44",1124
"2018-07-18 14:44:42",1124
"2018-07-18 15:44:40",1125
"2018-07-18 16:44:40",1127
"2018-07-18 17:44:41",1127
"2018-07-18 18:44:40",1129
"2018-07-18 19:44:50",1130
"2018-07-18 20:44:38",1129
"2018-07-18 21:44:39",1129
"2018-07-18 22:44:39",1129
"2018-07-18 23:44:38",1129
"2018-07-19 00:44:39",1129
"2018-07-19 01:44:39",1129
"2018-07-19 02:44:39",1129
"2018-07-19 03:44:44",1129
"2018-07-19 04:44:47",1129
"2018-07-19 05:44:43",1129
"2018-07-19 06:44:44",1129
"2018-07-19 07:44:51",1129
"2018-07-19 08:44:40",1129
"2018-07-19 09:44:39",1129
"2018-07-19 10:44:39",1129
"2018-07-19 11:44:39",1129
"2018-07-19 12:44:38",1129
"2018-07-19 13:44:43",1129
"2018-07-19 14:44:41",1127
"2018-07-19 15:44:42",1124
"2018-07-19 16:44:41",1126
"2018-07-19 17:44:42",1128
"2018-07-19 18:44:43",1128
"2018-07-19 19:44:45",1127
"2018-07-19 20:44:41",1127
"2018-07-19 21:44:40",1127
"2018-07-19 22:44:42",1127
"2018-07-19 23:44:44",1127
"2018-07-20 00:44:41",1127
"2018-07-20 01:44:41",1127
"2018-07-20 02:44:42",1127
"2018-07-20 03:44:46",1127
"2018-07-20 04:44:47",1127
"2018-07-20 05:44:46",1127
"2018-07-20 06:44:45",1127
"2018-07-20 07:44:44",1127
"2018-07-20 08:44:40",1127
"2018-07-20 09:44:53",1127
"2018-07-20 10:44:39",1127
"2018-07-20 11:44:39",1127
"2018-07-20 12:44:38",1127
"2018-07-20 14:08:15",1125
"2018-07-20 14:44:42",1125
"2018-07-20 15:44:43",1125
"2018-07-20 16:44:42",1120
"2018-07-20 17:44:41",1121
"2018-07-20 18:44:43",1118
"2018-07-20 19:44:53",1116
"2018-07-20 20:44:40",1116
"2018-07-20 21:44:40",1116
"2018-07-20 22:44:38",1116
"2018-07-20 23:44:42",1116
"2018-07-21 00:44:41",1116
"2018-07-21 01:44:42",1116
"2018-07-21 02:44:43",1116
"2018-07-21 03:44:49",1116
"2018-07-21 04:44:41",1116
"2018-07-21 05:44:40",1116
"2018-07-21 06:44:40",1116
"2018-07-21 07:44:40",1116
"2018-07-21 08:44:39",1116
"2018-07-21 09:44:41",1116
"2018-07-21 10:44:40",1115
"2018-07-21 11:44:39",1115
"2018-07-21 12:44:39",1115
"2018-07-21 13:44:41",1115
"2018-07-21 14:44:41",1115
"2018-07-21 15:44:41",1115
"2018-07-21 16:44:43",1115
"2018-07-21 17:44:40",1115
"2018-07-21 18:44:42",1115
"2018-07-21 19:44:46",1115
"2018-07-21 20:44:40",1115
"2018-07-21 21:44:40",1115
"2018-07-21 22:44:39",1115
"2018-07-21 23:44:40",1115
"2018-07-22 00:44:40",1115
"2018-07-22 01:44:40",1115
"2018-07-22 02:44:41",1115
"2018-07-22 03:44:42",1115
"2018-07-22 04:44:40",1115
"2018-07-22 05:44:40",1115
"2018-07-22 06:44:55",1115
"2018-07-22 07:44:51",1115
"2018-07-22 08:44:40",1115
"2018-07-22 09:44:38",1115
"2018-07-22 10:44:39",1115
"2018-07-22 11:44:39",1115
"2018-07-22 12:44:41",1115
"2018-07-22 13:44:40",1115
"2018-07-22 14:44:44",1115
"2018-07-22 15:44:40",1115
"2018-07-22 16:44:41",1115
"2018-07-22 17:44:39",1115
"2018-07-22 18:44:39",1115
"2018-07-22 19:44:50",1115
"2018-07-22 20:44:40",1115
"2018-07-22 21:44:40",1115
"2018-07-22 22:44:40",1115
"2018-07-22 23:44:39",1115
"2018-07-23 00:44:40",1115
"2018-07-23 01:44:39",1115
"2018-07-23 02:44:41",1115
"2018-07-23 03:44:40",1115
"2018-07-23 04:44:39",1115
"2018-07-23 05:44:38",1115
"2018-07-23 06:44:39",1115
"2018-07-23 07:44:40",1115
"2018-07-23 08:44:42",1115
"2018-07-23 09:44:46",1116
"2018-07-23 23:44:53",1118
"2018-07-24 00:44:39",1118
"2018-07-24 01:44:40",1118
"2018-07-24 02:44:41",1118
"2018-07-24 03:44:39",1118
"2018-07-24 04:44:39",1118
"2018-07-24 05:44:38",1118
"2018-07-24 06:44:39",1118
"2018-07-24 07:44:38",1118
"2018-07-24 08:44:38",1118
"2018-07-24 09:44:38",1118
"2018-07-24 10:44:38",1118
"2018-07-24 11:44:38",1118
"2018-07-24 12:44:39",1118
"2018-07-24 13:44:52",1118
"2018-07-24 14:44:40",1117
"2018-07-24 15:44:40",1114
"2018-07-24 16:44:41",1109
"2018-07-24 17:44:40",1108
"2018-07-24 18:44:39",1107
"2018-07-24 19:44:40",1107
"2018-07-24 20:44:38",1108
"2018-07-24 21:44:38",1108
"2018-07-24 22:44:38",1108
"2018-07-24 23:44:38",1108
"2018-07-25 00:44:39",1108
"2018-07-25 01:44:39",1108
"2018-07-25 02:44:38",1108
"2018-07-25 03:44:39",1108
"2018-07-25 04:44:39",1108
"2018-07-25 05:44:38",1108
"2018-07-25 06:44:39",1108
"2018-07-25 07:44:38",1108
"2018-07-25 08:44:39",1108
"2018-07-25 09:44:39",1108
"2018-07-25 10:44:38",1108
"2018-07-25 11:44:37",1108
"2018-07-25 12:44:38",1108
"2018-07-25 13:44:47",1108
"2018-07-25 14:44:42",1107
"2018-07-25 15:44:43",1107
"2018-07-25 16:44:42",1107
"2018-07-25 17:44:48",1105
"2018-07-25 18:44:43",1104
"2018-07-25 19:44:43",1105
"2018-07-25 20:44:42",1108
"2018-07-25 21:44:42",1108
"2018-07-25 22:44:41",1108
"2018-07-25 23:44:40",1108
"2018-07-26 00:44:39",1108
"2018-07-26 01:44:41",1108
"2018-07-26 02:44:41",1108
"2018-07-26 03:44:42",1108
"2018-07-26 04:44:41",1108
"2018-07-26 05:44:43",1108
"2018-07-26 06:44:40",1108
"2018-07-26 07:44:39",1108
"2018-07-26 08:44:40",1108
"2018-07-26 09:44:40",1108
"2018-07-26 10:44:40",1108
"2018-07-26 11:44:40",1108
"2018-07-26 12:44:40",1108
"2018-07-26 14:44:43",1095
"2018-07-26 15:44:42",1098
"2018-07-26 16:44:42",1096
"2018-07-26 17:44:42",1097
"2018-07-26 18:44:42",1099
"2018-07-26 19:44:43",1096
"2018-07-26 20:44:41",1097
"2018-07-26 21:44:39",1097
"2018-07-26 22:44:40",1097
"2018-07-26 23:44:41",1097
"2018-07-27 00:44:41",1097
"2018-07-27 01:44:41",1097
"2018-07-27 02:44:40",1097
"2018-07-27 03:44:40",1097
"2018-07-27 04:44:41",1097
"2018-07-27 05:44:42",1097
"2018-07-27 06:44:40",1097
"2018-07-27 07:44:40",1097
"2018-07-27 08:44:39",1097
"2018-07-27 09:44:39",1097
"2018-07-27 10:44:40",1097
"2018-07-27 11:44:39",1097
"2018-07-27 12:44:40",1097
"2018-07-27 13:44:48",1097
"2018-07-27 14:44:42",1097
"2018-07-27 15:44:41",1101
"2018-07-27 16:44:40",1100
"2018-07-27 17:44:41",1100
"2018-07-27 18:44:40",1100
"2018-07-27 19:44:41",1102
"2018-07-27 20:44:40",1102
"2018-07-27 21:44:40",1102
"2018-07-27 22:44:39",1102
"2018-07-27 23:44:40",1102
"2018-07-28 00:44:40",1102
"2018-07-28 01:44:40",1102
"2018-07-28 02:44:40",1102
"2018-07-28 03:44:41",1102
"2018-07-28 04:44:40",1102
"2018-07-28 05:44:40",1102
"2018-07-28 06:44:40",1102
"2018-07-28 07:44:39",1102
"2018-07-28 08:44:40",1102
"2018-07-28 09:44:40",1102
"2018-07-28 10:44:39",1102
"2018-07-28 11:44:39",1102
"2018-07-28 12:44:40",1102
"2018-07-28 13:44:39",1102
"2018-07-28 14:44:39",1102
"2018-07-28 15:44:40",1102
"2018-07-28 16:44:40",1102
"2018-07-28 17:44:40",1102
"2018-07-28 18:44:41",1102
"2018-07-28 19:45:03",1102
"2018-07-28 20:44:53",1102
"2018-07-28 21:44:40",1102
"2018-07-28 22:44:40",1102
"2018-07-28 23:44:41",1102
"2018-07-29 00:44:40",1102
"2018-07-29 01:44:41",1102
"2018-07-29 02:44:40",1102
"2018-07-29 03:44:39",1102
"2018-07-29 04:44:41",1102
"2018-07-29 05:44:41",1102
"2018-07-29 06:44:40",1102
"2018-07-29 07:44:39",1102
"2018-07-29 08:44:39",1102
"2018-07-29 09:44:40",1102
"2018-07-29 10:44:40",1102
"2018-07-29 11:44:39",1102
"2018-07-29 12:44:40",1102
"2018-07-29 13:44:41",1102
"2018-07-29 14:44:40",1102
"2018-07-29 15:44:39",1102
"2018-07-29 16:44:41",1102
"2018-07-29 17:44:40",1102
"2018-07-29 18:44:39",1102
"2018-07-29 19:44:41",1102
"2018-07-29 20:44:41",1102
"2018-07-29 21:44:41",1102
"2018-07-29 22:44:41",1102
"2018-07-29 23:44:41",1102
"2018-07-30 00:44:40",1102
"2018-07-30 01:44:41",1102
"2018-07-30 02:44:39",1102
"2018-07-30 03:44:41",1102
"2018-07-30 04:44:40",1102
"2018-07-30 05:44:40",1102
"2018-07-30 06:44:38",1102
"2018-07-30 07:44:40",1102
"2018-07-30 08:44:40",1102
"2018-07-30 09:44:40",1103
"2018-07-30 10:44:38",1103
"2018-07-30 11:44:40",1103
"2018-07-30 12:44:40",1103
"2018-07-30 13:44:48",1103
"2018-07-30 14:44:43",1104
"2018-07-30 15:44:42",1103
"2018-07-30 16:44:43",1104
"2018-07-30 17:44:42",1105
"2018-07-30 18:44:39",1105
"2018-07-30 19:44:43",1104
"2018-07-30 20:44:39",1104
"2018-07-30 21:44:40",1104
"2018-07-30 22:44:41",1104
"2018-07-30 23:44:39",1104
"2018-07-31 00:44:42",1104
"2018-07-31 01:44:40",1104
"2018-07-31 02:44:40",1104
"2018-07-31 03:44:40",1104
"2018-07-31 04:44:40",1104
"2018-07-31 05:44:40",1104
"2018-07-31 06:44:40",1104
"2018-07-31 07:44:40",1104
"2018-07-31 08:45:07",1104
"2018-07-31 09:51:36",1104
"2018-07-31 10:44:40",1104
"2018-07-31 11:44:39",1104
"2018-07-31 12:44:40",1104
"2018-07-31 13:44:49",1104
"2018-07-31 14:44:42",1109
"2018-07-31 15:44:41",1109
"2018-07-31 16:44:41",1110
"2018-07-31 17:44:40",1111
"2018-07-31 18:44:42",1111
"2018-07-31 19:44:44",1111
"2018-07-31 20:44:42",1109
"2018-07-31 21:44:40",1109
"2018-07-31 22:44:42",1109
"2018-07-31 23:44:42",1109
"2018-08-01 00:44:42",1109
"2018-08-01 01:44:41",1109
"2018-08-01 02:44:41",1109
"2018-08-01 03:44:42",1109
"2018-08-01 04:44:41",1109
"2018-08-01 05:44:42",1109
"2018-08-01 06:44:41",1109
"2018-08-01 07:44:41",1109
"2018-08-01 08:44:41",1109
"2018-08-01 09:44:41",1109
"2018-08-01 10:44:39",1109
"2018-08-01 11:44:40",1109
"2018-08-01 12:44:40",1109
"2018-08-01 14:09:49",1109
"2018-08-01 14:44:43",1109
"2018-08-01 15:44:43",1109
"2018-08-01 16:44:43",1108
"2018-08-01 17:44:43",1108
"2018-08-01 18:44:42",1109
"2018-08-01 19:46:12",1111
"2018-08-01 20:44:41",1110
"2018-08-01 21:44:41",1110
"2018-08-01 22:44:40",1110
"2018-08-01 23:44:40",1110
"2018-08-02 00:44:42",1110
"2018-08-02 01:44:42",1110
"2018-08-02 02:44:42",1110
"2018-08-02 03:44:41",1110
"2018-08-02 04:44:42",1110
"2018-08-02 05:44:41",1110
"2018-08-02 06:44:41",1110
"2018-08-02 07:44:40",1110
"2018-08-02 08:44:41",1110
"2018-08-02 09:44:41",1110
"2018-08-02 10:44:41",1110
"2018-08-02 11:44:40",1110
"2018-08-02 12:44:41",1110
"2018-08-02 13:44:47",1110
"2018-08-02 14:44:45",1112
"2018-08-02 15:44:45",1108
"2018-08-02 16:44:42",1109
"2018-08-02 17:44:44",1106
"2018-08-02 18:44:42",1105
"2018-08-02 19:44:43",1105
"2018-08-02 20:44:41",1105
"2018-08-02 21:44:41",1105
"2018-08-02 22:44:41",1105
"2018-08-02 23:44:41",1105
"2018-08-03 00:44:41",1105
"2018-08-03 01:44:43",1105
"2018-08-03 02:44:42",1105
"2018-08-03 03:44:42",1105
"2018-08-03 04:44:41",1105
"2018-08-03 05:44:41",1105
"2018-08-03 06:44:42",1105
"2018-08-03 07:44:40",1105
"2018-08-03 08:44:41",1105
"2018-08-03 09:44:41",1105
"2018-08-03 10:44:42",1105
"2018-08-03 11:46:42",1105
"2018-08-03 13:09:40",1105
"2018-08-03 13:44:48",1105
"2018-08-03 14:44:42",1106
"2018-08-03 15:44:42",1107
"2018-08-03 16:44:42",1107
"2018-08-03 17:44:41",1106
"2018-08-03 18:44:41",1106
"2018-08-03 19:44:41",1106
"2018-08-03 20:44:42",1105
"2018-08-03 21:44:40",1105
"2018-08-03 22:44:40",1105
"2018-08-03 23:44:41",1105
"2018-08-04 00:44:40",1105
"2018-08-04 01:44:41",1105
"2018-08-04 02:44:42",1105
"2018-08-04 03:44:41",1105
"2018-08-04 04:44:40",1105
"2018-08-04 05:44:42",1105
"2018-08-04 06:44:42",1105
"2018-08-04 07:44:42",1105
"2018-08-04 08:44:41",1105
"2018-08-04 09:44:41",1105
"2018-08-04 10:44:41",1105
"2018-08-04 11:44:40",1105
"2018-08-04 12:44:40",1105
"2018-08-04 13:44:42",1105
"2018-08-04 14:44:40",1105
"2018-08-04 15:44:41",1105
"2018-08-04 16:44:41",1105
"2018-08-04 17:44:41",1105
"2018-08-04 18:44:42",1105
"2018-08-04 19:44:41",1105
"2018-08-04 20:44:41",1105
"2018-08-04 21:44:40",1105
"2018-08-04 22:44:40",1105
"2018-08-04 23:44:42",1105
"2018-08-05 00:44:40",1105
"2018-08-05 01:44:41",1105
"2018-08-05 02:44:42",1105
"2018-08-05 03:44:41",1105
"2018-08-05 04:44:40",1105
"2018-08-05 05:44:41",1105
"2018-08-05 06:44:41",1105
"2018-08-05 07:44:40",1105
"2018-08-05 08:44:40",1105
"2018-08-05 09:44:40",1105
"2018-08-05 10:44:41",1105
"2018-08-05 11:44:40",1105
"2018-08-05 12:44:41",1105
"2018-08-05 13:44:40",1105
"2018-08-05 14:44:40",1105
"2018-08-05 15:44:41",1105
"2018-08-05 16:44:42",1105
"2018-08-05 17:44:41",1105
"2018-08-05 18:44:41",1105
"2018-08-05 19:44:41",1105
"2018-08-05 20:44:41",1105
"2018-08-05 21:44:42",1105
"2018-08-05 22:44:40",1105
"2018-08-05 23:44:42",1105
"2018-08-06 00:44:41",1105
"2018-08-06 01:44:40",1105
"2018-08-06 02:44:41",1105
"2018-08-06 03:44:41",1105
"2018-08-06 04:44:40",1105
"2018-08-06 05:44:40",1105
"2018-08-06 06:44:40",1105
"2018-08-06 07:44:41",1105
"2018-08-06 08:44:41",1105
"2018-08-06 09:44:41",1105
"2018-08-06 10:44:41",1105
"2018-08-06 11:44:39",1105
"2018-08-06 12:44:40",1105
"2018-08-06 13:44:45",1105
"2018-08-06 14:44:43",1104
"2018-08-06 15:44:42",1106
"2018-08-06 16:45:09",1106
"2018-08-06 17:44:43",1106
"2018-08-06 18:44:43",1108
"2018-08-06 19:44:42",1108
"2018-08-06 20:44:42",1108
"2018-08-06 21:44:44",1106
"2018-08-06 22:44:42",1107
"2018-08-06 23:44:42",1107
"2018-08-07 00:44:42",1107
"2018-08-07 01:44:42",1107
"2018-08-07 02:44:43",1107
"2018-08-07 03:44:44",1107
"2018-08-07 04:44:43",1107
"2018-08-07 05:44:42",1107
"2018-08-07 06:44:42",1107
"2018-08-07 07:44:42",1107
"2018-08-07 08:44:41",1107
"2018-08-07 09:44:40",1107
"2018-08-07 10:44:41",1107
"2018-08-07 11:44:41",1107
"2018-08-07 12:44:41",1107
"2018-08-07 13:44:49",1107
"2018-08-07 14:44:43",1109
"2018-08-07 15:44:43",1107
"2018-08-07 16:44:42",1107
"2018-08-07 17:44:44",1107
"2018-08-07 18:44:43",1106
"2018-08-07 19:44:45",1103
"2018-08-07 20:44:43",1101
"2018-08-07 21:44:42",1101
"2018-08-07 22:44:42",1101
"2018-08-07 23:44:42",1101
"2018-08-08 00:44:42",1101
"2018-08-08 01:44:44",1101
"2018-08-08 02:44:43",1101
"2018-08-08 03:44:42",1101
"2018-08-08 04:44:41",1101
"2018-08-08 05:44:43",1101
"2018-08-08 06:44:43",1101
"2018-08-08 07:44:43",1101
"2018-08-08 08:44:43",1101
"2018-08-08 09:44:43",1101
"2018-08-08 10:44:43",1101
"2018-08-08 11:44:43",1101
"2018-08-08 12:44:43",1101
"2018-08-08 13:44:47",1101
"2018-08-08 14:44:43",1101
"2018-08-08 15:44:44",1103
"2018-08-08 16:44:44",1103
"2018-08-08 17:44:43",1103
"2018-08-08 18:44:42",1104
"2018-08-08 19:44:43",1101
"2018-08-08 20:44:41",1100
"2018-08-08 21:44:41",1100
"2018-08-08 22:44:41",1100
"2018-08-10 00:22:59",1093
"2018-08-10 00:44:47",1093
"2018-08-10 01:44:48",1093
"2018-08-10 02:44:47",1093
"2018-08-10 03:44:43",1093
"2018-08-10 04:44:47",1093
"2018-08-10 05:44:49",1093
"2018-08-10 06:44:46",1093
"2018-08-10 07:44:47",1093
"2018-08-10 08:44:47",1093
"2018-08-10 09:44:45",1093
"2018-08-10 10:44:45",1093
"2018-08-10 11:44:46",1093
"2018-08-10 12:44:44",1093
"2018-08-10 13:44:50",1093
"2018-08-10 14:44:48",1090
"2018-08-10 15:44:47",1090
"2018-08-10 16:44:48",1090
"2018-08-10 17:44:46",1088
"2018-08-10 18:44:46",1090
"2018-08-10 19:44:47",1091
"2018-08-10 20:44:46",1090
"2018-08-10 21:44:47",1090
"2018-08-10 22:44:45",1091
"2018-08-10 23:44:47",1091
"2018-08-11 00:44:46",1091
"2018-08-11 01:44:46",1091
"2018-08-11 02:44:47",1091
"2018-08-11 03:44:47",1091
"2018-08-11 04:44:46",1091
"2018-08-11 05:44:47",1091
"2018-08-11 06:44:45",1091
"2018-08-11 07:44:46",1091
"2018-08-11 08:44:45",1091
"2018-08-11 09:44:45",1091
"2018-08-11 10:44:46",1091
"2018-08-11 11:44:46",1091
"2018-08-11 12:44:45",1091
"2018-08-11 13:44:45",1091
"2018-08-11 14:44:45",1091
"2018-08-11 15:44:46",1091
"2018-08-11 16:44:46",1091
"2018-08-11 17:44:46",1091
"2018-08-11 18:44:47",1091
"2018-08-11 19:44:46",1091
"2018-08-11 20:44:46",1091
"2018-08-11 21:44:46",1091
"2018-08-11 22:44:46",1091
"2018-08-11 23:44:46",1091
"2018-08-12 00:44:46",1091
"2018-08-12 01:44:45",1091
"2018-08-12 02:44:45",1091
"2018-08-12 03:44:45",1091
"2018-08-12 04:44:46",1091
"2018-08-12 05:44:46",1091
"2018-08-12 06:44:44",1091
"2018-08-12 07:44:45",1091
"2018-08-12 08:44:45",1091
"2018-08-12 09:44:44",1091
"2018-08-12 10:44:44",1091
"2018-08-12 11:44:45",1091
"2018-08-12 12:44:46",1091
"2018-08-12 13:44:47",1091
"2018-08-12 14:44:46",1091
"2018-08-12 15:44:48",1091
"2018-08-12 16:44:47",1091
"2018-08-12 17:44:46",1091
"2018-08-12 18:44:46",1091
"2018-08-12 19:44:46",1091
"2018-08-12 20:44:47",1091
"2018-08-12 21:44:46",1091
"2018-08-12 22:44:46",1091
"2018-08-12 23:44:46",1091
"2018-08-13 00:44:45",1091
"2018-08-13 01:44:46",1091
"2018-08-13 02:44:47",1091
"2018-08-13 03:44:46",1091
"2018-08-13 04:44:47",1091
"2018-08-13 05:44:45",1091
"2018-08-13 06:44:46",1091
"2018-08-13 07:44:46",1091
"2018-08-13 08:44:47",1091
"2018-08-13 09:44:47",1091
"2018-08-13 10:44:45",1091
"2018-08-13 11:44:45",1091
"2018-08-13 12:44:46",1091
"2018-08-13 13:44:49",1091
"2018-08-13 14:44:48",1097
"2018-08-13 15:44:49",1097
"2018-08-13 16:44:48",1097
"2018-08-13 17:44:46",1096
"2018-08-13 18:44:46",1094
"2018-08-13 19:44:48",1094
"2018-08-13 20:44:47",1094
"2018-08-13 21:44:47",1094
"2018-08-13 22:44:45",1094
"2018-08-13 23:44:46",1094
"2018-08-14 00:44:47",1094
"2018-08-14 01:44:48",1094
"2018-08-14 02:44:46",1094
"2018-08-14 03:44:46",1094
"2018-08-14 04:44:47",1094
"2018-08-14 05:44:46",1094
"2018-08-14 06:44:47",1094
"2018-08-14 07:44:47",1094
"2018-08-14 08:44:47",1094
"2018-08-14 09:44:46",1094
"2018-08-14 10:44:47",1094
"2018-08-14 11:44:45",1094
"2018-08-14 12:44:46",1094
"2018-08-14 13:44:48",1094
"2018-08-14 14:44:47",1090
"2018-08-14 15:44:48",1090
"2018-08-14 16:44:46",1091
"2018-08-14 17:44:45",1091
"2018-08-14 18:44:46",1092
"2018-08-14 19:44:47",1093
"2018-08-14 20:44:46",1092
"2018-08-14 21:44:46",1092
"2018-08-14 22:44:46",1092
"2018-08-14 23:44:45",1092
"2018-08-15 00:44:46",1092
"2018-08-15 01:44:47",1092
"2018-08-15 02:44:47",1092
"2018-08-15 03:44:47",1092
"2018-08-15 04:44:46",1092
"2018-08-15 05:44:45",1092
"2018-08-15 06:44:47",1092
"2018-08-15 07:44:45",1092
"2018-08-15 08:44:46",1092
"2018-08-15 09:44:46",1092
"2018-08-15 10:44:47",1092
"2018-08-15 11:44:46",1092
"2018-08-15 12:44:45",1092
"2018-08-15 14:10:22",1092
"2018-08-15 14:44:47",1092
"2018-08-15 15:44:48",1091
"2018-08-15 16:44:49",1090
"2018-08-15 17:44:45",1090
"2018-08-15 18:44:45",1090
"2018-08-15 19:44:46",1089
"2018-08-15 20:44:45",1090
"2018-08-15 21:44:45",1090
"2018-08-15 22:44:45",1090
"2018-08-15 23:44:46",1090
"2018-08-16 00:44:47",1090
"2018-08-16 01:44:46",1090
"2018-08-16 02:44:48",1090
"2018-08-16 03:44:47",1090
"2018-08-16 04:44:46",1090
"2018-08-16 05:44:46",1090
"2018-08-16 06:44:45",1090
"2018-08-16 07:44:46",1090
"2018-08-16 08:44:46",1090
"2018-08-16 09:44:45",1090
"2018-08-16 10:44:45",1090
"2018-08-16 11:44:45",1090
"2018-08-16 12:44:45",1090
"2018-08-16 13:44:50",1090
"2018-08-16 14:44:47",1091
"2018-08-16 15:44:48",1093
"2018-08-16 16:44:46",1092
"2018-08-16 17:44:46",1092
"2018-08-16 18:44:45",1092
"2018-08-16 19:44:48",1092
"2018-08-16 20:44:46",1092
"2018-08-16 21:44:46",1092
"2018-08-16 22:44:45",1092
"2018-08-16 23:44:45",1092
"2018-08-17 00:44:45",1092
"2018-08-17 01:44:45",1092
"2018-08-17 02:44:47",1092
"2018-08-17 03:44:46",1092
"2018-08-17 04:44:47",1092
"2018-08-17 05:44:45",1092
"2018-08-17 06:44:44",1092
"2018-08-17 07:44:44",1092
"2018-08-17 08:44:46",1092
"2018-08-17 09:44:45",1092
"2018-08-17 10:44:45",1092
"2018-08-17 11:44:44",1092
"2018-08-17 12:44:44",1092
"2018-08-17 13:44:49",1092
"2018-08-17 14:44:48",1093
"2018-08-17 15:44:48",1093
"2018-08-17 16:44:45",1092
"2018-08-17 17:44:45",1092
"2018-08-17 18:44:46",1092
"2018-08-17 19:44:46",1091
"2018-08-17 20:46:14",1089
"2018-08-17 21:44:45",1090
"2018-08-17 22:44:45",1090
"2018-08-17 23:44:44",1090
"2018-08-18 00:44:46",1090
"2018-08-18 01:44:46",1090
"2018-08-18 02:44:46",1090
"2018-08-18 03:44:46",1090
"2018-08-18 04:44:45",1090
"2018-08-18 05:44:45",1090
"2018-08-18 06:44:46",1090
"2018-08-18 07:44:45",1090
"2018-08-18 08:44:45",1090
"2018-08-18 09:44:45",1090
"2018-08-18 10:44:43",1090
"2018-08-18 11:44:44",1090
"2018-08-18 12:44:47",1090
"2018-08-18 13:44:47",1090
"2018-08-18 14:44:46",1090
"2018-08-18 15:44:46",1090
"2018-08-18 16:44:46",1090
"2018-08-18 17:44:46",1090
"2018-08-18 18:44:45",1090
"2018-08-18 19:44:45",1090
"2018-08-18 20:44:46",1090
"2018-08-18 21:44:45",1090
"2018-08-18 22:44:44",1090
"2018-08-18 23:44:44",1090
"2018-08-19 00:44:45",1090
"2018-08-19 01:44:45",1090
"2018-08-19 02:44:45",1090
"2018-08-19 03:44:44",1090
"2018-08-19 04:44:45",1090
"2018-08-19 05:44:45",1090
"2018-08-19 06:44:45",1090
"2018-08-19 07:44:45",1090
"2018-08-19 08:44:45",1090
"2018-08-19 09:44:44",1090
"2018-08-19 10:44:44",1090
"2018-08-19 11:44:44",1090
"2018-08-19 12:44:45",1090
"2018-08-19 13:44:45",1090
"2018-08-19 14:44:44",1090
"2018-08-19 15:44:46",1090
"2018-08-19 16:44:44",1090
"2018-08-19 17:44:46",1090
"2018-08-19 18:44:46",1090
"2018-08-19 19:44:45",1090
"2018-08-19 20:44:47",1090
"2018-08-19 21:44:48",1090
"2018-08-19 22:44:46",1090
"2018-08-19 23:44:45",1090
"2018-08-20 00:44:46",1089
"2018-08-20 01:44:46",1089
"2018-08-20 02:44:45",1089
"2018-08-20 03:44:44",1089
"2018-08-20 04:44:45",1089
"2018-08-20 05:44:45",1089
"2018-08-20 06:44:45",1089
"2018-08-20 07:44:45",1089
"2018-08-20 08:44:49",1089
"2018-08-20 09:44:44",1089
"2018-08-20 10:44:45",1089
"2018-08-20 11:44:46",1089
"2018-08-20 12:44:44",1089
"2018-08-20 13:44:51",1089
"2018-08-20 14:44:50",1087
"2018-08-20 15:44:48",1087
"2018-08-20 16:44:48",1087
"2018-08-20 17:44:45",1088
"2018-08-20 18:44:46",1088
"2018-08-20 19:44:46",1086
"2018-08-20 20:44:45",1086
"2018-08-20 21:44:44",1086
"2018-08-20 22:44:45",1086
"2018-08-20 23:44:44",1086
"2018-08-21 00:44:46",1086
"2018-08-21 01:44:46",1086
"2018-08-21 02:44:46",1086
"2018-08-21 03:44:46",1086
"2018-08-21 04:44:46",1086
"2018-08-21 05:44:44",1086
"2018-08-21 06:44:45",1086
"2018-08-21 07:44:44",1086
"2018-08-21 08:44:45",1086
"2018-08-21 09:44:45",1086
"2018-08-21 10:44:46",1086
"2018-08-21 11:44:45",1086
"2018-08-21 12:44:45",1086
"2018-08-21 13:44:51",1086
"2018-08-21 14:44:47",1088
"2018-08-21 15:44:46",1088
"2018-08-21 16:44:45",1088
"2018-08-21 17:44:44",1090
"2018-08-21 18:44:45",1090
"2018-08-21 19:44:46",1089
"2018-08-21 20:44:45",1091
"2018-08-21 21:44:43",1091
"2018-08-21 22:44:45",1091
"2018-08-21 23:44:45",1091
"2018-08-22 00:44:45",1091
"2018-08-22 01:44:45",1091
"2018-08-22 02:44:45",1091
"2018-08-22 03:44:45",1091
"2018-08-22 04:44:45",1091
"2018-08-22 05:44:44",1091
"2018-08-22 06:44:44",1091
"2018-08-22 07:44:44",1091
"2018-08-22 08:44:44",1091
"2018-08-22 09:44:44",1091
"2018-08-22 10:44:44",1091
"2018-08-22 11:44:45",1091
"2018-08-22 12:44:43",1091
"2018-08-22 13:44:52",1092
"2018-08-22 14:44:45",1090
"2018-08-22 15:44:45",1091
"2018-08-22 16:44:45",1088
"2018-08-22 17:44:44",1088
"2018-08-22 18:44:45",1089
"2018-08-22 19:44:45",1088
"2018-08-22 20:44:43",1088
"2018-08-22 21:44:43",1088
"2018-08-22 22:44:44",1088
"2018-08-22 23:44:44",1088
"2018-08-23 00:44:45",1088
"2018-08-23 01:44:46",1088
"2018-08-23 02:44:45",1088
"2018-08-23 03:44:45",1088
"2018-08-23 04:44:45",1088
"2018-08-23 05:44:45",1088
"2018-08-23 06:44:44",1088
"2018-08-23 07:44:44",1088
"2018-08-23 08:44:44",1088
"2018-08-23 09:44:44",1088
"2018-08-23 10:44:44",1088
"2018-08-23 11:44:44",1088
"2018-08-23 12:44:45",1088
"2018-08-23 13:44:51",1088
"2018-08-23 14:44:45",1088
"2018-08-23 15:44:46",1084
"2018-08-23 16:44:47",1084
"2018-08-23 17:44:44",1081
"2018-08-23 18:44:46",1082
"2018-08-23 19:44:46",1082
"2018-08-23 20:44:46",1081
"2018-08-23 21:44:44",1081
"2018-08-23 22:44:45",1082
"2018-08-23 23:44:44",1082
"2018-08-24 00:44:45",1082
"2018-08-24 01:44:46",1082
"2018-08-24 02:44:45",1082
"2018-08-24 03:44:44",1082
"2018-08-24 20:03:06",1081
"2018-08-24 20:44:46",1081
"2018-08-24 21:44:46",1081
"2018-08-24 22:44:46",1081
"2018-08-24 23:44:45",1081
"2018-08-25 00:44:46",1081
"2018-08-25 01:44:46",1081
"2018-08-25 02:44:46",1081
"2018-08-25 03:44:46",1081
"2018-08-25 04:44:45",1081
"2018-08-25 05:44:46",1081
"2018-08-25 06:44:45",1081
"2018-08-25 07:44:44",1081
"2018-08-25 08:44:44",1081
"2018-08-25 09:44:43",1081
"2018-08-25 10:44:45",1080
"2018-08-25 11:44:44",1080
"2018-08-25 12:44:44",1080
"2018-08-25 13:44:46",1080
"2018-08-25 14:44:46",1080
"2018-08-25 15:44:45",1080
"2018-08-25 16:44:44",1080
"2018-08-25 17:44:46",1080
"2018-08-25 18:44:45",1080
"2018-08-25 19:44:44",1080
"2018-08-25 20:44:45",1080
"2018-08-25 21:44:45",1080
"2018-08-25 22:44:45",1080
"2018-08-25 23:44:45",1080
"2018-08-26 00:44:45",1080
"2018-08-26 01:44:45",1080
"2018-08-26 02:44:47",1080
"2018-08-26 03:44:44",1080
"2018-08-26 04:44:44",1080
"2018-08-26 05:44:43",1080
"2018-08-26 06:44:44",1080
"2018-08-26 07:44:44",1080
"2018-08-26 08:44:43",1080
"2018-08-26 09:44:43",1080
"2018-08-26 10:44:44",1080
"2018-08-26 11:44:44",1080
"2018-08-26 12:44:45",1080
"2018-08-26 13:44:45",1080
"2018-08-26 14:44:44",1080
"2018-08-26 15:44:44",1080
"2018-08-26 16:44:45",1080
"2018-08-26 17:44:44",1080
"2018-08-26 18:44:44",1080
"2018-08-26 19:44:45",1080
"2018-08-26 20:44:45",1080
"2018-08-26 21:44:44",1080
"2018-08-26 22:44:45",1080
"2018-08-26 23:44:44",1080
"2018-08-27 00:44:45",1080
"2018-08-27 01:44:45",1080
"2018-08-27 02:44:44",1080
"2018-08-27 03:44:44",1080
"2018-08-27 04:44:45",1080
"2018-08-27 05:44:45",1080
"2018-08-27 06:44:45",1080
"2018-08-27 07:44:44",1080
"2018-08-27 08:44:45",1080
"2018-08-27 09:44:44",1080
"2018-08-27 10:44:44",1080
"2018-08-27 11:44:43",1080
"2018-08-27 12:44:44",1080
"2018-08-27 14:08:51",1075
"2018-08-27 14:44:47",1075
"2018-08-27 15:44:46",1074
"2018-08-27 16:44:47",1076
"2018-08-27 17:44:46",1075
"2018-08-27 18:44:45",1075
"2018-08-27 19:44:47",1075
"2018-08-27 20:44:45",1074
"2018-08-27 21:44:45",1074
"2018-08-27 22:44:45",1074
"2018-08-27 23:44:44",1074
"2018-08-28 00:44:45",1074
"2018-08-28 01:44:46",1074
"2018-08-28 02:44:44",1074
"2018-08-28 03:44:44",1074
"2018-08-28 04:44:46",1074
"2018-08-28 05:44:44",1074
"2018-08-28 06:44:45",1074
"2018-08-28 07:44:44",1074
"2018-08-28 08:44:43",1074
"2018-08-28 09:44:44",1074
"2018-08-28 10:44:45",1074
"2018-08-28 11:44:45",1074
"2018-08-28 12:44:45",1074
"2018-08-28 13:45:04",1074
"2018-08-28 14:44:58",1073
"2018-08-28 15:44:59",1074
"2018-08-28 16:44:59",1073
"2018-08-28 17:44:59",1072
"2018-08-28 18:45:01",1072
"2018-08-28 19:44:58",1072
"2018-08-28 20:44:58",1071
"2018-08-28 21:44:57",1070
"2018-08-28 22:44:58",1069
"2018-08-28 23:44:57",1069
"2018-08-29 00:44:59",1069
"2018-08-29 01:44:59",1069
"2018-08-29 02:44:57",1069
"2018-08-29 03:44:58",1069
"2018-08-29 04:44:58",1069
"2018-08-29 05:44:57",1069
"2018-08-29 06:44:56",1069
"2018-08-29 07:44:57",1069
"2018-08-29 08:44:57",1069
"2018-08-29 09:44:56",1069
"2018-08-29 10:44:56",1069
"2018-08-29 11:44:56",1069
"2018-08-29 12:44:57",1069
"2018-08-29 14:08:37",1069
"2018-08-29 14:45:01",1069
"2018-08-29 15:44:59",1069
"2018-08-29 16:44:58",1071
"2018-08-29 17:45:01",1070
"2018-08-29 18:45:02",1071
"2018-08-29 19:44:59",1070
"2018-08-29 20:44:57",1069
"2018-08-29 21:44:57",1070
"2018-08-29 22:44:56",1070
"2018-08-29 23:44:57",1070
"2018-08-30 00:45:43",1070
"2018-08-30 01:45:42",1070
"2018-08-30 02:44:58",1070
"2018-08-30 03:44:58",1070
"2018-08-30 04:44:57",1070
"2018-08-30 05:44:58",1070
"2018-08-30 06:44:57",1070
"2018-08-30 07:44:57",1070
"2018-08-30 08:45:02",1070
"2018-08-30 09:44:57",1070
"2018-08-30 10:44:58",1070
"2018-08-30 11:44:57",1070
"2018-08-30 12:44:56",1070
"2018-08-30 13:45:06",1070
"2018-08-30 14:44:59",1071
"2018-08-30 15:44:57",1071
"2018-08-30 16:44:59",1073
"2018-08-30 17:44:58",1074
"2018-08-30 18:45:00",1074
"2018-08-30 19:44:59",1074
"2018-08-30 20:44:56",1074
"2018-08-30 21:44:57",1074
"2018-08-30 22:44:56",1074
"2018-08-30 23:44:57",1074
"2018-08-31 00:45:02",1074
"2018-08-31 01:44:57",1074
"2018-08-31 02:44:57",1074
"2018-08-31 03:44:57",1074
"2018-08-31 04:44:57",1074
"2018-08-31 05:44:58",1074
"2018-08-31 06:44:58",1074
"2018-08-31 07:44:57",1074
"2018-08-31 08:44:57",1074
"2018-08-31 09:44:58",1074
"2018-08-31 10:44:56",1074
"2018-08-31 11:44:58",1074
"2018-08-31 12:44:58",1074
"2018-08-31 13:45:03",1074
"2018-08-31 14:44:58",1074
"2018-08-31 15:44:59",1071
"2018-08-31 16:44:57",1072
"2018-08-31 17:44:59",1071
"2018-08-31 18:44:59",1069
"2018-08-31 19:44:58",1068
"2018-08-31 20:44:58",1066
"2018-08-31 21:44:56",1066
"2018-08-31 22:44:57",1066
"2018-08-31 23:44:56",1066
"2018-09-01 00:44:58",1066
"2018-09-01 01:44:58",1066
"2018-09-01 02:44:58",1066
"2018-09-01 03:44:57",1066
"2018-09-01 04:44:59",1066
"2018-09-01 05:44:58",1066
"2018-09-01 06:44:58",1066
"2018-09-01 07:44:58",1066
"2018-09-01 08:44:57",1066
"2018-09-01 09:44:57",1066
"2018-09-01 10:44:57",1066
"2018-09-01 11:44:57",1066
"2018-09-01 12:44:58",1066
"2018-09-01 13:44:59",1066
"2018-09-01 14:45:01",1066
"2018-09-01 15:44:58",1066
"2018-09-01 16:44:57",1066
"2018-09-01 17:44:56",1066
"2018-09-01 18:44:58",1066
"2018-09-01 19:44:57",1066
"2018-09-01 20:44:56",1066
"2018-09-01 21:44:57",1066
"2018-09-01 22:44:58",1066
"2018-09-01 23:44:57",1066
"2018-09-02 00:44:58",1066
"2018-09-02 01:44:58",1066
"2018-09-02 02:44:57",1066
"2018-09-02 03:44:59",1066
"2018-09-02 04:44:58",1066
"2018-09-02 05:44:57",1066
"2018-09-02 06:44:57",1066
"2018-09-02 07:44:56",1066
"2018-09-02 08:44:57",1066
"2018-09-02 09:44:56",1066
"2018-09-02 10:44:57",1066
"2018-09-02 11:44:57",1066
"2018-09-02 12:44:57",1066
"2018-09-02 13:44:58",1066
"2018-09-02 14:44:59",1066
"2018-09-02 15:44:58",1066
"2018-09-02 16:44:58",1066
"2018-09-02 17:44:58",1066
"2018-09-02 18:44:57",1066
"2018-09-02 19:44:57",1066
"2018-09-02 20:44:57",1066
"2018-09-02 21:44:58",1066
"2018-09-02 22:44:58",1066
"2018-09-02 23:44:58",1066
"2018-09-03 00:44:57",1066
"2018-09-03 01:44:58",1066
"2018-09-03 02:44:59",1066
"2018-09-03 03:44:57",1066
"2018-09-03 04:44:57",1066
"2018-09-03 05:44:57",1066
"2018-09-03 06:44:57",1066
"2018-09-03 07:44:57",1066
"2018-09-03 08:45:01",1066
"2018-09-03 09:44:57",1066
"2018-09-03 10:44:56",1066
"2018-09-03 11:44:58",1066
"2018-09-03 12:44:56",1066
"2018-09-03 13:44:58",1066
"2018-09-03 14:44:56",1066
"2018-09-03 15:44:56",1066
"2018-09-03 16:44:57",1066
"2018-09-03 17:44:57",1066
"2018-09-03 18:44:58",1066
"2018-09-03 19:44:56",1066
"2018-09-03 20:44:58",1066
"2018-09-03 21:44:56",1066
"2018-09-03 22:44:57",1066
"2018-09-03 23:44:56",1066
"2018-09-04 00:44:57",1066
"2018-09-04 01:44:58",1066
"2018-09-04 02:44:58",1066
"2018-09-04 03:44:58",1066
"2018-09-04 04:44:57",1066
"2018-09-04 05:44:57",1066
"2018-09-04 06:44:57",1066
"2018-09-04 07:44:59",1066
"2018-09-04 08:44:58",1066
"2018-09-04 09:44:56",1066
"2018-09-04 10:44:58",1066
"2018-09-04 11:44:56",1066
"2018-09-04 12:44:57",1066
"2018-09-04 13:45:06",1066
"2018-09-04 14:44:59",1063
"2018-09-04 15:44:59",1063
"2018-09-04 16:45:02",1063
"2018-09-04 17:44:59",1062
"2018-09-04 18:45:00",1064
"2018-09-04 19:45:01",1063
"2018-09-04 20:44:59",1064
"2018-09-04 21:44:57",1064
"2018-09-04 22:44:58",1064
"2018-09-04 23:44:57",1064
"2018-09-05 00:44:58",1064
"2018-09-05 01:44:58",1064
"2018-09-05 02:44:58",1064
"2018-09-05 03:44:56",1064
"2018-09-05 04:44:57",1064
"2018-09-05 05:44:58",1064
"2018-09-05 06:44:57",1064
"2018-09-05 07:44:58",1064
"2018-09-05 08:44:57",1064
"2018-09-05 09:44:57",1064
"2018-09-05 10:44:56",1064
"2018-09-05 11:45:00",1064
"2018-09-05 12:44:56",1064
"2018-09-05 13:45:10",1064
"2018-09-05 14:45:04",1057
"2018-09-05 15:44:59",1058
"2018-09-05 16:44:59",1056
"2018-09-05 17:45:00",1057
"2018-09-05 18:45:00",1057
"2018-09-05 19:44:59",1057
"2018-09-05 20:44:57",1057
"2018-09-05 21:44:56",1057
"2018-09-05 22:44:56",1057
"2018-09-05 23:44:58",1057
"2018-09-06 00:44:58",1057
"2018-09-06 01:44:57",1057
"2018-09-06 02:44:58",1057
"2018-09-06 03:44:58",1057
"2018-09-06 04:44:59",1057
"2018-09-06 05:44:59",1057
"2018-09-06 06:44:57",1057
"2018-09-06 07:44:56",1057
"2018-09-06 08:44:57",1057
"2018-09-06 09:44:57",1057
"2018-09-06 10:44:56",1057
"2018-09-06 11:44:58",1057
"2018-09-06 13:10:01",1057
"2018-09-06 13:45:06",1057
"2018-09-06 14:44:58",1059
"2018-09-06 15:44:59",1059
"2018-09-06 16:44:59",1059
"2018-09-06 17:44:58",1058
"2018-09-06 18:44:58",1059
"2018-09-06 19:44:58",1058
"2018-09-06 20:44:56",1058
"2018-09-06 21:44:56",1058
"2018-09-06 22:44:57",1058
"2018-09-06 23:44:58",1058
"2018-09-07 00:44:57",1058
"2018-09-07 01:44:58",1058
"2018-09-07 02:44:59",1058
"2018-09-07 03:44:57",1058
"2018-09-07 04:44:58",1058
"2018-09-07 05:45:02",1058
"2018-09-07 06:45:02",1058
"2018-09-07 08:45:01",1058
"2018-09-07 09:45:01",1058
"2018-09-07 10:45:01",1058
"2018-09-07 11:44:59",1058
"2018-09-07 12:44:57",1058
"2018-09-07 13:45:07",1058
"2018-09-07 14:44:58",1054
"2018-09-07 15:44:59",1054
"2018-09-07 16:45:00",1054
"2018-09-07 17:44:59",1055
"2018-09-07 18:45:03",1055
"2018-09-07 19:44:58",1054
"2018-09-07 20:44:57",1056
"2018-09-07 21:44:56",1057
"2018-09-07 22:44:56",1057
"2018-09-07 23:44:57",1057
"2018-09-08 00:44:57",1057
"2018-09-08 01:44:57",1057
"2018-09-08 02:44:58",1057
"2018-09-08 03:44:58",1057
"2018-09-08 04:44:57",1057
"2018-09-08 05:44:58",1057
"2018-09-08 06:44:57",1057
"2018-09-08 07:44:56",1057
"2018-09-08 08:44:57",1057
"2018-09-08 09:44:56",1057
"2018-09-08 10:44:56",1057
"2018-09-08 11:44:57",1057
"2018-09-08 12:44:57",1057
"2018-09-08 13:44:58",1057
"2018-09-08 14:44:56",1057
"2018-09-08 15:44:58",1057
"2018-09-08 16:44:57",1057
"2018-09-08 17:44:57",1057
"2018-09-08 18:44:57",1057
"2018-09-08 19:44:58",1057
"2018-09-08 20:44:57",1057
"2018-09-08 21:44:57",1057
"2018-09-08 22:44:58",1057
"2018-09-08 23:44:59",1057
"2018-09-09 00:44:56",1057
"2018-09-09 01:44:59",1057
"2018-09-09 02:44:58",1057
"2018-09-09 03:44:57",1057
"2018-09-09 04:44:57",1057
"2018-09-09 05:44:57",1057
"2018-09-09 06:44:57",1057
"2018-09-09 07:44:57",1057
"2018-09-09 08:44:58",1057
"2018-09-09 09:44:57",1057
"2018-09-09 10:44:57",1057
"2018-09-09 11:44:58",1057
"2018-09-09 12:44:57",1057
"2018-09-09 13:44:58",1057
"2018-09-09 14:44:58",1057
"2018-09-09 15:44:57",1057
"2018-09-09 16:44:57",1057
"2018-09-09 17:44:58",1057
"2018-09-09 18:44:58",1057
"2018-09-09 19:44:58",1057
"2018-09-09 20:44:57",1057
"2018-09-09 21:44:58",1057
"2018-09-09 22:44:57",1057
"2018-09-09 23:44:57",1057
"2018-09-10 00:44:58",1057
"2018-09-10 01:44:59",1057
"2018-09-10 02:44:59",1057
"2018-09-10 03:44:58",1057
"2018-09-10 04:44:58",1057
"2018-09-10 05:44:56",1057
"2018-09-10 06:44:56",1057
"2018-09-10 07:44:56",1057
"2018-09-10 08:44:56",1057
"2018-09-10 09:44:57",1057
"2018-09-10 10:44:57",1057
"2018-09-10 11:44:57",1057
"2018-09-10 12:44:57",1057
"2018-09-10 13:45:03",1057
"2018-09-10 14:44:59",1057
"2018-09-10 15:45:00",1061
"2018-09-10 16:45:00",1061
"2018-09-10 17:44:58",1062
"2018-09-10 18:45:00",1061
"2018-09-10 19:44:58",1062
"2018-09-10 20:44:57",1062
"2018-09-10 21:44:56",1062
"2018-09-10 22:44:57",1062
"2018-09-10 23:44:57",1062
"2018-09-11 00:44:58",1062
"2018-09-11 01:44:58",1062
"2018-09-11 02:44:59",1062
"2018-09-11 03:44:58",1062
"2018-09-11 04:44:57",1062
"2018-09-11 05:44:59",1062
"2018-09-11 06:44:58",1062
"2018-09-11 07:44:57",1062
"2018-09-11 08:44:57",1062
"2018-09-11 09:44:57",1062
"2018-09-11 10:44:57",1062
"2018-09-11 11:44:56",1062
"2018-09-11 12:44:57",1062
"2018-09-11 13:45:04",1062
"2018-09-11 14:44:59",1058
"2018-09-11 15:44:58",1059
"2018-09-11 16:44:58",1062
"2018-09-11 17:44:59",1065
"2018-09-11 18:44:59",1066
"2018-09-11 19:44:59",1065
"2018-09-11 20:44:56",1065
"2018-09-11 21:44:56",1065
"2018-09-11 22:44:56",1065
"2018-09-11 23:44:57",1065
"2018-09-12 00:44:58",1065
"2018-09-12 01:45:00",1065
"2018-09-12 20:45:03",1068
"2018-09-12 21:44:58",1068
"2018-09-12 22:44:57",1068
"2018-09-12 23:44:58",1068
"2018-09-13 00:44:58",1068
"2018-09-13 01:44:59",1068
"2018-09-13 02:45:03",1068
"2018-09-13 03:44:59",1068
"2018-09-13 04:44:58",1068
"2018-09-13 05:44:59",1068
"2018-09-13 06:45:04",1068
"2018-09-13 07:44:58",1068
"2018-09-13 08:44:59",1068
"2018-09-13 09:44:57",1068
"2018-09-13 10:44:58",1068
"2018-09-13 11:44:58",1068
"2018-09-13 12:44:58",1068
"2018-09-13 14:45:00",1071
"2018-09-13 15:45:01",1071
"2018-09-13 16:45:05",1071
"2018-09-13 17:44:59",1070
"2018-09-13 18:45:00",1070
"2018-09-13 19:44:59",1068
"2018-09-13 20:44:58",1068
"2018-09-13 21:44:58",1068
"2018-09-13 22:44:58",1068
"2018-09-13 23:44:58",1068
"2018-09-14 00:44:59",1068
"2018-09-14 01:44:59",1068
"2018-09-14 02:44:59",1068
"2018-09-14 03:44:59",1068
"2018-09-14 04:44:59",1068
"2018-09-14 05:44:59",1068
"2018-09-14 06:44:57",1068
"2018-09-14 07:45:06",1068
"2018-09-14 08:45:02",1068
"2018-09-14 09:45:00",1068
"2018-09-14 10:44:58",1068
"2018-09-14 11:44:57",1068
"2018-09-14 12:45:02",1068
"2018-09-14 13:45:08",1068
"2018-09-14 14:45:03",1068
"2018-09-14 15:45:05",1067
"2018-09-14 16:45:01",1069
"2018-09-14 17:45:02",1071
"2018-09-14 18:45:00",1071
"2018-09-14 19:45:00",1071
"2018-09-14 20:44:58",1070
"2018-09-14 21:44:58",1070
"2018-09-14 22:44:58",1070
"2018-09-14 23:44:58",1070
"2018-09-15 00:44:59",1070
"2018-09-15 01:44:59",1070
"2018-09-15 02:45:00",1070
"2018-09-15 03:44:58",1070
"2018-09-15 04:44:58",1070
"2018-09-15 05:44:58",1070
"2018-09-15 06:44:57",1070
"2018-09-15 07:44:58",1070
"2018-09-15 08:44:57",1070
"2018-09-15 09:44:58",1070
"2018-09-15 10:44:57",1070
"2018-09-15 11:44:57",1070
"2018-09-15 12:45:00",1070
"2018-09-15 13:44:59",1070
"2018-09-15 14:44:57",1070
"2018-09-15 15:44:58",1070
"2018-09-15 16:44:58",1070
"2018-09-15 17:44:57",1070
"2018-09-15 18:44:57",1070
"2018-09-15 19:44:58",1070
"2018-09-15 20:44:59",1070
"2018-09-15 21:44:57",1070
"2018-09-15 22:44:57",1070
"2018-09-15 23:44:57",1070
"2018-09-16 00:44:58",1070
"2018-09-16 01:44:58",1070
"2018-09-16 02:44:59",1070
"2018-09-16 03:44:58",1070
"2018-09-16 04:44:59",1070
"2018-09-16 05:44:58",1070
"2018-09-16 06:44:59",1070
"2018-09-16 07:44:57",1070
"2018-09-16 08:44:58",1070
"2018-09-16 09:44:58",1070
"2018-09-16 10:44:57",1070
"2018-09-16 11:44:58",1070
"2018-09-16 12:44:58",1070
"2018-09-16 13:44:58",1070
"2018-09-16 14:44:58",1070
"2018-09-16 15:44:59",1070
"2018-09-16 16:44:59",1070
"2018-09-16 17:44:58",1070
"2018-09-16 18:44:59",1070
"2018-09-16 19:44:57",1070
"2018-09-16 20:44:58",1070
"2018-09-16 21:44:58",1070
"2018-09-16 22:44:58",1070
"2018-09-16 23:44:58",1070
"2018-09-17 00:44:59",1070
"2018-09-17 01:44:59",1070
"2018-09-17 02:44:58",1070
"2018-09-17 03:44:58",1070
"2018-09-17 04:44:59",1070
"2018-09-17 05:44:57",1070
"2018-09-17 06:44:57",1070
"2018-09-17 07:44:59",1070
"2018-09-17 08:44:59",1070
"2018-09-17 09:44:58",1070
"2018-09-17 10:44:58",1070
"2018-09-17 11:44:58",1070
"2018-09-17 12:44:57",1070
"2018-09-17 13:45:05",1070
"2018-09-17 14:45:00",1070
"2018-09-17 15:45:05",1072
"2018-09-17 16:45:00",1073
"2018-09-17 17:44:58",1074
"2018-09-17 18:44:58",1074
"2018-09-17 19:44:59",1074
"2018-09-17 20:44:58",1073
"2018-09-17 21:44:58",1073
"2018-09-17 22:44:57",1072
"2018-09-17 23:44:58",1072
"2018-09-18 00:44:58",1072
"2018-09-18 01:44:58",1072
"2018-09-18 02:44:58",1072
"2018-09-18 03:44:58",1072
"2018-09-18 04:45:00",1072
"2018-09-18 05:44:58",1072
"2018-09-18 06:44:58",1072
"2018-09-18 07:44:57",1072
"2018-09-18 08:44:58",1072
"2018-09-18 09:44:57",1072
"2018-09-18 10:44:57",1072
"2018-09-18 11:44:57",1072
"2018-09-18 12:44:58",1072
"2018-09-18 13:45:03",1072
"2018-09-18 14:45:02",1072
"2018-09-18 15:44:58",1072
"2018-09-18 16:45:00",1074
"2018-09-18 17:45:01",1074
"2018-09-18 18:45:05",1075
"2018-09-18 19:45:04",1076
"2018-09-18 20:44:58",1077
"2018-09-18 21:44:57",1077
"2018-09-18 22:44:58",1077
"2018-09-18 23:44:58",1077
"2018-09-19 00:45:00",1077
"2018-09-19 01:44:59",1077
"2018-09-19 02:45:00",1077
"2018-09-19 03:44:59",1077
"2018-09-19 04:44:58",1077
"2018-09-19 05:44:58",1077
"2018-09-19 06:44:59",1077
"2018-09-19 07:44:58",1077
"2018-09-19 08:44:58",1077
"2018-09-19 09:44:58",1077
"2018-09-19 10:44:57",1077
"2018-09-19 11:44:57",1077
"2018-09-19 12:44:58",1077
"2018-09-19 13:46:11",1077
"2018-09-19 14:45:06",1075
"2018-09-19 15:45:05",1075
"2018-09-19 16:45:00",1075
"2018-09-19 17:45:00",1075
"2018-09-19 18:44:59",1076
"2018-09-19 19:45:10",1076
"2018-09-19 20:44:58",1077
"2018-09-19 21:44:59",1077
"2018-09-19 22:44:57",1078
"2018-09-19 23:44:59",1078
"2018-09-20 00:44:58",1078
"2018-09-20 01:45:03",1078
"2018-09-20 02:45:01",1078
"2018-09-20 03:45:03",1078
"2018-09-20 04:44:59",1078
"2018-09-20 05:44:59",1078
"2018-09-20 06:44:59",1078
"2018-09-20 07:44:57",1078
"2018-09-20 08:45:03",1078
"2018-09-20 09:45:44",1078
"2018-09-20 10:44:58",1078
"2018-09-20 11:44:58",1078
"2018-09-20 13:11:06",1078
"2018-09-20 14:45:07",1078
"2018-09-20 15:45:03",1080
"2018-09-20 16:45:01",1079
"2018-09-20 17:45:01",1079
"2018-09-20 18:45:01",1079
"2018-09-20 19:45:02",1079
"2018-09-20 20:45:01",1080
"2018-09-20 21:44:59",1080
"2018-09-20 22:44:58",1080
"2018-09-20 23:44:59",1080
"2018-09-21 00:45:01",1080
"2018-09-21 01:45:00",1080
"2018-09-21 02:45:01",1080
"2018-09-21 03:45:00",1080
"2018-09-21 04:45:02",1080
"2018-09-21 06:44:59",1080
"2018-09-21 07:45:00",1080
"2018-09-21 08:45:00",1080
"2018-09-21 09:45:00",1080
"2018-09-21 10:44:57",1080
"2018-09-21 11:44:59",1080
"2018-09-21 13:12:33",1080
"2018-09-21 13:45:09",1080
"2018-09-21 14:45:01",1082
"2018-09-21 15:45:02",1085
"2018-09-21 16:45:02",1087
"2018-09-21 17:45:01",1087
"2018-09-21 18:45:31",1087
"2018-09-21 19:45:02",1087
"2018-09-21 20:44:59",1087
"2018-09-21 21:44:59",1087
"2018-09-21 22:44:58",1087
"2018-09-21 23:44:59",1087
"2018-09-22 00:44:59",1087
"2018-09-22 01:44:59",1087
"2018-09-22 02:44:59",1087
"2018-09-22 03:44:59",1087
"2018-09-22 04:45:00",1087
"2018-09-22 05:45:00",1087
"2018-09-22 06:44:59",1087
"2018-09-22 07:44:59",1087
"2018-09-22 08:44:58",1087
"2018-09-22 09:44:59",1087
"2018-09-22 10:44:59",1087
"2018-09-22 11:44:59",1087
"2018-09-22 12:44:59",1087
"2018-09-22 13:45:00",1087
"2018-09-22 14:45:01",1087
"2018-09-22 15:45:00",1087
"2018-09-22 16:45:00",1087
"2018-09-22 17:45:00",1087
"2018-09-22 18:44:59",1087
"2018-09-22 19:45:00",1087
"2018-09-22 20:45:00",1087
"2018-09-22 21:44:58",1087
"2018-09-22 22:44:59",1087
"2018-09-22 23:44:59",1087
"2018-09-23 00:45:00",1087
"2018-09-23 01:45:00",1087
"2018-09-23 02:44:59",1087
"2018-09-23 03:45:01",1087
"2018-09-23 04:45:01",1087
"2018-09-23 05:44:59",1087
"2018-09-23 06:44:58",1087
"2018-09-23 07:45:00",1087
"2018-09-23 08:44:58",1087
"2018-09-23 09:44:59",1087
"2018-09-23 10:44:59",1087
"2018-09-23 11:45:00",1087
"2018-09-23 12:44:59",1087
"2018-09-23 13:44:59",1087
"2018-09-23 14:45:00",1087
"2018-09-23 15:44:59",1087
"2018-09-23 16:45:00",1087
"2018-09-23 17:44:59",1087
"2018-09-23 18:45:00",1087
"2018-09-23 19:44:59",1087
"2018-09-23 20:44:58",1087
"2018-09-23 21:45:00",1087
"2018-09-23 22:45:00",1087
"2018-09-23 23:45:00",1087
"2018-09-24 00:44:59",1087
"2018-09-24 01:45:01",1087
"2018-09-24 02:45:00",1087
"2018-09-24 03:44:59",1087
"2018-09-24 04:45:01",1087
"2018-09-24 05:44:59",1087
"2018-09-24 06:44:59",1087
"2018-09-24 07:45:00",1087
"2018-09-24 08:44:59",1087
"2018-09-24 09:44:58",1087
"2018-09-24 10:44:58",1087
"2018-09-24 11:45:00",1087
"2018-09-24 12:44:59",1087
"2018-09-24 13:45:09",1087
"2018-09-24 14:45:02",1088
"2018-09-24 15:45:00",1084
"2018-09-24 16:44:59",1082
"2018-09-24 17:45:00",1081
"2018-09-24 18:45:01",1080
"2018-09-24 19:45:02",1079
"2018-09-24 20:45:00",1079
"2018-09-24 21:44:59",1079
"2018-09-24 22:44:59",1079
"2018-09-24 23:45:00",1079
"2018-09-25 00:45:00",1079
"2018-09-25 01:44:59",1079
"2018-09-25 02:44:58",1079
"2018-09-25 03:44:59",1079
"2018-09-25 04:45:02",1079
"2018-09-25 05:44:59",1079
"2018-09-25 06:45:00",1079
"2018-09-25 07:44:59",1079
"2018-09-25 08:44:59",1079
"2018-09-25 09:44:59",1079
"2018-09-25 10:44:59",1079
"2018-09-25 11:45:00",1079
"2018-09-25 12:45:00",1079
"2018-09-25 13:45:07",1079
"2018-09-25 14:45:04",1079
"2018-09-25 15:45:01",1077
"2018-09-25 16:45:02",1076
"2018-09-25 17:45:00",1077
"2018-09-25 18:45:02",1078
"2018-09-25 19:45:01",1077
"2018-09-25 20:45:00",1077
"2018-09-25 21:45:00",1077
"2018-09-25 22:45:00",1077
"2018-09-25 23:45:01",1077
"2018-09-26 00:45:03",1077
"2018-09-26 01:45:05",1077
"2018-09-26 02:45:04",1077
"2018-09-26 03:45:04",1077
"2018-09-26 04:45:01",1077
"2018-09-26 05:45:01",1077
"2018-09-26 06:45:00",1077
"2018-09-26 07:45:00",1077
"2018-09-26 08:45:01",1077
"2018-09-26 09:45:00",1077
"2018-09-26 10:44:59",1077
"2018-09-26 11:44:59",1077
"2018-09-26 13:11:36",1077
"2018-09-26 13:45:09",1077
"2018-09-26 14:45:02",1076
"2018-09-26 15:45:02",1077
"2018-09-26 16:45:03",1079
"2018-09-26 17:45:01",1077
"2018-09-26 18:45:03",1077
"2018-09-26 19:45:01",1079
"2018-09-26 20:45:00",1077
"2018-09-26 21:45:00",1077
"2018-09-26 22:44:59",1077
"2018-09-26 23:45:01",1077
"2018-09-27 00:45:02",1077
"2018-09-27 01:45:00",1077
"2018-09-27 02:45:02",1075
"2018-09-27 03:45:00",1075
"2018-09-27 04:45:00",1075
"2018-09-27 05:45:00",1075
"2018-09-27 06:45:00",1075
"2018-09-27 07:45:00",1075
"2018-09-27 08:44:59",1075
"2018-09-27 09:45:00",1075
"2018-09-27 10:45:00",1075
"2018-09-27 11:45:00",1075
"2018-09-27 12:45:00",1075
"2018-09-27 13:45:06",1076
"2018-09-27 14:45:02",1180
"2018-09-27 15:45:02",1220
"2018-09-27 17:10:45",1270
"2018-09-27 17:45:03",1270
"2018-09-27 18:45:07",1278
"2018-09-27 19:45:04",1290
"2018-09-27 20:45:02",1298
"2018-09-27 21:45:01",1302
"2018-09-27 22:45:00",1306
"2018-09-27 23:45:02",1306
"2018-09-28 00:45:04",1306
"2018-09-28 01:45:01",1306
"2018-09-28 02:45:00",1306
"2018-09-28 03:45:02",1306
"2018-09-28 04:45:01",1306
"2018-09-28 05:45:01",1306
"2018-09-28 06:45:01",1306
"2018-09-28 07:45:02",1306
"2018-09-28 08:45:00",1306
"2018-09-28 09:45:03",1306
"2018-09-28 10:45:02",1306
"2018-09-28 11:45:01",1306
"2018-09-28 12:45:01",1306
"2018-09-28 13:45:08",1306
"2018-09-28 14:45:04",1297
"2018-09-28 15:45:09",1281
"2018-09-28 16:45:05",1270
"2018-09-28 17:45:06",1258
"2018-09-28 18:45:05",1255
"2018-09-28 19:45:06",1254
"2018-09-28 20:45:02",1250
"2018-09-28 21:45:02",1251
"2018-09-28 22:45:02",1251
"2018-09-28 23:45:00",1251
"2018-09-29 00:45:00",1251
"2018-09-29 01:45:06",1251
"2018-09-29 02:45:08",1251
"2018-09-29 03:45:02",1251
"2018-09-29 04:45:01",1251
"2018-09-29 05:45:00",1251
"2018-09-29 06:44:59",1251
"2018-09-29 07:45:01",1251
"2018-09-29 08:45:01",1251
"2018-09-29 09:45:00",1251
"2018-09-29 10:45:01",1251
"2018-09-29 11:45:02",1251
"2018-09-29 12:45:01",1251
"2018-09-29 13:45:02",1251
"2018-09-29 14:45:02",1251
"2018-09-29 15:45:02",1251
"2018-09-29 16:45:01",1251
"2018-09-29 17:45:01",1251
"2018-09-29 18:45:02",1251
"2018-09-29 19:45:01",1251
"2018-09-29 20:45:01",1251
"2018-09-29 21:45:01",1251
"2018-09-29 22:45:00",1251
"2018-09-29 23:45:00",1251
"2018-09-30 00:45:01",1251
"2018-09-30 01:45:01",1251
"2018-09-30 02:44:59",1251
"2018-09-30 03:45:01",1251
"2018-09-30 04:45:00",1251
"2018-09-30 05:44:59",1251
"2018-09-30 06:44:59",1251
"2018-09-30 07:44:59",1251
"2018-09-30 08:44:59",1251
"2018-09-30 09:44:58",1251
"2018-09-30 10:44:59",1251
"2018-09-30 11:44:59",1251
"2018-09-30 12:45:00",1251
"2018-09-30 13:45:00",1251
"2018-09-30 14:44:59",1251
"2018-09-30 15:44:59",1251
"2018-09-30 16:45:00",1251
"2018-09-30 17:44:59",1251
"2018-09-30 18:44:59",1251
"2018-09-30 19:45:00",1251
"2018-09-30 20:44:59",1251
"2018-09-30 21:44:59",1251
"2018-09-30 22:45:01",1251
"2018-09-30 23:45:02",1251
"2018-10-01 00:45:03",1251
"2018-10-01 01:45:01",1251
"2018-10-01 02:45:03",1251
"2018-10-01 03:45:02",1251
"2018-10-01 04:45:01",1251
"2018-10-01 05:45:02",1251
"2018-10-01 06:45:01",1251
"2018-10-01 07:45:00",1251
"2018-10-01 08:45:02",1251
"2018-10-01 09:44:59",1252
"2018-10-01 10:44:59",1252
"2018-10-01 11:45:00",1252
"2018-10-01 12:45:00",1252
"2018-10-01 14:10:18",1228
"2018-10-01 14:45:04",1228
"2018-10-01 15:45:01",1213
"2018-10-01 16:45:01",1212
"2018-10-01 17:45:06",1206
"2018-10-01 18:45:01",1203
"2018-10-01 19:45:04",1199
"2018-10-01 20:45:00",1192
"2018-10-01 21:45:00",1190
"2018-10-01 22:44:59",1190
"2018-10-01 23:45:02",1190
"2018-10-02 00:45:06",1190
"2018-10-02 01:45:01",1190
"2018-10-02 02:45:01",1190
"2018-10-02 03:45:01",1190
"2018-10-02 04:45:01",1190
"2018-10-02 05:44:59",1190
"2018-10-02 06:45:00",1190
"2018-10-02 07:45:01",1190
"2018-10-02 08:44:59",1190
"2018-10-02 09:45:00",1190
"2018-10-02 10:44:59",1190
"2018-10-02 11:45:01",1190
"2018-10-02 12:44:59",1190
"2018-10-02 13:45:06",1189
"2018-10-02 14:45:34",1188
"2018-10-02 15:45:03",1185
"2018-10-02 16:45:02",1182
"2018-10-02 17:45:02",1180
"2018-10-02 18:45:02",1177
"2018-10-02 19:45:02",1178
"2018-10-02 20:45:01",1181
"2018-10-02 21:45:01",1180
"2018-10-02 22:45:00",1181
"2018-10-02 23:45:00",1181
"2018-10-03 00:45:00",1181
"2018-10-03 01:44:59",1181
"2018-10-03 02:45:32",1181
"2018-10-03 03:45:02",1181
"2018-10-03 04:45:05",1181
"2018-10-03 05:45:03",1181
"2018-10-03 06:45:00",1181
"2018-10-03 07:45:02",1181
"2018-10-03 08:45:02",1181
"2018-10-03 09:45:02",1181
"2018-10-03 10:45:02",1181
"2018-10-03 11:45:03",1181
"2018-10-03 12:45:02",1181
"2018-10-03 13:46:17",1181
"2018-10-03 15:10:11",1164
"2018-10-03 15:45:04",1164
"2018-10-03 16:45:05",1161
"2018-10-03 17:45:04",1158
"2018-10-03 18:45:04",1155
"2018-10-03 19:45:02",1155
"2018-10-03 20:45:01",1156
"2018-10-03 21:45:01",1156
"2018-10-03 22:45:03",1156
"2018-10-03 23:45:01",1156
"2018-10-04 00:46:08",1156
"2018-10-04 01:45:03",1156
"2018-10-04 02:45:01",1156
"2018-10-04 03:44:59",1156
"2018-10-04 04:45:00",1156
"2018-10-04 05:45:01",1156
"2018-10-04 06:44:59",1156
"2018-10-04 07:45:01",1156
"2018-10-04 08:44:59",1156
"2018-10-04 09:45:00",1156
"2018-10-04 10:44:59",1156
"2018-10-04 11:44:59",1156
"2018-10-04 12:45:01",1156
"2018-10-04 14:11:13",1159
"2018-10-04 14:45:03",1159
"2018-10-04 15:45:01",1155
"2018-10-04 16:45:05",1155
"2018-10-04 17:45:05",1157
"2018-10-04 18:45:03",1152
"2018-10-04 19:45:04",1156
"2018-10-04 20:45:02",1159
"2018-10-04 21:45:02",1162
"2018-10-04 22:45:01",1162
"2018-10-04 23:45:00",1162
"2018-10-05 00:45:01",1162
"2018-10-05 01:45:02",1162
"2018-10-05 02:45:01",1162
"2018-10-05 03:45:02",1162
"2018-10-05 04:45:02",1162
"2018-10-05 05:45:03",1162
"2018-10-05 06:45:01",1162
"2018-10-05 07:45:01",1162
"2018-10-05 08:45:00",1162
"2018-10-05 09:45:01",1162
"2018-10-05 10:45:01",1162
"2018-10-05 11:45:01",1162
"2018-10-05 12:45:01",1162
"2018-10-05 13:45:09",1162
"2018-10-05 14:45:03",1160
"2018-10-05 15:45:05",1163
"2018-10-05 16:45:08",1160
"2018-10-05 17:45:07",1159
"2018-10-05 18:45:06",1159
"2018-10-05 19:45:03",1161
"2018-10-05 20:45:01",1161
"2018-10-05 21:45:00",1161
"2018-10-05 22:45:01",1161
"2018-10-05 23:45:00",1161
"2018-10-06 00:45:02",1161
"2018-10-06 01:45:02",1161
"2018-10-06 02:45:03",1161
"2018-10-06 03:45:02",1161
"2018-10-06 04:45:02",1161
"2018-10-06 05:45:01",1161
"2018-10-06 06:45:02",1161
"2018-10-06 07:45:02",1161
"2018-10-06 08:45:01",1161
"2018-10-06 09:45:01",1161
"2018-10-06 10:45:02",1161
"2018-10-06 11:45:00",1161
"2018-10-06 12:45:01",1161
"2018-10-06 13:45:01",1161
"2018-10-06 14:45:02",1161
"2018-10-06 15:45:02",1161
"2018-10-06 16:45:01",1161
"2018-10-06 17:45:01",1161
"2018-10-06 18:45:02",1161
"2018-10-06 19:45:03",1161
"2018-10-06 20:45:01",1161
"2018-10-06 21:45:32",1161
"2018-10-06 22:45:01",1161
"2018-10-06 23:45:01",1161
"2018-10-07 00:45:01",1161
"2018-10-07 01:45:01",1161
"2018-10-07 02:45:02",1161
"2018-10-07 03:45:02",1161
"2018-10-07 04:45:01",1161
"2018-10-07 05:45:02",1161
"2018-10-07 06:45:02",1161
"2018-10-07 07:45:03",1161
"2018-10-07 08:45:00",1161
"2018-10-07 09:45:00",1161
"2018-10-07 10:45:01",1161
"2018-10-07 11:45:00",1161
"2018-10-07 12:45:01",1161
"2018-10-07 13:45:02",1161
"2018-10-07 14:45:03",1161
"2018-10-07 15:45:02",1161
"2018-10-07 16:45:02",1161
"2018-10-07 17:45:02",1161
"2018-10-07 18:45:02",1161
"2018-10-07 19:45:02",1161
"2018-10-07 20:45:02",1161
"2018-10-07 21:45:02",1161
"2018-10-07 22:45:02",1161
"2018-10-07 23:45:02",1161
"2018-10-08 00:45:00",1161
"2018-10-08 01:45:00",1161
"2018-10-08 02:45:03",1161
"2018-10-08 03:45:01",1161
"2018-10-08 04:45:00",1161
"2018-10-08 05:45:00",1161
"2018-10-08 06:45:02",1161
"2018-10-08 07:45:00",1161
"2018-10-08 08:45:00",1161
"2018-10-08 09:45:00",1161
"2018-10-08 10:45:00",1161
"2018-10-08 11:45:00",1161
"2018-10-08 12:45:00",1161
"2018-10-08 13:45:14",1161
"2018-10-08 14:45:06",1155
"2018-10-08 15:45:35",1152
"2018-10-08 16:45:05",1151
"2018-10-08 17:45:04",1153
"2018-10-08 18:45:03",1151
"2018-10-08 19:45:03",1150
"2018-10-08 20:45:01",1148
"2018-10-08 21:45:01",1148
"2018-10-08 22:44:59",1148
"2018-10-08 23:45:03",1148
"2018-10-09 00:45:00",1148
"2018-10-09 01:45:31",1148
"2018-10-09 02:45:00",1148
"2018-10-09 03:45:05",1148
"2018-10-09 04:44:59",1148
"2018-10-09 05:45:00",1148
"2018-10-09 06:45:00",1148
"2018-10-09 07:44:59",1148
"2018-10-09 08:44:59",1148
"2018-10-09 09:44:59",1148
"2018-10-09 10:44:59",1148
"2018-10-09 11:45:00",1148
"2018-10-09 12:45:00",1148
"2018-10-09 13:45:09",1148
"2018-10-09 14:45:06",1146
"2018-10-09 15:45:04",1147
"2018-10-09 16:45:00",1149
"2018-10-09 17:45:01",1147
"2018-10-09 18:45:01",1147
"2018-10-09 19:44:59",1146
"2018-10-09 21:44:58",1146
"2018-10-09 22:45:01",1145
"2018-10-09 23:44:59",1145
"2018-10-10 00:44:59",1145
"2018-10-10 01:45:00",1145
"2018-10-10 02:45:01",1145
"2018-10-10 03:45:08",1145
"2018-10-10 04:45:01",1145
"2018-10-10 05:45:00",1145
"2018-10-10 06:45:00",1145
"2018-10-10 07:45:00",1145
"2018-10-10 08:45:01",1145
"2018-10-10 09:45:00",1145
"2018-10-10 10:45:00",1145
"2018-10-10 11:44:59",1145
"2018-10-10 12:44:59",1145
"2018-10-10 13:45:07",1146
"2018-10-10 14:45:04",1144
"2018-10-10 15:45:05",1141
"2018-10-10 16:45:01",1142
"2018-10-10 17:45:01",1141
"2018-10-10 18:45:07",1140
"2018-10-10 19:45:09",1142
"2018-10-10 20:45:03",1141
"2018-10-10 21:45:00",1141
"2018-10-10 22:45:01",1141
"2018-10-10 23:45:01",1141
"2018-10-11 00:45:03",1141
"2018-10-11 01:45:01",1141
"2018-10-11 02:45:00",1141
"2018-10-11 03:44:59",1141
"2018-10-11 04:44:58",1141
"2018-10-11 05:44:58",1141
"2018-10-11 06:44:59",1141
"2018-10-11 07:44:58",1141
"2018-10-11 08:45:00",1141
"2018-10-11 09:45:00",1141
"2018-10-11 10:45:02",1141
"2018-10-11 11:44:59",1141
"2018-10-11 12:44:59",1141
"2018-10-11 13:45:08",1141
"2018-10-11 14:45:00",1131
"2018-10-11 15:45:02",1132
"2018-10-11 16:45:04",1130
"2018-10-11 17:45:02",1128
"2018-10-11 18:45:07",1128
"2018-10-11 19:45:03",1127
"2018-10-11 20:45:01",1126
"2018-10-11 21:45:01",1126
"2018-10-11 22:44:59",1126
"2018-10-11 23:45:02",1126
"2018-10-12 00:44:59",1126
"2018-10-12 01:45:00",1126
"2018-10-12 02:45:02",1126
"2018-10-12 03:45:00",1126
"2018-10-12 04:45:01",1126
"2018-10-12 05:44:59",1126
"2018-10-12 06:44:59",1126
"2018-10-12 07:44:59",1126
"2018-10-12 08:44:59",1126
"2018-10-12 09:45:00",1126
"2018-10-12 10:45:00",1125
"2018-10-12 11:45:00",1125
"2018-10-12 12:45:01",1125
"2018-10-12 13:45:09",1125
"2018-10-12 14:45:01",1127
"2018-10-12 15:45:03",1125
"2018-10-12 16:45:05",1126
"2018-10-12 17:45:00",1126
"2018-10-12 18:44:59",1126
"2018-10-12 19:45:02",1124
"2018-10-12 20:44:59",1126
"2018-10-12 21:45:00",1126
"2018-10-12 22:45:00",1126
"2018-10-12 23:44:59",1126
"2018-10-13 00:45:00",1126
"2018-10-13 01:45:01",1126
"2018-10-13 02:45:01",1126
"2018-10-13 03:45:01",1126
"2018-10-13 04:45:01",1126
"2018-10-13 05:44:59",1126
"2018-10-13 06:44:59",1126
"2018-10-13 07:45:01",1126
"2018-10-13 08:45:01",1126
"2018-10-13 09:45:00",1126
"2018-10-13 10:45:00",1126
"2018-10-13 11:44:58",1126
"2018-10-13 12:45:00",1126
"2018-10-13 13:45:00",1126
"2018-10-13 14:45:00",1126
"2018-10-13 15:45:00",1126
"2018-10-13 16:44:59",1126
"2018-10-13 17:45:00",1126
"2018-10-13 18:45:00",1126
"2018-10-13 19:45:00",1126
"2018-10-13 20:45:01",1126
"2018-10-13 21:45:00",1126
"2018-10-13 22:45:03",1126
"2018-10-13 23:45:01",1126
"2018-10-14 00:45:02",1126
"2018-10-14 01:45:00",1126
"2018-10-14 02:45:00",1126
"2018-10-14 03:45:00",1126
"2018-10-14 04:45:01",1126
"2018-10-14 05:44:59",1126
"2018-10-14 06:44:59",1126
"2018-10-14 07:45:00",1126
"2018-10-14 08:44:58",1126
"2018-10-14 09:44:59",1126
"2018-10-14 10:44:59",1126
"2018-10-14 11:45:00",1126
"2018-10-14 12:45:01",1126
"2018-10-14 13:44:59",1126
"2018-10-14 14:44:59",1126
"2018-10-14 15:45:00",1126
"2018-10-14 16:44:58",1126
"2018-10-14 17:44:59",1126
"2018-10-14 18:45:00",1126
"2018-10-14 19:45:00",1126
"2018-10-14 20:44:59",1126
"2018-10-14 21:45:01",1126
"2018-10-14 22:45:00",1126
"2018-10-14 23:45:00",1126
"2018-10-15 00:45:02",1126
"2018-10-15 01:45:00",1126
"2018-10-15 02:44:59",1126
"2018-10-15 03:45:01",1126
"2018-10-15 04:44:59",1126
"2018-10-15 05:45:00",1126
"2018-10-15 06:45:02",1126
"2018-10-15 07:45:01",1126
"2018-10-15 08:45:12",1126
"2018-10-15 09:44:59",1127
"2018-10-15 10:45:00",1127
"2018-10-15 11:44:59",1127
"2018-10-15 12:44:59",1127
"2018-10-15 13:45:06",1127
"2018-10-15 14:45:02",1125
"2018-10-15 15:45:03",1122
"2018-10-15 16:45:04",1121
"2018-10-15 17:45:03",1124
"2018-10-15 18:45:01",1123
"2018-10-15 19:45:03",1123
"2018-10-15 20:45:04",1124
"2018-10-15 21:45:04",1124
"2018-10-15 22:45:01",1124
"2018-10-15 23:45:02",1124
"2018-10-16 00:45:03",1124
"2018-10-16 01:45:05",1124
"2018-10-16 02:45:01",1124
"2018-10-16 03:45:01",1124
"2018-10-16 04:45:02",1124
"2018-10-16 09:44:59",1124
"2018-10-16 10:45:00",1124
"2018-10-16 11:44:59",1124
"2018-10-16 12:45:00",1124
"2018-10-16 13:45:08",1124
"2018-10-16 14:45:04",1126
"2018-10-16 15:45:05",1125
"2018-10-16 16:45:01",1123
"2018-10-16 17:45:06",1122
"2018-10-16 18:45:06",1121
"2018-10-16 19:45:05",1121
"2018-10-16 20:45:02",1119
"2018-10-16 21:45:01",1119
"2018-10-16 22:45:02",1119
"2018-10-16 23:45:02",1119
"2018-10-17 00:45:01",1119
"2018-10-17 01:45:02",1119
"2018-10-17 02:45:02",1119
"2018-10-17 03:45:01",1119
"2018-10-17 04:45:01",1119
"2018-10-17 05:45:02",1119
"2018-10-17 06:45:01",1119
"2018-10-17 07:45:01",1119
"2018-10-17 08:45:01",1119
"2018-10-17 09:45:01",1119
"2018-10-17 10:45:00",1119
"2018-10-17 11:45:00",1119
"2018-10-17 12:45:01",1119
"2018-10-17 14:11:08",1118
"2018-10-17 14:45:03",1118
"2018-10-17 15:45:05",1121
"2018-10-17 16:45:04",1121
"2018-10-17 17:45:05",1121
"2018-10-17 18:45:05",1121
"2018-10-17 19:45:04",1121
"2018-10-17 20:45:04",1122
"2018-10-17 21:45:03",1122
"2018-10-17 22:45:02",1123
"2018-10-17 23:45:02",1123
"2018-10-18 00:45:04",1123
"2018-10-18 01:45:03",1123
"2018-10-18 02:45:03",1123
"2018-10-18 03:45:04",1123
"2018-10-18 04:44:59",1123
"2018-10-18 05:45:00",1123
"2018-10-18 06:45:00",1123
"2018-10-18 07:45:00",1123
"2018-10-18 08:45:00",1123
"2018-10-18 09:44:59",1123
"2018-10-18 10:45:00",1123
"2018-10-18 11:44:58",1123
"2018-10-18 13:10:03",1123
"2018-10-18 13:45:05",1123
"2018-10-18 14:45:05",1126
"2018-10-18 15:45:06",1127
"2018-10-18 16:45:03",1130
"2018-10-18 17:45:02",1129
"2018-10-18 18:45:01",1128
"2018-10-18 19:45:01",1128
"2018-10-18 20:45:02",1128
"2018-10-18 21:45:02",1128
"2018-10-18 22:45:01",1128
"2018-10-18 23:45:00",1128
"2018-10-19 00:45:02",1128
"2018-10-19 01:45:03",1128
"2018-10-19 02:45:02",1128
"2018-10-19 03:45:02",1128
"2018-10-19 04:45:01",1128
"2018-10-19 05:44:59",1128
"2018-10-19 06:45:01",1128
"2018-10-19 07:45:02",1128
"2018-10-19 08:45:00",1128
"2018-10-19 09:45:00",1128
"2018-10-19 10:45:00",1128
"2018-10-19 11:45:00",1128
"2018-10-19 13:09:36",1128
"2018-10-19 13:45:07",1128
"2018-10-19 14:45:03",1131
"2018-10-19 15:45:04",1135
"2018-10-19 16:45:02",1135
"2018-10-19 17:45:01",1135
"2018-10-19 18:45:02",1136
"2018-10-19 19:45:03",1135
"2018-10-19 20:45:03",1135
"2018-10-19 21:45:01",1135
"2018-10-19 22:45:01",1135
"2018-10-19 23:45:30",1135
"2018-10-20 00:45:01",1135
"2018-10-20 01:45:03",1135
"2018-10-20 02:45:00",1135
"2018-10-20 03:45:00",1135
"2018-10-20 04:45:01",1135
"2018-10-20 05:45:02",1135
"2018-10-20 06:45:02",1135
"2018-10-20 07:44:59",1135
"2018-10-20 08:45:00",1135
"2018-10-20 09:45:00",1135
"2018-10-20 10:45:01",1135
"2018-10-20 11:45:00",1135
"2018-10-20 12:45:00",1135
"2018-10-20 13:45:02",1135
"2018-10-20 14:45:04",1135
"2018-10-20 15:45:03",1135
"2018-10-20 16:45:02",1135
"2018-10-20 17:45:01",1135
"2018-10-20 18:45:01",1135
"2018-10-20 19:45:01",1135
"2018-10-20 20:45:02",1135
"2018-10-20 21:45:03",1135
"2018-10-20 22:45:01",1135
"2018-10-20 23:45:01",1135
"2018-10-21 00:45:01",1135
"2018-10-21 01:45:02",1135
"2018-10-21 02:45:01",1135
"2018-10-21 03:45:02",1135
"2018-10-21 04:45:00",1135
"2018-10-21 05:45:01",1135
"2018-10-21 06:45:00",1135
"2018-10-21 07:45:06",1135
"2018-10-21 08:45:01",1135
"2018-10-21 09:45:00",1135
"2018-10-21 10:44:59",1135
"2018-10-21 11:44:59",1135
"2018-10-21 12:45:00",1135
"2018-10-21 13:45:06",1135
"2018-10-21 14:45:03",1135
"2018-10-21 15:45:03",1135
"2018-10-21 16:45:00",1135
"2018-10-21 17:45:01",1135
"2018-10-21 18:45:02",1135
"2018-10-21 19:45:01",1135
"2018-10-21 20:45:01",1135
"2018-10-21 21:45:00",1135
"2018-10-21 22:45:02",1135
"2018-10-21 23:45:01",1135
"2018-10-22 00:45:05",1135
"2018-10-22 01:45:05",1135
"2018-10-22 02:45:05",1135
"2018-10-22 03:45:05",1135
"2018-10-22 04:45:05",1135
"2018-10-22 05:45:02",1135
"2018-10-22 06:45:01",1135
"2018-10-22 07:45:05",1135
"2018-10-22 08:45:01",1135
"2018-10-22 09:45:01",1135
"2018-10-22 10:45:02",1136
"2018-10-22 11:45:02",1136
"2018-10-22 12:45:03",1136
"2018-10-22 13:45:06",1136
"2018-10-22 14:45:06",1141
"2018-10-22 15:45:04",1138
"2018-10-22 16:45:02",1138
"2018-10-22 17:45:03",1139
"2018-10-22 18:45:00",1137
"2018-10-22 19:45:03",1137
"2018-10-22 20:45:02",1138
"2018-10-22 21:45:02",1138
"2018-10-22 22:45:02",1138
"2018-10-22 23:45:02",1138
"2018-10-23 00:45:03",1138
"2018-10-23 01:45:02",1138
"2018-10-23 02:45:02",1138
"2018-10-23 03:45:01",1138
"2018-10-23 04:45:01",1138
"2018-10-23 05:45:01",1138
"2018-10-23 06:45:01",1138
"2018-10-23 07:45:04",1138
"2018-10-23 08:45:00",1138
"2018-10-23 09:45:01",1138
"2018-10-23 10:45:00",1138
"2018-10-23 11:45:01",1138
"2018-10-23 12:45:00",1138
"2018-10-23 13:45:06",1139
"2018-10-23 14:45:03",1139
"2018-10-23 15:45:01",1138
"2018-10-23 16:45:02",1140
"2018-10-23 17:45:01",1141
"2018-10-23 18:45:02",1143
"2018-10-23 19:45:02",1146
"2018-10-23 20:45:01",1147
"2018-10-23 21:45:03",1147
"2018-10-23 22:45:01",1148
"2018-10-23 23:45:01",1148
"2018-10-24 00:45:01",1148
"2018-10-24 01:45:02",1148
"2018-10-24 02:45:03",1148
"2018-10-24 03:45:02",1148
"2018-10-24 04:45:03",1148
"2018-10-24 05:45:03",1148
"2018-10-24 06:45:04",1148
"2018-10-24 07:45:02",1148
"2018-10-24 08:45:02",1148
"2018-10-24 09:45:00",1148
"2018-10-24 10:45:01",1148
"2018-10-24 11:45:00",1148
"2018-10-24 12:44:59",1148
"2018-10-24 13:45:05",1148
"2018-10-24 14:45:04",1158
"2018-10-24 15:45:04",1163
"2018-10-24 16:45:02",1159
"2018-10-24 17:45:01",1160
"2018-10-24 18:45:02",1162
"2018-10-24 19:45:02",1163
"2018-10-24 20:45:06",1164
"2018-10-24 21:45:03",1164
"2018-10-24 22:45:02",1164
"2018-10-24 23:45:00",1164
"2018-10-25 00:45:01",1164
"2018-10-25 01:45:01",1164
"2018-10-25 02:45:02",1164
"2018-10-25 03:45:00",1164
"2018-10-25 04:45:02",1164
"2018-10-25 05:45:02",1164
"2018-10-25 06:45:02",1164
"2018-10-25 07:45:02",1164
"2018-10-25 08:45:02",1164
"2018-10-25 09:45:01",1164
"2018-10-25 10:45:02",1164
"2018-10-25 11:45:03",1164
"2018-10-25 14:11:14",1169
"2018-10-25 14:45:07",1169
"2018-10-25 15:45:07",1170
"2018-10-25 16:45:04",1172
"2018-10-25 17:45:05",1172
"2018-10-25 18:45:06",1173
"2018-10-25 19:45:03",1174
"2018-10-25 20:45:04",1173
"2018-10-25 21:45:04",1173
"2018-10-25 22:45:03",1173
"2018-10-25 23:45:05",1173
"2018-10-26 00:45:03",1173
"2018-10-26 01:45:03",1173
"2018-10-26 02:45:05",1173
"2018-10-26 03:45:06",1173
"2018-10-26 04:45:06",1173
"2018-10-26 05:45:02",1173
"2018-10-26 06:45:02",1173
"2018-10-26 07:45:02",1173
"2018-10-26 08:45:01",1173
"2018-10-26 09:45:02",1173
"2018-10-26 10:45:01",1173
"2018-10-26 11:45:01",1173
"2018-10-26 12:45:02",1173
"2018-10-26 13:45:03",1173
"2018-10-26 14:45:04",1175
"2018-10-26 15:45:03",1173
"2018-10-26 16:45:03",1173
"2018-10-26 17:45:02",1173
"2018-10-26 18:45:01",1174
"2018-10-26 19:45:01",1172
"2018-10-26 20:45:02",1173
"2018-10-26 21:45:02",1173
"2018-10-26 22:45:02",1173
"2018-10-26 23:45:01",1173
"2018-10-27 00:45:01",1173
"2018-10-27 01:45:02",1173
"2018-10-27 02:45:01",1173
"2018-10-27 03:45:00",1173
"2018-10-27 04:45:01",1173
"2018-10-27 05:45:01",1173
"2018-10-27 06:45:01",1173
"2018-10-27 07:45:02",1173
"2018-10-27 08:45:02",1173
"2018-10-27 09:45:01",1173
"2018-10-27 10:45:02",1173
"2018-10-27 11:45:02",1173
"2018-10-27 12:45:01",1173
"2018-10-27 13:45:00",1173
"2018-10-27 14:45:01",1173
"2018-10-27 15:45:03",1173
"2018-10-27 16:45:02",1173
"2018-10-27 17:45:02",1173
"2018-10-27 18:45:01",1173
"2018-10-27 19:45:01",1173
"2018-10-27 20:45:01",1173
"2018-10-27 21:45:01",1173
"2018-10-27 22:45:01",1173
"2018-10-27 23:45:01",1173
"2018-10-28 00:45:01",1173
"2018-10-28 01:45:01",1173
"2018-10-28 02:45:01",1173
"2018-10-28 03:45:02",1173
"2018-10-28 04:45:01",1173
"2018-10-28 05:45:02",1173
"2018-10-28 06:45:01",1173
"2018-10-28 07:45:00",1173
"2018-10-28 08:45:01",1173
"2018-10-28 09:45:02",1173
"2018-10-28 10:45:01",1173
"2018-10-28 11:45:00",1173
"2018-10-28 12:45:00",1173
"2018-10-28 13:45:01",1173
"2018-10-28 14:45:01",1173
"2018-10-28 15:45:00",1173
"2018-10-28 16:45:02",1173
"2018-10-28 17:45:00",1173
"2018-10-28 18:45:01",1173
"2018-10-28 19:45:00",1173
"2018-10-28 20:45:01",1173
"2018-10-28 21:45:00",1173
"2018-10-28 22:45:01",1173
"2018-10-28 23:45:00",1173
"2018-10-29 00:45:01",1173
"2018-10-29 01:45:01",1173
"2018-10-29 02:45:02",1173
"2018-10-29 03:45:00",1173
"2018-10-29 04:45:02",1173
"2018-10-29 05:45:00",1173
"2018-10-29 06:45:01",1173
"2018-10-29 07:45:00",1173
"2018-10-29 08:45:01",1173
"2018-10-29 09:45:01",1173
"2018-10-29 10:45:01",1173
"2018-10-29 11:45:00",1173
"2018-10-29 12:45:01",1173
"2018-10-29 13:45:06",1173
"2018-10-29 14:45:04",1171
"2018-10-29 15:45:01",1172
"2018-10-29 16:45:03",1176
"2018-10-29 17:45:02",1175
"2018-10-29 18:45:02",1175
"2018-10-29 19:45:03",1174
"2018-10-29 20:45:02",1173
"2018-10-29 21:45:02",1173
"2018-10-29 22:45:03",1173
"2018-10-29 23:45:02",1173
"2018-10-30 00:45:02",1173
"2018-10-30 01:45:01",1173
"2018-10-30 02:45:03",1173
"2018-10-30 03:45:02",1173
"2018-10-30 04:45:03",1173
"2018-10-30 05:45:00",1173
"2018-10-30 06:45:01",1173
"2018-10-30 07:45:00",1173
"2018-10-30 08:45:00",1173
"2018-10-30 09:45:01",1173
"2018-10-30 10:45:01",1173
"2018-10-30 11:45:02",1173
"2018-10-30 12:45:01",1173
"2018-10-30 13:45:07",1173
"2018-10-30 14:45:06",1173
"2018-10-30 15:45:06",1173
"2018-10-30 16:45:03",1172
"2018-10-30 17:45:01",1172
"2018-10-30 18:45:02",1174
"2018-10-30 19:45:02",1173
"2018-10-30 20:45:01",1172
"2018-10-30 21:45:02",1171
"2018-10-30 22:45:01",1171
"2018-10-30 23:45:01",1171
"2018-10-31 00:45:01",1171
"2018-10-31 01:45:03",1171
"2018-10-31 02:45:03",1171
"2018-10-31 03:45:01",1171
"2018-10-31 04:45:02",1171
"2018-10-31 05:45:01",1171
"2018-10-31 06:45:01",1171
"2018-10-31 07:45:00",1171
"2018-10-31 08:45:02",1171
"2018-10-31 09:45:01",1171
"2018-10-31 10:45:01",1171
"2018-10-31 11:45:02",1171
"2018-10-31 12:45:03",1171
"2018-10-31 14:11:38",1175
"2018-10-31 14:45:03",1175
"2018-10-31 15:45:03",1176
"2018-10-31 16:45:03",1176
"2018-10-31 17:45:01",1176
"2018-10-31 18:45:02",1176
"2018-10-31 19:45:02",1176
"2018-10-31 20:45:01",1176
"2018-10-31 21:45:01",1176
"2018-10-31 22:45:00",1176
"2018-10-31 23:45:02",1176
"2018-11-01 00:45:01",1176
"2018-11-01 01:45:01",1176
"2018-11-01 02:45:01",1176
"2018-11-01 03:45:01",1176
"2018-11-01 04:45:01",1176
"2018-11-01 05:45:01",1176
"2018-11-01 06:45:02",1176
"2018-11-01 07:45:01",1176
"2018-11-01 08:45:02",1176
"2018-11-01 09:45:02",1176
"2018-11-01 10:45:02",1176
"2018-11-01 11:45:01",1176
"2018-11-01 12:45:01",1176
"2018-11-01 13:45:03",1176
"2018-11-01 14:45:07",1176
"2018-11-01 15:45:06",1177
"2018-11-01 16:45:05",1178
"2018-11-01 17:45:03",1177
"2018-11-01 18:45:06",1177
"2018-11-01 19:45:07",1178
"2018-11-01 20:45:07",1178
"2018-11-01 21:45:04",1178
"2018-11-01 22:45:03",1179
"2018-11-01 23:45:02",1179
"2018-11-02 00:45:01",1179
"2018-11-02 01:45:02",1179
"2018-11-02 02:45:03",1179
"2018-11-02 03:45:05",1179
"2018-11-02 04:45:02",1179
"2018-11-02 05:45:02",1179
"2018-11-02 06:45:01",1179
"2018-11-02 07:45:01",1179
"2018-11-02 08:45:01",1179
"2018-11-02 09:45:02",1179
"2018-11-02 10:45:01",1179
"2018-11-02 11:45:00",1179
"2018-11-02 12:45:01",1179
"2018-11-02 14:09:40",1183
"2018-11-02 14:45:07",1183
"2018-11-02 15:45:07",1182
"2018-11-02 16:45:06",1181
"2018-11-02 17:45:08",1180
"2018-11-02 18:45:03",1179
"2018-11-02 19:45:04",1181
"2018-11-02 20:45:05",1181
"2018-11-02 21:45:04",1181
"2018-11-02 22:45:04",1181
"2018-11-02 23:45:04",1181
"2018-11-03 00:45:05",1181
"2018-11-03 01:45:03",1181
"2018-11-03 02:45:06",1181
"2018-11-03 03:45:03",1181
"2018-11-03 04:45:03",1181
"2018-11-03 05:45:03",1181
"2018-11-03 06:45:02",1181
"2018-11-03 07:45:01",1181
"2018-11-03 08:45:03",1181
"2018-11-03 09:45:04",1181
"2018-11-03 10:45:02",1181
"2018-11-03 11:45:03",1181
"2018-11-03 12:45:03",1181
"2018-11-03 13:45:02",1181
"2018-11-03 14:45:03",1181
"2018-11-03 15:45:03",1181
"2018-11-03 16:45:02",1181
"2018-11-03 17:45:11",1181
"2018-11-03 18:45:08",1181
"2018-11-03 19:45:03",1181
"2018-11-03 20:45:06",1181
"2018-11-03 21:46:06",1181
"2018-11-03 22:45:03",1181
"2018-11-03 23:45:04",1181
"2018-11-04 00:45:04",1181
"2018-11-04 01:45:03",1181
"2018-11-04 02:45:03",1181
"2018-11-04 03:45:04",1181
"2018-11-04 04:45:05",1181
"2018-11-04 05:45:02",1181
"2018-11-04 06:45:03",1181
"2018-11-04 07:45:03",1181
"2018-11-04 08:45:04",1181
"2018-11-04 09:45:02",1181
"2018-11-04 10:45:02",1181
"2018-11-04 11:45:02",1181
"2018-11-04 12:45:03",1181
"2018-11-04 13:45:03",1181
"2018-11-04 14:45:02",1181
"2018-11-04 15:45:03",1181
"2018-11-04 16:45:03",1181
"2018-11-04 17:45:03",1181
"2018-11-04 18:45:03",1181
"2018-11-04 19:45:04",1181
"2018-11-04 20:45:02",1181
"2018-11-04 21:45:03",1181
"2018-11-04 22:45:04",1181
"2018-11-04 23:45:04",1181
"2018-11-05 00:45:03",1181
"2018-11-05 01:45:03",1181
"2018-11-05 02:45:02",1181
"2018-11-05 03:45:05",1181
"2018-11-05 04:45:05",1181
"2018-11-05 05:45:05",1181
"2018-11-05 06:45:02",1181
"2018-11-05 07:45:06",1181
"2018-11-05 08:45:03",1181
"2018-11-05 09:45:03",1181
"2018-11-05 10:45:02",1180
"2018-11-05 11:45:01",1180
"2018-11-05 12:45:01",1180
"2018-11-05 13:45:01",1180
"2018-11-05 14:45:10",1180
"2018-11-05 15:45:04",1182
"2018-11-05 16:45:09",1179
"2018-11-05 17:45:02",1177
"2018-11-05 18:45:01",1178
"2018-11-05 19:45:01",1178
"2018-11-05 20:45:04",1176
"2018-11-05 21:45:05",1176
"2018-11-05 22:45:05",1175
"2018-11-05 23:45:02",1175
"2018-11-06 00:45:01",1175
"2018-11-06 01:45:02",1175
"2018-11-06 02:45:02",1175
"2018-11-06 03:45:04",1175
"2018-11-06 04:45:02",1175
"2018-11-06 05:45:03",1175
"2018-11-06 06:45:02",1175
"2018-11-06 07:45:03",1175
"2018-11-06 08:45:03",1175
"2018-11-06 09:45:03",1175
"2018-11-06 10:45:04",1175
"2018-11-06 11:45:03",1175
"2018-11-06 12:45:03",1175
"2018-11-06 13:45:03",1175
"2018-11-06 14:45:11",1175
"2018-11-06 15:45:11",1176
"2018-11-06 16:45:08",1181
"2018-11-06 17:45:14",1181
"2018-11-06 18:45:08",1181
"2018-11-06 19:45:05",1184
"2018-11-06 20:45:07",1188
"2018-11-06 21:45:05",1189
"2018-11-06 22:45:07",1189
"2018-11-06 23:45:04",1189
"2018-11-07 00:45:06",1189
"2018-11-07 01:45:04",1189
"2018-11-07 02:45:05",1189
"2018-11-07 03:45:05",1189
"2018-11-07 04:45:03",1189
"2018-11-07 05:45:04",1189
"2018-11-07 06:45:04",1189
"2018-11-07 07:45:04",1189
"2018-11-07 08:45:04",1189
"2018-11-07 09:45:03",1189
"2018-11-07 10:45:04",1189
"2018-11-07 11:45:04",1189
"2018-11-07 12:45:04",1189
"2018-11-07 13:45:04",1189
"2018-11-07 14:45:12",1189
"2018-11-07 15:45:06",1188
"2018-11-07 16:45:05",1187
"2018-11-07 17:45:09",1187
"2018-11-07 18:45:09",1188
"2018-11-07 19:45:09",1187
"2018-11-07 20:45:08",1187
"2018-11-07 21:45:04",1186
"2018-11-07 22:45:06",1184
"2018-11-07 23:45:04",1184
"2018-11-08 00:45:03",1184
"2018-11-08 01:45:05",1184
"2018-11-08 02:45:04",1184
"2018-11-08 03:45:04",1184
"2018-11-08 04:45:04",1184
"2018-11-08 05:45:05",1184
"2018-11-08 06:45:17",1184
"2018-11-08 07:45:04",1184
"2018-11-08 08:45:05",1184
"2018-11-08 09:45:04",1184
"2018-11-08 10:45:04",1184
"2018-11-08 11:45:03",1184
"2018-11-08 12:45:04",1184
"2018-11-08 13:45:04",1184
"2018-11-08 14:45:09",1183
"2018-11-08 15:45:08",1180
"2018-11-08 16:45:08",1180
"2018-11-08 17:45:05",1175
"2018-11-08 18:45:04",1170
"2018-11-08 19:45:05",1168
"2018-11-08 20:45:10",1167
"2018-11-08 21:45:07",1167
"2018-11-08 22:45:04",1167
"2018-11-08 23:45:04",1167
"2018-11-09 00:45:05",1167
"2018-11-09 01:45:05",1167
"2018-11-09 02:45:06",1167
"2018-11-09 03:45:05",1167
"2018-11-09 04:45:06",1167
"2018-11-09 05:45:06",1167
"2018-11-09 06:45:04",1167
"2018-11-09 07:45:04",1167
"2018-11-09 08:45:04",1167
"2018-11-09 09:45:04",1167
"2018-11-09 10:45:03",1167
"2018-11-09 11:45:04",1167
"2018-11-09 12:45:04",1167
"2018-11-09 13:45:03",1167
"2018-11-09 15:09:09",1162
"2018-11-09 15:45:07",1162
"2018-11-09 16:45:07",1157
"2018-11-09 17:45:06",1157
"2018-11-09 18:45:05",1158
"2018-11-09 19:45:26",1160
"2018-11-09 20:45:08",1159
"2018-11-09 21:45:07",1159
"2018-11-09 22:45:06",1159
"2018-11-09 23:45:04",1159
"2018-11-10 00:45:04",1159
"2018-11-10 01:45:06",1159
"2018-11-10 02:45:04",1159
"2018-11-10 03:45:04",1159
"2018-11-10 04:45:05",1159
"2018-11-10 05:45:04",1159
"2018-11-10 06:45:04",1159
"2018-11-10 07:45:03",1159
"2018-11-10 08:45:04",1159
"2018-11-10 09:45:04",1159
"2018-11-10 10:45:03",1159
"2018-11-10 11:45:04",1159
"2018-11-10 12:45:03",1159
"2018-11-10 13:45:04",1159
"2018-11-10 14:45:04",1159
"2018-11-10 15:45:08",1159
"2018-11-10 16:45:05",1159
"2018-11-10 17:45:05",1159
"2018-11-10 18:45:07",1159
"2018-11-10 19:45:07",1159
"2018-11-10 20:45:05",1159
"2018-11-10 21:45:05",1159
"2018-11-10 22:45:06",1159
"2018-11-10 23:45:05",1159
"2018-11-11 00:45:06",1159
"2018-11-11 01:45:06",1159
"2018-11-11 02:45:03",1159
"2018-11-11 03:45:06",1159
"2018-11-11 04:45:04",1159
"2018-11-11 05:45:05",1159
"2018-11-11 06:45:04",1159
"2018-11-11 07:45:06",1159
"2018-11-11 08:45:04",1159
"2018-11-11 09:45:06",1159
"2018-11-11 10:45:05",1159
"2018-11-11 11:45:04",1159
"2018-11-11 12:45:05",1159
"2018-11-11 13:45:04",1159
"2018-11-11 14:45:06",1159
"2018-11-11 15:45:06",1159
"2018-11-11 16:45:04",1159
"2018-11-11 17:45:05",1159
"2018-11-11 18:45:04",1159
"2018-11-11 19:45:03",1159
"2018-11-11 20:45:05",1159
"2018-11-11 21:45:03",1159
"2018-11-11 22:45:05",1159
"2018-11-11 23:45:04",1159
"2018-11-12 00:45:06",1159
"2018-11-12 01:45:03",1159
"2018-11-12 02:45:05",1159
"2018-11-12 03:45:06",1159
"2018-11-12 04:45:05",1159
"2018-11-12 05:45:05",1159
"2018-11-12 06:45:06",1159
"2018-11-12 07:45:05",1159
"2018-11-12 08:45:05",1159
"2018-11-12 09:45:05",1159
"2018-11-12 10:45:05",1159
"2018-11-12 11:45:06",1159
"2018-11-12 12:45:03",1159
"2018-11-12 13:45:04",1159
"2018-11-12 14:45:08",1159
"2018-11-12 15:45:05",1163
"2018-11-12 16:45:07",1163
"2018-11-12 17:45:04",1161
"2018-11-12 18:45:04",1160
"2018-11-12 19:45:07",1160
"2018-11-12 20:45:06",1160
"2018-11-12 21:45:05",1159
"2018-11-12 22:45:49",1159
"2018-11-12 23:45:04",1159
"2018-11-13 00:45:06",1159
"2018-11-13 01:45:05",1159
"2018-11-13 02:45:06",1159
"2018-11-13 03:45:06",1159
"2018-11-13 04:45:05",1159
"2018-11-13 05:45:04",1159
"2018-11-13 06:45:04",1159
"2018-11-13 07:45:06",1159
"2018-11-13 08:45:07",1159
"2018-11-13 09:45:06",1159
"2018-11-13 10:45:06",1159
"2018-11-13 11:45:06",1159
"2018-11-13 12:45:05",1159
"2018-11-13 13:45:04",1159
"2018-11-13 14:45:09",1159
"2018-11-13 15:45:06",1159
"2018-11-13 16:45:06",1155
"2018-11-13 17:45:06",1156
"2018-11-13 18:45:03",1157
"2018-11-13 19:45:05",1157
"2018-11-13 20:45:04",1157
"2018-11-13 21:45:04",1155
"2018-11-13 22:45:04",1155
"2018-11-13 23:45:05",1155
"2018-11-14 00:45:04",1155
"2018-11-14 01:45:05",1155
"2018-11-14 02:45:04",1155
"2018-11-14 03:45:05",1155
"2018-11-14 04:45:04",1155
"2018-11-14 05:45:05",1155
"2018-11-14 06:45:05",1155
"2018-11-14 07:45:05",1155
"2018-11-14 08:45:04",1155
"2018-11-14 09:45:05",1155
"2018-11-14 10:45:05",1155
"2018-11-14 11:45:07",1155
"2018-11-14 12:45:04",1155
"2018-11-14 13:45:04",1155
"2018-11-14 14:45:08",1155
"2018-11-14 15:45:08",1152
"2018-11-14 16:45:08",1152
"2018-11-14 17:45:07",1152
"2018-11-14 18:45:10",1152
"2018-11-14 19:45:07",1151
"2018-11-14 20:45:07",1147
"2018-11-14 21:45:08",1148
"2018-11-14 22:45:08",1148
"2018-11-14 23:45:06",1148
"2018-11-15 00:45:05",1148
"2018-11-15 01:45:06",1148
"2018-11-15 02:45:05",1148
"2018-11-15 03:45:05",1148
"2018-11-15 04:45:06",1148
"2018-11-15 05:45:06",1148
"2018-11-15 06:45:04",1148
"2018-11-15 07:45:03",1148
"2018-11-15 08:45:04",1148
"2018-11-15 09:45:05",1148
"2018-11-15 10:45:05",1148
"2018-11-15 11:45:05",1148
"2018-11-15 12:45:04",1148
"2018-11-15 13:45:05",1148
"2018-11-15 14:45:07",1148
"2018-11-15 15:45:07",1148
"2018-11-15 16:45:05",1149
"2018-11-15 17:45:10",1150
"2018-11-15 18:45:06",1150
"2018-11-15 19:45:04",1152
"2018-11-15 20:45:08",1154
"2018-11-15 21:45:11",1155
"2018-11-15 22:45:08",1155
"2018-11-15 23:45:05",1155
"2018-11-16 00:45:04",1155
"2018-11-16 01:45:04",1155
"2018-11-16 02:45:04",1155
"2018-11-16 03:45:05",1155
"2018-11-16 04:45:04",1155
"2018-11-16 05:45:04",1155
"2018-11-16 06:45:05",1155
"2018-11-16 07:45:06",1155
"2018-11-16 08:45:04",1155
"2018-11-16 09:45:05",1155
"2018-11-16 10:45:04",1155
"2018-11-16 11:45:04",1155
"2018-11-16 12:45:03",1155
"2018-11-16 13:45:04",1155
"2018-11-16 14:45:08",1155
"2018-11-16 15:45:05",1153
"2018-11-16 16:45:05",1148
"2018-11-16 17:45:04",1149
"2018-11-16 18:45:04",1149
"2018-11-16 19:45:03",1148
"2018-11-16 20:45:15",1147
"2018-11-16 21:45:06",1147
"2018-11-16 22:45:07",1147
"2018-11-16 23:45:06",1147
"2018-11-17 00:45:06",1147
"2018-11-17 01:45:04",1147
"2018-11-17 02:45:02",1147
"2018-11-17 03:45:07",1147
"2018-11-17 04:45:03",1147
"2018-11-17 05:45:05",1147
"2018-11-17 06:45:06",1147
"2018-11-17 07:45:02",1147
"2018-11-17 08:45:04",1147
"2018-11-17 09:45:04",1147
"2018-11-17 10:45:04",1147
"2018-11-17 11:45:04",1147
"2018-11-17 12:45:04",1147
"2018-11-17 13:45:04",1147
"2018-11-17 14:45:07",1147
"2018-11-17 15:45:05",1147
"2018-11-17 16:45:03",1147
"2018-11-17 17:45:06",1147
"2018-11-17 18:45:03",1147
"2018-11-17 19:45:04",1147
"2018-11-17 20:45:03",1147
"2018-11-17 21:45:03",1147
"2018-11-17 22:45:03",1147
"2018-11-17 23:45:03",1147
"2018-11-18 00:45:03",1147
"2018-11-18 01:45:03",1147
"2018-11-18 02:45:03",1147
"2018-11-18 03:45:05",1147
"2018-11-18 04:45:03",1147
"2018-11-18 05:45:03",1147
"2018-11-18 06:45:04",1147
"2018-11-18 07:45:03",1147
"2018-11-18 08:45:02",1147
"2018-11-18 09:45:04",1147
"2018-11-18 10:45:02",1147
"2018-11-18 11:45:03",1147
"2018-11-18 12:45:03",1147
"2018-11-18 13:45:03",1147
"2018-11-18 14:45:04",1147
"2018-11-18 15:45:04",1147
"2018-11-18 16:45:03",1147
"2018-11-18 17:45:03",1147
"2018-11-18 18:45:04",1147
"2018-11-18 19:45:03",1147
"2018-11-18 20:45:04",1147
"2018-11-18 21:45:03",1147
"2018-11-18 22:45:03",1147
"2018-11-18 23:45:04",1147
"2018-11-19 00:45:04",1147
"2018-11-19 01:45:03",1147
"2018-11-19 02:45:03",1147
"2018-11-19 03:45:03",1147
"2018-11-19 04:45:03",1147
"2018-11-19 05:45:03",1147
"2018-11-19 06:45:03",1147
"2018-11-19 07:45:03",1147
"2018-11-19 08:45:03",1147
"2018-11-19 09:45:03",1147
"2018-11-19 10:45:04",1147
"2018-11-19 12:45:04",1147
"2018-11-19 13:45:03",1147
"2018-11-19 14:45:07",1147
"2018-11-19 15:45:03",1152
"2018-11-19 16:45:08",1150
"2018-11-19 17:45:07",1150
"2018-11-19 18:45:06",1153
"2018-11-19 19:45:05",1153
"2018-11-19 20:45:05",1154
"2018-11-19 21:45:04",1152
"2018-11-19 22:45:05",1152
"2018-11-19 23:45:05",1152
"2018-11-20 00:45:04",1152
"2018-11-20 01:45:04",1152
"2018-11-20 02:45:06",1152
"2018-11-20 03:45:05",1152
"2018-11-20 04:45:03",1152
"2018-11-20 05:45:03",1152
"2018-11-20 06:45:04",1152
"2018-11-20 07:45:03",1152
"2018-11-20 08:45:04",1152
"2018-11-20 09:45:04",1152
"2018-11-20 10:45:04",1152
"2018-11-20 11:45:03",1152
"2018-11-20 12:45:04",1152
"2018-11-20 13:45:06",1152
"2018-11-20 14:45:08",1152
"2018-11-20 15:45:11",1154
"2018-11-20 16:45:04",1151
"2018-11-20 17:45:04",1150
"2018-11-20 18:45:10",1150
"2018-11-20 19:45:06",1149
"2018-11-20 20:45:07",1148
"2018-11-20 21:45:10",1149
"2018-11-20 22:45:05",1149
"2018-11-20 23:45:04",1149
"2018-11-21 00:45:03",1149
"2018-11-21 01:45:04",1149
"2018-11-21 02:45:03",1149
"2018-11-21 03:45:05",1149
"2018-11-21 04:45:04",1149
"2018-11-21 05:45:06",1149
"2018-11-21 06:45:06",1149
"2018-11-21 07:45:06",1149
"2018-11-21 08:45:05",1149
"2018-11-21 09:45:04",1149
"2018-11-21 10:45:04",1149
"2018-11-21 11:45:03",1149
"2018-11-21 12:45:03",1149
"2018-11-21 13:45:03",1149
"2018-11-21 14:45:08",1149
"2018-11-21 16:45:08",1150
"2018-11-21 17:45:10",1147
"2018-11-21 18:45:04",1149
"2018-11-21 19:45:06",1149
"2018-11-21 20:45:07",1149
"2018-11-21 21:45:06",1150
"2018-11-21 22:45:06",1150
"2018-11-21 23:45:04",1150
"2018-11-22 00:45:03",1150
"2018-11-22 01:45:04",1150
"2018-11-22 02:45:05",1150
"2018-11-22 03:45:04",1150
"2018-11-22 04:45:06",1150
"2018-11-22 05:45:04",1150
"2018-11-22 06:45:05",1150
"2018-11-22 07:45:04",1150
"2018-11-22 08:45:04",1150
"2018-11-22 09:45:04",1150
"2018-11-22 10:45:04",1150
"2018-11-22 11:45:05",1150
"2018-11-22 12:45:04",1150
"2018-11-22 13:45:04",1150
"2018-11-22 14:45:04",1150
"2018-11-22 15:45:05",1150
"2018-11-22 16:45:03",1150
"2018-11-22 17:45:05",1150
"2018-11-22 18:45:03",1150
"2018-11-22 19:45:04",1150
"2018-11-22 20:45:04",1150
"2018-11-22 21:45:04",1150
"2018-11-22 22:45:04",1150
"2018-11-22 23:45:04",1150
"2018-11-23 00:45:03",1150
"2018-11-23 01:45:03",1150
"2018-11-23 02:45:04",1150
"2018-11-23 03:45:05",1150
"2018-11-23 04:45:05",1150
"2018-11-23 05:45:04",1150
"2018-11-23 06:45:04",1150
"2018-11-23 07:45:04",1150
"2018-11-23 08:45:04",1150
"2018-11-23 09:45:05",1150
"2018-11-23 10:45:04",1150
"2018-11-23 11:45:06",1150
"2018-11-23 12:45:05",1150
"2018-11-23 13:45:04",1150
"2018-11-23 14:45:06",1150
"2018-11-23 15:45:05",1151
"2018-11-23 16:45:04",1154
"2018-11-23 17:45:04",1154
"2018-11-23 18:45:03",1155
"2018-11-23 19:45:05",1154
"2018-11-23 20:45:05",1156
"2018-11-23 21:45:06",1156
"2018-11-23 22:45:04",1156
"2018-11-23 23:45:05",1156
"2018-11-24 00:45:04",1156
"2018-11-24 01:45:05",1156
"2018-11-24 02:45:07",1156
"2018-11-24 03:45:05",1156
"2018-11-24 04:45:06",1156
"2018-11-24 05:45:06",1156
"2018-11-24 06:45:05",1156
"2018-11-24 07:45:05",1156
"2018-11-24 08:45:05",1156
"2018-11-24 09:45:04",1156
"2018-11-24 10:45:04",1156
"2018-11-24 11:45:06",1156
"2018-11-24 12:45:05",1156
"2018-11-24 13:45:04",1156
"2018-11-24 14:45:05",1156
"2018-11-24 15:45:05",1156
"2018-11-24 16:45:04",1156
"2018-11-24 17:45:06",1156
"2018-11-24 18:45:05",1156
"2018-11-24 19:45:04",1156
"2018-11-24 20:45:05",1156
"2018-11-24 21:45:05",1156
"2018-11-24 22:45:04",1156
"2018-11-24 23:45:05",1156
"2018-11-25 00:45:05",1156
"2018-11-25 01:45:05",1156
"2018-11-25 02:45:05",1156
"2018-11-25 03:45:04",1156
"2018-11-25 04:45:05",1156
"2018-11-25 05:45:05",1156
"2018-11-25 06:45:05",1156
"2018-11-25 07:45:05",1156
"2018-11-25 08:45:04",1156
"2018-11-25 09:45:05",1156
"2018-11-25 10:45:04",1156
"2018-11-25 11:45:05",1156
"2018-11-25 12:45:04",1156
"2018-11-25 13:45:05",1156
"2018-11-25 14:45:05",1156
"2018-11-25 15:45:05",1156
"2018-11-25 16:45:05",1156
"2018-11-25 17:45:05",1156
"2018-11-25 18:45:05",1156
"2018-11-25 19:45:07",1156
"2018-11-25 20:45:05",1156
"2018-11-25 21:45:04",1156
"2018-11-25 22:45:05",1156
"2018-11-25 23:45:05",1156
"2018-11-26 00:45:03",1156
"2018-11-26 01:45:05",1156
"2018-11-26 02:45:06",1156
"2018-11-26 03:45:04",1156
"2018-11-26 04:45:04",1156
"2018-11-26 05:45:04",1156
"2018-11-26 06:45:04",1156
"2018-11-26 07:45:04",1156
"2018-11-26 08:45:04",1156
"2018-11-26 09:45:05",1156
"2018-11-26 10:45:05",1156
"2018-11-26 11:45:05",1156
"2018-11-26 12:45:04",1156
"2018-11-26 13:45:04",1156
"2018-11-26 14:45:11",1156
"2018-11-26 15:45:05",1163
"2018-11-26 16:45:05",1165
"2018-11-26 17:45:05",1163
"2018-11-26 18:45:06",1162
"2018-11-26 19:45:04",1161
"2018-11-26 20:45:06",1163
"2018-11-26 21:45:03",1164
"2018-11-26 22:45:09",1164
"2018-11-26 23:45:09",1164
"2018-11-27 00:45:07",1164
"2018-11-27 01:45:07",1164
"2018-11-27 02:45:07",1164
"2018-11-27 03:45:04",1164
"2018-11-27 04:45:05",1164
"2018-11-27 05:45:05",1164
"2018-11-27 06:45:05",1164
"2018-11-27 07:45:04",1164
"2018-11-27 08:45:04",1164
"2018-11-27 09:45:04",1164
"2018-11-27 10:46:52",1164
"2018-11-27 11:45:04",1164
"2018-11-27 12:45:04",1164
"2018-11-27 13:45:05",1164
"2018-11-27 14:45:10",1164
"2018-11-27 15:45:07",1159
"2018-11-27 16:45:10",1160
"2018-11-27 17:45:08",1160
"2018-11-27 18:45:07",1162
"2018-11-27 19:45:07",1162
"2018-11-27 20:45:06",1161
"2018-11-27 21:45:08",1162
"2018-11-27 22:45:08",1162
"2018-11-27 23:45:07",1162
"2018-11-28 00:45:06",1162
"2018-11-28 01:45:07",1162
"2018-11-28 02:45:06",1162
"2018-11-28 03:45:08",1162
"2018-11-28 04:45:08",1162
"2018-11-28 05:45:07",1162
"2018-11-28 06:45:06",1162
"2018-11-28 07:45:05",1162
"2018-11-28 08:45:07",1162
"2018-11-28 09:45:09",1162
"2018-11-28 10:45:06",1162
"2018-11-28 11:45:05",1162
"2018-11-28 12:45:05",1162
"2018-11-28 14:10:08",1163
"2018-11-28 14:45:08",1163
"2018-11-28 15:45:12",1160
"2018-11-28 16:45:09",1158
"2018-11-28 17:45:11",1160
"2018-11-28 18:45:09",1160
"2018-11-28 19:45:07",1163
"2018-11-28 20:45:09",1164
"2018-11-28 21:45:05",1161
"2018-11-28 22:45:04",1161
"2018-11-28 23:45:03",1162
"2018-11-29 00:45:04",1162
"2018-11-29 01:45:06",1162
"2018-11-29 02:45:05",1162
"2018-11-29 03:45:04",1162
"2018-11-29 04:45:04",1162
"2018-11-29 05:45:05",1162
"2018-11-29 06:45:05",1162
"2018-11-29 07:45:03",1162
"2018-11-29 08:45:03",1162
"2018-11-29 09:45:04",1162
"2018-11-29 10:45:04",1162
"2018-11-29 11:45:04",1162
"2018-11-29 12:45:04",1162
"2018-11-29 13:45:06",1162
"2018-11-29 15:10:15",1164
"2018-11-29 15:45:05",1164
"2018-11-29 16:45:06",1165
"2018-11-29 17:45:10",1166
"2018-11-29 18:45:11",1165
"2018-11-29 19:45:06",1167
"2018-11-29 20:45:04",1168
"2018-11-29 21:45:06",1169
"2018-11-29 22:45:06",1169
"2018-11-29 23:45:06",1169
"2018-11-30 00:45:07",1169
"2018-11-30 01:45:07",1169
"2018-11-30 02:45:04",1169
"2018-11-30 03:45:07",1169
"2018-11-30 04:45:04",1169
"2018-11-30 05:45:08",1169
"2018-11-30 06:45:06",1169
"2018-11-30 07:45:04",1169
"2018-11-30 08:45:04",1169
"2018-11-30 09:45:06",1169
"2018-11-30 10:45:05",1169
"2018-11-30 11:45:03",1169
"2018-11-30 12:45:04",1169
"2018-11-30 13:45:04",1169
"2018-11-30 14:45:09",1169
"2018-11-30 15:45:07",1173
"2018-11-30 16:45:07",1174
"2018-11-30 17:45:07",1175
"2018-11-30 18:45:05",1173
"2018-11-30 19:45:05",1170
"2018-11-30 20:45:06",1171
"2018-11-30 21:45:05",1171
"2018-11-30 22:45:09",1171
"2018-11-30 23:45:06",1171
"2018-12-01 00:45:04",1171
"2018-12-01 01:45:05",1171
"2018-12-01 02:45:04",1171
"2018-12-01 03:45:05",1171
"2018-12-01 04:45:04",1171
"2018-12-01 05:45:06",1171
"2018-12-01 06:45:04",1171
"2018-12-01 07:45:03",1171
"2018-12-01 08:45:04",1171
"2018-12-01 09:45:04",1171
"2018-12-01 10:45:04",1171
"2018-12-01 11:45:04",1171
"2018-12-01 12:45:04",1171
"2018-12-01 13:45:04",1171
"2018-12-01 14:45:04",1171
"2018-12-01 15:45:04",1171
"2018-12-01 16:45:04",1171
"2018-12-01 17:45:04",1171
"2018-12-01 18:45:04",1171
"2018-12-01 19:45:03",1171
"2018-12-01 20:45:05",1171
"2018-12-01 21:45:03",1171
"2018-12-01 22:45:09",1171
"2018-12-01 23:45:05",1171
"2018-12-02 00:45:03",1171
"2018-12-02 01:45:04",1171
"2018-12-02 02:45:04",1171
"2018-12-02 03:45:04",1171
"2018-12-02 04:45:04",1171
"2018-12-02 05:45:04",1171
"2018-12-02 06:45:04",1171
"2018-12-02 07:45:07",1171
"2018-12-02 08:45:07",1171
"2018-12-02 09:45:04",1171
"2018-12-02 10:45:05",1171
"2018-12-02 11:45:04",1171
"2018-12-02 12:45:03",1171
"2018-12-02 13:45:04",1171
"2018-12-02 14:45:03",1171
"2018-12-02 15:45:04",1171
"2018-12-02 16:45:04",1171
"2018-12-02 17:45:03",1171
"2018-12-02 18:45:03",1171
"2018-12-02 19:45:03",1171
"2018-12-02 20:45:03",1171
"2018-12-02 21:45:03",1171
"2018-12-02 22:45:03",1171
"2018-12-02 23:45:04",1171
"2018-12-03 00:45:05",1171
"2018-12-03 01:45:03",1171
"2018-12-03 02:45:04",1171
"2018-12-03 03:45:05",1171
"2018-12-03 04:45:06",1171
"2018-12-03 05:45:03",1171
"2018-12-03 06:45:06",1171
"2018-12-03 07:45:05",1171
"2018-12-03 08:45:04",1171
"2018-12-03 09:45:06",1171
"2018-12-03 10:45:04",1171
"2018-12-03 11:45:05",1171
"2018-12-03 12:45:03",1171
"2018-12-03 13:45:03",1171
"2018-12-03 14:45:12",1171
"2018-12-03 15:45:05",1168
"2018-12-03 16:45:08",1169
"2018-12-03 17:45:08",1171
"2018-12-03 18:45:06",1169
"2018-12-03 19:45:03",1169
"2018-12-03 20:45:05",1170
"2018-12-03 21:45:04",1171
"2018-12-03 22:45:07",1172
"2018-12-03 23:45:09",1172
"2018-12-04 00:45:06",1172
"2018-12-04 01:45:04",1172
"2018-12-04 02:45:05",1172
"2018-12-04 03:45:05",1172
"2018-12-04 04:45:04",1172
"2018-12-04 05:45:09",1172
"2018-12-04 06:45:07",1172
"2018-12-04 07:45:05",1172
"2018-12-04 08:45:06",1172
"2018-12-04 09:45:04",1172
"2018-12-04 10:45:02",1172
"2018-12-04 11:45:03",1172
"2018-12-04 12:45:04",1172
"2018-12-04 13:45:04",1172
"2018-12-04 15:11:39",1174
"2018-12-04 15:45:07",1174
"2018-12-04 16:45:05",1175
"2018-12-04 17:45:06",1175
"2018-12-04 18:45:06",1175
"2018-12-04 19:45:07",1173
"2018-12-04 20:45:07",1173
"2018-12-04 21:45:07",1173
"2018-12-04 22:45:09",1173
"2018-12-04 23:45:08",1173
"2018-12-05 00:45:08",1173
"2018-12-05 01:45:08",1173
"2018-12-05 02:45:07",1173
"2018-12-05 03:45:07",1173
"2018-12-05 04:45:11",1173
"2018-12-05 05:45:10",1173
"2018-12-05 06:45:06",1173
"2018-12-05 07:45:04",1173
"2018-12-05 08:45:04",1173
"2018-12-05 09:45:04",1173
"2018-12-05 10:45:06",1173
"2018-12-05 11:45:04",1173
"2018-12-05 12:45:03",1173
"2018-12-05 13:45:03",1173
"2018-12-05 14:45:04",1173
"2018-12-05 15:45:06",1173
"2018-12-05 16:45:04",1173
"2018-12-05 17:45:05",1173
"2018-12-05 18:45:04",1173
"2018-12-05 19:45:08",1173
"2018-12-05 20:45:06",1173
"2018-12-05 21:45:07",1173
"2018-12-05 22:45:08",1173
"2018-12-05 23:45:08",1173
"2018-12-06 00:45:07",1173
"2018-12-06 01:45:06",1173
"2018-12-06 02:45:05",1173
"2018-12-06 03:45:06",1173
"2018-12-06 04:45:03",1173
"2018-12-06 05:45:04",1173
"2018-12-06 06:45:04",1173
"2018-12-06 07:45:03",1173
"2018-12-06 08:45:07",1173
"2018-12-06 09:45:06",1173
"2018-12-06 10:45:04",1173
"2018-12-06 11:45:05",1173
"2018-12-06 12:45:06",1173
"2018-12-06 13:45:06",1173
"2018-12-06 14:45:09",1173
"2018-12-06 15:45:06",1179
"2018-12-06 16:45:06",1180
"2018-12-06 17:45:08",1178
"2018-12-06 18:45:05",1178
"2018-12-06 19:45:05",1178
"2018-12-06 20:45:05",1176
"2018-12-06 21:45:05",1177
"2018-12-06 22:45:04",1177
"2018-12-06 23:45:11",1177
"2018-12-07 00:45:13",1177
"2018-12-07 01:45:12",1177
"2018-12-07 02:45:10",1177
"2018-12-07 03:45:12",1177
"2018-12-07 04:45:14",1177
"2018-12-07 05:45:11",1177
"2018-12-07 06:45:12",1177
"2018-12-07 07:45:10",1177
"2018-12-07 08:45:10",1177
"2018-12-07 09:45:10",1177
"2018-12-07 10:45:10",1177
"2018-12-07 11:45:10",1177
"2018-12-07 12:45:11",1177
"2018-12-07 14:10:11",1177
"2018-12-07 14:45:17",1177
"2018-12-07 16:10:17",1172
"2018-12-07 16:45:10",1172
"2018-12-07 17:45:12",1171
"2018-12-07 18:45:11",1169
"2018-12-07 19:45:14",1168
"2018-12-07 20:45:13",1167
"2018-12-07 21:45:11",1167
"2018-12-07 22:45:13",1167
"2018-12-07 23:45:14",1166
"2018-12-08 00:45:11",1166
"2018-12-08 01:45:10",1166
"2018-12-08 03:45:14",1166
"2018-12-08 04:45:11",1166
"2018-12-08 05:45:13",1166
"2018-12-08 06:45:10",1166
"2018-12-08 07:45:11",1166
"2018-12-08 08:45:10",1166
"2018-12-08 09:45:09",1166
"2018-12-08 10:45:11",1166
"2018-12-08 11:45:10",1166
"2018-12-08 12:45:12",1166
"2018-12-08 13:45:09",1166
"2018-12-08 14:45:10",1166
"2018-12-08 15:45:10",1166
"2018-12-08 16:45:11",1166
"2018-12-08 17:45:11",1166
"2018-12-08 18:45:09",1166
"2018-12-08 19:45:10",1166
"2018-12-08 20:45:16",1166
"2018-12-08 21:45:15",1166
"2018-12-08 22:45:10",1166
"2018-12-08 23:45:13",1166
"2018-12-09 00:45:11",1166
"2018-12-09 01:45:13",1166
"2018-12-09 02:45:12",1166
"2018-12-09 03:45:10",1166
"2018-12-09 04:45:10",1166
"2018-12-09 05:45:10",1166
"2018-12-09 06:45:10",1166
"2018-12-09 07:45:13",1166
"2018-12-09 08:45:11",1166
"2018-12-09 09:45:15",1166
"2018-12-09 10:45:11",1166
"2018-12-09 11:45:13",1166
"2018-12-09 12:45:10",1166
"2018-12-09 13:45:10",1166
"2018-12-09 14:45:10",1166
"2018-12-09 15:45:11",1166
"2018-12-09 16:45:10",1166
"2018-12-09 17:45:10",1166
"2018-12-09 18:45:11",1166
"2018-12-09 19:45:09",1166
"2018-12-09 20:45:11",1166
"2018-12-09 21:45:10",1166
"2018-12-09 22:45:16",1166
"2018-12-09 23:45:12",1166
"2018-12-10 00:45:13",1166
"2018-12-10 01:45:10",1166
"2018-12-10 02:45:10",1166
"2018-12-10 03:45:11",1166
"2018-12-10 04:45:13",1166
"2018-12-10 05:45:10",1166
"2018-12-10 06:45:16",1166
"2018-12-10 07:45:15",1166
"2018-12-10 08:45:11",1166
"2018-12-10 09:45:11",1166
"2018-12-10 10:45:11",1166
"2018-12-10 11:45:10",1167
"2018-12-10 12:45:11",1167
"2018-12-10 13:45:16",1167
"2018-12-10 15:08:48",1167
"2018-12-10 15:45:09",1167
"2018-12-10 16:45:11",1168
"2018-12-10 17:45:13",1169
"2018-12-10 18:45:11",1171
"2018-12-10 19:45:11",1170
"2018-12-10 20:45:08",1170
"2018-12-10 21:45:11",1170
"2018-12-10 22:45:09",1170
"2018-12-10 23:45:12",1170
"2018-12-11 00:45:10",1170
"2018-12-11 01:45:09",1170
"2018-12-11 02:45:10",1170
"2018-12-11 03:45:10",1170
"2018-12-11 04:45:08",1170
"2018-12-11 05:45:12",1170
"2018-12-11 06:45:11",1170
"2018-12-11 07:45:10",1170
"2018-12-11 08:45:10",1170
"2018-12-11 09:45:09",1170
"2018-12-11 10:45:10",1170
"2018-12-11 11:45:11",1170
"2018-12-11 12:45:10",1170
"2018-12-11 13:45:09",1170
"2018-12-11 15:09:45",1175
"2018-12-11 15:45:12",1175
"2018-12-11 16:45:12",1173
"2018-12-11 17:45:11",1178
"2018-12-11 18:45:11",1179
"2018-12-11 19:45:12",1180
"2018-12-11 20:45:11",1179
"2018-12-11 21:45:15",1180
"2018-12-11 22:45:12",1180
"2018-12-11 23:45:12",1180
"2018-12-12 00:45:10",1180
"2018-12-12 01:45:10",1180
"2018-12-12 02:45:11",1180
"2018-12-12 03:45:11",1180
"2018-12-12 04:45:10",1180
"2018-12-12 05:45:09",1180
"2018-12-12 06:45:11",1180
"2018-12-12 07:45:10",1180
"2018-12-12 08:45:11",1180
"2018-12-12 09:45:11",1180
"2018-12-12 10:45:11",1180
"2018-12-12 11:45:14",1180
"2018-12-12 12:45:16",1180
"2018-12-12 14:10:50",1180
"2018-12-12 14:45:15",1180
"2018-12-12 15:45:13",1180
"2018-12-12 16:45:13",1177
"2018-12-12 17:45:14",1177
"2018-12-12 18:45:11",1179
"2018-12-12 19:45:12",1179
"2018-12-12 20:45:11",1177
"2018-12-12 21:45:12",1177
"2018-12-12 22:45:13",1178
"2018-12-12 23:45:13",1178
"2018-12-13 00:45:11",1178
"2018-12-13 01:45:12",1178
"2018-12-13 02:45:13",1178
"2018-12-13 03:45:11",1178
"2018-12-13 04:45:18",1178
"2018-12-13 05:45:15",1178
"2018-12-13 06:45:14",1178
"2018-12-13 07:45:12",1178
"2018-12-13 08:45:10",1178
"2018-12-13 09:45:11",1178
"2018-12-13 10:45:10",1178
"2018-12-13 11:45:10",1178
"2018-12-13 12:45:10",1178
"2018-12-13 14:09:15",1178
"2018-12-13 14:45:14",1178
"2018-12-13 15:45:14",1177
"2018-12-13 16:45:11",1180
"2018-12-13 17:45:15",1182
"2018-12-13 18:45:14",1180
"2018-12-13 19:45:13",1180
"2018-12-13 20:45:13",1180
"2018-12-13 21:45:11",1179
"2018-12-13 22:45:13",1179
"2018-12-13 23:45:12",1179
"2018-12-14 00:45:11",1179
"2018-12-14 01:45:11",1179
"2018-12-14 02:45:10",1179
"2018-12-14 03:45:10",1179
"2018-12-14 04:45:15",1179
"2018-12-14 05:45:11",1179
"2018-12-14 06:45:12",1179
"2018-12-14 07:45:12",1179
"2018-12-14 08:45:11",1179
"2018-12-14 09:45:11",1179
"2018-12-14 10:45:11",1179
"2018-12-14 11:45:12",1179
"2018-12-14 12:45:11",1179
"2018-12-14 14:09:15",1179
"2018-12-14 14:45:15",1179
"2018-12-14 15:45:12",1180
"2018-12-14 16:45:11",1181
"2018-12-14 17:45:13",1181
"2018-12-14 18:45:17",1182
"2018-12-14 19:45:16",1180
"2018-12-14 20:45:16",1179
"2018-12-14 21:45:11",1179
"2018-12-14 22:45:15",1179
"2018-12-14 23:45:13",1179
"2018-12-15 00:45:12",1179
"2018-12-15 01:45:14",1179
"2018-12-15 02:45:10",1179
"2018-12-15 03:45:12",1179
"2018-12-15 04:45:11",1179
"2018-12-15 05:45:14",1179
"2018-12-15 06:45:12",1179
"2018-12-15 07:45:11",1179
"2018-12-15 08:45:11",1179
"2018-12-15 09:45:10",1179
"2018-12-15 10:45:11",1179
"2018-12-15 11:45:11",1179
"2018-12-15 12:45:12",1179
"2018-12-15 13:45:11",1179
"2018-12-15 14:45:11",1179
"2018-12-15 15:45:12",1179
"2018-12-15 16:45:11",1179
"2018-12-15 17:45:14",1179
"2018-12-15 18:45:12",1179
"2018-12-15 19:45:11",1179
"2018-12-15 20:45:11",1179
"2018-12-15 21:45:11",1179
"2018-12-15 22:45:12",1179
"2018-12-15 23:45:11",1179
"2018-12-16 00:45:11",1179
"2018-12-16 01:45:11",1179
"2018-12-16 02:45:10",1179
"2018-12-16 03:45:12",1179
"2018-12-16 04:45:16",1179
"2018-12-16 05:45:10",1179
"2018-12-16 06:45:14",1179
"2018-12-16 07:45:12",1179
"2018-12-16 08:45:10",1179
"2018-12-16 09:45:14",1179
"2018-12-16 10:45:11",1179
"2018-12-16 11:45:12",1179
"2018-12-16 12:45:10",1179
"2018-12-16 13:45:11",1179
"2018-12-16 14:45:11",1179
"2018-12-16 15:45:10",1179
"2018-12-16 16:45:10",1179
"2018-12-16 17:45:16",1179
"2018-12-16 18:45:10",1179
"2018-12-16 19:45:12",1179
"2018-12-16 20:45:12",1179
"2018-12-16 21:45:10",1179
"2018-12-16 22:45:15",1179
"2018-12-16 23:45:14",1179
"2018-12-17 00:45:13",1179
"2018-12-17 01:45:11",1179
"2018-12-17 02:45:12",1179
"2018-12-17 03:45:11",1179
"2018-12-17 04:45:17",1179
"2018-12-17 05:45:11",1179
"2018-12-17 06:45:13",1178
"2018-12-17 07:45:12",1178
"2018-12-17 08:45:11",1178
"2018-12-17 09:45:11",1178
"2018-12-17 10:45:11",1178
"2018-12-17 11:45:11",1178
"2018-12-17 12:45:11",1178
"2018-12-17 13:45:16",1178
"2018-12-17 14:45:18",1178
"2018-12-17 15:45:14",1176
"2018-12-17 16:45:14",1175
"2018-12-17 17:45:12",1175
"2018-12-17 18:45:13",1175
"2018-12-17 20:10:46",1173
"2018-12-17 20:45:13",1173
"2018-12-17 21:45:14",1170
"2018-12-17 22:45:14",1170
"2018-12-17 23:45:11",1171
"2018-12-18 00:45:11",1171
"2018-12-18 01:45:13",1171
"2018-12-18 02:45:10",1171
"2018-12-18 03:45:11",1171
"2018-12-18 04:45:10",1171
"2018-12-18 05:45:11",1171
"2018-12-18 06:45:10",1171
"2018-12-18 07:45:11",1171
"2018-12-18 08:45:11",1171
"2018-12-18 09:45:10",1171
"2018-12-18 10:45:11",1171
"2018-12-18 11:45:10",1171
"2018-12-18 12:45:11",1171
"2018-12-18 13:45:11",1171
"2018-12-18 14:45:13",1171
"2018-12-18 15:45:12",1171
"2018-12-18 16:45:11",1169
"2018-12-18 17:45:11",1169
"2018-12-18 18:45:10",1169
"2018-12-18 19:45:10",1171
"2018-12-18 20:45:15",1169
"2018-12-18 21:45:14",1169
"2018-12-18 22:45:19",1169
"2018-12-18 23:45:14",1169
"2018-12-19 00:45:11",1169
"2018-12-19 01:45:12",1169
"2018-12-19 02:45:11",1169
"2018-12-19 03:45:14",1169
"2018-12-19 04:45:14",1169
"2018-12-19 05:45:15",1169
"2018-12-19 06:45:13",1169
"2018-12-19 07:45:12",1169
"2018-12-19 08:45:11",1169
"2018-12-19 09:45:13",1169
"2018-12-19 11:45:11",1169
"2018-12-19 12:45:11",1169
"2018-12-19 13:45:11",1169
"2018-12-19 14:45:13",1169
"2018-12-19 15:45:12",1168
"2018-12-19 16:45:12",1167
"2018-12-19 17:45:10",1166
"2018-12-19 18:45:13",1167
"2018-12-19 19:45:12",1167
"2018-12-19 20:45:12",1163
"2018-12-19 21:45:19",1162
"2018-12-19 22:45:18",1162
"2018-12-19 23:45:17",1162
"2018-12-20 00:45:17",1162
"2018-12-20 01:45:16",1162
"2018-12-20 02:45:15",1162
"2018-12-20 03:45:15",1162
"2018-12-20 04:45:16",1162
"2018-12-20 05:45:11",1162
"2018-12-20 06:45:12",1162
"2018-12-20 07:45:17",1162
"2018-12-20 08:45:15",1162
"2018-12-20 09:45:11",1162
"2018-12-20 10:45:13",1162
"2018-12-20 11:45:11",1162
"2018-12-20 12:45:10",1162
"2018-12-20 13:45:12",1162
"2018-12-20 14:45:16",1162
"2018-12-20 15:45:14",1163
"2018-12-20 16:45:19",1167
"2018-12-20 17:45:14",1164
"2018-12-20 18:45:12",1162
"2018-12-20 19:45:11",1163
"2018-12-20 20:45:16",1160
"2018-12-20 21:45:15",1160
"2018-12-20 22:45:15",1159
"2018-12-20 23:45:16",1159
"2018-12-21 00:45:13",1159
"2018-12-21 01:45:14",1159
"2018-12-21 02:45:15",1159
"2018-12-21 03:45:13",1159
"2018-12-21 04:45:16",1159
"2018-12-21 05:45:11",1159
"2018-12-21 06:45:14",1159
"2018-12-21 07:45:10",1159
"2018-12-21 08:45:10",1159
"2018-12-21 09:45:11",1159
"2018-12-21 10:45:10",1159
"2018-12-21 11:45:11",1159
"2018-12-21 12:45:11",1159
"2018-12-21 13:45:11",1159
"2018-12-21 14:45:14",1159
"2018-12-21 15:45:14",1159
"2018-12-21 16:45:15",1160
"2018-12-21 17:45:15",1160
"2018-12-21 18:45:19",1160
"2018-12-21 19:45:12",1159
"2018-12-21 20:45:19",1160
"2018-12-21 21:45:15",1158
"2018-12-21 22:45:15",1158
"2018-12-21 23:45:13",1158
"2018-12-22 00:45:18",1158
"2018-12-22 01:45:16",1158
"2018-12-22 02:45:18",1158
"2018-12-22 03:45:11",1158
"2018-12-22 04:45:16",1158
"2018-12-22 05:45:11",1158
"2018-12-22 06:45:15",1158
"2018-12-22 07:45:15",1158
"2018-12-22 08:45:11",1158
"2018-12-22 09:45:10",1158
"2018-12-22 10:45:12",1158
"2018-12-22 11:45:10",1158
"2018-12-22 12:45:10",1158
"2018-12-22 13:45:10",1158
"2018-12-22 14:45:11",1158
"2018-12-22 15:45:12",1158
"2018-12-22 16:45:10",1158
"2018-12-22 17:45:12",1158
"2018-12-22 18:45:10",1158
"2018-12-22 19:45:15",1158
"2018-12-22 20:45:13",1158
"2018-12-22 21:45:13",1158
"2018-12-22 22:45:15",1158
"2018-12-22 23:45:12",1158
"2018-12-23 00:45:11",1158
"2018-12-23 01:45:13",1158
"2018-12-23 02:45:11",1158
"2018-12-23 03:45:15",1158
"2018-12-23 04:45:13",1158
"2018-12-23 05:45:12",1158
"2018-12-23 06:45:16",1158
"2018-12-23 07:45:12",1158
"2018-12-23 08:45:14",1158
"2018-12-23 09:45:11",1158
"2018-12-23 10:45:18",1158
"2018-12-23 11:45:15",1158
"2018-12-23 12:45:11",1158
"2018-12-23 13:45:13",1158
"2018-12-23 14:45:14",1158
"2018-12-23 15:45:16",1158
"2018-12-23 16:45:16",1158
"2018-12-23 17:45:17",1158
"2018-12-23 18:45:15",1158
"2018-12-23 19:45:14",1158
"2018-12-23 20:45:17",1158
"2018-12-23 21:45:16",1158
"2018-12-23 22:45:13",1158
"2018-12-23 23:45:11",1158
"2018-12-24 00:45:13",1158
"2018-12-24 01:45:17",1158
"2018-12-24 02:45:17",1158
"2018-12-24 03:45:17",1158
"2018-12-24 04:45:10",1158
"2018-12-24 05:45:13",1158
"2018-12-24 06:45:13",1158
"2018-12-24 07:45:17",1158
"2018-12-24 08:45:11",1158
"2018-12-24 09:45:18",1158
"2018-12-24 10:45:12",1158
"2018-12-24 11:45:14",1158
"2018-12-24 12:45:11",1158
"2018-12-24 13:45:14",1158
"2018-12-24 15:08:55",1158
"2018-12-24 15:45:18",1158
"2018-12-24 16:45:16",1157
"2018-12-24 17:45:17",1157
"2018-12-24 18:45:19",1158
"2018-12-24 19:45:19",1158
"2018-12-24 20:45:19",1158
"2018-12-24 21:45:12",1158
"2018-12-24 22:45:13",1158
"2018-12-24 23:45:11",1158
"2018-12-25 00:45:14",1158
"2018-12-25 01:45:12",1158
"2018-12-25 02:45:16",1158
"2018-12-25 03:45:15",1158
"2018-12-25 04:45:14",1158
"2018-12-25 05:45:14",1158
"2018-12-25 06:45:16",1158
"2018-12-25 07:45:13",1158
"2018-12-25 08:45:13",1158
"2018-12-25 09:45:12",1158
"2018-12-25 10:45:11",1158
"2018-12-25 11:45:11",1158
"2018-12-25 12:45:12",1158
"2018-12-25 13:45:12",1158
"2018-12-25 14:45:12",1158
"2018-12-25 15:45:13",1158
"2018-12-25 16:45:11",1158
"2018-12-25 17:45:15",1158
"2018-12-25 18:45:13",1158
"2018-12-25 19:45:13",1158
"2018-12-25 20:45:13",1158
"2018-12-25 21:45:12",1158
"2018-12-25 22:45:13",1158
"2018-12-25 23:45:13",1158
"2018-12-26 00:45:14",1158
"2018-12-26 01:45:12",1158
"2018-12-26 02:45:14",1158
"2018-12-26 03:45:12",1158
"2018-12-26 04:45:12",1158
"2018-12-26 05:45:11",1158
"2018-12-26 06:45:18",1158
"2018-12-26 07:45:15",1158
"2018-12-26 08:45:16",1158
"2018-12-26 09:45:11",1158
"2018-12-26 10:45:14",1158
"2018-12-26 11:45:11",1158
"2018-12-26 12:45:13",1158
"2018-12-26 13:45:20",1158
"2018-12-26 15:10:24",1160
"2018-12-26 15:45:16",1160
"2018-12-26 16:45:15",1161
"2018-12-26 17:45:16",1160
"2018-12-26 18:45:13",1160
"2018-12-26 19:45:16",1163
"2018-12-26 20:45:18",1165
"2018-12-26 21:45:17",1167
"2018-12-26 22:45:18",1167
"2018-12-26 23:45:17",1167
"2018-12-27 00:45:17",1167
"2018-12-27 01:45:18",1167
"2018-12-27 02:45:17",1167
"2018-12-27 03:45:18",1167
"2018-12-27 04:45:13",1167
"2018-12-27 05:45:16",1167
"2018-12-27 06:45:14",1167
"2018-12-27 07:45:15",1167
"2018-12-27 08:45:12",1167
"2018-12-27 09:45:13",1167
"2018-12-27 10:45:15",1167
"2018-12-27 11:45:12",1167
"2018-12-27 12:45:12",1167
"2018-12-27 13:45:11",1167
"2018-12-27 14:45:15",1167
"2018-12-27 15:45:12",1164
"2018-12-27 16:45:12",1165
"2018-12-27 17:45:17",1165
"2018-12-27 18:45:19",1165
"2018-12-27 19:45:18",1165
"2018-12-27 20:45:15",1166
"2018-12-27 21:45:16",1164
"2018-12-27 22:45:23",1164
"2018-12-27 23:45:25",1164
"2018-12-28 00:45:23",1164
"2018-12-28 01:45:19",1164
"2018-12-28 02:45:20",1164
"2018-12-28 03:45:15",1164
"2018-12-28 04:45:16",1164
"2018-12-28 05:45:13",1164
"2018-12-28 06:45:24",1164
"2018-12-28 07:45:22",1164
"2018-12-28 08:45:18",1164
"2018-12-28 09:45:18",1164
"2018-12-28 10:45:13",1164
"2018-12-28 11:45:15",1164
"2018-12-28 12:45:12",1164
"2018-12-28 13:45:13",1164
"2018-12-28 14:45:15",1165
"2018-12-28 16:10:50",1164
"2018-12-28 16:45:14",1164
"2018-12-28 17:45:20",1162
"2018-12-28 18:45:17",1164
"2018-12-28 19:45:14",1166
"2018-12-28 20:45:17",1164
"2018-12-28 21:45:19",1165
"2018-12-28 22:45:13",1165
"2018-12-28 23:45:16",1165
"2018-12-29 00:45:15",1165
"2018-12-29 01:45:12",1165
"2018-12-29 02:45:14",1165
"2018-12-29 03:45:12",1165
"2018-12-29 04:45:13",1165
"2018-12-29 05:45:14",1165
"2018-12-29 06:45:11",1165
"2018-12-29 07:45:22",1165
"2018-12-29 08:45:19",1165
"2018-12-29 09:45:16",1165
"2018-12-29 10:45:14",1165
"2018-12-29 11:45:14",1165
"2018-12-29 12:45:13",1165
"2018-12-29 13:45:14",1165
"2018-12-29 14:45:12",1165
"2018-12-29 15:45:12",1165
"2018-12-29 16:45:15",1165
"2018-12-29 17:45:12",1165
"2018-12-29 18:45:18",1165
"2018-12-29 19:45:19",1165
"2018-12-29 20:45:13",1165
"2018-12-29 21:45:19",1165
"2018-12-29 22:45:14",1165
"2018-12-29 23:45:19",1165
"2018-12-30 00:45:13",1165
"2018-12-30 01:45:15",1165
"2018-12-30 02:45:11",1165
"2018-12-30 03:45:14",1165
"2018-12-30 04:45:12",1165
"2018-12-30 05:45:12",1165
"2018-12-30 06:45:12",1165
"2018-12-30 07:45:11",1165
"2018-12-30 08:45:11",1165
"2018-12-30 09:45:12",1165
"2018-12-30 10:45:11",1165
"2018-12-30 11:45:12",1165
"2018-12-30 12:45:12",1165
"2018-12-30 13:45:12",1165
"2018-12-30 14:45:12",1165
"2018-12-30 15:45:11",1165
"2018-12-30 16:45:11",1165
"2018-12-30 17:45:13",1165
"2018-12-30 18:45:11",1165
"2018-12-30 19:45:12",1165
"2018-12-30 20:45:12",1165
"2018-12-30 21:45:13",1165
"2018-12-30 22:45:16",1165
"2018-12-30 23:45:14",1165
"2018-12-31 00:45:14",1165
"2018-12-31 01:45:12",1165
"2018-12-31 02:45:11",1165
"2018-12-31 03:45:16",1165
"2018-12-31 04:45:14",1165
"2018-12-31 05:45:16",1165
"2018-12-31 06:45:13",1165
"2018-12-31 07:45:13",1165
"2018-12-31 08:45:13",1165
"2018-12-31 09:45:16",1165
"2018-12-31 10:45:15",1165
"2018-12-31 11:45:12",1165
"2018-12-31 12:45:12",1165
"2018-12-31 13:45:11",1165
"2018-12-31 14:45:19",1166
"2018-12-31 15:45:12",1163
"2018-12-31 16:45:13",1165
"2018-12-31 17:45:15",1166
"2018-12-31 18:45:14",1166
"2018-12-31 19:45:15",1169
"2018-12-31 20:45:15",1170
"2018-12-31 21:45:14",1170
"2018-12-31 22:45:14",1170
"2018-12-31 23:45:11",1170
"2019-01-01 00:45:13",1170
"2019-01-01 01:45:15",1170
"2019-01-01 02:45:13",1170
"2019-01-01 03:45:12",1170
"2019-01-01 04:45:13",1170
"2019-01-01 05:45:12",1170
"2019-01-01 06:45:12",1170
"2019-01-01 07:45:11",1170
"2019-01-01 08:45:13",1170
"2019-01-01 09:45:11",1170
"2019-01-01 10:45:11",1170
"2019-01-01 11:45:12",1170
"2019-01-01 12:45:11",1170
"2019-01-01 13:45:12",1170
"2019-01-01 14:45:12",1170
"2019-01-01 15:45:12",1170
"2019-01-01 16:45:12",1170
"2019-01-01 17:45:13",1170
"2019-01-01 18:45:11",1170
"2019-01-01 19:45:12",1170
"2019-01-01 20:45:11",1170
"2019-01-01 21:45:12",1170
"2019-01-01 22:45:16",1170
"2019-01-01 23:45:12",1170
"2019-01-02 00:45:13",1170
"2019-01-02 01:45:11",1170
"2019-01-02 02:45:14",1170
"2019-01-02 03:45:12",1170
"2019-01-02 04:45:12",1170
"2019-01-02 05:45:15",1170
"2019-01-02 06:45:12",1170
"2019-01-02 07:45:13",1170
"2019-01-02 08:45:12",1170
"2019-01-02 09:45:12",1170
"2019-01-02 10:45:16",1170
"2019-01-02 11:45:11",1170
"2019-01-02 12:45:11",1170
"2019-01-02 13:45:12",1170
"2019-01-02 15:10:21",1173
"2019-01-02 15:45:15",1173
"2019-01-02 16:45:11",1170
"2019-01-02 17:45:11",1169
"2019-01-02 18:45:15",1171
"2019-01-02 19:45:16",1172
"2019-01-02 20:45:14",1172
"2019-01-02 21:45:11",1170
"2019-01-02 22:45:13",1170
"2019-01-02 23:45:18",1170
"2019-01-03 00:45:14",1170
"2019-01-03 01:45:11",1170
"2019-01-03 02:45:13",1170
"2019-01-03 03:45:12",1170
"2019-01-03 05:45:16",1170
"2019-01-03 06:45:12",1170
"2019-01-03 07:45:14",1170
"2019-01-03 08:45:12",1170
"2019-01-03 09:45:12",1170
"2019-01-03 10:45:12",1170
"2019-01-03 11:45:12",1170
"2019-01-03 12:45:12",1170
"2019-01-03 13:45:10",1170
"2019-01-03 14:45:18",1170
"2019-01-03 15:45:17",1169
"2019-01-03 16:45:18",1167
"2019-01-03 17:45:20",1167
"2019-01-03 18:45:15",1168
"2019-01-03 19:45:17",1168
"2019-01-03 20:45:13",1168
"2019-01-03 21:45:16",1167
"2019-01-03 22:45:19",1167
"2019-01-03 23:45:12",1167
"2019-01-04 00:45:16",1167
"2019-01-04 01:45:14",1167
"2019-01-04 02:45:19",1167
"2019-01-04 03:45:13",1167
"2019-01-04 04:45:13",1167
"2019-01-04 05:45:16",1167
"2019-01-04 06:45:17",1167
"2019-01-04 07:45:12",1167
"2019-01-04 08:45:15",1167
"2019-01-04 09:45:15",1167
"2019-01-04 10:45:12",1167
"2019-01-04 11:45:13",1167
"2019-01-04 12:45:12",1167
"2019-01-04 13:45:12",1167
"2019-01-04 15:10:08",1169
"2019-01-04 15:45:18",1169
"2019-01-04 16:45:16",1168
"2019-01-04 17:45:14",1167
"2019-01-04 18:45:17",1166
"2019-01-04 19:45:19",1165
"2019-01-04 20:45:16",1165
"2019-01-04 21:45:16",1165
"2019-01-04 22:45:12",1165
"2019-01-04 23:45:15",1165
"2019-01-05 00:45:18",1165
"2019-01-05 01:45:14",1165
"2019-01-05 02:45:16",1164
"2019-01-05 03:45:13",1164
"2019-01-05 04:45:14",1164
"2019-01-05 05:45:13",1164
"2019-01-05 06:45:12",1164
"2019-01-05 07:45:13",1164
"2019-01-05 08:45:17",1164
"2019-01-05 09:45:16",1164
"2019-01-05 10:45:13",1164
"2019-01-05 11:45:12",1164
"2019-01-05 12:45:13",1164
"2019-01-05 13:45:13",1164
"2019-01-05 14:45:12",1164
"2019-01-05 15:45:13",1164
"2019-01-05 16:45:12",1164
"2019-01-05 17:45:13",1164
"2019-01-05 18:45:13",1164
"2019-01-05 19:45:20",1164
"2019-01-05 20:45:15",1164
"2019-01-05 21:45:16",1164
"2019-01-05 22:45:13",1164
"2019-01-05 23:45:13",1164
"2019-01-06 00:45:14",1164
"2019-01-06 01:45:13",1164
"2019-01-06 02:45:13",1164
"2019-01-06 03:45:14",1164
"2019-01-06 04:45:14",1164
"2019-01-06 05:45:13",1164
"2019-01-06 06:45:12",1164
"2019-01-06 07:45:14",1164
"2019-01-06 08:45:11",1164
"2019-01-06 09:45:11",1164
"2019-01-06 10:45:12",1164
"2019-01-06 11:45:12",1164
"2019-01-06 12:45:13",1164
"2019-01-06 13:45:12",1164
"2019-01-06 14:45:13",1164
"2019-01-06 15:45:13",1164
"2019-01-06 16:45:12",1164
"2019-01-06 17:45:13",1164
"2019-01-06 18:45:12",1164
"2019-01-06 19:45:12",1164
"2019-01-06 20:45:12",1164
"2019-01-06 21:45:12",1164
"2019-01-06 22:45:12",1164
"2019-01-06 23:45:13",1164
"2019-01-07 00:45:12",1164
"2019-01-07 01:45:12",1164
"2019-01-07 02:45:15",1164
"2019-01-07 03:45:14",1164
"2019-01-07 04:45:13",1164
"2019-01-07 05:45:12",1164
"2019-01-07 06:45:13",1163
"2019-01-07 07:45:12",1163
"2019-01-07 08:45:12",1163
"2019-01-07 09:45:14",1163
"2019-01-07 10:45:17",1163
"2019-01-07 11:45:14",1163
"2019-01-07 12:45:15",1163
"2019-01-07 14:10:45",1163
"2019-01-07 14:45:16",1163
"2019-01-07 15:45:18",1163
"2019-01-07 16:45:18",1162
"2019-01-07 17:45:18",1163
"2019-01-07 18:45:16",1163
"2019-01-07 19:45:13",1162
"2019-01-07 20:45:18",1163
"2019-01-07 21:45:16",1163
"2019-01-07 22:45:14",1164
"2019-01-07 23:45:19",1164
"2019-01-08 00:45:11",1164
"2019-01-08 01:45:14",1164
"2019-01-08 02:45:17",1164
"2019-01-08 03:45:16",1164
"2019-01-08 04:45:14",1164
"2019-01-08 05:45:15",1164
"2019-01-08 06:45:13",1164
"2019-01-08 07:45:13",1164
"2019-01-08 08:45:14",1164
"2019-01-08 09:45:13",1164
"2019-01-08 10:45:15",1164
"2019-01-08 11:45:16",1164
"2019-01-08 12:45:15",1164
"2019-01-08 13:45:17",1164
"2019-01-08 14:45:19",1164
"2019-01-08 15:45:18",1162
"2019-01-08 16:45:16",1160
"2019-01-08 17:45:15",1159
"2019-01-08 18:45:15",1161
"2019-01-08 19:45:14",1161
"2019-01-08 20:45:13",1161
"2019-01-08 21:45:15",1160
"2019-01-08 22:45:13",1158
"2019-01-08 23:45:16",1158
"2019-01-09 00:45:16",1158
"2019-01-09 01:45:14",1158
"2019-01-09 02:46:07",1158
"2019-01-09 04:45:17",1158
"2019-01-09 05:45:17",1158
"2019-01-09 06:45:14",1158
"2019-01-09 07:45:22",1158
"2019-01-09 08:45:21",1158
"2019-01-09 09:45:14",1158
"2019-01-09 10:45:15",1158
"2019-01-09 11:45:13",1158
"2019-01-09 12:45:12",1158
"2019-01-09 14:10:46",1158
"2019-01-09 14:45:19",1158
"2019-01-09 15:45:16",1158
"2019-01-09 16:45:19",1161
"2019-01-09 17:45:15",1161
"2019-01-09 18:45:16",1162
"2019-01-09 19:45:16",1161
"2019-01-09 20:45:22",1164
"2019-01-09 21:45:16",1162
"2019-01-09 22:45:15",1162
"2019-01-09 23:45:14",1162
"2019-01-10 00:45:12",1162
"2019-01-10 01:45:12",1162
"2019-01-10 02:45:13",1162
"2019-01-10 03:45:12",1162
"2019-01-10 04:45:12",1162
"2019-01-10 05:45:13",1162
"2019-01-10 06:45:11",1162
"2019-01-10 07:45:14",1162
"2019-01-10 08:45:13",1162
"2019-01-10 09:45:12",1162
"2019-01-10 10:45:12",1162
"2019-01-10 11:45:11",1162
"2019-01-10 12:45:11",1162
"2019-01-10 13:45:14",1162
"2019-01-10 15:09:51",1160
"2019-01-10 15:45:17",1160
"2019-01-10 16:45:16",1159
"2019-01-10 17:45:16",1161
"2019-01-10 18:45:13",1158
"2019-01-10 19:45:13",1157
"2019-01-10 20:45:18",1157
"2019-01-10 21:45:16",1158
"2019-01-10 22:45:13",1158
"2019-01-10 23:45:15",1158
"2019-01-11 00:45:15",1158
"2019-01-11 01:45:13",1158
"2019-01-11 02:45:15",1158
"2019-01-11 03:45:14",1158
"2019-01-11 04:45:15",1158
"2019-01-11 05:45:15",1158
"2019-01-11 06:45:12",1158
"2019-01-11 07:45:19",1158
"2019-01-11 08:45:14",1158
"2019-01-11 09:45:15",1158
"2019-01-11 10:45:13",1158
"2019-01-11 11:45:13",1158
"2019-01-11 12:45:14",1158
"2019-01-11 13:45:13",1158
"2019-01-11 14:45:18",1158
"2019-01-11 15:45:18",1159
"2019-01-11 16:45:13",1159
"2019-01-11 17:45:15",1158
"2019-01-11 18:45:14",1158
"2019-01-11 19:45:18",1159
"2019-01-11 20:45:16",1158
"2019-01-11 21:45:12",1159
"2019-01-11 22:45:14",1159
"2019-01-11 23:45:12",1159
"2019-01-12 00:45:13",1159
"2019-01-12 01:45:16",1159
"2019-01-12 02:45:12",1159
"2019-01-12 03:45:14",1159
"2019-01-12 04:45:11",1159
"2019-01-12 05:45:11",1159
"2019-01-12 06:45:13",1159
"2019-01-12 07:45:10",1159
"2019-01-12 08:45:12",1159
"2019-01-12 09:45:13",1159
"2019-01-12 10:45:12",1159
"2019-01-12 11:45:11",1159
"2019-01-12 12:45:11",1159
"2019-01-12 13:45:11",1159
"2019-01-12 14:45:12",1159
"2019-01-12 15:45:11",1159
"2019-01-12 16:45:15",1159
"2019-01-12 17:45:13",1159
"2019-01-12 18:45:11",1159
"2019-01-12 19:45:15",1159
"2019-01-12 20:45:13",1159
"2019-01-12 21:45:12",1159
"2019-01-12 22:45:13",1159
"2019-01-12 23:45:19",1159
"2019-01-13 00:45:12",1159
"2019-01-13 01:45:11",1159
"2019-01-13 02:45:12",1159
"2019-01-13 03:45:12",1159
"2019-01-13 04:45:15",1159
"2019-01-13 05:45:13",1159
"2019-01-13 06:45:12",1159
"2019-01-13 07:45:12",1159
"2019-01-13 08:45:11",1159
"2019-01-13 09:45:14",1159
"2019-01-13 10:45:21",1159
"2019-01-13 11:45:16",1159
"2019-01-13 12:45:12",1159
"2019-01-13 13:45:12",1159
"2019-01-13 14:45:11",1159
"2019-01-13 15:45:13",1159
"2019-01-13 16:45:12",1159
"2019-01-13 17:45:12",1159
"2019-01-13 18:45:12",1159
"2019-01-13 19:45:12",1159
"2019-01-13 20:45:15",1159
"2019-01-13 21:45:12",1159
"2019-01-13 22:45:14",1159
"2019-01-13 23:45:12",1159
"2019-01-14 00:45:12",1159
"2019-01-14 01:45:13",1159
"2019-01-14 02:45:12",1159
"2019-01-14 03:45:12",1159
"2019-01-14 04:45:13",1159
"2019-01-14 05:45:14",1159
"2019-01-14 06:45:12",1159
"2019-01-14 07:45:11",1159
"2019-01-14 08:45:12",1159
"2019-01-14 09:45:12",1159
"2019-01-14 10:45:13",1159
"2019-01-14 11:45:12",1159
"2019-01-14 12:45:12",1159
"2019-01-14 13:45:13",1159
"2019-01-14 14:45:14",1159
"2019-01-14 15:45:17",1162
"2019-01-14 16:45:14",1160
"2019-01-14 17:45:13",1160
"2019-01-14 18:45:14",1159
"2019-01-14 19:45:17",1159
"2019-01-14 20:45:12",1159
"2019-01-14 21:45:13",1159
"2019-01-14 22:45:12",1159
"2019-01-14 23:45:12",1159
"2019-01-15 00:45:12",1159
"2019-01-15 01:45:11",1159
"2019-01-15 02:45:12",1159
"2019-01-15 03:45:12",1159
"2019-01-15 04:45:18",1159
"2019-01-15 05:45:12",1159
"2019-01-15 06:45:11",1159
"2019-01-15 07:45:12",1159
"2019-01-15 08:45:11",1159
"2019-01-15 09:45:11",1159
"2019-01-15 10:45:11",1159
"2019-01-15 11:45:11",1159
"2019-01-15 12:45:12",1159
"2019-01-15 13:45:11",1159
"2019-01-15 14:45:19",1159
"2019-01-15 15:45:15",1160
"2019-01-15 16:45:16",1164
"2019-01-15 17:45:12",1165
"2019-01-15 18:45:13",1168
"2019-01-15 19:45:12",1168
"2019-01-15 20:45:14",1169
"2019-01-15 21:45:13",1169
"2019-01-15 22:45:14",1169
"2019-01-15 23:45:16",1169
"2019-01-16 00:45:12",1169
"2019-01-16 01:45:21",1169
"2019-01-16 02:45:13",1169
"2019-01-16 03:45:11",1169
"2019-01-16 04:45:12",1169
"2019-01-16 05:45:11",1169
"2019-01-16 06:45:11",1169
"2019-01-16 07:45:11",1169
"2019-01-16 08:45:10",1169
"2019-01-16 09:45:11",1169
"2019-01-16 10:45:11",1169
"2019-01-16 11:45:10",1169
"2019-01-16 12:45:10",1169
"2019-01-16 14:11:46",1167
"2019-01-16 15:10:46",1166
"2019-01-16 15:45:14",1166
"2019-01-16 16:45:12",1169
"2019-01-16 17:45:11",1170
"2019-01-16 18:45:18",1171
"2019-01-16 19:45:13",1169
"2019-01-16 20:45:12",1169
"2019-01-16 21:45:12",1170
"2019-01-16 22:45:11",1170
"2019-01-16 23:45:10",1170
"2019-01-17 00:45:11",1170
"2019-01-17 01:45:12",1170
"2019-01-17 02:45:15",1170
"2019-01-17 03:45:12",1170
"2019-01-17 04:45:14",1170
"2019-01-17 05:45:11",1170
"2019-01-17 06:45:11",1170
"2019-01-17 07:45:11",1170
"2019-01-17 08:45:11",1170
"2019-01-17 09:45:12",1170
"2019-01-17 10:45:12",1170
"2019-01-17 11:45:12",1170
"2019-01-17 12:45:11",1170
"2019-01-17 13:45:10",1170
"2019-01-17 15:11:19",1173
"2019-01-17 15:45:16",1173
"2019-01-17 16:45:12",1177
"2019-01-17 17:45:12",1176
"2019-01-17 18:45:13",1175
"2019-01-17 19:45:16",1174
"2019-01-17 20:45:15",1173
"2019-01-17 21:45:12",1172
"2019-01-17 22:45:12",1172
"2019-01-17 23:45:11",1172
"2019-01-18 00:45:13",1172
"2019-01-18 01:45:13",1172
"2019-01-18 02:45:12",1172
"2019-01-18 03:45:16",1172
"2019-01-18 04:45:13",1172
"2019-01-18 05:45:13",1172
"2019-01-18 06:45:12",1172
"2019-01-18 07:45:12",1172
"2019-01-18 08:45:11",1172
"2019-01-18 09:45:13",1172
"2019-01-18 10:45:12",1172
"2019-01-18 11:45:12",1172
"2019-01-18 12:45:13",1172
"2019-01-18 13:45:12",1172
"2019-01-18 14:45:18",1172
"2019-01-18 15:45:17",1178
"2019-01-18 16:45:16",1178
"2019-01-18 17:45:15",1176
"2019-01-18 18:45:14",1175
"2019-01-18 19:45:12",1174
"2019-01-18 20:45:15",1174
"2019-01-18 21:45:13",1174
"2019-01-18 22:45:12",1174
"2019-01-18 23:45:13",1174
"2019-01-19 00:45:12",1174
"2019-01-19 01:45:13",1174
"2019-01-19 02:45:13",1174
"2019-01-19 03:45:12",1174
"2019-01-19 04:45:13",1174
"2019-01-19 05:45:12",1174
"2019-01-19 06:45:12",1174
"2019-01-19 07:45:12",1174
"2019-01-19 08:45:12",1174
"2019-01-19 09:45:12",1174
"2019-01-19 10:45:13",1174
"2019-01-19 11:45:11",1174
"2019-01-19 12:45:10",1174
"2019-01-19 13:45:12",1174
"2019-01-19 14:45:12",1174
"2019-01-19 15:45:14",1174
"2019-01-19 16:45:12",1174
"2019-01-19 17:45:12",1174
"2019-01-19 18:45:11",1174
"2019-01-19 19:45:12",1174
"2019-01-19 20:45:12",1174
"2019-01-19 21:45:12",1174
"2019-01-19 22:45:12",1174
"2019-01-19 23:45:13",1174
"2019-01-20 00:45:14",1174
"2019-01-20 01:45:11",1174
"2019-01-20 02:45:13",1174
"2019-01-20 03:45:12",1174
"2019-01-20 04:45:15",1174
"2019-01-20 05:45:12",1174
"2019-01-20 06:45:13",1174
"2019-01-20 07:45:12",1174
"2019-01-20 08:45:12",1174
"2019-01-20 09:45:12",1174
"2019-01-20 10:45:11",1174
"2019-01-20 11:45:12",1174
"2019-01-20 12:45:12",1174
"2019-01-20 13:45:12",1174
"2019-01-20 14:45:12",1174
"2019-01-20 15:45:12",1174
"2019-01-20 16:45:13",1174
"2019-01-20 17:45:12",1174
"2019-01-20 18:45:12",1174
"2019-01-20 19:45:12",1174
"2019-01-20 20:45:12",1174
"2019-01-20 21:45:12",1174
"2019-01-20 22:45:12",1174
"2019-01-20 23:45:13",1174
"2019-01-21 00:45:12",1174
"2019-01-21 01:45:13",1174
"2019-01-21 02:45:13",1174
"2019-01-21 03:45:12",1174
"2019-01-21 04:45:13",1174
"2019-01-21 05:45:12",1174
"2019-01-21 06:45:12",1174
"2019-01-21 07:45:11",1174
"2019-01-21 08:45:12",1174
"2019-01-21 09:45:13",1174
"2019-01-21 10:45:13",1174
"2019-01-21 11:45:12",1174
"2019-01-21 12:45:12",1174
"2019-01-21 13:45:11",1174
"2019-01-21 14:45:11",1174
"2019-01-21 15:45:11",1174
"2019-01-21 16:45:11",1174
"2019-01-21 17:45:11",1174
"2019-01-21 18:45:11",1174
"2019-01-21 19:45:11",1174
"2019-01-21 20:45:12",1174
"2019-01-21 21:45:11",1174
"2019-01-21 22:45:12",1174
"2019-01-21 23:45:11",1174
"2019-01-22 00:45:12",1174
"2019-01-22 01:45:11",1174
"2019-01-22 02:45:12",1174
"2019-01-22 03:45:12",1174
"2019-01-22 04:45:15",1174
"2019-01-22 05:45:14",1174
"2019-01-22 06:45:11",1175
"2019-01-22 07:45:11",1175
"2019-01-22 08:45:12",1175
"2019-01-22 09:45:11",1175
"2019-01-22 10:45:11",1175
"2019-01-22 11:45:11",1175
"2019-01-22 12:45:11",1175
"2019-01-22 13:45:11",1175
"2019-01-22 14:45:12",1175
"2019-01-22 15:45:12",1177
"2019-01-22 16:45:12",1179
"2019-01-22 17:45:12",1179
"2019-01-22 18:45:12",1178
"2019-01-22 19:45:15",1177
"2019-01-22 20:45:13",1179
"2019-01-22 21:45:14",1179
"2019-01-22 22:45:11",1179
"2019-01-22 23:45:12",1179
"2019-01-23 00:45:12",1179
"2019-01-23 01:45:12",1179
"2019-01-23 02:45:11",1179
"2019-01-23 03:45:13",1179
"2019-01-23 04:45:12",1179
"2019-01-23 05:45:12",1179
"2019-01-23 06:45:14",1179
"2019-01-23 07:45:14",1179
"2019-01-23 08:45:14",1179
"2019-01-23 09:45:15",1179
"2019-01-23 10:45:14",1179
"2019-01-23 11:45:11",1179
"2019-01-23 12:45:12",1179
"2019-01-23 13:45:12",1179
"2019-01-23 15:09:15",1176
"2019-01-23 15:45:12",1176
"2019-01-23 16:45:11",1177
"2019-01-23 17:45:12",1174
"2019-01-23 18:45:12",1174
"2019-01-23 19:45:12",1175
"2019-01-23 20:45:11",1175
"2019-01-23 21:45:12",1177
"2019-01-23 22:45:12",1178
"2019-01-23 23:45:12",1179
"2019-01-30 08:17:16",1176
"2019-01-30 08:23:18",1176
"2019-01-30 08:50:33",1176
"2019-01-30 08:50:36",1176
"2019-01-30 09:50:30",1176
"2019-01-30 09:50:33",1176
"2019-01-30 10:50:31",1176
"2019-01-30 10:50:34",1176
"2019-01-30 11:50:28",1176
"2019-01-30 11:50:38",1176
"2019-01-30 12:50:33",1176
"2019-01-30 12:50:36",1176
"2019-01-30 13:50:30",1176
"2019-01-30 13:50:33",1176
"2019-01-30 14:50:28",1176
"2019-01-30 14:50:38",1176
"2019-01-30 15:50:34",1179
"2019-01-30 15:50:37",1179
"2019-01-30 16:50:31",1179
"2019-01-30 16:50:34",1179
"2019-01-30 17:50:32",1181
"2019-01-30 17:50:36",1181
"2019-01-30 18:50:27",1189
"2019-01-30 18:50:37",1189
"2019-01-30 19:50:37",1192
"2019-01-30 19:50:41",1192
"2019-01-30 20:46:21",1194
"2019-01-30 21:50:32",1192
"2019-01-30 21:50:35",1192
"2019-01-30 22:50:32",1192
"2019-01-30 22:50:36",1192
"2019-01-30 23:50:36",1192
"2019-01-30 23:50:39",1192
"2019-01-31 00:50:36",1192
"2019-01-31 00:50:39",1192
"2019-01-31 01:50:32",1192
"2019-01-31 01:50:35",1192
"2019-01-31 02:50:33",1192
"2019-01-31 02:50:37",1192
"2019-01-31 03:50:34",1192
"2019-01-31 03:50:35",1192
"2019-01-31 04:50:31",1192
"2019-01-31 04:50:33",1192
"2019-01-31 05:50:33",1192
"2019-01-31 05:50:36",1192
"2019-01-31 06:50:34",1192
"2019-01-31 06:50:37",1192
"2019-01-31 08:18:44",1192
"2019-01-31 08:45:18",1192
"2019-01-31 10:08:51",1192
"2019-01-31 10:45:19",1192
"2019-01-31 11:45:17",1192
"2019-01-31 12:45:16",1192
"2019-01-31 13:45:18",1192
"2019-01-31 15:45:19",1192
"2019-01-31 16:45:23",1191
"2019-01-31 17:45:20",1192
"2019-01-31 18:45:20",1191
"2019-01-31 19:45:22",1194
"2019-01-31 20:45:21",1193
"2019-01-31 21:45:19",1190
"2019-01-31 22:45:17",1190
"2019-01-31 23:45:16",1190
"2019-02-01 00:45:17",1190
"2019-02-01 01:45:19",1190
"2019-02-01 02:45:22",1190
"2019-02-01 03:45:20",1190
"2019-02-01 04:45:18",1190
"2019-02-01 05:45:18",1190
"2019-02-01 06:45:19",1190
"2019-02-01 07:45:21",1190
"2019-02-01 08:45:19",1190
"2019-02-01 09:45:19",1190
"2019-02-01 10:45:18",1190
"2019-02-01 11:45:19",1190
"2019-02-01 12:45:17",1190
"2019-02-01 13:45:19",1190
"2019-02-01 14:45:20",1190
"2019-02-01 15:45:19",1193
"2019-02-01 16:45:21",1195
"2019-02-01 17:45:19",1195
"2019-02-01 18:45:25",1195
"2019-02-01 19:45:22",1197
"2019-02-01 20:45:19",1198
"2019-02-01 21:45:23",1198
"2019-02-01 22:45:21",1198
"2019-02-02 00:10:23",1198
"2019-02-02 00:45:19",1198
"2019-02-02 01:45:20",1198
"2019-02-02 02:45:19",1198
"2019-02-02 03:45:18",1198
"2019-02-02 04:45:19",1198
"2019-02-02 05:45:18",1198
"2019-02-02 06:45:19",1198
"2019-02-02 07:45:18",1198
"2019-02-02 08:45:17",1198
"2019-02-02 09:45:17",1198
"2019-02-02 10:45:17",1198
"2019-02-02 11:45:17",1198
"2019-02-02 12:45:19",1198
"2019-02-02 13:45:19",1198
"2019-02-02 14:45:20",1198
"2019-02-02 15:45:18",1198
"2019-02-02 16:45:24",1198
"2019-02-02 17:45:21",1198
"2019-02-02 18:45:20",1198
"2019-02-02 19:45:18",1198
"2019-02-02 20:45:21",1198
"2019-02-02 21:45:18",1198
"2019-02-02 22:45:19",1198
"2019-02-02 23:45:19",1198
"2019-02-03 00:45:19",1198
"2019-02-03 01:45:19",1198
"2019-02-03 02:45:20",1198
"2019-02-03 03:45:20",1198
"2019-02-03 04:45:19",1198
"2019-02-03 05:45:16",1198
"2019-02-03 06:45:19",1198
"2019-02-03 07:45:18",1198
"2019-02-03 08:45:17",1198
"2019-02-03 09:45:18",1198
"2019-02-03 10:45:16",1198
"2019-02-03 11:45:19",1198
"2019-02-03 12:45:19",1198
"2019-02-03 13:45:19",1198
"2019-02-03 14:45:20",1198
"2019-02-03 15:45:17",1198
"2019-02-03 16:45:19",1198
"2019-02-03 17:45:20",1198
"2019-02-03 18:45:22",1198
"2019-02-03 19:45:17",1198
"2019-02-03 20:45:19",1198
"2019-02-03 21:45:22",1198
"2019-02-03 22:45:22",1198
"2019-02-03 23:45:21",1198
"2019-02-04 00:45:20",1198
"2019-02-04 01:45:19",1198
"2019-02-04 02:45:22",1198
"2019-02-04 03:45:20",1198
"2019-02-04 04:45:20",1198
"2019-02-04 05:45:17",1198
"2019-02-04 06:45:18",1198
"2019-02-04 07:45:17",1198
"2019-02-04 08:45:18",1198
"2019-02-04 09:45:18",1198
"2019-02-04 10:45:19",1198
"2019-02-04 11:45:19",1198
"2019-02-04 12:45:16",1198
"2019-02-04 13:45:18",1198
"2019-02-04 14:45:21",1198
"2019-02-04 15:45:22",1206
"2019-02-04 16:45:21",1206
"2019-02-04 17:45:21",1207
"2019-02-04 18:45:22",1204
"2019-02-04 19:45:20",1206
"2019-02-04 20:45:23",1205
"2019-02-04 21:45:22",1208
"2019-02-04 22:45:22",1207
"2019-02-04 23:45:22",1207
"2019-02-05 00:45:21",1207
"2019-02-05 01:45:26",1207
"2019-02-05 02:45:23",1207
"2019-02-05 03:45:22",1207
"2019-02-05 04:45:38",1207
"2019-02-05 05:45:21",1207
"2019-02-05 06:45:21",1207
"2019-02-05 07:45:21",1207
"2019-02-05 08:45:23",1207
"2019-02-05 09:45:21",1207
"2019-02-05 10:45:21",1207
"2019-02-05 11:45:19",1207
"2019-02-05 12:45:19",1207
"2019-02-05 13:45:20",1207
"2019-02-05 14:45:22",1207
"2019-02-05 15:45:20",1221
"2019-02-05 16:45:24",1222
"2019-02-05 17:45:22",1221
"2019-02-05 18:45:26",1221
"2019-02-05 19:45:25",1221
"2019-02-05 20:45:23",1221
"2019-02-05 21:45:22",1221
"2019-02-05 22:45:23",1222
"2019-02-05 23:45:26",1222
"2019-02-06 00:45:22",1222
"2019-02-06 01:45:21",1222
"2019-02-06 02:45:22",1222
"2019-02-06 03:45:23",1222
"2019-02-06 04:45:22",1222
"2019-02-06 05:45:22",1222
"2019-02-06 06:45:25",1222
"2019-02-06 07:45:23",1222
"2019-02-06 08:45:16",1222
"2019-02-06 09:45:16",1222
"2019-02-07 02:45:31",1226
"2019-02-07 03:45:20",1226
"2019-02-07 04:45:20",1226
"2019-02-07 05:45:20",1226
"2019-02-07 06:45:18",1226
"2019-02-07 07:45:18",1226
"2019-02-07 08:45:19",1226
"2019-02-07 09:45:19",1226
"2019-02-07 10:45:23",1226
"2019-02-07 11:45:25",1226
"2019-02-07 12:45:22",1226
"2019-02-07 13:45:23",1226
"2019-02-07 15:08:55",1225
"2019-02-07 15:45:24",1225
"2019-02-07 16:45:26",1225
"2019-02-07 17:45:22",1224
"2019-02-07 18:45:28",1223
"2019-02-07 19:45:27",1225
"2019-02-07 20:45:25",1227
"2019-02-07 21:45:24",1226
"2019-02-07 22:45:22",1227
"2019-02-07 23:45:23",1227
"2019-02-08 00:45:54",1227
"2019-02-08 01:45:22",1227
"2019-02-08 02:45:23",1227
"2019-02-08 03:45:28",1227
"2019-02-08 04:45:23",1227
"2019-02-08 05:45:22",1227
"2019-02-08 06:45:20",1227
"2019-02-08 07:45:21",1226
"2019-02-08 08:45:20",1226
"2019-02-08 09:45:23",1226
"2019-02-08 10:45:22",1226
"2019-02-08 11:45:24",1226
"2019-02-08 12:45:25",1226
"2019-02-08 13:45:24",1226
"2019-02-08 15:09:56",1240
"2019-02-08 15:45:21",1240
"2019-02-08 16:45:23",1251
"2019-02-08 17:45:26",1256
"2019-02-08 18:45:28",1269
"2019-02-08 19:45:28",1273
"2019-02-08 20:45:26",1290
"2019-02-08 21:45:25",1315
"2019-02-08 22:45:23",1317
"2019-02-08 23:45:22",1324
"2019-02-09 00:45:24",1324
"2019-02-09 01:45:22",1324
"2019-02-09 02:45:23",1324
"2019-02-09 03:45:22",1324
"2019-02-09 04:45:26",1324
"2019-02-09 05:45:23",1324
"2019-02-09 06:45:23",1324
"2019-02-09 07:45:22",1324
"2019-02-09 08:45:21",1324
"2019-02-09 09:45:22",1324
"2019-02-09 10:45:22",1324
"2019-02-09 11:45:20",1324
"2019-02-09 12:45:24",1324
"2019-02-09 13:45:22",1324
"2019-02-09 14:45:23",1324
"2019-02-09 15:45:25",1324
"2019-02-09 16:45:25",1324
"2019-02-09 17:45:25",1324
"2019-02-09 18:45:23",1324
"2019-02-09 19:45:24",1324
"2019-02-09 20:45:24",1324
"2019-02-09 21:45:25",1324
"2019-02-09 22:45:23",1324
"2019-02-09 23:45:24",1324
"2019-02-10 00:45:23",1324
"2019-02-10 01:45:25",1324
"2019-02-10 02:45:24",1324
"2019-02-10 03:45:23",1324
"2019-02-10 04:45:28",1324
"2019-02-10 05:45:29",1324
"2019-02-10 06:45:27",1324
"2019-02-10 07:45:22",1324
"2019-02-10 08:45:23",1324
"2019-02-10 09:45:22",1324
"2019-02-10 10:45:21",1324
"2019-02-10 11:45:22",1324
"2019-02-10 12:45:22",1324
"2019-02-10 13:45:24",1324
"2019-02-10 14:45:24",1324
"2019-02-10 15:45:27",1324
"2019-02-10 16:45:27",1324
"2019-02-10 17:45:25",1324
"2019-02-10 18:45:24",1324
"2019-02-10 19:45:27",1324
"2019-02-10 20:45:25",1324
"2019-02-10 21:45:23",1324
"2019-02-10 22:45:26",1324
"2019-02-10 23:45:27",1324
"2019-02-11 00:45:26",1324
"2019-02-11 01:45:25",1324
"2019-02-11 02:45:29",1324
"2019-02-11 03:45:28",1324
"2019-02-11 04:45:29",1324
"2019-02-11 05:45:27",1324
"2019-02-11 06:45:27",1325
"2019-02-11 07:45:23",1325
"2019-02-11 08:45:23",1325
"2019-02-11 09:45:23",1325
"2019-02-11 10:45:27",1325
"2019-02-11 11:45:22",1325
"2019-02-11 12:45:22",1325
"2019-02-11 13:45:23",1325
"2019-02-11 14:45:23",1324
"2019-02-11 15:45:22",1312
"2019-02-11 16:45:24",1305
"2019-02-11 17:45:25",1306
"2019-02-11 18:45:25",1307
"2019-02-11 19:45:23",1309
"2019-02-11 20:45:23",1308
"2019-02-11 21:45:21",1307
"2019-02-11 22:45:21",1307
"2019-02-11 23:45:23",1307
"2019-02-12 00:45:22",1307
"2019-02-12 01:45:20",1307
"2019-02-12 02:45:28",1307
"2019-02-12 03:45:23",1307
"2019-02-12 04:45:25",1307
"2019-02-12 05:45:23",1307
"2019-02-12 06:45:23",1307
"2019-02-12 07:45:23",1307
"2019-02-12 08:45:23",1307
"2019-02-12 09:45:24",1307
"2019-02-12 10:45:25",1307
"2019-02-12 11:45:25",1307
"2019-02-12 12:45:23",1307
"2019-02-12 13:45:24",1307
"2019-02-12 14:45:24",1306
"2019-02-12 15:45:28",1302
"2019-02-12 16:45:23",1297
"2019-02-12 17:45:23",1298
"2019-02-12 18:45:24",1296
"2019-02-12 19:45:25",1294
"2019-02-12 20:45:24",1296
"2019-02-12 21:45:25",1295
"2019-02-12 22:45:25",1295
"2019-02-12 23:45:23",1295
"2019-02-13 00:45:25",1295
"2019-02-13 01:45:27",1295
"2019-02-13 02:45:25",1295
"2019-02-13 03:45:25",1295
"2019-02-13 04:45:26",1295
"2019-02-13 05:45:26",1295
"2019-02-13 06:45:24",1295
"2019-02-13 07:45:24",1295
"2019-02-13 08:45:22",1295
"2019-02-13 09:45:22",1295
"2019-02-13 10:45:24",1295
"2019-02-13 11:45:23",1295
"2019-02-13 12:45:25",1295
"2019-02-13 13:45:23",1295
"2019-02-13 14:45:23",1296
"2019-02-13 15:45:25",1301
"2019-02-13 16:45:22",1302
"2019-02-13 17:45:26",1303
"2019-02-13 18:45:21",1302
"2019-02-13 19:45:21",1301
"2019-02-13 20:45:22",1302
"2019-02-13 21:45:22",1302
"2019-02-13 22:45:26",1302
"2019-02-13 23:45:25",1302
"2019-02-14 00:45:23",1302
"2019-02-14 01:45:26",1302
"2019-02-14 02:45:26",1302
"2019-02-14 03:45:27",1302
"2019-02-14 04:45:24",1302
"2019-02-14 05:45:27",1302
"2019-02-14 06:45:23",1302
"2019-02-14 07:45:24",1302
"2019-02-14 08:45:21",1302
"2019-02-14 09:45:21",1302
"2019-02-14 10:45:22",1302
"2019-02-14 11:45:24",1302
"2019-02-14 12:45:23",1302
"2019-02-14 13:45:24",1302
"2019-02-14 14:45:24",1302
"2019-02-14 15:45:25",1303
"2019-02-14 16:45:21",1308
"2019-02-14 17:45:24",1306
"2019-02-14 18:45:24",1310
"2019-02-14 19:45:24",1310
"2019-02-14 20:45:26",1309
"2019-02-14 21:45:24",1307
"2019-02-14 22:45:26",1306
"2019-02-15 00:45:27",1306
"2019-02-15 01:45:28",1306
"2019-02-15 02:45:29",1306
"2019-02-15 03:45:30",1306
"2019-02-15 04:45:31",1306
"2019-02-15 05:45:24",1306
"2019-02-15 06:45:22",1306
"2019-02-15 07:45:25",1306
"2019-02-15 08:45:23",1306
"2019-02-15 09:45:25",1306
"2019-02-15 10:45:24",1306
"2019-02-15 11:45:25",1306
"2019-02-15 12:45:24",1306
"2019-02-15 14:10:27",1306
"2019-02-15 14:45:27",1306
"2019-02-15 15:45:36",1302
"2019-02-15 16:45:30",1303
"2019-02-15 17:45:24",1303
"2019-02-15 18:45:30",1304
"2019-02-15 19:45:28",1305
"2019-02-15 20:45:25",1306
"2019-02-15 21:45:27",1307
"2019-02-15 22:45:28",1307
"2019-02-15 23:45:28",1307
"2019-02-16 00:45:29",1307
"2019-02-16 01:45:35",1307
"2019-02-16 02:45:33",1307
"2019-02-16 03:45:30",1307
"2019-02-16 04:45:25",1307
"2019-02-16 05:45:28",1307
"2019-02-16 06:45:24",1307
"2019-02-16 07:45:23",1307
"2019-02-16 08:45:24",1307
"2019-02-16 09:45:27",1307
"2019-02-16 10:45:25",1307
"2019-02-16 11:45:25",1307
"2019-02-16 12:45:25",1307
"2019-02-16 13:45:31",1307
"2019-02-16 14:45:27",1307
"2019-02-16 15:45:33",1307
"2019-02-16 16:45:24",1307
"2019-02-16 17:45:24",1307
"2019-02-16 18:45:25",1307
"2019-02-16 19:45:23",1307
"2019-02-16 20:45:26",1307
"2019-02-16 21:45:25",1307
"2019-02-16 22:45:24",1307
"2019-02-16 23:45:23",1307
"2019-02-17 00:45:25",1307
"2019-02-17 01:45:23",1307
"2019-02-17 02:45:21",1307
"2019-02-17 03:45:28",1307
"2019-02-17 04:45:23",1307
"2019-02-17 05:45:26",1307
"2019-02-17 06:45:24",1307
"2019-02-17 07:45:24",1307
"2019-02-17 08:45:23",1307
"2019-02-17 09:45:21",1307
"2019-02-17 10:45:23",1307
"2019-02-17 11:45:23",1307
"2019-02-17 12:45:20",1307
"2019-02-17 13:45:24",1307
"2019-02-17 14:45:23",1307
"2019-02-17 15:45:27",1307
"2019-02-17 16:45:24",1307
"2019-02-17 17:45:25",1307
"2019-02-17 18:45:25",1307
"2019-02-17 19:45:26",1307
"2019-02-17 20:45:26",1307
"2019-02-17 21:45:22",1307
"2019-02-17 22:45:23",1307
"2019-02-17 23:45:23",1307
"2019-02-18 00:45:23",1307
"2019-02-18 01:45:25",1307
"2019-02-18 02:45:27",1307
"2019-02-18 03:45:27",1307
"2019-02-18 04:45:23",1307
"2019-02-18 05:45:24",1307
"2019-02-18 06:45:22",1307
"2019-02-18 07:45:23",1307
"2019-02-18 08:45:23",1307
"2019-02-18 09:45:24",1307
"2019-02-18 10:45:22",1307
"2019-02-18 11:45:22",1307
"2019-02-18 12:45:23",1307
"2019-02-18 13:45:26",1307
"2019-02-18 14:45:25",1307
"2019-02-18 15:45:26",1307
"2019-02-18 16:45:25",1307
"2019-02-18 17:45:27",1307
"2019-02-18 18:45:25",1307
"2019-02-18 19:45:24",1307
"2019-02-18 20:45:27",1307
"2019-02-18 21:45:23",1307
"2019-02-18 22:45:22",1307
"2019-02-18 23:45:23",1307
"2019-02-19 00:45:24",1307
"2019-02-19 01:45:27",1307
"2019-02-19 02:45:25",1307
"2019-02-19 03:45:25",1307
"2019-02-19 04:45:24",1307
"2019-02-19 05:45:24",1307
"2019-02-19 06:45:23",1307
"2019-02-19 07:45:22",1307
"2019-02-19 08:45:23",1307
"2019-02-19 09:45:21",1307
"2019-02-19 10:45:20",1307
"2019-02-19 11:45:18",1307
"2019-02-19 12:45:19",1307
"2019-02-19 14:09:54",1307
"2019-02-19 14:45:24",1307
"2019-02-19 15:45:27",1315
"2019-02-19 16:45:25",1321
"2019-02-19 17:45:26",1325
"2019-02-19 18:45:31",1325
"2019-02-19 19:45:27",1325
"2019-02-19 20:45:31",1327
"2019-02-19 21:45:28",1330
"2019-02-19 22:45:30",1330
"2019-02-19 23:45:28",1330
"2019-02-20 00:45:35",1330
"2019-02-20 01:45:29",1330
"2019-02-20 02:45:30",1330
"2019-02-20 03:45:37",1330
"2019-02-20 04:45:31",1330
"2019-02-20 05:45:26",1330
"2019-02-20 06:45:26",1330
"2019-02-20 07:45:24",1330
"2019-02-20 08:45:28",1330
"2019-02-20 09:45:27",1330
"2019-02-20 10:45:24",1330
"2019-02-20 11:45:27",1330
"2019-02-20 12:45:27",1330
"2019-02-20 13:45:27",1330
"2019-02-20 14:45:30",1330
"2019-02-20 15:45:30",1328
"2019-02-20 16:45:29",1330
"2019-02-20 17:45:28",1333
"2019-02-20 18:45:29",1334
"2019-02-20 19:45:30",1333
"2019-02-20 20:45:32",1333
"2019-02-20 21:45:30",1334
"2019-02-20 22:45:31",1334
"2019-02-20 23:45:26",1334
"2019-02-21 00:45:28",1334
"2019-02-21 01:45:29",1334
"2019-02-21 02:45:32",1334
"2019-02-21 03:45:30",1334
"2019-02-21 04:45:27",1334
"2019-02-21 05:45:28",1334
"2019-02-21 06:45:26",1334
"2019-02-21 07:45:25",1334
"2019-02-21 08:45:23",1334
"2019-02-21 09:45:25",1334
"2019-02-21 10:45:25",1334
"2019-02-21 11:45:26",1334
"2019-02-21 12:45:23",1334
"2019-02-21 13:45:24",1334
"2019-02-21 14:45:27",1334
"2019-02-21 15:45:31",1343
"2019-02-21 17:09:26",1342
"2019-02-21 17:45:24",1342
"2019-02-21 18:45:24",1342
"2019-02-21 19:45:25",1341
"2019-02-21 20:45:29",1340
"2019-02-21 21:45:23",1343
"2019-02-21 22:45:25",1343
"2019-02-21 23:45:24",1343
"2019-02-22 00:45:25",1343
"2019-02-22 01:45:29",1343
"2019-02-22 02:45:27",1343
"2019-02-22 03:45:28",1343
"2019-02-22 04:45:26",1343
"2019-02-22 05:45:25",1343
"2019-02-22 06:45:24",1343
"2019-02-22 07:45:29",1343
"2019-02-22 08:45:28",1343
"2019-02-22 09:45:27",1343
"2019-02-22 10:45:25",1343
"2019-02-22 11:45:26",1343
"2019-02-22 12:45:25",1343
"2019-02-22 13:45:23",1343
"2019-02-22 14:45:27",1343
"2019-02-22 15:45:28",1345
"2019-02-22 16:45:27",1344
"2019-02-22 17:45:25",1344
"2019-02-22 18:45:27",1344
"2019-02-22 19:45:25",1341
"2019-02-22 20:45:24",1342
"2019-02-22 21:45:29",1342
"2019-02-22 22:45:25",1343
"2019-02-22 23:45:29",1343
"2019-02-23 00:45:23",1343
"2019-02-23 01:45:28",1343
"2019-02-23 02:45:31",1343
"2019-02-23 03:45:31",1343
"2019-02-23 04:45:29",1343
"2019-02-23 05:45:27",1343
"2019-02-23 06:45:23",1343
"2019-02-23 07:45:24",1343
"2019-02-23 08:45:25",1343
"2019-02-23 09:45:24",1343
"2019-02-23 10:45:25",1343
"2019-02-23 11:45:26",1343
"2019-02-23 12:45:24",1343
"2019-02-23 13:45:23",1343
"2019-02-23 14:45:26",1343
"2019-02-23 15:45:26",1343
"2019-02-23 16:45:24",1343
"2019-02-23 17:45:25",1343
"2019-02-23 18:45:26",1343
"2019-02-23 19:45:26",1343
"2019-02-23 20:45:25",1343
"2019-02-23 21:45:27",1343
"2019-02-23 22:45:24",1343
"2019-02-23 23:45:26",1343
"2019-02-24 00:45:26",1343
"2019-02-24 01:45:26",1343
"2019-02-24 02:45:26",1343
"2019-02-24 03:45:27",1343
"2019-02-24 04:45:26",1343
"2019-02-24 05:45:27",1343
"2019-02-24 06:45:25",1343
"2019-02-24 07:45:25",1343
"2019-02-24 08:45:25",1343
"2019-02-24 09:45:24",1343
"2019-02-24 10:45:23",1343
"2019-02-24 11:45:24",1343
"2019-02-24 12:45:23",1343
"2019-02-24 13:45:24",1343
"2019-02-24 14:45:23",1343
"2019-02-24 15:45:25",1343
"2019-02-24 16:45:25",1343
"2019-02-24 17:45:28",1343
"2019-02-24 18:45:26",1343
"2019-02-24 19:45:27",1343
"2019-02-24 20:45:24",1343
"2019-02-24 21:45:24",1343
"2019-02-24 22:45:26",1343
"2019-02-24 23:45:25",1343
"2019-02-25 00:45:27",1343
"2019-02-25 01:45:25",1343
"2019-02-25 02:45:25",1343
"2019-02-25 03:45:27",1343
"2019-02-25 04:45:25",1343
"2019-02-25 05:45:24",1343
"2019-02-25 06:45:22",1343
"2019-02-25 07:45:25",1343
"2019-02-25 08:45:25",1343
"2019-02-25 09:45:25",1343
"2019-02-25 10:45:23",1343
"2019-02-25 11:45:26",1343
"2019-02-25 12:45:24",1343
"2019-02-25 14:10:29",1343
"2019-02-25 14:45:26",1343
"2019-02-25 15:45:28",1346
"2019-02-25 16:45:26",1345
"2019-02-25 17:45:27",1342
"2019-02-25 18:45:30",1339
"2019-02-25 19:45:24",1338
"2019-02-25 20:45:26",1336
"2019-02-25 21:45:27",1335
"2019-02-25 22:45:25",1335
"2019-02-25 23:45:27",1335
"2019-02-26 00:45:27",1335
"2019-02-26 01:45:26",1335
"2019-02-26 02:45:29",1335
"2019-02-26 03:45:30",1335
"2019-02-26 04:45:30",1335
"2019-02-26 05:45:25",1335
"2019-02-26 06:45:30",1335
"2019-02-26 07:45:29",1335
"2019-02-26 08:45:26",1335
"2019-02-26 09:45:26",1335
"2019-02-26 10:45:22",1335
"2019-02-26 11:45:25",1335
"2019-02-26 12:45:23",1335
"2019-02-26 13:45:25",1335
"2019-02-26 14:45:27",1335
"2019-02-26 15:45:31",1334
"2019-02-26 16:45:28",1334
"2019-02-26 17:45:27",1334
"2019-02-26 18:45:24",1332
"2019-02-26 19:45:32",1336
"2019-02-26 20:45:28",1336
"2019-02-26 21:45:26",1338
"2019-02-26 22:45:31",1340
"2019-02-26 23:45:29",1340
"2019-02-27 00:45:32",1340
"2019-02-27 01:45:31",1340
"2019-02-27 03:46:00",1340
"2019-02-27 04:45:31",1340
"2019-02-27 05:45:29",1340
"2019-02-27 06:45:31",1340
"2019-02-27 07:45:29",1340
"2019-02-27 08:45:27",1340
"2019-02-27 09:45:24",1340
"2019-02-27 10:45:25",1340
"2019-02-27 11:45:29",1340
"2019-02-27 12:45:31",1340
"2019-02-27 13:45:27",1340
"2019-02-27 14:45:31",1338
"2019-02-27 15:45:34",1338
"2019-02-27 16:45:26",1340
"2019-02-27 17:45:27",1342
"2019-02-27 18:45:32",1343
"2019-02-27 19:45:30",1344
"2019-02-27 20:45:27",1345
"2019-02-27 21:45:28",1345
"2019-02-27 22:45:30",1345
"2019-02-27 23:45:26",1345
"2019-02-28 01:45:26",1345
"2019-02-28 02:45:30",1345
"2019-02-28 04:45:28",1345
"2019-02-28 05:45:26",1345
"2019-02-28 06:45:23",1345
"2019-02-28 07:45:25",1345
"2019-02-28 08:45:26",1345
"2019-02-28 09:45:25",1345
"2019-02-28 10:45:26",1345
"2019-02-28 11:45:27",1345
"2019-02-28 12:45:26",1345
"2019-02-28 13:45:27",1345
"2019-02-28 15:09:34",1347
"2019-02-28 15:45:23",1347
"2019-02-28 16:45:30",1346
"2019-02-28 17:45:30",1346
"2019-02-28 18:45:33",1347
"2019-02-28 19:45:30",1346
"2019-02-28 20:45:26",1345
"2019-02-28 21:45:26",1347
"2019-02-28 22:45:29",1347
"2019-02-28 23:45:27",1347
"2019-03-01 00:45:27",1347
"2019-03-01 01:45:29",1347
"2019-03-01 02:45:30",1347
"2019-03-01 03:45:35",1347
"2019-03-01 04:45:30",1347
"2019-03-01 05:45:31",1347
"2019-03-01 06:45:28",1347
"2019-03-01 07:45:30",1347
"2019-03-01 08:45:28",1347
"2019-03-01 09:45:24",1347
"2019-03-01 10:45:27",1347
"2019-03-01 11:45:26",1347
"2019-03-01 12:45:24",1347
"2019-03-01 13:45:34",1347
"2019-03-01 14:45:33",1347
"2019-03-01 15:45:30",1346
"2019-03-01 16:45:29",1344
"2019-03-01 17:45:28",1344
"2019-03-01 18:45:31",1342
"2019-03-01 19:45:31",1343
"2019-03-01 20:45:33",1343
"2019-03-01 21:45:33",1343
"2019-03-01 22:45:33",1343
"2019-03-01 23:45:34",1343
"2019-03-02 07:45:30",1343
"2019-03-02 08:45:29",1343
"2019-03-02 09:45:25",1343
"2019-03-02 10:45:25",1343
"2019-03-02 11:45:29",1343
"2019-03-02 15:45:34",1343
"2019-03-02 16:45:30",1343
"2019-03-02 17:45:28",1343
"2019-03-04 02:45:32",1343
"2019-03-04 07:45:31",1343
"2019-03-04 10:45:27",1343
"2019-03-04 11:45:26",1343
"2019-03-04 12:45:23",1343
"2019-03-04 13:45:21",1343
"2019-03-04 14:45:30",1343
"2019-03-04 15:45:26",1347
"2019-03-04 16:45:29",1346
"2019-03-04 17:45:29",1344
"2019-03-04 18:45:26",1340
"2019-03-04 19:45:32",1342
"2019-03-04 20:45:30",1343
"2019-03-04 21:45:28",1342
"2019-03-04 22:45:30",1342
"2019-03-04 23:45:29",1342
"2019-03-05 00:45:31",1342
"2019-03-05 01:45:28",1342
"2019-03-05 02:45:33",1342
"2019-03-05 03:45:33",1342
"2019-03-05 04:45:30",1342
"2019-03-05 05:45:28",1342
"2019-03-05 06:45:26",1342
"2019-03-05 07:45:26",1342
"2019-03-05 08:45:26",1342
"2019-03-05 09:45:28",1342
"2019-03-05 10:45:25",1342
"2019-03-05 11:45:22",1342
"2019-03-05 12:45:26",1342
"2019-03-05 14:10:39",1342
"2019-03-05 14:45:28",1342
"2019-03-05 15:45:33",1337
"2019-03-05 16:45:31",1338
"2019-03-05 17:45:30",1339
"2019-03-05 18:45:30",1342
"2019-03-05 19:45:29",1343
"2019-03-05 20:45:30",1342
"2019-03-05 21:45:30",1344
"2019-03-05 22:45:32",1344
"2019-03-05 23:45:32",1344
"2019-03-06 00:45:32",1344
"2019-03-06 01:45:31",1344
"2019-03-06 02:45:30",1344
"2019-03-06 03:45:32",1344
"2019-03-06 04:45:35",1344
"2019-03-06 05:45:31",1344
"2019-03-06 06:45:34",1344
"2019-03-06 07:45:29",1344
"2019-03-06 08:45:26",1344
"2019-03-06 09:45:27",1344
"2019-03-06 10:45:31",1344
"2019-03-06 11:46:33",1344
"2019-03-06 12:45:54",1344
"2019-03-06 14:10:35",1345
"2019-03-06 14:46:09",1345
"2019-03-06 15:46:02",1344
"2019-03-06 16:45:25",1345
"2019-03-06 17:45:35",1349
"2019-03-06 18:45:32",1348
"2019-03-06 19:45:30",1350
"2019-03-06 20:45:29",1349
"2019-03-06 21:45:29",1350
"2019-03-06 22:45:29",1349
"2019-03-06 23:45:29",1349
"2019-03-07 00:45:29",1349
"2019-03-07 01:45:31",1349
"2019-03-07 02:45:33",1349
"2019-03-07 04:45:40",1349
"2019-03-07 05:45:32",1349
"2019-03-07 06:45:27",1349
"2019-03-07 07:45:29",1349
"2019-03-07 08:45:31",1349
"2019-03-07 09:45:29",1349
"2019-03-07 10:45:27",1349
"2019-03-07 11:45:28",1349
"2019-03-07 12:45:27",1349
"2019-03-07 13:45:29",1349
"2019-03-07 14:45:32",1351
"2019-03-07 15:45:26",1351
"2019-03-07 16:45:30",1351
"2019-03-07 17:45:33",1350
"2019-03-07 18:45:31",1349
"2019-03-07 20:10:02",1349
"2019-03-07 20:45:29",1349
"2019-03-07 21:45:31",1350
"2019-03-07 22:45:35",1349
"2019-03-07 23:45:26",1350
"2019-03-08 00:45:30",1350
"2019-03-08 01:45:30",1350
"2019-03-08 02:45:28",1350
"2019-03-08 04:45:28",1350
"2019-03-08 05:45:28",1350
"2019-03-08 06:45:28",1350
"2019-03-08 07:45:28",1350
"2019-03-08 08:45:27",1350
"2019-03-08 09:45:26",1350
"2019-03-08 10:45:26",1350
"2019-03-08 11:45:26",1350
"2019-03-08 12:45:27",1350
"2019-03-08 14:10:33",1350
"2019-03-08 14:45:25",1350
"2019-03-08 15:45:32",1347
"2019-03-08 16:45:26",1348
"2019-03-08 17:45:26",1348
"2019-03-08 18:45:30",1347
"2019-03-08 19:45:30",1349
"2019-03-08 20:45:24",1351
"2019-03-08 21:45:34",1352
"2019-03-08 22:45:25",1352
"2019-03-08 23:45:31",1351
"2019-03-09 00:45:36",1351
"2019-03-09 01:45:31",1351
"2019-03-09 02:45:28",1351
"2019-03-09 03:45:31",1351
"2019-03-09 04:45:29",1351
"2019-03-09 05:45:28",1351
"2019-03-09 06:45:26",1351
"2019-03-09 07:45:27",1351
"2019-03-09 08:45:24",1351
"2019-03-09 09:45:22",1351
"2019-03-09 10:45:25",1351
"2019-03-09 11:45:24",1351
"2019-03-09 12:45:25",1351
"2019-03-09 13:45:23",1351
"2019-03-09 14:45:27",1351
"2019-03-09 15:45:29",1351
"2019-03-09 16:45:27",1351
"2019-03-09 17:45:26",1351
"2019-03-09 18:45:27",1351
"2019-03-09 19:45:27",1351
"2019-03-09 20:45:26",1351
"2019-03-09 21:45:24",1351
"2019-03-09 22:45:27",1351
"2019-03-09 23:45:26",1351
"2019-03-10 00:45:27",1351
"2019-03-10 01:45:28",1351
"2019-03-10 02:45:30",1351
"2019-03-10 03:45:27",1351
"2019-03-10 04:45:25",1351
"2019-03-10 05:45:26",1351
"2019-03-10 06:45:27",1351
"2019-03-10 07:45:24",1351
"2019-03-10 08:45:22",1351
"2019-03-10 09:45:25",1351
"2019-03-10 10:45:23",1351
"2019-03-10 11:45:24",1351
"2019-03-10 12:45:25",1351
"2019-03-10 13:45:23",1351
"2019-03-10 14:45:23",1351
"2019-03-10 15:45:31",1351
"2019-03-10 16:45:27",1351
"2019-03-10 17:45:31",1351
"2019-03-10 18:45:32",1351
"2019-03-10 19:45:27",1351
"2019-03-10 20:45:26",1351
"2019-03-10 21:45:25",1351
"2019-03-10 22:45:24",1351
"2019-03-10 23:45:26",1351
"2019-03-11 00:45:27",1351
"2019-03-11 01:45:29",1351
"2019-03-11 02:45:26",1351
"2019-03-11 03:45:26",1351
"2019-03-11 04:45:27",1351
"2019-03-11 05:45:27",1351
"2019-03-11 06:45:25",1351
"2019-03-11 07:45:26",1351
"2019-03-11 08:45:22",1351
"2019-03-11 09:45:26",1351
"2019-03-11 10:45:26",1351
"2019-03-11 11:45:24",1351
"2019-03-11 12:45:29",1351
"2019-03-11 13:45:28",1351
"2019-03-11 14:45:29",1357
"2019-03-11 15:45:26",1359
"2019-03-11 16:45:27",1355
"2019-03-11 17:45:26",1355
"2019-03-11 18:45:27",1354
"2019-03-11 19:45:26",1355
"2019-03-11 20:45:26",1356
"2019-03-11 21:45:28",1356
"2019-03-11 22:45:26",1356
"2019-03-11 23:45:29",1356
"2019-03-12 00:45:32",1356
"2019-03-12 01:45:27",1356
"2019-03-12 02:45:27",1356
"2019-03-12 03:45:30",1356
"2019-03-12 04:45:27",1356
"2019-03-12 05:45:28",1356
"2019-03-12 06:45:28",1356
"2019-03-12 07:45:24",1356
"2019-03-12 08:45:25",1356
"2019-03-12 09:45:24",1356
"2019-03-12 10:45:28",1356
"2019-03-12 11:45:25",1356
"2019-03-12 12:45:28",1356
"2019-03-12 13:45:27",1356
"2019-03-12 14:45:26",1357
"2019-03-12 15:45:27",1355
"2019-03-12 16:45:27",1354
"2019-03-12 17:45:25",1355
"2019-03-12 18:45:27",1356
"2019-03-12 19:45:25",1353
"2019-03-12 20:45:27",1352
"2019-03-12 21:45:25",1352
"2019-03-12 22:45:28",1352
"2019-03-12 23:45:31",1352
"2019-03-13 00:45:29",1352
"2019-03-13 01:45:29",1352
"2019-03-13 02:45:27",1352
"2019-03-13 03:45:29",1352
"2019-03-13 04:45:29",1352
"2019-03-13 05:45:28",1352
"2019-03-13 06:45:26",1352
"2019-03-13 07:45:29",1352
"2019-03-13 08:45:26",1352
"2019-03-13 09:45:26",1352
"2019-03-13 10:45:23",1352
"2019-03-13 11:45:23",1352
"2019-03-13 13:09:27",1352
"2019-03-13 13:45:26",1352
"2019-03-13 14:45:26",1355
"2019-03-13 15:45:26",1353
"2019-03-13 16:45:29",1352
"2019-03-13 17:45:29",1352
"2019-03-13 18:45:23",1353
"2019-03-13 19:45:28",1357
"2019-03-13 20:45:26",1359
"2019-03-13 21:45:27",1360
"2019-03-13 22:45:24",1361
"2019-03-13 23:45:27",1361
"2019-03-14 00:45:25",1361
"2019-03-14 01:45:28",1361
"2019-03-14 02:45:29",1361
"2019-03-14 03:45:25",1361
"2019-03-14 04:45:27",1361
"2019-03-14 05:45:24",1361
"2019-03-14 06:45:27",1361
"2019-03-14 07:45:26",1361
"2019-03-14 08:45:23",1361
"2019-03-14 09:45:23",1361
"2019-03-14 10:45:28",1361
"2019-03-14 11:45:26",1361
"2019-03-14 13:10:01",1363
"2019-03-14 13:45:26",1363
"2019-03-14 14:45:29",1378
"2019-03-14 15:45:29",1378
"2019-03-14 16:45:28",1379
"2019-03-14 17:45:29",1390
"2019-03-14 18:45:26",1397
"2019-03-14 19:45:34",1398
"2019-03-14 20:45:28",1397
"2019-03-14 21:45:30",1397
"2019-03-14 22:45:33",1397
"2019-03-14 23:45:32",1397
"2019-03-15 00:45:29",1397
"2019-03-15 01:45:29",1397
"2019-03-15 02:45:30",1397
"2019-03-15 03:45:30",1397
"2019-03-15 04:45:28",1397
"2019-03-15 05:45:26",1397
"2019-03-15 06:45:24",1397
"2019-03-15 07:45:27",1397
"2019-03-15 08:45:30",1397
"2019-03-15 09:45:30",1397
"2019-03-15 10:45:32",1397
"2019-03-15 11:45:30",1397
"2019-03-15 12:45:28",1397
"2019-03-15 13:45:30",1397
"2019-03-15 14:45:28",1400
"2019-03-15 15:45:33",1399
"2019-03-15 16:45:31",1397
"2019-03-15 17:45:32",1399
"2019-03-15 18:45:29",1398
"2019-03-15 19:45:29",1400
"2019-03-15 20:45:29",1400
"2019-03-15 21:45:27",1402
"2019-03-15 22:45:27",1402
"2019-03-15 23:45:31",1402
"2019-03-16 00:45:29",1402
"2019-03-16 01:45:26",1402
"2019-03-16 02:45:30",1402
"2019-03-16 03:45:31",1402
"2019-03-16 04:45:31",1402
"2019-03-16 05:45:31",1402
"2019-03-16 06:45:28",1402
"2019-03-16 07:45:28",1402
"2019-03-16 08:45:31",1402
"2019-03-16 09:45:27",1402
"2019-03-16 10:45:26",1402
"2019-03-16 11:45:28",1402
"2019-03-16 12:45:27",1402
"2019-03-16 13:45:30",1402
"2019-03-16 14:45:26",1402
"2019-03-16 15:45:28",1402
"2019-03-16 16:45:28",1402
"2019-03-16 17:45:27",1402
"2019-03-16 18:45:27",1402
"2019-03-16 19:45:26",1402
"2019-03-16 20:45:30",1402
"2019-03-16 21:45:31",1402
"2019-03-16 22:45:30",1402
"2019-03-16 23:45:27",1402
"2019-03-17 00:45:30",1402
"2019-03-17 01:45:29",1402
"2019-03-17 02:45:34",1402
"2019-03-17 03:45:31",1402
"2019-03-17 04:45:30",1402
"2019-03-17 05:45:30",1402
"2019-03-17 06:45:28",1402
"2019-03-17 07:45:27",1402
"2019-03-17 08:45:25",1402
"2019-03-17 09:45:29",1402
"2019-03-17 10:45:25",1402
"2019-03-17 11:45:26",1402
"2019-03-17 12:45:25",1402
"2019-03-17 13:45:25",1402
"2019-03-17 14:45:26",1402
"2019-03-17 15:45:25",1402
"2019-03-17 16:45:23",1402
"2019-03-17 17:45:25",1402
"2019-03-17 18:45:26",1402
"2019-03-17 19:45:26",1402
"2019-03-17 20:45:25",1402
"2019-03-17 21:45:23",1402
"2019-03-17 22:45:25",1402
"2019-03-17 23:45:26",1402
"2019-03-18 00:45:27",1402
"2019-03-18 01:45:25",1402
"2019-03-18 02:45:27",1402
"2019-03-18 03:45:27",1402
"2019-03-18 04:45:28",1402
"2019-03-18 05:45:25",1403
"2019-03-18 06:45:25",1402
"2019-03-18 07:45:27",1402
"2019-03-18 08:45:25",1402
"2019-03-18 09:45:26",1402
"2019-03-18 10:45:26",1402
"2019-03-18 11:45:24",1402
"2019-03-18 12:45:28",1402
"2019-03-18 13:45:31",1401
"2019-03-18 14:45:29",1413
"2019-03-18 15:45:35",1414
"2019-03-18 16:45:28",1416
"2019-03-18 17:45:33",1419
"2019-03-18 18:45:33",1420
"2019-03-18 19:45:32",1418
"2019-03-18 20:45:30",1416
"2019-03-18 21:45:30",1416
"2019-03-18 22:45:33",1416
"2019-03-18 23:45:32",1416
"2019-03-19 00:45:36",1416
"2019-03-19 01:45:34",1416
"2019-03-19 02:45:32",1416
"2019-03-19 03:45:30",1416
"2019-03-19 04:45:29",1416
"2019-03-19 05:45:27",1416
"2019-03-19 06:45:36",1416
"2019-03-19 07:45:30",1416
"2019-03-19 08:45:27",1416
"2019-03-19 09:45:29",1416
"2019-03-19 10:45:31",1416
"2019-03-19 11:45:29",1416
"2019-03-19 12:45:31",1416
"2019-03-19 13:45:30",1416
"2019-03-19 14:45:30",1414
"2019-03-19 15:45:32",1415
"2019-03-19 16:45:29",1415
"2019-03-19 17:45:37",1413
"2019-03-19 18:45:32",1413
"2019-03-19 19:45:36",1408
"2019-03-19 20:45:34",1408
"2019-03-19 21:45:40",1408
"2019-03-19 22:45:37",1409
"2019-03-19 23:45:32",1409
"2019-03-20 00:45:39",1409
"2019-03-20 01:45:36",1409
"2019-03-20 02:45:37",1409
"2019-03-20 03:45:38",1409
"2019-03-20 04:45:35",1409
"2019-03-20 05:45:33",1409
"2019-03-20 06:45:39",1409
"2019-03-20 07:45:39",1409
"2019-03-20 08:45:36",1409
"2019-03-20 09:45:33",1409
"2019-03-20 10:45:34",1409
"2019-03-20 11:45:34",1409
"2019-03-20 13:09:41",1410
"2019-03-20 13:45:34",1410
"2019-03-20 14:45:35",1412
"2019-03-20 15:45:38",1414
"2019-03-20 16:45:32",1413
"2019-03-20 17:45:33",1413
"2019-03-20 18:45:31",1414
"2019-03-20 19:45:31",1413
"2019-03-20 20:45:28",1412
"2019-03-20 21:45:27",1412
"2019-03-20 22:45:29",1414
"2019-03-20 23:45:28",1414
"2019-03-21 00:45:29",1414
"2019-03-21 01:45:27",1414
"2019-03-21 02:45:31",1414
"2019-03-21 03:45:32",1414
"2019-03-21 04:45:28",1414
"2019-03-21 05:45:33",1414
"2019-03-21 06:45:26",1414
"2019-03-21 07:45:26",1414
"2019-03-21 08:45:24",1414
"2019-03-21 09:45:26",1414
"2019-03-21 10:45:29",1414
"2019-03-21 11:45:27",1414
"2019-03-21 13:10:30",1414
"2019-03-21 13:45:26",1414
"2019-03-21 14:45:28",1418
"2019-03-21 15:45:29",1417
"2019-03-21 16:45:26",1417
"2019-03-21 17:45:27",1421
"2019-03-21 18:45:31",1420
"2019-03-21 19:45:28",1416
"2019-03-21 20:45:22",1417
"2019-03-21 21:45:24",1417
"2019-03-21 22:45:23",1417
"2019-03-21 23:45:25",1417
"2019-03-22 00:45:25",1417
"2019-03-22 01:45:25",1417
"2019-03-22 02:45:33",1417
"2019-03-22 03:45:25",1417
"2019-03-22 04:45:24",1417
"2019-03-22 05:45:24",1417
"2019-03-22 06:45:21",1417
"2019-03-22 07:45:22",1417
"2019-03-22 08:45:35",1417
"2019-03-22 09:45:25",1417
"2019-03-22 10:45:23",1417
"2019-03-22 11:45:22",1417
"2019-03-22 12:45:33",1417
"2019-03-22 13:45:23",1419
"2019-03-22 14:45:23",1418
"2019-03-22 15:45:25",1417
"2019-03-22 16:45:25",1415
"2019-03-22 17:45:29",1414
"2019-03-22 18:45:25",1416
"2019-03-22 19:45:23",1416
"2019-03-22 20:45:25",1420
"2019-03-22 21:45:23",1420
"2019-03-22 22:45:24",1420
"2019-03-22 23:45:23",1420
"2019-03-23 00:45:25",1420
"2019-03-23 01:45:33",1420
"2019-03-23 02:45:25",1420
"2019-03-23 03:45:23",1420
"2019-03-23 04:45:23",1420
"2019-03-23 05:45:23",1420
"2019-03-23 06:45:22",1420
"2019-03-23 07:45:29",1420
"2019-03-23 08:45:22",1420
"2019-03-23 09:45:24",1420
"2019-03-23 10:45:22",1420
"2019-03-23 11:45:23",1420
"2019-03-23 12:45:23",1420
"2019-03-23 13:45:27",1420
"2019-03-23 14:45:24",1420
"2019-03-23 15:45:25",1420
"2019-03-23 16:45:23",1420
"2019-03-23 17:45:23",1420
"2019-03-23 18:45:24",1420
"2019-03-23 19:45:30",1420
"2019-03-23 20:45:25",1420
"2019-03-23 21:45:25",1420
"2019-03-23 22:45:23",1420
"2019-03-23 23:45:24",1420
"2019-03-24 00:45:24",1420
"2019-03-24 01:45:25",1420
"2019-03-24 02:45:25",1420
"2019-03-24 03:45:26",1420
"2019-03-24 04:45:33",1420
"2019-03-24 05:45:26",1420
"2019-03-24 06:45:26",1420
"2019-03-24 07:45:25",1420
"2019-03-24 08:45:24",1420
"2019-03-24 09:45:31",1420
"2019-03-24 10:45:27",1420
"2019-03-24 11:45:21",1420
"2019-03-24 12:45:22",1420
"2019-03-24 13:45:28",1420
"2019-03-24 14:45:23",1420
"2019-03-24 15:45:24",1420
"2019-03-24 16:45:23",1420
"2019-03-24 17:45:23",1420
"2019-03-24 18:45:25",1420
"2019-03-24 19:45:24",1420
"2019-03-24 20:45:26",1420
"2019-03-24 21:45:33",1420
"2019-03-24 22:45:27",1420
"2019-03-24 23:45:26",1420
"2019-03-25 00:45:25",1420
"2019-03-25 01:45:26",1420
"2019-03-25 02:45:27",1420
"2019-03-25 03:45:36",1420
"2019-03-25 04:45:25",1420
"2019-03-25 05:45:25",1420
"2019-03-25 06:45:24",1420
"2019-03-25 07:45:24",1420
"2019-03-25 08:45:26",1420
"2019-03-25 09:45:23",1420
"2019-03-25 10:45:25",1420
"2019-03-25 11:45:36",1420
"2019-03-25 13:09:30",1420
"2019-03-25 13:45:33",1420
"2019-03-25 14:45:26",1422
"2019-03-25 15:45:26",1420
"2019-03-25 16:45:26",1427
"2019-03-25 17:45:28",1433
"2019-03-25 18:45:28",1436
"2019-03-25 19:45:33",1440
"2019-03-25 20:45:26",1441
"2019-03-25 21:45:25",1441
"2019-03-25 22:45:41",1441
"2019-03-25 23:45:37",1441
"2019-03-26 00:45:29",1441
"2019-03-26 01:45:28",1441
"2019-03-26 02:45:31",1441
"2019-03-26 03:45:28",1441
"2019-03-26 04:45:26",1441
"2019-03-26 05:45:28",1441
"2019-03-26 06:45:24",1441
"2019-03-26 07:45:25",1441
"2019-03-26 08:45:23",1441
"2019-03-26 09:45:24",1441
"2019-03-26 10:45:30",1441
"2019-03-26 11:45:25",1441
"2019-03-26 12:45:29",1441
"2019-03-26 13:45:36",1441
"2019-03-26 14:45:23",1439
"2019-03-26 15:45:36",1439
"2019-03-26 16:45:32",1438
"2019-03-26 17:45:27",1438
"2019-03-26 18:45:32",1437
"2019-03-26 19:45:38",1436
"2019-03-26 20:45:28",1436
"2019-03-26 21:45:27",1436
"2019-03-26 22:45:27",1436
"2019-03-26 23:45:27",1436
"2019-03-27 00:45:34",1436
"2019-03-27 01:45:27",1436
"2019-03-27 02:45:25",1436
"2019-03-27 03:45:36",1436
"2019-03-27 04:45:31",1436
"2019-03-27 05:45:28",1436
"2019-03-27 06:45:36",1436
"2019-03-27 07:45:25",1436
"2019-03-27 08:45:26",1436
"2019-03-27 09:45:26",1436
"2019-03-27 10:45:33",1436
"2019-03-27 11:45:25",1436
"2019-03-27 13:10:11",1437
"2019-03-27 13:45:28",1437
"2019-03-27 14:45:36",1438
"2019-03-27 15:45:27",1438
"2019-03-27 16:45:29",1438
"2019-03-27 17:45:40",1439
"2019-03-27 18:45:26",1439
"2019-03-27 19:45:24",1440
"2019-03-27 20:45:30",1440
"2019-03-27 21:45:28",1439
"2019-03-27 22:45:42",1439
"2019-03-27 23:45:31",1439
"2019-03-28 00:45:29",1439
"2019-03-28 01:45:27",1439
"2019-03-28 02:45:41",1439
"2019-03-28 03:45:30",1439
"2019-03-28 04:45:34",1439
"2019-03-28 05:45:27",1439
"2019-03-28 06:45:24",1439
"2019-03-28 07:45:25",1439
"2019-03-28 08:45:23",1439
"2019-03-28 09:45:25",1439
"2019-03-28 10:45:25",1439
"2019-03-28 11:45:23",1439
"2019-03-28 13:10:00",1439
"2019-03-28 13:45:33",1439
"2019-03-28 14:45:26",1438
"2019-03-28 15:45:29",1437
"2019-03-28 16:45:31",1437
"2019-03-28 17:45:27",1437
"2019-03-28 18:45:28",1437
"2019-03-28 19:45:27",1438
"2019-03-28 20:45:31",1437
"2019-03-28 21:45:28",1437
"2019-03-28 22:45:27",1437
"2019-03-28 23:45:27",1437
"2019-03-29 00:45:26",1437
"2019-03-29 01:45:45",1437
"2019-03-29 02:45:34",1437
"2019-03-29 03:45:39",1437
"2019-03-29 04:45:32",1437
"2019-03-29 05:45:26",1437
"2019-03-29 06:45:23",1437
"2019-03-29 07:45:25",1437
"2019-03-29 08:45:33",1437
"2019-03-29 09:45:26",1437
"2019-03-29 10:45:27",1437
"2019-03-29 11:45:30",1437
"2019-03-29 13:10:29",1437
"2019-03-29 13:45:29",1437
"2019-03-29 14:45:30",1437
"2019-03-29 15:45:29",1436
"2019-03-29 16:45:22",1433
"2019-03-29 17:45:33",1436
"2019-03-29 18:45:48",1438
"2019-03-29 19:45:32",1439
"2019-03-29 20:45:32",1442
"2019-03-29 21:45:30",1442
"2019-03-29 22:45:37",1442
"2019-03-29 23:45:45",1442
"2019-03-30 00:45:37",1442
"2019-03-30 01:45:34",1442
"2019-03-30 02:45:38",1442
"2019-03-30 03:45:37",1442
"2019-03-30 04:45:38",1442
"2019-03-30 05:45:31",1442
"2019-03-30 06:45:30",1442
"2019-03-30 07:45:31",1442
"2019-03-30 08:45:55",1442
"2019-03-30 09:45:32",1442
"2019-03-30 10:45:32",1442
"2019-03-30 11:45:30",1442
"2019-03-30 12:45:40",1442
"2019-03-30 13:45:24",1442
"2019-03-30 14:45:24",1442
"2019-03-30 15:45:24",1442
"2019-03-30 16:45:24",1442
"2019-03-30 17:45:33",1442
"2019-03-30 18:45:23",1442
"2019-03-30 19:45:25",1442
"2019-03-30 20:45:23",1442
"2019-03-30 21:45:25",1442
"2019-03-30 22:45:33",1442
"2019-03-30 23:45:24",1442
"2019-03-31 00:45:25",1442
"2019-03-31 01:45:29",1442
"2019-03-31 02:45:35",1442
"2019-03-31 03:45:27",1442
"2019-03-31 04:45:24",1442
"2019-03-31 05:45:24",1442
"2019-03-31 06:45:34",1442
"2019-03-31 07:45:26",1442
"2019-03-31 08:45:23",1442
"2019-03-31 09:45:23",1442
"2019-03-31 10:45:29",1442
"2019-03-31 11:45:25",1442
"2019-03-31 12:45:25",1442
"2019-03-31 13:45:30",1442
"2019-03-31 14:45:24",1442
"2019-03-31 15:45:25",1442
"2019-03-31 16:45:28",1442
"2019-03-31 17:45:38",1442
"2019-03-31 18:45:25",1442
"2019-03-31 19:45:25",1442
"2019-03-31 20:45:25",1442
"2019-03-31 21:45:26",1442
"2019-03-31 22:45:24",1442
"2019-03-31 23:45:30",1442
"2019-04-01 00:45:36",1442
"2019-04-01 01:45:30",1442
"2019-04-01 02:45:34",1442
"2019-04-01 03:45:47",1442
"2019-04-01 04:45:28",1442
"2019-04-01 05:45:28",1442
"2019-04-01 06:45:27",1442
"2019-04-01 07:45:34",1442
"2019-04-01 08:45:27",1442
"2019-04-01 09:45:29",1442
"2019-04-01 10:45:35",1442
"2019-04-01 11:45:34",1442
"2019-04-01 13:45:42",1442
"2019-04-01 14:45:37",1449
"2019-04-01 15:45:48",1449
"2019-04-01 16:45:41",1448
"2019-04-01 17:45:32",1448
"2019-04-01 18:45:28",1448
"2019-04-01 19:45:44",1446
"2019-04-01 20:45:29",1446
"2019-04-01 21:45:25",1446
"2019-04-01 22:45:31",1447
"2019-04-01 23:45:31",1447
"2019-04-02 00:45:38",1447
"2019-04-02 01:45:58",1447
"2019-04-02 02:45:31",1447
"2019-04-02 03:45:40",1447
"2019-04-02 04:45:31",1447
"2019-04-02 05:45:27",1447
"2019-04-02 06:45:27",1447
"2019-04-02 07:45:34",1447
"2019-04-02 08:45:28",1447
"2019-04-02 09:45:36",1447
"2019-04-02 10:45:27",1447
"2019-04-02 11:45:26",1447
"2019-04-02 13:10:09",1447
"2019-04-02 13:45:29",1447
"2019-04-02 14:45:26",1451
"2019-04-02 15:45:40",1453
"2019-04-02 16:45:29",1451
"2019-04-02 17:45:38",1450
"2019-04-02 18:45:31",1448
"2019-04-02 19:45:34",1447
"2019-04-02 20:45:40",1447
"2019-04-02 21:45:31",1447
"2019-04-02 22:45:29",1447
"2019-04-02 23:45:31",1447
"2019-04-03 00:45:50",1447
"2019-04-03 01:45:32",1447
"2019-04-03 02:45:30",1447
"2019-04-03 03:45:33",1447
"2019-04-03 04:45:35",1447
"2019-04-03 05:45:33",1447
"2019-04-03 06:45:37",1447
"2019-04-03 07:45:29",1447
"2019-04-03 08:45:30",1447
"2019-04-03 09:45:47",1447
"2019-04-03 10:45:41",1447
"2019-04-03 11:45:33",1447
"2019-04-03 13:10:10",1447
"2019-04-03 13:45:31",1447
"2019-04-03 14:45:38",1454
"2019-04-03 15:45:40",1454
"2019-04-03 16:45:28",1454
"2019-04-03 17:45:27",1454
"2019-04-03 18:45:28",1451
"2019-04-03 19:45:30",1453
"2019-04-03 20:45:31",1451
"2019-04-03 21:45:27",1452
"2019-04-03 22:45:24",1452
"2019-04-03 23:45:35",1452
"2019-04-04 00:45:25",1452
"2019-04-04 01:45:28",1452
"2019-04-04 02:45:28",1452
"2019-04-04 03:45:35",1452
"2019-04-04 04:45:24",1452
"2019-04-04 05:45:24",1452
"2019-04-04 06:45:23",1452
"2019-04-04 07:45:27",1452
"2019-04-04 08:45:33",1452
"2019-04-04 09:45:25",1452
"2019-04-04 10:45:26",1452
"2019-04-04 11:45:34",1452
"2019-04-04 12:45:27",1452
"2019-04-04 13:45:27",1452
"2019-04-04 14:45:38",1451
"2019-04-04 15:45:29",1453
"2019-04-04 16:45:39",1453
"2019-04-04 17:45:25",1446
"2019-04-04 18:45:33",1447
"2019-04-04 19:45:27",1446
"2019-04-04 20:45:26",1449
"2019-04-04 21:45:31",1449
"2019-04-04 22:45:41",1449
"2019-04-04 23:45:27",1449
"2019-04-05 00:45:28",1449
"2019-04-05 01:45:26",1449
"2019-04-05 02:45:25",1449
"2019-04-05 03:45:44",1449
"2019-04-05 04:45:28",1449
"2019-04-05 05:45:26",1449
"2019-04-05 06:45:25",1449
"2019-04-05 07:45:27",1449
"2019-04-05 08:45:40",1449
"2019-04-05 09:45:27",1449
"2019-04-05 10:45:36",1449
"2019-04-05 11:45:27",1449
"2019-04-05 13:09:37",1449
"2019-04-05 13:45:32",1449
"2019-04-05 14:45:31",1449
"2019-04-05 15:45:37",1442
"2019-04-05 16:45:26",1443
"2019-04-05 17:45:27",1443
"2019-04-05 18:45:30",1445
"2019-04-05 19:45:28",1444
"2019-04-05 20:45:28",1445
"2019-04-05 21:45:35",1445
"2019-04-05 22:45:28",1445
"2019-04-05 23:45:32",1445
"2019-04-06 00:45:31",1445
"2019-04-06 01:45:47",1445
"2019-04-06 02:45:35",1445
"2019-04-06 03:45:35",1445
"2019-04-06 04:45:40",1445
"2019-04-06 05:45:31",1445
"2019-04-06 06:45:31",1445
"2019-04-06 07:45:33",1445
"2019-04-06 08:45:43",1445
"2019-04-06 09:45:30",1445
"2019-04-06 10:45:30",1445
"2019-04-06 11:45:33",1445
"2019-04-06 12:45:31",1445
"2019-04-06 13:45:27",1445
"2019-04-06 14:45:27",1445
"2019-04-06 15:45:37",1445
"2019-04-06 16:45:28",1445
"2019-04-06 17:45:27",1445
"2019-04-06 18:45:29",1445
"2019-04-06 19:45:28",1445
"2019-04-06 20:45:25",1445
"2019-04-06 21:45:41",1445
"2019-04-06 22:45:29",1445
"2019-04-06 23:45:28",1445
"2019-04-07 00:45:28",1445
"2019-04-07 01:45:26",1445
"2019-04-07 02:45:31",1445
"2019-04-07 03:45:39",1445
"2019-04-07 04:45:30",1445
"2019-04-07 05:45:30",1445
"2019-04-07 06:45:33",1445
"2019-04-07 07:45:42",1445
"2019-04-07 08:45:32",1445
"2019-04-07 09:45:36",1445
"2019-04-07 10:45:27",1445
"2019-04-07 11:45:37",1445
"2019-04-07 12:45:32",1445
"2019-04-07 13:45:39",1445
"2019-04-07 14:45:29",1445
"2019-04-07 15:45:34",1445
"2019-04-07 16:45:36",1445
"2019-04-07 17:45:29",1445
"2019-04-07 18:45:30",1445
"2019-04-07 19:45:29",1445
"2019-04-07 20:45:37",1445
"2019-04-07 21:45:27",1445
"2019-04-07 22:45:28",1445
"2019-04-07 23:45:27",1445
"2019-04-08 00:45:42",1445
"2019-04-08 01:45:33",1445
"2019-04-08 02:45:29",1445
"2019-04-08 03:45:29",1445
"2019-04-08 04:45:24",1445
"2019-04-08 05:45:38",1445
"2019-04-08 06:45:25",1445
"2019-04-08 07:45:24",1445
"2019-04-08 08:45:25",1445
"2019-04-08 09:45:28",1445
"2019-04-08 10:45:27",1445
"2019-04-08 11:45:42",1445
"2019-04-08 12:45:27",1445
"2019-04-08 13:45:38",1445
"2019-04-08 14:45:25",1455
"2019-04-08 15:45:32",1452
"2019-04-08 16:45:46",1450
"2019-04-08 17:45:29",1451
"2019-04-08 18:45:29",1452
"2019-04-08 19:45:29",1453
"2019-04-08 20:45:29",1453
"2019-04-08 21:45:32",1453
"2019-04-08 22:45:30",1454
"2019-04-08 23:45:28",1454
"2019-04-09 00:45:38",1454
"2019-04-09 01:45:31",1454
"2019-04-09 02:45:32",1454
"2019-04-09 03:45:31",1454
"2019-04-09 04:45:29",1454
"2019-04-09 05:45:35",1454
"2019-04-09 06:45:29",1454
"2019-04-09 07:45:28",1454
"2019-04-09 08:45:32",1454
"2019-04-09 09:45:45",1454
"2019-04-09 10:45:28",1454
"2019-04-09 11:45:31",1454
"2019-04-09 13:10:50",1454
"2019-04-09 13:45:29",1454
"2019-04-09 14:45:29",1455
"2019-04-09 15:45:46",1453
"2019-04-09 16:45:32",1455
"2019-04-09 17:45:30",1456
"2019-04-09 18:45:31",1456
"2019-04-09 19:45:30",1456
"2019-04-09 20:45:31",1458
"2019-04-09 21:45:30",1458
"2019-04-09 22:45:30",1458
"2019-04-09 23:45:40",1458
"2019-04-10 00:45:31",1458
"2019-04-10 01:45:34",1458
"2019-04-10 02:45:33",1458
"2019-04-10 03:45:37",1458
"2019-04-10 04:45:41",1458
"2019-04-10 05:45:29",1458
"2019-04-10 06:45:29",1458
"2019-04-10 07:45:30",1458
"2019-04-10 08:45:41",1458
"2019-04-10 09:45:32",1458
"2019-04-10 10:45:30",1458
"2019-04-10 11:45:35",1458
"2019-04-10 12:45:44",1458
"2019-04-10 13:45:46",1458
"2019-04-10 14:45:32",1462
"2019-04-10 15:45:35",1459
"2019-04-10 16:45:33",1459
"2019-04-10 17:45:42",1460
"2019-04-10 18:45:37",1461
"2019-04-10 19:45:34",1461
"2019-04-10 20:45:30",1461
"2019-04-10 21:45:27",1461
"2019-04-10 22:45:28",1462
"2019-04-10 23:45:41",1462
"2019-04-11 00:45:30",1462
"2019-04-11 01:45:27",1462
"2019-04-11 02:45:31",1462
"2019-04-11 03:45:34",1462
"2019-04-11 04:45:35",1462
"2019-04-11 05:45:32",1462
"2019-04-11 06:45:28",1462
"2019-04-11 18:45:39",1454
"2019-04-11 19:45:51",1452
"2019-04-11 20:45:31",1453
"2019-04-11 21:45:30",1454
"2019-04-11 22:45:29",1454
"2019-04-11 23:45:31",1454
"2019-04-12 00:45:30",1454
"2019-04-12 01:45:33",1454
"2019-04-12 02:45:40",1454
"2019-04-12 03:45:33",1454
"2019-04-12 04:45:31",1454
"2019-04-12 05:45:31",1454
"2019-04-12 06:45:28",1454
"2019-04-12 07:45:29",1454
"2019-04-12 08:45:31",1454
"2019-04-12 09:45:36",1454
"2019-04-12 10:45:29",1454
"2019-04-12 11:45:29",1454
"2019-04-12 13:09:15",1454
"2019-04-12 13:45:32",1454
"2019-04-12 14:45:29",1463
"2019-04-12 15:45:38",1459
"2019-04-12 16:45:34",1462
"2019-04-12 17:45:30",1465
"2019-04-12 18:45:30",1466
"2019-04-12 19:45:30",1464
"2019-04-12 20:45:29",1464
"2019-04-12 21:45:28",1464
"2019-04-12 22:45:43",1464
"2019-04-12 23:45:29",1464
"2019-04-13 00:45:32",1464
"2019-04-13 01:45:31",1464
"2019-04-13 02:45:32",1464
"2019-04-13 03:45:48",1464
"2019-04-13 04:45:33",1464
"2019-04-13 05:45:30",1464
"2019-04-13 06:45:32",1464
"2019-04-13 07:45:27",1464
"2019-04-13 08:45:30",1464
"2019-04-13 09:45:35",1464
"2019-04-13 10:45:27",1464
"2019-04-13 11:45:32",1464
"2019-04-13 12:45:29",1464
"2019-04-13 13:45:32",1464
"2019-04-13 14:45:35",1464
"2019-04-13 15:45:34",1464
"2019-04-13 16:45:32",1464
"2019-04-13 17:45:28",1464
"2019-04-13 18:45:31",1464
"2019-04-13 19:45:31",1464
"2019-04-13 20:45:30",1464
"2019-04-13 21:45:37",1464
"2019-04-13 22:45:29",1464
"2019-04-13 23:45:28",1464
"2019-04-14 00:45:31",1464
"2019-04-14 01:45:34",1464
"2019-04-14 02:45:30",1464
"2019-04-14 03:45:31",1464
"2019-04-14 04:45:41",1464
"2019-04-14 05:45:29",1464
"2019-04-14 06:45:30",1464
"2019-04-14 07:45:34",1464
"2019-04-14 08:45:29",1464
"2019-04-14 09:45:32",1464
"2019-04-14 10:45:27",1464
"2019-04-14 11:45:35",1464
"2019-04-14 12:45:27",1464
"2019-04-14 13:45:32",1464
"2019-04-14 14:45:40",1464
"2019-04-14 15:45:34",1464
"2019-04-14 16:45:36",1464
"2019-04-14 17:45:32",1464
"2019-04-14 18:46:02",1464
"2019-04-14 19:45:34",1464
"2019-04-14 20:45:37",1464
"2019-04-14 21:45:44",1464
"2019-04-14 22:45:30",1464
"2019-04-14 23:45:33",1464
"2019-04-15 00:45:31",1464
"2019-04-15 01:45:30",1464
"2019-04-15 02:45:31",1464
"2019-04-15 03:45:46",1464
"2019-04-15 04:45:32",1464
"2019-04-15 05:45:32",1464
"2019-04-15 06:45:27",1464
"2019-04-15 07:45:30",1464
"2019-04-15 08:45:36",1464
"2019-04-15 09:45:27",1464
"2019-04-15 10:45:27",1464
"2019-04-15 11:45:29",1464
"2019-04-15 13:11:13",1464
"2019-04-15 13:45:28",1464
"2019-04-15 14:45:32",1467
"2019-04-15 15:45:40",1471
"2019-04-15 16:45:30",1470
"2019-04-15 17:45:37",1469
"2019-04-15 18:45:37",1467
"2019-04-15 19:45:57",1467
"2019-04-15 20:45:30",1466
"2019-04-15 21:45:32",1465
"2019-04-15 22:45:33",1465
"2019-04-15 23:45:38",1465
"2019-04-16 00:45:33",1465
"2019-04-16 01:45:31",1465
"2019-04-16 02:45:33",1465
"2019-04-16 03:45:39",1465
"2019-04-16 04:45:32",1465
"2019-04-16 05:45:30",1465
"2019-04-16 06:45:30",1465
"2019-04-16 07:45:28",1465
"2019-04-16 08:45:45",1465
"2019-04-16 09:45:29",1465
"2019-04-16 10:45:39",1465
"2019-04-16 11:45:28",1465
"2019-04-16 13:09:32",1465
"2019-04-16 13:45:30",1465
"2019-04-16 14:45:37",1467
"2019-04-16 15:45:29",1468
"2019-04-16 16:45:29",1467
"2019-04-16 17:45:27",1466
"2019-04-16 18:45:39",1465
"2019-04-16 19:45:30",1466
"2019-04-16 20:45:30",1466
"2019-04-16 21:45:27",1466
"2019-04-16 22:45:27",1466
"2019-04-16 23:45:28",1466
"2019-04-17 00:45:29",1466
"2019-04-17 01:45:32",1466
"2019-04-17 02:45:38",1466
"2019-04-17 03:45:29",1466
"2019-04-17 04:45:29",1466
"2019-04-17 05:45:30",1466
"2019-04-17 06:45:47",1466
"2019-04-17 07:45:31",1466
"2019-04-17 08:45:28",1466
"2019-04-17 09:45:38",1466
"2019-04-17 10:45:28",1466
"2019-04-17 11:45:30",1466
"2019-04-17 13:10:38",1466
"2019-04-17 13:45:32",1466
"2019-04-17 14:45:30",1466
"2019-04-17 15:46:05",1466
"2019-04-17 16:45:30",1467
"2019-04-17 17:45:38",1467
"2019-04-17 18:45:29",1467
"2019-04-17 19:45:29",1468
"2019-04-17 20:45:30",1468
"2019-04-17 21:45:28",1468
"2019-04-17 22:45:31",1468
"2019-04-18 00:45:30",1468
"2019-04-18 01:45:31",1468
"2019-04-18 02:45:28",1468
"2019-04-18 03:45:41",1468
"2019-04-18 04:45:31",1468
"2019-04-18 05:45:38",1468
"2019-04-18 06:45:29",1468
"2019-04-18 07:45:28",1468
"2019-04-18 08:45:37",1468
"2019-04-18 09:45:28",1468
"2019-04-18 10:45:30",1468
"2019-04-18 11:45:34",1468
"2019-04-18 13:10:33",1468
"2019-04-18 13:45:32",1468
"2019-04-18 14:45:39",1467
"2019-04-18 15:45:31",1467
"2019-04-18 16:45:35",1468
"2019-04-18 17:45:39",1467
"2019-04-18 18:45:31",1467
"2019-04-18 19:45:28",1466
"2019-04-18 20:45:30",1465
"2019-04-18 21:45:32",1465
"2019-04-18 22:45:31",1465
"2019-04-18 23:45:37",1465
"2019-04-19 00:47:35",1465
"2019-04-19 02:45:30",1465
"2019-04-19 03:45:42",1465
"2019-04-19 04:45:29",1465
"2019-04-19 05:45:28",1465
"2019-04-19 06:45:31",1465
"2019-04-19 07:45:37",1465
"2019-04-19 08:45:33",1465
"2019-04-19 09:45:29",1465
"2019-04-19 10:45:32",1465
"2019-04-19 11:45:27",1465
"2019-04-19 12:45:30",1465
"2019-04-19 13:45:33",1465
"2019-04-19 14:45:35",1465
"2019-04-19 15:45:28",1465
"2019-04-19 16:45:33",1465
"2019-04-19 17:45:41",1465
"2019-04-19 18:45:30",1465
"2019-04-19 19:45:29",1465
"2019-04-19 20:45:29",1465
"2019-04-19 21:45:29",1465
"2019-04-19 22:45:29",1465
"2019-04-19 23:45:32",1465
"2019-04-20 00:45:39",1465
"2019-04-20 01:45:33",1465
"2019-04-20 02:45:32",1465
"2019-04-20 03:45:29",1465
"2019-04-20 04:45:38",1465
"2019-04-20 05:45:30",1465
"2019-04-20 06:45:29",1465
"2019-04-20 07:45:34",1465
"2019-04-20 08:45:30",1465
"2019-04-20 09:45:37",1465
"2019-04-20 10:45:30",1465
"2019-04-20 11:45:27",1465
"2019-04-20 12:45:44",1465
"2019-04-20 13:46:49",1465
"2019-04-20 14:45:29",1465
"2019-04-20 15:45:27",1465
"2019-04-20 16:45:34",1465
"2019-04-20 17:45:34",1465
"2019-04-20 18:45:28",1465
"2019-04-20 19:45:29",1465
"2019-04-20 20:45:29",1465
"2019-04-20 21:45:28",1465
"2019-04-20 22:45:29",1465
"2019-04-20 23:45:39",1465
"2019-04-21 00:45:28",1465
"2019-04-21 01:45:29",1465
"2019-04-21 02:45:32",1465
"2019-04-21 03:45:31",1465
"2019-04-21 04:45:34",1465
"2019-04-21 05:45:29",1465
"2019-04-21 06:45:27",1465
"2019-04-21 07:45:37",1465
"2019-04-21 08:45:26",1465
"2019-04-21 09:45:28",1465
"2019-04-21 10:45:30",1465
"2019-04-21 11:45:32",1465
"2019-04-21 12:45:29",1465
"2019-04-21 13:45:28",1465
"2019-04-21 14:45:38",1465
"2019-04-21 15:45:29",1465
"2019-04-21 16:45:30",1465
"2019-04-21 17:45:30",1465
"2019-04-21 18:45:27",1465
"2019-04-21 19:45:37",1465
"2019-04-21 20:45:27",1465
"2019-04-21 21:45:29",1465
"2019-04-21 22:45:27",1465
"2019-04-21 23:45:28",1465
"2019-04-22 00:45:28",1465
"2019-04-22 01:45:36",1465
"2019-04-22 02:45:40",1465
"2019-04-22 03:45:30",1465
"2019-04-22 04:45:25",1465
"2019-04-22 05:45:28",1465
"2019-04-22 06:45:33",1465
"2019-04-22 07:45:31",1465
"2019-04-22 08:45:28",1465
"2019-04-22 09:45:27",1465
"2019-04-22 10:45:34",1465
"2019-04-22 11:45:33",1465
"2019-04-22 13:11:05",1465
"2019-04-22 13:45:34",1465
"2019-04-22 14:45:36",1467
"2019-04-22 15:45:30",1468
"2019-04-22 16:45:30",1464
"2019-04-22 17:45:32",1461
"2019-04-22 18:45:36",1459
"2019-04-22 19:45:34",1458
"2019-04-22 20:45:29",1457
"2019-04-22 21:45:30",1457
"2019-04-22 22:45:30",1457
"2019-04-22 23:45:35",1457
"2019-04-23 00:45:33",1457
"2019-04-23 01:45:29",1457
"2019-04-23 02:45:30",1457
"2019-04-23 03:45:34",1457
"2019-04-23 04:45:37",1457
"2019-04-23 05:45:31",1457
"2019-04-23 06:46:07",1457
"2019-04-23 07:45:30",1457
"2019-04-23 08:45:26",1457
"2019-04-23 09:45:29",1457
"2019-04-23 10:45:33",1457
"2019-04-23 11:45:34",1457
"2019-04-23 13:11:35",1457
"2019-04-23 13:45:30",1457
"2019-04-23 14:45:28",1454
"2019-04-23 15:45:36",1453
"2019-04-23 16:45:31",1454
"2019-04-23 17:45:30",1455
"2019-04-23 18:45:29",1455
"2019-04-23 19:45:33",1456
"2019-04-23 20:45:42",1455
"2019-04-23 21:45:32",1456
"2019-04-23 22:45:29",1458
"2019-04-23 23:45:31",1458
"2019-04-24 00:45:28",1458
"2019-04-24 01:45:31",1458
"2019-04-24 02:45:38",1458
"2019-04-24 03:45:32",1458
"2019-04-24 04:45:30",1458
"2019-04-24 05:45:27",1458
"2019-04-24 06:45:32",1458
"2019-04-24 07:45:38",1458
"2019-04-24 08:45:29",1458
"2019-04-24 09:45:30",1458
"2019-04-24 10:45:36",1458
"2019-04-24 11:45:37",1458
"2019-04-24 12:45:28",1458
"2019-04-24 13:45:49",1458
"2019-04-24 14:45:35",1463
"2019-04-24 15:45:35",1461
"2019-04-24 16:45:35",1462
"2019-04-24 17:45:35",1462
"2019-04-24 18:45:49",1469
"2019-04-24 19:45:33",1470
"2019-04-24 20:45:34",1470
"2019-04-24 21:45:33",1470
"2019-04-24 22:45:31",1469
"2019-04-24 23:45:43",1469
"2019-04-25 00:45:34",1469
"2019-04-25 01:45:32",1469
"2019-04-25 02:45:31",1469
"2019-04-25 03:45:42",1469
"2019-04-25 04:45:30",1469
"2019-04-25 05:45:30",1469
"2019-04-25 06:45:37",1469
"2019-04-25 07:45:31",1469
"2019-04-25 08:45:35",1469
"2019-04-25 09:45:29",1469
"2019-04-25 10:45:35",1469
"2019-04-25 11:45:34",1469
"2019-04-25 13:10:07",1469
"2019-04-25 13:45:31",1469
"2019-04-25 14:45:39",1466
"2019-04-25 15:45:30",1465
"2019-04-25 16:45:37",1468
"2019-04-25 17:45:27",1467
"2019-04-25 18:45:28",1468
"2019-04-25 19:45:35",1467
"2019-04-25 20:45:28",1467
"2019-04-25 21:45:37",1466
"2019-04-25 22:45:28",1466
"2019-04-25 23:45:27",1466
"2019-04-26 00:45:31",1466
"2019-04-26 01:45:39",1466
"2019-04-26 02:45:30",1466
"2019-04-26 03:45:30",1466
"2019-04-26 04:45:33",1466
"2019-04-26 05:45:36",1466
"2019-04-26 06:45:33",1466
"2019-04-26 07:45:29",1466
"2019-04-26 08:45:38",1466
"2019-04-26 09:45:27",1466
"2019-04-26 10:45:41",1466
"2019-04-26 11:45:28",1466
"2019-04-26 12:45:29",1466
"2019-04-26 13:45:35",1465
"2019-04-26 14:45:28",1467
"2019-04-26 15:45:36",1467
"2019-04-26 16:45:27",1466
"2019-04-26 17:45:44",1465
"2019-04-26 18:45:29",1464
"2019-04-26 19:45:28",1466
"2019-04-26 20:45:34",1467
"2019-04-26 21:45:27",1467
"2019-04-26 22:45:27",1467
"2019-04-26 23:45:29",1467
"2019-04-27 00:45:30",1467
"2019-04-27 01:45:34",1467
"2019-04-27 02:45:28",1467
"2019-04-27 03:45:27",1467
"2019-04-27 04:45:25",1467
"2019-04-27 05:45:29",1467
"2019-04-27 06:45:34",1467
"2019-04-27 07:45:25",1467
"2019-04-27 08:45:26",1467
"2019-04-27 09:45:32",1467
"2019-04-27 10:45:29",1467
"2019-04-27 11:45:24",1467
"2019-04-27 12:45:26",1467
"2019-04-27 13:45:31",1467
"2019-04-27 14:45:26",1467
"2019-04-27 15:45:25",1467
"2019-04-27 16:45:28",1467
"2019-04-27 17:45:36",1467
"2019-04-27 18:45:28",1467
"2019-04-27 19:45:24",1467
"2019-04-27 20:45:28",1467
"2019-04-27 21:45:30",1467
"2019-04-27 22:45:26",1467
"2019-04-27 23:45:26",1467
"2019-04-28 00:45:26",1467
"2019-04-28 01:45:28",1467
"2019-04-28 02:45:27",1467
"2019-04-28 03:45:26",1467
"2019-04-28 04:45:36",1467
"2019-04-28 05:45:27",1467
"2019-04-28 06:45:26",1467
"2019-04-28 07:45:24",1467
"2019-04-28 08:45:31",1467
"2019-04-28 09:45:26",1467
"2019-04-28 10:45:31",1467
"2019-04-28 11:45:29",1467
"2019-04-28 12:45:25",1467
"2019-04-28 13:45:26",1467
"2019-04-28 14:45:32",1467
"2019-04-28 15:45:27",1467
"2019-04-28 16:45:25",1467
"2019-04-28 17:45:28",1467
"2019-04-28 18:45:28",1467
"2019-04-28 20:45:26",1467
"2019-04-28 21:45:28",1467
"2019-04-28 22:45:26",1467
"2019-04-28 23:45:28",1467
"2019-04-29 00:45:34",1467
"2019-04-29 01:45:24",1467
"2019-04-29 02:45:25",1467
"2019-04-29 03:45:28",1467
"2019-04-29 04:45:33",1467
"2019-04-29 05:45:26",1467
"2019-04-29 06:45:26",1467
"2019-04-29 07:45:27",1467
"2019-04-29 08:45:32",1467
"2019-04-29 09:45:31",1467
"2019-04-29 10:45:25",1467
"2019-04-29 11:45:26",1467
"2019-04-29 12:45:34",1467
"2019-04-29 13:45:26",1467
"2019-04-29 14:45:34",1471
"2019-04-29 15:45:26",1470
"2019-04-29 16:45:30",1468
"2019-04-29 17:45:29",1468
"2019-04-29 18:45:29",1469
"2019-04-29 19:45:32",1468
"2019-04-29 20:45:40",1468
"2019-04-29 21:45:27",1468
"2019-04-29 22:45:25",1469
"2019-04-29 23:45:29",1469
"2019-04-30 00:45:27",1469
"2019-04-30 01:45:32",1469
"2019-04-30 02:45:34",1469
"2019-04-30 03:45:36",1469
"2019-04-30 04:45:30",1469
"2019-04-30 05:45:31",1469
"2019-04-30 06:45:29",1469
"2019-04-30 07:45:29",1469
"2019-04-30 08:45:32",1469
"2019-04-30 09:45:36",1469
"2019-04-30 10:45:32",1469
"2019-04-30 11:45:29",1469
"2019-04-30 13:09:33",1468
"2019-04-30 13:45:33",1468
"2019-04-30 14:45:33",1467
"2019-04-30 15:45:33",1470
"2019-04-30 16:45:33",1472
"2019-04-30 17:45:40",1472
"2019-04-30 18:45:30",1473
"2019-04-30 19:45:35",1473
"2019-04-30 20:45:29",1479
"2019-04-30 21:45:30",1478
"2019-04-30 22:45:26",1478
"2019-04-30 23:45:35",1478
"2019-05-01 00:45:26",1478
"2019-05-01 01:45:38",1478
"2019-05-01 02:45:31",1478
"2019-05-01 03:45:40",1478
"2019-05-01 04:45:38",1478
"2019-05-01 05:45:34",1478
"2019-05-01 06:45:27",1478
"2019-05-01 07:45:34",1478
"2019-05-01 08:45:33",1478
"2019-05-01 09:45:33",1478
"2019-05-01 10:45:27",1478
"2019-05-01 11:45:32",1478
"2019-05-01 13:09:32",1477
"2019-05-01 13:45:34",1477
"2019-05-01 14:45:24",1480
"2019-05-01 15:45:35",1480
"2019-05-01 16:45:30",1480
"2019-05-01 17:45:26",1480
"2019-05-01 18:45:34",1480
"2019-05-01 19:45:39",1475
"2019-05-01 20:45:37",1476
"2019-05-01 21:45:32",1475
"2019-05-01 22:45:36",1475
"2019-05-01 23:45:36",1475
"2019-05-02 00:45:38",1475
"2019-05-02 01:45:31",1475
"2019-05-02 02:45:40",1475
"2019-05-02 03:45:33",1475
"2019-05-02 04:45:41",1475
"2019-05-02 05:45:41",1475
"2019-05-02 06:45:40",1475
"2019-05-02 07:45:36",1475
"2019-05-02 08:45:36",1475
"2019-05-02 09:45:31",1475
"2019-05-02 10:45:37",1475
"2019-05-02 11:45:31",1475
"2019-05-02 13:45:45",1475
"2019-05-02 14:45:32",1472
"2019-05-02 15:45:33",1470
"2019-05-02 16:45:41",1468
"2019-05-02 17:45:33",1468
"2019-05-02 18:45:34",1467
"2019-05-02 19:45:43",1467
"2019-05-02 20:45:34",1467
"2019-05-02 21:45:38",1467
"2019-05-02 22:45:46",1465
"2019-05-02 23:45:31",1465
"2019-05-03 00:45:33",1465
"2019-05-03 01:45:47",1465
"2019-05-03 02:45:35",1465
"2019-05-03 03:45:44",1465
"2019-05-03 04:45:34",1465
"2019-05-03 05:45:54",1465
"2019-05-03 06:45:38",1465
"2019-05-03 07:45:39",1465
"2019-05-03 08:45:39",1465
"2019-05-03 09:45:37",1465
"2019-05-03 10:45:43",1465
"2019-05-03 11:45:37",1465
"2019-05-03 13:08:48",1465
"2019-05-03 13:45:52",1465
"2019-05-03 14:45:44",1469
"2019-05-03 15:45:40",1471
"2019-05-03 16:45:39",1471
"2019-05-03 17:45:42",1471
"2019-05-03 18:45:52",1471
"2019-05-03 19:45:46",1472
"2019-05-03 20:45:33",1473
"2019-05-03 21:45:47",1473
"2019-05-03 22:45:35",1473
"2019-05-03 23:45:44",1473
"2019-05-04 00:45:38",1473
"2019-05-04 01:45:42",1473
"2019-05-04 02:45:46",1473
"2019-05-04 03:45:49",1473
"2019-05-04 04:45:42",1473
"2019-05-04 05:45:40",1473
"2019-05-04 06:45:41",1473
"2019-05-04 07:45:41",1473
"2019-05-04 08:45:33",1473
"2019-05-04 09:45:37",1473
"2019-05-04 10:45:32",1473
"2019-05-04 11:45:39",1473
"2019-05-04 12:45:42",1473
"2019-05-04 13:45:43",1473
"2019-05-04 14:45:34",1473
"2019-05-04 15:45:36",1473
"2019-05-04 16:45:38",1473
"2019-05-04 17:45:33",1473
"2019-05-04 18:45:34",1473
"2019-05-04 19:45:37",1473
"2019-05-04 20:45:32",1473
"2019-05-04 21:45:34",1473
"2019-05-04 22:45:37",1473
"2019-05-04 23:45:40",1473
"2019-05-05 00:45:36",1473
"2019-05-05 01:45:42",1473
"2019-05-05 02:45:35",1473
"2019-05-05 03:45:39",1473
"2019-05-05 04:45:40",1473
"2019-05-05 05:45:42",1473
"2019-05-05 06:45:41",1473
"2019-05-05 07:45:35",1473
"2019-05-05 08:45:30",1473
"2019-05-05 09:45:31",1473
"2019-05-05 10:45:34",1473
"2019-05-05 11:45:37",1473
"2019-05-05 12:45:35",1473
"2019-05-05 13:45:36",1473
"2019-05-05 14:45:36",1473
"2019-05-05 15:45:34",1473
"2019-05-05 16:45:33",1473
"2019-05-05 17:45:42",1473
"2019-05-05 18:45:34",1473
"2019-05-05 19:45:32",1473
"2019-05-05 20:45:34",1473
"2019-05-05 21:45:35",1473
"2019-05-05 22:45:37",1473
"2019-05-05 23:45:38",1473
"2019-05-06 00:45:33",1473
"2019-05-06 01:45:32",1473
"2019-05-06 02:45:33",1473
"2019-05-06 03:45:39",1473
"2019-05-06 04:45:31",1473
"2019-05-06 05:45:30",1473
"2019-05-06 06:45:31",1473
"2019-05-06 07:45:37",1473
"2019-05-06 08:45:32",1473
"2019-05-06 09:45:29",1473
"2019-05-06 10:45:35",1473
"2019-05-06 11:45:36",1473
"2019-05-06 13:10:51",1473
"2019-05-06 13:45:54",1473
"2019-05-06 14:45:52",1476
"2019-05-06 15:45:31",1479
"2019-05-06 16:45:36",1480
"2019-05-06 17:37:27",1480
"2019-05-06 17:45:31",1480
"2019-05-06 18:45:35",1480
"2019-05-06 19:45:37",1480
"2019-05-06 20:45:29",1478
"2019-05-06 21:45:29",1480
"2019-05-06 22:45:33",1480
"2019-05-06 23:45:28",1480
"2019-05-07 00:45:30",1480
"2019-05-07 01:45:43",1480
"2019-05-07 02:45:31",1480
"2019-05-07 03:45:34",1480
"2019-05-07 04:45:33",1480
"2019-05-07 05:45:30",1480
"2019-05-07 06:45:28",1480
"2019-05-07 07:45:29",1480
"2019-05-07 08:45:26",1480
"2019-05-07 09:45:32",1480
"2019-05-07 10:45:29",1480
"2019-05-07 11:45:26",1480
"2019-05-07 12:45:36",1480
"2019-05-07 13:45:34",1480
"2019-05-07 14:45:28",1479
"2019-05-07 15:45:27",1479
"2019-05-07 16:45:36",1479
"2019-05-07 17:45:34",1480
"2019-05-07 18:45:33",1477
"2019-05-07 19:45:35",1479
"2019-05-07 20:45:31",1477
"2019-05-07 21:45:28",1477
"2019-05-07 22:45:29",1477
"2019-05-07 23:45:34",1477
"2019-05-08 00:45:29",1477
"2019-05-08 01:45:30",1477
"2019-05-08 02:45:31",1477
"2019-05-08 03:45:36",1477
"2019-05-08 04:45:31",1477
"2019-05-08 05:45:32",1477
"2019-05-08 06:45:31",1477
"2019-05-08 07:45:29",1477
"2019-05-08 08:45:28",1477
"2019-05-08 09:45:39",1477
"2019-05-08 10:45:29",1477
"2019-05-08 11:45:33",1477
"2019-05-08 13:09:36",1477
"2019-05-08 13:45:33",1477
"2019-05-08 14:45:37",1482
"2019-05-08 15:45:36",1478
"2019-05-08 16:45:33",1477
"2019-05-08 17:45:35",1477
"2019-05-08 18:45:42",1476
"2019-05-08 19:45:32",1476
"2019-05-08 20:45:29",1476
"2019-05-08 21:45:32",1476
"2019-05-08 22:45:30",1476
"2019-05-08 23:45:44",1476
"2019-05-09 00:45:31",1476
"2019-05-09 01:45:33",1476
"2019-05-09 02:45:36",1476
"2019-05-09 03:45:42",1476
"2019-05-09 04:45:42",1476
"2019-05-09 05:45:33",1476
"2019-05-09 06:45:38",1476
"2019-05-09 07:45:35",1476
"2019-05-09 08:45:34",1476
"2019-05-09 09:45:42",1476
"2019-05-09 10:45:32",1476
"2019-05-09 11:45:37",1476
"2019-05-09 13:09:07",1476
"2019-05-09 13:45:34",1476
"2019-05-09 14:45:36",1476
"2019-05-09 15:45:37",1476
"2019-05-09 16:45:34",1476
"2019-05-09 17:45:42",1478
"2019-05-09 18:45:34",1480
"2019-05-09 19:45:35",1477
"2019-05-09 20:45:34",1477
"2019-05-09 21:45:31",1477
"2019-05-09 22:45:43",1476
"2019-05-09 23:45:31",1476
"2019-05-10 00:45:34",1476
"2019-05-10 01:45:37",1476
"2019-05-10 02:45:48",1476
"2019-05-10 03:45:32",1476
"2019-05-10 04:45:43",1476
"2019-05-10 05:45:31",1476
"2019-05-10 06:46:04",1476
"2019-05-10 07:45:30",1476
"2019-05-10 08:45:37",1476
"2019-05-10 09:45:31",1476
"2019-05-10 10:45:34",1476
"2019-05-10 11:45:31",1476
"2019-05-10 12:45:42",1476
"2019-05-10 13:45:32",1476
"2019-05-10 14:45:38",1473
"2019-05-10 15:45:32",1473
"2019-05-10 16:45:33",1473
"2019-05-10 17:45:33",1472
"2019-05-10 18:45:41",1473
"2019-05-10 19:45:33",1473
"2019-05-10 20:45:31",1473
"2019-05-10 21:45:32",1473
"2019-05-10 22:45:37",1473
"2019-05-10 23:45:35",1473
"2019-05-11 00:45:45",1473
"2019-05-11 01:45:31",1473
"2019-05-11 02:45:42",1473
"2019-05-11 03:45:32",1473
"2019-05-11 04:45:32",1473
"2019-05-11 05:45:46",1473
"2019-05-11 06:45:30",1473
"2019-05-11 07:45:29",1473
"2019-05-11 08:45:38",1473
"2019-05-11 09:45:29",1473
"2019-05-11 10:45:42",1473
"2019-05-11 11:45:31",1473
"2019-05-11 12:45:31",1473
"2019-05-11 13:45:37",1473
"2019-05-11 14:45:31",1473
"2019-05-11 15:45:34",1473
"2019-05-11 16:45:44",1473
"2019-05-11 17:45:32",1473
"2019-05-11 18:45:35",1473
"2019-05-11 19:45:34",1473
"2019-05-11 20:45:32",1473
"2019-05-11 21:45:37",1473
"2019-05-11 22:45:36",1473
"2019-05-11 23:45:34",1473
"2019-05-12 00:45:31",1473
"2019-05-12 01:45:32",1473
"2019-05-12 02:45:33",1473
"2019-05-12 03:45:41",1473
"2019-05-12 04:45:32",1473
"2019-05-12 05:45:34",1473
"2019-05-12 06:45:32",1473
"2019-05-12 07:45:38",1473
"2019-05-12 08:45:30",1473
"2019-05-12 09:45:35",1473
"2019-05-12 10:45:31",1473
"2019-05-12 11:45:29",1473
"2019-05-12 12:45:30",1473
"2019-05-12 13:45:36",1473
"2019-05-12 14:45:31",1473
"2019-05-12 15:45:31",1473
"2019-05-12 16:45:34",1473
"2019-05-12 17:45:39",1473
"2019-05-12 18:45:31",1473
"2019-05-12 19:45:31",1473
"2019-05-12 20:45:30",1473
"2019-05-12 21:45:30",1473
"2019-05-12 22:45:40",1473
"2019-05-12 23:45:30",1473
"2019-05-13 00:45:33",1473
"2019-05-13 01:45:29",1473
"2019-05-13 02:45:29",1473
"2019-05-13 03:45:36",1473
"2019-05-13 04:45:28",1473
"2019-05-13 05:45:28",1474
"2019-05-13 06:45:35",1474
"2019-05-13 07:45:27",1474
"2019-05-13 08:45:30",1474
"2019-05-13 09:45:31",1474
"2019-05-13 10:45:36",1474
"2019-05-13 11:45:32",1474
"2019-05-13 13:09:05",1474
"2019-05-13 13:45:30",1474
"2019-05-13 14:45:30",1472
"2019-05-13 15:45:38",1467
"2019-05-13 16:45:31",1464
"2019-05-13 17:45:32",1463
"2019-05-13 18:45:33",1463
"2019-05-13 19:45:36",1460
"2019-05-13 20:45:30",1458
"2019-05-13 21:45:32",1458
"2019-05-13 22:45:31",1459
"2019-05-13 23:45:31",1459
"2019-05-14 00:45:55",1459
"2019-05-14 01:45:30",1459
"2019-05-14 02:45:33",1459
"2019-05-14 03:45:40",1459
"2019-05-14 04:45:32",1459
"2019-05-14 05:45:31",1459
"2019-05-14 06:45:40",1459
"2019-05-14 07:45:33",1459
"2019-05-14 08:45:32",1459
"2019-05-14 09:45:39",1459
"2019-05-14 10:45:31",1459
"2019-05-14 11:45:31",1459
"2019-05-14 13:08:38",1459
"2019-05-14 13:45:34",1459
"2019-05-14 14:45:30",1458
"2019-05-14 15:45:35",1457
"2019-05-14 16:45:33",1457
"2019-05-14 17:45:36",1456
"2019-05-14 18:45:33",1457
"2019-05-14 19:45:28",1458
"2019-05-14 20:45:30",1458
"2019-05-14 21:45:29",1458
"2019-05-14 22:45:37",1458
"2019-05-14 23:45:32",1458
"2019-05-15 00:45:31",1458
"2019-05-15 01:45:32",1458
"2019-05-15 02:45:31",1458
"2019-05-15 03:45:37",1458
"2019-05-15 04:45:33",1458
"2019-05-15 05:45:34",1458
"2019-05-15 06:45:36",1458
"2019-05-15 07:45:33",1458
"2019-05-15 08:45:34",1458
"2019-05-15 09:45:40",1458
"2019-05-15 10:45:42",1458
"2019-05-15 11:45:30",1458
"2019-05-15 13:09:38",1458
"2019-05-15 13:45:33",1458
"2019-05-15 14:45:34",1458
"2019-05-15 15:45:31",1460
"2019-05-15 16:45:39",1461
"2019-05-15 17:45:33",1461
"2019-05-15 18:45:38",1461
"2019-05-15 19:45:33",1463
"2019-05-15 20:45:34",1463
"2019-05-15 21:45:37",1463
"2019-05-15 22:45:33",1463
"2019-05-15 23:45:32",1463
"2019-05-16 00:45:32",1463
"2019-05-16 01:45:43",1463
"2019-05-16 02:45:37",1463
"2019-05-16 03:45:31",1463
"2019-05-16 04:45:32",1463
"2019-05-16 05:45:38",1463
"2019-05-16 06:45:35",1463
"2019-05-16 07:45:40",1463
"2019-05-16 08:45:40",1463
"2019-05-16 09:45:40",1463
"2019-05-16 10:45:56",1463
"2019-05-16 11:45:35",1463
"2019-05-16 13:08:43",1463
"2019-05-16 13:45:52",1463
"2019-05-16 14:45:35",1462
"2019-05-16 15:45:35",1462
"2019-05-16 16:45:42",1461
"2019-05-16 17:45:35",1461
"2019-05-16 18:45:39",1461
"2019-05-16 19:45:39",1463
"2019-05-16 20:45:34",1460
"2019-05-16 21:45:39",1460
"2019-05-16 22:45:41",1460
"2019-05-16 23:45:37",1460
"2019-05-17 00:45:51",1460
"2019-05-17 01:45:41",1460
"2019-05-17 02:45:36",1460
"2019-05-17 03:45:35",1460
"2019-05-17 04:45:35",1460
"2019-05-17 05:45:37",1460
"2019-05-17 06:45:44",1460
"2019-05-17 07:45:37",1460
"2019-05-17 08:45:46",1460
"2019-05-17 09:45:44",1460
"2019-05-17 10:45:35",1460
"2019-05-17 11:45:42",1460
"2019-05-17 13:10:11",1460
"2019-05-17 13:45:53",1460
"2019-05-17 14:45:38",1458
"2019-05-17 15:45:34",1459
"2019-05-17 16:45:40",1460
"2019-05-17 17:45:35",1461
"2019-05-17 18:45:35",1463
"2019-05-17 19:45:42",1464
"2019-05-17 20:45:34",1464
"2019-05-17 21:45:35",1464
"2019-05-17 22:45:36",1463
"2019-05-17 23:45:35",1463
"2019-05-18 00:45:35",1463
"2019-05-18 01:45:39",1463
"2019-05-18 02:45:38",1463
"2019-05-18 04:45:32",1463
"2019-05-18 05:45:25",1463
"2019-05-18 06:45:30",1463
"2019-05-18 07:45:26",1463
"2019-05-18 08:45:26",1463
"2019-05-18 09:45:25",1463
"2019-05-18 10:45:25",1463
"2019-05-18 11:45:30",1463
"2019-05-18 12:45:25",1463
"2019-05-18 13:45:28",1463
"2019-05-18 14:45:26",1463
"2019-05-18 15:45:31",1463
"2019-05-18 16:45:25",1463
"2019-05-18 17:45:28",1463
"2019-05-18 18:45:24",1463
"2019-05-18 19:45:26",1463
"2019-05-18 20:45:25",1463
"2019-05-18 21:45:26",1463
"2019-05-18 22:45:26",1463
"2019-05-18 23:45:24",1463
"2019-05-19 00:45:24",1463
"2019-05-19 01:45:25",1463
"2019-05-19 02:45:25",1463
"2019-05-19 03:45:24",1463
"2019-05-19 04:45:28",1463
"2019-05-19 05:45:24",1463
"2019-05-19 06:45:25",1463
"2019-05-19 07:45:25",1463
"2019-05-19 08:45:24",1463
"2019-05-19 09:45:24",1463
"2019-05-19 10:45:24",1463
"2019-05-19 11:45:26",1463
"2019-05-19 12:45:28",1463
"2019-05-19 13:45:27",1463
"2019-05-19 14:45:25",1463
"2019-05-19 15:45:25",1463
"2019-05-19 16:45:28",1463
"2019-05-19 17:45:27",1463
"2019-05-19 18:45:25",1463
"2019-05-19 19:45:26",1463
"2019-05-19 20:45:27",1463
"2019-05-19 21:45:26",1463
"2019-05-19 22:45:25",1463
"2019-05-19 23:45:27",1463
"2019-05-20 00:45:26",1463
"2019-05-20 01:45:26",1463
"2019-05-20 02:45:29",1463
"2019-05-20 03:45:26",1463
"2019-05-20 04:45:28",1463
"2019-05-20 05:45:26",1463
"2019-05-20 06:45:25",1463
"2019-05-20 07:45:26",1463
"2019-05-20 08:45:26",1463
"2019-05-20 09:45:26",1463
"2019-05-20 10:45:25",1463
"2019-05-20 11:45:27",1463
"2019-05-20 12:45:31",1463
"2019-05-20 13:45:29",1463
"2019-05-20 14:45:27",1462
"2019-05-20 15:45:25",1461
"2019-05-20 16:45:28",1461
"2019-05-20 17:45:26",1461
"2019-05-20 18:45:24",1463
"2019-05-20 19:45:25",1466
"2019-05-20 20:45:25",1467
"2019-05-20 21:45:25",1467
"2019-05-20 22:45:26",1467
"2019-05-20 23:45:31",1467
"2019-05-21 00:45:25",1467
"2019-05-21 01:45:28",1467
"2019-05-21 02:45:25",1467
"2019-05-21 03:45:26",1467
"2019-05-21 04:45:27",1467
"2019-05-21 05:45:25",1467
"2019-05-21 06:45:23",1467
"2019-05-21 07:45:26",1467
"2019-05-21 08:45:25",1467
"2019-05-21 09:45:22",1467
"2019-05-21 10:45:26",1467
"2019-05-21 11:45:23",1467
"2019-05-21 13:09:28",1466
"2019-05-21 13:45:25",1466
"2019-05-21 14:45:27",1467
"2019-05-21 15:45:24",1469
"2019-05-21 16:45:24",1472
"2019-05-21 17:45:24",1472
"2019-05-21 18:45:26",1472
"2019-05-21 19:45:26",1473
"2019-05-21 20:45:25",1480
"2019-05-21 21:45:24",1480
"2019-05-21 22:45:29",1480
"2019-05-21 23:45:27",1480
"2019-05-22 00:45:25",1480
"2019-05-22 01:45:25",1480
"2019-05-22 02:45:25",1480
"2019-05-22 03:45:25",1480
"2019-05-22 04:45:28",1480
"2019-05-22 05:45:26",1480
"2019-05-22 06:45:25",1480
"2019-05-22 07:45:26",1480
"2019-05-22 08:45:32",1480
"2019-05-22 09:45:32",1480
"2019-05-22 10:45:24",1480
"2019-05-22 11:45:27",1480
"2019-05-22 12:45:26",1480
"2019-05-22 13:45:27",1480
"2019-05-22 14:45:25",1481
"2019-05-22 15:45:30",1483
"2019-05-22 16:45:26",1483
"2019-05-22 17:45:24",1482
"2019-05-22 18:45:26",1484
"2019-05-22 19:45:24",1483
"2019-05-22 20:45:24",1485
"2019-05-22 21:45:25",1485
"2019-05-22 22:45:24",1485
"2019-05-22 23:45:24",1485
"2019-05-23 00:45:26",1485
"2019-05-23 01:45:25",1485
"2019-05-23 02:45:28",1485
"2019-05-23 03:45:27",1485
"2019-05-23 04:45:29",1485
"2019-05-23 05:45:26",1485
"2019-05-23 06:45:26",1485
"2019-05-23 07:45:28",1485
"2019-05-23 08:45:27",1485
"2019-05-23 09:45:26",1485
"2019-05-23 10:45:26",1485
"2019-05-23 11:45:25",1485
"2019-05-23 12:45:30",1485
"2019-05-23 13:45:26",1485
"2019-05-23 14:45:27",1477
"2019-05-23 15:45:24",1477
"2019-05-23 16:45:25",1476
"2019-05-23 17:45:25",1474
"2019-05-23 18:45:25",1475
"2019-05-23 19:45:28",1475
"2019-05-23 20:45:26",1472
"2019-05-23 21:45:25",1473
"2019-05-23 22:45:25",1473
"2019-05-23 23:45:27",1473
"2019-05-24 00:45:27",1473
"2019-05-24 01:45:26",1473
"2019-05-24 02:45:25",1473
"2019-05-24 03:45:25",1473
"2019-05-24 04:45:26",1473
"2019-05-24 05:45:30",1473
"2019-05-24 06:45:24",1473
"2019-05-24 07:45:24",1473
"2019-05-24 08:45:25",1473
"2019-05-24 09:45:27",1473
"2019-05-24 10:45:29",1473
"2019-05-24 11:45:26",1473
"2019-05-24 13:09:30",1472
"2019-05-24 13:45:26",1472
"2019-05-24 14:45:26",1467
"2019-05-24 15:45:25",1463
"2019-05-24 16:45:25",1463
"2019-05-24 17:45:27",1462
"2019-05-24 18:45:29",1462
"2019-05-24 19:45:27",1463
"2019-05-24 20:45:28",1462
"2019-05-24 21:45:30",1462
"2019-05-24 22:45:27",1462
"2019-05-24 23:45:31",1462
"2019-05-25 00:45:28",1462
"2019-05-25 01:45:25",1462
"2019-05-25 04:45:29",1462
"2019-05-26 04:45:31",1462
"2019-05-26 05:45:27",1462
"2019-05-26 06:45:26",1462
"2019-05-26 07:45:28",1462
"2019-05-26 08:45:25",1462
"2019-05-26 09:45:25",1462
"2019-05-26 10:45:27",1462
"2019-05-26 11:45:27",1462
"2019-05-26 12:45:25",1462
"2019-05-26 13:45:25",1462
"2019-05-26 14:45:28",1462
"2019-05-26 15:45:24",1462
"2019-05-26 16:45:25",1462
"2019-05-26 17:45:30",1462
"2019-05-26 18:45:27",1462
"2019-05-26 19:46:11",1462
"2019-05-26 20:45:25",1462
"2019-05-26 21:45:27",1462
"2019-05-26 22:45:27",1462
"2019-05-26 23:45:24",1462
"2019-05-27 00:45:25",1462
"2019-05-27 01:45:26",1462
"2019-05-27 02:45:27",1462
"2019-05-27 03:45:28",1462
"2019-05-27 04:45:28",1462
"2019-05-27 05:45:26",1462
"2019-05-27 06:45:27",1462
"2019-05-27 07:45:32",1462
"2019-05-27 08:45:32",1462
"2019-05-27 09:45:31",1462
"2019-05-27 10:45:28",1462
"2019-05-27 11:45:25",1462
"2019-05-27 12:45:25",1462
"2019-05-27 13:45:27",1462
"2019-05-27 14:45:26",1462
"2019-05-27 15:45:26",1462
"2019-05-27 16:45:26",1462
"2019-05-27 17:45:30",1462
"2019-05-27 18:45:25",1462
"2019-05-27 19:45:24",1462
"2019-05-27 20:45:25",1462
"2019-05-27 21:45:25",1462
"2019-05-27 22:45:24",1462
"2019-05-27 23:45:25",1462
"2019-05-28 00:45:25",1462
"2019-05-28 01:45:26",1462
"2019-05-28 02:45:29",1462
"2019-05-28 03:45:26",1462
"2019-05-28 04:45:26",1462
"2019-05-28 05:45:26",1462
"2019-05-28 06:45:32",1462
"2019-05-28 07:45:28",1462
"2019-05-28 08:45:26",1462
"2019-05-28 09:45:29",1462
"2019-05-28 10:45:25",1462
"2019-05-28 11:45:25",1462
"2019-05-28 12:45:25",1462
"2019-05-28 13:45:27",1462
"2019-05-28 14:45:27",1464
"2019-05-28 15:45:26",1464
"2019-05-28 16:45:27",1460
"2019-05-28 17:45:31",1462
"2019-05-28 18:45:28",1461
"2019-05-28 19:45:26",1461
"2019-05-28 20:45:26",1460
"2019-05-28 21:45:26",1460
"2019-05-28 22:45:27",1460
"2019-05-28 23:45:28",1460
"2019-05-29 00:45:28",1460
"2019-05-29 01:45:26",1460
"2019-05-29 02:45:26",1460
"2019-05-29 03:45:26",1460
"2019-05-29 04:45:26",1460
"2019-05-29 05:45:29",1460
"2019-05-29 06:45:27",1460
"2019-05-29 07:45:30",1460
"2019-05-29 08:45:27",1460
"2019-05-29 09:45:35",1460
"2019-05-29 10:45:28",1460
"2019-05-29 11:45:26",1460
"2019-05-29 13:08:31",1460
"2019-05-29 13:45:29",1460
"2019-05-29 14:45:29",1459
"2019-05-29 15:45:27",1458
"2019-05-29 16:45:27",1458
"2019-05-29 17:45:28",1458
"2019-05-29 18:45:28",1458
"2019-05-29 19:45:30",1457
"2019-05-29 20:45:25",1458
"2019-05-29 21:45:27",1458
"2019-05-29 22:45:27",1458
"2019-05-29 23:45:28",1458
"2019-05-30 00:45:26",1458
"2019-05-30 01:45:28",1458
"2019-05-30 02:45:29",1458
"2019-05-30 03:45:28",1458
"2019-05-30 04:45:28",1458
"2019-05-30 05:45:30",1458
"2019-05-30 06:45:27",1458
"2019-05-30 07:45:26",1458
"2019-05-30 08:45:34",1458
"2019-05-30 09:45:27",1458
"2019-05-30 10:45:25",1458
"2019-05-30 11:45:27",1458
"2019-05-30 12:45:31",1458
"2019-05-30 13:45:26",1458
"2019-05-30 14:45:30",1462
"2019-05-30 15:45:28",1462
"2019-05-30 16:45:26",1462
"2019-05-30 17:45:28",1462
"2019-05-30 18:45:27",1463
"2019-05-30 19:45:27",1464
"2019-05-30 20:45:25",1461
"2019-05-30 21:45:25",1460
"2019-05-30 22:45:29",1460
"2019-05-30 23:45:26",1460
"2019-05-31 00:45:25",1460
"2019-05-31 01:45:27",1460
"2019-05-31 02:45:25",1460
"2019-05-31 03:45:25",1460
"2019-05-31 04:45:26",1460
"2019-05-31 05:45:26",1460
"2019-05-31 06:45:27",1460
"2019-05-31 07:45:25",1460
"2019-05-31 08:45:27",1460
"2019-05-31 09:45:28",1460
"2019-05-31 10:45:26",1460
"2019-05-31 11:45:26",1460
"2019-05-31 12:46:12",1460
"2019-05-31 13:45:29",1461
"2019-05-31 14:45:26",1459
"2019-05-31 15:45:27",1457
"2019-05-31 16:45:26",1458
"2019-05-31 17:45:31",1458
"2019-05-31 18:45:26",1458
"2019-05-31 19:45:25",1459
"2019-05-31 20:45:26",1458
"2019-05-31 21:45:27",1458
"2019-05-31 22:45:23",1458
"2019-05-31 23:45:26",1458
"2019-06-01 00:45:25",1458
"2019-06-01 01:45:25",1458
"2019-06-01 02:45:26",1458
"2019-06-01 03:45:25",1458
"2019-06-01 04:45:26",1458
"2019-06-01 05:45:26",1458
"2019-06-01 06:45:31",1458
"2019-06-01 07:45:24",1458
"2019-06-01 08:45:27",1458
"2019-06-01 09:45:25",1458
"2019-06-01 10:45:28",1458
"2019-06-01 11:45:25",1458
"2019-06-01 12:45:25",1458
"2019-06-01 13:45:25",1458
"2019-06-01 14:45:32",1458
"2019-06-01 15:45:28",1458
"2019-06-01 16:45:25",1458
"2019-06-01 17:45:27",1458
"2019-06-01 18:45:25",1458
"2019-06-01 19:45:28",1458
"2019-06-01 20:45:25",1458
"2019-06-01 21:45:28",1458
"2019-06-01 22:45:26",1458
"2019-06-01 23:45:27",1458
"2019-06-02 00:45:29",1458
"2019-06-02 01:45:32",1458
"2019-06-02 02:45:28",1458
"2019-06-02 03:45:27",1458
"2019-06-02 04:45:26",1458
"2019-06-02 05:45:31",1458
"2019-06-02 06:45:26",1458
"2019-06-02 07:45:25",1458
"2019-06-02 08:45:25",1458
"2019-06-02 09:45:25",1458
"2019-06-02 10:45:26",1458
"2019-06-02 11:45:25",1458
"2019-06-02 12:45:31",1458
"2019-06-02 13:45:26",1458
"2019-06-02 14:45:28",1458
"2019-06-02 15:45:23",1458
"2019-06-02 16:45:25",1458
"2019-06-02 17:45:27",1458
"2019-06-02 18:45:27",1458
"2019-06-02 19:45:27",1458
"2019-06-02 20:45:26",1458
"2019-06-02 21:45:27",1458
"2019-06-02 22:45:26",1458
"2019-06-02 23:45:25",1458
"2019-06-03 00:45:25",1458
"2019-06-03 01:45:30",1458
"2019-06-03 02:45:26",1458
"2019-06-03 03:45:26",1458
"2019-06-03 04:45:25",1458
"2019-06-03 05:45:26",1458
"2019-06-03 06:45:27",1458
"2019-06-03 07:45:25",1458
"2019-06-03 08:45:27",1458
"2019-06-03 09:45:26",1458
"2019-06-03 10:45:29",1458
"2019-06-03 11:45:29",1458
"2019-06-03 12:45:25",1458
"2019-06-03 13:45:29",1457
"2019-06-03 14:45:29",1455
"2019-06-03 15:45:26",1458
"2019-06-03 16:45:26",1459
"2019-06-03 17:45:25",1458
"2019-06-03 18:45:27",1456
"2019-06-03 19:45:28",1458
"2019-06-03 20:45:25",1456
"2019-06-03 21:45:27",1456
"2019-06-03 22:45:26",1456
"2019-06-03 23:45:30",1456
"2019-06-04 00:45:26",1456
"2019-06-04 01:45:27",1456
"2019-06-04 02:45:27",1456
"2019-06-04 03:46:15",1456
"2019-06-04 04:45:28",1456
"2019-06-04 05:45:26",1456
"2019-06-04 06:45:26",1456
"2019-06-04 07:45:25",1456
"2019-06-04 08:45:31",1456
"2019-06-04 09:45:25",1456
"2019-06-04 10:45:28",1456
"2019-06-04 11:45:26",1456
"2019-06-04 13:07:59",1456
"2019-06-04 13:45:27",1456
"2019-06-04 14:45:31",1455
"2019-06-04 15:45:27",1457
"2019-06-04 16:45:27",1455
"2019-06-04 17:45:29",1454
"2019-06-04 18:45:27",1454
"2019-06-04 19:45:27",1454
"2019-06-04 20:45:27",1454
"2019-06-04 21:45:25",1454
"2019-06-04 22:45:26",1454
"2019-06-04 23:45:30",1454
"2019-06-05 00:45:25",1454
"2019-06-05 01:45:27",1454
"2019-06-05 02:45:29",1454
"2019-06-05 03:45:29",1454
"2019-06-05 04:45:31",1454
"2019-06-05 05:45:26",1454
"2019-06-05 06:45:26",1454
"2019-06-05 07:45:26",1454
"2019-06-05 08:45:33",1454
"2019-06-05 09:45:26",1454
"2019-06-05 10:45:26",1454
"2019-06-05 11:45:31",1454
"2019-06-05 13:09:31",1454
"2019-06-05 13:45:27",1454
"2019-06-05 14:45:26",1454
"2019-06-05 15:45:28",1455
"2019-06-05 16:45:27",1456
"2019-06-05 17:45:28",1455
"2019-06-05 18:45:27",1455
"2019-06-05 19:45:32",1455
"2019-06-05 20:45:27",1454
"2019-06-05 21:45:27",1454
"2019-06-05 22:45:27",1454
"2019-06-05 23:45:27",1454
"2019-06-06 00:45:27",1454
"2019-06-06 01:45:26",1454
"2019-06-06 02:45:28",1454
"2019-06-06 03:45:28",1454
"2019-06-06 04:45:34",1454
"2019-06-06 05:45:27",1454
"2019-06-06 06:45:30",1454
"2019-06-06 07:45:27",1454
"2019-06-06 08:45:35",1454
"2019-06-06 09:45:30",1454
"2019-06-06 10:45:34",1454
"2019-06-06 11:45:26",1454
"2019-06-06 13:09:30",1454
"2019-06-06 13:45:28",1454
"2019-06-06 14:45:28",1453
"2019-06-06 15:45:30",1453
"2019-06-06 16:45:28",1452
"2019-06-06 17:45:30",1452
"2019-06-06 18:45:32",1451
"2019-06-06 19:45:30",1453
"2019-06-06 20:45:27",1453
"2019-06-06 21:45:29",1453
"2019-06-06 22:45:26",1453
"2019-06-06 23:45:26",1453
"2019-06-07 00:45:30",1453
"2019-06-07 01:45:29",1453
"2019-06-07 02:45:30",1453
"2019-06-07 03:45:29",1453
"2019-06-07 04:45:33",1453
"2019-06-07 05:45:27",1453
"2019-06-07 06:45:31",1453
"2019-06-07 07:45:28",1453
"2019-06-07 08:45:29",1453
"2019-06-07 09:45:31",1453
"2019-06-07 10:45:28",1453
"2019-06-07 11:45:28",1452
"2019-06-07 13:09:34",1452
"2019-06-07 13:45:32",1452
"2019-06-07 14:45:30",1453
"2019-06-07 15:45:29",1453
"2019-06-07 16:45:29",1450
"2019-06-07 17:45:28",1451
"2019-06-07 18:45:29",1452
"2019-06-07 19:45:26",1452
"2019-06-07 20:45:28",1452
"2019-06-07 21:45:29",1452
"2019-06-07 22:45:26",1452
"2019-06-07 23:45:32",1452
"2019-06-08 00:45:29",1452
"2019-06-08 01:45:33",1452
"2019-06-08 02:45:30",1452
"2019-06-08 03:45:33",1452
"2019-06-08 04:45:29",1452
"2019-06-08 05:45:36",1452
"2019-06-08 06:45:32",1452
"2019-06-08 07:45:33",1452
"2019-06-08 08:45:28",1452
"2019-06-08 09:45:30",1452
"2019-06-08 10:45:30",1452
"2019-06-08 11:45:30",1452
"2019-06-08 12:45:29",1452
"2019-06-08 13:45:27",1452
"2019-06-08 14:45:26",1452
"2019-06-08 15:45:31",1452
"2019-06-08 16:45:30",1452
"2019-06-08 17:45:29",1452
"2019-06-08 18:45:30",1452
"2019-06-08 19:45:27",1452
"2019-06-08 20:45:29",1452
"2019-06-08 21:45:27",1452
"2019-06-08 22:45:27",1452
"2019-06-08 23:45:32",1452
"2019-06-09 00:45:27",1452
"2019-06-09 01:45:28",1452
"2019-06-09 02:45:35",1452
"2019-06-09 03:45:35",1452
"2019-06-09 04:45:27",1452
"2019-06-09 05:45:32",1452
"2019-06-09 06:45:26",1452
"2019-06-09 07:45:32",1452
"2019-06-09 08:45:27",1452
"2019-06-09 09:45:30",1452
"2019-06-09 10:45:28",1452
"2019-06-09 11:45:29",1452
"2019-06-09 12:45:31",1452
"2019-06-09 13:45:28",1452
"2019-06-09 14:45:27",1452
"2019-06-09 15:45:30",1452
"2019-06-09 16:45:28",1452
"2019-06-09 17:45:31",1452
"2019-06-09 18:45:27",1452
"2019-06-09 19:45:28",1452
"2019-06-09 20:45:27",1452
"2019-06-09 21:45:29",1452
"2019-06-09 22:45:34",1452
"2019-06-09 23:45:29",1452
"2019-06-10 00:45:29",1452
"2019-06-10 01:45:32",1452
"2019-06-10 02:45:28",1452
"2019-06-10 03:45:33",1452
"2019-06-10 04:45:29",1452
"2019-06-10 05:45:32",1452
"2019-06-10 06:45:27",1452
"2019-06-10 07:45:34",1452
"2019-06-10 08:45:28",1452
"2019-06-10 09:45:27",1452
"2019-06-10 10:45:34",1452
"2019-06-10 11:45:30",1452
"2019-06-10 12:45:37",1452
"2019-06-10 13:45:35",1454
"2019-06-10 14:45:29",1457
"2019-06-10 15:45:32",1458
"2019-06-10 16:45:34",1460
"2019-06-10 17:45:32",1458
"2019-06-10 18:45:33",1456
"2019-06-10 19:45:32",1459
"2019-06-10 20:45:31",1459
"2019-06-10 21:45:30",1459
"2019-06-10 22:45:32",1459
"2019-06-10 23:45:32",1459
"2019-06-11 00:45:33",1459
"2019-06-11 01:45:35",1459
"2019-06-11 02:45:34",1459
"2019-06-11 03:45:33",1459
"2019-06-11 04:45:31",1459
"2019-06-11 05:45:32",1459
"2019-06-11 06:45:31",1459
"2019-06-11 07:45:31",1459
"2019-06-11 08:45:30",1459
"2019-06-11 09:45:34",1459
"2019-06-11 10:45:32",1459
"2019-06-11 11:45:33",1459
"2019-06-11 13:09:07",1459
"2019-06-11 13:45:36",1459
"2019-06-11 14:45:31",1455
"2019-06-11 15:45:32",1454
"2019-06-11 16:45:36",1454
"2019-06-11 17:45:32",1453
"2019-06-11 18:45:34",1453
"2019-06-11 19:45:31",1455
"2019-06-11 20:45:33",1456
"2019-06-11 21:45:32",1456
"2019-06-11 22:45:32",1456
"2019-06-11 23:45:29",1456
"2019-06-12 00:45:35",1456
"2019-06-12 01:45:34",1456
"2019-06-12 02:45:34",1456
"2019-06-12 03:45:38",1456
"2019-06-12 04:45:34",1456
"2019-06-12 05:45:33",1456
"2019-06-12 06:45:34",1456
"2019-06-12 07:45:37",1456
"2019-06-12 08:45:35",1456
"2019-06-12 09:45:39",1456
"2019-06-12 10:45:35",1456
"2019-06-12 11:45:36",1456
"2019-06-12 13:08:38",1456
"2019-06-12 13:45:32",1456
"2019-06-12 14:45:31",1457
"2019-06-12 15:45:34",1457
"2019-06-12 16:45:33",1457
"2019-06-12 17:45:32",1457
"2019-06-12 18:45:33",1457
"2019-06-12 19:45:36",1457
"2019-06-12 20:45:34",1457
"2019-06-12 21:45:34",1457
"2019-06-12 22:45:32",1457
"2019-06-12 23:45:32",1457
"2019-06-13 00:45:33",1457
"2019-06-13 01:45:35",1457
"2019-06-13 02:45:51",1457
"2019-06-13 03:45:32",1457
"2019-06-13 04:45:34",1457
"2019-06-13 05:45:37",1457
"2019-06-13 06:45:33",1457
"2019-06-13 07:45:30",1457
"2019-06-13 08:45:31",1457
"2019-06-13 09:45:31",1457
"2019-06-13 10:45:37",1457
"2019-06-13 11:45:30",1457
"2019-06-13 13:09:33",1457
"2019-06-13 13:45:35",1457
"2019-06-13 14:45:33",1454
"2019-06-13 15:45:34",1454
"2019-06-13 16:45:34",1451
"2019-06-13 17:45:31",1450
"2019-06-13 18:45:31",1449
"2019-06-13 19:45:32",1449
"2019-06-13 20:45:28",1451
"2019-06-13 21:45:30",1450
"2019-06-13 22:45:31",1450
"2019-06-13 23:45:31",1450
"2019-06-14 00:45:32",1450
"2019-06-14 01:45:33",1450
"2019-06-14 02:45:35",1450
"2019-06-14 03:45:33",1450
"2019-06-14 04:45:32",1450
"2019-06-14 05:45:33",1450
"2019-06-14 06:45:39",1450
"2019-06-14 07:45:35",1450
"2019-06-14 08:45:35",1450
"2019-06-14 09:45:33",1450
"2019-06-14 10:45:36",1450
"2019-06-14 11:45:35",1450
"2019-06-14 12:45:35",1450
"2019-06-14 13:45:32",1450
"2019-06-14 14:45:34",1450
"2019-06-14 15:45:35",1449
"2019-06-14 16:45:35",1449
"2019-06-14 17:45:32",1449
"2019-06-14 18:45:32",1449
"2019-06-14 19:45:32",1447
"2019-06-14 20:45:31",1446
"2019-06-14 21:45:34",1446
"2019-06-14 22:45:31",1445
"2019-06-14 23:45:33",1445
"2019-06-15 00:45:35",1445
"2019-06-15 01:45:35",1445
"2019-06-15 02:45:32",1445
"2019-06-15 03:45:32",1445
"2019-06-15 04:45:33",1445
"2019-06-15 05:45:36",1445
"2019-06-15 06:45:32",1445
"2019-06-15 07:45:34",1445
"2019-06-15 08:45:33",1445
"2019-06-15 09:45:33",1445
"2019-06-15 10:45:35",1445
"2019-06-15 11:45:34",1445
"2019-06-15 12:45:36",1445
"2019-06-15 13:45:40",1445
"2019-06-15 14:45:32",1445
"2019-06-15 15:45:32",1445
"2019-06-15 16:45:33",1445
"2019-06-15 17:45:32",1445
"2019-06-15 18:45:35",1445
"2019-06-15 19:45:33",1445
"2019-06-15 20:45:34",1445
"2019-06-15 21:45:39",1445
"2019-06-15 22:45:40",1445
"2019-06-15 23:45:33",1445
"2019-06-16 00:45:33",1445
"2019-06-16 01:45:39",1445
"2019-06-16 02:45:35",1445
"2019-06-16 03:45:33",1445
"2019-06-16 04:45:38",1445
"2019-06-16 05:45:34",1445
"2019-06-16 06:45:36",1445
"2019-06-16 07:45:39",1445
"2019-06-16 08:45:33",1445
"2019-06-16 09:45:31",1445
"2019-06-16 10:45:30",1445
"2019-06-16 11:45:31",1445
"2019-06-16 12:45:33",1445
"2019-06-16 13:45:30",1445
"2019-06-16 14:45:34",1445
"2019-06-16 15:45:34",1445
"2019-06-16 16:45:36",1445
"2019-06-16 17:45:36",1445
"2019-06-16 18:45:36",1445
"2019-06-16 19:45:33",1445
"2019-06-16 20:45:32",1445
"2019-06-16 21:45:36",1445
"2019-06-16 22:45:33",1445
"2019-06-16 23:45:36",1445
"2019-06-17 00:45:33",1445
"2019-06-17 01:45:33",1445
"2019-06-17 02:45:38",1445
"2019-06-17 03:45:39",1445
"2019-06-17 04:45:36",1445
"2019-06-17 05:45:35",1445
"2019-06-17 06:45:32",1445
"2019-06-17 07:45:31",1445
"2019-06-17 08:45:34",1445
"2019-06-17 09:45:32",1445
"2019-06-17 10:45:35",1445
"2019-06-17 11:45:35",1445
"2019-06-17 13:10:07",1446
"2019-06-17 13:45:32",1446
"2019-06-17 14:45:34",1445
"2019-06-17 15:45:35",1444
"2019-06-17 16:45:46",1441
"2019-06-17 17:45:37",1441
"2019-06-17 18:45:39",1441
"2019-06-17 19:45:34",1442
"2019-06-17 20:45:37",1444
"2019-06-17 21:45:33",1444
"2019-06-17 22:45:35",1444
"2019-06-17 23:45:31",1444
"2019-06-18 00:45:33",1444
"2019-06-18 01:45:31",1444
"2019-06-18 02:45:46",1444
"2019-06-18 03:45:35",1444
"2019-06-18 04:45:34",1444
"2019-06-18 05:45:35",1444
"2019-06-18 06:45:33",1444
"2019-06-18 07:45:34",1444
"2019-06-18 08:45:44",1444
"2019-06-18 09:45:31",1444
"2019-06-18 10:45:31",1444
"2019-06-18 11:45:32",1444
"2019-06-18 13:08:06",1443
"2019-06-18 13:45:34",1443
"2019-06-18 14:45:33",1441
"2019-06-18 15:45:32",1443
"2019-06-18 16:45:33",1444
"2019-06-18 17:45:31",1444
"2019-06-18 18:45:37",1447
"2019-06-18 19:45:38",1448
"2019-06-18 20:45:32",1446
"2019-06-18 21:45:32",1446
"2019-06-18 22:45:32",1446
"2019-06-18 23:45:34",1446
"2019-06-19 00:45:32",1446
"2019-06-19 01:45:36",1446
"2019-06-19 02:45:37",1446
"2019-06-19 03:45:36",1446
"2019-06-19 04:45:32",1446
"2019-06-19 05:45:53",1446
"2019-06-19 06:45:50",1446
"2019-06-19 07:45:38",1446
"2019-06-19 08:45:40",1446
"2019-06-19 09:45:33",1446
"2019-06-19 10:45:37",1446
"2019-06-19 11:45:35",1446
"2019-06-19 13:08:09",1446
"2019-06-19 13:45:35",1446
"2019-06-19 14:45:35",1450
"2019-06-19 15:45:34",1450
"2019-06-19 16:45:47",1449
"2019-06-19 17:45:35",1450
"2019-06-19 18:45:33",1452
"2019-06-19 19:45:37",1453
"2019-06-19 20:45:35",1453
"2019-06-19 21:45:34",1453
"2019-06-19 22:45:33",1453
"2019-06-19 23:45:33",1453
"2019-06-20 00:45:34",1453
"2019-06-20 01:45:32",1453
"2019-06-20 02:45:32",1453
"2019-06-20 03:45:32",1453
"2019-06-20 04:45:34",1453
"2019-06-20 05:45:31",1453
"2019-06-20 06:45:32",1453
"2019-06-20 07:45:33",1453
"2019-06-20 08:45:33",1453
"2019-06-20 09:45:36",1453
"2019-06-20 10:45:33",1453
"2019-06-20 11:45:32",1453
"2019-06-20 13:09:47",1453
"2019-06-20 13:45:36",1453
"2019-06-20 14:45:33",1452
"2019-06-20 15:45:34",1451
"2019-06-20 16:45:35",1451
"2019-06-20 17:45:35",1449
"2019-06-20 18:45:32",1447
"2019-06-20 19:45:33",1447
"2019-06-20 20:45:50",1450
"2019-06-20 21:45:34",1450
"2019-06-20 22:45:32",1450
"2019-06-20 23:45:34",1450
"2019-06-21 00:45:33",1450
"2019-06-21 01:45:36",1450
"2019-06-21 02:45:36",1450
"2019-06-21 03:45:35",1450
"2019-06-21 04:45:35",1450
"2019-06-21 05:45:35",1450
"2019-06-21 06:45:36",1450
"2019-06-21 07:45:36",1450
"2019-06-21 08:45:34",1450
"2019-06-21 09:45:34",1450
"2019-06-21 10:45:33",1450
"2019-06-21 11:45:31",1450
"2019-06-21 12:45:34",1450
"2019-06-21 13:45:36",1450
"2019-06-21 14:45:34",1451
"2019-06-21 15:45:34",1452
"2019-06-21 16:45:35",1452
"2019-06-21 17:45:34",1450
"2019-06-21 18:45:35",1450
"2019-06-21 19:45:33",1452
"2019-06-21 20:45:34",1452
"2019-06-21 21:45:34",1452
"2019-06-21 22:45:34",1452
"2019-06-21 23:46:03",1452
"2019-06-22 00:45:34",1452
"2019-06-22 01:45:40",1452
"2019-06-22 02:45:38",1452
"2019-06-22 03:45:33",1452
"2019-06-22 04:45:35",1452
"2019-06-22 05:45:37",1452
"2019-06-22 06:45:37",1452
"2019-06-22 07:45:35",1452
"2019-06-22 08:45:35",1452
"2019-06-22 09:45:37",1452
"2019-06-22 10:45:39",1452
"2019-06-22 11:45:33",1452
"2019-06-22 12:45:41",1452
"2019-06-22 13:45:34",1452
"2019-06-22 14:45:39",1452
"2019-06-22 15:45:54",1452
"2019-06-22 16:45:45",1452
"2019-06-22 17:45:36",1452
"2019-06-22 18:45:40",1452
"2019-06-22 19:45:37",1452
"2019-06-22 20:45:36",1452
"2019-06-22 21:45:35",1452
"2019-06-22 22:45:42",1452
"2019-06-22 23:45:36",1452
"2019-06-23 00:45:47",1452
"2019-06-23 01:45:40",1452
"2019-06-23 02:45:41",1452
"2019-06-23 03:45:38",1452
"2019-06-23 04:45:34",1452
"2019-06-23 05:45:40",1452
"2019-06-23 06:45:35",1452
"2019-06-23 07:45:33",1452
"2019-06-23 08:45:36",1452
"2019-06-23 09:45:36",1452
"2019-06-23 10:45:34",1452
"2019-06-23 11:45:35",1452
"2019-06-23 12:45:33",1452
"2019-06-23 13:45:34",1452
"2019-06-23 14:45:33",1452
"2019-06-23 15:45:34",1452
"2019-06-23 16:45:36",1452
"2019-06-23 17:45:37",1452
"2019-06-23 18:45:31",1452
"2019-06-23 19:45:32",1452
"2019-06-23 20:45:36",1452
"2019-06-23 21:45:33",1452
"2019-06-23 22:45:34",1452
"2019-06-23 23:45:33",1452
"2019-06-24 00:45:37",1452
"2019-06-24 01:45:34",1452
"2019-06-24 02:45:35",1452
"2019-06-24 03:45:40",1452
"2019-06-24 04:45:37",1452
"2019-06-24 05:45:36",1452
"2019-06-24 06:45:40",1452
"2019-06-24 07:45:33",1452
"2019-06-24 08:45:34",1452
"2019-06-24 09:45:38",1452
"2019-06-24 10:45:31",1452
"2019-06-24 11:45:39",1452
"2019-06-24 13:45:34",1453
"2019-06-24 14:45:36",1453
"2019-06-24 15:45:35",1453
"2019-06-24 16:45:41",1455
"2019-06-24 17:45:39",1454
"2019-06-24 18:45:40",1456
"2019-06-24 19:45:38",1458
"2019-06-24 20:45:38",1459
"2019-06-24 21:45:37",1459
"2019-06-24 22:45:34",1459
"2019-06-24 23:45:36",1459
"2019-06-25 00:45:35",1459
"2019-06-25 01:45:37",1459
"2019-06-25 02:45:37",1459
"2019-06-25 03:45:36",1459
"2019-06-25 04:45:35",1459
"2019-06-25 05:45:35",1459
"2019-06-25 06:45:39",1459
"2019-06-25 07:45:36",1459
"2019-06-25 08:45:34",1459
"2019-06-25 09:45:37",1459
"2019-06-25 10:45:35",1459
"2019-06-25 11:45:31",1459
"2019-06-25 13:09:07",1459
"2019-06-25 13:45:34",1459
"2019-06-25 14:45:37",1460
"2019-06-25 15:45:36",1461
"2019-06-25 16:45:36",1460
"2019-06-25 17:45:38",1459
"2019-06-25 18:45:37",1459
"2019-06-25 19:45:33",1461
"2019-06-25 20:45:35",1460
"2019-06-25 21:45:32",1460
"2019-06-25 22:45:31",1460
"2019-06-25 23:45:39",1460
"2019-06-26 00:45:37",1460
"2019-06-26 01:45:34",1460
"2019-06-26 02:45:36",1460
"2019-06-26 03:45:50",1460
"2019-06-26 04:45:38",1460
"2019-06-26 05:45:35",1460
"2019-06-26 06:45:36",1460
"2019-06-26 07:45:37",1460
"2019-06-26 08:45:33",1460
"2019-06-26 09:45:31",1460
"2019-06-26 10:45:33",1460
"2019-06-26 11:45:33",1460
"2019-06-26 13:08:06",1460
"2019-06-26 13:45:36",1460
"2019-06-26 14:45:35",1461
"2019-06-26 15:45:33",1461
"2019-06-26 16:45:38",1462
"2019-06-26 17:45:33",1463
"2019-06-26 18:45:34",1463
"2019-06-26 19:45:35",1462
"2019-06-26 20:45:33",1462
"2019-06-26 21:45:33",1461
"2019-06-26 22:45:36",1461
"2019-06-26 23:45:34",1461
"2019-06-27 00:45:37",1461
"2019-06-27 01:45:34",1461
"2019-06-27 02:45:37",1461
"2019-06-27 03:45:31",1461
"2019-06-27 04:45:37",1461
"2019-06-27 05:45:34",1461
"2019-06-27 06:45:37",1461
"2019-06-27 07:45:31",1461
"2019-06-27 08:45:33",1461
"2019-06-27 09:45:33",1461
"2019-06-27 10:45:34",1461
"2019-06-27 11:45:31",1461
"2019-06-27 13:08:08",1462
"2019-06-27 13:45:31",1462
"2019-06-27 14:45:32",1462
"2019-06-27 15:45:35",1460
"2019-06-27 16:45:34",1461
"2019-06-27 17:45:32",1461
"2019-06-27 18:45:33",1460
"2019-06-27 19:45:30",1460
"2019-06-27 20:45:36",1460
"2019-06-27 21:45:36",1460
"2019-06-27 22:45:30",1460
"2019-06-27 23:45:54",1460
"2019-06-28 00:45:34",1460
"2019-06-28 01:45:33",1460
"2019-06-28 02:45:32",1460
"2019-06-28 03:45:35",1460
"2019-06-28 04:45:36",1460
"2019-06-28 05:45:33",1460
"2019-06-28 06:45:33",1460
"2019-06-28 07:45:32",1460
"2019-06-28 08:45:31",1460
"2019-06-28 09:45:32",1460
"2019-06-28 10:45:30",1460
"2019-06-28 11:45:32",1460
"2019-06-28 13:09:12",1461
"2019-06-28 13:45:29",1461
"2019-06-28 14:45:30",1463
"2019-06-28 15:45:33",1462
"2019-06-28 16:45:32",1462
"2019-06-28 17:45:31",1461
"2019-06-28 18:45:30",1460
"2019-06-28 19:45:32",1459
"2019-06-28 20:45:32",1459
"2019-06-28 21:45:32",1459
"2019-06-28 22:45:32",1459
"2019-06-28 23:45:30",1459
"2019-06-29 00:45:34",1459
"2019-06-29 01:45:38",1459
"2019-06-29 02:45:33",1459
"2019-06-29 03:45:31",1459
"2019-06-29 04:45:31",1459
"2019-06-29 05:45:32",1459
"2019-06-29 06:45:32",1459
"2019-06-29 07:45:32",1459
"2019-06-29 08:45:32",1459
"2019-06-29 09:45:33",1459
"2019-06-29 10:45:32",1459
"2019-06-29 11:45:36",1459
"2019-06-29 12:45:35",1459
"2019-06-29 13:45:33",1459
"2019-06-29 14:45:33",1459
"2019-06-29 15:45:34",1459
"2019-06-29 16:45:38",1459
"2019-06-29 17:45:32",1459
"2019-06-29 18:45:34",1459
"2019-06-29 19:45:35",1459
"2019-06-29 20:45:33",1459
"2019-06-29 21:45:37",1459
"2019-06-29 22:45:31",1459
"2019-06-29 23:45:36",1459
"2019-06-30 00:45:34",1459
"2019-06-30 01:45:39",1459
"2019-06-30 02:45:35",1459
"2019-06-30 03:45:34",1459
"2019-06-30 04:45:36",1459
"2019-06-30 05:45:34",1459
"2019-06-30 06:45:35",1459
"2019-06-30 07:45:35",1459
"2019-06-30 08:45:35",1459
"2019-06-30 09:45:33",1459
"2019-06-30 10:45:34",1459
"2019-06-30 11:45:34",1459
"2019-06-30 12:45:32",1459
"2019-06-30 13:45:35",1459
"2019-06-30 14:45:33",1459
"2019-06-30 15:45:33",1459
"2019-06-30 16:45:34",1459
"2019-06-30 17:45:33",1459
"2019-06-30 18:45:33",1459
"2019-06-30 19:45:34",1459
"2019-06-30 20:45:35",1459
"2019-06-30 21:45:34",1459
"2019-06-30 22:45:32",1459
"2019-06-30 23:45:34",1459
"2019-07-01 00:45:36",1459
"2019-07-01 01:45:34",1459
"2019-07-01 02:45:36",1459
"2019-07-01 03:45:36",1459
"2019-07-01 04:45:33",1459
"2019-07-01 05:45:39",1459
"2019-07-01 06:45:33",1459
"2019-07-01 07:45:42",1459
"2019-07-01 08:45:47",1459
"2019-07-01 09:45:35",1459
"2019-07-01 10:45:32",1459
"2019-07-01 11:45:37",1459
"2019-07-01 13:09:08",1459
"2019-07-01 13:45:39",1459
"2019-07-01 14:45:59",1465
"2019-07-01 15:45:38",1461
"2019-07-01 16:45:38",1464
"2019-07-01 17:45:36",1465
"2019-07-01 18:45:37",1465
"2019-07-01 19:45:38",1464
"2019-07-01 20:45:37",1465
"2019-07-01 21:45:36",1465
"2019-07-01 22:45:37",1465
"2019-07-01 23:45:36",1465
"2019-07-02 00:45:39",1465
"2019-07-02 01:45:35",1465
"2019-07-02 03:45:52",1465
"2019-07-02 04:45:37",1465
"2019-07-02 05:45:53",1465
"2019-07-02 06:45:37",1465
"2019-07-02 07:45:39",1465
"2019-07-02 08:45:36",1465
"2019-07-02 09:45:33",1465
"2019-07-02 10:45:35",1465
"2019-07-02 11:45:36",1465
"2019-07-02 12:45:39",1465
"2019-07-02 13:45:36",1465
"2019-07-02 14:45:37",1466
"2019-07-02 15:45:35",1466
"2019-07-02 16:45:35",1464
"2019-07-02 17:45:35",1465
"2019-07-02 18:45:36",1465
"2019-07-02 19:45:37",1465
"2019-07-02 20:45:34",1465
"2019-07-02 21:45:37",1466
"2019-07-02 22:45:44",1465
"2019-07-03 00:45:37",1465
"2019-07-03 01:45:34",1465
"2019-07-03 02:45:39",1465
"2019-07-03 03:45:39",1465
"2019-07-03 04:45:39",1465
"2019-07-03 05:45:38",1465
"2019-07-03 06:45:37",1465
"2019-07-03 07:45:36",1465
"2019-07-03 08:45:51",1465
"2019-07-03 09:45:36",1465
"2019-07-03 10:45:41",1465
"2019-07-03 11:45:35",1465
"2019-07-03 13:10:11",1464
"2019-07-03 13:45:36",1464
"2019-07-03 14:45:44",1467
"2019-07-03 15:45:36",1467
"2019-07-03 16:45:55",1467
"2019-07-03 17:45:36",1467
"2019-07-03 18:45:38",1467
"2019-07-03 19:45:34",1467
"2019-07-03 20:45:32",1467
"2019-07-03 21:45:36",1467
"2019-07-03 22:45:34",1467
"2019-07-03 23:45:37",1467
"2019-07-04 00:45:38",1467
"2019-07-04 01:45:34",1467
"2019-07-04 02:45:40",1467
"2019-07-04 03:45:34",1467
"2019-07-04 04:45:34",1467
"2019-07-04 05:45:39",1467
"2019-07-04 06:45:37",1467
"2019-07-04 07:45:33",1467
"2019-07-04 08:45:35",1467
"2019-07-04 09:45:32",1467
"2019-07-04 10:45:36",1467
"2019-07-04 11:45:35",1467
"2019-07-04 12:45:39",1467
"2019-07-04 13:45:40",1467
"2019-07-04 14:45:36",1467
"2019-07-04 15:45:34",1467
"2019-07-04 16:45:35",1467
"2019-07-04 17:45:33",1467
"2019-07-04 18:45:35",1467
"2019-07-04 19:45:34",1467
"2019-07-04 20:45:37",1467
"2019-07-04 21:45:37",1467
"2019-07-04 22:45:40",1467
"2019-07-04 23:45:34",1467
"2019-07-05 00:45:36",1467
"2019-07-05 01:45:33",1467
"2019-07-05 02:45:34",1467
"2019-07-05 03:45:34",1467
"2019-07-05 04:45:33",1467
"2019-07-05 05:45:40",1467
"2019-07-05 06:45:38",1467
"2019-07-05 07:45:35",1467
"2019-07-05 08:45:33",1467
"2019-07-05 09:45:33",1467
"2019-07-05 10:45:49",1467
"2019-07-05 11:45:45",1467
"2019-07-05 12:45:35",1466
"2019-07-05 13:45:45",1466
"2019-07-05 14:45:37",1467
"2019-07-05 15:45:34",1466
"2019-07-05 16:45:47",1466
"2019-07-05 17:45:36",1466
"2019-07-05 18:45:35",1466
"2019-07-05 19:45:35",1466
"2019-07-05 20:45:36",1467
"2019-07-05 21:45:38",1467
"2019-07-05 22:45:38",1467
"2019-07-05 23:45:36",1467
"2019-07-06 00:45:40",1467
"2019-07-06 01:45:40",1467
"2019-07-06 02:45:45",1467
"2019-07-06 03:45:35",1467
"2019-07-06 04:45:34",1467
"2019-07-06 05:45:36",1467
"2019-07-06 06:45:37",1467
"2019-07-06 07:45:32",1467
"2019-07-06 08:45:34",1467
"2019-07-06 09:45:34",1467
"2019-07-06 10:45:35",1467
"2019-07-06 11:45:55",1467
"2019-07-06 12:45:40",1467
"2019-07-06 13:45:37",1467
"2019-07-06 14:45:34",1467
"2019-07-06 15:45:34",1467
"2019-07-06 16:45:38",1467
"2019-07-06 17:45:35",1467
"2019-07-06 18:45:35",1467
"2019-07-06 19:45:39",1467
"2019-07-06 20:45:32",1467
"2019-07-06 21:45:35",1467
"2019-07-06 22:45:34",1467
"2019-07-06 23:45:35",1467
"2019-07-07 00:45:33",1467
"2019-07-07 01:45:34",1467
"2019-07-07 02:45:37",1467
"2019-07-07 03:45:33",1467
"2019-07-07 04:45:33",1467
"2019-07-07 05:45:39",1467
"2019-07-07 06:45:34",1467
"2019-07-07 07:45:35",1467
"2019-07-07 08:45:35",1467
"2019-07-07 09:45:33",1467
"2019-07-07 10:45:35",1467
"2019-07-07 11:45:31",1467
"2019-07-07 12:45:30",1467
"2019-07-07 13:45:31",1467
"2019-07-07 14:45:33",1467
"2019-07-07 15:45:36",1467
"2019-07-07 16:45:36",1467
"2019-07-07 17:45:34",1467
"2019-07-07 18:45:35",1467
"2019-07-07 19:45:32",1467
"2019-07-07 20:45:33",1467
"2019-07-07 21:45:34",1467
"2019-07-07 22:45:35",1467
"2019-07-07 23:45:33",1467
"2019-07-08 00:45:33",1467
"2019-07-08 01:45:36",1467
"2019-07-08 02:45:33",1467
"2019-07-08 03:45:39",1467
"2019-07-08 04:45:33",1467
"2019-07-08 05:45:30",1467
"2019-07-08 06:45:40",1467
"2019-07-08 07:45:43",1467
"2019-07-08 08:45:39",1467
"2019-07-08 09:45:43",1467
"2019-07-08 10:45:44",1467
"2019-07-08 11:45:53",1467
"2019-07-08 12:45:35",1467
"2019-07-08 13:45:34",1467
"2019-07-08 14:45:35",1465
"2019-07-08 15:45:34",1465
"2019-07-08 16:45:35",1466
"2019-07-08 17:45:33",1466
"2019-07-08 18:45:37",1462
"2019-07-08 19:45:33",1462
"2019-07-08 20:45:33",1463
"2019-07-08 21:45:34",1463
"2019-07-08 22:45:35",1463
"2019-07-08 23:45:32",1463
"2019-07-09 00:45:34",1463
"2019-07-09 01:45:32",1463
"2019-07-09 02:45:43",1463
"2019-07-09 03:45:38",1463
"2019-07-09 04:45:37",1463
"2019-07-09 05:45:44",1463
"2019-07-09 06:45:39",1463
"2019-07-09 07:45:39",1463
"2019-07-09 08:45:35",1463
"2019-07-09 09:45:34",1463
"2019-07-09 10:45:31",1463
"2019-07-09 11:45:35",1463
"2019-07-09 13:08:37",1463
"2019-07-09 13:45:32",1463
"2019-07-09 14:45:34",1463
"2019-07-09 15:45:34",1464
"2019-07-09 16:45:32",1463
"2019-07-09 17:45:36",1461
"2019-07-09 18:45:33",1461
"2019-07-09 19:45:34",1461
"2019-07-09 20:45:34",1461
"2019-07-09 21:45:33",1461
"2019-07-09 22:45:31",1461
"2019-07-09 23:45:33",1461
"2019-07-10 00:45:33",1461
"2019-07-10 01:45:34",1461
"2019-07-10 02:45:33",1461
"2019-07-10 03:45:32",1461
"2019-07-10 04:45:33",1461
"2019-07-10 05:45:38",1461
"2019-07-10 06:45:35",1461
"2019-07-10 07:45:30",1461
"2019-07-10 08:45:32",1461
"2019-07-10 09:45:30",1461
"2019-07-10 10:45:31",1461
"2019-07-10 11:45:34",1461
"2019-07-10 12:45:37",1461
"2019-07-10 13:45:34",1461
"2019-07-10 14:45:32",1463
"2019-07-10 15:45:36",1462
"2019-07-10 16:45:49",1463
"2019-07-10 17:45:33",1463
"2019-07-10 18:45:32",1463
"2019-07-10 19:45:33",1462
"2019-07-10 20:45:33",1463
"2019-07-10 21:45:32",1463
"2019-07-10 22:45:39",1463
"2019-07-10 23:45:33",1463
"2019-07-11 00:45:32",1463
"2019-07-11 01:45:35",1463
"2019-07-11 02:45:41",1463
"2019-07-11 03:45:36",1463
"2019-07-11 04:45:40",1463
"2019-07-11 05:45:37",1463
"2019-07-11 06:45:36",1463
"2019-07-11 07:45:34",1463
"2019-07-11 08:45:41",1463
"2019-07-11 09:45:34",1463
"2019-07-11 10:45:36",1463
"2019-07-11 11:45:32",1463
"2019-07-11 12:45:32",1463
"2019-07-11 13:45:33",1463
"2019-07-11 14:45:33",1465
"2019-07-11 15:45:33",1464
"2019-07-11 16:45:33",1464
"2019-07-11 17:45:33",1464
"2019-07-11 18:45:34",1464
"2019-07-11 19:45:33",1465
"2019-07-11 20:45:32",1466
"2019-07-11 21:45:38",1466
"2019-07-11 22:45:36",1466
"2019-07-11 23:45:34",1466
"2019-07-12 00:45:32",1466
"2019-07-12 01:45:34",1466
"2019-07-12 02:45:32",1466
"2019-07-12 03:45:32",1466
"2019-07-12 04:45:31",1466
"2019-07-12 05:45:38",1466
"2019-07-12 06:45:41",1466
"2019-07-12 07:45:34",1466
"2019-07-12 08:45:34",1466
"2019-07-12 09:45:44",1466
"2019-07-12 10:45:36",1466
"2019-07-12 11:45:34",1466
"2019-07-12 13:09:07",1466
"2019-07-12 13:45:35",1466
"2019-07-12 14:45:35",1467
"2019-07-12 15:45:56",1466
"2019-07-12 16:45:39",1466
"2019-07-12 17:45:39",1468
"2019-07-12 18:45:34",1471
"2019-07-12 19:45:31",1472
"2019-07-12 20:45:31",1469
"2019-07-12 21:45:33",1469
"2019-07-12 22:45:40",1469
"2019-07-12 23:45:33",1469
"2019-07-13 00:45:33",1469
"2019-07-13 01:45:35",1469
"2019-07-13 02:45:38",1469
"2019-07-13 03:45:31",1469
"2019-07-13 04:45:34",1469
"2019-07-13 05:45:33",1469
"2019-07-13 06:45:33",1469
"2019-07-13 07:45:34",1469
"2019-07-13 08:45:32",1469
"2019-07-13 09:45:33",1469
"2019-07-13 10:45:33",1469
"2019-07-13 11:45:36",1469
"2019-07-13 12:45:38",1469
"2019-07-13 13:45:33",1469
"2019-07-13 14:45:32",1469
"2019-07-13 15:45:35",1469
"2019-07-13 16:46:04",1469
"2019-07-13 17:45:37",1469
"2019-07-13 18:45:39",1469
"2019-07-13 19:45:38",1469
"2019-07-13 20:45:38",1469
"2019-07-13 21:45:37",1469
"2019-07-13 22:45:33",1469
"2019-07-13 23:45:33",1469
"2019-07-14 00:45:33",1469
"2019-07-14 01:45:42",1469
"2019-07-14 02:45:34",1469
"2019-07-14 03:45:36",1469
"2019-07-14 04:45:34",1469
"2019-07-14 05:45:38",1469
"2019-07-14 06:45:36",1469
"2019-07-14 07:45:33",1469
"2019-07-14 08:45:33",1469
"2019-07-14 09:45:29",1469
"2019-07-14 10:45:33",1469
"2019-07-14 11:45:36",1469
"2019-07-14 12:45:33",1469
"2019-07-14 13:45:36",1469
"2019-07-14 14:45:33",1469
"2019-07-14 15:45:35",1469
"2019-07-14 16:45:37",1469
"2019-07-14 17:45:34",1469
"2019-07-14 18:45:33",1469
"2019-07-14 19:45:32",1469
"2019-07-14 20:45:41",1469
"2019-07-14 21:45:32",1469
"2019-07-14 22:45:32",1469
"2019-07-14 23:45:32",1469
"2019-07-15 00:45:34",1469
"2019-07-15 01:45:32",1469
"2019-07-15 02:45:33",1469
"2019-07-15 03:45:31",1469
"2019-07-15 04:45:31",1469
"2019-07-15 05:45:41",1469
"2019-07-15 06:45:46",1469
"2019-07-15 07:45:34",1469
"2019-07-15 08:45:31",1469
"2019-07-15 09:45:32",1469
"2019-07-15 10:45:34",1469
"2019-07-15 11:45:31",1469
"2019-07-15 13:09:39",1469
"2019-07-15 13:45:36",1469
"2019-07-15 14:45:34",1484
"2019-07-15 15:45:32",1489
"2019-07-15 16:45:48",1491
"2019-07-15 17:45:34",1491
"2019-07-15 18:45:32",1494
"2019-07-15 19:45:33",1499
"2019-07-15 20:45:35",1507
"2019-07-15 21:45:32",1509
"2019-07-15 22:45:38",1510
"2019-07-15 23:45:33",1510
"2019-07-16 00:45:32",1510
"2019-07-16 01:45:34",1510
"2019-07-16 02:45:40",1510
"2019-07-16 03:45:33",1510
"2019-07-16 04:45:32",1510
"2019-07-16 05:45:41",1510
"2019-07-16 06:45:47",1510
"2019-07-16 07:45:32",1510
"2019-07-16 08:45:33",1510
"2019-07-16 09:45:33",1510
"2019-07-16 10:45:35",1510
"2019-07-16 11:45:32",1510
"2019-07-16 13:09:36",1510
"2019-07-16 13:45:35",1510
"2019-07-16 14:45:32",1508
"2019-07-16 15:45:42",1512
"2019-07-16 16:45:35",1514
"2019-07-16 17:45:36",1513
"2019-07-16 18:45:34",1511
"2019-07-16 19:45:31",1512
"2019-07-16 20:46:05",1511
"2019-07-16 21:45:34",1511
"2019-07-16 22:45:34",1511
"2019-07-16 23:45:33",1511
"2019-07-17 00:45:33",1511
"2019-07-17 01:45:34",1511
"2019-07-17 02:45:35",1511
"2019-07-17 03:45:35",1511
"2019-07-17 04:45:36",1511
"2019-07-17 05:45:48",1512
"2019-07-17 06:45:38",1512
"2019-07-17 07:45:38",1512
"2019-07-17 08:45:35",1512
"2019-07-17 09:45:35",1512
"2019-07-17 10:45:35",1512
"2019-07-17 11:45:32",1512
"2019-07-17 13:09:08",1512
"2019-07-17 13:45:34",1512
"2019-07-17 14:45:37",1515
"2019-07-17 15:45:43",1516
"2019-07-17 16:45:42",1517
"2019-07-17 17:45:32",1515
"2019-07-17 18:45:35",1514
"2019-07-17 19:45:32",1514
"2019-07-17 20:45:33",1519
"2019-07-17 21:45:33",1518
"2019-07-17 22:45:35",1518
"2019-07-17 23:45:33",1518
"2019-07-18 00:45:32",1518
"2019-07-18 01:45:43",1518
"2019-07-18 02:45:35",1518
"2019-07-18 03:45:34",1518
"2019-07-18 04:45:33",1518
"2019-07-18 05:45:38",1518
"2019-07-18 06:45:36",1518
"2019-07-18 07:45:31",1518
"2019-07-18 08:45:38",1518
"2019-07-18 09:45:32",1518
"2019-07-18 10:45:34",1518
"2019-07-18 11:45:31",1518
"2019-07-18 13:09:41",1518
"2019-07-18 13:45:32",1518
"2019-07-18 14:45:33",1516
"2019-07-18 15:45:32",1516
"2019-07-18 16:45:44",1512
"2019-07-18 17:45:34",1511
"2019-07-18 18:45:34",1508
"2019-07-18 19:45:36",1504
"2019-07-18 20:45:35",1506
"2019-07-18 21:45:33",1506
"2019-07-18 22:45:35",1506
"2019-07-18 23:45:39",1506
"2019-07-19 00:45:35",1506
"2019-07-19 01:45:35",1506
"2019-07-19 02:45:37",1506
"2019-07-19 03:45:34",1506
"2019-07-19 04:45:38",1506
"2019-07-19 05:45:51",1506
"2019-07-19 06:45:36",1506
"2019-07-19 07:45:41",1506
"2019-07-19 08:45:33",1506
"2019-07-19 09:45:34",1506
"2019-07-19 10:45:33",1506
"2019-07-19 11:45:33",1506
"2019-07-19 13:09:06",1506
"2019-07-19 13:45:33",1506
"2019-07-19 14:45:32",1511
"2019-07-19 15:45:34",1510
"2019-07-19 16:45:34",1509
"2019-07-19 17:45:37",1509
"2019-07-19 18:45:34",1508
"2019-07-19 19:45:33",1507
"2019-07-19 20:45:33",1507
"2019-07-19 21:45:31",1507
"2019-07-19 22:45:34",1508
"2019-07-19 23:45:32",1508
"2019-07-20 00:45:33",1508
"2019-07-20 01:45:42",1508
"2019-07-20 02:45:43",1508
"2019-07-20 03:45:35",1508
"2019-07-20 04:45:41",1508
"2019-07-20 05:45:39",1508
"2019-07-20 06:45:32",1508
"2019-07-20 07:45:31",1508
"2019-07-20 08:45:33",1508
"2019-07-20 09:45:30",1508
"2019-07-20 10:45:30",1508
"2019-07-20 11:45:32",1508
"2019-07-20 12:45:33",1508
"2019-07-20 13:45:32",1508
"2019-07-20 14:45:32",1508
"2019-07-20 15:45:32",1508
"2019-07-20 16:45:35",1508
"2019-07-20 17:45:32",1508
"2019-07-20 18:45:32",1508
"2019-07-20 19:45:33",1508
"2019-07-20 20:45:31",1508
"2019-07-20 21:45:34",1508
"2019-07-20 22:45:30",1508
"2019-07-20 23:45:31",1508
"2019-07-21 00:45:33",1508
"2019-07-21 01:45:32",1508
"2019-07-21 02:45:35",1508
"2019-07-21 03:45:31",1508
"2019-07-21 04:45:32",1508
"2019-07-21 05:45:41",1508
"2019-07-21 06:45:44",1508
"2019-07-21 07:45:31",1508
"2019-07-21 08:45:32",1508
"2019-07-21 09:45:34",1508
"2019-07-21 10:45:42",1508
"2019-07-21 11:45:32",1508
"2019-07-21 12:45:31",1508
"2019-07-21 13:45:33",1508
"2019-07-21 14:45:32",1508
"2019-07-21 15:45:31",1508
"2019-07-21 16:45:32",1508
"2019-07-21 17:45:33",1508
"2019-07-21 18:45:33",1508
"2019-07-21 19:45:33",1508
"2019-07-21 20:45:33",1508
"2019-07-21 21:45:34",1508
"2019-07-21 22:45:31",1508
"2019-07-21 23:45:33",1508
"2019-07-22 00:45:31",1508
"2019-07-22 01:45:33",1508
"2019-07-22 02:45:32",1508
"2019-07-22 03:45:32",1508
"2019-07-22 04:45:33",1508
"2019-07-22 05:45:36",1508
"2019-07-22 06:45:42",1508
"2019-07-22 07:45:32",1508
"2019-07-22 08:45:34",1508
"2019-07-22 09:45:31",1508
"2019-07-22 10:45:31",1508
"2019-07-22 11:45:49",1508
"2019-07-22 12:45:38",1508
"2019-07-22 13:45:33",1508
"2019-07-22 14:45:35",1504
"2019-07-22 15:45:33",1506
"2019-07-22 16:45:36",1507
"2019-07-22 17:45:35",1507
"2019-07-22 18:45:43",1506
"2019-07-22 19:45:40",1506
"2019-07-22 20:45:36",1505
"2019-07-22 21:45:38",1505
"2019-07-22 22:45:32",1505
"2019-07-22 23:45:32",1505
"2019-07-23 00:45:32",1505
"2019-07-23 01:45:31",1505
"2019-07-23 02:45:38",1505
"2019-07-23 03:45:35",1505
"2019-07-23 04:45:35",1505
"2019-07-23 05:45:37",1505
"2019-07-23 06:45:40",1505
"2019-07-23 07:45:39",1505
"2019-07-23 08:45:32",1505
"2019-07-23 09:45:36",1505
"2019-07-23 10:45:33",1505
"2019-07-23 11:45:32",1505
"2019-07-23 13:08:41",1504
"2019-07-23 13:45:34",1504
"2019-07-23 14:45:36",1502
"2019-07-23 15:45:41",1500
"2019-07-23 16:45:37",1500
"2019-07-23 17:45:32",1498
"2019-07-23 18:45:35",1497
"2019-07-23 19:45:36",1497
"2019-07-23 20:45:35",1499
"2019-07-23 21:45:35",1498
"2019-07-23 22:45:39",1498
"2019-07-23 23:45:36",1498
"2019-07-24 00:45:35",1498
"2019-07-24 01:45:35",1498
"2019-07-24 02:45:42",1498
"2019-07-24 03:45:35",1498
"2019-07-24 04:45:34",1498
"2019-07-24 05:45:36",1498
"2019-07-24 06:45:32",1498
"2019-07-24 07:45:32",1498
"2019-07-24 08:45:38",1498
"2019-07-24 09:45:36",1498
"2019-07-24 10:45:36",1498
"2019-07-24 11:45:32",1498
"2019-07-24 13:08:08",1498
"2019-07-24 13:45:35",1498
"2019-07-24 14:45:33",1499
"2019-07-24 15:45:36",1499
"2019-07-24 16:45:35",1499
"2019-07-24 17:45:33",1499
"2019-07-24 18:45:38",1502
"2019-07-24 19:45:33",1504
"2019-07-24 20:45:36",1506
"2019-07-24 21:45:34",1506
"2019-07-24 22:45:33",1506
"2019-07-24 23:45:35",1506
"2019-07-25 00:45:33",1506
"2019-07-25 01:45:41",1506
"2019-07-25 02:45:51",1506
"2019-07-25 03:45:34",1506
"2019-07-25 04:45:35",1506
"2019-07-25 05:45:41",1506
"2019-07-25 06:45:40",1506
"2019-07-25 07:45:34",1506
"2019-07-25 08:45:38",1506
"2019-07-25 09:45:34",1506
"2019-07-25 10:45:45",1506
"2019-07-25 11:45:34",1506
"2019-07-25 13:08:39",1506
"2019-07-25 13:45:39",1506
"2019-07-25 14:45:37",1504
"2019-07-25 15:45:35",1511
"2019-07-25 16:45:37",1512
"2019-07-25 17:45:37",1516
"2019-07-25 18:45:43",1517
"2019-07-25 19:46:11",1523
"2019-07-25 20:45:40",1529
"2019-07-25 21:45:42",1529
"2019-07-25 22:45:40",1529
"2019-07-25 23:45:36",1529
"2019-07-26 00:45:51",1529
"2019-07-26 01:45:38",1529
"2019-07-26 02:45:38",1529
"2019-07-26 03:45:39",1529
"2019-07-26 04:45:40",1529
"2019-07-26 05:45:45",1530
"2019-07-26 06:45:57",1530
"2019-07-26 07:45:46",1530
"2019-07-26 08:45:32",1530
"2019-07-26 09:45:35",1530
"2019-07-26 10:45:37",1530
"2019-07-26 11:45:39",1530
"2019-07-26 13:10:40",1531
"2019-07-26 13:45:36",1531
"2019-07-26 14:45:36",1530
"2019-07-26 15:45:35",1530
"2019-07-26 16:45:38",1528
"2019-07-26 17:45:38",1528
"2019-07-26 18:45:38",1530
"2019-07-26 19:45:35",1530
"2019-07-26 20:45:35",1531
"2019-07-26 22:45:33",1531
"2019-07-26 23:45:32",1531
"2019-07-27 00:45:33",1531
"2019-07-27 01:45:34",1531
"2019-07-27 02:45:37",1531
"2019-07-27 03:45:34",1531
"2019-07-27 04:45:34",1531
"2019-07-27 05:45:34",1531
"2019-07-27 06:45:34",1531
"2019-07-27 07:45:33",1531
"2019-07-27 08:45:33",1531
"2019-07-27 09:45:31",1531
"2019-07-27 10:45:34",1531
"2019-07-27 11:45:31",1531
"2019-07-27 12:45:34",1531
"2019-07-27 13:45:32",1531
"2019-07-27 14:45:33",1531
"2019-07-27 15:45:37",1531
"2019-07-27 16:45:44",1531
"2019-07-27 17:45:40",1531
"2019-07-27 18:45:37",1531
"2019-07-27 19:45:35",1531
"2019-07-27 20:45:38",1531
"2019-07-27 21:45:34",1531
"2019-07-27 22:45:35",1531
"2019-07-27 23:45:33",1531
"2019-07-28 00:45:33",1531
"2019-07-28 01:45:33",1531
"2019-07-28 02:45:33",1531
"2019-07-28 03:45:31",1531
"2019-07-28 04:45:33",1531
"2019-07-28 05:45:31",1531
"2019-07-28 06:45:32",1531
"2019-07-28 07:45:34",1531
"2019-07-28 08:45:32",1531
"2019-07-28 09:45:30",1531
"2019-07-28 10:45:29",1531
"2019-07-28 11:45:30",1531
"2019-07-28 12:45:32",1531
"2019-07-28 13:45:32",1531
"2019-07-28 14:45:33",1531
"2019-07-28 15:45:32",1531
"2019-07-28 16:45:34",1531
"2019-07-28 17:45:34",1531
"2019-07-28 18:45:33",1531
"2019-07-28 19:45:33",1531
"2019-07-28 20:45:32",1531
"2019-07-28 21:45:32",1531
"2019-07-28 22:45:35",1531
"2019-07-28 23:45:35",1531
"2019-07-29 00:45:33",1531
"2019-07-29 01:45:33",1531
"2019-07-29 02:45:33",1531
"2019-07-29 03:45:35",1531
"2019-07-29 04:45:35",1531
"2019-07-29 05:45:40",1532
"2019-07-29 06:45:46",1532
"2019-07-29 07:45:34",1532
"2019-07-29 08:45:33",1532
"2019-07-29 09:45:33",1532
"2019-07-29 10:45:33",1532
"2019-07-29 11:45:34",1532
"2019-07-29 13:09:37",1532
"2019-07-29 13:45:37",1532
"2019-07-29 14:45:34",1534
"2019-07-29 15:45:34",1535
"2019-07-29 16:45:33",1535
"2019-07-29 17:45:33",1535
"2019-07-29 18:45:34",1535
"2019-07-29 19:45:33",1534
"2019-07-29 20:45:33",1534
"2019-07-29 21:45:32",1535
"2019-07-29 22:45:34",1535
"2019-07-29 23:45:33",1535
"2019-07-30 00:45:33",1535
"2019-07-30 01:45:34",1535
"2019-07-30 02:45:35",1535
"2019-07-30 03:45:33",1535
"2019-07-30 04:45:32",1535
"2019-07-30 05:45:34",1535
"2019-07-30 06:45:34",1535
"2019-07-30 07:45:42",1535
"2019-07-30 08:45:35",1535
"2019-07-30 09:45:32",1535
"2019-07-30 10:45:31",1535
"2019-07-30 11:45:35",1535
"2019-07-30 12:45:34",1535
"2019-07-30 13:45:35",1535
"2019-07-30 14:45:36",1534
"2019-07-30 15:45:36",1531
"2019-07-30 16:45:36",1529
"2019-07-30 17:45:42",1532
"2019-07-30 18:45:38",1531
"2019-07-30 19:45:40",1530
"2019-07-30 20:45:36",1530
"2019-07-30 21:45:36",1530
"2019-07-30 22:45:37",1530
"2019-07-30 23:45:34",1530
"2019-07-31 00:46:08",1530
"2019-07-31 01:45:34",1530
"2019-07-31 02:45:35",1530
"2019-07-31 03:45:37",1530
"2019-07-31 04:45:36",1530
"2019-07-31 05:45:48",1530
"2019-07-31 06:45:36",1530
"2019-07-31 07:45:35",1530
"2019-07-31 08:45:35",1530
"2019-07-31 09:45:37",1530
"2019-07-31 10:45:34",1530
"2019-07-31 11:45:32",1530
"2019-07-31 13:09:42",1530
"2019-07-31 13:45:35",1530
"2019-07-31 14:45:36",1530
"2019-07-31 15:45:37",1529
"2019-07-31 16:45:40",1530
"2019-07-31 17:45:35",1531
"2019-07-31 18:45:34",1530
"2019-07-31 19:45:34",1531
"2019-07-31 20:45:37",1531
"2019-07-31 21:45:36",1531
"2019-07-31 22:45:35",1531
"2019-07-31 23:45:35",1531
"2019-08-01 00:45:36",1531
"2019-08-01 01:45:51",1531
"2019-08-01 02:45:38",1531
"2019-08-01 03:45:35",1531
"2019-08-01 04:45:34",1531
"2019-08-01 05:45:39",1531
"2019-08-01 06:45:35",1531
"2019-08-01 07:45:42",1531
"2019-08-01 08:45:34",1531
"2019-08-01 09:45:37",1531
"2019-08-01 10:45:35",1531
"2019-08-01 11:45:33",1531
"2019-08-01 13:08:08",1530
"2019-08-01 13:45:36",1530
"2019-08-01 14:45:36",1532
"2019-08-01 15:45:42",1532
"2019-08-01 16:45:39",1533
"2019-08-01 17:45:38",1534
"2019-08-01 18:45:34",1535
"2019-08-01 19:45:35",1535
"2019-08-01 20:45:34",1534
"2019-08-01 21:45:35",1534
"2019-08-01 22:45:34",1534
"2019-08-01 23:45:36",1534
"2019-08-02 00:45:34",1534
"2019-08-02 01:45:35",1534
"2019-08-02 02:45:34",1534
"2019-08-02 03:45:35",1534
"2019-08-02 04:45:34",1534
"2019-08-02 05:45:37",1534
"2019-08-02 06:45:34",1534
"2019-08-02 07:45:32",1534
"2019-08-02 08:45:36",1534
"2019-08-02 09:45:37",1534
"2019-08-02 10:45:46",1534
"2019-08-02 11:45:34",1534
"2019-08-02 13:09:42",1535
"2019-08-02 13:45:38",1535
"2019-08-02 14:45:37",1535
"2019-08-02 15:45:37",1536
"2019-08-02 16:45:39",1536
"2019-08-02 17:45:35",1539
"2019-08-02 18:45:37",1538
"2019-08-02 19:45:37",1540
"2019-08-02 20:45:37",1540
"2019-08-02 21:45:36",1540
"2019-08-02 22:45:34",1540
"2019-08-02 23:45:37",1540
"2019-08-03 00:45:35",1540
"2019-08-03 01:45:34",1540
"2019-08-03 02:45:48",1540
"2019-08-03 03:45:35",1540
"2019-08-03 04:45:34",1540
"2019-08-03 05:45:42",1540
"2019-08-03 06:45:36",1540
"2019-08-03 07:45:32",1540
"2019-08-03 08:45:37",1540
"2019-08-03 09:45:34",1540
"2019-08-03 10:45:35",1540
"2019-08-03 11:45:34",1540
"2019-08-03 12:45:36",1540
"2019-08-03 13:45:36",1540
"2019-08-03 14:45:36",1540
"2019-08-03 15:45:33",1540
"2019-08-03 16:45:36",1540
"2019-08-03 17:45:36",1540
"2019-08-03 18:45:36",1540
"2019-08-03 19:45:34",1540
"2019-08-03 20:45:33",1540
"2019-08-03 21:45:33",1540
"2019-08-03 22:45:34",1540
"2019-08-03 23:45:34",1540
"2019-08-04 00:45:35",1540
"2019-08-04 01:45:34",1540
"2019-08-04 02:45:41",1540
"2019-08-04 03:45:37",1540
"2019-08-04 04:45:34",1540
"2019-08-04 05:45:41",1540
"2019-08-04 06:45:34",1540
"2019-08-04 07:45:35",1540
"2019-08-04 08:45:37",1540
"2019-08-04 09:45:34",1540
"2019-08-04 10:45:33",1540
"2019-08-04 11:45:31",1540
"2019-08-04 12:45:34",1540
"2019-08-04 13:45:35",1540
"2019-08-04 14:45:33",1540
"2019-08-04 15:45:34",1540
"2019-08-04 16:45:36",1540
"2019-08-04 17:45:34",1540
"2019-08-04 18:45:35",1540
"2019-08-04 19:45:34",1540
"2019-08-04 20:45:35",1540
"2019-08-04 21:45:35",1540
"2019-08-04 22:45:36",1540
"2019-08-04 23:45:34",1540
"2019-08-05 00:45:34",1540
"2019-08-05 01:45:36",1540
"2019-08-05 02:45:37",1540
"2019-08-05 03:45:35",1540
"2019-08-05 04:45:35",1540
"2019-08-05 05:45:38",1540
"2019-08-05 06:45:34",1540
"2019-08-05 07:45:40",1540
"2019-08-05 08:45:37",1540
"2019-08-05 09:45:37",1540
"2019-08-05 10:45:35",1540
"2019-08-05 11:45:34",1540
"2019-08-05 13:10:11",1540
"2019-08-05 13:45:40",1540
"2019-08-05 14:45:38",1536
"2019-08-05 15:45:35",1532
"2019-08-05 16:45:37",1532
"2019-08-05 17:45:38",1533
"2019-08-05 18:45:40",1532
"2019-08-05 19:45:37",1532
"2019-08-05 20:45:35",1532
"2019-08-05 21:45:36",1532
"2019-08-05 22:45:37",1533
"2019-08-05 23:45:38",1533
"2019-08-06 00:45:49",1533
"2019-08-06 01:45:42",1533
"2019-08-06 02:45:36",1533
"2019-08-06 03:45:35",1533
"2019-08-06 04:45:37",1533
"2019-08-06 05:45:39",1533
"2019-08-06 06:45:35",1533
"2019-08-06 07:45:36",1533
"2019-08-06 08:45:34",1533
"2019-08-06 09:45:42",1533
"2019-08-06 10:45:34",1533
"2019-08-06 11:45:35",1533
"2019-08-06 12:45:35",1533
"2019-08-06 13:45:38",1533
"2019-08-06 14:45:34",1536
"2019-08-06 15:45:37",1537
"2019-08-06 16:45:38",1536
"2019-08-06 17:45:36",1537
"2019-08-06 18:45:35",1535
"2019-08-06 19:45:36",1534
"2019-08-06 20:45:37",1533
"2019-08-06 21:45:35",1533
"2019-08-06 23:45:35",1533
"2019-08-07 00:45:37",1533
"2019-08-07 01:45:37",1533
"2019-08-07 02:45:39",1533
"2019-08-07 03:45:36",1533
"2019-08-07 04:45:35",1533
"2019-08-07 05:45:39",1533
"2019-08-07 06:45:43",1533
"2019-08-07 07:45:34",1533
"2019-08-07 08:45:36",1533
"2019-08-07 09:45:34",1533
"2019-08-07 10:45:43",1533
"2019-08-07 11:45:35",1533
"2019-08-07 12:45:38",1532
"2019-08-07 13:45:39",1532
"2019-08-07 14:45:37",1533
"2019-08-07 15:45:36",1530
"2019-08-07 16:45:37",1532
"2019-08-07 17:45:36",1529
"2019-08-07 18:45:36",1528
"2019-08-07 19:45:35",1527
"2019-08-07 20:45:35",1528
"2019-08-07 21:45:35",1528
"2019-08-07 22:45:34",1528
"2019-08-07 23:45:36",1528
"2019-08-08 00:45:39",1528
"2019-08-08 01:45:35",1528
"2019-08-08 02:45:43",1528
"2019-08-08 03:45:34",1528
"2019-08-08 04:45:34",1528
"2019-08-08 05:45:36",1528
"2019-08-08 06:45:39",1528
"2019-08-08 07:45:35",1528
"2019-08-08 08:45:34",1528
"2019-08-08 09:45:34",1528
"2019-08-08 10:45:40",1528
"2019-08-08 11:45:34",1528
"2019-08-08 12:45:37",1528
"2019-08-08 13:45:37",1528
"2019-08-08 14:45:35",1527
"2019-08-08 15:45:38",1529
"2019-08-08 16:45:39",1529
"2019-08-08 17:45:36",1529
"2019-08-08 18:45:38",1527
"2019-08-08 19:45:36",1527
"2019-08-08 20:45:39",1527
"2019-08-08 21:45:40",1527
"2019-08-08 22:45:39",1528
"2019-08-08 23:45:39",1528
"2019-08-09 00:45:41",1528
"2019-08-09 01:45:42",1528
"2019-08-09 02:45:43",1528
"2019-08-09 03:45:41",1528
"2019-08-09 04:45:41",1528
"2019-08-09 05:45:47",1528
"2019-08-09 06:45:41",1528
"2019-08-09 07:45:58",1528
"2019-08-09 08:45:41",1528
"2019-08-09 09:45:47",1528
"2019-08-09 10:45:41",1528
"2019-08-09 11:45:41",1528
"2019-08-09 13:09:46",1528
"2019-08-09 13:45:41",1528
"2019-08-09 14:45:51",1527
"2019-08-09 15:45:41",1527
"2019-08-09 16:45:49",1526
"2019-08-09 17:45:40",1526
"2019-08-09 18:45:41",1525
"2019-08-09 19:45:41",1526
"2019-08-09 20:45:39",1526
"2019-08-09 21:45:42",1525
"2019-08-09 22:45:41",1525
"2019-08-09 23:45:42",1525
"2019-08-10 00:45:42",1525
"2019-08-10 01:45:41",1525
"2019-08-10 02:45:59",1525
"2019-08-10 03:45:39",1525
"2019-08-10 04:45:41",1525
"2019-08-10 05:45:46",1525
"2019-08-10 06:45:40",1525
"2019-08-10 07:45:40",1525
"2019-08-10 08:45:40",1525
"2019-08-10 09:45:42",1525
"2019-08-10 10:45:43",1525
"2019-08-10 11:45:39",1525
"2019-08-10 12:45:43",1525
"2019-08-10 13:45:43",1525
"2019-08-10 14:45:39",1525
"2019-08-10 15:45:38",1525
"2019-08-10 16:45:48",1525
"2019-08-10 17:45:40",1525
"2019-08-10 18:45:40",1525
"2019-08-10 19:45:40",1525
"2019-08-10 20:45:40",1525
"2019-08-10 21:45:37",1525
"2019-08-10 22:45:39",1525
"2019-08-10 23:45:41",1525
"2019-08-11 00:45:38",1525
"2019-08-11 01:45:39",1525
"2019-08-11 02:45:48",1525
"2019-08-11 03:45:42",1525
"2019-08-11 04:45:39",1525
"2019-08-11 05:45:49",1525
"2019-08-11 06:45:39",1525
"2019-08-11 07:45:41",1525
"2019-08-11 08:45:39",1525
"2019-08-11 09:45:37",1525
"2019-08-11 10:45:37",1525
"2019-08-11 11:45:39",1525
"2019-08-11 12:45:41",1525
"2019-08-11 13:45:42",1525
"2019-08-11 14:45:40",1525
"2019-08-11 15:45:40",1525
"2019-08-11 16:45:41",1525
"2019-08-11 17:45:40",1525
"2019-08-11 18:45:39",1525
"2019-08-11 19:45:42",1525
"2019-08-11 20:45:44",1525
"2019-08-11 21:45:43",1525
"2019-08-11 22:45:42",1525
"2019-08-11 23:45:45",1525
"2019-08-12 00:45:43",1525
"2019-08-12 01:45:42",1525
"2019-08-12 02:45:52",1525
"2019-08-12 03:45:43",1525
"2019-08-12 04:45:42",1525
"2019-08-12 05:45:48",1525
"2019-08-12 06:45:49",1525
"2019-08-12 07:45:40",1525
"2019-08-12 08:45:43",1525
"2019-08-12 09:45:41",1525
"2019-08-12 10:45:46",1525
"2019-08-12 11:45:40",1525
"2019-08-12 12:45:46",1525
"2019-08-12 13:45:53",1525
"2019-08-12 14:45:41",1526
"2019-08-12 15:45:42",1522
"2019-08-12 16:45:51",1522
"2019-08-12 17:45:39",1522
"2019-08-12 18:45:37",1523
"2019-08-12 19:45:37",1522
"2019-08-12 20:45:40",1521
"2019-08-12 21:45:37",1521
"2019-08-12 22:45:38",1521
"2019-08-12 23:45:40",1521
"2019-08-13 00:45:38",1521
"2019-08-13 01:45:39",1521
"2019-08-13 02:45:45",1521
"2019-08-13 03:45:40",1521
"2019-08-13 04:45:36",1521
"2019-08-13 05:45:42",1521
"2019-08-13 06:45:42",1521
"2019-08-13 07:45:39",1521
"2019-08-13 08:45:36",1521
"2019-08-13 09:45:41",1521
"2019-08-13 10:45:46",1521
"2019-08-13 11:45:43",1521
"2019-08-13 12:45:42",1521
"2019-08-13 13:45:42",1521
"2019-08-13 14:45:40",1522
"2019-08-13 15:45:45",1522
"2019-08-13 16:45:43",1524
"2019-08-13 17:45:40",1524
"2019-08-13 18:45:40",1524
"2019-08-13 19:45:40",1524
"2019-08-13 20:45:38",1524
"2019-08-13 21:45:43",1524
"2019-08-13 22:45:47",1524
"2019-08-13 23:45:42",1524
"2019-08-14 00:45:42",1524
"2019-08-14 01:45:41",1524
"2019-08-14 02:45:42",1524
"2019-08-14 03:45:39",1524
"2019-08-14 04:45:38",1524
"2019-08-14 05:45:57",1524
"2019-08-14 06:45:39",1524
"2019-08-14 07:45:37",1524
"2019-08-14 08:45:37",1524
"2019-08-14 09:45:42",1524
"2019-08-14 10:45:35",1524
"2019-08-14 11:45:36",1524
"2019-08-14 13:08:46",1524
"2019-08-14 13:45:41",1524
"2019-08-14 14:45:42",1524
"2019-08-14 15:45:42",1525
"2019-08-14 16:45:39",1523
"2019-08-14 17:45:36",1522
"2019-08-14 18:45:43",1521
"2019-08-14 19:45:43",1521
"2019-08-14 20:45:40",1521
"2019-08-14 21:45:57",1522
"2019-08-14 22:45:39",1522
"2019-08-14 23:45:37",1522
"2019-08-15 00:46:08",1522
"2019-08-15 01:45:41",1522
"2019-08-15 02:45:42",1522
"2019-08-15 03:45:39",1522
"2019-08-15 04:45:40",1522
"2019-08-15 05:45:46",1522
"2019-08-15 06:45:39",1522
"2019-08-15 07:45:36",1522
"2019-08-15 08:45:51",1522
"2019-08-15 09:45:39",1522
"2019-08-15 10:45:38",1522
"2019-08-15 11:45:38",1522
"2019-08-15 13:08:44",1522
"2019-08-15 13:45:46",1522
"2019-08-15 14:45:41",1519
"2019-08-15 15:45:36",1518
"2019-08-15 16:45:55",1518
"2019-08-15 17:45:34",1515
"2019-08-15 18:45:38",1516
"2019-08-15 19:45:37",1517
"2019-08-15 20:45:38",1516
"2019-08-15 21:45:35",1516
"2019-08-15 22:45:35",1516
"2019-08-15 23:45:48",1516
"2019-08-16 00:45:49",1516
"2019-08-16 01:45:55",1516
"2019-08-16 02:45:38",1516
"2019-08-16 03:45:39",1516
"2019-08-16 04:45:34",1516
"2019-08-16 05:45:56",1516
"2019-08-16 06:45:35",1516
"2019-08-16 07:45:37",1516
"2019-08-16 08:45:37",1516
"2019-08-16 09:45:39",1516
"2019-08-16 10:45:35",1516
"2019-08-16 11:45:34",1516
"2019-08-16 12:45:36",1516
"2019-08-16 13:45:41",1516
"2019-08-16 14:45:37",1516
"2019-08-16 15:45:38",1517
"2019-08-16 16:45:52",1517
"2019-08-16 19:45:42",1517
"2019-08-16 20:45:47",1517
"2019-08-16 21:45:43",1517
"2019-08-16 22:45:44",1517
"2019-08-16 23:45:44",1517
"2019-08-17 00:45:44",1517
"2019-08-17 01:45:48",1517
"2019-08-17 02:45:59",1517
"2019-08-17 03:45:45",1517
"2019-08-17 04:45:44",1517
"2019-08-17 05:45:46",1517
"2019-08-17 06:45:42",1517
"2019-08-17 07:45:42",1517
"2019-08-17 08:45:44",1517
"2019-08-17 09:45:42",1517
"2019-08-17 10:45:40",1517
"2019-08-17 11:45:42",1517
"2019-08-17 12:45:40",1517
"2019-08-17 13:45:42",1517
"2019-08-17 14:46:23",1517
"2019-08-17 15:45:41",1517
"2019-08-17 16:45:41",1517
"2019-08-17 17:45:40",1517
"2019-08-17 18:45:40",1517
"2019-08-17 19:45:41",1517
"2019-08-17 20:45:42",1517
"2019-08-17 21:45:40",1517
"2019-08-17 22:45:40",1517
"2019-08-17 23:45:39",1517
"2019-08-18 00:45:40",1517
"2019-08-18 01:45:39",1517
"2019-08-18 02:45:43",1517
"2019-08-18 03:45:40",1517
"2019-08-18 04:45:39",1517
"2019-08-18 05:46:06",1517
"2019-08-18 06:46:01",1517
"2019-08-18 07:45:44",1517
"2019-08-18 08:45:45",1517
"2019-08-18 09:45:48",1517
"2019-08-18 10:45:41",1517
"2019-08-18 11:45:42",1517
"2019-08-18 12:45:42",1517
"2019-08-18 13:45:44",1517
"2019-08-18 14:45:43",1517
"2019-08-18 15:45:44",1517
"2019-08-18 16:45:48",1517
"2019-08-18 17:45:41",1517
"2019-08-18 18:45:42",1517
"2019-08-18 19:45:45",1517
"2019-08-18 20:45:44",1517
"2019-08-18 21:45:50",1517
"2019-08-18 22:45:44",1517
"2019-08-18 23:45:44",1517
"2019-08-19 00:45:43",1517
"2019-08-19 01:45:47",1517
"2019-08-19 02:45:46",1517
"2019-08-19 03:45:41",1517
"2019-08-19 04:45:41",1517
"2019-08-19 05:45:49",1517
"2019-08-19 06:45:46",1517
"2019-08-19 07:45:54",1517
"2019-08-19 08:45:42",1517
"2019-08-19 09:45:50",1517
"2019-08-19 10:45:43",1517
"2019-08-19 11:45:42",1517
"2019-08-19 12:45:48",1517
"2019-08-19 13:45:45",1517
"2019-08-19 14:45:37",1517
"2019-08-19 15:45:39",1518
"2019-08-19 16:45:38",1518
"2019-08-19 17:45:37",1518
"2019-08-19 18:45:40",1516
"2019-08-19 19:45:38",1516
"2019-08-19 20:45:37",1515
"2019-08-19 21:45:39",1516
"2019-08-19 22:45:36",1516
"2019-08-19 23:45:38",1516
"2019-08-20 00:45:41",1516
"2019-08-20 01:45:37",1516
"2019-08-20 02:45:42",1516
"2019-08-20 03:45:38",1516
"2019-08-20 04:45:37",1516
"2019-08-20 05:45:55",1516
"2019-08-20 06:45:42",1516
"2019-08-20 07:45:36",1516
"2019-08-20 08:45:37",1516
"2019-08-20 09:45:36",1516
"2019-08-20 10:45:59",1516
"2019-08-20 11:45:36",1516
"2019-08-20 13:07:43",1516
"2019-08-20 13:45:48",1516
"2019-08-20 14:45:39",1516
"2019-08-20 15:45:38",1516
"2019-08-20 16:45:39",1516
"2019-08-20 17:45:39",1516
"2019-08-20 18:45:39",1517
"2019-08-20 19:45:39",1517
"2019-08-20 20:45:40",1520
"2019-08-20 21:45:41",1520
"2019-08-20 22:45:39",1520
"2019-08-20 23:45:38",1520
"2019-08-21 00:45:41",1520
"2019-08-21 01:45:44",1520
"2019-08-21 02:45:46",1520
"2019-08-21 03:45:45",1520
"2019-08-21 04:45:39",1520
"2019-08-21 05:45:43",1520
"2019-08-21 06:45:47",1520
"2019-08-21 07:45:40",1520
"2019-08-21 08:45:42",1520
"2019-08-21 09:45:40",1520
"2019-08-21 10:45:37",1520
"2019-08-21 11:45:38",1520
"2019-08-21 12:45:39",1520
"2019-08-21 13:45:43",1520
"2019-08-21 14:45:41",1523
"2019-08-21 15:45:43",1523
"2019-08-21 16:45:56",1526
"2019-08-21 17:45:40",1528
"2019-08-21 18:45:42",1527
"2019-08-21 19:45:41",1527
"2019-08-21 20:45:41",1527
"2019-08-21 21:45:43",1527
"2019-08-21 22:45:43",1527
"2019-08-21 23:45:40",1527
"2019-08-22 00:45:42",1527
"2019-08-22 01:45:39",1527
"2019-08-22 02:45:47",1527
"2019-08-22 03:45:40",1527
"2019-08-22 04:45:39",1527
"2019-08-22 05:45:44",1527
"2019-08-22 06:45:39",1527
"2019-08-22 07:45:42",1527
"2019-08-22 08:45:40",1527
"2019-08-22 09:45:40",1527
"2019-08-22 10:45:42",1527
"2019-08-22 11:45:43",1527
"2019-08-22 12:45:43",1527
"2019-08-22 13:45:44",1527
"2019-08-22 14:45:45",1530
"2019-08-22 15:45:46",1528
"2019-08-22 16:45:51",1530
"2019-08-22 17:45:45",1529
"2019-08-22 18:45:47",1530
"2019-08-22 19:45:44",1529
"2019-08-22 20:45:45",1529
"2019-08-22 21:45:47",1529
"2019-08-22 22:45:44",1529
"2019-08-22 23:45:45",1529
"2019-08-23 00:45:47",1529
"2019-08-23 01:45:50",1529
"2019-08-23 02:45:52",1529
"2019-08-23 03:45:42",1529
"2019-08-23 04:45:43",1529
"2019-08-23 05:45:44",1529
"2019-08-23 06:45:43",1529
"2019-08-23 07:45:41",1529
"2019-08-23 08:45:43",1529
"2019-08-23 09:45:41",1529
"2019-08-23 10:45:47",1529
"2019-08-23 11:45:41",1529
"2019-08-23 12:45:46",1529
"2019-08-23 13:45:48",1529
"2019-08-23 14:45:44",1531
"2019-08-23 15:45:44",1530
"2019-08-23 16:45:46",1531
"2019-08-23 17:45:41",1528
"2019-08-23 18:45:48",1527
"2019-08-23 19:45:43",1528
"2019-08-23 20:45:40",1528
"2019-08-23 21:45:41",1528
"2019-08-23 22:46:24",1528
"2019-08-23 23:45:41",1528
"2019-08-24 00:45:42",1528
"2019-08-24 01:45:40",1528
"2019-08-24 02:46:03",1528
"2019-08-24 03:45:40",1528
"2019-08-24 04:45:38",1528
"2019-08-24 05:45:43",1528
"2019-08-24 06:45:44",1528
"2019-08-24 07:45:46",1528
"2019-08-24 08:45:43",1528
"2019-08-24 09:45:42",1528
"2019-08-24 10:45:41",1528
"2019-08-24 11:45:39",1528
"2019-08-24 12:45:44",1528
"2019-08-24 13:45:40",1528
"2019-08-24 14:45:42",1528
"2019-08-24 15:45:43",1528
"2019-08-24 16:45:55",1528
"2019-08-24 17:45:42",1528
"2019-08-24 18:45:45",1528
"2019-08-24 19:45:42",1528
"2019-08-24 20:45:42",1528
"2019-08-24 21:45:41",1528
"2019-08-24 22:45:42",1528
"2019-08-24 23:45:40",1528
"2019-08-25 00:45:39",1528
"2019-08-25 01:45:44",1528
"2019-08-25 02:45:55",1528
"2019-08-25 03:45:40",1528
"2019-08-25 04:45:39",1528
"2019-08-25 05:45:39",1528
"2019-08-25 06:45:40",1528
"2019-08-25 07:45:40",1528
"2019-08-25 08:45:43",1528
"2019-08-25 09:45:39",1528
"2019-08-25 10:45:39",1528
"2019-08-25 11:45:45",1528
"2019-08-25 12:45:40",1528
"2019-08-25 13:45:42",1528
"2019-08-25 14:45:40",1528
"2019-08-25 15:45:43",1528
"2019-08-25 16:45:45",1528
"2019-08-25 17:45:40",1528
"2019-08-25 18:45:39",1528
"2019-08-25 19:45:42",1528
"2019-08-25 20:45:41",1528
"2019-08-25 21:45:42",1528
"2019-08-25 22:45:40",1528
"2019-08-25 23:45:41",1528
"2019-08-26 00:45:39",1528
"2019-08-26 01:45:37",1528
"2019-08-26 02:45:44",1528
"2019-08-26 03:45:39",1528
"2019-08-26 04:45:42",1528
"2019-08-26 05:45:44",1529
"2019-08-26 06:45:40",1529
"2019-08-26 07:45:46",1529
"2019-08-26 08:45:40",1529
"2019-08-26 09:45:39",1529
"2019-08-26 10:45:42",1529
"2019-08-26 11:45:40",1529
"2019-08-26 12:45:43",1529
"2019-08-26 13:45:42",1529
"2019-08-26 14:45:40",1532
"2019-08-26 15:45:43",1533
"2019-08-26 16:45:52",1535
"2019-08-26 17:45:40",1535
"2019-08-26 18:45:42",1534
"2019-08-26 19:45:44",1533
"2019-08-26 20:45:47",1531
"2019-08-26 21:45:43",1531
"2019-08-26 22:45:40",1531
"2019-08-26 23:45:41",1531
"2019-08-27 00:45:44",1531
"2019-08-27 01:45:42",1531
"2019-08-27 02:45:49",1531
"2019-08-27 03:45:41",1531
"2019-08-27 04:45:40",1531
"2019-08-27 05:45:46",1531
"2019-08-27 06:45:49",1531
"2019-08-27 07:45:40",1531
"2019-08-27 08:45:44",1531
"2019-08-27 09:45:40",1531
"2019-08-27 10:45:38",1531
"2019-08-27 11:45:46",1531
"2019-08-27 12:45:47",1531
"2019-08-27 13:46:02",1531
"2019-08-27 14:45:42",1531
"2019-08-27 15:45:44",1531
"2019-08-27 16:45:50",1532
"2019-08-27 17:45:41",1531
"2019-08-27 18:45:42",1527
"2019-08-27 19:45:44",1527
"2019-08-27 20:45:42",1525
"2019-08-27 21:45:43",1526
"2019-08-27 22:45:42",1525
"2019-08-27 23:45:48",1525
"2019-08-28 00:45:47",1525
"2019-08-28 01:45:44",1525
"2019-08-28 02:45:49",1525
"2019-08-28 03:45:51",1525
"2019-08-28 04:45:45",1525
"2019-08-28 05:45:49",1526
"2019-08-28 06:45:48",1526
"2019-08-28 07:45:47",1526
"2019-08-28 08:45:44",1526
"2019-08-28 09:45:47",1526
"2019-08-28 10:45:44",1526
"2019-08-28 11:45:48",1526
"2019-08-28 12:45:43",1526
"2019-08-28 13:45:41",1526
"2019-08-28 14:45:39",1525
"2019-08-28 15:45:45",1525
"2019-08-28 16:46:00",1525
"2019-08-28 17:45:39",1525
"2019-08-28 18:45:41",1525
"2019-08-28 19:45:41",1526
"2019-08-28 20:45:44",1526
"2019-08-28 21:45:44",1526
"2019-08-28 22:45:41",1526
"2019-08-28 23:45:49",1526
"2019-08-29 00:45:39",1526
"2019-08-29 01:45:43",1526
"2019-08-29 02:45:43",1526
"2019-08-29 03:45:40",1526
"2019-08-29 04:45:41",1526
"2019-08-29 05:45:54",1526
"2019-08-29 06:45:38",1526
"2019-08-29 07:45:43",1526
"2019-08-29 08:45:41",1526
"2019-08-29 09:45:41",1526
"2019-08-29 10:45:37",1526
"2019-08-29 11:45:38",1526
"2019-08-29 12:45:43",1526
"2019-08-29 13:45:41",1526
"2019-08-29 14:45:39",1524
"2019-08-29 15:45:39",1523
"2019-08-29 16:45:48",1523
"2019-08-29 17:45:39",1523
"2019-08-29 18:45:38",1523
"2019-08-29 19:45:36",1523
"2019-08-29 20:45:39",1524
"2019-08-29 21:45:39",1524
"2019-08-29 22:45:37",1524
"2019-08-29 23:45:39",1524
"2019-08-30 00:45:42",1524
"2019-08-30 01:45:47",1524
"2019-08-30 02:45:40",1524
"2019-08-30 03:45:42",1524
"2019-08-30 04:45:40",1524
"2019-08-30 05:45:49",1524
"2019-08-30 06:45:35",1524
"2019-08-30 07:45:36",1524
"2019-08-30 08:45:36",1524
"2019-08-30 09:45:37",1524
"2019-08-30 10:45:35",1524
"2019-08-30 11:45:35",1524
"2019-08-30 12:45:38",1524
"2019-08-30 13:45:37",1524
"2019-08-30 14:45:37",1523
"2019-08-30 15:45:38",1523
"2019-08-30 16:45:38",1523
"2019-08-30 17:45:40",1521
"2019-08-30 18:45:36",1521
"2019-08-30 20:45:54",1523
"2019-08-30 21:45:49",1523
"2019-08-30 22:45:52",1522
"2019-08-30 23:45:51",1522
"2019-08-31 00:45:50",1522
"2019-08-31 01:45:54",1522
"2019-08-31 02:45:52",1522
"2019-08-31 03:45:52",1522
"2019-08-31 04:45:50",1522
"2019-08-31 23:46:19",1522
"2019-09-01 00:45:55",1522
"2019-09-01 01:45:51",1522
"2019-09-01 02:45:52",1522
"2019-09-01 03:45:52",1522
"2019-09-01 04:45:50",1522
"2019-09-01 05:45:51",1522
"2019-09-01 06:45:50",1522
"2019-09-01 07:45:47",1522
"2019-09-01 08:45:51",1522
"2019-09-01 09:45:49",1522
"2019-09-01 10:45:50",1522
"2019-09-01 11:45:48",1522
"2019-09-01 12:45:52",1522
"2019-09-01 13:45:51",1522
"2019-09-01 14:45:50",1522
"2019-09-01 15:45:50",1522
"2019-09-01 16:45:58",1522
"2019-09-01 17:45:54",1522
"2019-09-01 18:45:50",1522
"2019-09-01 19:45:48",1522
"2019-09-01 20:45:50",1522
"2019-09-01 21:45:50",1522
"2019-09-01 22:45:52",1522
"2019-09-01 23:45:52",1522
"2019-09-02 00:45:49",1522
"2019-09-02 01:45:47",1522
"2019-09-02 02:45:48",1522
"2019-09-02 03:45:52",1522
"2019-09-02 04:45:53",1522
"2019-09-02 05:46:05",1522
"2019-09-02 06:45:54",1522
"2019-09-02 07:45:53",1522
"2019-09-02 08:45:51",1522
"2019-09-02 09:45:58",1522
"2019-09-02 10:45:58",1522
"2019-09-02 11:45:52",1522
"2019-09-02 12:45:48",1522
"2019-09-02 13:45:51",1522
"2019-09-02 14:45:50",1522
"2019-09-02 15:45:51",1522
"2019-09-02 16:46:02",1522
"2019-09-02 17:45:50",1522
"2019-09-02 18:45:54",1522
"2019-09-02 19:45:52",1522
"2019-09-02 20:45:50",1522
"2019-09-02 21:45:53",1522
"2019-09-02 22:45:52",1522
"2019-09-02 23:45:54",1522
"2019-09-03 00:45:52",1522
"2019-09-03 01:45:53",1522
"2019-09-03 02:45:55",1522
"2019-09-03 03:45:52",1522
"2019-09-03 04:45:49",1522
"2019-09-03 05:46:03",1522
"2019-09-03 06:45:55",1522
"2019-09-03 07:45:50",1522
"2019-09-03 08:45:59",1522
"2019-09-03 09:45:50",1522
"2019-09-03 10:45:55",1522
"2019-09-03 11:45:50",1522
"2019-09-03 13:10:05",1522
"2019-09-03 13:46:00",1522
"2019-09-03 14:45:53",1529
"2019-09-03 15:45:52",1532
"2019-09-03 16:45:56",1534
"2019-09-03 17:45:53",1534
"2019-09-03 18:45:50",1537
"2019-09-03 19:45:50",1539
"2019-09-03 20:45:52",1541
"2019-09-03 21:45:50",1541
"2019-09-03 22:46:01",1541
"2019-09-03 23:45:51",1541
"2019-09-04 00:45:54",1541
"2019-09-04 01:45:53",1541
"2019-09-04 02:45:52",1541
"2019-09-04 03:45:51",1541
"2019-09-04 04:45:49",1541
"2019-09-04 05:46:03",1541
"2019-09-04 06:45:52",1541
"2019-09-04 07:45:50",1541
"2019-09-04 08:45:51",1541
"2019-09-04 09:45:53",1541
"2019-09-04 10:45:51",1541
"2019-09-04 11:45:51",1541
"2019-09-04 13:08:59",1541
"2019-09-04 13:45:53",1541
"2019-09-04 14:45:51",1539
"2019-09-04 15:45:52",1540
"2019-09-04 16:46:05",1542
"2019-09-04 17:45:50",1541
"2019-09-04 18:45:52",1540
"2019-09-04 19:45:52",1541
"2019-09-04 20:45:53",1540
"2019-09-04 21:45:50",1540
"2019-09-04 22:45:50",1540
"2019-09-04 23:45:57",1540
"2019-09-05 01:45:51",1540
"2019-09-05 02:45:58",1540
"2019-09-05 03:45:49",1540
"2019-09-05 04:45:50",1540
"2019-09-05 05:46:03",1540
"2019-09-05 06:45:48",1540
"2019-09-05 07:45:54",1540
"2019-09-05 08:45:51",1540
"2019-09-05 09:45:48",1540
"2019-09-05 10:45:57",1540
"2019-09-05 11:45:50",1540
"2019-09-05 13:09:55",1540
"2019-09-05 13:45:51",1540
"2019-09-05 14:45:56",1538
"2019-09-05 15:45:52",1539
"2019-09-05 16:46:04",1539
"2019-09-05 17:45:54",1538
"2019-09-05 18:45:50",1539
"2019-09-05 19:45:50",1543
"2019-09-05 20:45:52",1543
"2019-09-05 21:45:50",1543
"2019-09-05 22:45:52",1543
"2019-09-05 23:45:54",1543
"2019-09-06 00:45:53",1543
"2019-09-06 01:45:53",1543
"2019-09-06 02:45:51",1543
"2019-09-06 03:45:48",1543
"2019-09-06 04:45:50",1543
"2019-09-06 05:46:04",1543
"2019-09-06 06:45:53",1543
"2019-09-06 07:45:54",1543
"2019-09-06 08:45:50",1543
"2019-09-06 09:45:52",1543
"2019-09-06 10:45:51",1543
"2019-09-06 11:46:12",1543
"2019-09-06 13:08:56",1543
"2019-09-06 13:45:53",1543
"2019-09-06 14:45:50",1543
"2019-09-06 15:45:50",1544
"2019-09-06 16:46:02",1544
"2019-09-06 17:45:52",1547
"2019-09-06 18:45:54",1547
"2019-09-06 19:45:50",1547
"2019-09-06 20:45:51",1545
"2019-09-06 21:45:53",1545
"2019-09-06 22:45:50",1545
"2019-09-06 23:45:50",1545
"2019-09-07 01:45:51",1545
"2019-09-07 02:45:54",1545
"2019-09-07 03:45:54",1545
"2019-09-07 04:45:53",1545
"2019-09-07 05:46:19",1545
"2019-09-07 06:45:51",1545
"2019-09-07 07:45:48",1545
"2019-09-07 08:45:49",1545
"2019-09-07 09:45:51",1545
"2019-09-07 10:45:52",1545
"2019-09-07 11:45:49",1545
"2019-09-07 12:45:50",1545
"2019-09-07 13:45:54",1545
"2019-09-07 14:45:52",1545
"2019-09-07 15:45:52",1545
"2019-09-07 16:45:52",1545
"2019-09-07 17:45:52",1545
"2019-09-07 18:45:51",1545
"2019-09-07 19:45:49",1545
"2019-09-07 20:45:51",1545
"2019-09-07 22:45:48",1545
"2019-09-07 23:45:52",1545
"2019-09-08 00:45:52",1545
"2019-09-08 01:45:55",1545
"2019-09-08 02:45:59",1545
"2019-09-08 03:45:53",1545
"2019-09-08 04:45:51",1545
"2019-09-08 05:45:58",1545
"2019-09-08 06:45:51",1545
"2019-09-08 07:45:50",1545
"2019-09-08 08:45:51",1545
"2019-09-08 09:45:49",1545
"2019-09-08 10:45:52",1545
"2019-09-08 11:45:49",1545
"2019-09-08 12:45:51",1545
"2019-09-08 13:45:51",1545
"2019-09-08 14:45:51",1545
"2019-09-08 15:45:50",1545
"2019-09-08 16:46:00",1545
"2019-09-08 17:45:51",1545
"2019-09-08 18:45:50",1545
"2019-09-08 19:45:58",1545
"2019-09-08 20:45:54",1545
"2019-09-08 21:45:52",1545
"2019-09-08 22:45:49",1545
"2019-09-08 23:45:50",1545
"2019-09-09 00:45:50",1545
"2019-09-09 01:45:52",1545
"2019-09-09 02:45:52",1545
"2019-09-09 03:45:51",1545
"2019-09-09 04:45:49",1545
"2019-09-09 05:46:06",1545
"2019-09-09 06:45:49",1545
"2019-09-09 07:45:50",1545
"2019-09-09 08:45:50",1545
"2019-09-09 09:45:47",1545
"2019-09-09 10:45:48",1545
"2019-09-09 11:45:51",1545
"2019-09-09 13:08:57",1545
"2019-09-09 13:45:56",1545
"2019-09-09 14:45:59",1545
"2019-09-09 15:45:52",1547
"2019-09-09 16:46:08",1546
"2019-09-09 17:45:50",1546
"2019-09-09 18:45:51",1547
"2019-09-09 19:45:52",1545
"2019-09-09 20:45:50",1544
"2019-09-09 21:45:51",1544
"2019-09-09 22:45:50",1544
"2019-09-09 23:45:51",1544
"2019-09-10 00:45:53",1544
"2019-09-10 01:45:52",1544
"2019-09-10 02:45:59",1544
"2019-09-10 03:45:53",1544
"2019-09-10 04:45:53",1544
"2019-09-10 05:45:58",1544
"2019-09-10 06:45:51",1544
"2019-09-10 07:45:49",1544
"2019-09-10 08:45:53",1544
"2019-09-10 09:46:04",1544
"2019-09-10 10:45:51",1544
"2019-09-10 11:45:50",1544
"2019-09-10 12:45:53",1544
"2019-09-10 13:45:51",1544
"2019-09-10 14:45:50",1544
"2019-09-10 15:45:50",1542
"2019-09-10 16:46:04",1542
"2019-09-10 17:45:51",1545
"2019-09-10 18:45:53",1545
"2019-09-10 19:45:59",1543
"2019-09-10 20:45:49",1544
"2019-09-10 21:45:52",1544
"2019-09-10 22:45:50",1545
"2019-09-10 23:45:50",1545
"2019-09-11 00:45:51",1545
"2019-09-11 01:45:52",1545
"2019-09-11 02:45:50",1545
"2019-09-11 03:45:49",1545
"2019-09-11 04:45:50",1545
"2019-09-11 05:46:03",1545
"2019-09-11 06:45:52",1545
"2019-09-11 07:45:47",1545
"2019-09-11 08:45:50",1545
"2019-09-11 09:45:55",1545
"2019-09-11 10:46:04",1545
"2019-09-11 11:46:00",1545
"2019-09-11 12:45:51",1545
"2019-09-11 13:45:55",1545
"2019-09-11 14:45:51",1543
"2019-09-11 15:45:50",1541
"2019-09-11 16:45:55",1542
"2019-09-11 17:45:49",1544
"2019-09-11 18:45:51",1544
"2019-09-11 19:45:51",1544
"2019-09-11 20:45:50",1545
"2019-09-11 21:45:56",1545
"2019-09-11 22:45:50",1545
"2019-09-11 23:45:49",1545
"2019-09-12 00:45:52",1545
"2019-09-12 01:45:51",1545
"2019-09-12 02:45:58",1545
"2019-09-12 03:45:50",1545
"2019-09-12 04:45:48",1545
"2019-09-12 05:46:01",1545
"2019-09-12 06:45:51",1545
"2019-09-12 07:45:50",1545
"2019-09-12 08:45:48",1545
"2019-09-12 09:45:49",1545
"2019-09-12 10:46:07",1545
"2019-09-12 11:45:53",1545
"2019-09-12 13:10:00",1545
"2019-09-12 13:45:54",1545
"2019-09-12 14:45:56",1544
"2019-09-12 15:45:52",1542
"2019-09-12 16:45:52",1540
"2019-09-12 17:45:50",1540
"2019-09-12 18:45:49",1540
"2019-09-12 19:45:50",1539
"2019-09-12 20:45:48",1537
"2019-09-12 21:45:47",1537
"2019-09-12 22:45:50",1537
"2019-09-12 23:45:50",1537
"2019-09-13 00:45:49",1537
"2019-09-13 01:45:53",1537
"2019-09-13 02:45:51",1537
"2019-09-13 03:45:50",1537
"2019-09-13 04:45:48",1537
"2019-09-13 05:45:50",1537
"2019-09-13 06:45:51",1537
"2019-09-13 07:45:48",1537
"2019-09-13 08:45:50",1537
"2019-09-13 09:45:49",1537
"2019-09-13 10:45:49",1537
"2019-09-13 11:45:48",1537
"2019-09-13 13:09:52",1537
"2019-09-13 14:10:54",1537
"2019-09-13 14:45:52",1537
"2019-09-13 15:45:50",1537
"2019-09-13 16:45:50",1535
"2019-09-13 17:45:49",1532
"2019-09-13 18:45:48",1532
"2019-09-13 19:45:49",1532
"2019-09-13 20:45:45",1533
"2019-09-13 21:45:53",1534
"2019-09-13 22:45:46",1534
"2019-09-13 23:45:50",1534
"2019-09-14 00:45:51",1534
"2019-09-14 01:45:44",1534
"2019-09-14 02:45:49",1534
"2019-09-14 03:45:49",1534
"2019-09-14 04:45:47",1534
"2019-09-14 05:45:49",1534
"2019-09-14 06:45:48",1534
"2019-09-14 07:45:48",1534
"2019-09-14 08:45:48",1534
"2019-09-14 09:45:47",1534
"2019-09-14 10:45:48",1534
"2019-09-14 11:45:44",1534
"2019-09-14 12:45:49",1534
"2019-09-14 13:45:45",1534
"2019-09-14 14:45:48",1534
"2019-09-14 15:45:44",1534
"2019-09-14 16:45:50",1534
"2019-09-14 17:45:49",1534
"2019-09-14 18:45:44",1534
"2019-09-14 19:45:46",1534
"2019-09-14 20:45:45",1534
"2019-09-14 21:45:51",1534
"2019-09-14 22:45:47",1534
"2019-09-14 23:45:50",1534
"2019-09-15 00:45:50",1534
"2019-09-15 01:45:45",1534
"2019-09-15 02:45:51",1534
"2019-09-15 03:45:51",1534
"2019-09-15 04:45:48",1534
"2019-09-15 05:45:45",1534
"2019-09-15 06:45:51",1534
"2019-09-15 07:45:50",1534
"2019-09-15 08:45:51",1534
"2019-09-15 09:45:47",1534
"2019-09-15 10:45:47",1534
"2019-09-15 11:45:49",1534
"2019-09-15 12:45:50",1534
"2019-09-15 13:45:50",1534
"2019-09-15 14:45:48",1534
"2019-09-15 15:45:45",1534
"2019-09-15 16:45:50",1534
"2019-09-15 17:45:44",1534
"2019-09-15 18:45:47",1534
"2019-09-15 19:45:47",1534
"2019-09-15 20:45:45",1534
"2019-09-15 21:45:51",1534
"2019-09-15 22:45:47",1534
"2019-09-15 23:45:46",1534
"2019-09-16 00:45:49",1534
"2019-09-16 01:45:47",1534
"2019-09-16 02:45:51",1534
"2019-09-16 03:45:50",1534
"2019-09-16 04:45:46",1534
"2019-09-16 05:45:50",1534
"2019-09-16 06:45:50",1534
"2019-09-16 07:45:46",1534
"2019-09-16 08:45:50",1534
"2019-09-16 09:45:48",1534
"2019-09-16 10:45:47",1534
"2019-09-16 11:45:44",1534
"2019-09-16 13:09:24",1534
"2019-09-16 13:45:49",1534
"2019-09-16 14:45:55",1534
"2019-09-16 15:45:51",1535
"2019-09-16 16:45:53",1537
"2019-09-16 17:45:49",1536
"2019-09-16 18:45:52",1534
"2019-09-16 19:45:58",1534
"2019-09-16 20:45:58",1534
"2019-09-16 21:45:52",1533
"2019-09-16 22:45:54",1533
"2019-09-16 23:45:53",1533
"2019-09-17 00:45:52",1533
"2019-09-17 01:45:49",1533
"2019-09-17 02:45:52",1533
"2019-09-17 03:45:53",1533
"2019-09-17 04:45:50",1533
"2019-09-17 05:45:49",1533
"2019-09-17 06:45:47",1533
"2019-09-17 07:45:50",1533
"2019-09-17 08:45:49",1533
"2019-09-17 09:45:53",1533
"2019-09-17 10:45:53",1533
"2019-09-17 11:45:51",1533
"2019-09-17 12:45:50",1533
"2019-09-17 13:45:54",1533
"2019-09-17 14:45:50",1533
"2019-09-17 15:45:51",1532
"2019-09-17 16:45:54",1533
"2019-09-17 17:45:49",1533
"2019-09-17 18:45:50",1533
"2019-09-17 19:45:50",1533
"2019-09-17 20:45:50",1534
"2019-09-17 21:45:50",1534
"2019-09-17 22:45:52",1534
"2019-09-17 23:45:50",1534
"2019-09-18 00:45:51",1534
"2019-09-18 01:45:50",1534
"2019-09-18 02:45:48",1534
"2019-09-18 03:45:49",1534
"2019-09-18 04:45:57",1534
"2019-09-18 05:45:50",1534
"2019-09-18 06:45:52",1534
"2019-09-18 07:45:49",1534
"2019-09-18 08:45:52",1534
"2019-09-18 09:45:51",1534
"2019-09-18 10:45:49",1534
"2019-09-18 11:45:49",1534
"2019-09-18 13:41:00",1534
"2019-09-18 13:48:13",1534
"2019-09-18 14:45:52",1531
"2019-09-18 15:45:54",1532
"2019-09-18 16:45:54",1532
"2019-09-18 17:45:49",1532
"2019-09-18 18:45:47",1532
"2019-09-18 19:45:52",1529
"2019-09-18 20:45:49",1530
"2019-09-18 21:45:49",1530
"2019-09-18 22:45:51",1530
"2019-09-18 23:45:54",1530
"2019-09-19 00:45:46",1530
"2019-09-19 01:45:50",1530
"2019-09-19 02:45:54",1530
"2019-09-19 03:45:52",1530
"2019-09-19 04:45:48",1530
"2019-09-19 05:45:52",1530
"2019-09-19 06:45:53",1530
"2019-09-19 07:45:47",1530
"2019-09-19 08:45:50",1530
"2019-09-19 09:45:50",1530
"2019-09-19 10:45:49",1530
"2019-09-19 11:45:46",1530
"2019-09-19 13:09:26",1530
"2019-09-19 13:45:55",1530
"2019-09-19 14:45:47",1532
"2019-09-19 15:45:51",1532
"2019-09-19 16:45:58",1532
"2019-09-19 17:45:52",1531
"2019-09-19 18:45:53",1531
"2019-09-19 19:45:46",1532
"2019-09-19 20:45:53",1531
"2019-09-19 21:45:47",1531
"2019-09-19 22:45:53",1531
"2019-09-19 23:45:48",1531
"2019-09-20 00:45:54",1531
"2019-09-20 01:45:58",1531
"2019-09-20 02:45:48",1531
"2019-09-20 03:45:53",1531
"2019-09-20 04:45:51",1531
"2019-09-20 05:45:54",1531
"2019-09-20 06:45:49",1531
"2019-09-20 07:45:49",1531
"2019-09-20 08:45:54",1531
"2019-09-20 09:45:48",1531
"2019-09-20 10:45:47",1531
"2019-09-20 11:45:52",1531
"2019-09-20 12:45:52",1531
"2019-09-20 13:45:45",1531
"2019-09-20 14:45:51",1533
"2019-09-20 15:45:52",1534
"2019-09-20 16:45:51",1534
"2019-09-20 17:45:55",1534
"2019-09-20 18:45:48",1535
"2019-09-20 19:45:53",1536
"2019-09-20 20:45:46",1537
"2019-09-20 21:45:48",1538
"2019-09-20 22:45:52",1538
"2019-09-20 23:45:46",1538
"2019-09-21 00:45:46",1538
"2019-09-21 01:45:46",1538
"2019-09-21 02:45:50",1538
"2019-09-21 03:45:52",1538
"2019-09-21 04:45:45",1538
"2019-09-21 05:45:50",1538
"2019-09-21 06:45:50",1538
"2019-09-21 07:45:46",1538
"2019-09-21 08:45:46",1538
"2019-09-21 09:45:50",1538
"2019-09-21 10:45:45",1538
"2019-09-21 11:45:49",1538
"2019-09-21 12:45:52",1538
"2019-09-21 13:45:52",1538
"2019-09-21 14:45:47",1538
"2019-09-21 15:45:45",1538
"2019-09-21 16:45:52",1538
"2019-09-21 17:45:49",1538
"2019-09-21 18:45:47",1538
"2019-09-21 19:45:47",1538
"2019-09-21 20:45:46",1538
"2019-09-21 21:45:47",1538
"2019-09-21 22:45:47",1538
"2019-09-21 23:45:50",1538
"2019-09-22 00:45:46",1538
"2019-09-22 01:45:48",1538
"2019-09-22 02:45:49",1538
"2019-09-22 03:45:47",1538
"2019-09-22 04:45:51",1538
"2019-09-22 05:45:47",1538
"2019-09-22 06:45:51",1538
"2019-09-22 07:45:51",1538
"2019-09-22 08:45:47",1538
"2019-09-22 09:45:51",1538
"2019-09-22 10:45:46",1538
"2019-09-22 11:45:45",1538
"2019-09-22 12:45:48",1538
"2019-09-22 13:45:47",1538
"2019-09-22 14:45:51",1538
"2019-09-22 15:45:46",1538
"2019-09-22 16:45:51",1538
"2019-09-22 17:45:47",1538
"2019-09-22 18:45:46",1538
"2019-09-22 19:45:52",1538
"2019-09-22 20:45:46",1538
"2019-09-22 21:45:48",1538
"2019-09-22 22:45:46",1538
"2019-09-22 23:45:46",1538
"2019-09-23 00:45:50",1538
"2019-09-23 01:45:47",1538
"2019-09-23 02:45:46",1538
"2019-09-23 03:45:51",1538
"2019-09-23 04:45:48",1538
"2019-09-23 05:45:46",1538
"2019-09-23 06:45:48",1537
"2019-09-23 07:45:46",1537
"2019-09-23 08:45:49",1537
"2019-09-23 09:45:47",1537
"2019-09-23 10:45:49",1537
"2019-09-23 11:45:51",1537
"2019-09-23 12:45:49",1537
"2019-09-23 13:45:46",1537
"2019-09-23 14:45:51",1537
"2019-09-23 15:45:45",1537
"2019-09-23 16:45:52",1539
"2019-09-23 17:45:46",1540
"2019-09-23 18:45:53",1541
"2019-09-23 19:45:47",1540
"2019-09-23 20:45:47",1540
"2019-09-23 21:45:49",1539
"2019-09-23 22:45:51",1539
"2019-09-23 23:45:46",1539
"2019-09-24 00:45:50",1539
"2019-09-24 01:45:47",1539
"2019-09-24 03:45:52",1539
"2019-09-24 04:45:46",1539
"2019-09-24 05:45:53",1539
"2019-09-24 06:45:47",1539
"2019-09-24 07:45:47",1539
"2019-09-24 08:45:49",1539
"2019-09-24 09:45:44",1539
"2019-09-24 10:45:48",1539
"2019-09-24 11:45:49",1539
"2019-09-24 12:45:51",1539
"2019-09-24 13:45:48",1539
"2019-09-24 14:45:50",1540
"2019-09-24 15:45:53",1539
"2019-09-24 16:45:51",1537
"2019-09-24 17:45:50",1535
"2019-09-24 18:45:52",1535
"2019-09-24 19:45:47",1534
"2019-09-24 20:45:49",1532
"2019-09-24 21:45:51",1532
"2019-09-24 22:45:46",1532
"2019-09-24 23:45:46",1532
"2019-09-25 00:45:49",1532
"2019-09-25 01:45:53",1532
"2019-09-25 02:45:45",1532
"2019-09-25 03:45:54",1532
"2019-09-25 04:45:50",1532
"2019-09-25 05:45:47",1532
"2019-09-25 06:45:48",1532
"2019-09-25 07:45:53",1532
"2019-09-25 08:45:49",1532
"2019-09-25 09:45:50",1532
"2019-09-25 10:45:50",1532
"2019-09-25 11:45:47",1532
"2019-09-25 12:45:52",1532
"2019-09-25 13:45:52",1532
"2019-09-25 14:45:52",1529
"2019-09-25 15:45:52",1527
"2019-09-25 16:45:51",1527
"2019-09-25 17:45:50",1526
"2019-09-25 18:45:48",1525
"2019-09-25 19:45:55",1525
"2019-09-25 20:45:46",1525
"2019-09-25 21:45:49",1525
"2019-09-25 22:45:46",1525
"2019-09-25 23:45:50",1525
"2019-09-26 00:45:49",1525
"2019-09-26 01:45:47",1525
"2019-09-26 02:45:51",1525
"2019-09-26 03:45:48",1525
"2019-09-26 04:45:53",1525
"2019-09-26 05:45:50",1525
"2019-09-26 06:45:49",1525
"2019-09-26 07:45:46",1525
"2019-09-26 08:45:50",1525
"2019-09-26 09:45:49",1525
"2019-09-26 10:45:47",1525
"2019-09-26 11:45:46",1525
"2019-09-26 13:08:56",1525
"2019-09-26 13:45:57",1525
"2019-09-26 14:45:52",1521
"2019-09-26 15:45:54",1520
"2019-09-26 16:45:54",1520
"2019-09-26 17:45:54",1521
"2019-09-26 18:45:58",1521
"2019-09-26 19:45:51",1521
"2019-09-26 20:45:49",1521
"2019-09-26 21:45:53",1521
"2019-09-26 22:45:53",1521
"2019-09-26 23:45:51",1521
"2019-09-27 00:45:51",1521
"2019-09-27 01:45:48",1521
"2019-09-27 02:46:05",1521
"2019-09-27 03:45:51",1521
"2019-09-27 04:45:48",1521
"2019-09-27 05:45:51",1521
"2019-09-27 06:45:52",1521
"2019-09-27 07:45:57",1521
"2019-09-27 08:45:50",1521
"2019-09-27 09:45:50",1521
"2019-09-27 10:45:52",1521
"2019-09-27 11:45:50",1521
"2019-09-27 13:09:56",1521
"2019-09-27 13:45:55",1521
"2019-09-27 14:45:53",1522
"2019-09-27 15:45:52",1522
"2019-09-27 16:45:52",1522
"2019-09-27 17:45:51",1522
"2019-09-27 18:45:46",1522
"2019-09-27 19:45:52",1522
"2019-09-27 20:45:45",1524
"2019-09-27 21:45:48",1524
"2019-09-27 22:45:54",1524
"2019-09-27 23:45:48",1524
"2019-09-28 00:45:48",1524
"2019-09-28 01:45:52",1524
"2019-09-28 02:45:50",1524
"2019-09-28 03:45:51",1524
"2019-09-28 04:45:49",1524
"2019-09-28 05:45:53",1524
"2019-09-28 06:45:46",1524
"2019-09-28 07:45:54",1524
"2019-09-28 08:45:47",1524
"2019-09-28 09:45:50",1524
"2019-09-28 10:45:45",1524
"2019-09-28 11:45:49",1524
"2019-09-28 12:45:51",1524
"2019-09-28 13:45:53",1524
"2019-09-28 14:45:46",1524
"2019-09-28 15:45:46",1524
"2019-09-28 16:45:52",1524
"2019-09-28 17:45:52",1524
"2019-09-28 18:45:46",1524
"2019-09-28 19:45:47",1524
"2019-09-28 20:45:51",1524
"2019-09-28 21:45:48",1524
"2019-09-28 22:45:50",1524
"2019-09-28 23:45:47",1524
"2019-09-29 00:45:47",1524
"2019-09-29 01:45:50",1524
"2019-09-29 02:45:50",1524
"2019-09-29 03:45:51",1524
"2019-09-29 04:45:48",1524
"2019-09-29 05:45:51",1524
"2019-09-29 06:45:46",1524
"2019-09-29 07:45:49",1524
"2019-09-29 08:45:47",1524
"2019-09-29 09:45:49",1524
"2019-09-29 10:45:46",1524
"2019-09-29 11:45:49",1524
"2019-09-29 12:45:47",1524
"2019-09-29 13:45:46",1524
"2019-09-29 14:45:49",1524
"2019-09-29 15:45:46",1524
"2019-09-29 16:45:50",1524
"2019-09-29 17:45:54",1524
"2019-09-29 18:45:47",1524
"2019-09-29 19:45:56",1524
"2019-09-29 20:45:52",1524
"2019-09-29 21:45:48",1524
"2019-09-29 22:45:50",1524
"2019-09-29 23:45:51",1524
"2019-09-30 00:45:45",1524
"2019-09-30 01:45:50",1524
"2019-09-30 02:45:47",1524
"2019-09-30 03:45:51",1524
"2019-09-30 04:45:49",1524
"2019-09-30 05:45:50",1524
"2019-09-30 06:45:48",1524
"2019-09-30 07:45:53",1524
"2019-09-30 08:45:49",1524
"2019-09-30 09:45:52",1524
"2019-09-30 10:45:46",1524
"2019-09-30 11:45:47",1524
"2019-09-30 12:45:52",1524
"2019-09-30 13:45:48",1524
"2019-09-30 14:45:54",1523
"2019-09-30 15:45:51",1521
"2019-09-30 16:45:58",1520
"2019-09-30 17:45:51",1522
"2019-09-30 18:45:55",1523
"2019-09-30 19:45:49",1524
"2019-09-30 20:45:47",1524
"2019-09-30 21:45:50",1524
"2019-09-30 22:45:47",1524
"2019-09-30 23:45:51",1524
"2019-10-01 00:45:49",1524
"2019-10-01 01:45:48",1524
"2019-10-01 02:45:50",1524
"2019-10-01 03:45:52",1524
"2019-10-01 04:45:46",1524
"2019-10-01 05:45:47",1524
"2019-10-01 06:45:49",1524
"2019-10-01 07:45:53",1524
"2019-10-01 08:45:47",1524
"2019-10-01 09:45:53",1524
"2019-10-01 10:45:49",1524
"2019-10-01 11:45:48",1524
"2019-10-01 13:08:53",1524
"2019-10-01 13:45:52",1524
"2019-10-01 14:45:47",1524
"2019-10-01 15:45:48",1524
"2019-10-01 16:45:52",1521
"2019-10-01 17:45:46",1519
"2019-10-01 18:45:52",1519
"2019-10-01 19:45:49",1518
"2019-10-01 20:45:46",1518
"2019-10-01 21:45:47",1518
"2019-10-01 22:45:50",1518
"2019-10-01 23:45:48",1518
"2019-10-02 00:46:07",1518
"2019-10-02 01:45:48",1518
"2019-10-02 02:45:46",1518
"2019-10-02 03:45:48",1518
"2019-10-02 04:45:53",1518
"2019-10-02 05:45:51",1518
"2019-10-02 06:45:46",1518
"2019-10-02 07:45:46",1518
"2019-10-02 08:45:46",1518
"2019-10-02 09:45:49",1518
"2019-10-02 10:45:44",1518
"2019-10-02 11:45:45",1518
"2019-10-02 13:09:22",1518
"2019-10-02 13:45:49",1518
"2019-10-02 14:45:47",1518
"2019-10-02 15:45:49",1518
"2019-10-02 16:45:45",1518
"2019-10-02 17:45:46",1518
"2019-10-02 18:45:47",1517
"2019-10-02 19:45:47",1517
"2019-10-02 20:45:47",1517
"2019-10-02 21:45:47",1516
"2019-10-02 22:45:50",1516
"2019-10-02 23:45:45",1516
"2019-10-03 00:45:45",1516
"2019-10-03 01:45:46",1516
"2019-10-03 02:45:46",1516
"2019-10-03 03:45:48",1516
"2019-10-03 04:45:46",1516
"2019-10-03 06:45:45",1516
"2019-10-03 07:45:49",1516
"2019-10-03 08:45:48",1516
"2019-10-03 09:45:46",1516
"2019-10-03 10:45:50",1516
"2019-10-03 11:45:45",1516
"2019-10-03 13:09:18",1516
"2019-10-03 13:47:07",1516
"2019-10-03 14:45:50",1518
"2019-10-03 15:45:45",1516
"2019-10-03 16:45:46",1516
"2019-10-03 17:45:47",1515
"2019-10-03 18:45:48",1515
"2019-10-03 19:45:46",1515
"2019-10-03 20:45:46",1515
"2019-10-03 21:45:46",1515
"2019-10-03 22:45:46",1515
"2019-10-03 23:45:50",1515
"2019-10-04 00:45:45",1515
"2019-10-04 01:45:46",1515
"2019-10-04 02:45:45",1515
"2019-10-04 03:45:47",1515
"2019-10-04 04:45:46",1515
"2019-10-04 05:45:51",1515
"2019-10-04 06:45:50",1515
"2019-10-04 07:45:46",1515
"2019-10-04 08:45:47",1515
"2019-10-04 09:45:45",1515
"2019-10-04 10:45:48",1515
"2019-10-04 11:45:45",1515
"2019-10-04 12:45:47",1515
"2019-10-04 13:45:50",1515
"2019-10-04 14:45:45",1517
"2019-10-04 15:45:47",1518
"2019-10-04 16:45:50",1518
"2019-10-04 17:45:45",1516
"2019-10-04 18:45:48",1515
"2019-10-04 19:45:47",1515
"2019-10-04 20:45:47",1515
"2019-10-04 21:45:49",1515
"2019-10-04 22:45:44",1515
"2019-10-04 23:45:45",1515
"2019-10-05 00:45:49",1515
"2019-10-05 01:45:46",1515
"2019-10-05 02:45:45",1515
"2019-10-05 03:45:45",1515
"2019-10-05 04:45:44",1515
"2019-10-05 05:45:51",1515
"2019-10-05 06:45:44",1515
"2019-10-05 07:45:45",1515
"2019-10-05 08:45:48",1515
"2019-10-05 09:45:45",1515
"2019-10-05 10:45:45",1515
"2019-10-05 11:45:47",1515
"2019-10-05 12:45:47",1515
"2019-10-05 13:45:47",1515
"2019-10-05 14:45:46",1515
"2019-10-05 15:45:45",1515
"2019-10-05 16:45:46",1515
"2019-10-05 17:45:52",1515
"2019-10-05 18:45:47",1515
"2019-10-05 19:45:46",1515
"2019-10-05 20:45:48",1515
"2019-10-05 21:45:45",1515
"2019-10-05 22:45:46",1515
"2019-10-05 23:45:47",1515
"2019-10-06 00:45:46",1515
"2019-10-06 01:45:47",1515
"2019-10-06 02:45:56",1515
"2019-10-06 03:45:49",1515
"2019-10-06 04:45:46",1515
"2019-10-06 05:45:47",1515
"2019-10-06 06:45:51",1515
"2019-10-06 07:45:46",1515
"2019-10-06 08:45:50",1515
"2019-10-06 09:45:48",1515
"2019-10-06 10:45:46",1515
"2019-10-06 11:45:48",1515
"2019-10-06 12:45:48",1515
"2019-10-06 13:45:45",1515
"2019-10-06 14:45:47",1515
"2019-10-06 15:45:45",1515
"2019-10-06 16:45:45",1515
"2019-10-06 17:45:45",1515
"2019-10-06 18:45:50",1515
"2019-10-06 19:45:49",1515
"2019-10-06 20:45:44",1515
"2019-10-06 21:45:44",1515
"2019-10-06 22:45:44",1515
"2019-10-06 23:45:44",1515
"2019-10-07 00:45:45",1515
"2019-10-07 01:45:47",1515
"2019-10-07 02:45:48",1515
"2019-10-07 03:45:47",1515
"2019-10-07 04:45:47",1515
"2019-10-07 05:45:45",1515
"2019-10-07 06:45:47",1515
"2019-10-07 07:45:45",1515
"2019-10-07 08:45:45",1515
"2019-10-07 09:45:53",1515
"2019-10-07 10:45:45",1515
"2019-10-07 11:45:46",1515
"2019-10-07 12:45:57",1515
"2019-10-07 13:45:49",1515
"2019-10-07 14:45:46",1519
"2019-10-07 15:45:47",1519
"2019-10-07 16:45:49",1517
"2019-10-07 17:45:46",1518
"2019-10-07 18:45:46",1519
"2019-10-07 19:45:49",1517
"2019-10-07 20:45:44",1517
"2019-10-07 21:45:45",1517
"2019-10-07 22:45:45",1517
"2019-10-07 23:45:51",1517
"2019-10-08 00:45:45",1517
"2019-10-08 01:45:45",1517
"2019-10-08 02:45:45",1517
"2019-10-08 03:45:49",1517
"2019-10-08 04:45:47",1517
"2019-10-08 05:45:45",1517
"2019-10-08 06:45:47",1517
"2019-10-08 07:45:46",1517
"2019-10-08 08:45:45",1517
"2019-10-08 09:45:47",1517
"2019-10-08 10:45:48",1517
"2019-10-08 11:45:45",1517
"2019-10-08 12:45:48",1517
"2019-10-08 13:45:47",1517
"2019-10-08 14:45:45",1519
"2019-10-08 15:45:46",1521
"2019-10-08 16:45:51",1521
"2019-10-08 17:45:49",1520
"2019-10-08 18:45:48",1520
"2019-10-08 19:45:49",1519
"2019-10-08 20:45:45",1518
"2019-10-08 21:45:45",1518
"2019-10-08 22:45:48",1519
"2019-10-08 23:45:46",1519
"2019-10-09 00:45:46",1519
"2019-10-09 01:45:46",1519
"2019-10-09 02:45:47",1519
"2019-10-09 03:45:44",1519
"2019-10-09 04:45:49",1519
"2019-10-09 05:45:46",1519
"2019-10-09 06:45:46",1519
"2019-10-09 07:45:53",1519
"2019-10-09 08:45:46",1519
"2019-10-09 09:45:44",1519
"2019-10-09 10:45:48",1519
"2019-10-09 11:45:45",1519
"2019-10-09 12:45:52",1519
"2019-10-09 13:45:47",1519
"2019-10-09 14:45:48",1521
"2019-10-09 15:45:54",1521
"2019-10-09 16:45:48",1520
"2019-10-09 17:45:58",1519
"2019-10-09 18:45:51",1519
"2019-10-09 19:45:53",1520
"2019-10-09 20:45:46",1520
"2019-10-09 21:45:45",1520
"2019-10-09 22:45:47",1520
"2019-10-09 23:45:47",1520
"2019-10-10 00:45:51",1520
"2019-10-10 01:45:45",1520
"2019-10-10 02:45:49",1520
"2019-10-10 03:45:46",1520
"2019-10-10 04:45:46",1520
"2019-10-10 05:45:53",1520
"2019-10-10 06:45:48",1520
"2019-10-10 07:45:50",1520
"2019-10-10 08:45:47",1520
"2019-10-10 09:45:45",1520
"2019-10-10 10:45:45",1520
"2019-10-10 11:45:49",1520
"2019-10-10 13:08:58",1520
"2019-10-10 13:45:53",1520
"2019-10-10 14:45:48",1519
"2019-10-10 15:45:50",1520
"2019-10-10 16:45:48",1521
"2019-10-10 17:45:48",1520
"2019-10-10 18:45:47",1529
"2019-10-10 19:45:49",1530
"2019-10-10 20:45:49",1529
"2019-10-10 21:45:49",1529
"2019-10-10 22:45:49",1530
"2019-10-10 23:46:02",1530
"2019-10-11 00:45:49",1530
"2019-10-11 01:45:49",1530
"2019-10-11 02:45:49",1530
"2019-10-11 03:45:55",1530
"2019-10-11 04:45:48",1530
"2019-10-11 05:45:47",1530
"2019-10-11 06:45:51",1530
"2019-10-11 07:45:50",1530
"2019-10-11 08:45:48",1530
"2019-10-11 09:45:53",1530
"2019-10-11 10:45:48",1530
"2019-10-11 11:45:48",1530
"2019-10-11 13:09:25",1530
"2019-10-11 13:45:52",1530
"2019-10-11 14:45:48",1529
"2019-10-11 15:45:59",1529
"2019-10-11 16:45:50",1526
"2019-10-11 17:45:49",1526
"2019-10-11 18:45:52",1528
"2019-10-11 19:45:50",1529
"2019-10-11 20:45:48",1529
"2019-10-11 21:45:47",1529
"2019-10-11 22:45:48",1529
"2019-10-11 23:45:47",1529
"2019-10-12 00:45:54",1529
"2019-10-12 01:45:47",1529
"2019-10-12 02:45:49",1529
"2019-10-12 03:45:52",1529
"2019-10-12 04:45:48",1529
"2019-10-12 05:45:53",1529
"2019-10-12 06:45:55",1529
"2019-10-12 07:45:47",1529
"2019-10-12 08:45:48",1529
"2019-10-12 09:45:52",1529
"2019-10-12 10:45:47",1529
"2019-10-12 11:45:46",1529
"2019-10-12 12:45:55",1529
"2019-10-12 13:45:48",1529
"2019-10-12 14:45:49",1529
"2019-10-12 15:45:48",1529
"2019-10-12 16:45:52",1529
"2019-10-12 17:45:53",1529
"2019-10-12 18:45:48",1529
"2019-10-12 19:45:49",1529
"2019-10-12 20:45:49",1529
"2019-10-12 21:45:47",1529
"2019-10-12 22:45:49",1529
"2019-10-12 23:45:48",1529
"2019-10-13 00:45:52",1529
"2019-10-13 01:45:48",1529
"2019-10-13 02:45:48",1529
"2019-10-13 03:45:52",1529
"2019-10-13 04:45:47",1529
"2019-10-13 05:45:47",1529
"2019-10-13 06:45:50",1529
"2019-10-13 07:45:48",1529
"2019-10-13 08:45:54",1529
"2019-10-13 09:45:51",1529
"2019-10-13 10:45:45",1529
"2019-10-13 11:45:52",1529
"2019-10-13 12:45:47",1529
"2019-10-13 13:45:53",1529
"2019-10-13 14:45:52",1529
"2019-10-13 15:45:48",1529
"2019-10-13 16:45:56",1529
"2019-10-13 17:45:48",1529
"2019-10-13 18:45:50",1529
"2019-10-13 19:45:50",1529
"2019-10-13 20:45:55",1529
"2019-10-13 21:45:52",1529
"2019-10-13 22:45:52",1529
"2019-10-13 23:45:56",1529
"2019-10-14 00:45:48",1529
"2019-10-14 01:45:51",1529
"2019-10-14 02:45:49",1529
"2019-10-14 03:45:51",1529
"2019-10-14 04:45:50",1529
"2019-10-14 05:45:49",1529
"2019-10-14 06:45:52",1529
"2019-10-14 07:45:48",1529
"2019-10-14 08:45:48",1529
"2019-10-14 09:45:53",1529
"2019-10-14 10:45:50",1529
"2019-10-14 11:45:52",1529
"2019-10-14 12:45:53",1529
"2019-10-14 13:45:51",1529
"2019-10-14 14:45:50",1529
"2019-10-14 15:45:49",1528
"2019-10-14 16:45:55",1528
"2019-10-14 17:45:48",1528
"2019-10-14 18:45:54",1527
"2019-10-14 19:45:47",1525
"2019-10-14 20:45:50",1525
"2019-10-14 21:45:50",1525
"2019-10-14 22:45:53",1525
"2019-10-14 23:46:00",1525
"2019-10-15 00:45:49",1525
"2019-10-15 02:45:55",1525
"2019-10-15 03:45:48",1525
"2019-10-15 04:45:47",1525
"2019-10-15 05:45:52",1525
"2019-10-15 06:45:51",1525
"2019-10-15 07:45:56",1525
"2019-10-15 08:45:50",1525
"2019-10-15 09:45:48",1525
"2019-10-15 10:45:49",1525
"2019-10-15 11:45:53",1525
"2019-10-15 12:46:22",1525
"2019-10-15 13:45:57",1524
"2019-10-15 14:45:48",1525
"2019-10-15 15:45:48",1525
"2019-10-15 16:45:50",1525
"2019-10-15 17:45:53",1525
"2019-10-15 18:45:56",1523
"2019-10-15 19:45:54",1523
"2019-10-15 20:45:58",1523
"2019-10-15 21:45:51",1523
"2019-10-15 22:45:47",1523
"2019-10-15 23:45:48",1523
"2019-10-16 00:45:49",1523
"2019-10-16 01:45:48",1523
"2019-10-16 02:45:50",1523
"2019-10-16 03:45:56",1523
"2019-10-16 04:45:50",1523
"2019-10-16 05:45:49",1523
"2019-10-16 06:45:50",1523
"2019-10-16 07:45:58",1523
"2019-10-16 08:45:59",1523
"2019-10-16 09:45:49",1523
"2019-10-16 10:45:52",1523
"2019-10-16 11:45:47",1523
"2019-10-16 12:45:50",1523
"2019-10-16 13:45:56",1523
"2019-10-16 14:45:49",1527
"2019-10-16 15:45:59",1528
"2019-10-16 16:45:48",1529
"2019-10-16 17:45:48",1529
"2019-10-16 18:45:51",1529
"2019-10-16 19:45:47",1528
"2019-10-16 20:45:49",1528
"2019-10-16 21:45:51",1528
"2019-10-16 22:45:47",1528
"2019-10-16 23:45:48",1528
"2019-10-17 00:45:48",1528
"2019-10-17 01:45:50",1528
"2019-10-17 02:45:49",1528
"2019-10-17 04:45:53",1528
"2019-10-17 05:45:48",1528
"2019-10-17 06:45:48",1528
"2019-10-17 07:45:54",1528
"2019-10-17 08:45:49",1528
"2019-10-17 09:45:47",1528
"2019-10-17 10:45:46",1528
"2019-10-17 11:45:53",1528
"2019-10-17 12:45:51",1528
"2019-10-17 13:45:52",1528
"2019-10-17 14:45:54",1531
"2019-10-17 15:45:48",1533
"2019-10-17 16:45:47",1533
"2019-10-17 17:45:50",1535
"2019-10-17 18:45:49",1535
"2019-10-17 19:45:53",1536
"2019-10-17 20:45:49",1535
"2019-10-17 21:45:48",1535
"2019-10-17 22:45:48",1535
"2019-10-17 23:45:49",1535
"2019-10-18 00:45:48",1535
"2019-10-18 01:45:49",1535
"2019-10-18 02:45:48",1535
"2019-10-18 03:45:54",1535
"2019-10-18 04:45:48",1535
"2019-10-18 05:45:49",1535
"2019-10-18 06:45:55",1535
"2019-10-18 07:45:49",1535
"2019-10-18 08:45:51",1535
"2019-10-18 09:45:50",1535
"2019-10-18 10:45:54",1535
"2019-10-18 11:45:49",1535
"2019-10-18 13:08:24",1535
"2019-10-18 13:45:47",1535
"2019-10-18 14:45:48",1537
"2019-10-18 15:45:53",1539
"2019-10-18 16:45:47",1538
"2019-10-18 17:45:51",1539
"2019-10-18 18:45:47",1539
"2019-10-18 19:45:48",1540
"2019-10-18 20:45:52",1540
"2019-10-18 21:45:47",1540
"2019-10-18 23:45:49",1540
"2019-10-19 00:45:47",1540
"2019-10-19 01:45:53",1540
"2019-10-19 02:45:48",1540
"2019-10-19 03:45:48",1540
"2019-10-19 04:45:51",1540
"2019-10-19 05:45:47",1540
"2019-10-19 06:45:52",1540
"2019-10-19 07:45:50",1540
"2019-10-19 08:45:48",1540
"2019-10-19 09:45:51",1540
"2019-10-19 10:45:51",1540
"2019-10-19 11:45:47",1540
"2019-10-19 12:45:53",1540
"2019-10-19 13:45:47",1540
"2019-10-19 14:45:49",1540
"2019-10-19 15:45:49",1540
"2019-10-19 16:45:53",1540
"2019-10-19 17:45:48",1540
"2019-10-19 18:45:47",1540
"2019-10-19 19:45:52",1540
"2019-10-19 20:45:49",1540
"2019-10-19 21:45:47",1540
"2019-10-19 22:45:48",1540
"2019-10-19 23:45:47",1540
"2019-10-20 00:45:48",1540
"2019-10-20 01:45:48",1540
"2019-10-20 02:45:52",1540
"2019-10-20 03:45:48",1540
"2019-10-20 04:45:49",1540
"2019-10-20 05:45:52",1540
"2019-10-20 06:45:50",1540
"2019-10-20 07:45:53",1540
"2019-10-20 08:45:49",1540
"2019-10-20 09:45:48",1540
"2019-10-20 10:45:52",1540
"2019-10-20 11:45:48",1540
"2019-10-20 12:45:53",1540
"2019-10-20 13:45:48",1540
"2019-10-20 14:45:47",1540
"2019-10-20 16:45:52",1540
"2019-10-20 17:45:47",1540
"2019-10-20 18:45:49",1540
"2019-10-20 19:45:46",1540
"2019-10-20 20:45:46",1540
"2019-10-20 21:45:47",1540
"2019-10-20 22:45:47",1540
"2019-10-20 23:45:48",1540
"2019-10-21 00:45:49",1540
"2019-10-21 01:45:52",1540
"2019-10-21 02:45:48",1540
"2019-10-21 03:45:48",1540
"2019-10-21 04:45:47",1540
"2019-10-21 05:45:54",1540
"2019-10-21 06:45:48",1540
"2019-10-21 07:45:51",1540
"2019-10-21 08:45:52",1540
"2019-10-21 09:45:49",1540
"2019-10-21 10:45:49",1540
"2019-10-21 11:45:52",1540
"2019-10-21 13:09:21",1540
"2019-10-21 13:45:56",1540
"2019-10-21 14:45:49",1540
"2019-10-21 15:45:51",1539
"2019-10-21 16:45:52",1539
"2019-10-21 17:45:47",1539
"2019-10-21 18:45:49",1538
"2019-10-21 19:45:49",1539
"2019-10-21 20:45:48",1539
"2019-10-21 22:45:54",1539
"2019-10-21 23:45:48",1539
"2019-10-22 00:45:48",1539
"2019-10-22 01:45:49",1539
"2019-10-22 02:45:52",1539
"2019-10-22 03:45:55",1539
"2019-10-22 04:45:53",1539
"2019-10-22 05:45:49",1539
"2019-10-22 06:45:49",1539
"2019-10-22 07:45:55",1539
"2019-10-22 08:45:49",1539
"2019-10-22 09:45:52",1539
"2019-10-22 10:45:48",1539
"2019-10-22 11:45:47",1539
"2019-10-22 12:45:59",1539
"2019-10-22 13:45:49",1539
"2019-10-22 14:45:49",1539
"2019-10-22 15:45:55",1539
"2019-10-22 16:45:54",1537
"2019-10-22 17:45:53",1538
"2019-10-22 18:45:52",1539
"2019-10-22 19:45:48",1539
"2019-10-22 20:45:51",1540
"2019-10-22 21:45:49",1540
"2019-10-22 22:45:51",1540
"2019-10-22 23:45:50",1540
"2019-10-23 00:45:59",1540
"2019-10-23 01:45:53",1540
"2019-10-23 02:45:49",1540
"2019-10-23 03:45:48",1540
"2019-10-23 04:45:56",1540
"2019-10-23 05:45:51",1540
"2019-10-23 06:46:01",1540
"2019-10-23 07:45:52",1540
"2019-10-23 08:45:50",1540
"2019-10-23 09:45:55",1540
"2019-10-23 10:45:51",1540
"2019-10-23 11:45:48",1540
"2019-10-23 12:45:57",1540
"2019-10-23 13:45:56",1540
"2019-10-23 14:45:49",1541
"2019-10-23 15:45:48",1542
"2019-10-23 16:45:52",1542
"2019-10-23 17:45:49",1541
"2019-10-23 18:45:47",1541
"2019-10-23 19:45:48",1539
"2019-10-23 20:45:52",1538
"2019-10-23 21:45:48",1538
"2019-10-23 22:45:49",1538
"2019-10-23 23:45:50",1538
"2019-10-24 01:01:43",1538
"2019-10-24 01:45:51",1538
"2019-10-24 02:45:54",1538
"2019-10-24 03:45:54",1538
"2019-10-24 04:45:49",1538
"2019-10-24 05:45:54",1538
"2019-10-24 06:45:58",1538
"2019-10-24 07:45:50",1538
"2019-10-24 08:45:49",1538
"2019-10-24 09:45:54",1538
"2019-10-24 10:45:48",1538
"2019-10-24 11:45:48",1538
"2019-10-24 13:09:25",1538
"2019-10-24 13:45:50",1538
"2019-10-24 14:45:49",1539
"2019-10-24 15:45:54",1542
"2019-10-24 16:45:50",1544
"2019-10-24 17:45:51",1544
"2019-10-24 18:45:49",1544
"2019-10-24 19:45:54",1544
"2019-10-24 20:45:48",1542
"2019-10-24 21:45:50",1542
"2019-10-24 22:45:49",1542
"2019-10-24 23:45:51",1542
"2019-10-25 00:45:50",1542
"2019-10-25 01:45:51",1542
"2019-10-25 02:45:55",1542
"2019-10-25 03:45:50",1542
"2019-10-25 04:45:48",1542
"2019-10-25 05:45:54",1542
"2019-10-25 06:45:51",1542
"2019-10-25 07:45:53",1542
"2019-10-25 08:45:53",1542
"2019-10-25 09:45:49",1542
"2019-10-25 10:45:48",1542
"2019-10-25 11:45:58",1542
"2019-10-25 13:09:21",1542
"2019-10-25 13:45:54",1542
"2019-10-25 14:45:57",1543
"2019-10-25 15:45:49",1539
"2019-10-25 16:45:56",1538
"2019-10-25 17:45:49",1538
"2019-10-25 18:45:49",1536
"2019-10-25 19:45:48",1535
"2019-10-25 20:45:49",1535
"2019-10-25 21:45:48",1535
"2019-10-25 22:45:49",1535
"2019-10-25 23:45:49",1535
"2019-10-26 00:45:53",1535
"2019-10-26 01:45:55",1535
"2019-10-26 02:45:51",1535
"2019-10-26 03:45:50",1535
"2019-10-26 04:45:54",1535
"2019-10-26 05:45:49",1535
"2019-10-26 06:45:47",1535
"2019-10-26 07:45:56",1535
"2019-10-26 08:45:48",1535
"2019-10-26 09:45:48",1535
"2019-10-26 10:45:47",1535
"2019-10-26 11:45:53",1535
"2019-10-26 12:45:48",1535
"2019-10-26 13:45:52",1535
"2019-10-26 14:45:52",1535
"2019-10-26 15:45:53",1535
"2019-10-26 16:45:51",1535
"2019-10-26 17:45:52",1535
"2019-10-26 18:45:54",1535
"2019-10-26 19:45:52",1535
"2019-10-26 20:45:51",1535
"2019-10-26 21:45:53",1535
"2019-10-26 22:45:50",1535
"2019-10-26 23:45:52",1535
"2019-10-27 00:45:52",1535
"2019-10-27 01:45:49",1535
"2019-10-27 02:45:53",1535
"2019-10-27 03:45:53",1535
"2019-10-27 04:45:48",1535
"2019-10-27 05:45:54",1535
"2019-10-27 06:45:51",1535
"2019-10-27 07:45:48",1535
"2019-10-27 08:45:50",1535
"2019-10-27 09:45:48",1535
"2019-10-27 10:45:47",1535
"2019-10-27 11:45:47",1535
"2019-10-27 12:45:52",1535
"2019-10-27 13:45:49",1535
"2019-10-27 14:45:48",1535
"2019-10-27 15:45:57",1535
"2019-10-27 16:45:48",1535
"2019-10-27 17:45:49",1535
"2019-10-27 18:45:53",1535
"2019-10-27 19:45:51",1535
"2019-10-27 20:45:54",1535
"2019-10-27 21:45:49",1535
"2019-10-27 22:45:48",1535
"2019-10-27 23:45:48",1535
"2019-10-28 00:45:48",1535
"2019-10-28 01:45:50",1535
"2019-10-28 02:45:51",1535
"2019-10-28 03:45:52",1535
"2019-10-28 04:45:48",1535
"2019-10-28 05:45:47",1535
"2019-10-28 06:45:52",1535
"2019-10-28 07:45:51",1535
"2019-10-28 08:45:49",1535
"2019-10-28 09:45:48",1535
"2019-10-28 10:45:55",1535
"2019-10-28 11:45:46",1535
"2019-10-28 12:45:55",1534
"2019-10-28 14:45:54",1535
"2019-10-28 15:46:01",1535
"2019-10-28 16:45:59",1536
"2019-10-28 17:45:53",1535
"2019-10-28 18:45:54",1535
"2019-10-28 19:45:54",1534
"2019-10-28 23:45:51",1534
"2019-10-29 00:45:50",1534
"2019-10-29 01:45:56",1534
"2019-10-29 02:45:53",1534
"2019-10-29 03:45:55",1534
"2019-10-29 04:45:50",1534
"2019-10-29 05:45:53",1534
"2019-10-29 06:45:54",1534
"2019-10-29 07:45:52",1534
"2019-10-29 08:45:52",1534
"2019-10-29 09:45:49",1534
"2019-10-29 10:45:54",1534
"2019-10-29 11:45:50",1534
"2019-10-29 12:45:51",1533
"2019-10-29 13:46:00",1532
"2019-10-29 14:45:51",1524
"2019-10-29 15:45:52",1525
"2019-10-29 16:45:54",1524
"2019-10-29 17:45:49",1522
"2019-10-29 18:45:54",1523
"2019-10-29 19:45:53",1522
"2019-10-29 20:45:50",1523
"2019-10-29 21:45:54",1523
"2019-10-29 22:45:51",1523
"2019-10-29 23:45:51",1523
"2019-10-30 00:45:58",1523
"2019-10-30 01:45:52",1523
"2019-10-30 02:45:50",1523
"2019-10-30 03:45:51",1523
"2019-10-30 04:45:56",1523
"2019-10-30 05:45:57",1523
"2019-10-30 06:45:51",1523
"2019-10-30 07:46:02",1523
"2019-10-30 08:45:51",1523
"2019-10-30 09:45:53",1523
"2019-10-30 10:45:55",1523
"2019-10-30 11:45:48",1523
"2019-10-30 13:46:28",1523
"2019-10-30 14:45:49",1526
"2019-10-30 15:45:48",1527
"2019-10-30 16:45:52",1529
"2019-10-30 17:45:51",1531
"2019-10-30 18:45:49",1534
"2019-10-30 19:45:49",1533
"2019-10-30 20:45:53",1533
"2019-10-30 21:45:50",1533
"2019-10-30 22:45:49",1533
"2019-10-30 23:45:49",1533
"2019-10-31 00:45:50",1533
"2019-10-31 01:45:51",1533
"2019-10-31 02:45:48",1533
"2019-10-31 03:45:53",1533
"2019-10-31 04:45:49",1533
"2019-10-31 05:45:50",1533
"2019-10-31 06:45:54",1533
"2019-10-31 07:45:51",1533
"2019-10-31 08:45:51",1533
"2019-10-31 09:45:55",1533
"2019-10-31 10:45:50",1533
"2019-10-31 11:45:52",1533
"2019-10-31 13:10:56",1533
"2019-10-31 13:45:53",1533
"2019-10-31 14:45:50",1536
"2019-10-31 15:45:54",1539
"2019-10-31 16:45:53",1537
"2019-10-31 17:45:51",1540
"2019-10-31 18:45:50",1540
"2019-10-31 19:45:49",1541
"2019-10-31 20:45:52",1543
"2019-10-31 22:08:55",1543
"2019-10-31 22:45:56",1543
"2019-10-31 23:45:49",1543
"2019-11-01 00:45:50",1543
"2019-11-01 01:45:50",1543
"2019-11-01 02:45:50",1543
"2019-11-01 03:45:55",1543
"2019-11-01 04:45:51",1543
"2019-11-01 05:45:55",1543
"2019-11-01 06:45:49",1543
"2019-11-01 07:45:57",1543
"2019-11-01 08:45:51",1543
"2019-11-01 09:45:54",1543
"2019-11-01 10:45:54",1543
"2019-11-01 11:45:56",1543
"2019-11-01 13:42:02",1544
"2019-11-01 13:51:18",1544
"2019-11-01 14:45:51",1544
"2019-11-01 15:45:49",1542
"2019-11-01 16:45:55",1542
"2019-11-01 17:45:52",1540
"2019-11-01 18:45:57",1541
"2019-11-01 19:45:50",1543
"2019-11-01 20:45:50",1541
"2019-11-01 21:45:48",1541
"2019-11-01 22:45:49",1541
"2019-11-01 23:45:49",1541
"2019-11-02 00:45:54",1541
"2019-11-02 01:45:50",1541
"2019-11-02 02:45:50",1541
"2019-11-02 03:45:55",1541
"2019-11-02 04:45:50",1541
"2019-11-02 05:45:50",1541
"2019-11-02 06:45:52",1541
"2019-11-02 07:45:49",1541
"2019-11-02 08:45:50",1541
"2019-11-02 09:45:48",1541
"2019-11-02 10:45:53",1541
"2019-11-02 11:45:49",1541
"2019-11-02 12:45:56",1541
"2019-11-02 13:45:50",1541
"2019-11-02 14:45:51",1541
"2019-11-02 15:45:54",1541
"2019-11-02 16:45:49",1541
"2019-11-02 17:45:50",1541
"2019-11-02 18:45:51",1541
"2019-11-02 19:45:49",1541
"2019-11-02 20:45:49",1541
"2019-11-02 23:45:52",1541
"2019-11-03 00:45:49",1541
"2019-11-03 01:45:51",1541
"2019-11-03 03:45:52",1541
"2019-11-03 05:45:53",1541
"2019-11-03 06:45:49",1541
"2019-11-03 07:45:50",1541
"2019-11-03 21:45:53",1541
"2019-11-03 22:45:48",1541
"2019-11-03 23:45:54",1541
"2019-11-04 00:45:49",1541
"2019-11-04 01:45:50",1541
"2019-11-04 02:45:49",1541
"2019-11-04 03:45:49",1541
"2019-11-04 04:45:48",1541
"2019-11-04 05:45:53",1541
"2019-11-04 06:45:50",1542
"2019-11-04 07:45:48",1542
"2019-11-04 08:45:49",1542
"2019-11-04 09:45:51",1542
"2019-11-04 10:45:49",1542
"2019-11-04 11:45:48",1542
"2019-11-04 12:45:48",1542
"2019-11-04 14:11:22",1540
"2019-11-04 15:45:49",1536
"2019-11-04 16:45:50",1533
"2019-11-04 17:45:50",1530
"2019-11-04 18:45:49",1530
"2019-11-04 19:45:52",1529
"2019-11-04 20:45:49",1530
"2019-11-04 21:45:50",1526
"2019-11-04 22:45:50",1528
"2019-11-04 23:45:49",1528
"2019-11-05 00:45:50",1528
"2019-11-05 01:45:50",1528
"2019-11-05 02:45:53",1528
"2019-11-05 03:45:50",1528
"2019-11-05 04:45:48",1528
"2019-11-05 05:45:54",1528
"2019-11-05 06:45:51",1528
"2019-11-05 07:45:49",1528
"2019-11-05 08:45:51",1528
"2019-11-05 09:45:53",1528
"2019-11-05 10:45:50",1528
"2019-11-05 11:45:50",1528
"2019-11-05 12:45:50",1528
"2019-11-05 14:11:23",1528
"2019-11-05 14:45:56",1528
"2019-11-05 15:45:50",1529
"2019-11-05 16:45:50",1524
"2019-11-05 17:45:50",1521
"2019-11-05 18:45:49",1520
"2019-11-05 19:45:52",1521
"2019-11-05 20:45:53",1521
"2019-11-05 21:45:50",1521
"2019-11-05 22:45:51",1521
"2019-11-05 23:45:49",1521
"2019-11-06 00:45:49",1521
"2019-11-06 01:45:51",1521
"2019-11-06 02:46:21",1521
"2019-11-06 03:45:51",1521
"2019-11-06 04:45:55",1521
"2019-11-06 05:45:50",1521
"2019-11-06 06:45:56",1521
"2019-11-06 07:45:48",1521
"2019-11-06 08:45:50",1521
"2019-11-06 09:45:52",1521
"2019-11-06 10:45:52",1521
"2019-11-06 11:45:49",1521
"2019-11-06 12:45:49",1521
"2019-11-06 13:45:50",1521
"2019-11-06 14:45:56",1521
"2019-11-06 15:45:52",1524
"2019-11-06 16:45:53",1525
"2019-11-06 17:45:52",1525
"2019-11-06 18:45:52",1524
"2019-11-06 19:45:52",1524
"2019-11-06 20:45:56",1525
"2019-11-06 21:45:53",1525
"2019-11-06 22:45:51",1525
"2019-11-06 23:45:52",1525
"2019-11-07 00:45:51",1525
"2019-11-07 01:45:50",1525
"2019-11-07 02:45:52",1525
"2019-11-07 03:45:51",1525
"2019-11-07 04:45:54",1525
"2019-11-07 05:45:52",1525
"2019-11-07 06:45:50",1525
"2019-11-07 07:45:52",1525
"2019-11-07 08:45:51",1525
"2019-11-07 09:45:52",1525
"2019-11-07 10:45:49",1525
"2019-11-07 11:45:49",1525
"2019-11-07 12:45:50",1525
"2019-11-07 14:09:52",1525
"2019-11-07 14:46:24",1525
"2019-11-07 15:45:54",1526
"2019-11-07 16:45:54",1525
"2019-11-07 17:45:54",1526
"2019-11-07 18:45:53",1527
"2019-11-07 19:45:54",1526
"2019-11-07 21:10:29",1527
"2019-11-07 21:45:55",1527
"2019-11-07 22:45:58",1527
"2019-11-07 23:45:59",1528
"2019-11-08 00:46:02",1528
"2019-11-08 01:45:57",1528
"2019-11-08 02:46:03",1528
"2019-11-08 03:46:00",1528
"2019-11-08 04:45:59",1528
"2019-11-08 05:46:01",1528
"2019-11-08 06:45:55",1528
"2019-11-08 07:45:55",1528
"2019-11-08 08:46:01",1528
"2019-11-08 09:45:57",1528
"2019-11-08 10:45:57",1528
"2019-11-08 11:45:54",1528
"2019-11-08 12:45:55",1528
"2019-11-08 14:11:33",1528
"2019-11-08 14:46:33",1528
"2019-11-08 15:45:57",1525
"2019-11-08 16:45:57",1523
"2019-11-08 17:45:58",1526
"2019-11-08 18:45:58",1525
"2019-11-08 19:46:02",1525
"2019-11-08 20:45:57",1526
"2019-11-08 21:45:59",1528
"2019-11-08 22:45:58",1528
"2019-11-08 23:45:59",1528
"2019-11-09 00:46:00",1528
"2019-11-09 01:45:59",1528
"2019-11-09 02:45:59",1528
"2019-11-09 03:45:58",1528
"2019-11-09 04:46:01",1528
"2019-11-09 05:45:56",1528
"2019-11-09 06:45:57",1528
"2019-11-09 07:45:59",1528
"2019-11-09 08:46:00",1528
"2019-11-09 09:45:58",1528
"2019-11-09 10:45:56",1528
"2019-11-09 11:46:01",1528
"2019-11-09 12:45:57",1528
"2019-11-09 13:45:56",1528
"2019-11-09 14:46:00",1528
"2019-11-09 15:46:02",1528
"2019-11-09 16:45:57",1528
"2019-11-09 17:45:59",1528
"2019-11-09 18:45:56",1528
"2019-11-09 19:45:58",1528
"2019-11-09 20:46:01",1528
"2019-11-09 21:45:57",1528
"2019-11-09 22:46:02",1528
"2019-11-09 23:45:58",1528
"2019-11-10 00:45:57",1528
"2019-11-10 01:45:58",1528
"2019-11-10 02:46:00",1528
"2019-11-10 03:45:56",1528
"2019-11-10 04:45:58",1528
"2019-11-10 05:45:58",1528
"2019-11-10 06:45:56",1528
"2019-11-10 07:45:55",1528
"2019-11-10 08:46:02",1528
"2019-11-10 09:46:00",1528
"2019-11-10 10:45:56",1528
"2019-11-10 11:45:56",1528
"2019-11-10 12:45:58",1528
"2019-11-10 13:45:56",1528
"2019-11-10 14:45:55",1528
"2019-11-10 15:46:00",1528
"2019-11-10 16:45:56",1528
"2019-11-10 17:45:58",1528
"2019-11-10 18:45:59",1528
"2019-11-10 19:45:56",1528
"2019-11-10 20:45:56",1528
"2019-11-10 21:45:55",1528
"2019-11-10 22:45:59",1528
"2019-11-10 23:46:00",1528
"2019-11-11 00:45:57",1528
"2019-11-11 01:46:00",1528
"2019-11-11 02:45:58",1528
"2019-11-11 03:45:58",1528
"2019-11-11 04:45:59",1528
"2019-11-11 05:46:02",1528
"2019-11-11 06:45:57",1529
"2019-11-11 07:45:59",1529
"2019-11-11 08:46:02",1529
"2019-11-11 09:46:00",1529
"2019-11-11 10:46:00",1529
"2019-11-11 11:45:57",1529
"2019-11-11 12:46:00",1529
"2019-11-11 13:46:00",1529
"2019-11-11 14:46:04",1529
"2019-11-11 15:46:05",1530
"2019-11-11 16:46:00",1530
"2019-11-11 17:46:02",1531
"2019-11-11 18:46:05",1530
"2019-11-11 19:46:00",1531
"2019-11-11 21:45:59",1531
"2019-11-11 22:45:57",1531
"2019-11-11 23:45:58",1531
"2019-11-12 00:45:55",1531
"2019-11-12 01:45:56",1531
"2019-11-12 02:46:03",1531
"2019-11-12 03:45:58",1531
"2019-11-12 04:45:56",1531
"2019-11-12 05:46:01",1531
"2019-11-12 06:45:57",1531
"2019-11-12 07:46:00",1531
"2019-11-12 08:45:56",1531
"2019-11-12 09:45:56",1531
"2019-11-12 10:45:55",1531
"2019-11-12 11:46:00",1531
"2019-11-12 12:46:01",1531
"2019-11-12 14:10:01",1531
"2019-11-12 14:46:03",1531
"2019-11-12 15:45:57",1535
"2019-11-12 16:45:58",1535
"2019-11-12 17:46:00",1535
"2019-11-12 18:46:02",1534
"2019-11-12 19:45:56",1534
"2019-11-12 20:45:55",1533
"2019-11-12 21:45:57",1533
"2019-11-12 22:46:02",1533
"2019-11-12 23:45:57",1533
"2019-11-13 00:46:03",1533
"2019-11-13 01:45:57",1533
"2019-11-13 02:45:59",1533
"2019-11-13 03:46:01",1533
"2019-11-13 04:45:58",1533
"2019-11-13 05:46:07",1533
"2019-11-13 06:45:57",1533
"2019-11-13 07:46:05",1533
"2019-11-13 08:46:00",1533
"2019-11-13 09:45:58",1533
"2019-11-13 10:45:57",1533
"2019-11-13 11:46:03",1533
"2019-11-13 12:45:56",1533
"2019-11-13 13:45:56",1533
"2019-11-13 15:46:04",1530
"2019-11-13 16:45:57",1530
"2019-11-13 17:45:58",1529
"2019-11-13 18:46:01",1528
"2019-11-13 19:45:56",1527
"2019-11-13 20:45:57",1528
"2019-11-13 21:45:56",1529
"2019-11-13 22:45:59",1529
"2019-11-13 23:45:59",1529
"2019-11-14 00:45:58",1529
"2019-11-14 01:45:57",1529
"2019-11-14 02:46:04",1529
"2019-11-14 03:45:56",1529
"2019-11-14 04:45:57",1529
"2019-11-14 05:46:04",1529
"2019-11-14 06:45:56",1529
"2019-11-14 07:46:04",1529
"2019-11-14 08:46:01",1529
"2019-11-14 09:46:02",1529
"2019-11-14 10:46:01",1529
"2019-11-14 11:46:04",1529
"2019-11-14 12:45:56",1529
"2019-11-14 14:09:37",1529
"2019-11-14 14:46:01",1529
"2019-11-14 15:45:58",1529
"2019-11-14 17:46:00",1528
"2019-11-14 18:45:57",1528
"2019-11-14 19:45:58",1528
"2019-11-14 20:45:58",1528
"2019-11-14 21:46:04",1527
"2019-11-14 22:45:56",1527
"2019-11-14 23:45:59",1527
"2019-11-15 00:45:58",1527
"2019-11-15 01:45:58",1527
"2019-11-15 02:45:57",1527
"2019-11-15 03:45:58",1527
"2019-11-15 04:45:59",1527
"2019-11-15 05:46:00",1527
"2019-11-15 06:46:00",1527
"2019-11-15 07:45:57",1527
"2019-11-15 08:46:07",1527
"2019-11-15 09:45:57",1527
"2019-11-15 10:45:57",1527
"2019-11-15 11:45:56",1527
"2019-11-15 12:46:03",1527
"2019-11-15 14:12:30",1527
"2019-11-15 15:46:06",1527
"2019-11-15 16:45:57",1528
"2019-11-15 17:45:58",1529
"2019-11-15 18:46:06",1531
"2019-11-15 19:46:00",1531
"2019-11-15 20:46:02",1529
"2019-11-15 21:45:55",1529
"2019-11-15 22:45:58",1529
"2019-11-15 23:45:58",1529
"2019-11-16 00:46:00",1529
"2019-11-16 01:45:56",1529
"2019-11-16 02:45:59",1529
"2019-11-16 03:45:56",1529
"2019-11-16 04:45:59",1529
"2019-11-16 05:45:57",1529
"2019-11-16 06:45:59",1529
"2019-11-16 07:45:57",1529
"2019-11-16 08:45:59",1529
"2019-11-16 09:46:03",1529
"2019-11-16 10:45:55",1529
"2019-11-16 11:45:56",1529
"2019-11-16 12:46:02",1529
"2019-11-16 13:46:00",1529
"2019-11-16 14:45:58",1529
"2019-11-16 15:45:57",1529
"2019-11-16 16:45:57",1529
"2019-11-16 17:45:59",1529
"2019-11-16 18:45:56",1529
"2019-11-16 19:45:56",1529
"2019-11-16 20:45:54",1529
"2019-11-16 21:45:55",1529
"2019-11-16 22:45:56",1529
"2019-11-16 23:45:55",1529
"2019-11-17 00:45:55",1529
"2019-11-17 01:45:54",1529
"2019-11-17 02:46:00",1529
"2019-11-17 03:45:55",1529
"2019-11-17 04:45:57",1529
"2019-11-17 05:45:57",1529
"2019-11-17 06:45:58",1529
"2019-11-17 07:45:59",1529
"2019-11-17 08:45:56",1529
"2019-11-17 10:46:03",1529
"2019-11-17 11:46:00",1529
"2019-11-17 12:45:57",1529
"2019-11-17 13:45:57",1529
"2019-11-17 14:45:55",1529
"2019-11-17 15:45:54",1529
"2019-11-17 16:45:57",1529
"2019-11-17 17:45:54",1529
"2019-11-17 18:45:54",1529
"2019-11-17 19:45:55",1529
"2019-11-17 20:45:59",1529
"2019-11-17 21:46:00",1529
"2019-11-17 22:45:57",1529
"2019-11-17 23:46:00",1529
"2019-11-18 00:45:54",1529
"2019-11-18 01:45:54",1529
"2019-11-18 02:45:57",1529
"2019-11-18 03:45:55",1529
"2019-11-18 04:45:54",1529
"2019-11-18 05:45:58",1529
"2019-11-18 06:45:53",1529
"2019-11-18 07:45:56",1528
"2019-11-18 08:46:02",1528
"2019-11-18 09:46:02",1528
"2019-11-18 10:45:58",1528
"2019-11-18 11:45:55",1528
"2019-11-18 12:45:58",1528
"2019-11-18 14:11:03",1528
"2019-11-18 14:45:57",1528
"2019-11-18 15:46:02",1526
"2019-11-18 16:45:59",1527
"2019-11-18 17:46:02",1524
"2019-11-18 18:46:01",1523
"2019-11-18 19:45:57",1523
"2019-11-18 20:46:01",1527
"2019-11-18 21:45:59",1529
"2019-11-18 22:45:55",1529
"2019-11-18 23:45:59",1529
"2019-11-19 00:45:57",1529
"2019-11-19 01:45:57",1529
"2019-11-19 02:45:56",1529
"2019-11-19 03:45:56",1529
"2019-11-19 04:45:58",1529
"2019-11-19 05:45:55",1529
"2019-11-19 06:45:58",1529
"2019-11-19 07:45:56",1529
"2019-11-19 08:45:57",1529
"2019-11-19 09:46:02",1529
"2019-11-19 10:45:56",1529
"2019-11-19 11:45:55",1529
"2019-11-19 12:45:57",1529
"2019-11-19 14:11:03",1529
"2019-11-19 14:45:59",1529
"2019-11-19 15:45:59",1528
"2019-11-19 16:45:57",1526
"2019-11-19 17:46:04",1526
"2019-11-19 18:45:55",1533
"2019-11-19 19:45:59",1534
"2019-11-19 20:45:59",1534
"2019-11-19 21:46:01",1534
"2019-11-19 22:45:58",1534
"2019-11-19 23:45:58",1534
"2019-11-20 00:45:59",1534
"2019-11-20 01:45:58",1534
"2019-11-20 02:45:59",1534
"2019-11-20 03:45:59",1534
"2019-11-20 04:45:57",1534
"2019-11-20 05:45:59",1534
"2019-11-20 06:45:59",1534
"2019-11-20 07:46:00",1534
"2019-11-20 08:46:05",1534
"2019-11-20 09:46:08",1534
"2019-11-20 10:46:08",1534
"2019-11-20 11:46:06",1534
"2019-11-20 12:46:06",1534
"2019-11-20 14:10:37",1534
"2019-11-20 14:46:07",1534
"2019-11-20 15:46:04",1537
"2019-11-20 16:46:04",1534
"2019-11-20 22:46:02",1528
"2019-11-20 23:45:56",1528
"2019-11-21 00:45:55",1528
"2019-11-21 01:45:56",1528
"2019-11-21 02:45:59",1528
"2019-11-21 03:45:57",1528
"2019-11-21 04:45:55",1528
"2019-11-21 05:45:58",1528
"2019-11-21 06:46:00",1528
"2019-11-21 07:45:55",1528
"2019-11-21 08:45:55",1528
"2019-11-21 09:45:57",1528
"2019-11-21 10:45:57",1528
"2019-11-21 11:45:57",1528
"2019-11-21 12:45:56",1528
"2019-11-21 14:09:59",1528
"2019-11-21 14:46:02",1528
"2019-11-21 15:45:56",1527
"2019-11-21 16:45:57",1524
"2019-11-21 17:45:59",1525
"2019-11-21 18:45:54",1525
"2019-11-21 19:45:55",1527
"2019-11-21 20:45:55",1527
"2019-11-21 21:45:56",1527
"2019-11-21 22:45:56",1527
"2019-11-21 23:45:56",1527
"2019-11-22 00:45:56",1527
"2019-11-22 01:46:00",1527
"2019-11-22 02:45:55",1527
"2019-11-22 03:45:55",1527
"2019-11-22 04:45:54",1527
"2019-11-22 05:46:00",1527
"2019-11-22 06:45:57",1527
"2019-11-22 07:46:00",1527
"2019-11-22 08:46:03",1527
"2019-11-22 09:46:03",1527
"2019-11-22 10:46:01",1527
"2019-11-22 11:45:57",1527
"2019-11-22 12:46:57",1527
"2019-11-22 13:45:54",1527
"2019-11-22 14:45:58",1527
"2019-11-22 15:45:53",1524
"2019-11-22 16:45:54",1522
"2019-11-22 17:46:00",1522
"2019-11-22 18:45:59",1522
"2019-11-22 19:45:55",1521
"2019-11-22 20:45:56",1521
"2019-11-22 21:45:55",1521
"2019-11-22 22:45:55",1521
"2019-11-22 23:45:57",1521
"2019-11-23 00:46:03",1521
"2019-11-23 01:45:55",1521
"2019-11-23 02:45:55",1521
"2019-11-23 03:45:54",1521
"2019-11-23 04:46:00",1521
"2019-11-23 05:45:55",1521
"2019-11-23 06:45:57",1521
"2019-11-23 07:45:57",1521
"2019-11-23 08:45:57",1521
"2019-11-23 09:45:58",1521
"2019-11-23 10:45:58",1521
"2019-11-23 11:45:53",1521
"2019-11-23 12:45:54",1521
"2019-11-23 13:45:55",1521
"2019-11-23 14:45:55",1521
"2019-11-23 15:45:55",1521
"2019-11-23 16:45:55",1521
"2019-11-23 17:45:56",1521
"2019-11-23 18:45:55",1521
"2019-11-23 19:45:57",1521
"2019-11-23 20:45:52",1521
"2019-11-23 21:45:56",1521
"2019-11-23 22:45:52",1521
"2019-11-23 23:45:53",1521
"2019-11-24 00:45:57",1521
"2019-11-24 01:45:53",1521
"2019-11-24 02:45:53",1521
"2019-11-24 03:45:54",1521
"2019-11-24 04:45:52",1521
"2019-11-24 05:45:53",1521
"2019-11-24 06:45:54",1521
"2019-11-24 07:45:51",1521
"2019-11-24 08:45:56",1521
"2019-11-24 09:45:59",1521
"2019-11-24 10:45:57",1521
"2019-11-24 11:45:55",1521
"2019-11-24 12:45:52",1521
"2019-11-24 13:45:52",1521
"2019-11-24 14:45:54",1521
"2019-11-24 15:45:55",1521
"2019-11-24 16:45:54",1521
"2019-11-24 17:45:53",1521
"2019-11-24 18:45:56",1521
"2019-11-24 19:45:54",1521
"2019-11-24 20:45:56",1521
"2019-11-24 21:45:53",1521
"2019-11-24 22:45:58",1521
"2019-11-24 23:45:54",1521
"2019-11-25 00:45:55",1521
"2019-11-25 01:45:58",1521
"2019-11-25 02:45:56",1521
"2019-11-25 04:45:53",1521
"2019-11-25 05:45:55",1521
"2019-11-25 06:45:54",1521
"2019-11-25 07:45:55",1521
"2019-11-25 08:46:01",1521
"2019-11-25 09:46:01",1521
"2019-11-25 10:46:00",1521
"2019-11-25 11:45:58",1521
"2019-11-25 12:45:59",1521
"2019-11-25 13:45:54",1521
"2019-11-25 14:45:56",1521
"2019-11-25 15:45:59",1520
"2019-11-25 16:45:55",1519
"2019-11-25 17:46:01",1519
"2019-11-25 18:45:54",1519
"2019-11-25 19:45:57",1521
"2019-11-25 20:45:57",1522
"2019-11-25 21:45:54",1522
"2019-11-25 22:46:02",1522
"2019-11-25 23:45:56",1522
"2019-11-26 00:45:57",1522
"2019-11-26 01:45:56",1522
"2019-11-26 02:45:58",1522
"2019-11-26 03:45:57",1522
"2019-11-26 04:45:55",1522
"2019-11-26 05:46:01",1522
"2019-11-26 06:46:06",1522
"2019-11-26 07:45:57",1522
"2019-11-26 08:46:00",1522
"2019-11-26 20:46:01",1522
"2019-11-26 21:45:58",1522
"2019-11-26 22:46:03",1522
"2019-11-26 23:45:57",1522
"2019-11-27 00:46:01",1522
"2019-11-27 01:45:57",1522
"2019-11-27 02:45:55",1522
"2019-11-27 03:45:58",1522
"2019-11-27 04:45:56",1522
"2019-11-27 05:45:58",1522
"2019-11-27 06:45:58",1522
"2019-11-27 07:45:57",1522
"2019-11-27 08:46:05",1522
"2019-11-27 09:46:05",1522
"2019-11-27 10:45:55",1522
"2019-11-27 11:45:53",1522
"2019-11-27 12:46:03",1522
"2019-11-27 13:45:56",1522
"2019-11-27 14:45:59",1522
"2019-11-27 15:46:04",1521
"2019-11-27 16:45:59",1520
"2019-11-27 17:45:57",1518
"2019-11-27 18:45:59",1518
"2019-11-27 19:45:59",1518
"2019-11-27 20:45:56",1518
"2019-11-27 21:45:56",1518
"2019-11-27 22:45:58",1518
"2019-11-27 23:45:58",1518
"2019-11-28 00:45:58",1518
"2019-11-28 01:45:59",1518
"2019-11-28 02:46:03",1518
"2019-11-28 03:46:00",1518
"2019-11-28 04:45:59",1518
"2019-11-28 05:45:56",1518
"2019-11-28 06:45:57",1518
"2019-11-28 07:46:00",1518
"2019-11-28 08:45:59",1518
"2019-11-28 09:46:05",1518
"2019-11-28 10:46:01",1518
"2019-11-28 11:45:57",1518
"2019-11-28 12:45:56",1518
"2019-11-28 13:45:55",1518
"2019-11-28 14:45:56",1518
"2019-11-28 15:45:57",1518
"2019-11-28 16:45:56",1518
"2019-11-28 17:45:58",1518
"2019-11-28 18:45:57",1518
"2019-11-28 19:45:55",1518
"2019-11-28 20:45:54",1518
"2019-11-28 21:45:56",1518
"2019-11-28 22:45:55",1518
"2019-11-28 23:45:57",1518
"2019-11-29 00:45:56",1518
"2019-11-29 01:45:56",1518
"2019-11-29 02:45:56",1518
"2019-11-29 04:46:00",1518
"2019-11-29 05:45:59",1518
"2019-11-29 06:45:56",1518
"2019-11-29 07:45:59",1518
"2019-11-29 08:46:08",1518
"2019-11-29 09:46:11",1518
"2019-11-29 10:46:19",1518
"2019-11-29 11:46:03",1518
"2019-11-29 12:46:03",1518
"2019-11-29 13:46:06",1518
"2019-11-29 14:46:08",1517
"2019-11-29 15:46:04",1516
"2019-11-29 16:46:08",1517
"2019-11-29 17:46:10",1519
"2019-11-29 18:46:06",1520
"2019-11-29 20:46:04",1520
"2019-11-29 21:45:56",1519
"2019-11-29 22:46:06",1519
"2019-11-29 23:46:02",1519
"2019-11-30 00:45:58",1519
"2019-11-30 01:45:57",1519
"2019-11-30 02:45:59",1519
"2019-11-30 03:46:01",1519
"2019-11-30 04:46:01",1519
"2019-11-30 05:46:04",1519
"2019-11-30 06:46:02",1519
"2019-11-30 07:46:02",1519
"2019-11-30 08:46:00",1519
"2019-11-30 21:46:28",1519
"2019-11-30 22:46:07",1519
"2019-11-30 23:46:01",1519
"2019-12-01 00:46:03",1519
"2019-12-01 01:45:57",1519
"2019-12-01 02:46:06",1519
"2019-12-01 22:46:11",1519
"2019-12-01 23:45:57",1519
"2019-12-02 00:45:55",1519
"2019-12-02 01:46:02",1519
"2019-12-02 02:46:00",1519
"2019-12-02 06:19:57",1519
"2019-12-02 06:48:33",1519
"2019-12-02 07:48:39",1519
"2019-12-02 08:48:29",1519
"2019-12-02 09:48:29",1519
"2019-12-02 10:48:31",1519
"2019-12-02 11:48:32",1519
"2019-12-02 12:48:26",1519
"2019-12-02 14:10:43",1519
"2019-12-02 14:48:35",1519
"2019-12-02 15:48:39",1519
"2019-12-02 16:48:31",1518
"2019-12-02 17:48:58",1519
"2019-12-02 18:48:55",1519
"2019-12-02 19:48:57",1520
"2019-12-02 20:48:51",1522
"2019-12-02 21:48:55",1522
"2019-12-02 22:49:19",1523
"2019-12-02 23:48:57",1522
"2019-12-03 00:48:38",1522
"2019-12-03 01:48:57",1522
"2019-12-03 02:48:52",1522
"2019-12-03 03:48:54",1522
"2019-12-03 04:48:55",1522
"2019-12-03 05:48:58",1521
"2019-12-03 06:48:32",1521
"2019-12-03 07:48:30",1521
"2019-12-03 08:48:30",1521
"2019-12-03 09:48:50",1521
"2019-12-03 10:48:55",1521
"2019-12-03 11:48:40",1521
"2019-12-03 12:48:27",1521
"2019-12-03 13:48:24",1521
"2019-12-03 14:48:56",1522
"2019-12-03 15:48:29",1521
"2019-12-03 16:48:55",1521
"2019-12-03 17:48:52",1521
"2019-12-03 18:48:51",1521
"2019-12-03 19:48:50",1520
"2019-12-03 20:48:52",1520
"2019-12-03 21:49:24",1520
"2019-12-03 22:48:55",1520
"2019-12-03 23:49:14",1520
"2019-12-04 00:49:32",1520
"2019-12-04 01:49:37",1520
"2019-12-04 02:49:17",1520
"2019-12-04 03:49:04",1520
"2019-12-04 04:49:01",1520
"2019-12-04 06:49:05",1520
"2019-12-04 07:49:01",1520
"2019-12-04 08:48:40",1520
"2019-12-04 09:48:42",1520
"2019-12-04 10:48:37",1520
"2019-12-04 11:48:41",1520
"2019-12-04 12:48:38",1520
"2019-12-04 14:10:14",1520
"2019-12-04 14:49:11",1520
"2019-12-04 15:49:07",1518
"2019-12-04 16:49:00",1518
"2019-12-04 17:49:01",1516
"2019-12-04 18:49:01",1516
"2019-12-04 19:49:03",1516
"2019-12-04 20:48:58",1515
"2019-12-04 21:48:54",1514
"2019-12-04 22:48:54",1514
"2019-12-04 23:48:55",1514
"2019-12-05 00:49:00",1514
"2019-12-05 01:49:00",1514
"2019-12-05 02:48:58",1514
"2019-12-05 03:48:59",1514
"2019-12-05 04:48:58",1514
"2019-12-05 06:48:58",1514
"2019-12-05 07:48:33",1514
"2019-12-05 08:48:56",1514
"2019-12-05 09:48:28",1514
"2019-12-05 10:48:28",1514
"2019-12-05 11:48:29",1514
"2019-12-05 12:48:27",1514
"2019-12-05 13:48:54",1514
"2019-12-05 14:49:01",1514
"2019-12-05 15:48:56",1513
"2019-12-05 16:48:55",1513
"2019-12-05 17:48:54",1513
"2019-12-05 18:48:56",1512
"2019-12-05 20:10:45",1511
"2019-12-05 20:49:07",1511
"2019-12-05 21:48:53",1511
"2019-12-05 22:48:55",1511
"2019-12-05 23:48:34",1511
"2019-12-06 00:48:55",1511
"2019-12-06 01:48:53",1511
"2019-12-06 02:49:01",1511
"2019-12-06 03:48:56",1511
"2019-12-06 04:48:53",1511
"2019-12-06 05:49:09",1511
"2019-12-06 06:49:07",1511
"2019-12-06 07:49:01",1511
"2019-12-06 08:48:58",1511
"2019-12-06 09:48:50",1511
"2019-12-06 10:48:57",1511
"2019-12-06 11:48:50",1511
"2019-12-06 12:48:38",1511
"2019-12-06 13:50:02",1511
"2019-12-06 14:49:05",1511
"2019-12-06 15:49:30",1509
"2019-12-06 16:48:59",1510
"2019-12-06 17:48:55",1512
"2019-12-06 18:48:55",1510
"2019-12-06 19:48:58",1511
"2019-12-06 20:48:55",1510
"2019-12-06 21:48:27",1508
"2019-12-06 22:48:30",1508
"2019-12-06 23:48:34",1508
"2019-12-07 00:48:43",1508
"2019-12-07 01:49:34",1508
"2019-12-07 02:48:59",1508
"2019-12-07 03:48:56",1508
"2019-12-07 04:48:39",1508
"2019-12-07 05:49:23",1508
"2019-12-07 06:48:32",1508
"2019-12-07 07:48:36",1508
"2019-12-07 08:48:32",1508
"2019-12-07 09:48:30",1508
"2019-12-07 10:48:30",1508
"2019-12-07 11:48:29",1508
"2019-12-07 12:48:46",1508
"2019-12-07 13:49:16",1508
"2019-12-07 14:49:00",1508
"2019-12-07 15:49:01",1508
"2019-12-07 16:48:57",1508
"2019-12-07 17:49:02",1508
"2019-12-07 18:48:57",1508
"2019-12-07 19:48:33",1508
"2019-12-07 20:48:57",1508
"2019-12-07 21:49:03",1508
"2019-12-07 22:48:36",1508
"2019-12-07 23:48:32",1508
"2019-12-08 00:48:52",1508
"2019-12-08 01:48:31",1508
"2019-12-08 02:49:00",1508
"2019-12-08 03:48:58",1508
"2019-12-08 04:48:53",1508
"2019-12-08 05:49:01",1508
"2019-12-08 06:48:59",1508
"2019-12-08 07:48:56",1508
"2019-12-08 08:48:56",1508
"2019-12-08 09:48:54",1508
"2019-12-08 10:48:56",1508
"2019-12-08 11:48:31",1508
"2019-12-08 12:48:38",1508
"2019-12-08 13:48:51",1508
"2019-12-08 14:48:52",1508
"2019-12-08 15:48:34",1508
"2019-12-08 16:48:56",1508
"2019-12-08 17:49:00",1508
"2019-12-08 18:48:30",1508
"2019-12-08 19:48:51",1508
"2019-12-08 20:48:52",1508
"2019-12-08 21:48:59",1508
"2019-12-08 22:48:59",1508
"2019-12-08 23:48:58",1508
"2019-12-09 00:48:56",1508
"2019-12-09 01:48:30",1508
"2019-12-09 02:48:52",1508
"2019-12-09 03:49:06",1508
"2019-12-09 04:48:34",1508
"2019-12-09 05:48:39",1508
"2019-12-09 06:48:59",1508
"2019-12-09 07:48:37",1508
"2019-12-09 08:48:35",1508
"2019-12-09 09:48:29",1508
"2019-12-09 10:48:32",1508
"2019-12-09 11:48:27",1508
"2019-12-09 12:48:35",1508
"2019-12-09 14:11:15",1508
"2019-12-09 14:48:44",1508
"2019-12-09 15:48:46",1507
"2019-12-09 16:49:10",1509
"2019-12-09 17:49:16",1509
"2019-12-09 18:48:46",1514
"2019-12-09 19:48:31",1514
"2019-12-09 20:49:07",1515
"2019-12-09 21:49:02",1521
"2019-12-09 22:48:32",1522
"2019-12-09 23:48:53",1523
"2019-12-10 00:49:05",1523
"2019-12-10 01:48:55",1523
"2019-12-10 02:49:00",1523
"2019-12-10 03:49:05",1523
"2019-12-10 04:48:58",1523
"2019-12-10 05:49:07",1523
"2019-12-10 06:49:02",1523
"2019-12-10 07:48:57",1523
"2019-12-10 08:49:02",1523
"2019-12-10 09:48:33",1523
"2019-12-10 10:48:34",1523
"2019-12-10 11:48:31",1523
"2019-12-10 12:49:05",1523
"2019-12-10 13:48:30",1523
"2019-12-10 14:48:38",1523
"2019-12-10 15:48:36",1529
"2019-12-10 16:49:09",1528
"2019-12-10 17:48:56",1528
"2019-12-10 18:48:53",1530
"2019-12-10 19:48:35",1531
"2019-12-10 20:48:56",1531
"2019-12-10 21:48:55",1532
"2019-12-10 22:49:03",1532
"2019-12-10 23:49:09",1532
"2019-12-11 00:49:09",1532
"2019-12-11 01:49:12",1532
"2019-12-11 02:49:23",1532
"2019-12-11 03:49:01",1532
"2019-12-11 04:49:06",1532
"2019-12-11 05:49:07",1532
"2019-12-11 06:48:44",1532
"2019-12-11 07:48:44",1532
"2019-12-11 08:48:55",1532
"2019-12-11 09:48:41",1532
"2019-12-11 10:48:45",1532
"2019-12-11 11:48:49",1532
"2019-12-11 12:49:05",1532
"2019-12-11 13:48:52",1532
"2019-12-11 14:49:33",1532
"2019-12-11 15:48:49",1533
"2019-12-11 16:49:10",1531
"2019-12-11 17:49:17",1531
"2019-12-11 18:49:09",1530
"2019-12-11 19:49:17",1530
"2019-12-11 20:49:14",1530
"2019-12-11 21:48:59",1532
"2019-12-11 22:49:05",1532
"2019-12-11 23:49:09",1532
"2019-12-12 00:48:48",1532
"2019-12-12 01:49:30",1532
"2019-12-12 02:49:10",1532
"2019-12-12 03:48:49",1532
"2019-12-12 04:49:08",1532
"2019-12-12 05:49:06",1532
"2019-12-12 06:49:13",1532
"2019-12-12 07:49:04",1532
"2019-12-12 08:48:44",1532
"2019-12-12 09:49:01",1532
"2019-12-12 10:49:01",1532
"2019-12-12 11:48:43",1532
"2019-12-12 12:48:40",1532
"2019-12-12 14:09:46",1532
"2019-12-12 15:48:52",1532
"2019-12-12 16:49:13",1530
"2019-12-12 17:48:48",1527
"2019-12-12 18:48:48",1526
"2019-12-12 19:48:53",1525
"2019-12-12 20:48:58",1525
"2019-12-12 21:48:47",1524
"2019-12-12 22:48:43",1524
"2019-12-12 23:48:54",1523
"2019-12-13 00:49:55",1523
"2019-12-13 01:50:20",1523
"2019-12-13 02:50:13",1523
"2019-12-13 03:50:25",1523
"2019-12-13 04:50:12",1523
"2019-12-13 05:50:31",1523
"2019-12-13 06:50:47",1523
"2019-12-13 07:50:08",1523
"2019-12-13 08:49:56",1523
"2019-12-13 09:50:07",1523
"2019-12-13 10:49:32",1523
"2019-12-13 11:49:43",1523
"2019-12-13 12:49:59",1523
"2019-12-13 14:41:54",1523
"2019-12-13 14:50:56",1523
"2019-12-13 15:50:27",1521
"2019-12-13 16:50:10",1524
"2019-12-13 17:50:18",1525
"2019-12-13 18:50:11",1526
"2019-12-13 19:50:05",1525
"2019-12-13 20:50:42",1526
"2019-12-13 21:50:02",1527
"2019-12-13 22:50:01",1527
"2019-12-13 23:49:42",1527
"2019-12-14 00:50:02",1527
"2019-12-14 01:49:56",1527
"2019-12-14 02:50:03",1527
"2019-12-14 03:49:54",1527
"2019-12-14 04:50:03",1527
"2019-12-14 05:50:04",1527
"2019-12-14 06:50:05",1526
"2019-12-14 07:49:26",1526
"2019-12-14 08:49:48",1526
"2019-12-14 09:49:37",1526
"2019-12-14 10:49:34",1526
"2019-12-14 11:49:38",1526
"2019-12-14 12:49:37",1526
"2019-12-14 13:50:22",1526
"2019-12-14 14:49:58",1526
"2019-12-14 15:50:09",1526
"2019-12-14 16:50:16",1526
"2019-12-14 17:49:53",1526
"2019-12-14 18:50:19",1526
"2019-12-14 19:49:49",1526
"2019-12-14 22:50:15",1526
"2019-12-14 23:49:52",1526
"2019-12-15 00:50:04",1526
"2019-12-15 01:50:24",1526
"2019-12-15 02:50:12",1526
"2019-12-15 03:50:01",1526
"2019-12-15 04:50:14",1526
"2019-12-15 05:49:37",1526
"2019-12-15 06:50:04",1526
"2019-12-15 07:49:44",1526
"2019-12-15 08:49:43",1526
"2019-12-15 09:49:23",1526
"2019-12-15 10:49:29",1526
"2019-12-15 11:49:45",1526
"2019-12-15 13:49:40",1526
"2019-12-15 14:49:36",1526
"2019-12-15 15:50:16",1526
"2019-12-15 16:50:01",1526
"2019-12-15 17:50:04",1526
"2019-12-15 19:49:57",1526
"2019-12-15 20:49:57",1526
"2019-12-15 21:49:54",1526
"2019-12-15 22:49:46",1526
"2019-12-15 23:50:05",1526
"2019-12-16 00:50:01",1526
"2019-12-16 01:50:21",1526
"2019-12-16 02:49:54",1526
"2019-12-16 04:50:49",1526
"2019-12-16 05:50:16",1526
"2019-12-16 06:50:16",1526
"2019-12-16 07:49:41",1526
"2019-12-16 08:49:31",1526
"2019-12-16 09:49:38",1526
"2019-12-16 10:49:38",1526
"2019-12-16 11:49:53",1526
"2019-12-16 12:49:52",1526
"2019-12-16 13:49:54",1526
"2019-12-16 14:52:12",1525
"2019-12-16 16:09:15",1524
"2019-12-16 16:50:46",1524
"2019-12-16 17:50:22",1525
"2019-12-16 18:50:30",1525
"2019-12-16 19:50:06",1531
"2019-12-16 20:50:13",1532
"2019-12-16 21:50:06",1533
"2019-12-16 22:50:05",1533
"2019-12-16 23:49:51",1533
"2019-12-17 00:49:42",1533
"2019-12-17 01:50:04",1533
"2019-12-17 02:50:26",1533
"2019-12-17 03:50:07",1533
"2019-12-17 04:50:24",1533
"2019-12-17 05:50:14",1533
"2019-12-17 06:50:23",1533
"2019-12-17 07:49:48",1533
"2019-12-17 08:50:13",1533
"2019-12-17 09:49:32",1533
"2019-12-17 10:49:45",1533
"2019-12-17 11:49:26",1533
"2019-12-17 12:49:31",1533
"2019-12-17 14:10:44",1533
"2019-12-17 14:50:58",1533
"2019-12-17 15:50:35",1532
"2019-12-17 16:50:14",1535
"2019-12-17 17:50:22",1535
"2019-12-17 18:50:06",1534
"2019-12-17 19:50:33",1535
"2019-12-17 20:50:22",1536
"2019-12-17 21:49:52",1536
"2019-12-17 22:50:02",1536
"2019-12-17 23:50:08",1536
"2019-12-18 01:50:42",1536
"2019-12-18 02:50:16",1536
"2019-12-18 03:50:04",1536
"2019-12-18 04:49:36",1536
"2019-12-18 05:50:01",1536
"2019-12-18 06:49:58",1536
"2019-12-18 07:49:43",1536
"2019-12-18 08:50:07",1536
"2019-12-18 09:49:43",1536
"2019-12-18 10:49:43",1536
"2019-12-18 11:49:46",1536
"2019-12-18 12:49:40",1536
"2019-12-18 14:09:45",1536
"2019-12-18 14:51:12",1536
"2019-12-18 15:50:20",1537
"2019-12-18 16:50:19",1537
"2019-12-18 17:50:29",1538
"2019-12-18 18:50:19",1536
"2019-12-18 19:50:10",1538
"2019-12-18 20:50:14",1539
"2019-12-18 21:49:55",1541
"2019-12-18 22:50:03",1541
"2019-12-18 23:49:56",1541
"2019-12-19 00:50:12",1541
"2019-12-19 01:49:55",1541
"2019-12-19 02:50:23",1541
"2019-12-19 03:49:55",1541
"2019-12-19 04:50:04",1541
"2019-12-19 05:49:46",1541
"2019-12-19 06:50:16",1541
"2019-12-19 07:49:55",1541
"2019-12-19 08:49:40",1541
"2019-12-19 09:49:37",1541
"2019-12-19 10:49:28",1541
"2019-12-19 11:49:24",1541
"2019-12-19 12:49:47",1541
"2019-12-19 14:11:17",1541
"2019-12-19 14:50:48",1541
"2019-12-19 15:51:16",1543
"2019-12-19 16:50:46",1542
"2019-12-19 17:50:36",1543
"2019-12-19 18:50:22",1543
"2019-12-19 19:50:24",1541
"2019-12-19 21:11:20",1542
"2019-12-19 21:50:23",1542
"2019-12-19 22:50:26",1542
"2019-12-19 23:50:29",1543
"2019-12-20 00:50:25",1543
"2019-12-20 01:50:16",1543
"2019-12-20 02:50:19",1543
"2019-12-20 03:50:19",1543
"2019-12-20 04:50:33",1543
"2019-12-20 05:50:19",1543
"2019-12-20 06:50:40",1543
"2019-12-20 07:50:21",1543
"2019-12-20 08:50:19",1543
"2019-12-20 09:50:09",1543
"2019-12-20 10:49:27",1543
"2019-12-20 11:49:58",1543
"2019-12-20 12:50:17",1543
"2019-12-20 14:10:16",1543
"2019-12-20 14:51:36",1543
"2019-12-20 15:51:16",1543
"2019-12-20 16:51:13",1545
"2019-12-20 17:51:08",1545
"2019-12-20 18:50:49",1548
"2019-12-20 19:51:08",1548
"2019-12-20 20:51:06",1548
"2019-12-20 21:50:29",1548
"2019-12-20 22:50:21",1548
"2019-12-20 23:50:33",1547
"2019-12-21 00:50:20",1547
"2019-12-21 01:50:27",1547
"2019-12-21 02:50:52",1547
"2019-12-21 03:50:12",1547
"2019-12-21 04:50:34",1547
"2019-12-21 05:50:00",1547
"2019-12-21 06:50:09",1547
"2019-12-21 07:50:12",1547
"2019-12-21 08:50:01",1547
"2019-12-21 09:49:39",1547
"2019-12-21 10:49:37",1547
"2019-12-21 11:49:25",1547
"2019-12-21 12:49:53",1547
"2019-12-21 13:49:51",1547
"2019-12-21 14:50:02",1547
"2019-12-21 15:49:57",1547
"2019-12-21 16:50:33",1547
"2019-12-21 17:49:57",1547
"2019-12-21 18:49:51",1547
"2019-12-21 19:49:56",1547
"2019-12-21 20:49:56",1547
"2019-12-21 22:50:32",1547
"2019-12-21 23:49:36",1547
"2019-12-22 00:49:47",1547
"2019-12-22 01:49:46",1547
"2019-12-22 02:49:53",1547
"2019-12-22 04:50:07",1547
"2019-12-22 05:49:45",1547
"2019-12-22 06:49:32",1547
"2019-12-22 07:49:43",1547
"2019-12-22 08:49:46",1547
"2019-12-22 09:49:29",1547
"2019-12-22 10:49:32",1547
"2019-12-22 11:49:19",1547
"2019-12-22 12:49:37",1547
"2019-12-22 13:49:43",1547
"2019-12-22 14:49:51",1547
"2019-12-22 15:50:22",1547
"2019-12-22 16:50:05",1547
"2019-12-22 17:49:53",1547
"2019-12-22 18:49:55",1547
"2019-12-22 19:50:25",1547
"2019-12-22 20:50:15",1547
"2019-12-22 22:49:52",1547
"2019-12-22 23:50:13",1547
"2019-12-23 00:50:23",1547
"2019-12-23 01:50:25",1547
"2019-12-23 02:50:10",1547
"2019-12-23 03:50:18",1547
"2019-12-23 04:50:28",1547
"2019-12-23 05:50:09",1547
"2019-12-23 06:50:12",1548
"2019-12-23 07:49:40",1548
"2019-12-23 08:49:43",1548
"2019-12-23 09:49:25",1548
"2019-12-23 10:49:30",1548
"2019-12-23 11:49:47",1548
"2019-12-23 12:49:53",1548
"2019-12-23 14:11:20",1549
"2019-12-23 14:51:34",1549
"2019-12-23 15:50:25",1545
"2019-12-23 16:50:12",1545
"2019-12-23 17:50:37",1544
"2019-12-23 18:50:36",1543
"2019-12-23 19:50:37",1544
"2019-12-23 20:50:40",1546
"2019-12-23 21:50:25",1546
"2019-12-23 22:50:10",1546
"2019-12-23 23:50:28",1546
"2019-12-24 00:49:56",1546
"2019-12-24 01:50:05",1546
"2019-12-24 02:50:34",1546
"2019-12-24 03:50:41",1546
"2019-12-24 04:50:34",1546
"2019-12-24 05:50:01",1546
"2019-12-24 06:50:30",1546
"2019-12-24 07:49:47",1546
"2019-12-24 08:49:54",1546
"2019-12-24 09:49:46",1546
"2019-12-24 10:49:20",1546
"2019-12-24 11:49:45",1546
"2019-12-24 12:49:33",1546
"2019-12-24 13:49:45",1546
"2019-12-24 14:51:21",1546
"2019-12-24 15:50:18",1544
"2019-12-24 16:49:59",1543
"2019-12-24 17:50:05",1540
"2019-12-24 18:49:56",1542
"2019-12-24 20:49:47",1542
"2019-12-24 21:49:47",1542
"2019-12-24 22:50:30",1542
"2019-12-24 23:50:03",1542
"2019-12-25 00:50:20",1542
"2019-12-25 01:49:39",1542
"2019-12-25 02:49:41",1542
"2019-12-25 03:50:04",1542
"2019-12-25 04:50:15",1542
"2019-12-25 05:50:12",1542
"2019-12-25 06:50:00",1542
"2019-12-25 07:49:54",1542
"2019-12-25 08:50:21",1542
"2019-12-25 09:49:47",1542
"2019-12-25 10:49:37",1542
"2019-12-25 11:49:34",1542
"2019-12-25 12:49:31",1542
"2019-12-25 13:49:34",1542
"2019-12-25 14:49:56",1542
"2019-12-25 15:50:16",1542
"2019-12-25 16:49:58",1542
"2019-12-25 17:50:14",1542
"2019-12-25 18:49:43",1542
"2019-12-25 19:49:50",1542
"2019-12-25 20:49:45",1542
"2019-12-25 21:49:55",1542
"2019-12-25 22:49:45",1542
"2019-12-25 23:49:51",1542
"2019-12-26 00:50:07",1542
"2019-12-26 01:50:11",1542
"2019-12-26 02:50:26",1542
"2019-12-26 03:50:29",1542
"2019-12-26 04:50:32",1542
"2019-12-26 05:50:02",1542
"2019-12-26 06:50:13",1542
"2019-12-26 07:50:11",1542
"2019-12-26 08:49:34",1542
"2019-12-26 09:49:31",1542
"2019-12-26 10:49:45",1542
"2019-12-26 11:49:25",1542
"2019-12-26 12:49:25",1542
"2019-12-26 13:50:04",1542
"2019-12-26 14:50:49",1542
"2019-12-26 15:50:38",1545
"2019-12-26 16:50:17",1544
"2019-12-26 17:50:51",1544
"2019-12-26 18:50:12",1544
"2019-12-26 19:50:03",1544
"2019-12-26 20:51:00",1545
"2019-12-26 21:50:28",1545
"2019-12-26 23:50:14",1545
"2019-12-27 00:49:53",1545
"2019-12-27 01:50:40",1545
"2019-12-27 02:50:51",1545
"2019-12-27 03:50:10",1545
"2019-12-27 04:50:37",1545
"2019-12-27 05:50:42",1545
"2019-12-27 06:50:38",1545
"2019-12-27 07:49:56",1545
"2019-12-27 08:50:14",1545
"2019-12-27 09:49:41",1545
"2019-12-27 10:49:29",1545
"2019-12-27 11:49:34",1545
"2019-12-27 12:49:43",1545
"2019-12-27 14:11:17",1545
"2019-12-27 14:50:53",1545
"2019-12-27 15:50:31",1546
"2019-12-27 16:50:20",1547
"2019-12-27 17:50:17",1549
"2019-12-27 18:50:26",1549
"2019-12-27 19:51:04",1548
"2019-12-27 20:50:17",1548
"2019-12-27 21:50:51",1549
"2019-12-27 22:50:27",1549
"2019-12-27 23:49:54",1549
"2019-12-28 00:50:31",1549
"2019-12-28 01:50:04",1549
"2019-12-28 02:50:09",1549
"2019-12-28 03:50:05",1549
"2019-12-28 04:50:23",1549
"2019-12-28 05:50:30",1549
"2019-12-28 06:50:28",1549
"2019-12-28 07:50:04",1549
"2019-12-28 08:50:16",1549
"2019-12-28 09:49:48",1549
"2019-12-28 10:49:59",1549
"2019-12-28 11:49:41",1549
"2019-12-28 12:49:25",1549
"2019-12-28 13:49:49",1549
"2019-12-28 14:50:16",1549
"2019-12-28 15:50:38",1549
"2019-12-28 16:50:11",1549
"2019-12-28 17:50:29",1549
"2019-12-28 18:50:04",1549
"2019-12-28 19:50:06",1549
"2019-12-28 20:50:37",1549
"2019-12-28 21:49:58",1549
"2019-12-28 22:50:01",1549
"2019-12-28 23:50:12",1549
"2019-12-29 00:50:06",1549
"2019-12-29 01:50:42",1549
"2019-12-29 02:50:17",1549
"2019-12-29 03:50:44",1549
"2019-12-29 05:50:34",1549
"2019-12-29 06:50:30",1549
"2019-12-29 07:49:57",1549
"2019-12-29 08:50:25",1549
"2019-12-29 09:49:51",1549
"2019-12-29 10:49:55",1549
"2019-12-29 11:49:35",1549
"2019-12-29 12:49:40",1549
"2019-12-29 13:49:53",1549
"2019-12-29 14:50:12",1549
"2019-12-29 15:50:18",1549
"2019-12-29 16:50:10",1549
"2019-12-29 17:49:55",1549
"2019-12-29 18:50:23",1549
"2019-12-29 19:50:23",1549
"2019-12-29 20:49:54",1549
"2019-12-29 21:51:02",1549
"2019-12-29 22:50:01",1549
"2019-12-29 23:49:53",1549
"2019-12-30 00:49:54",1549
"2019-12-30 01:50:30",1549
"2019-12-30 02:50:57",1549
"2019-12-30 03:49:54",1549
"2019-12-30 04:50:38",1549
"2019-12-30 05:50:15",1549
"2019-12-30 06:49:48",1549
"2019-12-30 07:49:34",1549
"2019-12-30 08:49:56",1549
"2019-12-30 09:50:01",1549
"2019-12-30 10:49:21",1549
"2019-12-30 11:50:05",1549
"2019-12-30 12:49:43",1549
"2019-12-30 14:11:15",1549
"2019-12-30 14:51:33",1549
"2019-12-30 15:50:31",1549
"2019-12-30 16:50:18",1551
"2019-12-30 17:50:19",1553
"2019-12-30 18:50:35",1553
"2019-12-30 19:50:29",1554
"2019-12-30 20:50:10",1555
"2019-12-30 21:50:02",1555
"2019-12-30 23:50:08",1556
"2019-12-31 00:50:06",1556
"2019-12-31 01:50:01",1556
"2019-12-31 02:50:18",1556
"2019-12-31 03:50:22",1556
"2019-12-31 04:49:57",1556
"2019-12-31 05:49:44",1556
"2019-12-31 06:50:06",1556
"2019-12-31 07:49:57",1556
"2019-12-31 08:50:18",1556
"2019-12-31 09:50:02",1556
"2019-12-31 10:50:24",1556
"2019-12-31 11:50:10",1556
"2019-12-31 12:49:52",1556
"2019-12-31 14:12:18",1556
"2019-12-31 14:51:18",1556
"2019-12-31 15:50:48",1557
"2019-12-31 16:50:16",1560
"2019-12-31 17:50:10",1560
"2019-12-31 18:50:10",1560
"2019-12-31 19:50:25",1561
"2019-12-31 20:50:12",1560
"2019-12-31 21:50:00",1560
"2019-12-31 22:50:06",1560
"2019-12-31 23:49:58",1560
"2020-01-01 00:49:51",1560
"2020-01-01 01:49:54",1560
"2020-01-01 02:49:59",1560
"2020-01-01 03:50:06",1560
"2020-01-01 04:49:39",1560
"2020-01-01 05:50:28",1560
"2020-01-01 06:50:21",1560
"2020-01-01 07:50:01",1560
"2020-01-01 08:49:57",1560
"2020-01-01 09:49:32",1560
"2020-01-01 10:49:32",1560
"2020-01-01 11:49:37",1560
"2020-01-01 12:49:39",1560
"2020-01-01 13:49:39",1560
"2020-01-01 14:49:45",1560
"2020-01-01 15:49:50",1560
"2020-01-01 16:50:03",1560
"2020-01-01 17:49:59",1560
"2020-01-01 18:50:00",1560
"2020-01-01 19:49:54",1560
"2020-01-01 20:50:07",1560
"2020-01-01 21:50:06",1560
"2020-01-01 22:50:21",1560
"2020-01-01 23:50:44",1560
"2020-01-02 00:50:43",1560
"2020-01-02 01:50:28",1560
"2020-01-02 02:51:11",1560
"2020-01-02 03:50:17",1560
"2020-01-02 04:50:17",1560
"2020-01-02 05:50:10",1560
"2020-01-02 06:49:55",1560
"2020-01-02 07:49:51",1560
"2020-01-02 08:50:06",1560
"2020-01-02 09:49:43",1560
"2020-01-02 10:49:39",1560
"2020-01-02 11:49:51",1560
"2020-01-02 12:49:52",1560
"2020-01-02 14:12:46",1560
"2020-01-02 14:52:09",1560
"2020-01-02 15:50:47",1563
"2020-01-02 16:50:32",1562
"2020-01-02 17:50:37",1560
"2020-01-02 18:50:44",1559
"2020-01-02 19:50:33",1559
"2020-01-02 20:50:44",1559
"2020-01-02 21:50:09",1559
"2020-01-02 22:51:03",1561
"2020-01-02 23:50:02",1561
"2020-01-03 00:50:34",1561
"2020-01-03 01:50:14",1561
"2020-01-03 02:50:38",1561
"2020-01-03 03:50:14",1561
"2020-01-03 04:50:15",1561
"2020-01-03 05:50:12",1561
"2020-01-03 06:50:21",1561
"2020-01-03 07:50:05",1561
"2020-01-03 08:50:26",1561
"2020-01-03 09:49:57",1561
"2020-01-03 10:49:53",1561
"2020-01-03 11:49:50",1561
"2020-01-03 12:49:38",1561
"2020-01-03 14:12:46",1561
"2020-01-03 14:55:02",1561
"2020-01-03 15:50:27",1562
"2020-01-03 16:50:35",1560
"2020-01-03 17:51:09",1559
"2020-01-03 18:50:28",1558
"2020-01-03 19:50:17",1558
"2020-01-03 20:50:37",1558
"2020-01-03 21:50:02",1560
"2020-01-03 22:50:03",1560
"2020-01-03 23:50:06",1561
"2020-01-04 00:50:08",1561
"2020-01-04 01:50:12",1561
"2020-01-04 02:50:01",1561
"2020-01-04 03:50:37",1561
"2020-01-04 04:50:22",1561
"2020-01-04 05:50:08",1561
"2020-01-04 06:49:58",1561
"2020-01-04 07:49:43",1561
"2020-01-04 08:49:52",1561
"2020-01-04 09:49:32",1561
"2020-01-04 10:49:43",1561
"2020-01-04 11:49:26",1561
"2020-01-04 12:49:56",1561
"2020-01-04 13:49:50",1561
"2020-01-04 14:50:02",1561
"2020-01-04 15:50:11",1561
"2020-01-04 16:50:18",1561
"2020-01-04 17:50:26",1561
"2020-01-04 19:50:18",1561
"2020-01-04 20:50:22",1561
"2020-01-04 21:50:57",1561
"2020-01-04 22:50:33",1561
"2020-01-04 23:50:32",1561
"2020-01-05 00:49:56",1561
"2020-01-05 01:51:12",1561
"2020-01-05 02:50:44",1561
"2020-01-05 03:50:22",1561
"2020-01-05 04:49:57",1561
"2020-01-05 05:50:04",1561
"2020-01-05 06:49:59",1561
"2020-01-05 07:49:44",1561
"2020-01-05 08:49:31",1561
"2020-01-05 09:49:28",1561
"2020-01-05 10:49:28",1561
"2020-01-05 11:49:54",1561
"2020-01-05 12:49:28",1561
"2020-01-05 13:49:59",1561
"2020-01-05 14:49:49",1561
"2020-01-05 15:49:30",1561
"2020-01-05 16:50:04",1561
"2020-01-05 17:51:25",1561
"2020-01-05 18:50:25",1561
"2020-01-05 20:50:11",1561
"2020-01-05 21:50:22",1561
"2020-01-05 22:50:05",1561
"2020-01-05 23:50:07",1561
"2020-01-06 00:50:16",1561
"2020-01-06 01:50:20",1561
"2020-01-06 02:50:41",1561
"2020-01-06 03:50:41",1561
"2020-01-06 04:50:58",1561
"2020-01-06 05:50:31",1561
"2020-01-06 06:50:32",1561
"2020-01-06 07:49:57",1561
"2020-01-06 08:50:07",1561
"2020-01-16 06:49:43",1580
"2020-01-16 07:49:43",1580
"2020-01-16 08:49:39",1580
"2020-01-16 09:49:19",1580
"2020-01-16 10:49:22",1580
"2020-01-16 11:49:23",1580
"2020-01-16 12:49:33",1580
"2020-01-16 14:12:47",1580
"2020-01-16 15:49:49",1580
"2020-01-16 16:50:01",1583
"2020-01-16 17:49:55",1583
"2020-01-16 18:49:42",1582
"2020-01-16 19:49:53",1580
"2020-01-16 20:49:55",1583
"2020-01-16 21:49:33",1581
"2020-01-16 22:49:58",1581
"2020-01-16 23:49:50",1581
"2020-01-17 00:50:23",1581
"2020-01-17 01:50:37",1581
"2020-01-17 02:49:31",1581
"2020-01-17 03:49:19",1581
"2020-01-17 04:49:28",1581
"2020-01-17 05:49:34",1581
"2020-01-17 06:49:27",1581
"2020-01-17 07:49:02",1581
"2020-01-17 08:48:59",1581
"2020-01-17 09:50:18",1581
"2020-01-17 10:48:54",1581
"2020-01-17 11:48:59",1581
"2020-01-17 12:49:20",1581
"2020-01-17 14:10:50",1581
"2020-01-17 14:49:58",1581
"2020-01-17 15:49:44",1583
"2020-01-17 16:49:41",1585
"2020-01-17 17:49:34",1585
"2020-01-17 18:49:33",1585
"2020-01-17 19:49:35",1584
"2020-01-17 20:49:28",1588
"2020-01-17 21:49:17",1587
"2020-01-17 22:49:22",1588
"2020-01-17 23:49:14",1587
"2020-01-18 00:50:18",1587
"2020-01-18 01:49:33",1587
"2020-01-18 02:49:34",1587
"2020-01-18 03:49:31",1587
"2020-01-18 04:49:17",1587
"2020-01-18 05:49:27",1587
"2020-01-18 06:49:01",1587
"2020-01-18 07:49:18",1587
"2020-01-18 08:49:18",1587
"2020-01-18 09:49:06",1587
"2020-01-18 10:49:07",1587
"2020-01-18 11:48:56",1587
"2020-01-18 12:49:16",1587
"2020-01-18 13:49:13",1587
"2020-01-18 14:49:18",1587
"2020-01-18 15:49:27",1587
"2020-01-18 16:49:06",1587
"2020-01-18 17:49:37",1587
"2020-01-18 18:49:26",1587
"2020-01-18 19:49:55",1587
"2020-01-18 20:49:28",1587
"2020-01-18 21:49:32",1587
"2020-01-18 23:49:32",1587
"2020-01-19 00:49:03",1587
"2020-01-19 01:49:28",1587
"2020-01-19 02:49:32",1587
"2020-01-19 03:49:27",1587
"2020-01-19 04:49:26",1587
"2020-01-19 05:49:16",1587
"2020-01-19 06:49:19",1587
"2020-01-19 07:49:06",1587
"2020-01-19 08:49:48",1587
"2020-01-19 09:49:07",1587
"2020-01-19 10:48:54",1587
"2020-01-19 11:48:54",1587
"2020-01-19 12:49:11",1587
"2020-01-19 13:49:10",1587
"2020-01-19 14:49:56",1587
"2020-01-19 15:50:04",1587
"2020-01-19 16:49:06",1587
"2020-01-19 17:49:17",1587
"2020-01-19 18:49:09",1587
"2020-01-19 19:50:18",1587
"2020-01-19 20:49:22",1587
"2020-01-19 21:49:19",1587
"2020-01-19 23:50:43",1587
"2020-01-20 00:50:21",1587
"2020-01-20 01:50:08",1587
"2020-01-20 02:49:48",1587
"2020-01-20 03:50:14",1587
"2020-01-20 04:50:15",1587
"2020-01-20 05:49:19",1587
"2020-01-20 06:50:16",1587
"2020-01-20 07:49:08",1587
"2020-01-20 08:50:16",1587
"2020-01-20 09:55:40",1587
"2020-01-20 10:49:43",1587
"2020-01-20 11:48:54",1587
"2020-01-20 12:49:10",1587
"2020-01-20 13:50:06",1587
"2020-01-20 14:49:35",1587
"2020-01-20 15:50:15",1587
"2020-01-20 16:49:15",1587
"2020-01-20 17:50:02",1587
"2020-01-20 18:49:11",1587
"2020-01-20 19:49:59",1587
"2020-01-20 21:50:32",1587
"2020-01-20 22:50:21",1587
"2020-01-20 23:50:15",1587
"2020-01-21 00:50:22",1587
"2020-01-21 01:49:55",1587
"2020-01-21 02:50:20",1587
"2020-01-21 03:49:14",1587
"2020-01-21 04:49:21",1587
"2020-01-21 05:49:14",1587
"2020-01-21 06:49:05",1587
"2020-01-21 07:49:00",1588
"2020-01-21 08:49:16",1588
"2020-01-21 10:04:14",1588
"2020-01-21 10:50:15",1588
"2020-01-21 11:49:13",1588
"2020-01-21 12:49:11",1588
"2020-01-21 13:49:12",1588
"2020-01-21 15:50:32",1591
"2020-01-21 16:49:52",1592
"2020-01-21 17:50:19",1593
"2020-01-21 18:49:46",1593
"2020-01-21 19:50:25",1593
"2020-01-21 20:49:35",1591
"2020-01-21 21:50:29",1591
"2020-01-21 22:50:10",1592
"2020-01-21 23:49:47",1592
"2020-01-22 00:49:31",1592
"2020-01-22 01:49:52",1592
"2020-01-22 02:50:12",1592
"2020-01-22 03:49:31",1592
"2020-01-22 04:49:34",1592
"2020-01-22 05:49:26",1592
"2020-01-22 06:49:13",1592
"2020-01-22 07:49:15",1592
"2020-01-22 08:49:22",1592
"2020-01-22 10:00:22",1592
"2020-01-22 10:48:57",1592
"2020-01-22 11:48:59",1592
"2020-01-22 12:49:42",1592
"2020-01-22 13:49:44",1592
"2020-01-22 14:50:27",1592
"2020-01-22 15:50:00",1597
"2020-01-22 16:50:30",1600
"2020-01-22 17:50:22",1600
"2020-01-22 18:49:46",1604
"2020-01-22 19:50:32",1604
"2020-01-22 20:50:23",1604
"2020-01-22 21:50:26",1605
"2020-01-22 22:50:02",1606
"2020-01-22 23:50:16",1606
"2020-01-23 00:50:07",1606
"2020-01-23 01:50:29",1606
"2020-01-23 02:49:44",1606
"2020-01-23 03:49:39",1606
"2020-01-23 04:49:33",1606
"2020-01-23 05:49:04",1606
"2020-01-23 06:49:25",1606
"2020-01-23 07:49:25",1606
"2020-01-23 08:49:17",1606
"2020-01-23 10:49:07",1606
"2020-01-23 11:49:10",1606
"2020-01-23 12:49:21",1606
"2020-01-23 14:12:20",1606
"2020-01-23 14:50:18",1606
"2020-01-23 15:49:50",1604
"2020-01-23 16:49:36",1605
"2020-01-23 17:49:24",1604
"2020-01-23 18:49:48",1603
"2020-01-23 19:49:30",1600
"2020-01-23 20:49:46",1601
"2020-01-23 21:49:43",1601
"2020-01-23 22:49:20",1601
"2020-01-23 23:49:18",1601
"2020-01-24 00:49:21",1601
"2020-01-24 01:49:40",1601
"2020-01-24 02:50:11",1601
"2020-01-24 03:49:15",1601
"2020-01-24 04:49:28",1601
"2020-01-24 05:49:39",1600
"2020-01-24 06:48:59",1600
"2020-01-24 07:49:32",1600
"2020-01-24 08:48:59",1600
"2020-01-24 09:58:28",1600
"2020-01-24 10:49:13",1600
"2020-01-24 11:49:05",1600
"2020-01-24 12:49:09",1600
"2020-01-24 14:11:20",1600
"2020-01-24 14:49:53",1600
"2020-01-24 15:49:50",1605
"2020-01-24 16:49:40",1605
"2020-01-24 17:49:24",1602
"2020-01-24 18:49:25",1603
"2020-01-24 19:49:42",1602
"2020-01-24 20:49:47",1601
"2020-01-24 21:49:17",1602
"2020-01-24 22:49:16",1602
"2020-01-24 23:49:24",1602
"2020-01-25 00:49:18",1602
"2020-01-25 01:49:27",1602
"2020-01-25 02:49:46",1602
"2020-01-25 03:49:40",1602
"2020-01-25 04:49:19",1602
"2020-01-25 05:49:26",1602
"2020-01-25 06:49:18",1602
"2020-01-25 07:49:21",1602
"2020-01-25 08:49:22",1602
"2020-01-25 09:58:53",1602
"2020-01-25 10:48:59",1602
"2020-01-25 11:49:07",1602
"2020-01-25 12:49:18",1602
"2020-01-25 14:49:19",1602
"2020-01-25 15:49:11",1602
"2020-01-25 16:49:26",1602
"2020-01-25 17:49:22",1602
"2020-01-25 18:49:21",1602
"2020-01-25 19:49:27",1602
"2020-01-25 20:49:21",1602
"2020-01-25 21:49:16",1602
"2020-01-25 22:49:24",1602
"2020-01-25 23:49:17",1602
"2020-01-26 00:49:35",1602
"2020-01-26 01:49:17",1602
"2020-01-26 02:49:31",1602
"2020-01-26 03:49:22",1602
"2020-01-26 04:49:11",1602
"2020-01-26 06:48:56",1602
"2020-01-26 07:49:01",1602
"2020-01-27 02:49:34",1602
"2020-01-27 03:49:28",1602
"2020-01-27 04:49:30",1602
"2020-01-27 05:49:26",1602
"2020-01-27 06:49:30",1602
"2020-01-27 07:49:15",1602
"2020-01-27 08:49:20",1602
"2020-01-27 09:49:33",1602
"2020-01-27 10:49:18",1602
"2020-01-27 11:49:21",1602
"2020-01-27 12:48:46",1602
"2020-01-27 13:49:31",1602
"2020-01-27 14:51:02",1602
"2020-01-27 15:50:11",1606
"2020-01-27 16:49:42",1605
"2020-01-27 17:49:55",1605
"2020-01-27 18:49:56",1605
"2020-01-27 19:50:03",1605
"2020-01-27 20:49:50",1605
"2020-01-27 21:49:54",1605
"2020-01-27 22:50:41",1606
"2020-01-27 23:50:04",1605
"2020-01-28 00:49:16",1605
"2020-01-28 01:50:01",1605
"2020-01-28 02:50:01",1605
"2020-01-28 03:49:39",1605
"2020-01-28 04:49:45",1605
"2020-01-28 05:49:24",1605
"2020-01-28 06:49:02",1605
"2020-01-28 07:49:13",1605
"2020-01-28 08:49:33",1605
"2020-01-28 09:50:04",1605
"2020-01-28 10:49:19",1605
"2020-01-28 11:49:09",1605
"2020-01-28 12:49:17",1605
"2020-01-28 14:11:53",1605
"2020-01-28 14:50:36",1605
"2020-01-28 15:49:54",1606
"2020-01-28 16:50:12",1605
"2020-01-28 17:49:39",1603
"2020-01-28 18:49:52",1605
"2020-01-28 19:49:46",1605
"2020-01-28 21:50:28",1605
"2020-01-28 22:49:53",1605
"2020-01-28 23:49:28",1605
"2020-01-29 00:49:33",1605
"2020-01-29 01:49:49",1605
"2020-01-29 02:50:15",1605
"2020-01-29 03:49:46",1605
"2020-01-29 04:49:48",1605
"2020-01-29 05:49:51",1605
"2020-01-29 06:49:36",1605
"2020-01-29 07:49:16",1605
"2020-01-29 08:49:22",1605
"2020-01-29 09:49:33",1605
"2020-01-29 10:49:01",1605
"2020-01-29 11:49:14",1605
"2020-01-29 12:49:23",1605
"2020-01-29 13:49:50",1605
"2020-01-29 14:50:28",1604
"2020-01-29 15:50:01",1602
"2020-01-29 16:49:56",1599
"2020-01-29 17:50:22",1599
"2020-01-29 18:50:05",1598
"2020-01-29 19:50:10",1598
"2020-01-29 20:50:08",1599
"2020-01-29 21:49:58",1599
"2020-01-29 22:49:36",1598
"2020-01-29 23:49:33",1598
"2020-01-30 00:49:44",1598
"2020-01-30 01:49:58",1598
"2020-01-30 02:49:55",1598
"2020-01-30 03:49:34",1598
"2020-01-30 04:50:14",1598
"2020-01-30 05:50:12",1598
"2020-01-30 06:49:29",1598
"2020-01-30 07:49:13",1598
"2020-01-30 08:49:28",1598
"2020-01-30 09:49:34",1598
"2020-01-30 10:49:03",1598
"2020-01-30 11:49:16",1598
"2020-01-30 12:49:24",1598
"2020-01-30 13:49:25",1598
"2020-01-30 14:50:28",1598
"2020-01-30 15:50:10",1601
"2020-01-30 16:50:10",1604
"2020-01-30 17:50:03",1606
"2020-01-30 18:49:57",1608
"2020-01-30 19:50:12",1609
"2020-01-30 20:49:35",1610
"2020-01-30 21:49:58",1610
"2020-01-30 22:49:09",1610
"2020-01-30 23:49:22",1610
"2020-01-31 00:49:29",1610
"2020-01-31 01:49:58",1610
"2020-01-31 02:49:33",1610
"2020-01-31 03:49:49",1610
"2020-01-31 04:49:36",1610
"2020-01-31 05:49:25",1610
"2020-01-31 06:49:15",1610
"2020-01-31 07:49:26",1610
"2020-01-31 08:49:45",1610
"2020-01-31 09:49:50",1610
"2020-01-31 10:49:19",1610
"2020-01-31 11:49:14",1610
"2020-01-31 12:49:10",1610
"2020-01-31 13:49:36",1610
"2020-01-31 14:50:00",1610
"2020-01-31 15:49:49",1614
"2020-01-31 16:49:44",1614
"2020-01-31 17:49:43",1614
"2020-01-31 18:49:36",1614
"2020-01-31 19:50:02",1615
"2020-01-31 20:49:46",1615
"2020-01-31 21:49:13",1615
"2020-01-31 22:49:19",1615
"2020-01-31 23:49:23",1615
"2020-02-01 00:49:17",1615
"2020-02-01 01:50:04",1615
"2020-02-01 02:49:37",1615
"2020-02-01 03:49:27",1615
"2020-02-01 04:49:32",1615
"2020-02-01 05:49:47",1615
"2020-02-01 06:49:52",1615
"2020-02-01 07:49:15",1615
"2020-02-01 08:49:27",1615
"2020-02-01 09:49:42",1615
"2020-02-01 10:49:01",1615
"2020-02-01 11:49:25",1615
"2020-02-01 12:49:09",1615
"2020-02-01 13:49:26",1615
"2020-02-01 14:49:37",1615
"2020-02-01 15:49:38",1615
"2020-02-01 16:49:24",1615
"2020-02-01 17:49:38",1615
"2020-02-01 18:49:20",1615
"2020-02-01 19:49:29",1615
"2020-02-01 20:49:44",1615
"2020-02-01 21:49:56",1615
"2020-02-01 22:49:45",1615
"2020-02-01 23:49:54",1615
"2020-02-02 00:49:54",1615
"2020-02-02 01:49:59",1615
"2020-02-02 02:49:47",1615
"2020-02-02 03:49:52",1615
"2020-02-02 04:49:36",1615
"2020-02-02 05:49:40",1615
"2020-02-02 06:49:40",1615
"2020-02-02 07:49:35",1615
"2020-02-02 08:49:42",1615
"2020-02-02 09:49:34",1615
"2020-02-02 10:49:23",1615
"2020-02-02 11:49:32",1615
"2020-02-02 12:49:41",1615
"2020-02-02 13:49:44",1615
"2020-02-02 14:49:35",1615
"2020-02-02 15:49:34",1615
"2020-02-02 16:49:55",1615
"2020-02-02 17:50:03",1615
"2020-02-02 18:49:35",1615
"2020-02-02 19:49:50",1615
"2020-02-02 20:49:54",1615
"2020-02-02 21:49:45",1615
"2020-02-02 22:49:49",1615
"2020-02-02 23:50:00",1615
"2020-02-03 00:50:28",1615
"2020-02-03 01:50:09",1615
"2020-02-03 02:49:52",1615
"2020-02-03 03:49:57",1615
"2020-02-03 04:49:58",1615
"2020-02-03 05:49:59",1615
"2020-02-03 06:49:37",1615
"2020-02-03 07:49:37",1615
"2020-02-03 08:49:44",1615
"2020-02-03 09:49:42",1615
"2020-02-03 10:49:31",1615
"2020-02-03 11:49:31",1615
"2020-02-03 12:49:17",1615
"2020-02-03 14:48:33",1618
"2020-02-03 14:56:17",1618
"2020-02-03 15:50:21",1626
"2020-02-03 16:50:01",1626
"2020-02-03 17:50:06",1625
"2020-02-03 18:50:12",1625
"2020-02-03 19:50:07",1628
"2020-02-03 20:50:06",1626
"2020-02-03 21:49:58",1625
"2020-02-03 22:49:52",1625
"2020-02-03 23:50:02",1625
"2020-02-04 00:49:53",1625
"2020-02-04 01:50:09",1625
"2020-02-04 02:50:09",1625
"2020-02-04 03:50:11",1625
"2020-02-04 04:50:07",1625
"2020-02-04 05:50:16",1625
"2020-02-04 06:49:44",1625
"2020-02-04 07:50:00",1625
"2020-02-04 08:49:22",1625
"2020-02-04 09:50:00",1625
"2020-02-04 10:49:30",1625
"2020-02-04 11:49:50",1625
"2020-02-04 12:49:52",1625
"2020-02-04 14:15:27",1625
"2020-02-04 15:50:17",1628
"2020-02-04 16:50:08",1632
"2020-02-04 17:50:08",1635
"2020-02-04 18:49:49",1633
"2020-02-04 19:49:57",1634
"2020-02-04 20:50:03",1634
"2020-02-04 21:49:54",1634
"2020-02-04 22:49:51",1634
"2020-02-04 23:49:57",1634
"2020-02-05 00:50:06",1634
"2020-02-05 01:49:55",1634
"2020-02-05 02:50:13",1634
"2020-02-05 03:50:08",1634
"2020-02-05 04:50:56",1634
"2020-02-05 05:49:55",1634
"2020-02-05 06:49:58",1634
"2020-02-05 07:50:01",1634
"2020-02-05 08:49:46",1634
"2020-02-05 09:49:38",1634
"2020-02-05 10:49:52",1634
"2020-02-05 11:49:41",1634
"2020-02-05 12:49:57",1634
"2020-02-05 14:09:27",1634
"2020-02-05 14:50:39",1634
"2020-02-05 15:50:30",1631
"2020-02-05 16:50:13",1631
"2020-02-05 17:50:05",1629
"2020-02-05 18:50:09",1629
"2020-02-05 19:50:11",1628
"2020-02-05 20:50:18",1624
"2020-02-05 21:49:57",1621
"2020-02-05 22:49:58",1621
"2020-02-05 23:49:52",1622
"2020-02-06 00:50:11",1622
"2020-02-06 01:50:12",1622
"2020-02-06 02:50:19",1622
"2020-02-06 03:50:35",1622
"2020-02-06 04:50:17",1622
"2020-02-06 05:50:07",1622
"2020-02-06 06:49:49",1622
"2020-02-06 07:50:03",1622
"2020-02-06 08:49:53",1622
"2020-02-06 09:49:49",1622
"2020-02-06 10:49:44",1622
"2020-02-06 11:49:45",1622
"2020-02-06 12:49:41",1622
"2020-02-06 13:49:42",1622
"2020-02-06 14:50:34",1622
"2020-02-06 15:50:28",1623
"2020-02-06 16:50:14",1620
"2020-02-06 17:50:17",1621
"2020-02-06 18:50:09",1624
"2020-02-06 19:50:16",1623
"2020-02-06 20:50:09",1624
"2020-02-06 21:50:01",1625
"2020-02-06 22:50:08",1624
"2020-02-06 23:49:49",1624
"2020-02-07 00:50:11",1624
"2020-02-07 01:50:10",1624
"2020-02-07 02:49:50",1624
"2020-02-07 03:50:10",1624
"2020-02-07 04:49:59",1624
"2020-02-07 05:50:15",1624
"2020-02-07 06:50:17",1624
"2020-02-07 07:50:10",1624
"2020-02-07 08:49:57",1624
"2020-02-07 09:50:04",1624
"2020-02-07 10:49:44",1624
"2020-02-07 11:49:47",1624
"2020-02-07 12:49:52",1624
"2020-02-07 14:10:58",1625
"2020-02-07 14:50:37",1625
"2020-02-07 15:50:18",1637
"2020-02-07 16:50:19",1635
"2020-02-07 17:50:31",1638
"2020-02-07 18:50:15",1641
"2020-02-07 19:50:10",1639
"2020-02-07 20:50:23",1637
"2020-02-07 21:49:57",1635
"2020-02-07 22:50:12",1636
"2020-02-07 23:49:40",1635
"2020-02-08 00:49:57",1635
"2020-02-08 01:49:53",1635
"2020-02-08 02:50:01",1635
"2020-02-08 03:49:57",1635
"2020-02-08 04:50:11",1635
"2020-02-08 05:49:57",1635
"2020-02-08 06:49:49",1634
"2020-02-08 07:49:55",1634
"2020-02-08 08:49:39",1634
"2020-02-08 09:49:43",1634
"2020-02-08 10:49:32",1634
"2020-02-08 11:49:36",1634
"2020-02-08 12:49:37",1634
"2020-02-08 13:49:35",1634
"2020-02-08 14:50:11",1634
"2020-02-08 15:49:55",1634
"2020-02-08 16:50:02",1634
"2020-02-08 17:49:56",1634
"2020-02-08 18:52:46",1634
"2020-02-08 19:49:49",1634
"2020-02-08 20:49:52",1634
"2020-02-08 21:50:02",1634
"2020-02-08 22:50:08",1634
"2020-02-08 23:49:56",1634
"2020-02-09 00:49:46",1634
"2020-02-09 01:50:02",1634
"2020-02-09 02:49:55",1634
"2020-02-09 03:49:56",1634
"2020-02-09 04:49:52",1634
"2020-02-09 05:49:53",1634
"2020-02-09 06:49:46",1634
"2020-02-09 07:49:49",1634
"2020-02-09 08:49:45",1634
"2020-02-09 09:49:54",1634
"2020-02-09 10:49:53",1634
"2020-02-09 11:49:57",1634
"2020-02-09 12:49:47",1634
"2020-02-09 13:49:48",1634
"2020-02-09 14:49:51",1634
"2020-02-09 15:50:04",1634
"2020-02-09 16:49:51",1634
"2020-02-09 17:50:00",1634
"2020-02-09 18:49:59",1634
"2020-02-09 19:49:59",1634
"2020-02-09 20:49:54",1634
"2020-02-09 21:50:16",1634
"2020-02-09 22:49:54",1634
"2020-02-09 23:50:40",1634
"2020-02-10 00:50:03",1634
"2020-02-10 01:50:11",1634
"2020-02-10 02:49:54",1634
"2020-02-10 03:49:50",1634
"2020-02-10 04:49:59",1634
"2020-02-10 05:50:01",1634
"2020-02-10 06:49:54",1634
"2020-02-10 07:49:57",1634
"2020-02-10 08:49:49",1634
"2020-02-10 09:50:06",1634
"2020-02-10 10:49:45",1634
"2020-02-10 11:49:45",1634
"2020-02-10 12:49:38",1634
"2020-02-10 13:49:52",1634
"2020-02-10 14:50:20",1634
"2020-02-10 15:50:31",1638
"2020-02-10 16:50:17",1636
"2020-02-10 17:50:05",1639
"2020-02-10 18:50:10",1639
"2020-02-10 19:50:14",1638
"2020-02-10 20:50:24",1638
"2020-02-10 21:50:10",1636
"2020-02-10 22:50:02",1636
"2020-02-10 23:49:59",1636
"2020-02-11 00:50:00",1636
"2020-02-11 01:50:31",1636
"2020-02-11 02:50:08",1636
"2020-02-11 03:50:02",1636
"2020-02-11 04:50:08",1636
"2020-02-11 05:50:09",1636
"2020-02-11 06:49:55",1636
"2020-02-11 07:49:52",1636
"2020-02-11 08:50:00",1636
"2020-02-11 09:49:57",1636
"2020-02-11 10:49:36",1636
"2020-02-11 11:49:49",1636
"2020-02-11 12:49:32",1636
"2020-02-11 14:11:25",1635
"2020-02-11 14:50:34",1635
"2020-02-11 15:50:28",1631
"2020-02-11 16:50:21",1625
"2020-02-11 17:50:13",1626
"2020-02-11 18:50:15",1626
"2020-02-11 19:50:06",1626
"2020-02-11 20:50:21",1624
"2020-02-11 21:54:32",1624
"2020-02-11 22:50:26",1624
"2020-02-11 23:50:02",1624
"2020-02-12 00:50:35",1624
"2020-02-12 01:50:10",1624
"2020-02-12 02:50:49",1624
"2020-02-12 03:50:00",1624
"2020-02-12 04:50:09",1624
"2020-02-12 05:49:49",1624
"2020-02-12 06:49:56",1624
"2020-02-12 07:49:46",1624
"2020-02-12 08:49:54",1624
"2020-02-12 09:50:09",1624
"2020-02-12 10:49:45",1624
"2020-02-12 11:49:47",1624
"2020-02-12 12:49:44",1624
"2020-02-12 14:11:27",1626
"2020-02-12 14:50:33",1626
"2020-02-12 15:50:19",1622
"2020-02-12 16:50:11",1624
"2020-02-12 17:50:21",1623
"2020-02-12 18:50:13",1624
"2020-02-12 19:50:09",1624
"2020-02-12 20:50:22",1626
"2020-02-12 21:50:06",1627
"2020-02-12 22:49:33",1627
"2020-02-12 23:49:14",1627
"2020-02-13 00:49:58",1627
"2020-02-13 01:49:43",1627
"2020-02-13 02:50:26",1627
"2020-02-13 03:50:17",1627
"2020-02-13 04:50:05",1627
"2020-02-13 05:49:56",1627
"2020-02-13 06:49:58",1627
"2020-02-13 07:49:36",1627
"2020-02-13 08:49:50",1627
"2020-02-13 09:49:33",1627
"2020-02-13 10:49:16",1627
"2020-02-13 11:49:57",1627
"2020-02-13 12:49:31",1627
"2020-02-13 14:11:22",1627
"2020-02-13 14:50:03",1627
"2020-02-13 15:50:03",1626
"2020-02-13 16:50:03",1625
"2020-02-13 17:50:26",1625
"2020-02-13 18:50:19",1625
"2020-02-13 19:50:10",1625
"2020-02-13 20:49:52",1625
"2020-02-13 21:50:07",1624
"2020-02-13 22:49:39",1624
"2020-02-13 23:49:35",1624
"2020-02-14 00:49:32",1624
"2020-02-14 01:49:56",1624
"2020-02-14 02:50:03",1624
"2020-02-14 03:49:42",1624
"2020-02-14 04:49:50",1624
"2020-02-14 05:49:53",1624
"2020-02-14 06:49:20",1624
"2020-02-14 07:49:13",1624
"2020-02-14 08:49:41",1624
"2020-02-14 09:49:25",1624
"2020-02-14 10:49:30",1624
"2020-02-14 11:49:22",1624
"2020-02-14 12:49:33",1624
"2020-02-14 13:49:37",1624
"2020-02-14 14:50:07",1623
"2020-02-14 15:50:32",1621
"2020-02-14 16:49:47",1621
"2020-02-14 17:49:49",1621
"2020-02-14 18:49:46",1621
"2020-02-14 19:49:48",1621
"2020-02-14 20:50:13",1619
"2020-02-14 21:49:40",1620
"2020-02-14 22:49:28",1620
"2020-02-14 23:49:57",1620
"2020-02-15 00:49:30",1620
"2020-02-15 01:49:47",1620
"2020-02-15 02:49:52",1620
"2020-02-15 03:49:47",1620
"2020-02-15 04:49:39",1620
"2020-02-15 05:48:37",1620
"2020-02-15 06:48:50",1618
"2020-02-15 07:48:39",1618
"2020-02-15 08:48:39",1618
"2020-02-15 09:48:45",1618
"2020-02-15 10:48:32",1618
"2020-02-15 11:48:39",1618
"2020-02-15 12:48:47",1618
"2020-02-15 13:48:37",1618
"2020-02-15 14:48:44",1618
"2020-02-15 15:48:41",1618
"2020-02-15 16:48:38",1618
"2020-02-15 17:48:35",1618
"2020-02-15 18:49:03",1618
"2020-02-15 19:48:36",1618
"2020-02-15 20:48:39",1618
"2020-02-15 21:48:36",1618
"2020-02-15 22:48:38",1618
"2020-02-15 23:48:37",1618
"2020-02-16 00:48:37",1618
"2020-02-16 01:48:37",1618
"2020-02-16 02:48:41",1618
"2020-02-16 03:48:38",1618
"2020-02-16 04:48:42",1618
"2020-02-16 05:48:39",1618
"2020-02-16 06:48:36",1618
"2020-02-16 07:48:37",1618
"2020-02-16 08:48:35",1618
"2020-02-16 09:48:42",1618
"2020-02-16 10:48:34",1618
"2020-02-16 11:48:36",1618
"2020-02-16 12:48:40",1618
"2020-02-16 13:48:36",1618
"2020-02-16 14:48:43",1618
"2020-02-16 15:49:03",1618
"2020-02-16 16:48:51",1618
"2020-02-16 17:48:38",1618
"2020-02-16 18:48:41",1618
"2020-02-16 19:48:38",1618
"2020-02-16 20:48:39",1618
"2020-02-16 21:48:37",1618
"2020-02-16 22:48:38",1618
"2020-02-16 23:48:39",1618
"2020-02-17 00:48:36",1618
"2020-02-17 01:48:36",1618
"2020-02-17 02:48:41",1618
"2020-02-17 03:48:40",1618
"2020-02-17 04:48:38",1618
"2020-02-17 05:48:38",1618
"2020-02-17 06:48:41",1618
"2020-02-17 07:48:33",1618
"2020-02-17 08:48:40",1618
"2020-02-17 09:48:42",1618
"2020-02-17 10:48:36",1618
"2020-02-17 11:48:32",1618
"2020-02-17 12:48:52",1618
"2020-02-17 13:48:34",1618
"2020-02-17 14:48:30",1618
"2020-02-17 15:48:36",1618
"2020-02-17 16:48:57",1618
"2020-02-17 17:48:35",1618
"2020-02-17 18:48:42",1618
"2020-02-17 19:48:32",1618
"2020-02-17 20:48:33",1618
"2020-02-17 22:48:57",1618
"2020-02-17 23:49:03",1618
"2020-02-18 00:48:32",1618
"2020-02-18 01:48:40",1618
"2020-02-18 02:48:43",1618
"2020-02-18 03:48:43",1618
"2020-02-18 04:48:39",1618
"2020-02-18 05:49:33",1618
"2020-02-18 06:49:07",1618
"2020-02-18 07:49:27",1618
"2020-02-18 08:49:36",1618
"2020-02-18 09:49:30",1618
"2020-02-18 10:49:22",1618
"2020-02-18 11:49:16",1618
"2020-02-18 12:49:57",1618
"2020-02-18 14:11:51",1617
"2020-02-18 14:50:14",1617
"2020-02-18 15:50:06",1619
"2020-02-18 16:49:58",1619
"2020-02-18 18:49:58",1619
"2020-02-18 19:49:54",1616
"2020-02-18 20:49:40",1615
"2020-02-18 21:49:33",1614
"2020-02-18 22:49:24",1613
"2020-02-18 23:49:37",1613
"2020-02-19 01:49:34",1613
"2020-02-19 02:49:52",1613
"2020-02-19 03:49:51",1613
"2020-02-19 04:49:49",1613
"2020-02-19 05:49:15",1613
"2020-02-19 06:49:51",1613
"2020-02-19 07:49:34",1613
"2020-02-19 08:49:27",1613
"2020-02-19 09:49:49",1613
"2020-02-19 10:49:12",1613
"2020-02-19 11:49:10",1613
"2020-02-19 12:49:28",1613
"2020-02-19 14:13:22",1613
"2020-02-19 14:50:19",1613
"2020-02-19 15:50:02",1615
"2020-02-19 16:49:37",1614
"2020-02-19 17:49:53",1612
"2020-02-19 18:49:45",1610
"2020-02-19 19:49:36",1611
"2020-02-19 20:49:43",1610
"2020-02-19 21:50:14",1609
"2020-02-19 22:49:43",1609
"2020-02-19 23:49:34",1609
"2020-02-20 00:49:56",1609
"2020-02-20 01:49:52",1609
"2020-02-20 02:49:57",1609
"2020-02-20 03:49:55",1609
"2020-02-20 04:49:55",1609
"2020-02-20 05:49:59",1609
"2020-02-20 06:50:16",1609
"2020-02-20 07:50:08",1609
"2020-02-20 08:50:10",1609
"2020-02-20 09:49:44",1609
"2020-02-20 10:49:40",1609
"2020-02-20 11:49:58",1609
"2020-02-20 12:49:59",1609
"2020-02-20 13:50:10",1609
"2020-02-20 14:49:15",1609
"2020-02-20 15:49:27",1610
"2020-02-20 16:49:09",1609
"2020-02-20 17:49:54",1606
"2020-02-20 18:50:20",1606
"2020-02-20 19:50:48",1606
"2020-02-20 20:50:28",1607
"2020-02-20 21:50:24",1606
"2020-02-20 22:50:35",1606
"2020-02-20 23:50:07",1605
"2020-02-21 01:50:23",1605
"2020-02-21 02:50:38",1605
"2020-02-21 03:51:11",1605
"2020-02-21 04:51:16",1605
"2020-02-21 05:50:31",1605
"2020-02-21 06:50:26",1605
"2020-02-21 07:50:43",1605
"2020-02-21 08:50:18",1605
"2020-02-21 09:51:14",1605
"2020-02-21 10:52:06",1605
"2020-02-21 11:51:12",1605
"2020-02-21 12:51:00",1605
"2020-02-21 13:51:13",1605
"2020-02-21 14:51:11",1605
"2020-02-21 15:51:42",1607
"2020-02-21 16:52:20",1604
"2020-02-21 17:52:02",1606
"2020-02-21 18:51:23",1605
"2020-02-21 19:50:33",1605
"2020-02-21 20:50:33",1604
"2020-02-21 21:51:17",1605
"2020-02-21 22:50:44",1605
"2020-02-21 23:53:41",1605
"2020-02-22 00:51:46",1605
"2020-02-22 01:50:54",1605
"2020-02-22 02:50:47",1605
"2020-02-22 03:51:52",1605
"2020-02-22 04:51:01",1605
"2020-02-22 05:50:02",1605
"2020-02-22 06:49:11",1605
"2020-02-22 07:49:54",1604
"2020-02-22 08:50:44",1604
"2020-02-22 09:49:13",1604
"2020-02-22 10:49:41",1604
"2020-02-22 11:49:14",1604
"2020-02-22 12:50:13",1604
"2020-02-22 13:52:36",1604
"2020-02-22 14:49:15",1604
"2020-02-22 15:49:32",1604
"2020-02-22 16:51:39",1604
"2020-02-22 17:50:24",1604
"2020-02-22 18:49:24",1604
"2020-02-22 19:49:19",1604
"2020-02-22 20:50:10",1604
"2020-02-22 21:51:53",1604
"2020-02-22 22:50:41",1604
"2020-02-22 23:49:16",1604
"2020-02-23 00:49:29",1604
"2020-02-23 01:49:38",1604
"2020-02-23 02:49:59",1604
"2020-02-23 03:49:27",1604
"2020-02-23 04:50:09",1604
"2020-02-23 05:50:10",1604
"2020-02-23 06:49:30",1604
"2020-02-23 07:49:38",1604
"2020-02-23 08:50:44",1604
"2020-02-23 09:49:24",1604
"2020-02-23 10:49:31",1604
"2020-02-23 11:49:38",1604
"2020-02-23 12:49:32",1604
"2020-02-23 13:49:31",1604
"2020-02-23 14:50:16",1604
"2020-02-23 15:49:30",1604
"2020-02-23 16:49:36",1604
"2020-02-23 17:49:15",1604
"2020-02-23 18:49:33",1604
"2020-02-23 19:49:34",1604
"2020-02-23 20:49:27",1604
"2020-02-23 21:50:14",1604
"2020-02-23 22:49:10",1604
"2020-02-23 23:49:39",1604
"2020-02-24 00:50:28",1604
"2020-02-24 01:49:20",1604
"2020-02-24 02:50:23",1604
"2020-02-24 03:49:29",1604
"2020-02-24 04:49:47",1604
"2020-02-24 05:51:30",1604
"2020-02-24 06:50:30",1604
"2020-02-24 07:50:20",1604
"2020-02-24 08:50:27",1604
"2020-02-24 09:59:44",1604
"2020-02-24 10:50:08",1604
"2020-02-24 11:51:14",1604
"2020-02-24 12:50:14",1604
"2020-02-24 13:51:04",1604
"2020-02-24 14:52:07",1607
"2020-02-24 15:50:35",1608
"2020-02-24 16:51:35",1607
"2020-02-24 17:50:47",1608
"2020-02-24 18:50:54",1606
"2020-02-24 19:51:40",1604
"2020-02-24 20:51:46",1604
"2020-02-24 21:51:26",1604
"2020-02-24 22:51:24",1605
"2020-02-24 23:50:15",1605
"2020-02-25 00:50:31",1605
"2020-02-25 01:50:25",1605
"2020-02-25 02:51:02",1605
"2020-02-25 03:50:47",1605
"2020-02-25 04:50:49",1605
"2020-02-25 05:52:02",1605
"2020-02-25 06:50:53",1605
"2020-02-25 07:50:51",1605
"2020-02-25 08:51:05",1605
"2020-02-25 10:00:29",1605
"2020-02-25 10:51:06",1605
"2020-02-25 11:50:23",1605
"2020-02-25 12:50:55",1605
"2020-02-25 14:12:47",1605
"2020-02-25 14:51:02",1605
"2020-02-25 15:50:54",1607
"2020-02-25 16:50:56",1607
"2020-02-25 17:50:44",1607
"2020-02-25 18:51:23",1604
"2020-02-25 19:50:46",1603
"2020-02-25 20:51:44",1601
"2020-02-25 21:51:37",1602
"2020-02-25 22:50:47",1602
"2020-02-25 23:50:41",1602
"2020-02-26 00:50:37",1602
"2020-02-26 01:50:49",1602
"2020-02-26 02:51:00",1602
"2020-02-26 03:50:30",1602
"2020-02-26 04:51:55",1602
"2020-02-26 05:51:28",1602
"2020-02-26 06:51:22",1602
"2020-02-26 07:52:19",1602
"2020-02-26 08:51:13",1602
"2020-02-26 09:50:52",1602
"2020-02-26 10:50:29",1602
"2020-02-26 11:51:04",1602
"2020-02-26 12:50:28",1602
"2020-02-26 13:51:31",1602
"2020-02-26 14:52:07",1602
"2020-02-26 15:51:43",1598
"2020-02-26 16:50:59",1598
"2020-02-26 17:50:50",1598
"2020-02-26 18:51:00",1598
"2020-02-26 19:51:32",1599
"2020-02-26 20:51:27",1597
"2020-02-26 21:51:26",1597
"2020-02-26 22:51:27",1597
"2020-02-26 23:51:26",1597
"2020-02-27 00:50:34",1597
"2020-02-27 01:51:05",1597
"2020-02-27 02:50:24",1597
"2020-02-27 03:51:51",1597
"2020-02-27 04:50:41",1597
"2020-02-27 05:50:43",1597
"2020-02-27 06:50:50",1597
"2020-02-27 07:50:26",1597
"2020-02-27 08:51:12",1597
"2020-02-27 09:50:44",1597
"2020-02-27 10:51:37",1597
"2020-02-27 11:51:01",1597
"2020-02-27 12:51:29",1597
"2020-02-27 14:11:19",1597
"2020-02-27 14:52:20",1597
"2020-02-27 15:51:28",1592
"2020-02-27 16:51:43",1588
"2020-02-27 17:51:05",1587
"2020-02-27 18:51:18",1587
"2020-02-27 19:50:31",1588
"2020-02-27 20:51:07",1587
"2020-02-27 21:50:49",1587
"2020-02-27 22:51:26",1587
"2020-02-27 23:50:44",1587
"2020-02-28 00:51:46",1587
"2020-02-28 01:50:37",1587
"2020-02-28 02:50:42",1587
"2020-02-28 03:51:39",1587
"2020-02-28 04:51:56",1587
"2020-02-28 05:51:39",1587
"2020-02-28 06:50:59",1587
"2020-02-28 07:51:24",1587
"2020-02-28 08:51:54",1587
"2020-02-28 09:51:38",1587
"2020-02-28 10:50:33",1587
"2020-02-28 11:50:55",1587
"2020-02-28 12:51:21",1587
"2020-02-28 14:11:53",1587
"2020-02-28 14:51:07",1587
"2020-02-28 15:50:55",1580
"2020-02-28 16:51:00",1579
"2020-02-28 17:50:59",1578
"2020-02-28 18:50:57",1579
"2020-02-28 19:51:54",1580
"2020-02-28 20:50:46",1580
"2020-02-28 21:50:41",1579
"2020-02-28 22:51:27",1578
"2020-02-28 23:50:41",1578
"2020-02-29 00:50:55",1578
"2020-02-29 01:50:47",1578
"2020-02-29 02:50:40",1578
"2020-02-29 03:50:33",1578
"2020-02-29 04:51:05",1578
"2020-02-29 05:50:36",1578
"2020-02-29 06:50:16",1578
"2020-02-29 07:51:54",1577
"2020-02-29 09:51:53",1577
"2020-02-29 10:49:27",1577
"2020-02-29 11:49:23",1577
"2020-02-29 12:51:58",1577
"2020-02-29 13:51:58",1577
"2020-02-29 14:49:41",1577
"2020-02-29 15:49:39",1577
"2020-02-29 16:50:29",1577
"2020-02-29 17:50:15",1577
"2020-02-29 18:49:35",1577
"2020-02-29 19:49:31",1577
"2020-02-29 20:49:21",1577
"2020-02-29 21:49:59",1577
"2020-02-29 22:52:48",1577
"2020-02-29 23:51:48",1577
"2020-03-01 00:51:52",1577
"2020-03-01 01:51:53",1577
"2020-03-01 02:49:39",1577
"2020-03-01 03:51:50",1577
"2020-03-01 04:49:28",1577
"2020-03-01 05:50:18",1577
"2020-03-01 06:49:34",1577
"2020-03-01 07:50:08",1577
"2020-03-01 08:49:22",1577
"2020-03-01 09:51:54",1577
"2020-03-01 10:51:43",1577
"2020-03-01 11:50:04",1577
"2020-03-01 12:50:18",1577
"2020-03-01 13:49:23",1577
"2020-03-01 14:49:18",1577
"2020-03-01 15:52:00",1577
"2020-03-01 16:50:26",1577
"2020-03-01 17:51:46",1577
"2020-03-01 18:52:01",1577
"2020-03-01 19:52:05",1577
"2020-03-01 20:52:00",1577
"2020-03-01 21:49:28",1577
"2020-03-01 22:49:31",1577
"2020-03-01 23:51:56",1577
"2020-03-02 00:49:14",1577
"2020-03-02 01:50:23",1577
"2020-03-02 02:51:52",1577
"2020-03-02 03:52:48",1577
"2020-03-02 04:50:24",1577
"2020-03-02 05:53:20",1577
"2020-03-02 07:50:41",1577
"2020-03-02 08:53:09",1577
"2020-03-02 09:52:43",1577
"2020-03-02 10:51:06",1577
"2020-03-02 11:50:36",1577
"2020-03-02 12:51:28",1577
"2020-03-02 13:53:12",1577
"2020-03-02 18:50:29",1579
"2020-03-03 00:51:31",1590
"2020-03-03 01:51:57",1590
"2020-03-03 02:51:28",1590
"2020-03-03 03:52:22",1590
"2020-03-03 04:53:16",1590
"2020-03-03 06:54:04",1590
"2020-03-03 07:51:20",1590
"2020-03-03 08:54:03",1590
"2020-03-03 09:54:15",1590
"2020-03-03 10:51:26",1590
"2020-03-03 11:54:58",1590
"2020-03-03 12:51:25",1590
"2020-03-03 13:54:25",1590
"2020-03-03 14:53:21",1590
"2020-03-03 16:55:13",1591
"2020-03-03 17:54:30",1590
"2020-03-03 18:50:43",1590
"2020-03-03 19:50:46",1589
"2020-03-03 20:51:49",1589
"2020-03-03 21:51:30",1587
"2020-03-03 22:55:22",1586
"2020-03-03 23:53:06",1586
"2020-03-04 00:53:59",1586
"2020-03-04 01:53:21",1586
"2020-03-04 02:50:54",1586
"2020-03-04 03:51:25",1586
"2020-03-04 04:53:54",1586
"2020-03-04 05:51:00",1586
"2020-03-04 06:54:00",1586
"2020-03-04 07:51:18",1586
"2020-03-04 08:53:14",1586
"2020-03-04 09:51:11",1586
"2020-03-04 10:50:26",1586
"2020-03-04 11:53:58",1586
"2020-03-04 12:53:42",1586
"2020-03-04 13:52:35",1586
"2020-03-04 14:50:49",1586
"2020-03-04 15:54:14",1587
"2020-03-04 16:50:54",1582
"2020-03-04 17:51:31",1583
"2020-03-04 18:53:15",1583
"2020-03-04 19:58:40",1588
"2020-03-04 20:53:27",1588
"2020-03-04 21:50:32",1588
"2020-03-04 22:53:16",1588
"2020-03-04 23:50:57",1588
"2020-03-05 00:51:10",1588
"2020-03-05 01:51:37",1588
"2020-03-05 02:50:50",1588
"2020-03-05 03:50:57",1588
"2020-03-05 04:51:23",1588
"2020-03-05 05:51:30",1588
"2020-03-05 06:51:05",1588
"2020-03-05 07:50:44",1588
"2020-03-05 08:52:25",1588
"2020-03-05 09:51:28",1588
"2020-03-05 10:50:45",1588
"2020-03-05 11:53:52",1588
"2020-03-05 12:51:24",1588
"2020-03-05 13:51:22",1588
"2020-03-05 14:53:35",1588
"2020-03-05 15:51:39",1586
"2020-03-05 16:53:28",1583
"2020-03-05 17:50:45",1583
"2020-03-05 18:51:03",1581
"2020-03-05 19:50:57",1580
"2020-03-05 20:50:55",1582
"2020-03-05 21:50:42",1583
"2020-03-05 22:53:11",1583
"2020-03-05 23:53:13",1583
"2020-03-06 00:50:47",1583
"2020-03-06 01:50:51",1583
"2020-03-06 02:54:52",1583
"2020-03-06 03:53:18",1583
"2020-03-06 04:53:20",1583
"2020-03-06 05:53:26",1583
"2020-03-06 06:53:59",1583
"2020-03-06 07:53:03",1583
"2020-03-06 08:51:06",1582
"2020-03-06 09:53:25",1582
"2020-03-06 10:50:41",1582
"2020-03-06 11:53:53",1582
"2020-03-06 12:50:56",1582
"2020-03-06 13:50:24",1582
"2020-03-06 14:54:42",1582
"2020-03-06 15:51:46",1578
"2020-03-06 16:51:44",1577
"2020-03-06 17:51:10",1574
"2020-03-06 18:50:40",1573
"2020-03-06 19:51:27",1572
"2020-03-06 20:51:02",1575
"2020-03-06 21:50:40",1576
"2020-03-06 22:50:49",1577
"2020-03-06 23:51:35",1577
"2020-03-07 00:50:37",1577
"2020-03-07 01:51:31",1577
"2020-03-07 02:50:47",1577
"2020-03-07 03:53:54",1577
"2020-03-07 04:54:09",1577
"2020-03-07 05:53:25",1577
"2020-03-07 06:53:12",1577
"2020-03-07 07:51:37",1577
"2020-03-07 08:53:03",1577
"2020-03-07 09:51:02",1577
"2020-03-07 10:51:27",1577
"2020-03-07 11:53:06",1577
"2020-03-07 12:51:31",1577
"2020-03-07 13:50:32",1577
"2020-03-07 14:50:58",1577
"2020-03-07 15:50:33",1577
"2020-03-07 16:50:50",1577
"2020-03-07 17:51:34",1577
"2020-03-07 18:50:56",1577
"2020-03-07 19:50:59",1577
"2020-03-07 20:53:21",1577
"2020-03-07 21:54:15",1577
"2020-03-07 22:53:21",1577
"2020-03-07 23:53:17",1577
"2020-03-08 00:50:48",1577
"2020-03-08 01:51:37",1577
"2020-03-08 02:51:40",1577
"2020-03-08 03:53:28",1577
"2020-03-08 04:53:15",1577
"2020-03-08 05:53:18",1577
"2020-03-08 06:52:10",1577
"2020-03-08 07:53:08",1577
"2020-03-08 08:53:15",1577
"2020-03-08 09:51:29",1577
"2020-03-08 10:53:16",1577
"2020-03-08 11:51:26",1577
"2020-03-08 12:53:58",1577
"2020-03-08 13:54:08",1577
"2020-03-08 14:50:53",1577
"2020-03-08 15:53:19",1577
"2020-03-08 16:50:45",1577
"2020-03-08 17:50:58",1577
"2020-03-08 18:54:19",1577
"2020-03-08 19:52:13",1577
"2020-03-08 20:51:44",1577
"2020-03-08 21:50:43",1577
"2020-03-08 22:53:05",1577
"2020-03-08 23:50:51",1577
"2020-03-09 00:53:49",1577
"2020-03-09 01:50:46",1577
"2020-03-09 02:53:51",1577
"2020-03-09 03:53:35",1577
"2020-03-09 04:53:15",1577
"2020-03-09 05:50:53",1577
"2020-03-09 06:50:39",1577
"2020-03-09 07:50:59",1577
"2020-03-09 08:50:33",1577
"2020-03-09 09:51:15",1577
"2020-03-09 10:53:01",1577
"2020-03-09 11:53:09",1577
"2020-03-09 12:52:13",1577
"2020-03-09 13:50:02",1577
"2020-03-09 14:52:55",1579
"2020-03-09 15:51:19",1576
"2020-03-09 16:50:45",1577
"2020-03-09 17:49:45",1577
"2020-03-09 18:50:01",1576
"2020-03-09 19:50:48",1576
"2020-03-09 20:50:57",1576
"2020-03-09 21:53:15",1576
"2020-03-09 22:53:05",1576
"2020-03-09 23:54:04",1576
"2020-03-10 00:50:33",1576
"2020-03-10 01:53:12",1576
"2020-03-10 02:51:26",1576
"2020-03-10 03:53:53",1576
"2020-03-10 04:51:25",1576
"2020-03-10 06:53:54",1576
"2020-03-10 07:53:41",1576
"2020-03-10 08:50:56",1576
"2020-03-10 09:52:55",1575
"2020-03-10 10:52:39",1575
"2020-03-10 11:53:04",1575
"2020-03-10 12:51:21",1575
"2020-03-10 13:51:52",1575
"2020-03-10 14:54:07",1577
"2020-03-10 15:54:14",1579
"2020-03-10 16:50:35",1580
"2020-03-10 17:53:31",1581
"2020-03-10 18:53:22",1581
"2020-03-10 19:53:34",1581
"2020-03-10 20:56:04",1580
"2020-03-10 21:53:57",1580
"2020-03-10 22:53:07",1580
"2020-03-10 23:51:21",1580
"2020-03-11 00:53:40",1580
"2020-03-11 01:53:47",1580
"2020-03-11 02:54:10",1580
"2020-03-11 03:51:26",1580
"2020-03-11 04:51:41",1580
"2020-03-11 05:53:50",1580
"2020-03-11 06:53:07",1579
"2020-03-11 07:50:40",1579
"2020-03-11 08:51:28",1579
"2020-03-11 09:50:23",1579
"2020-03-11 10:50:39",1579
"2020-03-11 11:53:25",1579
"2020-03-11 12:53:46",1579
"2020-03-11 13:53:24",1579
"2020-03-11 14:51:37",1581
"2020-03-11 15:50:57",1582
"2020-03-11 16:53:55",1582
"2020-03-11 17:51:36",1581
"2020-03-11 18:50:54",1578
"2020-03-11 19:54:09",1578
"2020-03-11 20:54:10",1574
"2020-03-11 21:51:32",1574
"2020-03-11 22:51:40",1574
"2020-03-11 23:52:01",1574
"2020-03-12 00:50:37",1574
"2020-03-12 01:53:26",1574
"2020-03-12 02:51:23",1574
"2020-03-12 03:53:29",1574
"2020-03-12 04:54:00",1574
"2020-03-12 05:51:42",1574
"2020-03-12 06:51:10",1572
"2020-03-12 07:51:24",1572
"2020-03-12 08:53:29",1572
"2020-03-12 09:52:09",1572
"2020-03-12 10:53:14",1572
"2020-03-12 11:53:18",1572
"2020-03-12 12:53:12",1572
"2020-03-12 13:54:23",1573
"2020-03-12 14:50:39",1566
"2020-03-12 15:50:37",1563
"2020-03-12 16:51:00",1561
"2020-03-12 17:50:50",1557
"2020-03-12 18:54:05",1559
"2020-03-12 19:51:46",1559
"2020-03-12 20:50:56",1559
"2020-03-12 21:54:25",1559
"2020-03-12 22:50:46",1559
"2020-03-12 23:53:52",1559
"2020-03-13 00:54:15",1559
"2020-03-13 01:50:40",1559
"2020-03-13 02:53:24",1559
"2020-03-13 03:53:28",1559
"2020-03-13 04:51:28",1559
"2020-03-13 05:52:08",1559
"2020-03-13 06:55:07",1559
"2020-03-13 07:54:38",1559
"2020-03-13 08:54:41",1559
"2020-03-13 09:54:50",1559
"2020-03-13 10:51:29",1559
"2020-03-13 11:53:06",1559
"2020-03-13 13:11:27",1559
"2020-03-13 13:52:18",1559
"2020-03-13 14:51:59",1559
"2020-03-13 15:51:49",1561
"2020-03-13 16:53:34",1561
"2020-03-13 17:53:25",1563
"2020-03-13 18:54:15",1561
"2020-03-13 19:53:36",1563
"2020-03-13 20:51:05",1563
"2020-03-13 21:51:32",1562
"2020-03-13 22:50:50",1562
"2020-03-13 23:53:11",1562
"2020-03-14 00:51:40",1562
"2020-03-14 01:54:02",1562
"2020-03-14 02:53:32",1562
"2020-03-14 03:51:24",1562
"2020-03-14 04:54:10",1562
"2020-03-14 05:53:36",1562
"2020-03-14 06:51:47",1562
"2020-03-14 07:54:03",1562
"2020-03-14 08:53:18",1562
"2020-03-14 09:53:21",1562
"2020-03-14 10:51:13",1562
"2020-03-14 11:51:02",1562
"2020-03-14 12:51:19",1562
"2020-03-14 13:50:48",1562
"2020-03-14 14:53:27",1562
"2020-03-14 15:50:48",1562
"2020-03-14 16:53:16",1562
"2020-03-14 17:51:29",1562
"2020-03-14 18:53:28",1562
"2020-03-14 19:51:43",1562
"2020-03-14 20:53:52",1562
"2020-03-14 21:53:19",1562
"2020-03-14 22:54:14",1562
"2020-03-14 23:53:10",1562
"2020-03-15 00:51:18",1562
"2020-03-15 01:51:30",1562
"2020-03-15 02:54:02",1562
"2020-03-15 03:54:12",1562
"2020-03-15 04:50:57",1562
"2020-03-15 05:54:05",1562
"2020-03-15 06:51:45",1562
"2020-03-15 07:54:15",1562
"2020-03-15 09:04:20",1562
"2020-03-15 09:52:15",1562
"2020-03-15 10:53:00",1562
"2020-03-15 11:54:05",1562
"2020-03-15 12:53:18",1562
"2020-03-15 13:51:00",1562
"2020-03-15 14:52:10",1562
"2020-03-15 15:51:24",1562
"2020-03-15 16:53:14",1562
"2020-03-15 17:51:47",1562
"2020-03-15 18:54:00",1562
"2020-03-15 19:53:25",1562
"2020-03-15 20:51:36",1562
"2020-03-15 21:51:38",1562
"2020-03-15 22:53:25",1562
"2020-03-15 23:53:12",1562
"2020-03-16 00:50:55",1562
"2020-03-16 01:50:55",1562
"2020-03-16 02:50:48",1562
"2020-03-16 03:52:34",1562
"2020-03-16 04:53:25",1562
"2020-03-16 05:54:14",1562
"2020-03-16 06:51:33",1562
"2020-03-16 07:54:01",1562
"2020-03-16 09:02:54",1562
"2020-03-16 09:53:16",1562
"2020-03-16 10:51:33",1562
"2020-03-16 11:53:00",1562
"2020-03-16 13:13:05",1563
"2020-03-16 14:51:28",1566
"2020-03-16 15:53:15",1569
"2020-03-16 16:51:03",1571
"2020-03-16 17:51:38",1571
"2020-03-16 18:51:00",1575
"2020-03-16 19:54:09",1576
"2020-03-16 20:50:46",1573
"2020-03-16 21:51:48",1573
"2020-03-16 22:51:07",1572
"2020-03-16 23:53:39",1572
"2020-03-17 00:53:30",1572
"2020-03-17 01:50:58",1572
"2020-03-17 02:53:26",1572
"2020-03-17 20:14:51",1566
"2020-03-17 20:23:33",1566
"2020-03-17 20:51:44",1566
"2020-03-17 21:51:09",1565
"2020-03-17 22:50:53",1565
"2020-03-17 23:51:20",1565
"2020-03-18 00:51:44",1565
"2020-03-18 01:51:52",1565
"2020-03-18 02:51:48",1565
"2020-03-18 03:52:03",1565
"2020-03-18 04:51:50",1565
"2020-03-18 05:52:04",1565
"2020-03-18 06:51:18",1565
"2020-03-18 07:52:03",1565
"2020-03-18 08:50:33",1565
"2020-03-18 09:51:28",1564
"2020-03-18 10:50:56",1564
"2020-03-18 11:50:57",1564
"2020-03-18 13:12:58",1564
"2020-03-18 13:52:16",1564
"2020-03-18 14:51:26",1562
"2020-03-18 15:51:30",1562
"2020-03-18 16:51:18",1562
"2020-03-18 17:52:02",1566
"2020-03-18 18:51:11",1567
"2020-03-18 19:51:49",1566
"2020-03-18 20:51:11",1565
"2020-03-18 21:51:06",1565
"2020-03-18 22:50:59",1566
"2020-03-18 23:51:33",1566
"2020-03-19 00:51:17",1566
"2020-03-19 01:51:49",1566
"2020-03-19 02:51:00",1566
"2020-03-19 03:50:53",1566
"2020-03-19 04:51:09",1566
"2020-03-19 05:54:10",1566
"2020-03-19 06:51:18",1566
"2020-03-19 07:51:24",1566
"2020-03-19 08:51:00",1566
"2020-03-19 09:51:37",1566
"2020-03-19 10:50:37",1566
"2020-03-19 11:50:52",1566
"2020-03-19 12:50:43",1566
"2020-03-19 13:51:19",1566
"2020-03-19 14:51:21",1568
"2020-03-19 15:51:21",1567
"2020-03-19 16:51:21",1567
"2020-03-19 17:51:17",1567
"2020-03-19 18:50:52",1568
"2020-03-19 19:51:33",1570
"2020-03-19 20:52:04",1569
"2020-03-19 21:51:40",1569
"2020-03-19 22:51:01",1569
"2020-03-19 23:52:27",1569
"2020-03-20 00:50:58",1569
"2020-03-20 01:50:53",1569
"2020-03-20 02:52:41",1569
"2020-03-20 03:51:13",1569
"2020-03-20 04:51:19",1569
"2020-03-20 06:51:49",1569
"2020-03-20 07:51:20",1567
"2020-03-20 08:52:33",1567
"2020-03-20 09:51:46",1567
"2020-03-20 10:51:09",1567
"2020-03-20 11:50:58",1567
"2020-03-20 13:11:51",1567
"2020-03-20 13:52:12",1567
"2020-03-20 14:51:15",1566
"2020-03-20 15:51:04",1567
"2020-03-20 16:51:10",1566
"2020-03-20 17:51:14",1567
"2020-03-20 18:51:00",1565
"2020-03-20 19:51:20",1564
"2020-03-20 20:51:14",1562
"2020-03-20 21:50:53",1562
"2020-03-20 22:51:53",1561
"2020-03-20 23:52:01",1561
"2020-03-21 00:51:23",1561
"2020-03-21 01:51:10",1561
"2020-03-21 02:51:47",1561
"2020-03-21 03:51:53",1561
"2020-03-21 04:50:56",1561
"2020-03-21 05:50:51",1561
"2020-03-21 06:51:05",1561
"2020-03-21 07:51:35",1561
"2020-03-21 09:14:18",1561
"2020-03-21 09:51:05",1561
"2020-03-21 10:51:10",1561
"2020-03-21 11:51:26",1561
"2020-03-21 12:50:49",1561
"2020-03-21 13:50:59",1561
"2020-03-21 14:52:19",1561
"2020-03-21 15:51:45",1561
"2020-03-21 16:51:33",1561
"2020-03-21 17:52:06",1561
"2020-03-21 18:51:13",1561
"2020-03-21 19:51:17",1561
"2020-03-21 20:50:46",1561
"2020-03-21 21:51:15",1561
"2020-03-21 22:50:56",1561
"2020-03-21 23:51:01",1561
"2020-03-22 00:50:49",1561
"2020-03-22 01:51:40",1561
"2020-03-22 02:50:56",1561
"2020-03-22 03:52:10",1561
"2020-03-22 04:51:17",1561
"2020-03-22 05:51:17",1561
"2020-03-22 06:51:47",1561
"2020-03-22 07:51:41",1561
"2020-03-22 09:18:32",1561
"2020-03-22 09:51:06",1561
"2020-03-22 10:51:36",1561
"2020-03-22 11:50:51",1561
"2020-03-22 12:51:36",1561
"2020-03-22 22:01:00",1561
"2020-03-22 22:51:48",1561
"2020-03-22 23:51:12",1561
"2020-03-23 00:52:48",1561
"2020-03-23 01:51:48",1561
"2020-03-23 02:50:53",1561
"2020-03-23 03:51:06",1561
"2020-03-23 04:51:57",1561
"2020-03-23 05:51:42",1561
"2020-03-23 06:51:32",1561
"2020-03-23 07:51:07",1561
"2020-03-23 08:51:10",1561
"2020-03-23 09:51:50",1561
"2020-03-23 10:51:06",1561
"2020-03-23 11:51:43",1561
"2020-03-23 13:11:19",1561
"2020-03-23 13:51:32",1561
"2020-03-23 14:51:51",1562
"2020-03-23 15:51:25",1564
"2020-03-23 16:52:05",1561
"2020-03-23 17:51:17",1562
"2020-03-23 18:51:06",1559
"2020-03-23 19:51:45",1559
"2020-03-23 20:51:48",1561
"2020-03-23 21:51:12",1562
"2020-03-23 22:51:11",1562
"2020-03-23 23:51:13",1562
"2020-03-24 00:51:02",1562
"2020-03-24 01:51:03",1562
"2020-03-24 02:50:52",1562
"2020-03-24 03:51:18",1562
"2020-03-24 04:51:45",1562
"2020-03-24 05:54:04",1562
"2020-03-24 06:52:08",1562
"2020-03-24 07:52:18",1559
"2020-03-24 09:12:50",1559
"2020-03-24 09:50:38",1559
"2020-03-24 10:50:44",1559
"2020-03-24 11:50:49",1559
"2020-03-24 12:50:22",1559
"2020-03-24 13:52:54",1558
"2020-03-24 14:53:13",1559
"2020-03-24 15:52:29",1567
"2020-03-24 16:52:33",1565
"2020-03-24 17:51:58",1566
"2020-03-24 18:51:52",1566
"2020-03-24 19:51:22",1565
"2020-03-24 20:50:58",1565
"2020-03-24 21:50:45",1565
"2020-03-24 22:51:46",1565
"2020-03-24 23:51:35",1565
"2020-03-25 00:51:05",1565
"2020-03-25 01:51:13",1565
"2020-03-25 02:50:56",1565
"2020-03-25 03:50:57",1565
"2020-03-25 04:50:36",1565
"2020-03-25 06:52:10",1565
"2020-03-25 07:50:55",1565
"2020-03-25 09:52:41",1565
"2020-03-25 10:51:04",1565
"2020-03-25 11:51:38",1565
"2020-03-25 12:51:40",1565
"2020-03-25 13:52:18",1566
"2020-03-25 14:52:11",1568
"2020-03-25 15:52:37",1568
"2020-03-25 16:52:07",1570
"2020-03-25 17:52:58",1572
"2020-03-25 18:51:09",1572
"2020-03-25 19:51:13",1573
"2020-03-25 20:51:25",1573
"2020-03-25 21:50:52",1574
"2020-03-25 22:50:57",1574
"2020-03-25 23:51:06",1574
"2020-03-26 02:09:44",1574
"2020-03-26 02:51:09",1574
"2020-03-26 03:51:41",1574
"2020-03-26 04:52:41",1574
"2020-03-26 05:51:23",1574
"2020-03-26 06:51:29",1574
"2020-03-26 07:51:29",1574
"2020-03-26 08:50:58",1574
"2020-03-26 09:51:40",1574
"2020-03-26 10:50:46",1574
"2020-03-26 11:51:13",1574
"2020-03-26 12:51:15",1574
"2020-03-26 13:51:22",1576
"2020-03-26 14:51:37",1578
"2020-03-26 15:51:32",1584
"2020-03-26 16:51:16",1587
"2020-03-26 17:51:47",1588
"2020-03-26 18:51:07",1587
"2020-03-26 19:51:09",1587
"2020-03-26 20:51:13",1584
"2020-03-26 21:51:36",1585
"2020-03-26 22:50:58",1585
"2020-03-26 23:51:55",1585
"2020-03-27 00:51:14",1585
"2020-03-27 01:51:29",1585
"2020-03-27 02:51:47",1585
"2020-03-27 03:51:19",1585
"2020-03-27 04:51:35",1585
"2020-03-27 05:51:11",1585
"2020-03-27 06:51:45",1585
"2020-03-27 07:52:05",1585
"2020-03-27 08:54:37",1585
"2020-03-27 09:52:20",1585
"2020-03-27 10:51:24",1585
"2020-03-27 11:50:59",1585
"2020-03-27 12:50:51",1585
"2020-03-27 13:51:49",1585
"2020-03-27 14:51:09",1586
"2020-03-27 15:51:14",1583
"2020-03-27 16:51:36",1584
"2020-03-27 17:51:13",1588
"2020-03-27 18:52:01",1590
"2020-03-27 19:51:13",1590
"2020-03-27 20:51:10",1590
"2020-03-27 21:51:59",1590
"2020-03-27 22:51:12",1590
"2020-03-27 23:51:29",1590
"2020-03-28 00:51:43",1590
"2020-03-28 01:50:44",1590
"2020-03-28 02:50:55",1590
"2020-03-28 03:51:15",1590
"2020-03-28 04:51:03",1590
"2020-03-28 05:52:33",1590
"2020-03-28 06:51:17",1590
"2020-03-28 07:50:42",1590
"2020-03-28 08:51:00",1590
"2020-03-28 09:51:31",1590
"2020-03-28 10:52:00",1590
"2020-03-28 11:51:03",1590
"2020-03-28 12:51:42",1590
"2020-03-28 13:51:41",1590
"2020-03-28 14:51:11",1590
"2020-03-28 15:51:06",1590
"2020-03-28 16:50:53",1590
"2020-03-28 17:51:10",1590
"2020-03-28 18:51:23",1590
"2020-03-28 19:50:54",1590
"2020-03-28 20:51:12",1590
"2020-03-28 21:50:47",1590
"2020-03-28 22:52:22",1590
"2020-03-28 23:51:13",1590
"2020-03-29 00:51:25",1590
"2020-03-29 01:51:45",1590
"2020-03-29 02:52:25",1590
"2020-03-29 03:52:36",1590
"2020-03-29 04:51:42",1590
"2020-03-29 05:51:24",1590
"2020-03-29 06:52:39",1590
"2020-03-29 07:51:32",1590
"2020-03-29 08:51:11",1590
"2020-03-29 09:51:05",1590
"2020-03-29 10:52:02",1590
"2020-03-29 11:51:13",1590
"2020-03-29 12:50:57",1590
"2020-03-29 13:50:57",1590
"2020-03-29 14:50:59",1590
"2020-03-29 15:50:58",1590
"2020-03-29 16:51:11",1590
"2020-03-29 17:51:42",1590
"2020-03-29 18:51:05",1590
"2020-03-29 19:50:59",1590
"2020-03-29 20:50:56",1590
"2020-03-29 21:52:23",1590
"2020-03-29 22:51:14",1590
"2020-03-29 23:51:19",1590
"2020-03-30 00:51:13",1590
"2020-03-30 01:51:05",1590
"2020-03-30 02:52:03",1590
"2020-03-30 03:51:08",1590
"2020-03-30 04:51:57",1590
"2020-03-30 05:50:58",1590
"2020-03-30 06:51:19",1590
"2020-03-30 07:51:53",1590
"2020-03-30 08:51:00",1590
"2020-03-30 09:50:44",1590
"2020-03-30 10:50:53",1590
"2020-03-30 11:50:26",1590
"2020-03-30 12:50:53",1590
"2020-03-30 13:52:09",1590
"2020-03-30 14:51:07",1595
"2020-03-30 15:51:52",1598
"2020-03-30 16:51:18",1602
"2020-03-30 17:51:44",1605
"2020-03-30 18:51:19",1604
"2020-03-30 19:51:55",1603
"2020-03-30 20:51:05",1604
"2020-03-30 21:51:41",1605
"2020-03-30 22:50:54",1605
"2020-03-30 23:50:50",1605
"2020-03-31 00:50:41",1605
"2020-03-31 01:50:59",1605
"2020-03-31 02:50:55",1605
"2020-03-31 03:51:29",1605
"2020-03-31 04:50:58",1605
"2020-03-31 05:51:04",1605
"2020-03-31 06:50:57",1605
"2020-03-31 07:51:09",1605
"2020-03-31 08:51:05",1605
"2020-03-31 09:51:01",1605
"2020-03-31 10:50:58",1605
"2020-03-31 11:51:42",1605
"2020-03-31 13:10:24",1605
"2020-03-31 13:51:19",1605
"2020-03-31 14:52:15",1611
"2020-03-31 15:51:03",1611
"2020-03-31 16:52:13",1608
"2020-03-31 17:51:11",1606
"2020-03-31 18:51:38",1607
"2020-03-31 19:51:00",1606
"2020-03-31 20:51:47",1606
"2020-03-31 21:51:01",1606
"2020-03-31 22:51:09",1606
"2020-03-31 23:50:18",1606
"2020-04-01 00:49:43",1606
"2020-04-01 01:49:45",1606
"2020-04-01 02:49:40",1606
"2020-04-01 03:49:50",1606
"2020-04-01 04:50:15",1606
"2020-04-01 05:50:37",1606
"2020-04-01 06:49:58",1605
"2020-04-01 07:50:33",1605
"2020-04-01 08:49:42",1605
"2020-04-01 09:50:04",1605
"2020-04-01 10:49:21",1605
"2020-04-01 11:50:57",1605
"2020-04-01 13:13:24",1605
"2020-04-01 13:49:45",1605
"2020-04-01 14:50:59",1602
"2020-04-01 15:50:24",1611
"2020-04-01 16:49:28",1612
"2020-04-01 17:49:25",1610
"2020-04-01 18:49:32",1611
"2020-04-01 19:49:42",1613
"2020-04-01 20:49:47",1614
"2020-04-01 21:49:30",1614
"2020-04-01 22:49:30",1615
"2020-04-01 23:50:32",1615
"2020-04-02 00:49:40",1615
"2020-04-02 01:50:27",1615
"2020-04-02 02:49:38",1615
"2020-04-02 03:50:22",1615
"2020-04-02 04:49:42",1615
"2020-04-02 05:49:54",1615
"2020-04-02 06:49:16",1615
"2020-04-02 07:50:24",1615
"2020-04-02 08:51:19",1615
"2020-04-02 09:50:21",1615
"2020-04-02 10:49:46",1615
"2020-04-02 11:49:34",1615
"2020-04-02 13:14:26",1615
"2020-04-02 13:50:36",1615
"2020-04-02 14:49:27",1617
"2020-04-02 15:49:52",1618
"2020-04-02 16:49:19",1618
"2020-04-02 17:49:30",1619
"2020-04-02 19:49:32",1620
"2020-04-02 20:50:11",1622
"2020-04-02 21:51:06",1624
"2020-04-02 22:50:36",1624
"2020-04-02 23:49:30",1624
"2020-04-03 00:49:52",1624
"2020-04-03 01:50:23",1624
"2020-04-03 02:49:45",1624
"2020-04-03 03:49:32",1624
"2020-04-03 04:50:10",1624
"2020-04-03 05:50:25",1624
"2020-04-03 06:49:40",1624
"2020-04-03 08:49:41",1624
"2020-04-03 09:49:41",1624
"2020-04-03 10:50:20",1624
"2020-04-03 11:49:33",1624
"2020-04-03 13:15:26",1624
"2020-04-03 13:49:53",1624
"2020-04-03 14:49:57",1628
"2020-04-03 15:50:28",1627
"2020-04-03 16:50:24",1628
"2020-04-03 17:50:28",1627
"2020-04-03 18:50:29",1625
"2020-04-03 19:49:36",1626
"2020-04-03 20:49:32",1625
"2020-04-03 21:49:51",1626
"2020-04-03 22:50:59",1627
"2020-04-03 23:49:43",1627
"2020-04-04 00:49:28",1627
"2020-04-04 01:50:19",1627
"2020-04-04 02:49:48",1627
"2020-04-04 03:49:52",1627
"2020-04-04 04:50:07",1627
"2020-04-04 05:50:19",1627
"2020-04-04 06:49:29",1627
"2020-04-04 07:50:32",1627
"2020-04-04 08:50:11",1627
"2020-04-04 09:50:08",1627
"2020-04-04 10:49:40",1627
"2020-04-04 11:49:38",1627
"2020-04-04 12:49:37",1627
"2020-04-04 13:49:33",1627
"2020-04-04 14:50:04",1627
"2020-04-04 15:49:23",1627
"2020-04-04 16:49:40",1627
"2020-04-04 17:49:41",1627
"2020-04-04 18:49:33",1627
"2020-04-04 19:49:38",1627
"2020-04-04 20:49:27",1627
"2020-04-04 21:49:32",1627
"2020-04-04 22:50:31",1627
"2020-04-04 23:49:30",1627
"2020-04-05 00:50:50",1627
"2020-04-05 01:50:19",1627
"2020-04-05 02:49:26",1627
"2020-04-05 03:49:41",1627
"2020-04-05 04:50:19",1627
"2020-04-05 05:50:05",1627
"2020-04-05 06:50:13",1627
"2020-04-05 07:49:41",1627
"2020-04-05 08:49:50",1627
"2020-04-05 09:49:34",1627
"2020-04-05 10:50:30",1627
"2020-04-05 11:50:18",1627
"2020-04-05 12:49:29",1627
"2020-04-05 13:50:26",1627
"2020-04-05 14:49:39",1627
"2020-04-05 15:49:25",1627
"2020-04-05 16:50:21",1627
"2020-04-05 17:49:20",1627
"2020-04-05 18:49:43",1627
"2020-04-05 19:49:30",1627
"2020-04-05 20:49:41",1627
"2020-04-05 21:49:47",1627
"2020-04-05 22:50:13",1627
"2020-04-05 23:49:31",1627
"2020-04-06 00:49:27",1627
"2020-04-06 01:49:45",1627
"2020-04-06 02:50:11",1627
"2020-04-06 03:51:07",1627
"2020-04-06 04:49:13",1627
"2020-04-06 05:49:59",1627
"2020-04-06 06:50:01",1627
"2020-04-06 07:49:38",1627
"2020-04-06 08:50:20",1627
"2020-04-06 09:49:31",1627
"2020-04-06 10:49:58",1627
"2020-04-06 11:49:20",1627
"2020-04-06 12:49:56",1627
"2020-04-06 13:49:42",1627
"2020-04-06 14:49:40",1637
"2020-04-06 15:49:41",1636
"2020-04-06 16:49:28",1635
"2020-04-06 17:49:27",1637
"2020-04-06 18:52:53",1638
"2020-04-06 19:50:18",1639
"2020-04-06 20:49:33",1641
"2020-04-06 21:49:22",1641
"2020-04-06 22:49:41",1642
"2020-04-06 23:50:02",1642
"2020-04-07 00:49:42",1642
"2020-04-07 01:49:58",1642
"2020-04-07 02:49:44",1642
"2020-04-07 03:49:30",1642
"2020-04-07 04:49:34",1642
"2020-04-07 05:49:22",1642
"2020-04-07 06:49:55",1642
"2020-04-07 07:49:42",1642
"2020-04-07 08:50:13",1641
"2020-04-07 09:49:29",1641
"2020-04-07 10:49:13",1641
"2020-04-07 11:49:28",1641
"2020-04-07 12:49:29",1641
"2020-04-07 13:49:38",1641
"2020-04-07 14:49:08",1641
"2020-04-07 15:49:23",1632
"2020-04-07 16:49:47",1636
"2020-04-07 17:49:16",1638
"2020-04-07 18:49:21",1637
"2020-04-07 19:49:19",1637
"2020-04-07 20:49:36",1637
"2020-04-07 21:49:46",1637
"2020-04-07 22:49:25",1638
"2020-04-07 23:49:31",1638
"2020-04-08 00:49:43",1638
"2020-04-08 01:49:22",1638
"2020-04-08 02:49:05",1638
"2020-04-08 03:49:45",1638
"2020-04-08 04:49:14",1638
"2020-04-08 06:49:37",1638
"2020-04-08 07:49:52",1638
"2020-04-08 09:11:48",1638
"2020-04-08 09:49:31",1638
"2020-04-08 10:49:24",1638
"2020-04-08 11:49:19",1638
"2020-04-08 12:49:19",1638
"2020-04-08 13:49:29",1637
"2020-04-08 14:49:14",1630
"2020-04-08 15:49:35",1630
"2020-04-08 16:49:20",1628
"2020-04-08 17:49:54",1630
"2020-04-08 18:49:19",1632
"2020-04-08 19:49:50",1628
"2020-04-08 20:49:32",1627
"2020-04-08 21:49:21",1627
"2020-04-08 22:49:12",1628
"2020-04-08 23:49:27",1628
"2020-04-09 00:49:18",1628
"2020-04-09 02:49:26",1628
"2020-04-09 03:49:19",1628
"2020-04-09 04:49:57",1628
"2020-04-09 05:49:34",1628
"2020-04-09 06:50:04",1628
"2020-04-09 07:49:09",1628
"2020-04-09 08:49:14",1628
"2020-04-09 09:49:10",1628
"2020-04-09 10:49:21",1628
"2020-04-09 11:49:21",1628
"2020-04-09 12:49:16",1628
"2020-04-09 13:49:38",1629
"2020-04-09 14:49:37",1628
"2020-04-09 15:49:01",1628
"2020-04-09 16:49:21",1629
"2020-04-09 17:49:20",1630
"2020-04-09 18:48:59",1629
"2020-04-09 19:49:50",1627
"2020-04-09 20:49:19",1627
"2020-04-09 21:49:16",1628
"2020-04-09 22:49:14",1628
"2020-04-09 23:49:11",1628
"2020-04-10 00:49:21",1628
"2020-04-10 01:49:09",1628
"2020-04-10 02:49:29",1628
"2020-04-10 03:49:22",1628
"2020-04-10 04:49:14",1628
"2020-04-10 05:49:32",1628
"2020-04-10 06:49:12",1628
"2020-04-10 07:49:14",1628
"2020-04-10 08:49:32",1628
"2020-04-10 09:49:17",1628
"2020-04-10 10:49:24",1628
"2020-04-10 11:49:22",1628
"2020-04-10 12:49:18",1628
"2020-04-10 13:49:26",1628
"2020-04-10 14:49:41",1628
"2020-04-10 15:49:21",1628
"2020-04-10 16:49:07",1628
"2020-04-10 17:49:18",1628
"2020-04-10 18:49:19",1628
"2020-04-10 19:49:19",1628
"2020-04-10 20:49:54",1628
"2020-04-10 21:48:51",1628
"2020-04-10 22:48:47",1628
"2020-04-10 23:48:50",1628
"2020-04-11 00:48:59",1628
"2020-04-11 01:48:40",1628
"2020-04-11 02:48:49",1628
"2020-04-11 03:48:49",1628
"2020-04-11 04:48:58",1628
"2020-04-11 05:48:44",1628
"2020-04-11 06:48:50",1628
"2020-04-11 07:48:47",1628
"2020-04-11 08:48:37",1628
"2020-04-11 09:48:39",1628
"2020-04-11 10:48:58",1628
"2020-04-11 11:48:38",1628
"2020-04-11 12:48:47",1628
"2020-04-11 13:48:58",1628
"2020-04-11 14:48:38",1628
"2020-04-11 15:49:00",1628
"2020-04-11 16:48:54",1628
"2020-04-11 17:48:54",1628
"2020-04-11 18:48:52",1628
"2020-04-11 19:48:46",1628
"2020-04-11 20:48:37",1628
"2020-04-11 21:48:47",1628
"2020-04-11 22:48:46",1628
"2020-04-11 23:48:48",1628
"2020-04-12 00:49:00",1628
"2020-04-12 01:48:45",1628
"2020-04-12 02:48:46",1628
"2020-04-12 03:48:40",1628
"2020-04-12 04:49:06",1628
"2020-04-12 05:48:53",1628
"2020-04-12 06:48:52",1628
"2020-04-12 07:48:43",1628
"2020-04-12 08:48:45",1628
"2020-04-12 09:48:51",1628
"2020-04-12 10:48:51",1628
"2020-04-12 11:48:42",1628
"2020-04-12 12:48:48",1628
"2020-04-12 13:48:58",1628
"2020-04-12 14:48:50",1628
"2020-04-12 15:48:48",1628
"2020-04-12 16:48:47",1628
"2020-04-12 17:48:38",1628
"2020-04-12 18:48:54",1628
"2020-04-12 19:48:48",1628
"2020-04-12 20:49:11",1628
"2020-04-12 21:48:55",1628
"2020-04-12 22:49:02",1628
"2020-04-12 23:49:11",1628
"2020-04-13 00:49:25",1628
"2020-04-13 01:49:04",1628
"2020-04-13 02:49:09",1628
"2020-04-13 03:49:32",1628
"2020-04-13 04:49:15",1628
"2020-04-13 05:49:11",1628
"2020-04-13 06:48:49",1628
"2020-04-13 07:48:38",1628
"2020-04-13 08:48:51",1628
"2020-04-13 09:48:45",1628
"2020-04-13 10:48:45",1628
"2020-04-13 11:48:57",1628
"2020-04-13 13:12:17",1628
"2020-04-13 13:48:43",1628
"2020-04-13 14:48:42",1634
"2020-04-13 15:48:46",1634
"2020-04-13 16:48:52",1630
"2020-04-13 17:49:06",1634
"2020-04-13 18:48:39",1635
"2020-04-13 19:48:42",1633
"2020-04-13 20:48:50",1632
"2020-04-13 21:48:54",1632
"2020-04-13 22:48:40",1632
"2020-04-13 23:48:52",1632
"2020-04-14 00:49:29",1632
"2020-04-14 01:49:23",1632
"2020-04-14 02:49:14",1632
"2020-04-14 03:49:15",1632
"2020-04-14 04:49:15",1632
"2020-04-14 05:49:23",1632
"2020-04-14 06:49:00",1632
"2020-04-14 07:48:51",1632
"2020-04-14 08:48:54",1632
"2020-04-14 09:48:52",1632
"2020-04-14 10:48:52",1632
"2020-04-14 11:48:52",1632
"2020-04-14 12:48:48",1632
"2020-04-14 13:48:55",1631
"2020-04-14 14:49:08",1630
"2020-04-14 15:49:10",1632
"2020-04-14 16:49:14",1630
"2020-04-14 17:48:39",1626
"2020-04-14 18:49:18",1629
"2020-04-14 19:48:48",1628
"2020-04-14 20:48:46",1627
"2020-04-14 21:48:50",1627
"2020-04-14 22:48:47",1627
"2020-04-14 23:49:07",1627
"2020-04-15 00:49:07",1627
"2020-04-15 01:49:10",1627
"2020-04-15 02:49:05",1627
"2020-04-15 03:49:05",1627
"2020-04-15 04:49:07",1627
"2020-04-15 05:48:44",1627
"2020-04-15 06:48:41",1627
"2020-04-15 07:48:51",1627
"2020-04-15 08:48:55",1627
"2020-04-15 09:48:50",1627
"2020-04-15 10:48:41",1627
"2020-04-15 11:48:40",1627
"2020-04-15 13:15:21",1627
"2020-04-15 14:48:52",1629
"2020-04-15 15:48:43",1626
"2020-04-15 16:49:02",1626
"2020-04-15 17:48:45",1625
"2020-04-15 18:48:49",1629
"2020-04-15 19:49:01",1628
"2020-04-15 20:48:47",1630
"2020-04-15 21:48:58",1630
"2020-04-15 22:48:59",1630
"2020-04-15 23:49:03",1630
"2020-04-16 00:49:10",1630
"2020-04-16 01:49:17",1630
"2020-04-16 02:49:20",1630
"2020-04-16 03:49:20",1630
"2020-04-16 04:49:22",1630
"2020-04-16 05:48:57",1630
"2020-04-16 06:49:13",1630
"2020-04-16 07:48:54",1630
"2020-04-16 08:48:53",1630
"2020-04-16 09:48:44",1630
"2020-04-16 10:48:53",1630
"2020-04-16 11:48:52",1630
"2020-04-16 12:48:52",1630
"2020-04-16 13:48:53",1630
"2020-04-16 14:48:48",1649
"2020-04-16 15:49:19",1659
"2020-04-16 16:49:20",1665
"2020-04-16 17:48:56",1667
"2020-04-16 18:49:15",1670
"2020-04-16 19:48:47",1672
"2020-04-16 20:48:58",1674
"2020-04-16 21:49:23",1675
"2020-04-16 22:48:55",1675
"2020-04-16 23:49:23",1675
"2020-04-17 00:49:11",1675
"2020-04-17 01:49:11",1675
"2020-04-17 02:49:20",1675
"2020-04-17 03:49:01",1675
"2020-04-17 04:48:55",1675
"2020-04-17 05:49:00",1675
"2020-04-17 06:49:01",1675
"2020-04-17 07:49:15",1675
"2020-04-17 08:48:58",1675
"2020-04-17 09:48:53",1675
"2020-04-17 10:48:57",1675
"2020-04-17 11:48:44",1675
"2020-04-17 13:12:20",1675
"2020-04-17 13:49:14",1675
"2020-04-17 14:48:56",1680
"2020-04-17 15:49:03",1678
"2020-04-17 16:48:43",1675
"2020-04-17 17:48:51",1676
"2020-04-17 18:49:19",1675
"2020-04-17 19:49:10",1674
"2020-04-17 20:49:19",1672
"2020-04-17 21:49:14",1672
"2020-04-17 22:49:03",1674
"2020-04-17 23:49:15",1674
"2020-04-18 00:49:13",1674
"2020-04-18 01:49:08",1674
"2020-04-18 02:49:03",1674
"2020-04-18 03:49:03",1674
"2020-04-18 04:49:18",1674
"2020-04-18 05:49:17",1674
"2020-04-18 06:48:54",1674
"2020-04-18 07:48:47",1674
"2020-04-18 08:49:15",1674
"2020-04-18 09:48:38",1674
"2020-04-18 10:48:52",1674
"2020-04-18 11:48:57",1674
"2020-04-18 12:48:40",1674
"2020-04-18 13:49:07",1674
"2020-04-18 14:48:49",1674
"2020-04-18 15:49:00",1674
"2020-04-18 16:48:40",1674
"2020-04-18 17:48:58",1674
"2020-04-18 18:48:57",1674
"2020-04-18 19:48:50",1674
"2020-04-18 20:48:58",1674
"2020-04-18 21:48:48",1674
"2020-04-18 22:49:05",1674
"2020-04-18 23:49:25",1674
"2020-04-19 00:49:26",1674
"2020-04-19 01:49:44",1674
"2020-04-19 02:49:16",1674
"2020-04-19 03:49:19",1674
"2020-04-19 04:49:45",1674
"2020-04-19 05:49:10",1674
"2020-04-19 06:49:17",1674
"2020-04-19 07:49:07",1674
"2020-04-19 08:48:54",1674
"2020-04-19 09:48:52",1674
"2020-04-19 10:48:52",1674
"2020-04-19 11:48:40",1674
"2020-04-19 12:48:44",1674
"2020-04-19 13:49:12",1674
"2020-04-19 14:48:43",1674
"2020-04-19 15:49:01",1674
"2020-04-19 16:49:00",1674
"2020-04-19 17:49:23",1674
"2020-04-19 18:48:54",1674
"2020-04-19 19:48:50",1674
"2020-04-19 20:48:42",1674
"2020-04-19 21:49:34",1674
"2020-04-19 22:49:23",1674
"2020-04-19 23:49:11",1674
"2020-04-20 00:49:35",1674
"2020-04-20 01:49:23",1674
"2020-04-20 02:49:39",1674
"2020-04-20 03:49:39",1674
"2020-04-20 04:49:13",1674
"2020-04-20 05:49:34",1674
"2020-04-20 06:49:18",1674
"2020-04-20 07:48:51",1674
"2020-04-20 08:48:48",1674
"2020-04-20 09:48:49",1674
"2020-04-20 10:48:49",1674
"2020-04-20 11:48:48",1674
"2020-04-20 12:48:49",1674
"2020-04-20 13:48:46",1675
"2020-04-20 14:49:27",1688
"2020-04-20 15:48:56",1685
"2020-04-20 16:49:06",1684
"2020-04-20 17:49:04",1688
"2020-04-20 18:49:17",1692
"2020-04-20 20:50:08",1694
"2020-04-20 21:49:52",1693
"2020-04-20 22:50:22",1694
"2020-04-20 23:49:17",1694
"2020-04-21 00:49:34",1694
"2020-04-21 01:49:20",1694
"2020-04-21 02:49:16",1694
"2020-04-21 03:51:30",1694
"2020-04-21 04:52:06",1694
"2020-04-21 05:52:08",1694
"2020-04-21 06:49:18",1694
"2020-04-21 07:49:04",1694
"2020-04-21 08:49:00",1694
"2020-04-21 09:48:56",1694
"2020-04-21 10:48:54",1694
"2020-04-21 11:48:53",1694
"2020-04-21 12:48:55",1694
"2020-04-21 13:49:30",1694
"2020-04-21 14:49:18",1701
"2020-04-21 15:48:40",1700
"2020-04-21 16:48:39",1700
"2020-04-21 17:49:17",1702
"2020-04-21 18:48:39",1702
"2020-04-21 19:48:50",1701
"2020-04-21 20:49:25",1705
"2020-04-21 21:49:32",1705
"2020-04-21 22:49:25",1705
"2020-04-21 23:48:47",1705
"2020-04-22 00:49:11",1705
"2020-04-22 01:49:24",1705
"2020-04-22 02:49:27",1705
"2020-04-22 03:49:10",1705
"2020-04-22 04:48:46",1705
"2020-04-22 05:48:50",1705
"2020-04-22 06:49:17",1705
"2020-04-22 07:49:05",1705
"2020-04-22 08:48:43",1704
"2020-04-22 09:48:58",1704
"2020-04-22 10:49:31",1704
"2020-04-22 11:48:43",1704
"2020-04-22 12:48:51",1704
"2020-04-22 13:48:40",1704
"2020-04-22 14:49:13",1710
"2020-04-22 15:48:46",1713
"2020-04-22 16:49:23",1715
"2020-04-22 17:49:35",1721
"2020-04-22 18:49:12",1726
"2020-04-22 19:48:49",1728
"2020-04-22 20:48:59",1732
"2020-04-22 21:49:17",1733
"2020-04-22 22:49:10",1731
"2020-04-22 23:49:16",1731
"2020-04-23 00:48:49",1731
"2020-04-23 01:49:12",1731
"2020-04-23 02:49:21",1731
"2020-04-23 03:49:20",1731
"2020-04-23 04:49:05",1731
"2020-04-23 05:48:40",1731
"2020-04-23 06:48:51",1731
"2020-04-23 07:48:57",1731
"2020-04-23 08:48:49",1731
"2020-04-23 09:48:37",1731
"2020-04-23 10:48:49",1731
"2020-04-23 11:49:04",1731
"2020-04-23 12:48:41",1731
"2020-04-23 13:48:41",1731
"2020-04-23 14:48:44",1739
"2020-04-23 15:48:50",1747
"2020-04-23 16:49:16",1789
"2020-04-23 17:48:42",1797
"2020-04-23 18:48:57",1799
"2020-04-23 19:48:44",1806
"2020-04-23 20:49:24",1810
"2020-04-23 21:48:53",1811
"2020-04-23 22:48:47",1811
"2020-04-23 23:48:58",1811
"2020-04-24 00:49:11",1811
"2020-04-24 01:49:43",1811
"2020-04-24 02:48:39",1811
"2020-04-24 03:49:25",1811
"2020-04-24 04:49:09",1811
"2020-04-24 05:48:45",1811
"2020-04-24 06:48:46",1811
"2020-04-24 07:48:39",1811
"2020-04-24 08:49:01",1811
"2020-04-24 09:48:50",1811
"2020-04-24 10:48:47",1811
"2020-04-24 11:48:40",1811
"2020-04-24 13:13:23",1811
"2020-04-24 13:49:19",1811
"2020-04-24 14:48:58",1819
"2020-04-24 15:48:47",1823
"2020-04-24 16:48:50",1816
"2020-04-24 17:48:56",1818
"2020-04-24 18:50:05",1818
"2020-04-24 19:48:50",1819
"2020-04-24 20:49:00",1821
"2020-04-24 21:49:34",1825
"2020-04-24 22:49:34",1825
"2020-04-24 23:49:01",1825
"2020-04-25 00:49:24",1825
"2020-04-25 01:49:28",1825
"2020-04-25 02:49:21",1825
"2020-04-25 03:49:27",1825
"2020-04-25 04:49:23",1825
"2020-04-25 05:49:35",1826
"2020-04-25 06:49:03",1826
"2020-04-25 07:48:51",1826
"2020-04-25 08:49:02",1826
"2020-04-25 09:48:57",1826
"2020-04-25 10:48:45",1826
"2020-04-25 11:48:55",1826
"2020-04-25 12:48:51",1826
"2020-04-25 13:49:12",1826
"2020-04-25 14:48:57",1826
"2020-04-25 15:49:03",1826
"2020-04-25 16:49:09",1826
"2020-04-25 17:49:05",1826
"2020-04-25 18:48:50",1826
"2020-04-25 19:49:03",1826
"2020-04-25 20:48:54",1826
"2020-04-25 21:48:51",1826
"2020-04-25 22:48:58",1826
"2020-04-25 23:49:00",1826
"2020-04-26 00:48:55",1826
"2020-04-26 01:49:20",1826
"2020-04-26 02:49:17",1826
"2020-04-26 03:49:27",1826
"2020-04-26 04:48:48",1826
"2020-04-26 05:49:33",1826
"2020-04-26 06:49:06",1826
"2020-04-26 07:48:59",1826
"2020-04-26 08:48:55",1826
"2020-04-26 09:48:54",1826
"2020-04-26 10:48:47",1826
"2020-04-26 11:49:00",1826
"2020-04-26 12:48:55",1826
"2020-04-26 13:48:43",1826
"2020-04-26 14:48:49",1826
"2020-04-26 15:48:59",1826
"2020-04-26 16:48:57",1826
"2020-04-26 17:48:54",1826
"2020-04-26 18:48:53",1826
"2020-04-26 19:48:44",1826
"2020-04-26 20:48:50",1826
"2020-04-26 21:49:04",1826
"2020-04-26 22:49:16",1826
"2020-04-26 23:49:39",1826
"2020-04-27 00:49:36",1826
"2020-04-27 01:49:35",1826
"2020-04-27 02:49:24",1826
"2020-04-27 03:49:27",1826
"2020-04-27 04:49:30",1826
"2020-04-27 05:49:04",1826
"2020-04-27 06:49:00",1826
"2020-04-27 07:48:48",1826
"2020-04-27 08:49:01",1826
"2020-04-27 09:49:01",1826
"2020-04-27 10:49:02",1826
"2020-04-27 11:48:40",1826
"2020-04-27 12:48:53",1826
"2020-04-27 13:49:38",1827
"2020-04-27 14:49:05",1829
"2020-04-27 15:48:57",1836
"2020-04-27 16:48:41",1834
"2020-04-27 17:48:57",1836
"2020-04-27 18:48:51",1839
"2020-04-27 19:48:50",1841
"2020-04-27 20:48:50",1838
"2020-04-27 21:49:05",1837
"2020-04-27 22:48:49",1838
"2020-04-27 23:49:19",1838
"2020-04-28 00:50:03",1838
"2020-04-28 01:49:01",1838
"2020-04-28 02:49:37",1838
"2020-04-28 03:49:33",1838
"2020-04-28 04:49:24",1838
"2020-04-28 05:48:55",1838
"2020-04-28 06:48:51",1838
"2020-04-28 07:49:32",1838
"2020-04-28 08:49:20",1838
"2020-04-28 09:48:59",1838
"2020-04-28 10:48:41",1838
"2020-04-28 11:48:58",1838
"2020-04-28 12:49:00",1838
"2020-04-28 13:48:54",1837
"2020-04-28 14:49:37",1847
"2020-04-28 15:49:26",1844
"2020-04-28 16:48:46",1845
"2020-04-28 17:48:53",1844
"2020-04-28 18:48:52",1845
"2020-04-28 19:48:51",1844
"2020-04-28 20:48:54",1842
"2020-04-28 21:49:01",1841
"2020-04-28 22:48:43",1841
"2020-04-28 23:49:08",1841
"2020-04-29 00:49:40",1841
"2020-04-29 01:49:40",1841
"2020-04-29 02:49:31",1841
"2020-04-29 03:48:51",1841
"2020-04-29 04:48:57",1841
"2020-04-29 05:48:45",1841
"2020-04-29 06:49:02",1841
"2020-04-29 07:48:59",1841
"2020-04-29 08:48:56",1841
"2020-04-29 09:49:20",1841
"2020-04-29 10:48:58",1841
"2020-04-29 11:48:39",1841
"2020-04-29 13:11:15",1841
"2020-04-29 13:49:00",1841
"2020-04-29 14:48:45",1854
"2020-04-29 15:48:43",1861
"2020-04-29 16:49:01",1863
"2020-04-29 17:49:04",1869
"2020-04-29 18:49:33",1868
"2020-04-29 19:49:37",1870
"2020-04-29 20:48:55",1878
"2020-04-29 21:49:29",1878
"2020-04-29 22:49:35",1882
"2020-04-29 23:49:09",1882
"2020-04-30 00:49:33",1882
"2020-04-30 01:49:38",1882
"2020-04-30 02:50:19",1882
"2020-04-30 03:50:08",1882
"2020-04-30 04:49:20",1882
"2020-04-30 05:49:11",1882
"2020-04-30 06:48:59",1882
"2020-04-30 07:48:57",1881
"2020-04-30 08:49:00",1881
"2020-04-30 09:48:53",1881
"2020-04-30 10:48:42",1881
"2020-04-30 11:49:18",1881
"2020-04-30 12:48:51",1881
"2020-04-30 13:48:51",1881
"2020-04-30 14:49:18",1912
"2020-04-30 15:48:54",1912
"2020-04-30 16:48:50",1922
"2020-04-30 17:52:41",1931
"2020-04-30 18:49:09",1934
"2020-04-30 20:48:55",1943
"2020-04-30 21:49:00",1945
"2020-04-30 22:49:06",1943
"2020-04-30 23:48:58",1943
"2020-05-01 00:49:39",1943
"2020-05-01 01:49:32",1943
"2020-05-01 02:48:57",1943
"2020-05-01 03:48:46",1943
"2020-05-01 04:49:02",1943
"2020-05-01 05:49:08",1943
"2020-05-01 06:49:02",1943
"2020-05-01 07:49:03",1943
"2020-05-01 08:48:55",1943
"2020-05-01 09:48:59",1943
"2020-05-01 10:48:52",1943
"2020-05-01 11:48:51",1943
"2020-05-01 13:12:20",1945
"2020-05-01 13:49:44",1945
"2020-05-01 14:48:48",1945
"2020-05-01 15:48:47",1944
"2020-05-01 16:48:48",1947
"2020-05-01 17:48:48",1952
"2020-05-01 18:48:47",1948
"2020-05-01 19:49:03",1949
"2020-05-01 20:48:57",1948
"2020-05-01 21:49:22",1949
"2020-05-01 22:48:50",1949
"2020-05-01 23:48:49",1949
"2020-05-02 00:48:51",1949
"2020-05-02 01:49:14",1949
"2020-05-02 02:49:04",1949
"2020-05-02 03:49:20",1949
"2020-05-02 04:48:57",1949
"2020-05-02 05:49:14",1950
"2020-05-02 06:48:58",1951
"2020-05-02 07:49:05",1951
"2020-05-02 08:49:02",1951
"2020-05-02 09:48:56",1951
"2020-05-02 10:48:46",1951
"2020-05-02 11:48:58",1951
"2020-05-02 12:48:45",1951
"2020-05-02 13:48:59",1951
"2020-05-02 14:48:58",1951
"2020-05-02 15:49:07",1951
"2020-05-02 16:48:58",1951
"2020-05-02 17:48:55",1951
"2020-05-02 18:49:08",1951
"2020-05-02 19:49:00",1951
"2020-05-02 20:49:15",1951
"2020-05-02 21:48:58",1951
"2020-05-02 22:48:43",1951
"2020-05-02 23:49:25",1951
"2020-05-03 00:48:57",1951
"2020-05-03 01:49:28",1951
"2020-05-03 02:49:24",1951
"2020-05-03 03:49:24",1951
"2020-05-03 04:49:09",1951
"2020-05-03 05:48:52",1951
"2020-05-03 06:48:54",1951
"2020-05-03 07:49:02",1951
"2020-05-03 08:48:57",1951
"2020-05-03 09:49:42",1951
"2020-05-03 10:48:59",1951
"2020-05-03 11:48:57",1951
"2020-05-03 12:48:54",1951
"2020-05-03 13:48:58",1951
"2020-05-03 14:49:05",1951
"2020-05-03 15:49:00",1951
"2020-05-03 16:49:29",1951
"2020-05-03 17:49:37",1951
"2020-05-03 18:48:48",1951
"2020-05-03 19:50:04",1951
"2020-05-03 20:49:32",1951
"2020-05-03 21:49:22",1951
"2020-05-03 22:49:30",1951
"2020-05-03 23:49:33",1951
"2020-05-04 00:49:27",1951
"2020-05-04 01:49:29",1951
"2020-05-04 02:49:30",1951
"2020-05-04 03:49:31",1951
"2020-05-04 04:48:55",1951
"2020-05-04 05:48:56",1951
"2020-05-04 06:49:07",1951
"2020-05-04 09:35:02",1951
"2020-05-04 10:52:24",1951
"2020-05-04 11:00:08",1951
"2020-05-04 11:07:43",1951
"2020-05-04 11:49:10",1951
"2020-05-04 13:11:26",1951
"2020-05-04 13:48:54",1951
"2020-05-04 14:49:05",1951
"2020-05-04 15:48:55",1989
"2020-05-04 16:48:58",1989
"2020-05-04 17:48:55",1993
"2020-05-04 18:49:43",2001
"2020-05-04 19:49:30",2008
"2020-05-04 20:49:26",2013
"2020-05-04 21:49:27",2014
"2020-05-04 22:48:48",2016
"2020-05-04 23:48:52",2016
"2020-05-05 00:48:47",2016
"2020-05-05 01:49:20",2016
"2020-05-05 02:48:45",2016
"2020-05-05 03:49:37",2016
"2020-05-05 04:48:57",2016
"2020-05-05 05:48:57",2016
"2020-05-05 06:48:59",2016
"2020-05-05 07:49:09",2016
"2020-05-05 08:49:23",2016
"2020-05-05 09:48:45",2016
"2020-05-05 10:48:45",2016
"2020-05-05 11:49:20",2016
"2020-05-05 12:49:06",2016
"2020-05-05 13:48:59",2015
"2020-05-05 14:48:58",2023
"2020-05-05 15:48:54",2026
"2020-05-05 16:49:05",2023
"2020-05-05 17:48:52",2029
"2020-05-05 18:48:46",2027
"2020-05-05 19:49:35",2028
"2020-05-05 20:49:05",2025
"2020-05-05 21:48:41",2025
"2020-05-05 22:48:44",2025
"2020-05-05 23:49:31",2025
"2020-05-06 00:49:01",2025
"2020-05-06 01:49:03",2025
"2020-05-06 02:48:53",2025
"2020-05-06 03:48:43",2025
"2020-05-06 04:49:02",2025
"2020-05-06 05:48:56",2025
"2020-05-06 06:48:45",2025
"2020-05-06 17:49:29",2019
"2020-05-06 18:49:36",2016
"2020-05-06 19:48:49",2013
"2020-05-06 20:49:26",2012
"2020-05-06 21:49:27",2013
"2020-05-06 22:49:35",2015
"2020-05-06 23:49:38",2015
"2020-05-07 00:49:01",2015
"2020-05-07 01:49:07",2015
"2020-05-07 02:48:41",2015
"2020-05-07 03:49:00",2015
"2020-05-07 04:49:06",2015
"2020-05-07 05:48:49",2015
"2020-05-07 06:48:59",2015
"2020-05-07 08:49:04",2015
"2020-05-07 09:48:55",2015
"2020-05-07 10:49:22",2015
"2020-05-07 11:49:04",2015
"2020-05-07 12:49:01",2015
"2020-05-07 13:49:11",2016
"2020-05-07 14:49:22",2020
"2020-05-07 15:48:54",2019
"2020-05-07 16:49:04",2021
"2020-05-07 17:48:53",2022
"2020-05-07 18:48:45",2026
"2020-05-07 19:49:49",2023
"2020-05-07 20:48:44",2024
"2020-05-07 21:48:42",2024
"2020-05-07 22:48:42",2024
"2020-05-07 23:49:01",2024
"2020-05-08 00:48:53",2024
"2020-05-08 01:48:42",2024
"2020-05-08 02:48:51",2024
"2020-05-08 03:49:01",2024
"2020-05-08 04:48:46",2024
"2020-05-08 05:48:47",2024
"2020-05-08 06:48:48",2024
"2020-05-08 07:48:57",2024
"2020-05-08 08:49:10",2024
"2020-05-08 09:48:56",2024
"2020-05-08 10:48:53",2024
"2020-05-08 11:49:01",2024
"2020-05-08 13:11:19",2024
"2020-05-08 13:49:11",2024
"2020-05-08 14:48:58",2029
"2020-05-08 15:48:59",2032
"2020-05-08 16:49:31",2034
"2020-05-08 17:49:33",2032
"2020-05-08 18:49:02",2036
"2020-05-08 19:48:49",2036
"2020-05-08 20:49:02",2035
"2020-05-08 21:48:56",2036
"2020-05-08 22:49:06",2036
"2020-05-08 23:48:57",2036
"2020-05-09 00:48:52",2036
"2020-05-09 01:49:09",2036
"2020-05-09 02:48:58",2036
"2020-05-09 03:49:44",2036
"2020-05-09 04:48:54",2036
"2020-05-09 05:49:01",2037
"2020-05-09 06:49:11",2037
"2020-05-09 07:48:50",2037
"2020-05-09 08:49:13",2037
"2020-05-09 09:48:58",2037
"2020-05-09 10:48:58",2037
"2020-05-09 11:48:46",2037
"2020-05-09 12:48:50",2037
"2020-05-09 13:48:55",2037
"2020-05-09 14:48:48",2037
"2020-05-09 15:48:58",2037
"2020-05-09 16:48:46",2037
"2020-05-09 17:48:58",2037
"2020-05-09 18:48:59",2037
"2020-05-09 19:48:55",2037
"2020-05-09 20:48:49",2037
"2020-05-09 21:49:08",2037
"2020-05-09 22:49:00",2037
"2020-05-09 23:48:51",2037
"2020-05-10 00:49:26",2037
"2020-05-10 01:48:51",2037
"2020-05-10 02:49:36",2037
"2020-05-10 03:49:04",2037
"2020-05-10 04:49:07",2037
"2020-05-10 05:49:15",2037
"2020-05-10 06:48:57",2037
"2020-05-10 07:49:09",2037
"2020-05-10 08:48:59",2037
"2020-05-10 09:49:03",2037
"2020-05-10 10:49:02",2037
"2020-05-10 11:49:09",2037
"2020-05-10 12:48:55",2037
"2020-05-10 13:49:06",2037
"2020-05-10 14:48:48",2037
"2020-05-10 15:48:59",2037
"2020-05-10 16:48:54",2037
"2020-05-10 17:48:52",2037
"2020-05-10 18:49:04",2037
"2020-05-10 19:48:55",2037
"2020-05-10 20:49:11",2037
"2020-05-10 21:48:56",2037
"2020-05-10 22:48:59",2037
"2020-05-10 23:49:01",2037
"2020-05-11 00:49:01",2037
"2020-05-11 01:48:48",2037
"2020-05-11 02:49:01",2037
"2020-05-11 03:49:40",2037
"2020-05-11 04:48:58",2037
"2020-05-11 05:48:54",2037
"2020-05-11 06:48:59",2037
"2020-05-11 07:49:10",2037
"2020-05-11 08:49:17",2037
"2020-05-11 09:48:55",2037
"2020-05-11 10:48:57",2037
"2020-05-11 11:48:47",2037
"2020-05-11 13:10:18",2039
"2020-05-11 13:49:11",2039
"2020-05-11 14:49:03",2055
"2020-05-11 15:49:35",2052
"2020-05-11 16:49:03",2050
"2020-05-11 17:49:05",2051
"2020-05-11 18:49:02",2049
"2020-05-11 19:48:51",2046
"2020-05-11 20:48:54",2046
"2020-05-11 21:48:57",2046
"2020-05-11 22:48:41",2046
"2020-05-11 23:49:10",2046
"2020-05-12 00:49:00",2046
"2020-05-12 01:49:01",2046
"2020-05-12 02:48:53",2046
"2020-05-12 03:48:46",2046
"2020-05-12 04:48:54",2046
"2020-05-12 05:48:50",2046
"2020-05-12 06:49:05",2046
"2020-05-12 07:48:53",2046
"2020-05-12 08:48:53",2046
"2020-05-12 09:50:15",2046
"2020-05-12 10:49:04",2046
"2020-05-12 11:48:45",2046
"2020-05-12 13:16:19",2046
"2020-05-12 17:48:46",2057
"2020-05-12 18:48:48",2057
"2020-05-12 19:49:21",2059
"2020-05-12 20:49:24",2054
"2020-05-12 21:49:07",2054
"2020-05-12 22:48:46",2055
"2020-05-12 23:48:46",2055
"2020-05-13 00:49:21",2055
"2020-05-13 01:48:59",2055
"2020-05-13 02:49:31",2055
"2020-05-13 03:49:24",2055
"2020-05-13 06:48:52",2055
"2020-05-13 07:49:17",2055
"2020-05-13 08:49:16",2055
"2020-05-13 09:48:44",2055
"2020-05-13 10:48:52",2055
"2020-05-13 11:48:46",2055
"2020-05-13 12:48:47",2055
"2020-05-13 13:49:16",2055
"2020-05-13 14:48:47",2052
"2020-05-13 15:48:56",2043
"2020-05-13 16:49:20",2040
"2020-05-13 17:48:50",2036
"2020-05-13 18:49:12",2036
"2020-05-13 19:48:52",2037
"2020-05-13 20:48:48",2036
"2020-05-13 21:48:48",2036
"2020-05-13 22:48:54",2036
"2020-05-13 23:49:00",2036
"2020-05-14 00:49:20",2036
"2020-05-14 01:48:55",2036
"2020-05-14 02:48:48",2036
"2020-05-14 03:48:58",2036
"2020-05-14 04:48:49",2036
"2020-05-14 05:48:55",2036
"2020-05-14 06:49:07",2036
"2020-05-14 07:48:53",2036
"2020-05-14 08:49:08",2036
"2020-05-14 09:48:47",2036
"2020-05-14 10:48:58",2036
"2020-05-14 11:49:05",2036
"2020-05-14 12:48:56",2036
"2020-05-14 13:49:02",2036
"2020-05-14 14:48:59",2031
"2020-05-14 15:48:54",2034
"2020-05-14 16:48:42",2035
"2020-05-14 17:48:46",2039
"2020-05-14 18:49:11",2040
"2020-05-14 19:49:08",2041
"2020-05-14 20:48:47",2044
"2020-05-14 21:48:54",2044
"2020-05-14 22:49:14",2046
"2020-05-14 23:49:03",2046
"2020-05-15 00:49:19",2046
"2020-05-15 01:49:17",2046
"2020-05-15 02:49:27",2046
"2020-05-15 03:49:27",2045
"2020-05-15 04:49:28",2045
"2020-05-15 05:48:56",2045
"2020-05-15 06:49:19",2045
"2020-05-15 07:48:46",2045
"2020-05-15 08:49:01",2045
"2020-05-15 09:49:07",2045
"2020-05-15 10:48:48",2045
"2020-05-15 11:48:53",2045
"2020-05-15 12:48:49",2045
"2020-05-15 13:48:58",2045
"2020-05-15 14:48:45",2050
"2020-05-15 15:48:54",2055
"2020-05-15 16:48:43",2054
"2020-05-15 17:49:08",2058
"2020-05-15 18:48:47",2069
"2020-05-15 19:49:02",2075
"2020-05-15 20:48:55",2079
"2020-05-15 21:48:58",2077
"2020-05-15 22:48:44",2077
"2020-05-15 23:48:42",2077
"2020-05-16 00:49:18",2077
"2020-05-16 01:49:08",2077
"2020-05-16 02:49:40",2077
"2020-05-16 03:49:08",2077
"2020-05-16 04:48:53",2077
"2020-05-16 05:48:52",2077
"2020-05-16 06:49:31",2077
"2020-05-16 07:49:26",2077
"2020-05-16 08:48:53",2077
"2020-05-16 09:49:05",2077
"2020-05-16 10:48:48",2077
"2020-05-16 11:48:44",2077
"2020-05-16 12:49:00",2077
"2020-05-16 13:48:53",2077
"2020-05-16 14:48:46",2077
"2020-05-16 15:48:58",2077
"2020-05-16 16:48:52",2077
"2020-05-16 17:48:48",2077
"2020-05-16 18:48:54",2077
"2020-05-16 19:48:49",2077
"2020-05-16 20:48:58",2077
"2020-05-16 21:48:55",2077
"2020-05-16 22:48:58",2077
"2020-05-16 23:48:57",2077
"2020-05-17 00:49:13",2077
"2020-05-17 01:49:04",2077
"2020-05-18 10:03:30",2077
"2020-05-18 10:05:18",2077
"2020-05-18 10:05:42",2077
"2020-05-18 10:06:08",2077
"2020-05-18 10:06:13",2077
"2020-05-18 10:15:06",2077
"2020-05-18 10:15:29",2077
"2020-05-18 10:15:50",2077
"2020-05-18 10:16:14",2077
"2020-05-18 10:20:44",2077
"2020-05-18 10:20:47",2077
"2020-05-18 10:21:45",2077
"2020-05-18 10:22:13",2077
"2020-05-18 10:26:07",2077
"2020-05-18 10:26:47",2077
"2020-05-18 10:26:55",2077
"2020-05-18 10:28:14",2077
"2020-05-18 10:31:57",2077
"2020-05-18 10:37:11",2077
"2020-05-18 10:42:53",2077
"2020-05-18 11:00:45",2077
"2020-05-18 11:05:18",2077
"2020-05-18 11:14:57",2077
"2020-05-18 11:20:16",2077
"2020-05-18 11:23:24",2077
"2020-05-18 11:29:39",2077
"2020-05-18 11:30:00",2077
"2020-05-18 11:33:34",2077
"2020-05-18 11:38:15",2077
"2020-05-18 11:39:21",2077
"2020-05-18 11:47:59",2077
"2020-05-18 11:55:35",2077
"2020-05-18 12:03:12",2077
"2020-05-18 12:10:49",2077
"2020-05-18 13:10:48",2076
"2020-05-18 13:49:02",2076
"2020-05-18 14:48:54",2073
"2020-05-18 15:49:37",2068
"2020-05-18 16:49:50",2067
"2020-05-18 17:48:53",2066
"2020-05-18 18:49:30",2072
"2020-05-18 19:49:24",2077
"2020-05-18 20:49:00",2083
"2020-05-18 21:49:28",2083
"2020-05-18 22:49:36",2082
"2020-05-18 23:49:39",2082
"2020-05-19 01:48:48",2082
"2020-05-19 02:49:09",2082
"2020-05-19 03:49:04",2082
"2020-05-19 04:48:56",2081
"2020-05-19 05:49:03",2081
"2020-05-19 06:49:01",2081
"2020-05-19 07:49:03",2081
"2020-05-19 08:49:17",2081
"2020-05-19 09:49:47",2081
"2020-05-19 10:49:00",2081
"2020-05-19 11:49:19",2081
"2020-05-19 13:11:21",2083
"2020-05-19 13:49:04",2083
"2020-05-19 14:48:54",2083
"2020-05-19 15:48:50",2086
"2020-05-19 16:49:03",2091
"2020-05-19 17:48:51",2091
"2020-05-19 18:49:02",2091
"2020-05-19 19:49:00",2092
"2020-05-19 20:49:06",2092
"2020-05-19 21:49:06",2091
"2020-05-19 22:49:24",2091
"2020-05-19 23:48:58",2091
"2020-05-20 00:49:32",2091
"2020-05-20 01:49:42",2091
"2020-05-20 02:49:33",2091
"2020-05-20 03:49:34",2091
"2020-05-20 04:49:08",2091
"2020-05-20 05:48:59",2091
"2020-05-20 06:48:54",2091
"2020-05-20 07:49:14",2091
"2020-05-20 08:48:53",2091
"2020-05-20 09:49:03",2091
"2020-05-20 10:48:52",2091
"2020-05-20 11:48:53",2091
"2020-05-20 12:48:48",2091
"2020-05-20 13:49:03",2091
"2020-05-20 14:48:53",2092
"2020-05-20 15:49:42",2093
"2020-05-20 16:48:52",2093
"2020-05-20 17:49:32",2094
"2020-05-20 18:49:00",2094
"2020-05-20 19:49:00",2096
"2020-05-20 20:48:49",2093
"2020-05-20 21:49:04",2093
"2020-05-20 22:48:43",2093
"2020-05-20 23:48:55",2093
"2020-05-21 00:49:31",2093
"2020-05-21 01:48:48",2093
"2020-05-21 02:49:00",2093
"2020-05-21 03:49:00",2093
"2020-05-21 04:48:52",2093
"2020-05-21 05:48:57",2093
"2020-05-21 06:48:59",2093
"2020-05-21 07:49:04",2093
"2020-05-21 08:49:04",2093
"2020-05-21 09:48:49",2093
"2020-05-21 10:48:57",2093
"2020-05-21 11:49:01",2093
"2020-05-21 12:48:56",2093
"2020-05-21 13:49:02",2093
"2020-05-21 14:49:03",2096
"2020-05-21 15:48:51",2097
"2020-05-21 16:49:14",2099
"2020-05-21 17:49:05",2101
"2020-05-21 18:49:01",2100
"2020-05-21 19:48:50",2101
"2020-05-21 20:49:01",2100
"2020-05-21 21:49:03",2100
"2020-05-21 22:49:06",2100
"2020-05-21 23:49:32",2100
"2020-05-22 00:50:33",2100
"2020-05-22 01:49:03",2100
"2020-05-22 02:49:04",2100
"2020-05-22 03:49:40",2100
"2020-05-22 04:49:04",2100
"2020-05-22 05:49:09",2100
"2020-05-22 06:48:56",2100
"2020-05-22 07:49:01",2100
"2020-05-22 08:49:19",2100
"2020-05-22 09:49:04",2100
"2020-05-22 10:48:59",2100
"2020-05-22 11:48:56",2100
"2020-05-22 12:49:02",2100
"2020-05-22 13:49:10",2100
"2020-05-22 14:48:53",2111
"2020-05-22 15:48:54",2111
"2020-05-22 16:48:59",2111
"2020-05-22 17:48:58",2110
"2020-05-22 18:49:29",2108
"2020-05-22 19:48:56",2107
"2020-05-22 20:48:47",2105
"2020-05-22 21:48:50",2105
"2020-05-22 22:48:56",2104
"2020-05-22 23:48:49",2104
"2020-05-23 00:49:01",2104
"2020-05-23 01:48:52",2104
"2020-05-23 02:49:10",2104
"2020-05-23 03:49:01",2104
"2020-05-23 04:49:15",2104
"2020-05-23 05:48:58",2104
"2020-05-23 06:49:11",2104
"2020-05-23 07:49:11",2104
"2020-05-23 08:49:11",2104
"2020-05-23 09:49:03",2104
"2020-05-23 10:48:53",2104
"2020-05-23 11:49:14",2104
"2020-05-23 12:48:58",2104
"2020-05-23 13:49:05",2104
"2020-05-23 14:49:00",2104
"2020-05-23 15:48:51",2104
"2020-05-23 16:49:10",2104
"2020-05-23 17:49:02",2104
"2020-05-23 18:49:13",2104
"2020-05-23 19:48:56",2104
"2020-05-23 20:48:47",2104
"2020-05-23 21:48:50",2104
"2020-05-23 22:48:58",2104
"2020-05-23 23:48:56",2104
"2020-05-24 00:49:10",2104
"2020-05-24 01:49:12",2104
"2020-05-24 02:48:51",2104
"2020-05-24 03:48:58",2104
"2020-05-24 04:49:00",2104
"2020-05-24 05:48:51",2104
"2020-05-24 06:48:55",2104
"2020-05-24 07:48:53",2104
"2020-05-24 08:49:04",2104
"2020-05-24 09:48:50",2104
"2020-05-24 10:49:10",2104
"2020-05-24 11:49:03",2104
"2020-05-24 12:48:57",2104
"2020-05-24 13:49:07",2104
"2020-05-24 14:49:01",2104
"2020-05-24 15:48:47",2104
"2020-05-24 16:49:09",2104
"2020-05-24 17:49:04",2104
"2020-05-24 18:49:08",2104
"2020-05-24 19:49:02",2104
"2020-05-24 20:49:01",2104
"2020-05-24 21:49:17",2104
"2020-05-24 22:49:06",2104
"2020-05-24 23:48:49",2104
"2020-05-25 00:48:53",2104
"2020-05-25 01:49:17",2104
"2020-05-25 02:49:03",2104
"2020-05-25 03:49:23",2104
"2020-05-25 04:48:57",2104
"2020-05-25 06:50:19",2104
"2020-05-25 07:49:05",2104
"2020-05-25 08:49:13",2104
"2020-05-25 09:49:02",2104
"2020-05-25 10:48:57",2104
"2020-05-25 11:49:13",2104
"2020-05-25 12:48:58",2104
"2020-05-25 13:48:49",2104
"2020-05-25 14:49:10",2104
"2020-05-25 15:48:56",2104
"2020-05-25 16:48:45",2104
"2020-05-25 17:48:57",2104
"2020-05-25 18:48:58",2104
"2020-05-25 19:49:05",2104
"2020-05-25 20:49:04",2104
"2020-05-25 21:48:47",2104
"2020-05-25 22:48:46",2104
"2020-05-25 23:48:48",2104
"2020-05-26 00:49:02",2104
"2020-05-26 01:48:49",2104
"2020-05-26 02:48:46",2104
"2020-05-26 03:49:03",2104
"2020-05-26 04:49:10",2104
"2020-05-26 05:48:55",2104
"2020-05-26 06:49:01",2104
"2020-05-26 07:49:07",2104
"2020-05-26 08:49:09",2104
"2020-05-26 09:49:00",2104
"2020-05-26 10:48:57",2104
"2020-05-26 11:49:04",2104
"2020-05-26 12:48:55",2104
"2020-05-26 13:49:04",2103
"2020-05-26 14:48:59",2108
"2020-05-26 15:48:54",2108
"2020-05-26 16:48:52",2105
"2020-05-26 17:48:59",2101
"2020-05-26 18:48:49",2098
"2020-05-26 19:48:52",2095
"2020-05-26 20:49:00",2097
"2020-05-26 21:49:17",2096
"2020-05-26 22:48:51",2096
"2020-05-26 23:48:53",2096
"2020-05-27 00:49:44",2096
"2020-05-27 01:48:50",2096
"2020-05-27 02:48:53",2096
"2020-05-27 03:48:57",2096
"2020-05-27 04:48:59",2096
"2020-05-27 05:48:54",2096
"2020-05-27 06:49:05",2096
"2020-05-27 07:49:02",2096
"2020-05-27 08:48:54",2096
"2020-05-27 09:48:49",2096
"2020-05-27 10:48:53",2096
"2020-05-27 11:48:46",2096
"2020-05-27 13:11:50",2096
"2020-05-27 13:49:15",2096
"2020-05-27 14:49:01",2097
"2020-05-27 15:48:49",2100
"2020-05-27 16:48:52",2110
"2020-05-27 17:48:49",2110
"2020-05-27 18:48:48",2114
"2020-05-27 19:49:04",2117
"2020-05-27 20:48:58",2118
"2020-05-27 21:48:53",2118
"2020-05-27 22:48:55",2117
"2020-05-27 23:48:51",2117
"2020-05-28 00:49:02",2117
"2020-05-28 01:49:08",2117
"2020-05-28 02:48:54",2117
"2020-05-28 03:48:55",2117
"2020-05-28 04:48:56",2117
"2020-05-28 05:48:50",2116
"2020-05-28 06:48:56",2116
"2020-05-28 07:49:11",2116
"2020-05-28 08:49:05",2116
"2020-05-28 09:48:52",2116
"2020-05-28 10:49:09",2116
"2020-05-28 11:49:13",2116
"2020-05-28 13:12:25",2117
"2020-05-28 13:49:04",2117
"2020-05-28 14:49:10",2116
"2020-05-28 15:49:03",2115
"2020-05-28 16:49:19",2115
"2020-05-28 17:48:59",2116
"2020-05-28 18:48:59",2117
"2020-05-28 19:48:55",2117
"2020-05-28 20:49:16",2116
"2020-05-28 21:49:21",2115
"2020-05-28 22:48:57",2115
"2020-05-28 23:49:19",2115
"2020-05-29 00:49:05",2115
"2020-05-29 01:49:05",2115
"2020-05-29 02:49:42",2115
"2020-05-29 03:48:59",2115
"2020-05-29 04:49:07",2115
"2020-05-29 05:49:18",2115
"2020-05-29 06:49:18",2115
"2020-05-29 07:49:26",2115
"2020-05-29 08:49:14",2115
"2020-05-29 09:54:50",2115
"2020-05-29 10:49:07",2115
"2020-05-29 11:49:03",2115
"2020-05-29 12:49:38",2115
"2020-05-29 13:49:17",2115
"2020-05-29 14:49:04",2120
"2020-05-29 15:49:00",2121
"2020-05-29 16:48:51",2121
"2020-05-29 17:49:07",2127
"2020-05-29 18:49:09",2130
"2020-05-29 19:49:02",2129
"2020-05-29 20:49:19",2130
"2020-05-29 21:48:58",2127
"2020-05-29 22:49:02",2127
"2020-05-29 23:49:15",2127
"2020-05-30 00:48:56",2127
"2020-05-30 01:48:51",2127
"2020-05-30 02:49:00",2127
"2020-05-30 03:49:04",2127
"2020-05-30 04:48:58",2127
"2020-05-30 05:49:04",2127
"2020-05-30 06:49:07",2127
"2020-05-30 07:49:37",2127
"2020-05-30 09:31:00",2127
"2020-05-30 09:48:57",2127
"2020-05-30 10:49:07",2127
"2020-05-30 11:49:04",2127
"2020-05-30 12:49:01",2127
"2020-05-30 13:49:01",2127
"2020-05-30 14:48:53",2127
"2020-05-30 15:48:57",2127
"2020-05-30 16:49:20",2127
"2020-05-30 17:49:03",2127
"2020-05-30 18:49:00",2127
"2020-05-30 19:49:10",2127
"2020-05-30 20:48:57",2127
"2020-05-30 21:49:10",2127
"2020-05-30 22:48:59",2127
"2020-05-30 23:49:11",2127
"2020-05-31 00:49:09",2127
"2020-05-31 01:49:12",2127
"2020-05-31 02:49:06",2127
"2020-05-31 03:49:05",2127
"2020-05-31 04:48:58",2127
"2020-05-31 05:49:10",2127
"2020-05-31 06:49:08",2127
"2020-05-31 07:49:11",2127
"2020-05-31 09:32:55",2127
"2020-05-31 09:49:01",2127
"2020-05-31 13:14:57",2127
"2020-05-31 13:22:36",2127
"2020-05-31 13:24:04",2127
"2020-06-01 05:24:14",2127
"2020-06-01 05:40:57",2127
"2020-06-01 05:41:02",2127
"2020-06-01 05:41:40",2127
"2020-06-01 05:55:21",2127
"2020-06-01 05:55:27",2127
"2020-06-01 06:07:08",2127
"2020-06-01 06:10:11",2127
"2020-06-01 06:16:39",2127
"2020-06-01 06:20:46",2127
"2020-06-01 06:22:46",2127
"2020-06-01 06:23:59",2127
"2020-06-01 06:30:34",2127
"2020-06-01 06:32:48",2127
"2020-06-01 06:34:07",2127
"2020-06-01 06:41:26",2127
"2020-06-01 06:49:01",2127
"2020-06-01 06:56:38",2127
"2020-06-01 07:49:03",2127
"2020-06-01 08:49:19",2127
"2020-06-01 09:49:23",2127
"2020-06-01 10:48:57",2127
"2020-06-01 11:49:01",2127
"2020-06-01 13:10:26",2127
"2020-06-01 13:49:59",2127
"2020-06-01 14:49:08",2138
"2020-06-01 15:49:03",2143
"2020-06-01 16:49:44",2145
"2020-06-01 17:49:38",2140
"2020-06-01 18:49:34",2142
"2020-06-01 19:49:10",2142
"2020-06-01 20:49:06",2141
"2020-06-01 21:49:01",2141
"2020-06-01 22:48:54",2141
"2020-06-01 23:49:07",2141
"2020-06-02 00:49:08",2141
"2020-06-02 01:48:55",2141
"2020-06-02 02:48:54",2141
"2020-06-02 03:49:03",2141
"2020-06-02 04:49:00",2141
"2020-06-02 05:49:04",2141
"2020-06-02 06:49:16",2141
"2020-06-02 07:49:07",2141
"2020-06-02 08:49:16",2141
"2020-06-02 09:49:00",2141
"2020-06-02 10:49:14",2141
"2020-06-02 11:49:02",2141
"2020-06-02 12:49:12",2141
"2020-06-02 13:49:15",2141
"2020-06-02 14:49:47",2141
"2020-06-02 15:49:42",2129
"2020-06-02 16:49:01",2130
"2020-06-02 17:49:41",2129
"2020-06-02 18:48:55",2128
"2020-06-02 19:49:24",2127
"2020-06-02 20:49:44",2124
"2020-06-02 21:48:52",2124
"2020-06-02 22:49:07",2123
"2020-06-02 23:48:53",2123
"2020-06-03 00:49:15",2123
"2020-06-03 01:49:46",2123
"2020-06-03 02:48:51",2123
"2020-06-03 03:49:31",2123
"2020-06-03 04:49:26",2122
"2020-06-03 05:48:52",2122
"2020-06-03 06:49:01",2122
"2020-06-03 07:49:38",2122
"2020-06-03 09:25:17",2122
"2020-06-03 09:49:04",2122
"2020-06-03 10:49:02",2122
"2020-06-03 11:49:06",2122
"2020-06-03 13:13:57",2125
"2020-06-03 13:49:06",2125
"2020-06-03 14:48:56",2128
"2020-06-03 15:49:45",2126
"2020-06-03 16:49:36",2124
"2020-06-03 17:49:36",2126
"2020-06-03 18:49:53",2128
"2020-06-03 19:49:28",2129
"2020-06-03 20:49:02",2129
"2020-06-03 21:49:01",2129
"2020-06-03 22:49:01",2129
"2020-06-03 23:48:52",2129
"2020-06-04 00:49:38",2129
"2020-06-04 01:49:12",2129
"2020-06-04 02:49:02",2129
"2020-06-04 03:49:10",2129
"2020-06-04 04:49:08",2129
"2020-06-04 05:49:03",2129
"2020-06-04 06:49:03",2129
"2020-06-04 07:49:17",2129
"2020-06-04 08:49:25",2129
"2020-06-04 09:49:12",2129
"2020-06-04 10:49:00",2129
"2020-06-04 11:49:14",2129
"2020-06-04 12:48:59",2129
"2020-06-04 13:49:44",2129
"2020-06-04 14:50:07",2132
"2020-06-04 15:49:46",2133
"2020-06-04 17:12:31",2130
"2020-06-04 17:49:12",2130
"2020-06-04 18:49:35",2135
"2020-06-04 19:49:00",2135
"2020-06-04 20:49:43",2140
"2020-06-04 21:49:39",2140
"2020-06-04 22:49:01",2140
"2020-06-04 23:49:06",2140
"2020-06-05 00:49:13",2140
"2020-06-05 01:48:59",2140
"2020-06-05 02:48:55",2140
"2020-06-05 03:49:02",2140
"2020-06-05 04:49:11",2140
"2020-06-05 05:49:12",2139
"2020-06-05 06:49:06",2139
"2020-06-05 07:49:07",2139
"2020-06-05 09:28:59",2139
"2020-06-05 09:48:56",2139
"2020-06-05 10:48:57",2139
"2020-06-05 11:49:01",2139
"2020-06-05 13:14:58",2138
"2020-06-05 13:49:35",2138
"2020-06-05 14:49:07",2139
"2020-06-05 15:49:09",2146
"2020-06-05 16:49:52",2143
"2020-06-05 17:49:09",2143
"2020-06-05 18:49:11",2146
"2020-06-05 19:49:10",2146
"2020-06-05 20:49:47",2149
"2020-06-05 21:49:09",2148
"2020-06-05 22:49:08",2148
"2020-06-05 23:49:11",2148
"2020-06-06 00:49:15",2148
"2020-06-06 01:48:58",2148
"2020-06-06 02:49:03",2148
"2020-06-06 03:49:16",2148
"2020-06-06 04:49:14",2148
"2020-06-06 05:49:21",2148
"2020-06-06 06:49:10",2148
"2020-06-06 07:49:58",2148
"2020-06-06 08:49:17",2148
"2020-06-06 09:58:13",2147
"2020-06-06 10:49:00",2147
"2020-06-06 11:49:08",2146
"2020-06-06 12:49:12",2146
"2020-06-06 13:48:59",2146
"2020-06-06 14:49:49",2146
"2020-06-06 15:49:06",2146
"2020-06-06 16:49:39",2146
"2020-06-06 18:49:07",2146
"2020-06-06 19:48:56",2146
"2020-06-06 20:49:05",2146
"2020-06-06 21:49:03",2146
"2020-06-06 22:49:04",2146
"2020-06-06 23:49:17",2146
"2020-06-07 00:49:23",2146
"2020-06-07 01:49:03",2146
"2020-06-07 02:49:07",2146
"2020-06-07 03:49:07",2146
"2020-06-07 04:49:07",2146
"2020-06-07 05:49:08",2146
"2020-06-07 06:49:06",2146
"2020-06-07 07:49:14",2146
"2020-06-07 08:49:14",2146
"2020-06-08 04:48:58",2146
"2020-06-08 05:48:53",2146
"2020-06-08 06:49:24",2146
"2020-06-08 07:48:49",2146
"2020-06-08 08:49:08",2146
"2020-06-08 09:49:00",2146
"2020-06-08 10:48:58",2146
"2020-06-08 11:49:04",2146
"2020-06-08 12:49:49",2146
"2020-06-08 13:49:09",2146
"2020-06-08 14:50:02",2148
"2020-06-08 15:49:02",2156
"2020-06-08 16:49:25",2155
"2020-06-08 17:49:23",2158
"2020-06-08 18:49:57",2157
"2020-06-08 19:49:53",2157
"2020-06-08 20:49:32",2159
"2020-06-08 21:49:18",2159
"2020-06-08 22:49:16",2159
"2020-06-08 23:49:11",2159
"2020-06-09 00:49:16",2159
"2020-06-09 01:49:28",2159
"2020-06-09 02:49:30",2159
"2020-06-09 03:49:01",2159
"2020-06-09 04:49:46",2159
"2020-06-09 05:49:56",2159
"2020-06-09 06:50:02",2159
"2020-06-09 07:49:30",2159
"2020-06-09 08:50:05",2159
"2020-06-09 09:49:37",2159
"2020-06-09 10:49:26",2159
"2020-06-09 11:49:24",2159
"2020-06-09 12:49:59",2159
"2020-06-09 13:49:51",2160
"2020-06-09 14:49:34",2163
"2020-06-09 15:49:51",2176
"2020-06-09 16:49:53",2177
"2020-06-09 17:49:16",2179
"2020-06-09 18:50:14",2177
"2020-06-09 19:50:24",2176
"2020-06-09 20:50:23",2176
"2020-06-09 21:49:42",2179
"2020-06-09 22:49:51",2180
"2020-06-09 23:49:55",2180
"2020-06-10 00:50:00",2180
"2020-06-10 01:49:39",2180
"2020-06-10 02:49:49",2180
"2020-06-10 03:49:56",2180
"2020-06-10 04:49:37",2180
"2020-06-10 05:49:50",2180
"2020-06-10 06:49:27",2180
"2020-06-10 07:49:00",2180
"2020-06-10 08:49:18",2180
"2020-06-10 09:49:01",2180
"2020-06-10 10:49:04",2180
"2020-06-10 11:49:16",2180
"2020-06-10 12:49:31",2180
"2020-06-10 13:49:59",2181
"2020-06-10 15:49:21",2180
"2020-06-10 16:49:29",2182
"2020-06-10 17:49:28",2183
"2020-06-10 18:49:30",2184
"2020-06-10 19:49:24",2189
"2020-06-10 20:49:13",2189
"2020-06-10 21:49:40",2190
"2020-06-10 22:49:04",2190
"2020-06-10 23:49:44",2190
"2020-06-11 00:51:04",2190
"2020-06-11 01:49:08",2190
"2020-06-11 02:50:13",2190
"2020-06-11 03:50:16",2190
"2020-06-11 04:49:21",2190
"2020-06-11 05:50:15",2190
"2020-06-11 06:49:31",2190
"2020-06-11 07:49:57",2190
"2020-06-11 08:49:18",2190
"2020-06-11 09:49:25",2190
"2020-06-11 10:49:22",2190
"2020-06-11 11:49:05",2190
"2020-06-11 12:49:29",2190
"2020-06-11 13:50:06",2193
"2020-06-11 14:49:27",2192
"2020-06-11 15:49:53",2198
"2020-06-11 16:50:31",2197
"2020-06-11 17:49:40",2191
"2020-06-11 18:49:51",2189
"2020-06-11 19:49:43",2191
"2020-06-11 20:49:12",2189
"2020-06-11 21:49:01",2189
"2020-06-11 22:48:58",2189
"2020-06-11 23:48:54",2189
"2020-06-12 00:49:11",2189
"2020-06-12 01:49:13",2189
"2020-06-12 02:49:10",2189
"2020-06-12 03:49:12",2189
"2020-06-12 04:49:07",2189
"2020-06-12 05:49:01",2188
"2020-06-12 06:49:19",2188
"2020-06-12 07:49:14",2188
"2020-06-12 08:49:04",2188
"2020-06-12 09:49:20",2188
"2020-06-12 10:49:22",2188
"2020-06-12 11:49:11",2188
"2020-06-12 14:14:34",2193
"2020-06-12 14:22:31",2193
"2020-06-12 14:49:46",2193
"2020-06-12 15:49:10",2193
"2020-06-12 16:49:22",2194
"2020-06-12 17:49:27",2238
"2020-06-12 18:49:17",2251
"2020-06-12 19:49:41",2258
"2020-06-12 20:49:39",2267
"2020-06-12 21:49:26",2266
"2020-06-12 22:49:00",2266
"2020-06-12 23:49:02",2266
"2020-06-13 00:48:56",2266
"2020-06-13 01:49:01",2266
"2020-06-13 02:49:04",2266
"2020-06-13 03:49:03",2266
"2020-06-13 04:49:04",2266
"2020-06-13 05:48:57",2266
"2020-06-13 06:49:07",2266
"2020-06-13 07:49:08",2266
"2020-06-13 08:48:57",2266
"2020-06-13 09:49:02",2266
"2020-06-13 10:49:00",2266
"2020-06-13 11:48:56",2266
"2020-06-13 12:48:56",2266
"2020-06-13 13:48:53",2266
"2020-06-13 14:49:04",2266
"2020-06-13 15:49:01",2266
"2020-06-13 16:49:19",2266
"2020-06-13 17:49:03",2266
"2020-06-13 18:49:06",2266
"2020-06-13 19:48:56",2266
"2020-06-13 20:49:03",2266
"2020-06-13 21:49:13",2266
"2020-06-13 22:49:11",2266
"2020-06-13 23:49:10",2266
"2020-06-14 00:49:06",2266
"2020-06-14 01:48:57",2266
"2020-06-14 02:49:07",2266
"2020-06-14 03:49:13",2266
"2020-06-14 04:48:50",2266
"2020-06-14 05:49:27",2266
"2020-06-14 06:49:05",2266
"2020-06-14 07:49:05",2266
"2020-06-14 08:48:59",2266
"2020-06-14 09:49:02",2266
"2020-06-14 10:49:05",2266
"2020-06-14 11:48:54",2266
"2020-06-14 12:49:00",2266
"2020-06-14 13:49:02",2266
"2020-06-14 14:49:10",2266
"2020-06-14 15:49:20",2266
"2020-06-14 16:48:59",2266
"2020-06-14 17:49:05",2266
"2020-06-14 18:49:14",2266
"2020-06-14 19:49:05",2266
"2020-06-14 20:49:08",2266
"2020-06-14 21:49:18",2266
"2020-06-14 22:49:00",2266
"2020-06-14 23:49:06",2266
"2020-06-15 00:49:28",2266
"2020-06-15 01:49:16",2266
"2020-06-15 02:49:10",2266
"2020-06-15 03:49:09",2266
"2020-06-15 04:49:28",2266
"2020-06-15 05:49:42",2266
"2020-06-15 06:49:04",2266
"2020-06-15 07:49:03",2266
"2020-06-15 08:49:48",2266
"2020-06-15 09:49:09",2266
"2020-06-15 10:48:56",2266
"2020-06-15 11:49:00",2266
"2020-06-15 12:49:13",2266
"2020-06-15 13:50:08",2266
"2020-06-15 14:49:52",2272
"2020-06-15 15:49:18",2271
"2020-06-15 16:49:38",2274
"2020-06-15 17:49:21",2276
"2020-06-15 18:45:29",2273
"2020-06-15 18:53:08",2273
"2020-06-15 19:00:48",2273
"2020-06-15 19:08:29",2269
"2020-06-15 19:16:20",2269
"2020-06-15 19:24:04",2269
"2020-06-15 19:31:45",2269
"2020-06-15 19:39:24",2269
"2020-06-15 19:47:03",2269
"2020-06-15 19:54:45",2269
"2020-06-15 20:02:34",2270
"2020-06-15 20:15:16",2270
"2020-06-15 20:22:54",2270
"2020-06-15 20:30:33",2270
"2020-06-15 20:38:11",2270
"2020-06-15 20:45:49",2270
"2020-06-15 20:53:27",2270
"2020-06-15 21:01:10",2270
"2020-06-15 21:08:51",2270
"2020-06-15 21:16:30",2270
"2020-06-15 21:24:07",2270
"2020-06-15 21:31:45",2270
"2020-06-15 21:39:22",2270
"2020-06-15 21:47:00",2270
"2020-06-15 21:54:40",2270
"2020-06-15 22:49:09",2270
"2020-06-15 23:48:59",2270
"2020-06-16 00:49:06",2270
"2020-06-16 01:48:57",2270
"2020-06-16 02:49:57",2270
"2020-06-16 03:49:04",2270
"2020-06-16 04:48:57",2270
"2020-06-16 05:49:05",2270
"2020-06-16 06:49:53",2269
"2020-06-16 07:49:41",2269
"2020-06-16 08:49:01",2269
"2020-06-16 09:48:58",2269
"2020-06-16 10:49:06",2269
"2020-06-16 11:48:58",2269
"2020-06-16 12:49:12",2269
"2020-06-16 13:49:11",2269
"2020-06-16 14:49:39",2265
"2020-06-16 15:49:14",2261
"2020-06-16 16:49:12",2257
"2020-06-16 17:49:59",2255
"2020-06-16 18:49:10",2254
"2020-06-16 19:49:14",2253
"2020-06-16 20:49:17",2254
"2020-06-16 21:49:05",2254
"2020-06-16 22:48:52",2254
"2020-06-16 23:48:55",2254
"2020-06-17 00:49:05",2254
"2020-06-17 01:49:33",2254
"2020-06-17 02:49:12",2254
"2020-06-17 03:49:45",2254
"2020-06-17 04:49:12",2254
"2020-06-17 05:49:07",2254
"2020-06-17 06:49:33",2253
"2020-06-17 07:49:04",2253
"2020-06-17 08:49:03",2253
"2020-06-17 09:48:55",2253
"2020-06-17 10:48:54",2253
"2020-06-17 11:49:08",2253
"2020-06-17 12:49:10",2253
"2020-06-17 13:49:21",2253
"2020-06-17 14:49:08",2260
"2020-06-17 15:49:10",2264
"2020-06-17 16:49:18",2259
"2020-06-17 17:49:16",2258
"2020-06-17 18:49:33",2259
"2020-06-17 19:49:45",2261
"2020-06-17 20:49:47",2261
"2020-06-17 21:49:31",2261
"2020-06-17 22:49:06",2261
"2020-06-17 23:49:08",2262
"2020-06-18 00:48:57",2262
"2020-06-18 01:49:09",2262
"2020-06-18 02:48:54",2262
"2020-06-18 03:49:23",2262
"2020-06-18 04:49:07",2261
"2020-06-18 05:48:54",2261
"2020-06-18 06:49:08",2261
"2020-06-18 07:49:28",2261
"2020-06-18 08:49:06",2261
"2020-06-18 09:49:02",2261
"2020-06-18 10:48:54",2261
"2020-06-18 11:49:24",2261
"2020-06-18 12:49:11",2261
"2020-06-18 13:49:35",2261
"2020-06-18 14:49:33",2262
"2020-06-18 17:11:01",2262
"2020-06-18 17:49:05",2262
"2020-06-18 18:49:28",2262
"2020-06-18 19:49:26",2262
"2020-06-18 20:49:15",2252
"2020-06-18 21:49:32",2253
"2020-06-18 22:49:06",2253
"2020-06-18 23:49:13",2253
"2020-06-19 00:49:40",2253
"2020-06-19 01:49:07",2253
"2020-06-19 02:49:02",2253
"2020-06-19 03:49:43",2253
"2020-06-19 04:51:38",2253
"2020-06-19 05:49:04",2253
"2020-06-19 06:49:01",2253
"2020-06-19 07:49:35",2253
"2020-06-19 08:49:53",2253
"2020-06-19 09:49:36",2253
"2020-06-19 10:49:05",2253
"2020-06-19 11:49:07",2253
"2020-06-19 13:12:28",2253
"2020-06-19 13:49:51",2253
"2020-06-19 14:49:13",2252
"2020-06-19 15:49:18",2257
"2020-06-19 16:49:05",2256
"2020-06-19 17:49:38",2255
"2020-06-19 18:49:06",2255
"2020-06-19 19:49:12",2256
"2020-06-19 20:49:10",2255
"2020-06-19 21:49:06",2255
"2020-06-19 22:49:13",2255
"2020-06-19 23:49:33",2255
"2020-06-20 00:49:12",2255
"2020-06-20 01:49:28",2255
"2020-06-20 02:49:18",2255
"2020-06-20 03:49:01",2255
"2020-06-20 04:48:50",2255
"2020-06-20 05:49:05",2255
"2020-06-20 06:49:00",2256
"2020-06-20 07:49:06",2256
"2020-06-20 08:49:05",2256
"2020-06-20 09:49:05",2256
"2020-06-20 10:49:03",2256
"2020-06-20 11:49:09",2256
"2020-06-20 12:49:06",2256
"2020-06-20 13:49:09",2256
"2020-06-20 14:49:06",2256
"2020-06-20 15:48:54",2256
"2020-06-20 16:49:39",2256
"2020-06-20 17:49:00",2256
"2020-06-20 18:49:01",2256
"2020-06-20 19:49:25",2256
"2020-06-20 20:49:05",2256
"2020-06-20 21:49:07",2256
"2020-06-20 22:49:16",2256
"2020-06-20 23:49:15",2256
"2020-06-21 00:49:15",2256
"2020-06-21 01:49:05",2256
"2020-06-21 02:49:08",2256
"2020-06-21 03:49:45",2256
"2020-06-21 04:49:04",2256
"2020-06-21 05:49:45",2256
"2020-06-21 06:49:08",2256
"2020-06-21 07:49:06",2256
"2020-06-21 08:48:57",2256
"2020-06-21 09:48:56",2256
"2020-06-21 10:48:52",2256
"2020-06-21 11:49:07",2256
"2020-06-21 12:49:16",2256
"2020-06-21 13:49:15",2256
"2020-06-21 14:49:51",2256
"2020-06-21 15:49:06",2256
"2020-06-21 16:48:56",2256
"2020-06-21 17:49:00",2256
"2020-06-21 18:49:08",2256
"2020-06-21 19:49:10",2256
"2020-06-21 20:49:07",2256
"2020-06-21 21:49:11",2256
"2020-06-21 22:49:40",2256
"2020-06-21 23:49:18",2256
"2020-06-22 00:48:58",2256
"2020-06-22 01:49:40",2256
"2020-06-22 02:49:13",2256
"2020-06-22 03:49:03",2256
"2020-06-22 04:49:13",2256
"2020-06-22 05:49:42",2256
"2020-06-22 06:49:08",2256
"2020-06-22 07:48:55",2256
"2020-06-22 08:49:14",2256
"2020-06-22 09:49:11",2256
"2020-06-22 10:49:38",2256
"2020-06-22 11:49:01",2256
"2020-06-22 12:49:12",2256
"2020-06-22 13:49:14",2257
"2020-06-22 14:49:16",2255
"2020-06-22 15:49:40",2251
"2020-06-22 16:49:15",2249
"2020-06-22 17:50:49",2245
"2020-06-22 18:49:05",2245
"2020-06-22 20:49:01",2239
"2020-06-22 21:50:20",2239
"2020-06-22 22:48:56",2239
"2020-06-22 23:49:05",2239
"2020-06-23 00:48:59",2239
"2020-06-23 01:49:07",2239
"2020-06-23 02:49:20",2239
"2020-06-23 03:49:19",2239
"2020-06-23 04:49:32",2239
"2020-06-23 05:49:27",2239
"2020-06-23 06:49:00",2239
"2020-06-23 07:49:18",2239
"2020-06-23 08:50:12",2239
"2020-06-23 09:49:03",2239
"2020-06-23 10:49:18",2239
"2020-06-23 11:49:11",2239
"2020-06-23 12:49:16",2239
"2020-06-23 13:49:25",2239
"2020-06-23 14:49:15",2242
"2020-06-23 15:49:29",2246
"2020-06-23 16:49:13",2246
"2020-06-23 17:49:23",2245
"2020-06-23 18:49:41",2248
"2020-06-23 19:48:59",2249
"2020-06-23 20:49:14",2249
"2020-06-23 21:49:01",2249
"2020-06-23 22:49:37",2249
"2020-06-23 23:49:44",2249
"2020-06-24 00:49:44",2249
"2020-06-24 01:49:39",2249
"2020-06-24 02:49:55",2249
"2020-06-24 03:49:05",2249
"2020-06-24 04:49:36",2249
"2020-06-24 05:49:49",2249
"2020-06-24 06:49:17",2249
"2020-06-24 07:49:06",2249
"2020-06-24 08:49:39",2249
"2020-06-24 09:49:15",2249
"2020-06-24 10:49:20",2249
"2020-06-24 11:49:00",2249
"2020-06-24 12:49:09",2249
"2020-06-24 13:49:16",2249
"2020-06-24 14:49:08",2251
"2020-06-24 15:49:04",2249
"2020-06-24 16:49:23",2247
"2020-06-24 17:49:39",2249
"2020-06-24 18:49:36",2248
"2020-06-24 19:49:41",2249
"2020-06-24 20:49:09",2249
"2020-06-24 21:49:21",2249
"2020-06-24 22:49:21",2249
"2020-06-24 23:49:10",2249
"2020-06-25 00:49:32",2249
"2020-06-25 01:49:11",2249
"2020-06-25 02:48:56",2249
"2020-06-25 03:49:04",2249
"2020-06-25 04:49:11",2249
"2020-06-25 05:49:09",2249
"2020-06-25 06:49:18",2249
"2020-06-25 07:49:19",2249
"2020-06-25 08:49:20",2249
"2020-06-25 09:49:41",2249
"2020-06-25 10:49:02",2249
"2020-06-25 11:50:03",2249
"2020-06-25 13:11:32",2250
"2020-06-25 13:49:40",2250
"2020-06-25 14:50:17",2243
"2020-06-25 15:49:52",2241
"2020-06-25 16:49:46",2239
"2020-06-25 17:49:52",2240
"2020-06-25 18:49:23",2239
"2020-06-25 19:49:20",2238
"2020-06-25 20:49:10",2239
"2020-06-25 21:49:40",2239
"2020-06-25 22:49:49",2239
"2020-06-25 23:49:04",2239
"2020-06-26 00:49:54",2239
"2020-06-26 01:49:19",2239
"2020-06-26 02:49:20",2239
"2020-06-26 03:49:38",2239
"2020-06-26 04:49:01",2239
"2020-06-26 05:49:16",2239
"2020-06-26 06:49:19",2239
"2020-06-26 07:49:33",2239
"2020-06-26 08:49:28",2239
"2020-06-26 09:49:14",2239
"2020-06-26 10:49:05",2239
"2020-06-26 11:49:12",2239
"2020-06-26 12:49:19",2239
"2020-06-26 13:50:13",2239
"2020-06-26 14:49:20",2239
"2020-06-26 15:49:09",2233
"2020-06-26 16:49:22",2232
"2020-06-26 17:49:10",2230
"2020-06-26 18:49:20",2228
"2020-06-26 19:49:23",2229
"2020-06-26 20:49:07",2229
"2020-06-26 21:49:12",2229
"2020-06-26 22:49:43",2229
"2020-06-26 23:49:02",2229
"2020-06-27 00:50:10",2229
"2020-06-27 01:49:38",2229
"2020-06-27 02:49:36",2229
"2020-06-27 03:49:35",2229
"2020-06-27 04:49:46",2229
"2020-06-27 05:48:58",2229
"2020-06-27 06:49:11",2229
"2020-06-27 07:49:12",2229
"2020-06-27 08:49:07",2229
"2020-06-27 09:49:06",2229
"2020-06-27 10:49:10",2229
"2020-06-27 11:48:57",2229
"2020-06-27 12:49:24",2229
"2020-06-27 13:49:14",2229
"2020-06-27 14:48:55",2229
"2020-06-27 15:49:44",2229
"2020-06-27 16:49:11",2229
"2020-06-27 17:49:06",2229
"2020-06-27 18:49:06",2229
"2020-06-27 19:49:09",2229
"2020-06-27 20:48:59",2229
"2020-06-27 21:49:05",2229
"2020-06-27 22:49:11",2229
"2020-06-27 23:49:00",2229
"2020-06-28 00:49:21",2229
"2020-06-28 01:48:59",2229
"2020-06-28 02:49:14",2229
"2020-06-28 03:49:00",2229
"2020-06-28 04:48:58",2229
"2020-06-28 05:49:07",2229
"2020-06-28 06:49:08",2229
"2020-06-28 07:49:26",2229
"2020-06-28 08:49:19",2229
"2020-06-28 09:49:04",2229
"2020-06-28 10:49:07",2229
"2020-06-28 11:48:59",2229
"2020-06-28 12:49:10",2229
"2020-06-28 13:49:11",2229
"2020-06-28 14:49:00",2229
"2020-06-28 15:49:15",2229
"2020-06-28 16:49:08",2229
"2020-06-28 17:49:07",2229
"2020-06-28 18:49:17",2229
"2020-06-28 19:49:14",2229
"2020-06-28 20:48:58",2229
"2020-06-28 21:49:16",2229
"2020-06-28 22:49:28",2229
"2020-06-28 23:49:19",2229
"2020-06-29 00:49:27",2229
"2020-06-29 01:48:58",2229
"2020-06-29 02:49:15",2229
"2020-06-29 03:49:08",2229
"2020-06-29 04:49:14",2229
"2020-06-29 05:49:04",2229
"2020-06-29 06:49:21",2229
"2020-06-29 07:49:26",2229
"2020-06-29 08:49:13",2229
"2020-06-29 09:49:15",2229
"2020-06-29 10:49:09",2229
"2020-06-29 11:49:05",2229
"2020-06-29 12:49:19",2229
"2020-06-29 13:49:35",2229
"2020-06-29 14:49:48",2226
"2020-06-29 15:49:19",2229
"2020-06-29 16:49:12",2229
"2020-06-29 17:49:10",2225
"2020-06-29 18:49:09",2225
"2020-06-29 19:49:19",2224
"2020-06-29 20:49:17",2222
"2020-06-29 21:49:16",2222
"2020-06-29 22:49:07",2221
"2020-06-29 23:49:21",2221
"2020-06-30 00:49:42",2221
"2020-06-30 01:49:17",2221
"2020-06-30 02:49:57",2221
"2020-06-30 03:49:08",2221
"2020-06-30 04:49:50",2221
"2020-06-30 05:49:20",2221
"2020-06-30 06:49:37",2221
"2020-06-30 07:49:11",2220
"2020-06-30 08:49:11",2220
"2020-06-30 09:49:21",2220
"2020-06-30 10:51:17",2220
"2020-06-30 11:49:12",2220
"2020-06-30 12:49:10",2220
"2020-06-30 13:50:24",2221
"2020-06-30 14:49:26",2220
"2020-06-30 15:49:41",2223
"2020-06-30 16:50:10",2220
"2020-06-30 17:49:19",2222
"2020-06-30 18:49:40",2220
"2020-06-30 19:49:15",2220
"2020-06-30 20:49:31",2219
"2020-06-30 21:49:53",2220
"2020-06-30 22:49:02",2221
"2020-06-30 23:49:09",2221
"2020-07-01 00:50:31",2221
"2020-07-01 01:49:16",2221
"2020-07-01 02:49:51",2221
"2020-07-01 03:49:21",2221
"2020-07-01 04:49:20",2220
"2020-07-01 05:49:30",2220
"2020-07-01 06:49:19",2220
"2020-07-01 07:49:20",2220
"2020-07-01 08:49:54",2220
"2020-07-01 09:50:19",2220
"2020-07-01 10:50:01",2220
"2020-07-01 11:49:26",2220
"2020-07-01 13:11:08",2220
"2020-07-01 13:50:14",2220
"2020-07-01 14:50:18",2219
"2020-07-01 15:50:17",2215
"2020-07-01 16:50:02",2214
"2020-07-01 17:49:52",2214
"2020-07-01 18:49:55",2209
"2020-07-01 19:50:15",2207
"2020-07-01 20:49:56",2205
"2020-07-01 21:49:16",2205
"2020-07-01 22:49:54",2205
"2020-07-01 23:49:20",2205
"2020-07-02 00:51:11",2205
"2020-07-02 01:49:22",2205
"2020-07-02 02:49:29",2205
"2020-07-02 03:49:35",2205
"2020-07-02 04:49:27",2204
"2020-07-02 05:49:32",2204
"2020-07-02 06:49:21",2204
"2020-07-02 07:49:13",2204
"2020-07-02 08:49:22",2204
"2020-07-02 09:49:40",2204
"2020-07-02 10:49:25",2204
"2020-07-02 11:49:31",2204
"2020-07-02 13:14:06",2204
"2020-07-02 13:49:54",2204
"2020-07-02 14:49:34",2203
"2020-07-02 15:49:36",2203
"2020-07-02 16:49:45",2203
"2020-07-02 17:49:37",2203
"2020-07-02 18:49:42",2202
"2020-07-02 19:49:47",2202
"2020-07-02 20:49:09",2200
"2020-07-02 21:49:28",2200
"2020-07-02 22:49:15",2200
"2020-07-02 23:49:08",2200
"2020-07-03 00:49:54",2200
"2020-07-03 01:49:30",2200
"2020-07-03 02:49:45",2200
"2020-07-03 03:49:14",2200
"2020-07-03 04:49:54",2200
"2020-07-03 05:49:19",2200
"2020-07-03 06:49:19",2198
"2020-07-03 07:49:20",2198
"2020-07-03 08:49:18",2198
"2020-07-03 09:49:44",2198
"2020-07-03 10:49:24",2198
"2020-07-03 11:49:12",2198
"2020-07-03 12:49:13",2198
"2020-07-03 13:49:19",2198
"2020-07-03 14:49:25",2198
"2020-07-03 15:49:17",2198
"2020-07-03 16:49:17",2198
"2020-07-03 17:49:16",2198
"2020-07-03 18:49:30",2198
"2020-07-03 19:49:21",2198
"2020-07-03 20:49:26",2198
"2020-07-03 21:49:20",2198
"2020-07-03 22:49:13",2198
"2020-07-03 23:49:26",2198
"2020-07-04 00:49:12",2198
"2020-07-04 01:49:37",2198
"2020-07-04 02:49:45",2198
"2020-07-04 03:49:10",2198
"2020-07-04 04:49:05",2198
"2020-07-04 05:49:19",2198
"2020-07-04 06:49:27",2198
"2020-07-04 07:49:15",2198
"2020-07-04 08:49:23",2198
"2020-07-04 09:49:22",2198
"2020-07-04 11:41:06",2198
"2020-07-04 11:49:17",2198
"2020-07-04 12:49:26",2198
"2020-07-04 13:49:20",2198
"2020-07-04 14:49:31",2198
"2020-07-04 15:49:02",2198
"2020-07-04 16:49:45",2198
"2020-07-04 17:49:12",2198
"2020-07-04 18:49:22",2198
"2020-07-04 19:49:10",2198
"2020-07-04 20:49:19",2198
"2020-07-04 21:49:22",2198
"2020-07-04 22:49:08",2198
"2020-07-04 23:49:32",2198
"2020-07-05 00:49:24",2198
"2020-07-05 01:49:23",2198
"2020-07-05 02:49:05",2198
"2020-07-05 03:49:14",2198
"2020-07-05 04:49:10",2198
"2020-07-05 05:49:24",2198
"2020-07-05 06:49:27",2198
"2020-07-05 07:49:28",2198
"2020-07-05 08:49:22",2198
"2020-07-05 11:40:47",2198
"2020-07-05 11:42:36",2198
"2020-07-05 11:50:18",2198
"2020-07-05 12:49:11",2198
"2020-07-05 13:49:21",2198
"2020-07-05 14:49:09",2198
"2020-07-05 15:49:37",2198
"2020-07-05 16:49:20",2198
"2020-07-05 17:49:12",2198
"2020-07-05 18:49:09",2198
"2020-07-05 19:49:31",2198
"2020-07-05 20:49:16",2198
"2020-07-05 21:49:22",2198
"2020-07-05 22:49:07",2198
"2020-07-05 23:49:10",2198
"2020-07-06 00:49:20",2198
"2020-07-06 01:49:27",2198
"2020-07-06 02:49:17",2198
"2020-07-06 03:49:16",2198
"2020-07-06 04:49:12",2198
"2020-07-06 05:48:58",2198
"2020-07-06 06:49:29",2198
"2020-07-06 07:49:46",2198
