timestamp,users_holding
"2018-05-02 04:50:56",420
"2018-05-02 06:35:05",420
"2018-05-03 00:32:19",419
"2018-05-03 06:30:44",419
"2018-05-03 06:45:43",419
"2018-05-03 07:03:43",419
"2018-05-03 07:31:09",419
"2018-05-03 07:40:22",419
"2018-05-03 11:17:06",419
"2018-05-03 12:40:30",419
"2018-05-03 13:40:30",419
"2018-05-03 14:40:30",434
"2018-05-03 15:40:30",440
"2018-05-03 16:40:31",435
"2018-05-03 17:40:30",433
"2018-05-03 18:40:30",430
"2018-05-03 19:40:30",431
"2018-05-03 20:40:30",432
"2018-05-03 21:40:30",432
"2018-05-03 22:40:30",432
"2018-05-03 23:40:29",432
"2018-05-04 00:40:29",432
"2018-05-04 01:40:30",432
"2018-05-04 02:40:30",432
"2018-05-04 03:40:29",432
"2018-05-04 04:40:30",432
"2018-05-04 05:40:29",432
"2018-05-04 06:40:29",432
"2018-05-04 07:40:30",432
"2018-05-04 08:40:30",432
"2018-05-04 09:40:30",432
"2018-05-04 10:40:30",432
"2018-05-04 11:40:30",432
"2018-05-04 12:40:30",432
"2018-05-04 20:45:14",447
"2018-05-04 20:51:13",447
"2018-05-04 20:57:13",447
"2018-05-04 21:03:13",447
"2018-05-04 21:09:13",447
"2018-05-04 21:15:12",447
"2018-05-04 21:21:11",447
"2018-05-04 21:27:11",447
"2018-05-04 21:40:29",447
"2018-05-04 22:40:30",447
"2018-05-04 23:40:30",447
"2018-05-05 00:40:29",447
"2018-05-05 01:40:30",447
"2018-05-05 02:40:30",447
"2018-05-05 03:40:30",447
"2018-05-05 04:40:29",447
"2018-05-05 05:40:29",447
"2018-05-05 06:40:30",447
"2018-05-05 07:40:31",447
"2018-05-05 08:40:30",447
"2018-05-05 09:40:29",447
"2018-05-05 10:40:30",447
"2018-05-05 11:40:30",447
"2018-05-05 12:40:30",447
"2018-05-05 13:40:31",447
"2018-05-05 14:40:30",447
"2018-05-05 15:40:30",447
"2018-05-05 16:40:30",447
"2018-05-05 17:40:30",447
"2018-05-05 18:40:30",447
"2018-05-05 19:40:29",447
"2018-05-05 20:40:30",447
"2018-05-05 21:40:29",447
"2018-05-05 22:40:30",447
"2018-05-05 23:40:30",447
"2018-05-06 00:40:29",447
"2018-05-06 01:40:29",447
"2018-05-06 02:40:30",447
"2018-05-06 03:40:30",447
"2018-05-06 04:40:29",447
"2018-05-06 05:40:30",447
"2018-05-06 06:40:29",447
"2018-05-06 07:40:34",447
"2018-05-06 08:40:29",447
"2018-05-06 09:40:30",447
"2018-05-06 10:40:29",447
"2018-05-06 11:40:30",447
"2018-05-06 12:40:30",447
"2018-05-06 13:40:30",447
"2018-05-06 14:40:30",447
"2018-05-06 15:40:30",447
"2018-05-06 16:40:30",447
"2018-05-06 17:40:29",447
"2018-05-06 18:40:30",447
"2018-05-06 19:40:30",447
"2018-05-06 20:40:31",447
"2018-05-06 21:40:30",447
"2018-05-06 22:40:30",447
"2018-05-06 23:40:30",447
"2018-05-07 00:40:30",447
"2018-05-07 01:40:30",447
"2018-05-07 01:54:06",447
"2018-05-07 02:40:30",447
"2018-05-07 03:40:30",447
"2018-05-07 04:40:30",447
"2018-05-07 05:40:30",447
"2018-05-07 06:40:29",447
"2018-05-07 07:40:29",447
"2018-05-07 08:40:30",447
"2018-05-07 09:40:29",447
"2018-05-07 10:40:30",447
"2018-05-07 11:40:30",447
"2018-05-07 12:40:29",447
"2018-05-07 13:40:35",447
"2018-05-07 14:40:29",452
"2018-05-07 15:40:30",453
"2018-05-07 16:40:32",456
"2018-05-07 17:40:31",458
"2018-05-07 22:40:30",456
"2018-05-07 23:40:31",456
"2018-05-08 00:40:31",456
"2018-05-08 01:40:30",456
"2018-05-08 02:40:30",456
"2018-05-08 03:40:30",456
"2018-05-08 04:40:30",456
"2018-05-08 05:40:30",456
"2018-05-08 06:40:30",456
"2018-05-08 07:40:30",456
"2018-05-08 08:40:30",456
"2018-05-08 09:40:29",456
"2018-05-08 10:40:30",456
"2018-05-08 11:40:29",456
"2018-05-08 12:40:30",456
"2018-05-08 13:40:30",456
"2018-05-08 14:40:30",456
"2018-05-08 15:40:30",462
"2018-05-08 16:40:30",460
"2018-05-08 17:40:30",461
"2018-05-08 18:40:30",461
"2018-05-08 19:40:30",461
"2018-05-08 20:40:30",463
"2018-05-08 21:40:30",463
"2018-05-08 22:40:31",463
"2018-05-08 23:40:35",463
"2018-05-09 00:40:30",463
"2018-05-09 01:40:30",463
"2018-05-09 02:40:30",463
"2018-05-09 03:40:30",463
"2018-05-09 04:40:31",463
"2018-05-09 05:40:31",463
"2018-05-09 06:40:30",463
"2018-05-09 07:40:30",463
"2018-05-09 08:40:30",463
"2018-05-09 09:40:30",463
"2018-05-09 10:40:30",463
"2018-05-09 11:40:30",463
"2018-05-09 12:40:30",463
"2018-05-09 13:40:30",463
"2018-05-09 14:40:30",470
"2018-05-09 15:40:29",472
"2018-05-09 16:40:30",477
"2018-05-09 17:40:31",475
"2018-05-09 18:40:30",474
"2018-05-09 19:40:30",477
"2018-05-09 20:40:29",477
"2018-05-09 21:40:31",476
"2018-05-09 22:40:29",476
"2018-05-09 23:40:30",476
"2018-05-10 00:40:31",476
"2018-05-10 01:40:31",476
"2018-05-10 02:40:32",476
"2018-05-10 03:40:32",476
"2018-05-10 04:40:32",476
"2018-05-10 05:40:31",476
"2018-05-10 06:40:31",476
"2018-05-10 07:40:32",476
"2018-05-10 08:40:32",476
"2018-05-10 09:40:31",476
"2018-05-10 10:40:31",476
"2018-05-10 11:40:32",476
"2018-05-10 12:40:31",476
"2018-05-10 13:40:37",476
"2018-05-10 14:40:32",475
"2018-05-10 15:40:32",475
"2018-05-10 16:40:32",478
"2018-05-10 17:40:31",479
"2018-05-10 18:40:32",480
"2018-05-10 19:40:32",479
"2018-05-10 20:40:31",479
"2018-05-10 21:40:31",479
"2018-05-10 22:40:32",479
"2018-05-10 23:40:31",479
"2018-05-11 00:40:31",479
"2018-05-11 01:40:32",479
"2018-05-11 02:40:31",479
"2018-05-11 03:40:31",479
"2018-05-11 04:40:31",479
"2018-05-11 05:40:32",479
"2018-05-11 06:40:31",479
"2018-05-11 07:40:31",479
"2018-05-11 08:40:31",479
"2018-05-11 09:40:31",479
"2018-05-11 10:40:31",479
"2018-05-11 11:40:32",479
"2018-05-11 12:40:31",479
"2018-05-11 13:40:33",479
"2018-05-11 14:40:31",483
"2018-05-11 15:40:32",482
"2018-05-11 16:40:31",481
"2018-05-11 17:40:32",482
"2018-05-11 18:40:31",482
"2018-05-11 19:40:31",483
"2018-05-11 20:40:31",484
"2018-05-11 21:40:32",485
"2018-05-11 22:40:31",485
"2018-05-11 23:40:31",485
"2018-05-12 00:40:32",485
"2018-05-12 01:40:31",485
"2018-05-12 02:40:31",485
"2018-05-12 03:40:32",485
"2018-05-12 04:40:31",485
"2018-05-12 05:40:31",485
"2018-05-12 06:40:31",485
"2018-05-12 07:40:31",485
"2018-05-12 08:40:31",485
"2018-05-12 09:40:31",485
"2018-05-12 10:40:31",485
"2018-05-12 11:40:31",485
"2018-05-12 12:40:31",485
"2018-05-12 13:40:32",485
"2018-05-12 14:40:31",485
"2018-05-12 15:40:32",485
"2018-05-12 16:40:31",485
"2018-05-12 17:40:31",485
"2018-05-12 18:40:31",485
"2018-05-12 19:40:32",485
"2018-05-12 20:40:32",485
"2018-05-12 21:40:31",485
"2018-05-12 22:40:31",485
"2018-05-12 23:40:31",485
"2018-05-13 00:40:32",485
"2018-05-13 01:40:31",485
"2018-05-13 02:40:31",485
"2018-05-13 03:40:31",485
"2018-05-13 04:40:32",485
"2018-05-13 05:40:31",485
"2018-05-13 06:40:32",485
"2018-05-13 07:40:31",485
"2018-05-13 08:40:31",485
"2018-05-13 09:40:32",485
"2018-05-13 10:40:31",485
"2018-05-13 11:40:30",485
"2018-05-13 12:40:32",485
"2018-05-13 13:40:31",485
"2018-05-13 14:40:31",485
"2018-05-13 15:40:32",485
"2018-05-13 16:40:32",485
"2018-05-13 17:40:31",485
"2018-05-13 18:40:32",485
"2018-05-13 19:40:31",485
"2018-05-13 20:40:32",485
"2018-05-13 21:40:32",485
"2018-05-13 22:40:32",485
"2018-05-13 23:40:32",485
"2018-05-14 00:40:32",485
"2018-05-14 01:40:31",485
"2018-05-14 02:40:31",485
"2018-05-14 03:40:32",485
"2018-05-14 04:40:32",485
"2018-05-14 05:40:31",485
"2018-05-14 06:40:31",485
"2018-05-14 07:40:31",485
"2018-05-14 08:40:31",485
"2018-05-14 09:40:31",485
"2018-05-14 10:40:31",485
"2018-05-14 11:40:32",485
"2018-05-14 12:40:31",485
"2018-05-14 13:40:32",485
"2018-05-14 14:40:32",489
"2018-05-14 15:40:32",491
"2018-05-14 16:40:31",491
"2018-05-14 17:40:31",491
"2018-05-14 18:40:32",488
"2018-05-14 19:40:31",487
"2018-05-14 20:40:31",486
"2018-05-14 21:40:31",486
"2018-05-14 22:40:32",486
"2018-05-14 23:40:31",486
"2018-05-15 00:40:31",486
"2018-05-15 01:40:31",486
"2018-05-15 02:40:32",486
"2018-05-15 03:40:31",486
"2018-05-15 04:40:31",486
"2018-05-15 05:40:31",486
"2018-05-15 06:40:30",486
"2018-05-15 07:40:31",486
"2018-05-15 08:40:31",486
"2018-05-15 09:40:31",486
"2018-05-15 10:40:31",486
"2018-05-15 11:40:31",486
"2018-05-15 12:40:31",486
"2018-05-15 13:40:31",486
"2018-05-15 14:40:32",481
"2018-05-15 15:40:31",480
"2018-05-15 16:40:31",483
"2018-05-15 17:40:31",483
"2018-05-15 18:40:31",482
"2018-05-15 19:40:31",482
"2018-05-15 20:40:30",482
"2018-05-15 21:40:30",482
"2018-05-15 22:40:30",482
"2018-05-15 23:40:31",482
"2018-05-16 00:40:30",482
"2018-05-16 01:40:30",482
"2018-05-16 02:40:30",482
"2018-05-16 03:40:31",482
"2018-05-16 04:40:31",482
"2018-05-16 05:40:30",482
"2018-05-16 06:40:31",482
"2018-05-16 07:40:31",482
"2018-05-16 08:40:31",482
"2018-05-16 09:40:30",482
"2018-05-16 10:40:30",482
"2018-05-16 11:40:30",482
"2018-05-16 12:40:31",482
"2018-05-16 13:40:32",482
"2018-05-16 14:40:31",483
"2018-05-16 15:40:32",482
"2018-05-16 16:40:31",481
"2018-05-16 17:40:32",483
"2018-05-16 18:40:31",486
"2018-05-16 19:40:31",486
"2018-05-16 20:40:31",485
"2018-05-16 21:40:31",485
"2018-05-16 22:40:30",485
"2018-05-16 23:40:31",485
"2018-05-17 00:40:32",485
"2018-05-17 01:40:31",485
"2018-05-17 02:40:31",485
"2018-05-17 03:40:31",485
"2018-05-17 04:40:31",485
"2018-05-17 05:40:31",485
"2018-05-17 06:40:32",485
"2018-05-17 07:40:32",485
"2018-05-17 08:40:31",485
"2018-05-17 09:40:31",485
"2018-05-17 10:40:31",485
"2018-05-17 11:40:32",485
"2018-05-17 12:40:31",485
"2018-05-17 13:40:32",485
"2018-05-17 14:40:32",492
"2018-05-17 15:40:31",493
"2018-05-18 07:40:32",506
"2018-05-18 08:40:31",506
"2018-05-18 09:40:31",506
"2018-05-18 10:40:31",506
"2018-05-18 11:40:31",506
"2018-05-18 12:40:31",506
"2018-05-18 13:40:32",506
"2018-05-18 14:40:31",505
"2018-05-18 15:40:31",506
"2018-05-18 16:40:31",504
"2018-05-18 17:40:31",501
"2018-05-18 18:40:31",501
"2018-05-18 19:40:32",501
"2018-05-18 20:40:32",499
"2018-05-18 21:40:30",499
"2018-05-18 22:40:31",498
"2018-05-18 23:40:32",498
"2018-05-19 00:40:31",498
"2018-05-19 01:40:32",498
"2018-05-19 02:40:31",498
"2018-05-19 03:40:31",498
"2018-05-19 04:40:31",498
"2018-05-19 05:40:31",498
"2018-05-19 06:40:33",498
"2018-05-19 07:40:31",498
"2018-05-19 08:40:31",498
"2018-05-19 09:40:31",498
"2018-05-19 10:40:31",498
"2018-05-19 11:40:31",498
"2018-05-19 12:40:31",498
"2018-05-19 13:40:32",498
"2018-05-19 14:40:31",498
"2018-05-19 15:40:32",498
"2018-05-19 16:40:31",498
"2018-05-19 17:40:32",498
"2018-05-19 18:40:31",498
"2018-05-19 19:40:31",498
"2018-05-19 20:40:32",498
"2018-05-19 21:40:31",498
"2018-05-19 22:40:30",498
"2018-05-19 23:40:31",498
"2018-05-20 00:40:31",498
"2018-05-20 01:40:32",498
"2018-05-20 02:40:31",498
"2018-05-20 03:40:31",498
"2018-05-20 04:40:32",498
"2018-05-20 05:40:32",498
"2018-05-20 06:40:30",498
"2018-05-20 07:40:31",498
"2018-05-20 08:40:31",498
"2018-05-20 09:40:31",498
"2018-05-20 10:40:31",498
"2018-05-20 11:40:31",498
"2018-05-20 12:40:31",498
"2018-05-20 13:40:31",498
"2018-05-20 14:40:33",498
"2018-05-20 15:40:31",498
"2018-05-20 16:40:31",498
"2018-05-20 17:40:32",498
"2018-05-20 18:40:31",498
"2018-05-20 19:40:31",498
"2018-05-20 20:40:30",498
"2018-05-20 21:40:31",498
"2018-05-20 22:40:31",498
"2018-05-20 23:40:31",498
"2018-05-21 00:40:32",498
"2018-05-21 01:40:34",498
"2018-05-21 02:40:33",498
"2018-05-21 03:40:32",498
"2018-05-21 04:40:33",498
"2018-05-21 05:40:31",498
"2018-05-21 06:40:32",498
"2018-05-21 07:40:32",498
"2018-05-21 08:40:34",498
"2018-05-21 09:40:31",498
"2018-05-21 10:40:31",498
"2018-05-21 11:40:31",498
"2018-05-21 12:40:32",498
"2018-05-21 13:40:32",498
"2018-05-21 14:40:31",497
"2018-05-21 15:40:32",502
"2018-05-21 16:40:31",500
"2018-05-21 17:40:31",499
"2018-05-21 18:40:32",501
"2018-05-21 19:40:31",502
"2018-05-21 20:40:31",504
"2018-05-21 21:40:31",504
"2018-05-21 22:40:31",504
"2018-05-21 23:40:31",504
"2018-05-22 00:40:31",504
"2018-05-22 01:40:32",504
"2018-05-22 02:40:31",504
"2018-05-22 03:40:31",504
"2018-05-22 04:40:32",504
"2018-05-22 05:40:31",504
"2018-05-22 06:40:31",504
"2018-05-22 07:40:31",504
"2018-05-22 08:40:31",504
"2018-05-22 09:40:31",504
"2018-05-22 10:40:31",504
"2018-05-22 11:40:31",504
"2018-05-22 12:40:31",504
"2018-05-22 13:40:33",504
"2018-05-22 14:40:31",504
"2018-05-22 15:40:32",504
"2018-05-22 16:40:31",505
"2018-05-22 17:40:31",507
"2018-05-22 18:40:31",507
"2018-05-22 19:40:31",505
"2018-05-22 20:40:31",507
"2018-05-22 21:40:31",507
"2018-05-22 22:40:32",507
"2018-05-22 23:40:31",507
"2018-05-23 00:40:31",507
"2018-05-23 01:40:31",507
"2018-05-23 02:40:31",507
"2018-05-23 03:40:32",507
"2018-05-23 04:40:31",507
"2018-05-23 05:40:32",507
"2018-05-23 06:40:32",507
"2018-05-23 07:40:34",507
"2018-05-23 08:40:31",507
"2018-05-23 09:40:31",507
"2018-05-23 10:40:32",507
"2018-05-23 11:40:32",507
"2018-05-23 12:40:30",507
"2018-05-23 13:40:31",507
"2018-05-23 14:40:32",508
"2018-05-23 15:40:32",509
"2018-05-23 16:40:33",508
"2018-05-23 17:40:31",508
"2018-05-23 18:40:31",508
"2018-05-23 19:40:31",507
"2018-05-23 20:40:32",507
"2018-05-23 21:40:31",507
"2018-05-23 22:40:32",507
"2018-05-23 23:40:31",507
"2018-05-24 00:40:31",507
"2018-05-24 01:40:32",507
"2018-05-24 02:40:31",507
"2018-05-24 03:40:31",507
"2018-05-24 04:40:31",507
"2018-05-24 06:40:32",507
"2018-05-24 07:40:31",507
"2018-05-24 08:40:31",507
"2018-05-24 09:40:32",507
"2018-05-24 10:40:31",507
"2018-05-24 11:40:31",507
"2018-05-24 12:40:31",507
"2018-05-24 13:40:31",507
"2018-05-24 20:09:40",512
"2018-05-24 20:40:32",512
"2018-05-24 21:40:33",512
"2018-05-24 22:40:32",512
"2018-05-24 23:40:32",512
"2018-05-25 00:40:32",512
"2018-05-25 01:40:33",512
"2018-05-25 02:40:32",512
"2018-05-25 03:40:32",512
"2018-05-25 04:40:32",512
"2018-05-25 05:40:33",512
"2018-05-25 06:40:33",512
"2018-05-25 07:40:32",512
"2018-05-25 08:40:32",512
"2018-05-25 09:40:32",512
"2018-05-25 10:40:32",512
"2018-05-25 11:40:33",512
"2018-05-25 12:40:32",512
"2018-05-25 13:40:32",512
"2018-05-25 14:40:32",511
"2018-05-25 15:40:32",509
"2018-05-25 16:40:32",511
"2018-05-25 17:40:31",511
"2018-05-25 18:40:32",511
"2018-05-25 19:40:32",511
"2018-05-25 20:40:32",512
"2018-05-25 21:40:32",512
"2018-05-25 22:40:32",512
"2018-05-25 23:40:32",512
"2018-05-26 00:40:32",512
"2018-05-26 01:40:32",512
"2018-05-26 02:40:33",512
"2018-05-26 03:40:32",512
"2018-05-26 04:40:32",512
"2018-05-26 05:40:32",512
"2018-05-26 06:40:32",512
"2018-05-26 07:40:33",512
"2018-05-26 08:40:33",512
"2018-05-26 09:40:31",512
"2018-05-26 10:40:32",512
"2018-05-26 11:40:32",512
"2018-05-26 12:40:32",512
"2018-05-26 13:40:33",512
"2018-05-26 14:40:32",512
"2018-05-26 15:40:33",512
"2018-05-26 16:40:32",512
"2018-05-26 17:40:32",512
"2018-05-26 18:40:33",512
"2018-05-26 19:40:35",512
"2018-05-26 20:40:32",512
"2018-05-26 21:40:32",512
"2018-05-26 22:40:32",512
"2018-05-26 23:40:32",512
"2018-05-27 00:40:33",512
"2018-05-27 01:40:32",512
"2018-05-27 02:40:32",512
"2018-05-27 03:40:32",512
"2018-05-27 04:40:32",512
"2018-05-27 05:40:33",512
"2018-05-27 06:40:32",512
"2018-05-27 07:40:32",512
"2018-05-27 08:40:32",512
"2018-05-27 09:40:32",512
"2018-05-27 10:40:32",512
"2018-05-27 11:40:32",512
"2018-05-27 12:40:32",512
"2018-05-27 13:40:33",512
"2018-05-27 14:40:32",512
"2018-05-27 15:40:33",512
"2018-05-27 16:40:32",512
"2018-05-27 17:40:32",512
"2018-05-27 18:40:33",512
"2018-05-27 19:40:32",512
"2018-05-27 20:40:32",512
"2018-05-27 21:40:33",512
"2018-05-27 22:40:33",512
"2018-05-27 23:40:32",512
"2018-05-28 00:40:32",512
"2018-05-28 01:40:32",512
"2018-05-28 02:40:32",512
"2018-05-28 03:40:32",512
"2018-05-28 04:40:32",512
"2018-05-28 05:40:32",512
"2018-05-28 06:40:32",512
"2018-05-28 07:40:31",512
"2018-05-28 08:40:32",512
"2018-05-28 09:40:33",512
"2018-05-28 10:40:32",512
"2018-05-28 11:40:32",512
"2018-05-28 12:40:32",512
"2018-05-28 13:40:32",512
"2018-05-28 14:40:32",512
"2018-05-28 15:40:33",512
"2018-05-28 16:40:32",512
"2018-05-28 17:40:32",512
"2018-05-28 18:40:33",512
"2018-05-28 19:40:32",512
"2018-05-28 20:40:32",512
"2018-05-28 21:40:32",512
"2018-05-28 22:40:33",512
"2018-05-28 23:40:33",512
"2018-05-29 00:40:32",512
"2018-05-29 01:40:31",512
"2018-05-29 02:40:32",512
"2018-05-29 03:40:32",512
"2018-05-29 04:40:33",512
"2018-05-29 05:40:32",512
"2018-05-29 06:40:32",512
"2018-05-29 07:40:32",512
"2018-05-29 08:40:33",512
"2018-05-29 09:40:32",512
"2018-05-29 10:40:32",512
"2018-05-29 11:40:32",512
"2018-05-29 12:40:32",512
"2018-05-30 19:51:13",514
"2018-05-30 20:40:32",514
"2018-05-30 21:40:32",514
"2018-05-30 22:40:32",514
"2018-05-30 23:40:32",514
"2018-05-31 00:40:32",514
"2018-05-31 01:40:32",514
"2018-05-31 02:40:32",514
"2018-05-31 03:40:37",514
"2018-05-31 04:40:32",514
"2018-05-31 05:40:32",514
"2018-05-31 06:40:33",514
"2018-05-31 07:40:32",514
"2018-05-31 08:40:32",514
"2018-05-31 09:40:32",514
"2018-05-31 10:40:32",514
"2018-05-31 11:40:32",514
"2018-05-31 12:40:32",514
"2018-05-31 13:40:33",514
"2018-05-31 14:40:33",517
"2018-05-31 15:40:32",516
"2018-05-31 16:40:32",514
"2018-05-31 17:40:32",514
"2018-05-31 18:40:32",513
"2018-05-31 19:40:32",513
"2018-05-31 20:40:33",513
"2018-05-31 21:40:32",513
"2018-05-31 22:40:33",513
"2018-05-31 23:40:32",513
"2018-06-01 00:40:32",513
"2018-06-01 01:40:32",513
"2018-06-01 02:40:32",513
"2018-06-01 03:40:33",513
"2018-06-01 04:40:32",513
"2018-06-01 05:40:32",513
"2018-06-01 06:40:33",513
"2018-06-01 07:40:33",513
"2018-06-01 08:40:32",513
"2018-06-01 09:40:32",513
"2018-06-01 10:40:31",513
"2018-06-01 11:40:32",513
"2018-06-01 12:40:32",513
"2018-06-01 13:40:39",513
"2018-06-01 14:40:32",516
"2018-06-01 15:40:34",517
"2018-06-01 16:40:34",517
"2018-06-01 17:40:33",517
"2018-06-01 18:40:33",518
"2018-06-01 19:40:34",519
"2018-06-01 20:40:33",528
"2018-06-01 21:40:33",528
"2018-06-01 22:40:33",530
"2018-06-01 23:40:33",530
"2018-06-02 00:40:33",530
"2018-06-02 01:40:33",530
"2018-06-02 02:40:34",530
"2018-06-02 03:40:33",530
"2018-06-02 04:40:33",530
"2018-06-02 05:40:33",530
"2018-06-02 06:40:33",530
"2018-06-02 07:40:32",530
"2018-06-02 08:40:33",530
"2018-06-02 09:40:34",530
"2018-06-02 10:40:33",530
"2018-06-02 11:40:33",530
"2018-06-02 12:40:34",530
"2018-06-02 13:40:34",530
"2018-06-02 14:40:33",530
"2018-06-02 15:40:34",530
"2018-06-02 16:40:33",530
"2018-06-02 17:40:33",530
"2018-06-02 18:40:33",530
"2018-06-02 19:40:34",530
"2018-06-02 20:40:33",530
"2018-06-02 21:40:33",530
"2018-06-02 22:40:33",530
"2018-06-02 23:40:34",530
"2018-06-03 00:40:33",530
"2018-06-03 01:40:33",530
"2018-06-03 02:40:33",530
"2018-06-03 03:40:33",530
"2018-06-03 04:40:33",530
"2018-06-03 05:40:34",530
"2018-06-03 06:40:33",530
"2018-06-03 19:42:47",530
"2018-06-03 20:40:34",530
"2018-06-03 21:40:33",530
"2018-06-03 22:40:34",530
"2018-06-03 23:40:33",530
"2018-06-04 00:40:33",530
"2018-06-04 01:40:33",530
"2018-06-04 02:40:33",530
"2018-06-04 03:40:33",530
"2018-06-04 04:40:35",530
"2018-06-04 05:40:34",530
"2018-06-04 06:40:33",530
"2018-06-04 07:40:34",530
"2018-06-04 08:40:33",530
"2018-06-04 09:40:33",530
"2018-06-04 10:40:32",530
"2018-06-04 11:40:32",530
"2018-06-04 12:40:32",530
"2018-06-04 13:40:33",529
"2018-06-04 14:40:33",553
"2018-06-04 15:40:32",566
"2018-06-04 16:40:32",578
"2018-06-04 17:40:32",587
"2018-06-04 18:40:32",598
"2018-06-04 19:40:32",610
"2018-06-04 20:40:32",645
"2018-06-04 21:40:32",670
"2018-06-04 22:40:32",678
"2018-06-04 23:40:33",678
"2018-06-05 00:40:33",678
"2018-06-05 01:40:32",678
"2018-06-05 02:40:33",678
"2018-06-05 03:40:32",678
"2018-06-05 04:40:32",678
"2018-06-05 05:40:32",678
"2018-06-05 06:40:32",678
"2018-06-05 07:40:32",678
"2018-06-05 08:40:32",678
"2018-06-05 09:40:33",678
"2018-06-05 10:40:32",678
"2018-06-05 11:40:32",678
"2018-06-05 12:40:32",678
"2018-06-05 13:40:33",678
"2018-06-05 14:40:33",674
"2018-06-05 15:40:33",666
"2018-06-05 16:40:33",655
"2018-06-05 17:40:32",651
"2018-06-05 18:40:32",646
"2018-06-05 19:40:33",649
"2018-06-05 20:40:32",646
"2018-06-05 21:40:32",646
"2018-06-05 22:40:32",649
"2018-06-05 23:40:32",649
"2018-06-06 00:40:33",649
"2018-06-06 01:40:32",649
"2018-06-06 02:40:32",649
"2018-06-06 03:40:33",649
"2018-06-06 04:40:32",649
"2018-06-06 05:40:33",649
"2018-06-06 06:40:33",649
"2018-06-06 07:40:32",649
"2018-06-06 08:40:33",649
"2018-06-06 09:40:32",649
"2018-06-06 10:40:32",649
"2018-06-06 11:40:33",649
"2018-06-06 12:40:33",649
"2018-06-06 13:40:33",650
"2018-06-06 14:40:33",656
"2018-06-06 15:40:34",656
"2018-06-06 16:40:34",662
"2018-06-06 17:40:34",666
"2018-06-06 18:40:34",663
"2018-06-06 19:40:33",664
"2018-06-06 20:40:33",660
"2018-06-06 21:40:33",660
"2018-06-06 22:40:33",660
"2018-06-06 23:40:34",660
"2018-06-07 00:40:33",660
"2018-06-07 01:40:33",660
"2018-06-07 02:40:34",660
"2018-06-07 03:40:33",660
"2018-06-07 04:40:34",660
"2018-06-07 05:40:34",660
"2018-06-07 06:40:33",660
"2018-06-07 07:40:33",660
"2018-06-07 08:40:34",660
"2018-06-07 09:40:33",660
"2018-06-07 10:40:33",660
"2018-06-07 11:40:33",660
"2018-06-07 12:40:34",660
"2018-06-07 13:40:34",660
"2018-06-07 14:40:35",659
"2018-06-07 15:40:34",653
"2018-06-07 16:40:35",659
"2018-06-07 17:40:35",655
"2018-06-07 18:40:34",654
"2018-06-07 19:40:34",661
"2018-06-07 20:40:34",662
"2018-06-07 21:40:34",662
"2018-06-07 22:40:35",662
"2018-06-07 23:40:35",662
"2018-06-08 00:40:35",662
"2018-06-08 01:40:34",662
"2018-06-08 02:40:34",662
"2018-06-08 03:40:34",662
"2018-06-08 04:40:35",662
"2018-06-08 05:40:34",662
"2018-06-08 06:40:35",662
"2018-06-08 07:40:35",662
"2018-06-08 08:40:34",662
"2018-06-08 09:40:34",662
"2018-06-08 10:40:34",662
"2018-06-08 11:40:34",662
"2018-06-08 12:40:35",662
"2018-06-08 13:40:35",662
"2018-06-08 14:40:35",656
"2018-06-08 15:40:34",661
"2018-06-08 16:40:35",664
"2018-06-08 17:40:35",668
"2018-06-08 18:40:35",665
"2018-06-08 19:40:35",664
"2018-06-08 20:40:34",664
"2018-06-08 21:40:35",664
"2018-06-08 22:40:34",664
"2018-06-08 23:40:34",664
"2018-06-09 00:40:34",664
"2018-06-09 01:40:35",664
"2018-06-09 02:40:34",664
"2018-06-09 03:40:35",664
"2018-06-09 04:40:35",664
"2018-06-09 05:40:34",664
"2018-06-09 06:40:36",664
"2018-06-09 07:40:34",664
"2018-06-09 08:40:34",664
"2018-06-09 09:40:34",664
"2018-06-09 10:40:35",664
"2018-06-09 11:40:35",664
"2018-06-09 12:40:35",664
"2018-06-09 13:40:35",664
"2018-06-09 14:40:35",664
"2018-06-09 15:40:34",664
"2018-06-09 16:40:35",664
"2018-06-09 17:40:35",664
"2018-06-09 18:40:35",664
"2018-06-09 19:40:34",664
"2018-06-09 20:40:35",664
"2018-06-09 21:40:35",664
"2018-06-09 22:40:34",664
"2018-06-09 23:40:35",664
"2018-06-10 00:40:34",664
"2018-06-10 01:40:34",664
"2018-06-10 02:40:35",664
"2018-06-10 03:40:34",664
"2018-06-10 04:40:35",664
"2018-06-10 05:40:34",664
"2018-06-10 06:40:34",664
"2018-06-10 07:40:35",664
"2018-06-10 08:40:34",664
"2018-06-10 09:40:34",664
"2018-06-10 10:40:35",664
"2018-06-10 11:40:34",664
"2018-06-10 12:40:34",664
"2018-06-10 13:40:34",664
"2018-06-10 14:40:35",664
"2018-06-10 15:40:34",664
"2018-06-10 16:40:35",664
"2018-06-10 17:40:35",664
"2018-06-10 18:40:35",664
"2018-06-10 19:40:34",664
"2018-06-10 20:40:34",664
"2018-06-10 21:40:34",664
"2018-06-10 22:40:34",664
"2018-06-10 23:40:34",664
"2018-06-11 00:40:35",664
"2018-06-11 01:40:34",664
"2018-06-11 02:40:34",664
"2018-06-11 03:40:34",664
"2018-06-11 04:40:34",664
"2018-06-11 06:40:34",664
"2018-06-11 07:40:34",664
"2018-06-11 08:40:35",664
"2018-06-11 09:40:34",664
"2018-06-11 10:40:35",664
"2018-06-11 11:40:34",664
"2018-06-11 12:40:35",664
"2018-06-11 13:40:35",664
"2018-06-11 14:40:34",657
"2018-06-11 15:40:34",656
"2018-06-11 16:40:35",657
"2018-06-11 17:40:34",654
"2018-06-11 18:40:34",653
"2018-06-11 19:40:34",654
"2018-06-11 20:40:34",655
"2018-06-11 21:40:34",655
"2018-06-11 22:40:34",653
"2018-06-11 23:40:34",653
"2018-06-12 00:40:34",653
"2018-06-12 01:40:35",653
"2018-06-12 02:40:34",653
"2018-06-12 03:40:35",653
"2018-06-12 04:40:34",653
"2018-06-12 05:40:34",653
"2018-06-12 06:40:35",653
"2018-06-12 07:40:34",653
"2018-06-12 08:40:34",653
"2018-06-12 09:40:34",653
"2018-06-12 10:40:34",653
"2018-06-12 11:40:34",653
"2018-06-12 12:40:35",653
"2018-06-12 13:40:35",653
"2018-06-12 14:40:34",651
"2018-06-12 15:40:34",656
"2018-06-12 16:40:34",655
"2018-06-12 17:40:34",653
"2018-06-12 18:40:34",654
"2018-06-12 19:40:35",654
"2018-06-12 20:40:34",653
"2018-06-12 21:40:34",652
"2018-06-12 22:40:34",652
"2018-06-12 23:40:34",652
"2018-06-13 00:40:34",652
"2018-06-13 01:40:34",652
"2018-06-13 02:40:34",652
"2018-06-13 03:40:34",652
"2018-06-13 04:40:35",652
"2018-06-13 05:40:34",652
"2018-06-13 06:40:34",652
"2018-06-13 07:40:35",652
"2018-06-13 08:40:35",652
"2018-06-13 09:40:34",652
"2018-06-13 10:40:34",652
"2018-06-13 11:40:34",652
"2018-06-13 12:40:34",653
"2018-06-13 13:40:35",653
"2018-06-13 14:40:35",660
"2018-06-13 15:40:34",661
"2018-06-13 16:40:35",659
"2018-06-13 17:40:34",657
"2018-06-13 18:40:35",661
"2018-06-13 19:40:34",662
"2018-06-13 20:40:35",664
"2018-06-13 21:40:35",664
"2018-06-13 22:40:34",664
"2018-06-13 23:40:34",664
"2018-06-14 00:40:34",664
"2018-06-14 01:40:34",664
"2018-06-14 02:40:35",664
"2018-06-14 03:40:35",664
"2018-06-14 04:40:34",664
"2018-06-14 05:40:34",664
"2018-06-14 06:40:34",664
"2018-06-14 07:40:35",664
"2018-06-14 08:40:35",664
"2018-06-14 09:40:33",664
"2018-06-14 10:40:34",664
"2018-06-14 11:40:35",664
"2018-06-14 12:40:35",664
"2018-06-14 13:40:35",664
"2018-06-14 14:40:34",667
"2018-06-14 15:40:35",665
"2018-06-14 16:40:34",665
"2018-06-14 17:40:34",665
"2018-06-14 18:40:35",665
"2018-06-14 19:40:35",663
"2018-06-14 20:40:35",664
"2018-06-14 21:40:35",664
"2018-06-14 22:40:35",664
"2018-06-14 23:40:34",664
"2018-06-15 00:40:34",664
"2018-06-15 01:40:34",664
"2018-06-15 02:40:34",664
"2018-06-15 03:40:34",664
"2018-06-15 04:40:34",664
"2018-06-15 05:40:35",664
"2018-06-15 06:40:35",664
"2018-06-15 07:40:34",664
"2018-06-15 08:40:34",664
"2018-06-15 09:40:34",664
"2018-06-15 10:40:35",664
"2018-06-15 11:40:34",664
"2018-06-15 12:40:35",664
"2018-06-15 13:40:35",664
"2018-06-15 14:40:35",659
"2018-06-15 15:40:34",658
"2018-06-15 16:40:35",656
"2018-06-15 17:40:35",655
"2018-06-15 18:40:36",656
"2018-06-15 19:40:35",658
"2018-06-15 20:40:36",659
"2018-06-15 21:40:35",659
"2018-06-15 22:40:35",659
"2018-06-15 23:40:36",659
"2018-06-16 00:40:36",659
"2018-06-16 01:40:35",659
"2018-06-16 02:40:35",659
"2018-06-16 03:40:36",659
"2018-06-16 04:40:36",659
"2018-06-16 05:40:36",659
"2018-06-16 06:40:36",659
"2018-06-16 07:40:35",659
"2018-06-16 08:40:36",659
"2018-06-16 09:40:36",659
"2018-06-16 10:40:35",659
"2018-06-16 11:40:36",659
"2018-06-16 12:40:35",659
"2018-06-16 13:40:36",659
"2018-06-16 14:40:36",659
"2018-06-16 15:40:36",659
"2018-06-16 16:40:36",659
"2018-06-16 17:40:35",659
"2018-06-16 18:40:35",659
"2018-06-16 19:40:36",659
"2018-06-16 20:40:36",659
"2018-06-16 21:40:35",659
"2018-06-16 22:40:36",659
"2018-06-16 23:40:35",659
"2018-06-17 00:40:35",659
"2018-06-17 01:40:36",659
"2018-06-17 02:40:36",659
"2018-06-17 03:40:36",659
"2018-06-17 04:40:36",659
"2018-06-17 05:40:36",659
"2018-06-17 06:40:35",659
"2018-06-17 07:40:36",659
"2018-06-17 08:40:35",659
"2018-06-17 09:40:35",659
"2018-06-17 10:40:35",659
"2018-06-17 11:40:35",659
"2018-06-17 12:40:36",659
"2018-06-17 13:40:36",659
"2018-06-17 14:40:35",659
"2018-06-17 15:40:35",659
"2018-06-17 16:40:35",659
"2018-06-17 17:40:35",659
"2018-06-17 18:40:35",659
"2018-06-17 19:40:36",659
"2018-06-17 20:40:36",659
"2018-06-17 21:40:35",659
"2018-06-17 22:40:35",659
"2018-06-17 23:40:35",659
"2018-06-18 00:40:35",659
"2018-06-18 01:40:35",659
"2018-06-18 02:40:36",659
"2018-06-18 03:40:35",659
"2018-06-18 04:40:36",659
"2018-06-18 05:40:35",659
"2018-06-18 06:40:35",659
"2018-06-18 07:40:35",659
"2018-06-18 08:40:35",659
"2018-06-18 09:40:35",659
"2018-06-18 10:40:34",659
"2018-06-18 11:40:35",657
"2018-06-18 12:40:35",657
"2018-06-18 13:40:36",657
"2018-06-18 14:40:35",660
"2018-06-18 15:40:35",658
"2018-06-18 16:40:35",657
"2018-06-18 17:40:35",659
"2018-06-18 18:40:36",663
"2018-06-18 19:40:36",665
"2018-06-18 20:40:36",666
"2018-06-18 21:40:35",666
"2018-06-18 22:40:36",666
"2018-06-18 23:40:35",666
"2018-06-19 00:40:35",666
"2018-06-19 01:40:35",666
"2018-06-19 02:40:36",666
"2018-06-19 03:40:35",666
"2018-06-19 04:40:35",666
"2018-06-19 05:40:35",666
"2018-06-19 06:40:36",666
"2018-06-19 07:40:36",666
"2018-06-19 08:40:36",666
"2018-06-19 09:40:35",666
"2018-06-19 10:40:36",666
"2018-06-19 11:40:35",666
"2018-06-19 12:40:35",666
"2018-06-19 13:40:38",666
"2018-06-19 14:40:35",656
"2018-06-19 15:40:35",661
"2018-06-19 16:40:35",666
"2018-06-19 17:40:36",667
"2018-06-19 18:40:35",666
"2018-06-19 19:40:35",665
"2018-06-19 20:40:35",664
"2018-06-19 21:40:35",664
"2018-06-19 22:40:35",664
"2018-06-19 23:40:35",664
"2018-06-20 00:40:39",664
"2018-06-20 01:40:36",664
"2018-06-20 02:40:35",664
"2018-06-20 03:40:36",664
"2018-06-20 04:40:36",664
"2018-06-20 05:40:35",664
"2018-06-20 06:40:36",664
"2018-06-20 07:40:35",664
"2018-06-20 08:40:35",664
"2018-06-20 09:40:35",664
"2018-06-20 10:40:35",664
"2018-06-20 11:40:35",664
"2018-06-20 12:40:35",664
"2018-06-20 14:05:09",669
"2018-06-20 14:40:37",669
"2018-06-20 15:40:35",671
"2018-06-20 16:40:36",675
"2018-06-20 17:40:35",677
"2018-06-20 18:40:36",680
"2018-06-20 19:40:36",677
"2018-06-20 20:40:35",677
"2018-06-20 21:40:35",677
"2018-06-20 22:40:36",677
"2018-06-20 23:40:36",677
"2018-06-21 00:40:36",677
"2018-06-21 01:40:35",677
"2018-06-21 02:40:36",677
"2018-06-21 03:40:36",677
"2018-06-21 04:40:36",677
"2018-06-21 05:40:36",677
"2018-06-21 06:40:35",677
"2018-06-21 07:40:35",677
"2018-06-21 08:40:36",677
"2018-06-21 09:40:35",677
"2018-06-21 10:40:35",677
"2018-06-21 11:40:35",677
"2018-06-21 12:40:35",677
"2018-06-21 13:40:35",677
"2018-06-21 14:40:36",679
"2018-06-21 15:40:35",682
"2018-06-21 16:40:35",686
"2018-06-21 17:40:36",686
"2018-06-21 18:40:36",684
"2018-06-21 19:40:36",684
"2018-06-21 20:40:36",683
"2018-06-21 21:40:35",683
"2018-06-21 22:40:36",683
"2018-06-21 23:40:35",683
"2018-06-22 00:40:36",683
"2018-06-22 01:40:35",683
"2018-06-22 02:40:36",683
"2018-06-22 03:40:35",683
"2018-06-22 04:40:35",683
"2018-06-22 05:40:36",683
"2018-06-22 06:40:35",683
"2018-06-22 07:40:35",683
"2018-06-22 08:40:36",683
"2018-06-22 09:40:35",683
"2018-06-22 10:40:35",683
"2018-06-22 11:40:35",683
"2018-06-22 12:40:35",683
"2018-06-22 13:40:36",683
"2018-06-22 15:04:38",678
"2018-06-22 15:40:36",678
"2018-06-22 16:40:36",676
"2018-06-22 17:40:36",676
"2018-06-22 18:40:36",676
"2018-06-22 19:40:36",673
"2018-06-22 20:40:35",676
"2018-06-22 21:40:35",675
"2018-06-22 22:40:35",675
"2018-06-22 23:40:36",675
"2018-06-23 00:40:35",675
"2018-06-23 01:40:35",675
"2018-06-23 02:40:36",675
"2018-06-23 03:40:35",675
"2018-06-23 04:40:35",675
"2018-06-23 05:40:36",675
"2018-06-23 06:40:35",675
"2018-06-23 07:40:35",675
"2018-06-23 08:40:35",675
"2018-06-23 09:40:35",675
"2018-06-23 10:40:35",675
"2018-06-23 11:40:36",675
"2018-06-23 12:40:35",675
"2018-06-23 13:40:36",675
"2018-06-23 14:40:35",675
"2018-06-23 15:40:36",675
"2018-06-23 16:40:36",675
"2018-06-23 17:40:35",675
"2018-06-23 18:40:35",675
"2018-06-23 19:40:36",675
"2018-06-23 20:40:36",675
"2018-06-23 21:40:36",675
"2018-06-23 22:40:35",675
"2018-06-23 23:40:35",675
"2018-06-24 00:40:40",675
"2018-06-24 01:40:35",675
"2018-06-24 02:40:35",675
"2018-06-24 03:40:37",675
"2018-06-24 04:40:35",675
"2018-06-24 05:40:35",675
"2018-06-24 06:40:36",675
"2018-06-24 07:40:36",675
"2018-06-24 08:40:35",675
"2018-06-24 09:40:35",675
"2018-06-24 10:40:41",675
"2018-06-24 11:40:36",675
"2018-06-24 12:40:36",675
"2018-06-24 13:40:35",675
"2018-06-24 14:40:37",675
"2018-06-24 15:40:40",675
"2018-06-24 16:40:35",675
"2018-06-24 17:40:35",675
"2018-06-24 18:40:35",675
"2018-06-24 19:40:36",675
"2018-06-24 20:40:35",675
"2018-06-24 21:40:35",675
"2018-06-24 22:40:35",675
"2018-06-24 23:40:35",675
"2018-06-25 00:40:35",675
"2018-06-25 01:40:36",675
"2018-06-25 02:40:36",675
"2018-06-25 03:40:36",675
"2018-06-25 04:40:36",675
"2018-06-25 05:40:36",675
"2018-06-25 06:40:36",675
"2018-06-25 07:40:35",675
"2018-06-25 08:40:36",675
"2018-06-25 09:40:36",675
"2018-06-25 10:40:35",675
"2018-06-25 11:40:35",675
"2018-06-25 12:40:35",675
"2018-06-25 13:40:36",675
"2018-06-25 14:40:35",672
"2018-06-25 15:40:35",671
"2018-06-25 16:40:35",667
"2018-06-25 17:40:36",665
"2018-06-25 18:40:35",664
"2018-06-25 19:40:35",664
"2018-06-25 20:40:36",664
"2018-06-25 21:40:36",663
"2018-06-25 22:40:34",663
"2018-06-26 01:09:01",662
"2018-06-26 01:40:36",662
"2018-06-26 02:40:36",662
"2018-06-26 03:40:38",662
"2018-06-26 04:40:38",662
"2018-06-26 05:40:35",662
"2018-06-26 06:40:35",662
"2018-06-26 07:40:36",662
"2018-06-26 08:40:36",662
"2018-06-26 09:40:36",662
"2018-06-26 10:40:36",662
"2018-06-26 11:40:37",662
"2018-06-26 12:40:38",662
"2018-06-26 13:40:39",662
"2018-06-26 14:40:37",663
"2018-06-26 15:40:41",665
"2018-06-26 16:40:37",666
"2018-06-26 17:40:36",666
"2018-06-26 18:40:37",669
"2018-06-26 19:40:37",670
"2018-06-26 20:40:37",668
"2018-06-26 21:40:36",668
"2018-06-26 22:40:36",668
"2018-06-26 23:40:36",668
"2018-06-27 00:40:36",668
"2018-06-27 01:40:36",668
"2018-06-27 02:40:37",668
"2018-06-27 03:40:37",668
"2018-06-27 04:40:38",668
"2018-06-27 05:40:37",668
"2018-06-27 06:40:37",668
"2018-06-27 07:40:36",668
"2018-06-27 08:40:36",668
"2018-06-27 09:40:37",668
"2018-06-27 10:40:36",668
"2018-06-27 11:40:37",668
"2018-06-27 12:40:37",668
"2018-06-27 13:40:41",668
"2018-06-27 14:40:39",671
"2018-06-27 15:40:40",673
"2018-06-27 16:40:37",670
"2018-06-27 17:40:36",668
"2018-06-27 18:40:37",663
"2018-06-27 19:40:37",664
"2018-06-27 20:40:36",661
"2018-06-27 21:40:36",661
"2018-06-27 22:40:36",661
"2018-06-27 23:40:36",661
"2018-06-28 00:40:37",661
"2018-06-28 01:40:36",661
"2018-06-28 02:40:37",661
"2018-06-28 03:40:39",661
"2018-06-28 04:40:38",661
"2018-06-28 05:40:38",661
"2018-06-28 06:40:37",661
"2018-06-28 07:40:37",661
"2018-06-28 08:40:37",661
"2018-06-28 09:40:36",661
"2018-06-28 10:40:37",661
"2018-06-28 11:40:36",661
"2018-06-28 12:40:36",661
"2018-06-28 13:40:37",661
"2018-06-28 14:40:40",657
"2018-06-28 15:40:39",659
"2018-06-28 16:40:36",659
"2018-06-28 17:40:37",657
"2018-06-28 18:40:36",656
"2018-06-28 19:40:37",656
"2018-06-28 20:40:37",658
"2018-06-28 21:40:36",658
"2018-06-28 22:40:36",658
"2018-06-28 23:40:37",658
"2018-06-29 00:40:36",658
"2018-06-29 01:40:36",658
"2018-06-29 02:40:36",658
"2018-06-29 03:40:38",658
"2018-06-29 04:40:38",658
"2018-06-29 05:40:36",658
"2018-06-29 06:40:37",658
"2018-06-29 07:40:37",658
"2018-06-29 08:40:37",658
"2018-06-29 09:40:37",658
"2018-06-29 10:40:36",658
"2018-06-29 11:40:37",658
"2018-06-29 12:40:37",658
"2018-06-29 13:40:37",658
"2018-06-29 14:40:38",658
"2018-06-29 15:40:37",658
"2018-06-29 16:40:38",657
"2018-06-29 17:40:37",657
"2018-06-29 18:40:37",659
"2018-06-29 19:40:39",657
"2018-06-29 20:40:37",659
"2018-06-29 21:40:38",659
"2018-06-29 22:40:38",659
"2018-06-29 23:40:38",659
"2018-06-30 00:40:38",659
"2018-06-30 01:40:37",659
"2018-06-30 02:40:38",659
"2018-06-30 03:40:40",659
"2018-06-30 04:40:39",659
"2018-06-30 05:40:39",659
"2018-06-30 06:40:38",659
"2018-06-30 07:40:37",659
"2018-06-30 08:40:38",659
"2018-06-30 09:40:37",659
"2018-06-30 10:40:38",659
"2018-06-30 11:40:37",659
"2018-06-30 12:40:38",659
"2018-06-30 13:40:42",659
"2018-06-30 14:40:38",659
"2018-06-30 15:40:38",659
"2018-06-30 16:40:42",659
"2018-06-30 17:40:37",659
"2018-06-30 18:40:37",659
"2018-06-30 19:40:41",659
"2018-06-30 20:40:37",659
"2018-06-30 21:40:37",659
"2018-06-30 22:40:37",659
"2018-06-30 23:40:37",659
"2018-07-01 00:40:38",659
"2018-07-01 01:40:38",659
"2018-07-01 02:40:38",659
"2018-07-01 03:40:38",659
"2018-07-01 04:40:37",659
"2018-07-01 05:40:38",659
"2018-07-01 06:40:38",659
"2018-07-01 07:40:37",659
"2018-07-01 08:40:37",659
"2018-07-01 09:40:37",659
"2018-07-01 10:40:38",659
"2018-07-01 11:40:37",659
"2018-07-01 12:40:38",659
"2018-07-01 13:40:38",659
"2018-07-01 14:40:38",659
"2018-07-01 15:40:37",659
"2018-07-01 16:40:38",659
"2018-07-01 17:40:38",659
"2018-07-01 18:40:38",659
"2018-07-01 19:40:40",659
"2018-07-01 20:40:38",659
"2018-07-01 21:40:38",659
"2018-07-01 22:40:37",659
"2018-07-01 23:40:38",659
"2018-07-02 00:40:38",659
"2018-07-02 01:40:39",659
"2018-07-02 02:40:38",659
"2018-07-02 03:40:37",659
"2018-07-02 04:40:37",659
"2018-07-02 05:40:38",659
"2018-07-02 06:40:38",659
"2018-07-02 07:40:38",659
"2018-07-02 08:40:38",659
"2018-07-02 09:40:38",659
"2018-07-02 10:40:38",659
"2018-07-02 11:40:37",659
"2018-07-02 12:40:38",659
"2018-07-02 13:40:38",659
"2018-07-02 14:40:37",658
"2018-07-02 15:40:38",657
"2018-07-02 16:40:38",658
"2018-07-02 17:40:38",657
"2018-07-02 18:40:37",657
"2018-07-02 19:40:37",657
"2018-07-02 20:40:38",656
"2018-07-02 21:40:37",656
"2018-07-02 22:40:38",656
"2018-07-02 23:40:38",656
"2018-07-03 00:40:37",656
"2018-07-03 01:40:37",656
"2018-07-03 02:40:37",656
"2018-07-03 03:40:37",656
"2018-07-03 04:40:38",656
"2018-07-03 05:40:38",656
"2018-07-03 06:40:37",656
"2018-07-03 07:40:37",656
"2018-07-03 08:40:37",656
"2018-07-03 09:40:38",656
"2018-07-03 10:40:37",656
"2018-07-03 11:40:38",656
"2018-07-03 12:40:38",656
"2018-07-03 13:40:38",656
"2018-07-03 14:40:38",657
"2018-07-03 15:40:37",655
"2018-07-03 16:40:37",657
"2018-07-03 17:40:38",657
"2018-07-03 18:40:37",657
"2018-07-03 19:40:38",657
"2018-07-03 20:40:37",657
"2018-07-03 21:40:37",657
"2018-07-03 22:40:37",657
"2018-07-03 23:40:37",657
"2018-07-04 00:40:37",657
"2018-07-04 01:40:38",657
"2018-07-04 02:40:38",657
"2018-07-04 03:40:38",657
"2018-07-04 04:40:37",657
"2018-07-04 05:40:37",657
"2018-07-04 06:40:38",657
"2018-07-04 07:40:38",657
"2018-07-04 08:40:38",657
"2018-07-04 09:40:38",657
"2018-07-04 10:40:38",657
"2018-07-04 11:40:37",657
"2018-07-04 12:40:37",657
"2018-07-04 13:40:38",657
"2018-07-04 14:40:38",657
"2018-07-04 15:40:37",657
"2018-07-04 16:40:38",657
"2018-07-04 17:40:38",657
"2018-07-04 18:40:37",657
"2018-07-04 19:40:37",657
"2018-07-04 20:40:38",657
"2018-07-04 21:40:38",657
"2018-07-04 22:40:37",657
"2018-07-04 23:40:37",657
"2018-07-05 00:40:37",657
"2018-07-05 01:40:37",657
"2018-07-05 02:40:38",657
"2018-07-05 03:40:38",657
"2018-07-05 04:40:38",657
"2018-07-05 05:40:37",657
"2018-07-05 06:40:37",657
"2018-07-05 07:40:38",657
"2018-07-05 08:40:37",657
"2018-07-05 09:40:37",657
"2018-07-05 10:40:38",657
"2018-07-05 11:40:38",657
"2018-07-05 12:40:37",657
"2018-07-05 13:40:38",657
"2018-07-05 14:40:38",658
"2018-07-05 15:40:38",656
"2018-07-05 16:40:37",655
"2018-07-05 17:40:38",656
"2018-07-05 18:40:37",658
"2018-07-05 19:40:39",656
"2018-07-05 20:40:37",658
"2018-07-05 21:40:38",658
"2018-07-05 22:40:38",658
"2018-07-05 23:40:37",658
"2018-07-06 00:40:37",658
"2018-07-06 01:40:37",658
"2018-07-06 02:40:37",658
"2018-07-06 03:40:37",658
"2018-07-06 04:40:38",658
"2018-07-06 05:40:37",658
"2018-07-06 06:40:37",658
"2018-07-06 07:40:37",658
"2018-07-06 08:40:38",658
"2018-07-06 09:40:37",658
"2018-07-06 10:40:38",658
"2018-07-06 11:40:38",658
"2018-07-06 12:40:38",658
"2018-07-06 13:40:38",658
"2018-07-06 14:40:38",657
"2018-07-06 15:40:38",660
"2018-07-06 16:40:38",663
"2018-07-06 17:40:38",664
"2018-07-06 18:40:37",661
"2018-07-06 19:40:39",662
"2018-07-06 20:40:38",657
"2018-07-06 21:40:38",657
"2018-07-06 22:40:37",657
"2018-07-06 23:40:37",657
"2018-07-07 00:40:38",657
"2018-07-07 01:40:37",657
"2018-07-07 02:40:38",657
"2018-07-07 03:40:38",657
"2018-07-07 04:40:38",657
"2018-07-07 05:40:37",657
"2018-07-07 06:40:38",657
"2018-07-07 07:40:38",657
"2018-07-07 08:40:38",657
"2018-07-07 09:40:37",657
"2018-07-07 10:40:38",657
"2018-07-07 11:40:38",657
"2018-07-07 12:40:37",657
"2018-07-07 13:40:38",657
"2018-07-07 14:40:38",657
"2018-07-07 15:40:37",657
"2018-07-07 16:40:38",657
"2018-07-07 17:40:38",657
"2018-07-07 18:40:38",657
"2018-07-07 19:40:39",657
"2018-07-07 20:40:37",657
"2018-07-07 21:40:37",657
"2018-07-07 22:40:38",657
"2018-07-07 23:40:38",657
"2018-07-08 00:40:38",657
"2018-07-08 01:40:38",657
"2018-07-08 02:40:38",657
"2018-07-08 03:40:38",657
"2018-07-08 04:40:38",657
"2018-07-08 05:40:38",657
"2018-07-08 06:40:38",657
"2018-07-08 07:40:38",657
"2018-07-08 08:40:37",657
"2018-07-08 09:40:38",657
"2018-07-08 10:40:37",657
"2018-07-08 11:40:37",657
"2018-07-08 12:40:38",657
"2018-07-08 13:40:37",657
"2018-07-08 14:40:37",657
"2018-07-08 15:40:38",657
"2018-07-08 16:40:37",657
"2018-07-08 17:40:37",657
"2018-07-08 18:40:38",657
"2018-07-08 19:40:40",657
"2018-07-08 20:40:38",657
"2018-07-08 21:40:37",657
"2018-07-08 22:40:38",657
"2018-07-08 23:40:37",657
"2018-07-09 00:40:38",657
"2018-07-09 01:40:38",657
"2018-07-09 02:40:38",657
"2018-07-09 03:40:39",657
"2018-07-09 04:40:37",657
"2018-07-09 05:40:38",657
"2018-07-09 06:40:37",657
"2018-07-09 07:40:38",657
"2018-07-09 08:40:38",657
"2018-07-09 09:40:38",657
"2018-07-09 10:40:38",657
"2018-07-09 11:40:37",657
"2018-07-09 12:40:38",657
"2018-07-09 13:40:40",657
"2018-07-09 14:40:37",658
"2018-07-09 15:40:37",659
"2018-07-09 16:40:37",657
"2018-07-09 17:40:38",656
"2018-07-09 18:40:38",657
"2018-07-09 19:40:39",657
"2018-07-09 20:40:37",656
"2018-07-09 21:40:37",656
"2018-07-09 22:40:38",656
"2018-07-09 23:40:37",656
"2018-07-10 00:40:38",656
"2018-07-10 01:40:40",656
"2018-07-10 02:40:38",656
"2018-07-10 03:40:38",656
"2018-07-10 04:40:38",656
"2018-07-10 05:40:38",656
"2018-07-10 06:40:38",656
"2018-07-10 07:40:37",656
"2018-07-10 08:40:37",656
"2018-07-10 09:40:38",656
"2018-07-10 10:40:37",656
"2018-07-10 11:40:38",656
"2018-07-10 12:40:37",656
"2018-07-10 13:40:40",656
"2018-07-10 14:40:38",656
"2018-07-10 15:40:38",655
"2018-07-10 16:40:38",656
"2018-07-10 17:40:38",655
"2018-07-10 18:40:37",659
"2018-07-10 19:40:40",659
"2018-07-10 20:40:38",661
"2018-07-10 21:40:37",661
"2018-07-10 22:40:39",661
"2018-07-10 23:40:38",661
"2018-07-11 00:40:38",661
"2018-07-11 01:40:38",661
"2018-07-11 02:40:38",661
"2018-07-11 03:40:38",661
"2018-07-11 04:40:38",661
"2018-07-11 05:40:38",661
"2018-07-11 06:40:38",661
"2018-07-11 07:40:38",661
"2018-07-11 08:40:38",661
"2018-07-11 09:40:38",661
"2018-07-11 10:40:38",661
"2018-07-11 11:40:38",661
"2018-07-11 12:40:37",661
"2018-07-11 13:40:38",661
"2018-07-11 14:40:38",662
"2018-07-11 15:40:38",661
"2018-07-11 16:40:38",661
"2018-07-11 17:40:37",661
"2018-07-11 18:40:38",661
"2018-07-11 19:40:38",662
"2018-07-11 20:40:38",664
"2018-07-11 21:40:37",664
"2018-07-11 22:40:38",664
"2018-07-11 23:40:38",664
"2018-07-12 00:40:38",664
"2018-07-12 01:40:37",664
"2018-07-12 02:40:38",664
"2018-07-12 03:40:38",664
"2018-07-12 04:40:38",664
"2018-07-12 05:40:38",664
"2018-07-12 06:40:38",664
"2018-07-12 07:40:38",664
"2018-07-12 08:40:38",664
"2018-07-12 09:40:38",664
"2018-07-12 10:40:37",664
"2018-07-12 11:40:37",664
"2018-07-12 12:40:38",664
"2018-07-12 13:40:38",664
"2018-07-12 14:40:38",663
"2018-07-12 15:40:38",658
"2018-07-12 16:40:39",657
"2018-07-12 17:40:37",659
"2018-07-12 18:40:38",659
"2018-07-12 19:40:40",658
"2018-07-12 20:40:37",656
"2018-07-12 21:40:37",656
"2018-07-12 22:40:38",656
"2018-07-12 23:40:38",656
"2018-07-13 00:40:38",656
"2018-07-13 01:40:38",656
"2018-07-13 02:40:38",656
"2018-07-13 03:40:38",656
"2018-07-13 04:40:38",656
"2018-07-13 05:40:38",656
"2018-07-13 06:40:38",656
"2018-07-13 07:40:37",656
"2018-07-13 08:40:38",656
"2018-07-13 09:40:38",656
"2018-07-13 10:40:37",656
"2018-07-13 11:40:37",656
"2018-07-13 12:40:38",656
"2018-07-13 13:40:41",656
"2018-07-13 14:40:39",662
"2018-07-13 15:40:39",665
"2018-07-13 16:40:39",670
"2018-07-13 17:40:38",671
"2018-07-13 18:40:38",675
"2018-07-13 19:40:39",677
"2018-07-13 20:40:39",678
"2018-07-13 21:40:38",678
"2018-07-13 22:40:38",678
"2018-07-13 23:40:39",678
"2018-07-14 00:40:39",678
"2018-07-14 01:40:38",678
"2018-07-14 02:40:39",678
"2018-07-14 03:40:39",678
"2018-07-14 04:40:39",678
"2018-07-14 05:40:38",678
"2018-07-14 06:40:38",678
"2018-07-14 07:40:38",678
"2018-07-14 08:40:38",678
"2018-07-14 09:40:39",678
"2018-07-14 10:40:39",678
"2018-07-14 11:40:39",678
"2018-07-14 12:40:39",678
"2018-07-14 13:40:39",678
"2018-07-14 14:40:38",678
"2018-07-14 15:40:38",678
"2018-07-14 16:40:38",678
"2018-07-14 17:40:39",678
"2018-07-14 18:40:39",678
"2018-07-14 19:40:39",678
"2018-07-14 20:40:39",678
"2018-07-14 21:40:38",678
"2018-07-14 22:40:39",678
"2018-07-14 23:40:38",678
"2018-07-15 00:40:38",678
"2018-07-15 01:40:39",678
"2018-07-15 02:40:39",678
"2018-07-15 03:40:39",678
"2018-07-15 04:40:38",678
"2018-07-15 05:40:39",678
"2018-07-15 06:40:39",678
"2018-07-15 07:40:39",678
"2018-07-15 08:40:38",678
"2018-07-15 09:40:38",678
"2018-07-15 10:40:39",678
"2018-07-15 11:40:38",678
"2018-07-15 12:40:39",678
"2018-07-15 13:40:39",678
"2018-07-15 14:40:38",678
"2018-07-15 15:40:40",678
"2018-07-15 16:40:39",678
"2018-07-15 17:40:39",678
"2018-07-15 18:40:38",678
"2018-07-15 19:40:42",678
"2018-07-15 20:40:39",678
"2018-07-15 21:40:40",678
"2018-07-15 22:40:39",678
"2018-07-15 23:40:39",678
"2018-07-16 00:40:38",678
"2018-07-16 01:40:38",678
"2018-07-16 02:40:39",678
"2018-07-16 03:40:40",678
"2018-07-16 04:40:39",678
"2018-07-16 05:40:39",678
"2018-07-16 06:40:39",678
"2018-07-16 07:40:39",678
"2018-07-16 08:40:39",678
"2018-07-16 09:40:38",678
"2018-07-16 10:40:39",678
"2018-07-16 11:40:39",678
"2018-07-16 12:40:38",678
"2018-07-16 13:40:40",678
"2018-07-16 14:40:39",679
"2018-07-16 15:40:40",682
"2018-07-16 16:40:39",683
"2018-07-16 17:40:40",683
"2018-07-16 18:40:39",682
"2018-07-16 19:40:47",683
"2018-07-16 20:40:39",682
"2018-07-16 21:40:39",682
"2018-07-16 22:40:39",682
"2018-07-16 23:40:39",682
"2018-07-17 00:40:46",682
"2018-07-17 01:40:39",682
"2018-07-17 02:40:39",682
"2018-07-17 03:40:38",682
"2018-07-17 04:40:40",682
"2018-07-17 05:40:39",682
"2018-07-17 06:40:39",682
"2018-07-17 07:40:39",682
"2018-07-17 08:40:39",682
"2018-07-17 09:40:39",682
"2018-07-17 10:40:39",682
"2018-07-17 11:40:39",682
"2018-07-17 12:40:39",682
"2018-07-17 13:40:40",682
"2018-07-17 14:40:39",682
"2018-07-17 15:40:38",682
"2018-07-17 16:40:39",683
"2018-07-17 17:40:39",683
"2018-07-17 18:40:39",686
"2018-07-17 19:40:43",684
"2018-07-17 20:40:39",684
"2018-07-17 21:40:39",683
"2018-07-17 22:40:38",683
"2018-07-17 23:40:40",683
"2018-07-18 00:40:40",683
"2018-07-18 01:40:40",683
"2018-07-18 02:40:43",683
"2018-07-18 03:40:40",683
"2018-07-18 04:40:40",683
"2018-07-18 05:40:41",683
"2018-07-18 06:40:39",683
"2018-07-18 07:40:39",683
"2018-07-18 08:40:40",683
"2018-07-18 09:40:40",683
"2018-07-18 10:40:40",683
"2018-07-18 11:40:40",683
"2018-07-18 12:40:39",683
"2018-07-18 13:40:41",683
"2018-07-18 14:40:41",684
"2018-07-18 15:40:40",685
"2018-07-18 16:40:40",684
"2018-07-18 17:40:40",685
"2018-07-18 18:40:40",690
"2018-07-18 19:40:42",690
"2018-07-18 20:40:39",689
"2018-07-18 21:40:39",689
"2018-07-18 22:40:40",689
"2018-07-18 23:40:39",689
"2018-07-19 00:40:40",689
"2018-07-19 01:40:40",689
"2018-07-19 02:40:40",689
"2018-07-19 03:40:40",689
"2018-07-19 04:40:41",689
"2018-07-19 05:40:40",689
"2018-07-19 06:40:41",689
"2018-07-19 07:40:42",689
"2018-07-19 08:40:40",689
"2018-07-19 09:40:40",689
"2018-07-19 10:40:40",689
"2018-07-19 11:40:40",689
"2018-07-19 12:40:39",689
"2018-07-19 13:40:42",689
"2018-07-19 14:40:41",691
"2018-07-19 15:40:41",695
"2018-07-19 16:40:41",697
"2018-07-19 17:40:42",697
"2018-07-19 18:40:41",700
"2018-07-19 19:40:42",700
"2018-07-19 20:40:41",701
"2018-07-19 21:40:41",701
"2018-07-19 22:40:41",701
"2018-07-19 23:40:42",701
"2018-07-20 00:40:41",701
"2018-07-20 01:40:41",701
"2018-07-20 02:40:41",701
"2018-07-20 03:40:42",701
"2018-07-20 04:40:42",701
"2018-07-20 05:40:42",701
"2018-07-20 06:40:42",701
"2018-07-20 07:40:41",701
"2018-07-20 08:40:41",701
"2018-07-20 09:40:43",701
"2018-07-20 10:40:41",701
"2018-07-20 11:40:41",701
"2018-07-20 12:40:40",701
"2018-07-20 14:04:14",701
"2018-07-20 14:40:41",701
"2018-07-20 15:40:41",703
"2018-07-20 16:40:41",701
"2018-07-20 17:40:41",702
"2018-07-20 18:40:41",702
"2018-07-20 19:40:44",705
"2018-07-20 20:40:41",704
"2018-07-20 21:40:41",704
"2018-07-20 22:40:40",704
"2018-07-20 23:40:41",704
"2018-07-21 00:40:41",704
"2018-07-21 01:40:41",704
"2018-07-21 02:40:42",704
"2018-07-21 03:40:43",704
"2018-07-21 04:40:41",704
"2018-07-21 05:40:40",704
"2018-07-21 06:40:40",704
"2018-07-21 07:40:40",704
"2018-07-21 08:40:40",704
"2018-07-21 09:40:40",704
"2018-07-21 10:40:41",704
"2018-07-21 11:40:40",704
"2018-07-21 12:40:40",704
"2018-07-21 13:40:41",704
"2018-07-21 14:40:41",704
"2018-07-21 15:40:41",704
"2018-07-21 16:40:41",704
"2018-07-21 17:40:41",704
"2018-07-21 18:40:41",704
"2018-07-21 19:40:41",704
"2018-07-21 20:40:40",704
"2018-07-21 21:40:40",704
"2018-07-21 22:40:41",704
"2018-07-21 23:40:40",704
"2018-07-22 00:40:40",704
"2018-07-22 01:40:41",704
"2018-07-22 02:40:41",704
"2018-07-22 03:40:41",704
"2018-07-22 04:40:41",704
"2018-07-22 05:40:41",704
"2018-07-22 06:40:42",704
"2018-07-22 07:40:43",704
"2018-07-22 08:40:41",704
"2018-07-22 09:40:40",704
"2018-07-22 10:40:40",704
"2018-07-22 11:40:41",704
"2018-07-22 12:40:41",704
"2018-07-22 13:40:41",704
"2018-07-22 14:40:42",704
"2018-07-22 15:40:40",704
"2018-07-22 16:40:41",704
"2018-07-22 17:40:41",704
"2018-07-22 18:40:41",704
"2018-07-22 19:40:42",704
"2018-07-22 20:40:41",704
"2018-07-22 21:40:41",704
"2018-07-22 22:40:41",704
"2018-07-22 23:40:41",704
"2018-07-23 00:40:41",704
"2018-07-23 01:40:41",704
"2018-07-23 02:40:41",704
"2018-07-23 03:40:41",704
"2018-07-23 04:40:40",704
"2018-07-23 05:40:40",704
"2018-07-23 06:40:41",704
"2018-07-23 07:40:42",704
"2018-07-23 08:40:42",704
"2018-07-23 09:40:41",704
"2018-07-23 23:40:41",705
"2018-07-24 00:40:41",705
"2018-07-24 01:40:41",705
"2018-07-24 02:40:41",705
"2018-07-24 03:40:41",705
"2018-07-24 04:40:40",705
"2018-07-24 05:40:40",705
"2018-07-24 06:40:41",705
"2018-07-24 07:40:41",705
"2018-07-24 08:40:40",705
"2018-07-24 09:40:40",705
"2018-07-24 10:40:41",705
"2018-07-24 11:40:41",705
"2018-07-24 12:40:41",705
"2018-07-24 13:40:43",705
"2018-07-24 14:40:40",706
"2018-07-24 15:40:41",705
"2018-07-24 16:40:42",706
"2018-07-24 17:40:41",707
"2018-07-24 18:40:41",707
"2018-07-24 19:40:41",707
"2018-07-24 20:40:40",708
"2018-07-24 21:40:41",708
"2018-07-24 22:40:41",708
"2018-07-24 23:40:40",708
"2018-07-25 00:40:41",708
"2018-07-25 01:40:40",708
"2018-07-25 02:40:40",708
"2018-07-25 03:40:41",708
"2018-07-25 04:40:41",708
"2018-07-25 05:40:40",708
"2018-07-25 06:40:41",708
"2018-07-25 07:40:40",708
"2018-07-25 08:40:40",708
"2018-07-25 09:40:41",708
"2018-07-25 10:40:40",708
"2018-07-25 11:40:40",708
"2018-07-25 12:40:41",708
"2018-07-25 13:40:43",708
"2018-07-25 14:40:43",709
"2018-07-25 15:40:42",709
"2018-07-25 16:40:43",709
"2018-07-25 17:40:48",709
"2018-07-25 18:40:41",711
"2018-07-25 19:40:42",711
"2018-07-25 20:40:42",714
"2018-07-25 21:40:42",714
"2018-07-25 22:40:42",715
"2018-07-25 23:40:41",715
"2018-07-26 00:40:42",715
"2018-07-26 01:40:42",715
"2018-07-26 02:40:43",715
"2018-07-26 03:40:43",715
"2018-07-26 04:40:43",715
"2018-07-26 05:40:42",715
"2018-07-26 06:40:42",715
"2018-07-26 07:40:42",715
"2018-07-26 08:40:42",715
"2018-07-26 09:40:42",715
"2018-07-26 10:40:42",716
"2018-07-26 11:40:42",716
"2018-07-26 12:40:42",716
"2018-07-26 14:40:43",715
"2018-07-26 15:40:42",717
"2018-07-26 16:40:42",717
"2018-07-26 17:40:43",717
"2018-07-26 18:40:42",717
"2018-07-26 19:40:42",717
"2018-07-26 20:40:42",716
"2018-07-26 21:40:41",716
"2018-07-26 22:40:42",716
"2018-07-26 23:40:42",716
"2018-07-27 00:40:42",716
"2018-07-27 01:40:42",716
"2018-07-27 02:40:41",716
"2018-07-27 03:40:42",716
"2018-07-27 04:40:42",716
"2018-07-27 05:40:42",716
"2018-07-27 06:40:42",716
"2018-07-27 07:40:42",716
"2018-07-27 08:40:42",716
"2018-07-27 09:40:42",716
"2018-07-27 10:40:42",716
"2018-07-27 11:40:41",716
"2018-07-27 12:40:42",716
"2018-07-27 13:40:44",716
"2018-07-27 14:40:43",716
"2018-07-27 15:40:42",720
"2018-07-27 16:40:42",723
"2018-07-27 17:40:42",721
"2018-07-27 18:40:42",724
"2018-07-27 19:40:42",724
"2018-07-27 20:40:42",725
"2018-07-27 21:40:42",725
"2018-07-27 22:40:41",725
"2018-07-27 23:40:42",725
"2018-07-28 00:40:42",725
"2018-07-28 01:40:42",725
"2018-07-28 02:40:42",725
"2018-07-28 03:40:42",725
"2018-07-28 04:40:41",725
"2018-07-28 05:40:42",725
"2018-07-28 06:40:42",725
"2018-07-28 07:40:41",725
"2018-07-28 08:40:41",725
"2018-07-28 09:40:42",725
"2018-07-28 10:40:41",725
"2018-07-28 11:40:42",725
"2018-07-28 12:40:41",725
"2018-07-28 13:40:42",725
"2018-07-28 14:40:41",725
"2018-07-28 15:40:42",725
"2018-07-28 16:40:42",725
"2018-07-28 17:40:42",725
"2018-07-28 18:40:43",725
"2018-07-28 19:40:48",725
"2018-07-28 20:40:42",725
"2018-07-28 21:40:42",725
"2018-07-28 22:40:42",725
"2018-07-28 23:40:42",725
"2018-07-29 00:40:42",725
"2018-07-29 01:40:43",725
"2018-07-29 02:40:42",725
"2018-07-29 03:40:41",725
"2018-07-29 04:40:43",725
"2018-07-29 05:40:43",725
"2018-07-29 06:40:42",725
"2018-07-29 07:40:42",725
"2018-07-29 08:40:42",725
"2018-07-29 09:40:42",725
"2018-07-29 10:40:42",725
"2018-07-29 11:40:42",725
"2018-07-29 12:40:42",725
"2018-07-29 13:40:42",725
"2018-07-29 14:40:42",725
"2018-07-29 15:40:41",725
"2018-07-29 16:40:43",725
"2018-07-29 17:40:42",725
"2018-07-29 18:40:42",725
"2018-07-29 19:40:42",725
"2018-07-29 20:40:42",725
"2018-07-29 21:40:43",725
"2018-07-29 22:40:42",725
"2018-07-29 23:40:42",725
"2018-07-30 00:40:42",725
"2018-07-30 01:40:42",725
"2018-07-30 02:40:41",725
"2018-07-30 03:40:42",725
"2018-07-30 04:40:42",725
"2018-07-30 05:40:41",725
"2018-07-30 06:40:41",725
"2018-07-30 07:40:42",725
"2018-07-30 08:40:42",725
"2018-07-30 09:40:42",725
"2018-07-30 10:40:41",725
"2018-07-30 11:40:42",725
"2018-07-30 12:40:42",725
"2018-07-30 13:40:45",725
"2018-07-30 14:40:43",732
"2018-07-30 15:40:42",731
"2018-07-30 16:40:42",731
"2018-07-30 17:40:42",727
"2018-07-30 18:40:41",727
"2018-07-30 19:40:42",728
"2018-07-30 20:40:41",726
"2018-07-30 21:40:42",726
"2018-07-30 22:40:42",726
"2018-07-30 23:40:42",726
"2018-07-31 00:40:42",726
"2018-07-31 01:40:42",726
"2018-07-31 02:40:41",726
"2018-07-31 03:40:42",726
"2018-07-31 04:40:42",726
"2018-07-31 05:40:42",726
"2018-07-31 06:40:42",726
"2018-07-31 07:40:42",726
"2018-07-31 08:40:53",726
"2018-07-31 09:47:38",726
"2018-07-31 10:40:42",726
"2018-07-31 11:40:42",726
"2018-07-31 12:40:42",726
"2018-07-31 13:40:43",726
"2018-07-31 14:40:42",724
"2018-07-31 15:40:42",722
"2018-07-31 16:40:42",718
"2018-07-31 17:40:42",716
"2018-07-31 18:40:42",715
"2018-07-31 19:40:42",713
"2018-07-31 20:40:42",713
"2018-07-31 21:40:41",713
"2018-07-31 22:40:42",713
"2018-07-31 23:40:42",713
"2018-08-01 00:40:42",713
"2018-08-01 01:40:42",713
"2018-08-01 02:40:42",713
"2018-08-01 03:40:42",713
"2018-08-01 04:40:42",713
"2018-08-01 05:40:42",713
"2018-08-01 06:40:42",713
"2018-08-01 07:40:42",713
"2018-08-01 08:40:42",713
"2018-08-01 09:40:42",713
"2018-08-01 10:40:41",713
"2018-08-01 11:40:42",713
"2018-08-01 12:40:42",713
"2018-08-01 14:05:48",716
"2018-08-01 14:40:43",716
"2018-08-01 15:40:43",716
"2018-08-01 16:40:44",717
"2018-08-01 17:40:43",716
"2018-08-01 18:40:43",716
"2018-08-01 19:40:44",714
"2018-08-01 20:40:43",712
"2018-08-01 21:40:43",711
"2018-08-01 22:40:43",711
"2018-08-01 23:40:43",711
"2018-08-02 00:40:43",711
"2018-08-02 01:40:43",711
"2018-08-02 02:40:43",711
"2018-08-02 03:40:43",711
"2018-08-02 04:40:44",711
"2018-08-02 05:40:43",711
"2018-08-02 06:40:42",711
"2018-08-02 07:40:43",711
"2018-08-02 08:40:43",711
"2018-08-02 09:40:43",711
"2018-08-02 10:40:43",711
"2018-08-02 11:40:42",711
"2018-08-02 12:40:43",711
"2018-08-02 13:40:43",711
"2018-08-02 14:40:44",709
"2018-08-02 15:40:45",711
"2018-08-02 16:40:43",711
"2018-08-02 17:40:43",712
"2018-08-02 18:40:43",711
"2018-08-02 19:40:43",711
"2018-08-02 20:40:43",713
"2018-08-02 21:40:43",714
"2018-08-02 22:40:42",714
"2018-08-02 23:40:43",714
"2018-08-03 00:40:43",714
"2018-08-03 01:40:43",714
"2018-08-03 02:40:44",714
"2018-08-03 03:40:43",714
"2018-08-03 04:40:43",714
"2018-08-03 05:40:43",714
"2018-08-03 06:40:44",714
"2018-08-03 07:40:43",714
"2018-08-03 08:40:42",714
"2018-08-03 09:40:43",714
"2018-08-03 10:40:43",714
"2018-08-03 11:41:04",714
"2018-08-03 13:05:42",714
"2018-08-03 13:40:43",714
"2018-08-03 14:40:43",715
"2018-08-03 15:40:43",715
"2018-08-03 16:40:43",716
"2018-08-03 17:40:43",716
"2018-08-03 18:40:43",715
"2018-08-03 19:40:43",714
"2018-08-03 20:40:43",715
"2018-08-03 21:40:42",715
"2018-08-03 22:40:43",715
"2018-08-03 23:40:43",715
"2018-08-04 00:40:42",715
"2018-08-04 01:40:42",715
"2018-08-04 02:40:43",715
"2018-08-04 03:40:43",715
"2018-08-04 04:40:43",715
"2018-08-04 05:40:43",715
"2018-08-04 06:40:43",715
"2018-08-04 07:40:43",715
"2018-08-04 08:40:43",715
"2018-08-04 09:40:43",715
"2018-08-04 10:40:43",715
"2018-08-04 11:40:43",715
"2018-08-04 12:40:42",715
"2018-08-04 13:40:43",715
"2018-08-04 14:40:43",715
"2018-08-04 15:40:43",715
"2018-08-04 16:40:43",715
"2018-08-04 17:40:43",715
"2018-08-04 18:40:43",715
"2018-08-04 19:40:43",715
"2018-08-04 20:40:43",715
"2018-08-04 21:40:42",715
"2018-08-04 22:40:42",715
"2018-08-04 23:40:43",715
"2018-08-05 00:40:42",715
"2018-08-05 01:40:43",715
"2018-08-05 02:40:43",715
"2018-08-05 03:40:43",715
"2018-08-05 04:40:42",715
"2018-08-05 05:40:42",715
"2018-08-05 06:40:43",715
"2018-08-05 07:40:43",715
"2018-08-05 08:40:43",715
"2018-08-05 09:40:42",715
"2018-08-05 10:40:43",715
"2018-08-05 11:40:43",715
"2018-08-05 12:40:43",715
"2018-08-05 13:40:42",715
"2018-08-05 14:40:42",715
"2018-08-05 15:40:43",715
"2018-08-05 16:40:43",715
"2018-08-05 17:40:43",715
"2018-08-05 18:40:43",715
"2018-08-05 19:40:43",715
"2018-08-05 20:40:43",715
"2018-08-05 21:40:43",715
"2018-08-05 22:40:42",715
"2018-08-05 23:40:43",715
"2018-08-06 00:40:43",715
"2018-08-06 01:40:42",715
"2018-08-06 02:40:42",715
"2018-08-06 03:40:43",715
"2018-08-06 04:40:42",715
"2018-08-06 05:40:43",715
"2018-08-06 06:40:43",715
"2018-08-06 07:40:43",715
"2018-08-06 08:40:43",715
"2018-08-06 09:40:43",715
"2018-08-06 10:40:43",715
"2018-08-06 11:40:42",715
"2018-08-06 12:40:43",715
"2018-08-06 13:40:44",715
"2018-08-06 14:40:43",715
"2018-08-06 15:40:43",712
"2018-08-06 16:40:48",712
"2018-08-06 17:40:44",712
"2018-08-06 18:40:44",711
"2018-08-06 19:40:43",711
"2018-08-06 20:40:43",711
"2018-08-06 21:40:45",711
"2018-08-06 22:40:43",710
"2018-08-06 23:40:43",710
"2018-08-07 00:40:43",710
"2018-08-07 01:40:43",710
"2018-08-07 02:40:43",710
"2018-08-07 03:40:43",710
"2018-08-07 04:40:44",710
"2018-08-07 05:40:43",710
"2018-08-07 06:40:43",710
"2018-08-07 07:40:43",710
"2018-08-07 08:40:43",710
"2018-08-07 09:40:43",710
"2018-08-07 10:40:42",710
"2018-08-07 11:40:43",710
"2018-08-07 12:40:43",710
"2018-08-07 13:40:44",710
"2018-08-07 14:40:43",709
"2018-08-07 15:40:43",708
"2018-08-07 16:40:42",707
"2018-08-07 17:40:43",706
"2018-08-07 18:40:43",705
"2018-08-07 19:40:44",705
"2018-08-07 20:40:43",704
"2018-08-07 21:40:43",704
"2018-08-07 22:40:43",704
"2018-08-07 23:40:43",704
"2018-08-08 00:40:43",704
"2018-08-08 01:40:44",704
"2018-08-08 02:40:43",704
"2018-08-08 03:40:43",704
"2018-08-08 04:40:42",704
"2018-08-08 05:40:43",704
"2018-08-08 06:40:43",704
"2018-08-08 07:40:44",704
"2018-08-08 08:40:43",704
"2018-08-08 09:40:43",704
"2018-08-08 10:40:44",704
"2018-08-08 11:40:43",704
"2018-08-08 12:40:44",704
"2018-08-08 13:40:44",705
"2018-08-08 14:40:45",709
"2018-08-08 15:40:45",706
"2018-08-08 16:40:45",707
"2018-08-08 17:40:44",704
"2018-08-08 18:40:44",706
"2018-08-08 19:40:44",707
"2018-08-08 20:40:44",706
"2018-08-08 21:40:44",707
"2018-08-08 22:40:44",707
"2018-08-08 23:40:44",707
"2018-08-10 00:19:01",692
"2018-08-10 00:40:45",692
"2018-08-10 01:40:45",692
"2018-08-10 02:40:45",692
"2018-08-10 03:40:44",692
"2018-08-10 04:40:45",692
"2018-08-10 05:40:49",692
"2018-08-10 06:40:47",692
"2018-08-10 07:40:49",692
"2018-08-10 08:40:49",692
"2018-08-10 09:40:48",692
"2018-08-10 10:40:47",692
"2018-08-10 11:40:48",692
"2018-08-10 12:40:47",692
"2018-08-10 13:40:49",692
"2018-08-10 14:40:48",691
"2018-08-10 15:40:49",691
"2018-08-10 16:40:48",689
"2018-08-10 17:40:48",691
"2018-08-10 18:40:48",686
"2018-08-10 19:40:48",685
"2018-08-10 20:40:48",685
"2018-08-10 21:40:48",685
"2018-08-10 22:40:47",685
"2018-08-10 23:40:49",685
"2018-08-11 00:40:48",685
"2018-08-11 01:40:48",685
"2018-08-11 02:40:49",685
"2018-08-11 03:40:48",685
"2018-08-11 04:40:48",685
"2018-08-11 05:40:49",685
"2018-08-11 06:40:48",685
"2018-08-11 07:40:48",685
"2018-08-11 08:40:47",685
"2018-08-11 09:40:48",685
"2018-08-11 10:40:48",685
"2018-08-11 11:40:48",685
"2018-08-11 12:40:48",685
"2018-08-11 13:40:47",685
"2018-08-11 14:40:48",685
"2018-08-11 15:40:48",685
"2018-08-11 16:40:48",685
"2018-08-11 17:40:48",685
"2018-08-11 18:40:48",685
"2018-08-11 19:40:48",685
"2018-08-11 20:40:48",685
"2018-08-11 21:40:47",685
"2018-08-11 22:40:48",685
"2018-08-11 23:40:49",685
"2018-08-12 00:40:48",685
"2018-08-12 01:40:48",685
"2018-08-12 02:40:48",685
"2018-08-12 03:40:48",685
"2018-08-12 04:40:48",685
"2018-08-12 05:40:48",685
"2018-08-12 06:40:47",685
"2018-08-12 07:40:47",685
"2018-08-12 08:40:48",685
"2018-08-12 09:40:47",685
"2018-08-12 10:40:47",685
"2018-08-12 11:40:48",685
"2018-08-12 12:40:48",685
"2018-08-12 13:40:49",685
"2018-08-12 14:40:48",685
"2018-08-12 15:40:48",685
"2018-08-12 16:40:49",685
"2018-08-12 17:40:48",685
"2018-08-12 18:40:48",685
"2018-08-12 19:40:49",685
"2018-08-12 20:40:49",685
"2018-08-12 21:40:48",685
"2018-08-12 22:40:48",685
"2018-08-12 23:40:48",685
"2018-08-13 00:40:48",685
"2018-08-13 01:40:48",685
"2018-08-13 02:40:48",685
"2018-08-13 03:40:48",685
"2018-08-13 04:40:48",685
"2018-08-13 05:40:48",685
"2018-08-13 06:40:48",685
"2018-08-13 07:40:48",685
"2018-08-13 08:40:49",685
"2018-08-13 09:40:49",685
"2018-08-13 10:40:48",685
"2018-08-13 11:40:48",685
"2018-08-13 12:40:48",685
"2018-08-13 13:40:49",685
"2018-08-13 14:40:49",686
"2018-08-13 15:40:49",682
"2018-08-13 16:40:48",681
"2018-08-13 17:40:48",682
"2018-08-13 18:40:49",682
"2018-08-13 19:40:49",684
"2018-08-13 20:40:48",685
"2018-08-13 21:40:48",685
"2018-08-13 22:40:48",685
"2018-08-13 23:40:48",685
"2018-08-14 00:40:48",685
"2018-08-14 01:40:49",685
"2018-08-14 02:40:48",685
"2018-08-14 03:40:48",685
"2018-08-14 04:40:49",685
"2018-08-14 05:40:48",685
"2018-08-14 06:40:49",685
"2018-08-14 07:40:49",685
"2018-08-14 08:40:48",685
"2018-08-14 09:40:48",685
"2018-08-14 10:40:49",685
"2018-08-14 11:40:48",685
"2018-08-14 12:40:48",685
"2018-08-14 13:40:50",685
"2018-08-14 14:40:49",687
"2018-08-14 15:40:49",690
"2018-08-14 16:40:49",692
"2018-08-14 17:40:49",691
"2018-08-14 18:40:49",691
"2018-08-14 19:40:50",691
"2018-08-14 20:40:49",690
"2018-08-14 21:40:49",691
"2018-08-14 22:40:49",691
"2018-08-14 23:40:48",691
"2018-08-15 00:40:48",691
"2018-08-15 01:40:49",691
"2018-08-15 02:40:49",691
"2018-08-15 03:40:49",691
"2018-08-15 04:40:49",691
"2018-08-15 05:40:48",691
"2018-08-15 06:40:49",691
"2018-08-15 07:40:47",691
"2018-08-15 08:40:48",691
"2018-08-15 09:40:48",691
"2018-08-15 10:40:48",691
"2018-08-15 11:40:48",691
"2018-08-15 12:40:49",691
"2018-08-15 14:06:23",690
"2018-08-15 14:40:50",690
"2018-08-15 15:40:50",685
"2018-08-15 16:40:50",686
"2018-08-15 17:40:49",686
"2018-08-15 18:40:48",686
"2018-08-15 19:40:49",685
"2018-08-15 20:40:49",687
"2018-08-15 21:40:49",687
"2018-08-15 22:40:49",687
"2018-08-15 23:40:49",687
"2018-08-16 00:40:49",687
"2018-08-16 01:40:49",687
"2018-08-16 02:40:49",687
"2018-08-16 03:40:50",687
"2018-08-16 04:40:50",687
"2018-08-16 05:40:49",687
"2018-08-16 06:40:49",687
"2018-08-16 07:40:50",687
"2018-08-16 08:40:49",687
"2018-08-16 09:40:49",687
"2018-08-16 10:40:50",687
"2018-08-16 11:40:49",687
"2018-08-16 12:40:49",687
"2018-08-16 13:40:50",687
"2018-08-16 14:40:49",688
"2018-08-16 15:40:50",690
"2018-08-16 16:40:50",689
"2018-08-16 17:40:50",690
"2018-08-16 18:40:49",690
"2018-08-16 19:40:49",689
"2018-08-16 20:40:50",689
"2018-08-16 21:40:49",689
"2018-08-16 22:40:49",689
"2018-08-16 23:40:49",689
"2018-08-17 00:40:49",689
"2018-08-17 01:40:49",689
"2018-08-17 02:40:50",689
"2018-08-17 03:40:50",689
"2018-08-17 04:40:50",689
"2018-08-17 05:40:49",689
"2018-08-17 06:40:49",689
"2018-08-17 07:40:49",689
"2018-08-17 08:40:50",689
"2018-08-17 09:40:49",689
"2018-08-17 10:40:49",689
"2018-08-17 11:40:49",689
"2018-08-17 12:40:49",689
"2018-08-17 13:40:49",689
"2018-08-17 14:40:50",691
"2018-08-17 15:40:50",689
"2018-08-17 16:40:49",688
"2018-08-17 17:40:49",690
"2018-08-17 18:40:49",690
"2018-08-17 19:40:50",692
"2018-08-17 20:40:49",692
"2018-08-17 21:40:49",692
"2018-08-17 22:40:49",692
"2018-08-17 23:40:49",692
"2018-08-18 00:40:50",692
"2018-08-18 01:40:50",692
"2018-08-18 02:40:49",692
"2018-08-18 03:40:49",692
"2018-08-18 04:40:50",692
"2018-08-18 05:40:49",692
"2018-08-18 06:40:50",692
"2018-08-18 07:40:49",692
"2018-08-18 08:40:49",692
"2018-08-18 09:40:49",692
"2018-08-18 10:40:49",692
"2018-08-18 11:40:49",692
"2018-08-18 12:40:50",692
"2018-08-18 13:40:50",692
"2018-08-18 14:40:50",692
"2018-08-18 15:40:50",692
"2018-08-18 16:40:50",692
"2018-08-18 17:40:50",692
"2018-08-18 18:40:49",692
"2018-08-18 19:40:49",692
"2018-08-18 20:40:50",692
"2018-08-18 21:40:49",692
"2018-08-18 22:40:49",692
"2018-08-18 23:40:49",692
"2018-08-19 00:40:49",692
"2018-08-19 01:40:49",692
"2018-08-19 02:40:49",692
"2018-08-19 03:40:49",692
"2018-08-19 04:40:49",692
"2018-08-19 05:40:49",692
"2018-08-19 06:40:49",692
"2018-08-19 07:40:49",692
"2018-08-19 08:40:50",692
"2018-08-19 09:40:49",692
"2018-08-19 10:40:49",692
"2018-08-19 11:40:49",692
"2018-08-19 12:40:49",692
"2018-08-19 13:40:49",692
"2018-08-19 14:40:49",692
"2018-08-19 15:40:50",692
"2018-08-19 16:40:48",692
"2018-08-19 17:40:50",692
"2018-08-19 18:40:50",692
"2018-08-19 19:40:49",692
"2018-08-19 20:40:49",692
"2018-08-19 21:40:50",692
"2018-08-19 22:40:49",692
"2018-08-19 23:40:49",692
"2018-08-20 00:40:50",692
"2018-08-20 01:40:50",692
"2018-08-20 02:40:49",692
"2018-08-20 03:40:48",692
"2018-08-20 04:40:49",692
"2018-08-20 05:40:49",692
"2018-08-20 06:40:50",692
"2018-08-20 07:40:49",692
"2018-08-20 08:40:53",692
"2018-08-20 09:40:49",692
"2018-08-20 10:40:49",692
"2018-08-20 11:40:50",692
"2018-08-20 12:40:49",692
"2018-08-20 13:40:50",692
"2018-08-20 14:40:51",695
"2018-08-20 15:40:50",696
"2018-08-20 16:40:50",697
"2018-08-20 17:40:49",697
"2018-08-20 18:40:50",697
"2018-08-20 19:40:50",697
"2018-08-20 20:40:49",699
"2018-08-20 21:40:49",701
"2018-08-20 22:40:50",701
"2018-08-20 23:40:49",701
"2018-08-21 00:40:49",701
"2018-08-21 01:40:49",701
"2018-08-21 02:40:50",701
"2018-08-21 03:40:50",701
"2018-08-21 04:40:49",701
"2018-08-21 05:40:49",701
"2018-08-21 06:40:50",701
"2018-08-21 07:40:48",701
"2018-08-21 08:40:50",701
"2018-08-21 09:40:49",701
"2018-08-21 10:40:50",701
"2018-08-21 11:40:49",701
"2018-08-21 12:40:50",701
"2018-08-21 13:40:51",701
"2018-08-21 14:40:50",703
"2018-08-21 15:40:49",705
"2018-08-21 16:40:49",704
"2018-08-21 17:40:48",702
"2018-08-21 18:40:49",701
"2018-08-21 19:40:49",702
"2018-08-21 20:40:49",700
"2018-08-21 21:40:48",700
"2018-08-21 22:40:49",700
"2018-08-21 23:40:49",700
"2018-08-22 00:40:48",700
"2018-08-22 01:40:49",700
"2018-08-22 02:40:49",700
"2018-08-22 03:40:49",700
"2018-08-22 04:40:49",700
"2018-08-22 05:40:48",700
"2018-08-22 06:40:48",700
"2018-08-22 07:40:49",700
"2018-08-22 08:40:48",700
"2018-08-22 09:40:49",700
"2018-08-22 10:40:48",700
"2018-08-22 11:40:49",700
"2018-08-22 12:40:48",700
"2018-08-22 13:40:50",700
"2018-08-22 14:40:48",700
"2018-08-22 15:40:48",703
"2018-08-22 16:40:49",705
"2018-08-22 17:40:48",706
"2018-08-22 18:40:49",706
"2018-08-22 19:40:49",706
"2018-08-22 20:40:47",705
"2018-08-22 21:40:48",705
"2018-08-22 22:40:49",705
"2018-08-22 23:40:48",705
"2018-08-23 00:40:48",705
"2018-08-23 01:40:49",705
"2018-08-23 02:40:49",705
"2018-08-23 03:40:49",705
"2018-08-23 04:40:49",705
"2018-08-23 05:40:48",705
"2018-08-23 06:40:48",705
"2018-08-23 07:40:49",705
"2018-08-23 08:40:48",705
"2018-08-23 09:40:48",705
"2018-08-23 10:40:48",705
"2018-08-23 11:40:48",705
"2018-08-23 12:40:49",705
"2018-08-23 13:40:51",705
"2018-08-23 14:40:49",704
"2018-08-23 15:40:49",705
"2018-08-23 16:40:49",706
"2018-08-23 17:40:48",706
"2018-08-23 18:40:49",707
"2018-08-23 19:40:48",707
"2018-08-23 20:40:49",707
"2018-08-23 21:40:48",707
"2018-08-23 22:40:48",707
"2018-08-23 23:40:49",707
"2018-08-24 00:40:49",707
"2018-08-24 01:40:49",707
"2018-08-24 02:40:48",707
"2018-08-24 03:40:48",707
"2018-08-24 19:59:06",708
"2018-08-24 20:40:49",708
"2018-08-24 21:40:49",708
"2018-08-24 22:40:49",708
"2018-08-24 23:40:48",708
"2018-08-25 00:40:49",708
"2018-08-25 01:40:49",708
"2018-08-25 02:40:48",708
"2018-08-25 03:40:49",708
"2018-08-25 04:40:49",708
"2018-08-25 05:40:49",708
"2018-08-25 06:40:48",708
"2018-08-25 07:40:48",708
"2018-08-25 08:40:49",708
"2018-08-25 09:40:48",708
"2018-08-25 10:40:49",708
"2018-08-25 11:40:48",708
"2018-08-25 12:40:49",708
"2018-08-25 13:40:49",708
"2018-08-25 14:40:49",708
"2018-08-25 15:40:49",708
"2018-08-25 16:40:48",708
"2018-08-25 17:40:49",708
"2018-08-25 18:40:49",708
"2018-08-25 19:40:49",708
"2018-08-25 20:40:48",708
"2018-08-25 21:40:49",708
"2018-08-25 22:40:49",708
"2018-08-25 23:40:49",708
"2018-08-26 00:40:49",708
"2018-08-26 01:40:49",708
"2018-08-26 02:40:49",708
"2018-08-26 03:40:48",708
"2018-08-26 04:40:48",708
"2018-08-26 05:40:48",708
"2018-08-26 06:40:49",708
"2018-08-26 07:40:49",708
"2018-08-26 08:40:48",708
"2018-08-26 09:40:48",708
"2018-08-26 10:40:49",708
"2018-08-26 11:40:49",708
"2018-08-26 12:40:49",708
"2018-08-26 13:40:49",708
"2018-08-26 14:40:48",708
"2018-08-26 15:40:48",708
"2018-08-26 16:40:48",708
"2018-08-26 17:40:48",708
"2018-08-26 18:40:48",708
"2018-08-26 19:40:48",708
"2018-08-26 20:40:49",708
"2018-08-26 21:40:48",708
"2018-08-26 22:40:48",708
"2018-08-26 23:40:49",708
"2018-08-27 00:40:49",708
"2018-08-27 01:40:48",708
"2018-08-27 02:40:48",708
"2018-08-27 03:40:49",708
"2018-08-27 04:40:48",708
"2018-08-27 05:40:49",708
"2018-08-27 06:40:49",708
"2018-08-27 07:40:48",708
"2018-08-27 08:40:48",708
"2018-08-27 09:40:48",708
"2018-08-27 10:40:49",708
"2018-08-27 11:40:48",708
"2018-08-27 12:40:48",708
"2018-08-27 14:04:50",709
"2018-08-27 14:40:49",709
"2018-08-27 15:40:49",714
"2018-08-27 16:40:49",718
"2018-08-27 17:40:49",717
"2018-08-27 18:40:49",719
"2018-08-27 19:40:49",720
"2018-08-27 20:40:48",720
"2018-08-27 21:40:49",720
"2018-08-27 22:40:49",720
"2018-08-27 23:40:49",720
"2018-08-28 00:40:48",720
"2018-08-28 01:40:49",720
"2018-08-28 02:40:48",720
"2018-08-28 03:40:48",720
"2018-08-28 04:40:49",720
"2018-08-28 05:40:48",720
"2018-08-28 06:40:49",720
"2018-08-28 07:40:48",720
"2018-08-28 08:40:48",720
"2018-08-28 09:40:49",720
"2018-08-28 10:40:49",719
"2018-08-28 11:40:49",719
"2018-08-28 12:40:49",719
"2018-08-28 13:41:02",719
"2018-08-28 14:41:01",718
"2018-08-28 15:41:01",717
"2018-08-28 16:41:01",719
"2018-08-28 17:41:01",717
"2018-08-28 18:41:02",716
"2018-08-28 19:41:01",715
"2018-08-28 20:41:01",717
"2018-08-28 21:41:01",717
"2018-08-28 22:41:01",716
"2018-08-28 23:41:01",716
"2018-08-29 00:41:02",716
"2018-08-29 01:41:01",716
"2018-08-29 02:41:01",716
"2018-08-29 03:41:01",716
"2018-08-29 04:41:01",716
"2018-08-29 05:41:01",716
"2018-08-29 06:41:00",716
"2018-08-29 07:41:01",716
"2018-08-29 08:41:01",716
"2018-08-29 09:41:00",716
"2018-08-29 10:41:01",716
"2018-08-29 11:41:01",716
"2018-08-29 12:41:01",716
"2018-08-29 14:04:36",718
"2018-08-29 14:41:02",718
"2018-08-29 15:41:01",718
"2018-08-29 16:41:01",721
"2018-08-29 17:41:02",720
"2018-08-29 18:41:02",721
"2018-08-29 19:41:01",723
"2018-08-29 20:41:00",723
"2018-08-29 21:41:01",724
"2018-08-29 22:41:01",724
"2018-08-29 23:41:01",724
"2018-08-30 00:41:46",724
"2018-08-30 01:41:01",724
"2018-08-30 02:41:01",724
"2018-08-30 03:41:01",724
"2018-08-30 04:41:01",724
"2018-08-30 05:41:01",724
"2018-08-30 06:41:01",724
"2018-08-30 07:41:01",724
"2018-08-30 08:41:01",724
"2018-08-30 09:41:01",724
"2018-08-30 10:41:01",724
"2018-08-30 11:41:01",724
"2018-08-30 12:41:01",724
"2018-08-30 13:41:03",724
"2018-08-30 14:41:01",731
"2018-08-30 15:41:01",732
"2018-08-30 16:41:01",732
"2018-08-30 17:41:01",733
"2018-08-30 18:41:01",733
"2018-08-30 19:41:02",732
"2018-08-30 20:41:00",734
"2018-08-30 21:41:01",734
"2018-08-30 22:41:01",733
"2018-08-30 23:41:01",733
"2018-08-31 00:41:02",733
"2018-08-31 01:41:01",733
"2018-08-31 02:41:01",733
"2018-08-31 03:41:01",733
"2018-08-31 04:41:01",733
"2018-08-31 05:41:01",733
"2018-08-31 06:41:01",733
"2018-08-31 07:41:01",733
"2018-08-31 08:41:01",733
"2018-08-31 09:41:02",733
"2018-08-31 10:41:01",733
"2018-08-31 11:41:02",733
"2018-08-31 12:41:02",733
"2018-08-31 13:41:02",733
"2018-08-31 14:41:01",736
"2018-08-31 15:41:01",738
"2018-08-31 16:41:01",740
"2018-08-31 17:41:01",742
"2018-08-31 18:41:01",748
"2018-08-31 19:41:01",749
"2018-08-31 20:41:02",757
"2018-08-31 21:41:01",758
"2018-08-31 22:41:01",758
"2018-08-31 23:41:01",758
"2018-09-01 00:41:01",758
"2018-09-01 01:41:01",758
"2018-09-01 02:41:01",758
"2018-09-01 03:41:01",758
"2018-09-01 04:41:02",758
"2018-09-01 05:41:01",758
"2018-09-01 06:41:01",758
"2018-09-01 07:41:01",758
"2018-09-01 08:41:01",758
"2018-09-01 09:41:01",758
"2018-09-01 10:41:01",758
"2018-09-01 11:41:01",758
"2018-09-01 12:41:01",758
"2018-09-01 13:41:02",758
"2018-09-01 14:41:02",758
"2018-09-01 15:41:01",758
"2018-09-01 16:41:01",758
"2018-09-01 17:41:00",758
"2018-09-01 18:41:01",758
"2018-09-01 19:41:01",758
"2018-09-01 20:41:01",758
"2018-09-01 21:41:01",758
"2018-09-01 22:41:01",758
"2018-09-01 23:41:01",758
"2018-09-02 00:41:01",758
"2018-09-02 01:41:01",758
"2018-09-02 02:41:01",758
"2018-09-02 03:41:02",758
"2018-09-02 04:41:01",758
"2018-09-02 05:41:01",758
"2018-09-02 06:41:01",758
"2018-09-02 07:41:01",758
"2018-09-02 08:41:01",758
"2018-09-02 09:41:00",758
"2018-09-02 10:41:00",758
"2018-09-02 11:41:01",758
"2018-09-02 12:41:01",758
"2018-09-02 13:41:01",758
"2018-09-02 14:41:02",758
"2018-09-02 15:41:01",758
"2018-09-02 16:41:02",758
"2018-09-02 17:41:01",758
"2018-09-02 18:41:01",758
"2018-09-02 19:41:01",758
"2018-09-02 20:41:01",758
"2018-09-02 21:41:01",758
"2018-09-02 22:41:01",758
"2018-09-02 23:41:02",758
"2018-09-03 00:41:01",758
"2018-09-03 01:41:01",758
"2018-09-03 02:41:02",758
"2018-09-03 03:41:01",758
"2018-09-03 04:41:02",758
"2018-09-03 05:41:01",758
"2018-09-03 06:41:01",758
"2018-09-03 07:41:01",758
"2018-09-03 08:41:04",758
"2018-09-03 09:41:02",758
"2018-09-03 10:41:01",758
"2018-09-03 11:41:02",758
"2018-09-03 12:41:00",758
"2018-09-03 13:41:01",758
"2018-09-03 14:41:01",758
"2018-09-03 15:41:00",758
"2018-09-03 16:41:01",758
"2018-09-03 17:41:01",758
"2018-09-03 18:41:01",758
"2018-09-03 19:41:00",758
"2018-09-03 20:41:01",758
"2018-09-03 21:41:00",758
"2018-09-03 22:41:01",758
"2018-09-03 23:41:00",758
"2018-09-04 00:41:01",758
"2018-09-04 01:41:01",758
"2018-09-04 02:41:01",758
"2018-09-04 03:41:01",758
"2018-09-04 04:41:01",758
"2018-09-04 05:41:01",758
"2018-09-04 06:41:00",758
"2018-09-04 07:41:02",758
"2018-09-04 08:41:01",758
"2018-09-04 09:41:01",758
"2018-09-04 10:41:01",758
"2018-09-04 11:41:00",758
"2018-09-04 12:41:01",758
"2018-09-04 13:41:03",759
"2018-09-04 14:41:02",776
"2018-09-04 15:41:01",792
"2018-09-04 16:41:01",799
"2018-09-04 17:41:02",806
"2018-09-04 18:41:02",812
"2018-09-04 19:41:03",818
"2018-09-04 20:41:01",875
"2018-09-04 21:41:01",919
"2018-09-04 22:41:02",944
"2018-09-04 23:41:01",944
"2018-09-05 00:41:01",944
"2018-09-05 01:41:01",944
"2018-09-05 02:41:01",944
"2018-09-05 03:41:00",944
"2018-09-05 04:41:01",944
"2018-09-05 05:41:00",944
"2018-09-05 06:41:00",944
"2018-09-05 07:41:02",944
"2018-09-05 08:41:01",944
"2018-09-05 09:41:01",944
"2018-09-05 10:41:01",944
"2018-09-05 11:41:05",944
"2018-09-05 12:41:00",944
"2018-09-05 13:41:06",945
"2018-09-05 14:41:02",935
"2018-09-05 15:41:01",931
"2018-09-05 16:41:02",947
"2018-09-05 17:41:02",956
"2018-09-05 18:41:02",963
"2018-09-05 19:41:02",969
"2018-09-05 20:41:01",961
"2018-09-05 21:41:00",962
"2018-09-05 22:41:01",960
"2018-09-05 23:41:01",960
"2018-09-06 00:41:01",960
"2018-09-06 01:41:01",960
"2018-09-06 02:41:01",960
"2018-09-06 03:41:01",960
"2018-09-06 04:41:01",960
"2018-09-06 05:41:01",960
"2018-09-06 06:41:01",960
"2018-09-06 07:41:00",960
"2018-09-06 08:41:02",960
"2018-09-06 09:41:01",960
"2018-09-06 10:41:01",960
"2018-09-06 11:41:01",960
"2018-09-06 13:06:04",961
"2018-09-06 13:41:03",961
"2018-09-06 14:41:01",945
"2018-09-06 15:41:01",941
"2018-09-06 16:41:01",944
"2018-09-06 17:41:02",942
"2018-09-06 18:41:01",945
"2018-09-06 19:41:02",940
"2018-09-06 20:41:00",939
"2018-09-06 21:41:00",937
"2018-09-06 22:41:01",937
"2018-09-06 23:41:02",937
"2018-09-07 00:41:01",937
"2018-09-07 01:41:01",937
"2018-09-07 02:41:01",937
"2018-09-07 03:41:01",937
"2018-09-07 04:41:00",937
"2018-09-07 05:41:02",937
"2018-09-07 06:41:02",937
"2018-09-07 08:41:01",937
"2018-09-07 09:41:01",937
"2018-09-07 10:41:02",937
"2018-09-07 11:41:01",937
"2018-09-07 12:41:01",937
"2018-09-07 13:41:03",937
"2018-09-07 14:41:01",922
"2018-09-07 15:41:01",918
"2018-09-07 16:41:02",925
"2018-09-07 17:41:01",921
"2018-09-07 18:41:01",919
"2018-09-07 19:41:01",921
"2018-09-07 20:41:01",925
"2018-09-07 21:41:01",926
"2018-09-07 22:41:00",926
"2018-09-07 23:41:01",926
"2018-09-08 00:41:01",926
"2018-09-08 01:41:01",926
"2018-09-08 02:41:01",926
"2018-09-08 03:41:01",926
"2018-09-08 04:41:00",926
"2018-09-08 05:41:01",926
"2018-09-08 06:41:02",926
"2018-09-08 07:41:01",926
"2018-09-08 08:41:00",926
"2018-09-08 09:41:00",926
"2018-09-08 10:41:00",926
"2018-09-08 11:41:00",926
"2018-09-08 12:41:02",926
"2018-09-08 13:41:02",926
"2018-09-08 14:41:00",926
"2018-09-08 15:41:01",926
"2018-09-08 16:41:01",926
"2018-09-08 17:41:01",926
"2018-09-08 18:41:01",926
"2018-09-08 19:41:01",926
"2018-09-08 20:41:01",926
"2018-09-08 21:41:01",926
"2018-09-08 22:41:01",926
"2018-09-08 23:41:02",926
"2018-09-09 00:41:00",926
"2018-09-09 01:41:01",926
"2018-09-09 02:41:01",926
"2018-09-09 03:41:01",926
"2018-09-09 04:41:01",926
"2018-09-09 05:41:01",926
"2018-09-09 06:41:01",926
"2018-09-09 07:41:01",926
"2018-09-09 08:41:02",926
"2018-09-09 09:41:01",926
"2018-09-09 10:41:01",926
"2018-09-09 11:41:02",926
"2018-09-09 12:41:01",926
"2018-09-09 13:41:02",926
"2018-09-09 14:41:02",926
"2018-09-09 15:41:01",926
"2018-09-09 16:41:01",926
"2018-09-09 17:41:01",926
"2018-09-09 18:41:01",926
"2018-09-09 19:41:01",926
"2018-09-09 20:41:01",926
"2018-09-09 21:41:01",926
"2018-09-09 22:41:00",926
"2018-09-09 23:41:01",926
"2018-09-10 00:41:01",926
"2018-09-10 01:41:03",926
"2018-09-10 02:41:01",926
"2018-09-10 03:41:01",926
"2018-09-10 04:41:02",926
"2018-09-10 05:41:00",926
"2018-09-10 06:41:01",926
"2018-09-10 07:41:00",926
"2018-09-10 08:41:00",926
"2018-09-10 09:41:01",926
"2018-09-10 10:41:01",926
"2018-09-10 11:41:01",926
"2018-09-10 12:41:01",926
"2018-09-10 13:41:02",926
"2018-09-10 14:41:01",915
"2018-09-10 15:41:02",922
"2018-09-10 16:41:02",922
"2018-09-10 17:41:02",921
"2018-09-10 18:41:02",921
"2018-09-10 19:41:01",921
"2018-09-10 20:41:01",922
"2018-09-10 21:41:00",921
"2018-09-10 22:41:01",921
"2018-09-10 23:41:01",921
"2018-09-11 00:41:01",921
"2018-09-11 01:41:02",921
"2018-09-11 02:41:02",921
"2018-09-11 03:41:02",921
"2018-09-11 04:41:01",921
"2018-09-11 05:41:02",921
"2018-09-11 06:41:02",921
"2018-09-11 07:41:01",921
"2018-09-11 08:41:00",921
"2018-09-11 09:41:01",921
"2018-09-11 10:41:01",921
"2018-09-11 11:41:01",921
"2018-09-11 12:41:01",921
"2018-09-11 13:41:03",921
"2018-09-11 14:41:01",923
"2018-09-11 15:41:01",913
"2018-09-11 16:41:01",910
"2018-09-11 17:41:01",917
"2018-09-11 18:41:02",917
"2018-09-11 19:41:01",916
"2018-09-11 20:41:01",915
"2018-09-11 21:41:01",917
"2018-09-11 22:41:00",917
"2018-09-11 23:41:01",917
"2018-09-12 00:41:02",917
"2018-09-12 01:41:02",917
"2018-09-12 20:41:02",916
"2018-09-12 21:41:02",916
"2018-09-12 22:41:02",916
"2018-09-12 23:41:02",916
"2018-09-13 00:41:02",916
"2018-09-13 01:41:02",916
"2018-09-13 02:41:02",916
"2018-09-13 03:41:02",916
"2018-09-13 04:41:02",916
"2018-09-13 05:41:02",916
"2018-09-13 06:41:02",916
"2018-09-13 07:41:02",916
"2018-09-13 08:41:02",916
"2018-09-13 09:41:01",916
"2018-09-13 10:41:02",916
"2018-09-13 11:41:01",916
"2018-09-13 12:41:02",916
"2018-09-13 14:41:03",917
"2018-09-13 15:41:03",924
"2018-09-13 16:41:02",933
"2018-09-13 17:41:01",934
"2018-09-13 18:41:02",935
"2018-09-13 19:41:02",935
"2018-09-13 20:41:02",935
"2018-09-13 21:41:01",935
"2018-09-13 22:41:02",937
"2018-09-13 23:41:02",937
"2018-09-14 00:41:02",937
"2018-09-14 01:41:02",937
"2018-09-14 02:41:02",937
"2018-09-14 03:41:02",937
"2018-09-14 04:41:03",937
"2018-09-14 05:41:02",937
"2018-09-14 06:41:02",937
"2018-09-14 07:41:02",937
"2018-09-14 08:41:02",937
"2018-09-14 09:41:02",937
"2018-09-14 10:41:02",937
"2018-09-14 11:41:02",937
"2018-09-14 12:41:02",937
"2018-09-14 13:41:06",937
"2018-09-14 14:41:05",948
"2018-09-14 15:41:04",948
"2018-09-14 16:41:03",949
"2018-09-14 17:41:04",948
"2018-09-14 18:41:04",953
"2018-09-14 19:41:03",955
"2018-09-14 20:41:03",958
"2018-09-14 21:41:02",958
"2018-09-14 22:41:03",959
"2018-09-14 23:41:03",959
"2018-09-15 00:41:04",959
"2018-09-15 01:41:03",959
"2018-09-15 02:41:04",959
"2018-09-15 03:41:03",959
"2018-09-15 04:41:02",959
"2018-09-15 05:41:03",959
"2018-09-15 06:41:02",959
"2018-09-15 07:41:03",959
"2018-09-15 08:41:02",959
"2018-09-15 09:41:03",959
"2018-09-15 10:41:03",959
"2018-09-15 11:41:03",959
"2018-09-15 12:41:04",959
"2018-09-15 13:41:04",959
"2018-09-15 14:41:02",959
"2018-09-15 15:41:03",959
"2018-09-15 16:41:02",959
"2018-09-15 17:41:02",959
"2018-09-15 18:41:02",959
"2018-09-15 19:41:03",959
"2018-09-15 20:41:03",959
"2018-09-15 21:41:02",959
"2018-09-15 22:41:02",959
"2018-09-15 23:41:02",959
"2018-09-16 00:41:03",959
"2018-09-16 01:41:03",959
"2018-09-16 02:41:04",959
"2018-09-16 03:41:03",959
"2018-09-16 04:41:04",959
"2018-09-16 05:41:03",959
"2018-09-16 06:41:04",959
"2018-09-16 07:41:03",959
"2018-09-16 08:41:03",959
"2018-09-16 09:41:03",959
"2018-09-16 10:41:03",959
"2018-09-16 11:41:03",959
"2018-09-16 12:41:03",959
"2018-09-16 13:41:03",959
"2018-09-16 14:41:03",959
"2018-09-16 15:41:04",959
"2018-09-16 16:41:03",959
"2018-09-16 17:41:03",959
"2018-09-16 18:41:04",959
"2018-09-16 19:41:02",959
"2018-09-16 20:41:03",959
"2018-09-16 21:41:03",959
"2018-09-16 22:41:03",959
"2018-09-16 23:41:03",959
"2018-09-17 00:41:03",959
"2018-09-17 01:41:03",959
"2018-09-17 02:41:03",959
"2018-09-17 03:41:03",959
"2018-09-17 04:41:03",959
"2018-09-17 05:41:02",959
"2018-09-17 06:41:03",959
"2018-09-17 07:41:03",959
"2018-09-17 08:41:03",959
"2018-09-17 09:41:03",959
"2018-09-17 10:41:04",959
"2018-09-17 11:41:03",959
"2018-09-17 12:41:03",959
"2018-09-17 13:41:06",959
"2018-09-17 14:41:04",957
"2018-09-17 15:41:09",955
"2018-09-17 16:41:03",955
"2018-09-17 17:41:02",955
"2018-09-17 18:41:03",953
"2018-09-17 19:41:03",952
"2018-09-17 20:41:03",952
"2018-09-17 21:41:03",953
"2018-09-17 22:41:03",953
"2018-09-17 23:41:03",953
"2018-09-18 00:41:03",953
"2018-09-18 01:41:03",953
"2018-09-18 02:41:03",953
"2018-09-18 03:41:03",953
"2018-09-18 04:41:03",953
"2018-09-18 05:41:03",953
"2018-09-18 06:41:04",953
"2018-09-18 07:41:03",953
"2018-09-18 08:41:03",953
"2018-09-18 09:41:02",953
"2018-09-18 10:41:02",953
"2018-09-18 11:41:02",953
"2018-09-18 12:41:03",953
"2018-09-18 13:41:05",953
"2018-09-18 14:41:04",953
"2018-09-18 15:41:03",952
"2018-09-18 16:41:04",950
"2018-09-18 17:41:05",948
"2018-09-18 18:41:04",952
"2018-09-18 19:41:05",952
"2018-09-18 20:41:03",951
"2018-09-18 21:41:02",953
"2018-09-18 22:41:03",952
"2018-09-18 23:41:03",952
"2018-09-19 00:41:04",952
"2018-09-19 01:41:03",952
"2018-09-19 02:41:03",952
"2018-09-19 03:41:03",952
"2018-09-19 04:41:03",952
"2018-09-19 05:41:03",952
"2018-09-19 06:41:04",952
"2018-09-19 07:41:03",952
"2018-09-19 08:41:03",952
"2018-09-19 09:41:03",952
"2018-09-19 10:41:03",952
"2018-09-19 11:41:02",952
"2018-09-19 12:41:03",952
"2018-09-19 13:41:28",952
"2018-09-19 14:41:05",955
"2018-09-19 15:41:05",949
"2018-09-19 16:41:04",949
"2018-09-19 17:41:03",948
"2018-09-19 18:41:03",951
"2018-09-19 19:41:09",953
"2018-09-19 20:41:03",951
"2018-09-19 21:41:03",950
"2018-09-19 22:41:03",950
"2018-09-19 23:41:03",950
"2018-09-20 00:41:03",950
"2018-09-20 01:41:04",950
"2018-09-20 02:41:04",950
"2018-09-20 03:41:08",950
"2018-09-20 04:41:03",950
"2018-09-20 05:41:03",950
"2018-09-20 06:41:03",950
"2018-09-20 07:41:02",950
"2018-09-20 08:41:04",950
"2018-09-20 09:41:03",950
"2018-09-20 10:41:03",950
"2018-09-20 11:41:03",950
"2018-09-20 13:07:07",949
"2018-09-20 14:41:06",947
"2018-09-20 15:41:04",948
"2018-09-20 16:41:04",946
"2018-09-20 17:41:03",949
"2018-09-20 18:41:04",947
"2018-09-20 19:41:04",950
"2018-09-20 20:41:04",950
"2018-09-20 21:41:03",951
"2018-09-20 22:41:03",953
"2018-09-20 23:41:04",953
"2018-09-21 00:41:04",953
"2018-09-21 01:41:03",953
"2018-09-21 02:41:03",953
"2018-09-21 03:41:04",953
"2018-09-21 04:41:05",953
"2018-09-21 05:41:04",953
"2018-09-21 06:41:03",953
"2018-09-21 07:41:04",953
"2018-09-21 08:41:03",953
"2018-09-21 09:41:03",953
"2018-09-21 10:41:03",953
"2018-09-21 11:41:03",953
"2018-09-21 13:08:38",953
"2018-09-21 13:41:07",953
"2018-09-21 14:41:04",953
"2018-09-21 15:41:05",951
"2018-09-21 16:41:05",951
"2018-09-21 17:41:05",952
"2018-09-21 18:41:04",954
"2018-09-21 19:41:05",954
"2018-09-21 20:41:04",951
"2018-09-21 21:41:04",952
"2018-09-21 22:41:03",954
"2018-09-21 23:41:04",954
"2018-09-22 00:41:03",954
"2018-09-22 01:41:04",954
"2018-09-22 02:41:04",954
"2018-09-22 03:41:04",954
"2018-09-22 04:41:05",954
"2018-09-22 05:41:05",954
"2018-09-22 06:41:04",954
"2018-09-22 07:41:04",954
"2018-09-22 08:41:03",954
"2018-09-22 09:41:04",954
"2018-09-22 10:41:04",954
"2018-09-22 11:41:04",954
"2018-09-22 12:41:04",954
"2018-09-22 13:41:05",954
"2018-09-22 14:41:04",954
"2018-09-22 15:41:05",954
"2018-09-22 16:41:04",954
"2018-09-22 17:41:04",954
"2018-09-22 18:41:05",954
"2018-09-22 19:41:04",954
"2018-09-22 20:41:04",954
"2018-09-22 21:41:04",954
"2018-09-22 22:41:04",954
"2018-09-22 23:41:04",954
"2018-09-23 00:41:05",954
"2018-09-23 01:41:05",954
"2018-09-23 02:41:04",954
"2018-09-23 03:41:05",954
"2018-09-23 04:41:05",954
"2018-09-23 05:41:04",954
"2018-09-23 06:41:04",954
"2018-09-23 07:41:05",954
"2018-09-23 08:41:04",954
"2018-09-23 09:41:04",954
"2018-09-23 10:41:04",954
"2018-09-23 11:41:05",954
"2018-09-23 12:41:04",954
"2018-09-23 13:41:05",954
"2018-09-23 14:41:04",954
"2018-09-23 15:41:04",954
"2018-09-23 16:41:05",954
"2018-09-23 17:41:04",954
"2018-09-23 18:41:04",954
"2018-09-23 19:41:04",954
"2018-09-23 20:41:03",954
"2018-09-23 21:41:05",954
"2018-09-23 22:41:05",954
"2018-09-23 23:41:04",954
"2018-09-24 00:41:04",954
"2018-09-24 01:41:05",954
"2018-09-24 02:41:04",954
"2018-09-24 03:41:04",954
"2018-09-24 04:41:05",954
"2018-09-24 05:41:04",954
"2018-09-24 06:41:04",954
"2018-09-24 07:41:05",954
"2018-09-24 08:41:03",954
"2018-09-24 09:41:04",955
"2018-09-24 10:41:03",955
"2018-09-24 11:41:05",955
"2018-09-24 12:41:04",955
"2018-09-24 13:41:07",955
"2018-09-24 14:41:05",951
"2018-09-24 15:41:04",948
"2018-09-24 16:41:03",946
"2018-09-24 17:41:04",947
"2018-09-24 18:41:04",946
"2018-09-24 19:41:05",947
"2018-09-24 20:41:05",947
"2018-09-24 21:41:04",946
"2018-09-24 22:41:04",946
"2018-09-24 23:41:05",946
"2018-09-25 00:41:05",946
"2018-09-25 01:41:04",946
"2018-09-25 02:41:03",946
"2018-09-25 03:41:04",946
"2018-09-25 04:41:04",946
"2018-09-25 05:41:04",946
"2018-09-25 06:41:04",946
"2018-09-25 07:41:04",946
"2018-09-25 08:41:04",946
"2018-09-25 09:41:04",946
"2018-09-25 10:41:04",946
"2018-09-25 11:41:05",946
"2018-09-25 12:41:05",946
"2018-09-25 13:41:06",946
"2018-09-25 14:41:05",947
"2018-09-25 15:41:05",949
"2018-09-25 16:41:05",945
"2018-09-25 17:41:04",942
"2018-09-25 18:41:04",945
"2018-09-25 19:41:04",942
"2018-09-25 20:41:04",943
"2018-09-25 21:41:05",941
"2018-09-25 22:41:05",941
"2018-09-25 23:41:04",941
"2018-09-26 00:41:05",941
"2018-09-26 01:41:05",941
"2018-09-26 02:41:06",941
"2018-09-26 03:41:05",941
"2018-09-26 04:41:04",941
"2018-09-26 05:41:04",941
"2018-09-26 06:41:05",941
"2018-09-26 07:41:04",941
"2018-09-26 08:41:04",941
"2018-09-26 09:41:04",941
"2018-09-26 10:41:04",942
"2018-09-26 11:41:04",942
"2018-09-26 13:07:38",942
"2018-09-26 13:41:07",942
"2018-09-26 14:41:04",943
"2018-09-26 15:41:05",946
"2018-09-26 16:41:05",947
"2018-09-26 17:41:04",947
"2018-09-26 18:41:06",947
"2018-09-26 19:41:05",948
"2018-09-26 20:41:05",947
"2018-09-26 21:41:04",947
"2018-09-26 22:41:04",947
"2018-09-26 23:41:04",947
"2018-09-27 00:41:05",947
"2018-09-27 01:41:04",947
"2018-09-27 02:41:05",947
"2018-09-27 03:41:04",947
"2018-09-27 04:41:04",947
"2018-09-27 05:41:04",947
"2018-09-27 06:41:05",947
"2018-09-27 07:41:04",947
"2018-09-27 08:41:04",947
"2018-09-27 09:41:04",947
"2018-09-27 10:41:04",947
"2018-09-27 11:41:04",947
"2018-09-27 12:41:04",947
"2018-09-27 13:41:06",947
"2018-09-27 14:41:05",944
"2018-09-27 15:41:05",944
"2018-09-27 17:06:39",945
"2018-09-27 17:41:05",945
"2018-09-27 18:41:05",946
"2018-09-27 19:41:05",948
"2018-09-27 20:41:05",949
"2018-09-27 21:41:05",948
"2018-09-27 22:41:05",947
"2018-09-27 23:41:06",947
"2018-09-28 00:41:05",947
"2018-09-28 01:41:05",947
"2018-09-28 02:41:04",947
"2018-09-28 03:41:05",947
"2018-09-28 04:41:05",947
"2018-09-28 05:41:05",947
"2018-09-28 06:41:05",947
"2018-09-28 07:41:05",947
"2018-09-28 08:41:05",947
"2018-09-28 09:41:05",947
"2018-09-28 10:41:05",947
"2018-09-28 11:41:05",947
"2018-09-28 12:41:06",947
"2018-09-28 13:41:08",947
"2018-09-28 14:41:05",946
"2018-09-28 15:41:07",949
"2018-09-28 16:41:06",946
"2018-09-28 17:41:05",945
"2018-09-28 18:41:05",944
"2018-09-28 19:41:06",940
"2018-09-28 20:41:05",942
"2018-09-28 21:41:05",941
"2018-09-28 22:41:05",941
"2018-09-28 23:41:04",941
"2018-09-29 00:41:04",941
"2018-09-29 01:41:04",941
"2018-09-29 02:41:11",941
"2018-09-29 03:41:05",941
"2018-09-29 04:41:04",941
"2018-09-29 05:41:05",941
"2018-09-29 06:41:04",941
"2018-09-29 07:41:05",941
"2018-09-29 08:41:04",941
"2018-09-29 09:41:04",941
"2018-09-29 10:41:04",941
"2018-09-29 11:41:06",941
"2018-09-29 12:41:04",941
"2018-09-29 13:41:05",941
"2018-09-29 14:41:05",941
"2018-09-29 15:41:06",941
"2018-09-29 16:41:04",941
"2018-09-29 17:41:04",941
"2018-09-29 18:41:05",941
"2018-09-29 19:41:04",941
"2018-09-29 20:41:04",941
"2018-09-29 21:41:05",941
"2018-09-29 22:41:05",941
"2018-09-29 23:41:05",941
"2018-09-30 00:41:05",941
"2018-09-30 01:41:05",941
"2018-09-30 02:41:04",941
"2018-09-30 03:41:05",941
"2018-09-30 04:41:05",941
"2018-09-30 05:41:04",941
"2018-09-30 06:41:04",941
"2018-09-30 07:41:04",941
"2018-09-30 08:41:04",941
"2018-09-30 09:41:04",941
"2018-09-30 10:41:04",941
"2018-09-30 11:41:04",941
"2018-09-30 12:41:04",941
"2018-09-30 13:41:05",941
"2018-09-30 14:41:04",941
"2018-09-30 15:41:04",941
"2018-09-30 16:41:05",941
"2018-09-30 17:41:03",941
"2018-09-30 18:41:04",941
"2018-09-30 19:41:04",941
"2018-09-30 20:41:04",941
"2018-09-30 21:41:04",941
"2018-09-30 22:41:04",941
"2018-09-30 23:41:05",941
"2018-10-01 00:41:06",941
"2018-10-01 01:41:04",941
"2018-10-01 02:41:05",941
"2018-10-01 03:41:05",941
"2018-10-01 04:41:05",941
"2018-10-01 05:41:05",941
"2018-10-01 06:41:05",941
"2018-10-01 07:41:04",941
"2018-10-01 08:41:05",941
"2018-10-01 09:41:04",941
"2018-10-01 10:41:03",941
"2018-10-01 11:41:04",941
"2018-10-01 12:41:05",941
"2018-10-01 14:06:18",934
"2018-10-01 14:41:06",934
"2018-10-01 15:41:05",937
"2018-10-01 16:41:06",938
"2018-10-01 17:41:07",941
"2018-10-01 18:41:05",942
"2018-10-01 19:41:06",942
"2018-10-01 20:41:05",945
"2018-10-01 21:41:06",945
"2018-10-01 22:41:05",945
"2018-10-01 23:41:05",945
"2018-10-02 00:41:06",945
"2018-10-02 01:41:05",945
"2018-10-02 02:41:06",945
"2018-10-02 03:41:05",945
"2018-10-02 04:41:06",945
"2018-10-02 05:41:05",945
"2018-10-02 06:41:06",945
"2018-10-02 07:41:06",945
"2018-10-02 08:41:06",945
"2018-10-02 09:41:05",945
"2018-10-02 10:41:05",945
"2018-10-02 11:41:06",945
"2018-10-02 12:41:05",945
"2018-10-02 13:41:07",945
"2018-10-02 14:41:07",941
"2018-10-02 15:41:06",937
"2018-10-02 16:41:06",937
"2018-10-02 17:41:05",937
"2018-10-02 18:41:05",936
"2018-10-02 19:41:06",935
"2018-10-02 20:41:06",932
"2018-10-02 21:41:06",933
"2018-10-02 22:41:06",932
"2018-10-02 23:41:06",932
"2018-10-03 00:41:05",932
"2018-10-03 01:41:05",932
"2018-10-03 02:41:06",932
"2018-10-03 03:41:06",932
"2018-10-03 04:41:07",932
"2018-10-03 05:41:07",932
"2018-10-03 06:41:05",932
"2018-10-03 07:41:06",932
"2018-10-03 08:41:06",932
"2018-10-03 09:41:06",932
"2018-10-03 10:41:06",932
"2018-10-03 11:41:06",932
"2018-10-03 12:41:05",932
"2018-10-03 13:41:42",932
"2018-10-03 15:06:10",937
"2018-10-03 15:41:06",937
"2018-10-03 16:41:06",937
"2018-10-03 17:41:06",938
"2018-10-03 18:41:05",939
"2018-10-03 19:41:06",939
"2018-10-03 20:41:05",942
"2018-10-03 21:41:05",942
"2018-10-03 22:41:06",941
"2018-10-03 23:41:05",941
"2018-10-04 00:41:06",941
"2018-10-04 01:41:07",941
"2018-10-04 02:41:05",941
"2018-10-04 03:41:05",941
"2018-10-04 04:41:06",941
"2018-10-04 05:41:05",941
"2018-10-04 06:41:05",941
"2018-10-04 07:41:06",941
"2018-10-04 08:41:05",941
"2018-10-04 09:41:06",941
"2018-10-04 10:41:06",941
"2018-10-04 11:41:05",941
"2018-10-04 12:41:06",941
"2018-10-04 14:07:13",936
"2018-10-04 14:41:07",936
"2018-10-04 15:41:06",929
"2018-10-04 16:41:08",931
"2018-10-04 17:41:07",926
"2018-10-04 18:41:06",925
"2018-10-04 19:41:07",923
"2018-10-04 20:41:07",925
"2018-10-04 21:41:06",926
"2018-10-04 22:41:06",927
"2018-10-04 23:41:06",927
"2018-10-05 00:41:07",927
"2018-10-05 01:41:07",927
"2018-10-05 02:41:06",927
"2018-10-05 03:41:07",927
"2018-10-05 04:41:07",927
"2018-10-05 05:41:07",927
"2018-10-05 06:41:07",927
"2018-10-05 07:41:07",927
"2018-10-05 08:41:06",927
"2018-10-05 09:41:07",927
"2018-10-05 10:41:06",927
"2018-10-05 11:41:06",927
"2018-10-05 12:41:07",927
"2018-10-05 13:41:09",927
"2018-10-05 14:41:07",929
"2018-10-05 15:41:08",924
"2018-10-05 16:41:08",919
"2018-10-05 17:41:08",919
"2018-10-05 18:41:09",917
"2018-10-05 19:41:07",917
"2018-10-05 20:41:06",922
"2018-10-05 21:41:06",922
"2018-10-05 22:41:07",922
"2018-10-05 23:41:06",922
"2018-10-06 00:41:07",922
"2018-10-06 01:41:07",922
"2018-10-06 02:41:07",922
"2018-10-06 03:41:07",922
"2018-10-06 04:41:07",922
"2018-10-06 05:41:07",922
"2018-10-06 06:41:07",922
"2018-10-06 07:41:07",922
"2018-10-06 08:41:06",922
"2018-10-06 09:41:06",922
"2018-10-06 10:41:07",922
"2018-10-06 11:41:06",922
"2018-10-06 12:41:06",922
"2018-10-06 13:41:06",922
"2018-10-06 14:41:07",922
"2018-10-06 15:41:07",922
"2018-10-06 16:41:07",922
"2018-10-06 17:41:06",922
"2018-10-06 18:41:07",922
"2018-10-06 19:41:07",922
"2018-10-06 20:41:06",922
"2018-10-06 21:41:06",922
"2018-10-06 22:41:06",922
"2018-10-06 23:41:07",922
"2018-10-07 00:41:06",922
"2018-10-07 01:41:07",922
"2018-10-07 02:41:07",922
"2018-10-07 03:41:07",922
"2018-10-07 04:41:07",922
"2018-10-07 05:41:07",922
"2018-10-07 06:41:07",922
"2018-10-07 07:41:06",922
"2018-10-07 08:41:06",922
"2018-10-07 09:41:06",922
"2018-10-07 10:41:06",922
"2018-10-07 11:41:06",922
"2018-10-07 12:41:06",922
"2018-10-07 13:41:07",922
"2018-10-07 14:41:07",922
"2018-10-07 15:41:07",922
"2018-10-07 16:41:07",922
"2018-10-07 17:41:07",922
"2018-10-07 18:41:07",922
"2018-10-07 19:41:07",922
"2018-10-07 20:41:07",922
"2018-10-07 21:41:07",922
"2018-10-07 22:41:06",922
"2018-10-07 23:41:07",922
"2018-10-08 00:41:07",922
"2018-10-08 01:41:06",922
"2018-10-08 02:41:07",922
"2018-10-08 03:41:06",922
"2018-10-08 04:41:06",922
"2018-10-08 05:41:06",922
"2018-10-08 06:41:06",922
"2018-10-08 07:41:06",922
"2018-10-08 08:41:06",922
"2018-10-08 09:41:06",922
"2018-10-08 10:41:06",922
"2018-10-08 11:41:06",922
"2018-10-08 12:41:06",922
"2018-10-08 13:41:11",922
"2018-10-08 14:41:07",921
"2018-10-08 15:41:08",921
"2018-10-08 16:41:07",916
"2018-10-08 17:41:07",913
"2018-10-08 18:41:07",914
"2018-10-08 19:41:07",912
"2018-10-08 20:41:06",911
"2018-10-08 21:41:07",911
"2018-10-08 22:41:06",911
"2018-10-08 23:41:07",911
"2018-10-09 00:41:06",911
"2018-10-09 01:41:06",911
"2018-10-09 02:41:05",911
"2018-10-09 03:41:10",911
"2018-10-09 04:41:06",911
"2018-10-09 05:41:05",911
"2018-10-09 06:41:05",911
"2018-10-09 07:41:05",911
"2018-10-09 08:41:05",911
"2018-10-09 09:41:05",911
"2018-10-09 10:41:05",911
"2018-10-09 11:41:06",911
"2018-10-09 12:41:05",911
"2018-10-09 13:41:08",911
"2018-10-09 14:41:06",910
"2018-10-09 15:41:06",909
"2018-10-09 16:41:06",910
"2018-10-09 17:41:05",910
"2018-10-09 18:41:06",909
"2018-10-09 19:41:05",909
"2018-10-09 20:41:05",908
"2018-10-09 21:41:04",908
"2018-10-09 22:41:06",908
"2018-10-09 23:41:05",908
"2018-10-10 00:41:05",908
"2018-10-10 01:41:06",908
"2018-10-10 02:41:05",908
"2018-10-10 03:41:08",908
"2018-10-10 04:41:06",908
"2018-10-10 05:41:05",908
"2018-10-10 06:41:05",908
"2018-10-10 07:41:06",908
"2018-10-10 08:41:06",908
"2018-10-10 09:41:05",908
"2018-10-10 10:41:06",909
"2018-10-10 11:41:05",909
"2018-10-10 12:41:05",909
"2018-10-10 13:41:08",909
"2018-10-10 14:41:06",904
"2018-10-10 15:41:06",895
"2018-10-10 16:41:06",893
"2018-10-10 17:41:05",890
"2018-10-10 18:41:06",889
"2018-10-10 19:41:08",886
"2018-10-10 20:41:06",885
"2018-10-10 21:41:05",886
"2018-10-10 22:41:06",887
"2018-10-10 23:41:06",887
"2018-10-11 00:41:06",887
"2018-10-11 01:41:06",887
"2018-10-11 02:41:05",887
"2018-10-11 03:41:05",887
"2018-10-11 04:41:05",887
"2018-10-11 05:41:05",887
"2018-10-11 06:41:06",887
"2018-10-11 07:41:04",887
"2018-10-11 08:41:06",887
"2018-10-11 09:41:05",887
"2018-10-11 10:41:06",887
"2018-10-11 11:41:05",887
"2018-10-11 12:41:05",887
"2018-10-11 13:41:07",887
"2018-10-11 14:41:05",883
"2018-10-11 15:41:06",886
"2018-10-11 16:41:06",883
"2018-10-11 17:41:06",887
"2018-10-11 18:41:07",887
"2018-10-11 19:41:05",888
"2018-10-11 20:41:06",886
"2018-10-11 21:41:06",886
"2018-10-11 22:41:05",886
"2018-10-11 23:41:06",886
"2018-10-12 00:41:05",886
"2018-10-12 01:41:05",886
"2018-10-12 02:41:06",886
"2018-10-12 03:41:05",886
"2018-10-12 04:41:06",886
"2018-10-12 05:41:05",886
"2018-10-12 06:41:05",886
"2018-10-12 07:41:05",886
"2018-10-12 08:41:05",886
"2018-10-12 09:41:06",886
"2018-10-12 10:41:06",886
"2018-10-12 11:41:06",886
"2018-10-12 12:41:05",886
"2018-10-12 13:41:07",886
"2018-10-12 14:41:05",898
"2018-10-12 15:41:07",899
"2018-10-12 16:41:06",902
"2018-10-12 17:41:05",903
"2018-10-12 18:41:05",904
"2018-10-12 19:41:06",905
"2018-10-12 20:41:05",908
"2018-10-12 21:41:05",908
"2018-10-12 22:41:05",908
"2018-10-12 23:41:05",908
"2018-10-13 00:41:05",908
"2018-10-13 01:41:05",908
"2018-10-13 02:41:06",908
"2018-10-13 03:41:06",908
"2018-10-13 04:41:06",908
"2018-10-13 05:41:05",908
"2018-10-13 06:41:05",908
"2018-10-13 07:41:06",908
"2018-10-13 08:41:06",908
"2018-10-13 09:41:06",908
"2018-10-13 10:41:05",908
"2018-10-13 11:41:05",908
"2018-10-13 12:41:05",908
"2018-10-13 13:41:05",908
"2018-10-13 14:41:06",908
"2018-10-13 15:41:06",908
"2018-10-13 16:41:05",908
"2018-10-13 17:41:06",908
"2018-10-13 18:41:06",908
"2018-10-13 19:41:06",908
"2018-10-13 20:41:06",908
"2018-10-13 21:41:06",908
"2018-10-13 22:41:06",908
"2018-10-13 23:41:05",908
"2018-10-14 00:41:05",908
"2018-10-14 01:41:05",908
"2018-10-14 02:41:05",908
"2018-10-14 03:41:05",908
"2018-10-14 04:41:06",908
"2018-10-14 05:41:05",908
"2018-10-14 06:41:05",908
"2018-10-14 07:41:06",908
"2018-10-14 08:41:05",908
"2018-10-14 09:41:05",908
"2018-10-14 10:41:05",908
"2018-10-14 11:41:05",908
"2018-10-14 12:41:05",908
"2018-10-14 13:41:05",908
"2018-10-14 14:41:05",908
"2018-10-14 15:41:05",908
"2018-10-14 16:41:05",908
"2018-10-14 17:41:05",908
"2018-10-14 18:41:05",908
"2018-10-14 19:41:06",908
"2018-10-14 20:41:05",908
"2018-10-14 21:41:06",908
"2018-10-14 22:41:05",908
"2018-10-14 23:41:06",908
"2018-10-15 00:41:06",908
"2018-10-15 01:41:05",908
"2018-10-15 02:41:05",908
"2018-10-15 03:41:06",908
"2018-10-15 04:41:05",908
"2018-10-15 05:41:06",908
"2018-10-15 06:41:06",908
"2018-10-15 07:41:06",908
"2018-10-15 08:41:05",908
"2018-10-15 09:41:05",908
"2018-10-15 10:41:06",908
"2018-10-15 11:41:05",908
"2018-10-15 12:41:06",908
"2018-10-15 13:41:08",908
"2018-10-15 14:41:07",906
"2018-10-15 15:41:08",906
"2018-10-15 16:41:08",909
"2018-10-15 17:41:07",909
"2018-10-15 18:41:07",911
"2018-10-15 19:41:07",912
"2018-10-15 20:41:08",911
"2018-10-15 21:41:08",911
"2018-10-15 22:41:07",911
"2018-10-15 23:41:07",911
"2018-10-16 00:41:07",911
"2018-10-16 01:41:08",911
"2018-10-16 02:41:07",911
"2018-10-16 03:41:06",911
"2018-10-16 04:41:07",911
"2018-10-16 09:41:06",911
"2018-10-16 10:41:07",911
"2018-10-16 11:41:06",911
"2018-10-16 12:41:07",911
"2018-10-16 13:41:09",911
"2018-10-16 14:41:08",912
"2018-10-16 15:41:07",910
"2018-10-16 16:41:07",916
"2018-10-16 17:41:07",918
"2018-10-16 18:41:08",915
"2018-10-16 19:41:08",920
"2018-10-16 20:41:07",923
"2018-10-16 21:41:07",926
"2018-10-16 22:41:07",927
"2018-10-16 23:41:07",927
"2018-10-17 00:41:07",927
"2018-10-17 01:41:07",927
"2018-10-17 02:41:06",927
"2018-10-17 03:41:07",927
"2018-10-17 04:41:06",927
"2018-10-17 05:41:07",927
"2018-10-17 06:41:07",927
"2018-10-17 07:41:07",927
"2018-10-17 08:41:07",927
"2018-10-17 09:41:07",927
"2018-10-17 10:41:06",927
"2018-10-17 11:41:06",927
"2018-10-17 12:41:07",927
"2018-10-17 14:07:10",930
"2018-10-17 14:41:07",930
"2018-10-17 15:41:07",931
"2018-10-17 16:41:07",930
"2018-10-17 17:41:07",930
"2018-10-17 18:41:07",930
"2018-10-17 19:41:07",932
"2018-10-17 20:41:07",929
"2018-10-17 21:41:07",929
"2018-10-17 22:41:07",929
"2018-10-17 23:41:07",929
"2018-10-18 00:41:07",929
"2018-10-18 01:41:06",929
"2018-10-18 02:41:07",929
"2018-10-18 03:41:08",929
"2018-10-18 04:41:06",929
"2018-10-18 05:41:06",929
"2018-10-18 06:41:06",929
"2018-10-18 07:41:06",929
"2018-10-18 08:41:06",929
"2018-10-18 09:41:06",929
"2018-10-18 10:41:06",929
"2018-10-18 11:41:05",929
"2018-10-18 13:06:09",929
"2018-10-18 13:41:07",929
"2018-10-18 14:41:07",928
"2018-10-18 15:41:07",929
"2018-10-18 16:41:07",928
"2018-10-18 17:41:06",929
"2018-10-18 18:41:06",925
"2018-10-18 19:41:06",924
"2018-10-18 20:41:07",924
"2018-10-18 21:41:07",924
"2018-10-18 22:41:06",924
"2018-10-18 23:41:05",924
"2018-10-19 00:41:07",924
"2018-10-19 01:41:07",924
"2018-10-19 02:41:07",924
"2018-10-19 03:41:06",924
"2018-10-19 04:41:06",924
"2018-10-19 05:41:06",924
"2018-10-19 06:41:06",924
"2018-10-19 07:41:07",924
"2018-10-19 08:41:06",924
"2018-10-19 09:41:06",924
"2018-10-19 10:41:06",924
"2018-10-19 11:41:06",924
"2018-10-19 13:05:40",924
"2018-10-19 13:41:12",924
"2018-10-19 14:41:07",924
"2018-10-19 15:41:08",920
"2018-10-19 16:41:07",918
"2018-10-19 17:41:07",919
"2018-10-19 18:41:08",919
"2018-10-19 19:41:08",917
"2018-10-19 20:41:08",919
"2018-10-19 21:41:07",919
"2018-10-19 22:41:07",919
"2018-10-19 23:41:06",919
"2018-10-20 00:41:07",919
"2018-10-20 01:41:08",919
"2018-10-20 02:41:07",919
"2018-10-20 03:41:07",919
"2018-10-20 04:41:07",919
"2018-10-20 05:41:07",919
"2018-10-20 06:41:08",919
"2018-10-20 07:41:07",919
"2018-10-20 08:41:07",919
"2018-10-20 09:41:07",919
"2018-10-20 10:41:07",919
"2018-10-20 11:41:07",919
"2018-10-20 12:41:07",919
"2018-10-20 13:41:08",919
"2018-10-20 14:41:08",919
"2018-10-20 15:41:08",919
"2018-10-20 16:41:08",919
"2018-10-20 17:41:08",919
"2018-10-20 18:41:08",919
"2018-10-20 19:41:08",919
"2018-10-20 20:41:08",919
"2018-10-20 21:41:08",919
"2018-10-20 22:41:08",919
"2018-10-20 23:41:07",919
"2018-10-21 00:41:08",919
"2018-10-21 01:41:08",919
"2018-10-21 02:41:08",919
"2018-10-21 03:41:08",919
"2018-10-21 04:41:07",919
"2018-10-21 05:41:08",919
"2018-10-21 06:41:07",919
"2018-10-21 07:41:12",919
"2018-10-21 08:41:07",919
"2018-10-21 09:41:07",919
"2018-10-21 10:41:06",919
"2018-10-21 11:41:07",919
"2018-10-21 12:41:07",919
"2018-10-21 13:41:09",919
"2018-10-21 14:41:08",919
"2018-10-21 15:41:08",919
"2018-10-21 16:41:07",919
"2018-10-21 17:41:08",919
"2018-10-21 18:41:07",919
"2018-10-21 19:41:07",919
"2018-10-21 20:41:07",919
"2018-10-21 21:41:08",919
"2018-10-21 22:41:08",919
"2018-10-21 23:41:08",919
"2018-10-22 00:41:08",919
"2018-10-22 01:41:08",919
"2018-10-22 02:41:08",919
"2018-10-22 03:41:09",919
"2018-10-22 04:41:09",919
"2018-10-22 05:41:07",919
"2018-10-22 06:41:08",919
"2018-10-22 07:41:09",919
"2018-10-22 08:41:08",919
"2018-10-22 09:41:08",919
"2018-10-22 10:41:07",919
"2018-10-22 11:41:06",919
"2018-10-22 12:41:06",919
"2018-10-22 13:41:08",919
"2018-10-22 14:41:08",915
"2018-10-22 15:41:07",916
"2018-10-22 16:41:06",911
"2018-10-22 17:41:07",912
"2018-10-22 18:41:06",912
"2018-10-22 19:41:07",912
"2018-10-22 20:41:07",912
"2018-10-22 21:41:07",912
"2018-10-22 22:41:06",912
"2018-10-22 23:41:07",912
"2018-10-23 00:41:07",912
"2018-10-23 01:41:07",912
"2018-10-23 02:41:06",912
"2018-10-23 03:41:07",912
"2018-10-23 04:41:07",912
"2018-10-23 05:41:07",912
"2018-10-23 06:41:06",912
"2018-10-23 07:41:09",912
"2018-10-23 08:41:06",912
"2018-10-23 09:41:07",912
"2018-10-23 10:41:06",912
"2018-10-23 11:41:07",912
"2018-10-23 12:41:05",912
"2018-10-23 13:41:09",912
"2018-10-23 14:41:08",909
"2018-10-23 15:41:07",910
"2018-10-23 16:41:07",907
"2018-10-23 17:41:08",906
"2018-10-23 18:41:08",907
"2018-10-23 19:41:07",908
"2018-10-23 20:41:08",907
"2018-10-23 21:41:08",907
"2018-10-23 22:41:07",907
"2018-10-23 23:41:07",907
"2018-10-24 00:41:07",907
"2018-10-24 01:41:08",907
"2018-10-24 02:41:08",907
"2018-10-24 03:41:08",907
"2018-10-24 04:41:07",907
"2018-10-24 05:41:08",907
"2018-10-24 06:41:08",907
"2018-10-24 07:41:08",907
"2018-10-24 08:41:08",907
"2018-10-24 09:41:07",907
"2018-10-24 10:41:08",907
"2018-10-24 11:41:07",907
"2018-10-24 12:41:06",907
"2018-10-24 13:41:08",907
"2018-10-24 14:41:08",908
"2018-10-24 15:41:08",908
"2018-10-24 16:41:08",907
"2018-10-24 17:41:07",908
"2018-10-24 18:41:09",910
"2018-10-24 19:41:08",910
"2018-10-24 20:41:08",907
"2018-10-24 21:41:07",908
"2018-10-24 22:41:08",908
"2018-10-24 23:41:07",908
"2018-10-25 00:41:07",908
"2018-10-25 01:41:08",908
"2018-10-25 02:41:08",908
"2018-10-25 03:41:07",908
"2018-10-25 04:41:08",908
"2018-10-25 05:41:08",908
"2018-10-25 06:41:07",908
"2018-10-25 07:41:08",908
"2018-10-25 08:41:07",908
"2018-10-25 09:41:07",908
"2018-10-25 10:41:07",908
"2018-10-25 11:41:09",908
"2018-10-25 14:07:13",908
"2018-10-25 14:41:08",908
"2018-10-25 15:41:09",910
"2018-10-25 16:41:08",911
"2018-10-25 17:41:08",911
"2018-10-25 18:41:08",910
"2018-10-25 19:41:08",908
"2018-10-25 20:41:08",908
"2018-10-25 21:41:08",908
"2018-10-25 22:41:08",906
"2018-10-25 23:41:08",906
"2018-10-26 00:41:08",906
"2018-10-26 01:41:07",906
"2018-10-26 02:41:08",906
"2018-10-26 03:41:08",906
"2018-10-26 04:41:08",906
"2018-10-26 05:41:07",906
"2018-10-26 06:41:08",906
"2018-10-26 07:41:07",906
"2018-10-26 08:41:07",906
"2018-10-26 09:41:07",906
"2018-10-26 10:41:07",906
"2018-10-26 11:41:08",906
"2018-10-26 12:41:08",906
"2018-10-26 13:41:08",905
"2018-10-26 14:41:08",905
"2018-10-26 15:41:07",903
"2018-10-26 16:41:08",902
"2018-10-26 17:41:07",901
"2018-10-26 18:41:07",900
"2018-10-26 19:41:08",900
"2018-10-26 20:41:08",903
"2018-10-26 21:41:07",903
"2018-10-26 22:41:07",903
"2018-10-26 23:41:07",903
"2018-10-27 00:41:07",903
"2018-10-27 01:41:08",903
"2018-10-27 02:41:07",903
"2018-10-27 03:41:07",903
"2018-10-27 04:41:06",903
"2018-10-27 05:41:08",903
"2018-10-27 06:41:08",903
"2018-10-27 07:41:07",903
"2018-10-27 08:41:08",903
"2018-10-27 09:41:07",903
"2018-10-27 10:41:08",903
"2018-10-27 11:41:07",903
"2018-10-27 12:41:07",903
"2018-10-27 13:41:06",903
"2018-10-27 14:41:07",903
"2018-10-27 15:41:08",903
"2018-10-27 16:41:07",903
"2018-10-27 17:41:07",903
"2018-10-27 18:41:07",903
"2018-10-27 19:41:07",903
"2018-10-27 20:41:07",903
"2018-10-27 21:41:07",903
"2018-10-27 22:41:07",903
"2018-10-27 23:41:07",903
"2018-10-28 00:41:08",903
"2018-10-28 01:41:07",903
"2018-10-28 02:41:07",903
"2018-10-28 03:41:07",903
"2018-10-28 04:41:07",903
"2018-10-28 05:41:07",903
"2018-10-28 06:41:07",903
"2018-10-28 07:41:07",903
"2018-10-28 08:41:07",903
"2018-10-28 09:41:08",903
"2018-10-28 10:41:07",903
"2018-10-28 11:41:06",903
"2018-10-28 12:41:07",903
"2018-10-28 13:41:08",903
"2018-10-28 14:41:07",903
"2018-10-28 15:41:07",903
"2018-10-28 16:41:08",903
"2018-10-28 17:41:07",903
"2018-10-28 18:41:07",903
"2018-10-28 19:41:07",903
"2018-10-28 20:41:07",903
"2018-10-28 21:41:07",903
"2018-10-28 22:41:07",903
"2018-10-28 23:41:07",903
"2018-10-29 00:41:07",903
"2018-10-29 01:41:08",903
"2018-10-29 02:41:08",903
"2018-10-29 03:41:06",903
"2018-10-29 04:41:08",903
"2018-10-29 05:41:07",903
"2018-10-29 06:41:08",903
"2018-10-29 07:41:07",903
"2018-10-29 08:41:07",903
"2018-10-29 09:41:07",903
"2018-10-29 10:41:07",903
"2018-10-29 11:41:07",903
"2018-10-29 12:41:07",903
"2018-10-29 13:41:08",903
"2018-10-29 14:41:08",904
"2018-10-29 15:41:07",901
"2018-10-29 16:41:08",899
"2018-10-29 17:41:07",900
"2018-10-29 18:41:08",901
"2018-10-29 19:41:08",901
"2018-10-29 20:41:08",901
"2018-10-29 21:41:08",901
"2018-10-29 22:41:08",899
"2018-10-29 23:41:07",899
"2018-10-30 00:41:08",899
"2018-10-30 01:41:07",899
"2018-10-30 02:41:08",899
"2018-10-30 03:41:08",899
"2018-10-30 04:41:08",899
"2018-10-30 05:41:07",899
"2018-10-30 06:41:07",899
"2018-10-30 07:41:07",899
"2018-10-30 08:41:06",899
"2018-10-30 09:41:08",899
"2018-10-30 10:41:08",899
"2018-10-30 11:41:07",899
"2018-10-30 12:41:08",899
"2018-10-30 13:41:09",899
"2018-10-30 14:41:10",898
"2018-10-30 15:41:09",898
"2018-10-30 16:41:09",897
"2018-10-30 17:41:08",898
"2018-10-30 18:41:09",901
"2018-10-30 19:41:09",899
"2018-10-30 20:41:09",901
"2018-10-30 21:41:08",903
"2018-10-30 22:41:08",903
"2018-10-30 23:41:08",903
"2018-10-31 00:41:09",903
"2018-10-31 01:41:09",903
"2018-10-31 02:41:09",903
"2018-10-31 03:41:08",903
"2018-10-31 04:41:09",903
"2018-10-31 05:41:09",903
"2018-10-31 06:41:09",903
"2018-10-31 07:41:07",903
"2018-10-31 08:41:08",903
"2018-10-31 09:41:08",903
"2018-10-31 10:41:08",903
"2018-10-31 11:41:08",903
"2018-10-31 12:41:08",903
"2018-10-31 14:07:42",903
"2018-10-31 14:41:08",903
"2018-10-31 15:41:09",902
"2018-10-31 16:41:09",901
"2018-10-31 17:41:08",901
"2018-10-31 18:41:08",902
"2018-10-31 19:41:08",901
"2018-10-31 20:41:08",902
"2018-10-31 21:41:08",902
"2018-10-31 22:41:08",901
"2018-10-31 23:41:09",901
"2018-11-01 00:41:08",901
"2018-11-01 01:41:08",901
"2018-11-01 02:41:08",901
"2018-11-01 03:41:08",901
"2018-11-01 04:41:08",901
"2018-11-01 05:41:08",901
"2018-11-01 06:41:09",901
"2018-11-01 07:41:08",901
"2018-11-01 08:41:08",901
"2018-11-01 09:41:08",901
"2018-11-01 10:41:09",901
"2018-11-01 11:41:08",901
"2018-11-01 12:41:08",901
"2018-11-01 13:41:09",901
"2018-11-01 14:41:11",899
"2018-11-01 15:41:09",902
"2018-11-01 16:41:09",902
"2018-11-01 17:41:08",903
"2018-11-01 18:41:09",903
"2018-11-01 19:41:09",902
"2018-11-01 20:41:10",902
"2018-11-01 21:41:09",902
"2018-11-01 22:41:09",901
"2018-11-01 23:41:08",901
"2018-11-02 00:41:08",901
"2018-11-02 01:41:08",901
"2018-11-02 02:41:09",901
"2018-11-02 03:41:10",901
"2018-11-02 04:41:08",901
"2018-11-02 05:41:08",901
"2018-11-02 06:41:09",901
"2018-11-02 07:41:08",901
"2018-11-02 08:41:08",901
"2018-11-02 09:41:09",901
"2018-11-02 10:41:08",901
"2018-11-02 11:41:08",901
"2018-11-02 12:41:09",901
"2018-11-02 14:05:42",898
"2018-11-02 14:41:09",898
"2018-11-02 15:41:09",898
"2018-11-02 16:41:09",900
"2018-11-02 17:41:09",899
"2018-11-02 18:41:08",900
"2018-11-02 19:41:09",900
"2018-11-02 20:41:09",904
"2018-11-02 21:41:09",904
"2018-11-02 22:41:09",903
"2018-11-02 23:41:09",903
"2018-11-03 00:41:09",903
"2018-11-03 01:41:08",903
"2018-11-03 02:41:10",903
"2018-11-03 03:41:08",903
"2018-11-03 04:41:08",903
"2018-11-03 05:41:09",903
"2018-11-03 06:41:08",903
"2018-11-03 07:41:08",903
"2018-11-03 08:41:09",903
"2018-11-03 09:41:09",903
"2018-11-03 10:41:08",903
"2018-11-03 11:41:09",903
"2018-11-03 12:41:08",903
"2018-11-03 13:41:08",903
"2018-11-03 14:41:08",903
"2018-11-03 15:41:08",903
"2018-11-03 16:41:08",903
"2018-11-03 17:41:10",903
"2018-11-03 18:41:10",903
"2018-11-03 19:41:09",903
"2018-11-03 20:41:08",903
"2018-11-03 21:41:26",903
"2018-11-03 22:41:08",903
"2018-11-03 23:41:09",903
"2018-11-04 00:41:09",903
"2018-11-04 01:41:09",903
"2018-11-04 02:41:09",903
"2018-11-04 03:41:09",903
"2018-11-04 04:41:09",903
"2018-11-04 05:41:08",903
"2018-11-04 06:41:08",903
"2018-11-04 07:41:09",903
"2018-11-04 08:41:09",903
"2018-11-04 09:41:08",903
"2018-11-04 10:41:08",903
"2018-11-04 11:41:08",903
"2018-11-04 12:41:09",903
"2018-11-04 13:41:08",903
"2018-11-04 14:41:08",903
"2018-11-04 15:41:08",903
"2018-11-04 16:41:08",903
"2018-11-04 17:41:09",903
"2018-11-04 18:41:09",903
"2018-11-04 19:41:09",903
"2018-11-04 20:41:08",903
"2018-11-04 21:41:08",903
"2018-11-04 22:41:09",903
"2018-11-04 23:41:09",903
"2018-11-05 00:41:08",903
"2018-11-05 01:41:08",903
"2018-11-05 02:41:08",903
"2018-11-05 03:41:09",903
"2018-11-05 04:41:09",903
"2018-11-05 05:41:09",903
"2018-11-05 06:41:08",903
"2018-11-05 07:41:08",903
"2018-11-05 08:41:09",903
"2018-11-05 09:41:09",903
"2018-11-05 10:41:08",903
"2018-11-05 11:41:08",903
"2018-11-05 12:41:08",903
"2018-11-05 13:41:09",903
"2018-11-05 14:41:12",903
"2018-11-05 15:41:10",900
"2018-11-05 16:41:11",899
"2018-11-05 17:41:09",900
"2018-11-05 18:41:09",901
"2018-11-05 19:41:09",905
"2018-11-05 20:41:10",909
"2018-11-05 21:41:11",908
"2018-11-05 22:41:10",909
"2018-11-05 23:41:10",908
"2018-11-06 00:41:10",908
"2018-11-06 01:41:09",908
"2018-11-06 02:41:10",908
"2018-11-06 03:41:11",908
"2018-11-06 04:41:10",908
"2018-11-06 05:41:11",908
"2018-11-06 06:41:10",908
"2018-11-06 07:41:11",908
"2018-11-06 08:41:11",908
"2018-11-06 09:41:11",908
"2018-11-06 10:41:11",908
"2018-11-06 11:41:11",908
"2018-11-06 12:41:11",908
"2018-11-06 13:41:11",908
"2018-11-06 14:41:13",908
"2018-11-06 15:41:12",905
"2018-11-06 16:41:12",907
"2018-11-06 17:41:14",911
"2018-11-06 18:41:12",911
"2018-11-06 19:41:11",914
"2018-11-06 20:41:12",913
"2018-11-06 21:41:11",914
"2018-11-06 22:41:12",913
"2018-11-06 23:41:11",913
"2018-11-07 00:41:12",913
"2018-11-07 01:41:11",913
"2018-11-07 02:41:12",913
"2018-11-07 03:41:11",913
"2018-11-07 04:41:10",913
"2018-11-07 05:41:11",913
"2018-11-07 06:41:11",913
"2018-11-07 07:41:11",913
"2018-11-07 08:41:11",913
"2018-11-07 09:41:10",913
"2018-11-07 10:41:11",913
"2018-11-07 11:41:10",913
"2018-11-07 12:41:11",913
"2018-11-07 13:41:11",913
"2018-11-07 14:41:14",913
"2018-11-07 15:41:11",910
"2018-11-07 16:41:11",902
"2018-11-07 17:41:11",904
"2018-11-07 18:41:12",901
"2018-11-07 19:41:12",901
"2018-11-07 20:41:13",900
"2018-11-07 21:41:10",900
"2018-11-07 22:41:11",901
"2018-11-07 23:41:11",902
"2018-11-08 00:41:10",902
"2018-11-08 01:41:11",902
"2018-11-08 02:41:10",902
"2018-11-08 03:41:11",902
"2018-11-08 04:41:11",902
"2018-11-08 05:41:11",902
"2018-11-08 06:41:11",902
"2018-11-08 07:41:11",902
"2018-11-08 08:41:12",902
"2018-11-08 09:41:11",902
"2018-11-08 10:41:11",902
"2018-11-08 11:41:10",902
"2018-11-08 12:41:11",902
"2018-11-08 13:41:10",902
"2018-11-08 14:41:13",902
"2018-11-08 15:41:11",897
"2018-11-08 16:41:12",899
"2018-11-08 17:41:11",897
"2018-11-08 18:41:11",896
"2018-11-08 19:41:11",896
"2018-11-08 20:41:12",894
"2018-11-08 21:41:12",894
"2018-11-08 22:41:11",894
"2018-11-08 23:41:11",894
"2018-11-09 00:41:11",894
"2018-11-09 01:41:11",894
"2018-11-09 02:41:11",894
"2018-11-09 03:41:11",894
"2018-11-09 04:41:11",894
"2018-11-09 05:41:11",894
"2018-11-09 06:41:10",894
"2018-11-09 07:41:11",894
"2018-11-09 08:41:11",894
"2018-11-09 09:41:11",894
"2018-11-09 10:41:10",894
"2018-11-09 11:41:10",894
"2018-11-09 12:41:11",894
"2018-11-09 13:41:10",894
"2018-11-09 15:05:14",896
"2018-11-09 15:41:13",896
"2018-11-09 16:41:11",897
"2018-11-09 17:41:11",900
"2018-11-09 18:41:12",903
"2018-11-09 19:41:13",906
"2018-11-09 20:41:12",914
"2018-11-09 21:41:11",923
"2018-11-09 22:41:12",923
"2018-11-09 23:41:10",923
"2018-11-10 00:41:10",923
"2018-11-10 01:41:11",923
"2018-11-10 02:41:10",923
"2018-11-10 03:41:11",923
"2018-11-10 04:41:12",923
"2018-11-10 05:41:11",923
"2018-11-10 06:41:11",923
"2018-11-10 07:41:11",923
"2018-11-10 08:41:11",923
"2018-11-10 09:41:11",923
"2018-11-10 10:41:10",923
"2018-11-10 11:41:11",923
"2018-11-10 12:41:10",923
"2018-11-10 13:41:11",923
"2018-11-10 14:41:11",923
"2018-11-10 15:41:12",923
"2018-11-10 16:41:11",923
"2018-11-10 17:41:11",923
"2018-11-10 18:41:12",923
"2018-11-10 19:41:12",923
"2018-11-10 20:41:11",923
"2018-11-10 21:41:11",923
"2018-11-10 22:41:11",923
"2018-11-10 23:41:11",923
"2018-11-11 00:41:12",923
"2018-11-11 01:41:12",923
"2018-11-11 02:41:10",923
"2018-11-11 03:41:12",923
"2018-11-11 04:41:11",923
"2018-11-11 05:41:12",923
"2018-11-11 06:41:11",923
"2018-11-11 07:41:12",923
"2018-11-11 08:41:11",923
"2018-11-11 09:41:11",923
"2018-11-11 10:41:12",923
"2018-11-11 11:41:11",923
"2018-11-11 12:41:11",923
"2018-11-11 13:41:11",923
"2018-11-11 14:41:12",923
"2018-11-11 15:41:12",923
"2018-11-11 16:41:11",923
"2018-11-11 17:41:11",923
"2018-11-11 18:41:11",923
"2018-11-11 19:41:10",923
"2018-11-11 20:41:12",923
"2018-11-11 21:41:11",923
"2018-11-11 22:41:11",923
"2018-11-11 23:41:11",923
"2018-11-12 00:41:11",923
"2018-11-12 01:41:10",923
"2018-11-12 02:41:11",923
"2018-11-12 03:41:12",923
"2018-11-12 04:41:11",923
"2018-11-12 05:41:11",923
"2018-11-12 06:41:12",923
"2018-11-12 07:41:11",923
"2018-11-12 08:41:11",923
"2018-11-12 09:41:11",923
"2018-11-12 10:41:11",923
"2018-11-12 11:41:12",923
"2018-11-12 12:41:10",923
"2018-11-12 13:41:11",923
"2018-11-12 14:41:12",923
"2018-11-12 15:41:11",919
"2018-11-12 16:41:12",913
"2018-11-12 17:41:10",911
"2018-11-12 18:41:11",911
"2018-11-12 19:41:12",913
"2018-11-12 20:41:11",912
"2018-11-12 21:41:11",916
"2018-11-12 22:41:11",916
"2018-11-12 23:41:11",916
"2018-11-13 00:41:11",916
"2018-11-13 01:41:11",916
"2018-11-13 02:41:12",916
"2018-11-13 03:41:11",916
"2018-11-13 04:41:11",916
"2018-11-13 05:41:11",916
"2018-11-13 06:41:11",916
"2018-11-13 07:41:12",916
"2018-11-13 08:41:12",916
"2018-11-13 09:41:11",916
"2018-11-13 10:41:12",916
"2018-11-13 11:41:12",916
"2018-11-13 12:41:11",916
"2018-11-13 13:41:11",916
"2018-11-13 14:41:13",916
"2018-11-13 15:41:11",918
"2018-11-13 16:41:11",914
"2018-11-13 17:41:11",913
"2018-11-13 18:41:10",913
"2018-11-13 19:41:11",911
"2018-11-13 20:41:11",911
"2018-11-13 21:41:10",912
"2018-11-13 22:41:11",911
"2018-11-13 23:41:11",911
"2018-11-14 00:41:11",911
"2018-11-14 01:41:11",911
"2018-11-14 02:41:11",911
"2018-11-14 03:41:11",911
"2018-11-14 04:41:11",911
"2018-11-14 05:41:11",911
"2018-11-14 06:41:11",911
"2018-11-14 07:41:11",911
"2018-11-14 08:41:11",911
"2018-11-14 09:41:11",911
"2018-11-14 10:41:11",911
"2018-11-14 11:41:12",911
"2018-11-14 12:41:11",911
"2018-11-14 13:41:12",911
"2018-11-14 14:41:13",911
"2018-11-14 15:41:13",913
"2018-11-14 16:41:13",917
"2018-11-14 17:41:13",920
"2018-11-14 18:41:13",922
"2018-11-14 19:41:13",922
"2018-11-14 20:41:13",922
"2018-11-14 21:41:13",918
"2018-11-14 22:41:12",917
"2018-11-14 23:41:12",917
"2018-11-15 00:41:12",917
"2018-11-15 01:41:12",917
"2018-11-15 02:41:12",917
"2018-11-15 03:41:12",917
"2018-11-15 04:41:12",917
"2018-11-15 05:41:13",917
"2018-11-15 06:41:12",917
"2018-11-15 07:41:11",917
"2018-11-15 08:41:12",917
"2018-11-15 09:41:12",917
"2018-11-15 10:41:13",917
"2018-11-15 11:41:12",917
"2018-11-15 12:41:12",917
"2018-11-15 13:41:13",917
"2018-11-15 14:41:13",917
"2018-11-15 15:41:13",917
"2018-11-15 16:41:12",919
"2018-11-15 17:41:14",921
"2018-11-15 18:41:13",919
"2018-11-15 19:41:12",917
"2018-11-15 20:41:13",919
"2018-11-15 21:41:14",917
"2018-11-15 22:41:13",917
"2018-11-15 23:41:12",917
"2018-11-16 00:41:12",917
"2018-11-16 01:41:12",917
"2018-11-16 02:41:12",917
"2018-11-16 03:41:12",917
"2018-11-16 04:41:12",917
"2018-11-16 05:41:12",917
"2018-11-16 06:41:12",917
"2018-11-16 07:41:13",917
"2018-11-16 08:41:11",917
"2018-11-16 09:41:12",917
"2018-11-16 10:41:12",917
"2018-11-16 11:41:12",917
"2018-11-16 12:41:11",917
"2018-11-16 13:41:12",917
"2018-11-16 14:41:12",917
"2018-11-16 15:41:11",915
"2018-11-16 16:41:12",914
"2018-11-16 17:41:12",913
"2018-11-16 18:41:11",913
"2018-11-16 19:41:11",911
"2018-11-16 20:41:13",913
"2018-11-16 21:41:12",910
"2018-11-16 22:41:12",911
"2018-11-16 23:41:12",911
"2018-11-17 00:41:12",911
"2018-11-17 01:41:11",911
"2018-11-17 02:41:10",911
"2018-11-17 03:41:15",911
"2018-11-17 04:41:11",911
"2018-11-17 05:41:12",911
"2018-11-17 06:41:13",911
"2018-11-17 07:41:10",911
"2018-11-17 08:41:12",911
"2018-11-17 09:41:11",911
"2018-11-17 10:41:11",911
"2018-11-17 11:41:11",911
"2018-11-17 12:41:11",911
"2018-11-17 13:41:11",911
"2018-11-17 14:41:12",911
"2018-11-17 15:41:11",911
"2018-11-17 16:41:11",911
"2018-11-17 17:41:12",911
"2018-11-17 18:41:11",911
"2018-11-17 19:41:11",911
"2018-11-17 20:41:11",911
"2018-11-17 21:41:11",911
"2018-11-17 22:41:11",911
"2018-11-17 23:41:11",911
"2018-11-18 00:41:11",911
"2018-11-18 01:41:11",911
"2018-11-18 02:41:11",911
"2018-11-18 03:41:12",911
"2018-11-18 04:41:11",911
"2018-11-18 05:41:10",911
"2018-11-18 06:41:11",911
"2018-11-18 07:41:10",911
"2018-11-18 08:41:10",911
"2018-11-18 09:41:11",911
"2018-11-18 10:41:10",911
"2018-11-18 11:41:11",911
"2018-11-18 12:41:11",911
"2018-11-18 13:41:11",911
"2018-11-18 14:41:12",911
"2018-11-18 15:41:12",911
"2018-11-18 16:41:11",911
"2018-11-18 17:41:11",911
"2018-11-18 18:41:11",911
"2018-11-18 19:41:11",911
"2018-11-18 20:41:11",911
"2018-11-18 21:41:11",911
"2018-11-18 22:41:10",911
"2018-11-18 23:41:12",911
"2018-11-19 00:41:11",911
"2018-11-19 01:41:12",911
"2018-11-19 02:41:11",911
"2018-11-19 03:41:11",911
"2018-11-19 04:41:11",911
"2018-11-19 05:41:11",911
"2018-11-19 06:41:11",911
"2018-11-19 07:41:11",911
"2018-11-19 08:41:11",911
"2018-11-19 09:41:10",911
"2018-11-19 10:41:11",911
"2018-11-19 11:41:11",911
"2018-11-19 12:41:12",911
"2018-11-19 13:41:10",911
"2018-11-19 14:41:13",911
"2018-11-19 15:41:12",915
"2018-11-19 16:41:14",937
"2018-11-19 17:41:13",937
"2018-11-19 18:41:12",946
"2018-11-19 19:41:12",951
"2018-11-19 20:41:12",951
"2018-11-19 21:41:12",959
"2018-11-19 22:41:12",963
"2018-11-19 23:41:12",963
"2018-11-20 00:41:13",963
"2018-11-20 01:41:12",963
"2018-11-20 02:41:12",963
"2018-11-20 03:41:13",963
"2018-11-20 04:41:12",963
"2018-11-20 05:41:12",963
"2018-11-20 06:41:12",963
"2018-11-20 07:41:12",963
"2018-11-20 08:41:13",963
"2018-11-20 09:41:12",963
"2018-11-20 10:41:12",963
"2018-11-20 11:41:12",963
"2018-11-20 12:41:12",963
"2018-11-20 13:41:13",963
"2018-11-20 14:41:13",963
"2018-11-20 15:41:13",948
"2018-11-20 16:41:11",944
"2018-11-20 17:41:12",943
"2018-11-20 18:41:14",942
"2018-11-20 19:41:12",941
"2018-11-20 20:41:12",939
"2018-11-20 21:41:13",937
"2018-11-20 22:41:12",936
"2018-11-20 23:41:12",936
"2018-11-21 00:41:11",936
"2018-11-21 01:41:11",936
"2018-11-21 02:41:11",936
"2018-11-21 03:41:12",936
"2018-11-21 04:41:12",936
"2018-11-21 05:41:11",936
"2018-11-21 06:41:12",936
"2018-11-21 07:41:12",936
"2018-11-21 08:41:12",936
"2018-11-21 09:41:11",936
"2018-11-21 10:41:11",936
"2018-11-21 11:41:11",936
"2018-11-21 12:41:11",936
"2018-11-21 13:41:11",936
"2018-11-21 14:41:13",936
"2018-11-21 16:41:11",934
"2018-11-21 17:41:13",933
"2018-11-21 18:41:11",931
"2018-11-21 19:41:12",928
"2018-11-21 20:41:13",926
"2018-11-21 21:41:12",925
"2018-11-21 22:41:11",925
"2018-11-21 23:41:11",926
"2018-11-22 00:41:11",926
"2018-11-22 01:41:12",926
"2018-11-22 02:41:12",926
"2018-11-22 03:41:11",926
"2018-11-22 04:41:12",926
"2018-11-22 05:41:12",926
"2018-11-22 06:41:12",926
"2018-11-22 07:41:12",926
"2018-11-22 08:41:12",926
"2018-11-22 09:41:12",926
"2018-11-22 10:41:12",926
"2018-11-22 11:41:12",926
"2018-11-22 12:41:12",926
"2018-11-22 13:41:12",926
"2018-11-22 14:41:11",926
"2018-11-22 15:41:12",926
"2018-11-22 16:41:11",926
"2018-11-22 17:41:12",926
"2018-11-22 18:41:11",926
"2018-11-22 19:41:11",926
"2018-11-22 20:41:12",926
"2018-11-22 21:41:12",926
"2018-11-22 22:41:12",926
"2018-11-22 23:41:12",926
"2018-11-23 00:41:11",926
"2018-11-23 01:41:11",926
"2018-11-23 02:41:11",926
"2018-11-23 03:41:12",926
"2018-11-23 04:41:12",926
"2018-11-23 05:41:12",926
"2018-11-23 06:41:11",926
"2018-11-23 07:41:12",926
"2018-11-23 08:41:12",926
"2018-11-23 09:41:12",926
"2018-11-23 10:41:12",926
"2018-11-23 11:41:12",926
"2018-11-23 12:41:12",926
"2018-11-23 13:41:11",926
"2018-11-23 14:41:12",926
"2018-11-23 15:41:12",926
"2018-11-23 16:41:11",927
"2018-11-23 17:41:12",926
"2018-11-23 18:41:11",929
"2018-11-23 19:41:12",929
"2018-11-23 20:41:13",929
"2018-11-23 21:41:13",929
"2018-11-23 22:41:12",929
"2018-11-23 23:41:13",929
"2018-11-24 00:41:12",929
"2018-11-24 01:41:13",929
"2018-11-24 02:41:13",929
"2018-11-24 03:41:13",929
"2018-11-24 04:41:13",929
"2018-11-24 05:41:13",929
"2018-11-24 06:41:13",929
"2018-11-24 07:41:12",929
"2018-11-24 08:41:13",929
"2018-11-24 09:41:12",929
"2018-11-24 10:41:12",929
"2018-11-24 11:41:13",929
"2018-11-24 12:41:13",929
"2018-11-24 13:41:12",929
"2018-11-24 14:41:13",929
"2018-11-24 15:41:13",929
"2018-11-24 16:41:12",929
"2018-11-24 17:41:13",929
"2018-11-24 18:41:12",929
"2018-11-24 19:41:12",929
"2018-11-24 20:41:13",929
"2018-11-24 21:41:12",929
"2018-11-24 22:41:12",929
"2018-11-24 23:41:13",929
"2018-11-25 00:41:13",929
"2018-11-25 01:41:13",929
"2018-11-25 02:41:13",929
"2018-11-25 03:41:12",929
"2018-11-25 04:41:13",929
"2018-11-25 05:41:13",929
"2018-11-25 06:41:12",929
"2018-11-25 07:41:12",929
"2018-11-25 08:41:12",929
"2018-11-25 09:41:13",929
"2018-11-25 10:41:12",929
"2018-11-25 11:41:13",929
"2018-11-25 12:41:12",929
"2018-11-25 13:41:12",929
"2018-11-25 14:41:12",929
"2018-11-25 15:41:12",929
"2018-11-25 16:41:13",929
"2018-11-25 17:41:13",929
"2018-11-25 18:41:13",929
"2018-11-25 19:41:13",929
"2018-11-25 20:41:12",929
"2018-11-25 21:41:12",929
"2018-11-25 22:41:13",929
"2018-11-25 23:41:12",929
"2018-11-26 00:41:12",929
"2018-11-26 01:41:13",929
"2018-11-26 02:41:13",929
"2018-11-26 03:41:12",929
"2018-11-26 04:41:12",929
"2018-11-26 05:41:12",929
"2018-11-26 06:41:12",929
"2018-11-26 07:41:12",929
"2018-11-26 08:41:12",929
"2018-11-26 09:41:13",929
"2018-11-26 10:41:13",929
"2018-11-26 11:41:12",929
"2018-11-26 12:41:12",929
"2018-11-26 13:41:11",929
"2018-11-26 14:41:14",929
"2018-11-26 15:41:11",928
"2018-11-26 16:41:12",927
"2018-11-26 17:41:12",926
"2018-11-26 18:41:12",925
"2018-11-26 19:41:11",926
"2018-11-26 20:41:13",926
"2018-11-26 21:41:11",925
"2018-11-26 22:41:12",925
"2018-11-26 23:41:13",925
"2018-11-27 00:41:13",925
"2018-11-27 01:41:12",925
"2018-11-27 02:41:12",925
"2018-11-27 03:41:12",925
"2018-11-27 04:41:11",925
"2018-11-27 05:41:12",925
"2018-11-27 06:41:12",925
"2018-11-27 07:41:12",925
"2018-11-27 08:41:11",925
"2018-11-27 09:41:12",925
"2018-11-27 10:41:12",925
"2018-11-27 11:41:11",925
"2018-11-27 12:41:11",925
"2018-11-27 13:41:12",925
"2018-11-27 14:41:13",925
"2018-11-27 15:41:14",927
"2018-11-27 16:41:14",925
"2018-11-27 17:41:14",925
"2018-11-27 18:41:13",923
"2018-11-27 19:41:13",922
"2018-11-27 20:41:13",922
"2018-11-27 21:41:13",919
"2018-11-27 22:41:13",919
"2018-11-27 23:41:14",918
"2018-11-28 00:41:13",918
"2018-11-28 01:41:12",918
"2018-11-28 02:41:13",918
"2018-11-28 03:41:14",918
"2018-11-28 04:41:14",918
"2018-11-28 05:41:13",918
"2018-11-28 06:41:13",918
"2018-11-28 07:41:12",918
"2018-11-28 08:41:13",918
"2018-11-28 09:41:14",918
"2018-11-28 10:41:13",918
"2018-11-28 11:41:12",918
"2018-11-28 12:41:13",918
"2018-11-28 14:06:15",918
"2018-11-28 14:41:14",918
"2018-11-28 15:41:15",916
"2018-11-28 16:41:14",914
"2018-11-28 17:41:15",913
"2018-11-28 18:41:13",908
"2018-11-28 19:41:14",908
"2018-11-28 20:41:14",909
"2018-11-28 21:41:13",906
"2018-11-28 22:41:13",906
"2018-11-28 23:41:12",905
"2018-11-29 00:41:13",905
"2018-11-29 01:41:13",905
"2018-11-29 02:41:13",905
"2018-11-29 03:41:12",905
"2018-11-29 04:41:12",905
"2018-11-29 05:41:13",905
"2018-11-29 06:41:13",905
"2018-11-29 07:41:12",905
"2018-11-29 08:41:12",905
"2018-11-29 09:41:13",905
"2018-11-29 10:41:13",905
"2018-11-29 11:41:12",905
"2018-11-29 12:41:13",905
"2018-11-29 13:41:13",905
"2018-11-29 15:06:16",907
"2018-11-29 15:41:13",907
"2018-11-29 16:41:13",912
"2018-11-29 17:41:14",916
"2018-11-29 18:41:15",915
"2018-11-29 19:41:13",916
"2018-11-29 20:41:12",915
"2018-11-29 21:41:13",912
"2018-11-29 22:41:13",914
"2018-11-29 23:41:14",913
"2018-11-30 00:41:14",913
"2018-11-30 01:41:14",913
"2018-11-30 02:41:12",913
"2018-11-30 03:41:14",913
"2018-11-30 04:41:13",913
"2018-11-30 05:41:14",913
"2018-11-30 06:41:13",913
"2018-11-30 07:41:13",913
"2018-11-30 08:41:12",913
"2018-11-30 09:41:13",913
"2018-11-30 10:41:13",913
"2018-11-30 11:41:12",913
"2018-11-30 12:41:13",913
"2018-11-30 13:41:13",913
"2018-11-30 14:41:14",913
"2018-11-30 15:41:13",924
"2018-11-30 16:41:13",926
"2018-11-30 17:41:13",928
"2018-11-30 18:41:13",929
"2018-11-30 19:41:13",935
"2018-11-30 20:41:13",941
"2018-11-30 21:41:12",943
"2018-11-30 22:41:14",944
"2018-11-30 23:41:13",946
"2018-12-01 00:41:12",946
"2018-12-01 01:41:13",946
"2018-12-01 02:41:13",946
"2018-12-01 03:41:13",946
"2018-12-01 04:41:13",946
"2018-12-01 05:41:13",946
"2018-12-01 06:41:12",946
"2018-12-01 07:41:12",946
"2018-12-01 08:41:13",946
"2018-12-01 09:41:13",946
"2018-12-01 10:41:13",946
"2018-12-01 11:41:13",946
"2018-12-01 12:41:13",946
"2018-12-01 13:41:13",946
"2018-12-01 14:41:12",946
"2018-12-01 15:41:12",946
"2018-12-01 16:41:13",946
"2018-12-01 17:41:12",946
"2018-12-01 18:41:12",946
"2018-12-01 19:41:12",946
"2018-12-01 20:41:13",946
"2018-12-01 21:41:12",946
"2018-12-01 22:41:14",946
"2018-12-01 23:41:13",946
"2018-12-02 00:41:12",946
"2018-12-02 01:41:13",946
"2018-12-02 02:41:12",946
"2018-12-02 03:41:13",946
"2018-12-02 04:41:13",946
"2018-12-02 05:41:13",946
"2018-12-02 06:41:12",946
"2018-12-02 07:41:13",946
"2018-12-02 08:41:14",946
"2018-12-02 09:41:12",946
"2018-12-02 10:41:13",946
"2018-12-02 11:41:13",946
"2018-12-02 12:41:12",946
"2018-12-02 13:41:12",946
"2018-12-02 14:41:12",946
"2018-12-02 15:41:13",946
"2018-12-02 16:41:13",946
"2018-12-02 17:41:12",946
"2018-12-02 18:41:12",946
"2018-12-02 19:41:13",946
"2018-12-02 20:41:12",946
"2018-12-02 21:41:12",946
"2018-12-02 22:41:12",946
"2018-12-02 23:41:13",946
"2018-12-03 00:41:13",946
"2018-12-03 01:41:12",946
"2018-12-03 02:41:12",946
"2018-12-03 03:41:13",946
"2018-12-03 04:41:13",946
"2018-12-03 05:41:12",946
"2018-12-03 06:41:13",946
"2018-12-03 07:41:12",946
"2018-12-03 08:41:13",946
"2018-12-03 09:41:13",946
"2018-12-03 10:41:13",946
"2018-12-03 11:41:13",946
"2018-12-03 12:41:12",946
"2018-12-03 13:41:12",946
"2018-12-03 14:41:16",946
"2018-12-03 15:41:13",973
"2018-12-03 16:41:14",995
"2018-12-03 17:41:13",1003
"2018-12-03 18:41:13",1009
"2018-12-03 19:41:12",1017
"2018-12-03 20:41:13",1031
"2018-12-03 21:41:13",1056
"2018-12-03 22:41:13",1073
"2018-12-03 23:41:14",1063
"2018-12-04 00:41:13",1063
"2018-12-04 01:41:13",1063
"2018-12-04 02:41:13",1063
"2018-12-04 03:41:13",1063
"2018-12-04 04:41:12",1063
"2018-12-04 05:41:14",1063
"2018-12-04 06:41:13",1063
"2018-12-04 07:41:13",1063
"2018-12-04 08:41:14",1063
"2018-12-04 09:41:13",1063
"2018-12-04 10:41:12",1063
"2018-12-04 11:41:12",1063
"2018-12-04 12:41:13",1063
"2018-12-04 13:41:13",1063
"2018-12-04 15:07:47",1030
"2018-12-04 15:41:13",1030
"2018-12-04 16:41:13",1028
"2018-12-04 17:41:13",1022
"2018-12-04 18:41:13",1016
"2018-12-04 19:41:13",1022
"2018-12-04 20:41:13",1025
"2018-12-04 21:41:13",1031
"2018-12-04 22:41:14",1031
"2018-12-04 23:41:13",1031
"2018-12-05 00:41:14",1031
"2018-12-05 01:41:13",1031
"2018-12-05 02:41:14",1031
"2018-12-05 03:41:13",1031
"2018-12-05 04:41:15",1031
"2018-12-05 05:41:15",1031
"2018-12-05 06:41:13",1031
"2018-12-05 07:41:13",1031
"2018-12-05 08:41:12",1031
"2018-12-05 09:41:12",1031
"2018-12-05 10:41:13",1031
"2018-12-05 11:41:13",1031
"2018-12-05 12:41:12",1031
"2018-12-05 13:41:12",1031
"2018-12-05 14:41:13",1031
"2018-12-05 15:41:13",1031
"2018-12-05 16:41:12",1031
"2018-12-05 17:41:13",1031
"2018-12-05 18:41:13",1031
"2018-12-05 19:41:13",1031
"2018-12-05 20:41:13",1031
"2018-12-05 21:41:14",1031
"2018-12-05 22:41:13",1031
"2018-12-05 23:41:14",1031
"2018-12-06 00:41:14",1031
"2018-12-06 01:41:14",1031
"2018-12-06 02:41:13",1031
"2018-12-06 03:41:14",1031
"2018-12-06 04:41:12",1031
"2018-12-06 05:41:13",1031
"2018-12-06 06:41:13",1031
"2018-12-06 07:41:12",1031
"2018-12-06 08:41:14",1031
"2018-12-06 09:41:13",1031
"2018-12-06 10:41:12",1031
"2018-12-06 11:41:13",1031
"2018-12-06 12:41:13",1031
"2018-12-06 13:41:13",1031
"2018-12-06 14:41:14",1037
"2018-12-06 15:41:14",1034
"2018-12-06 16:41:14",1037
"2018-12-06 17:41:14",1041
"2018-12-06 18:41:13",1030
"2018-12-06 19:41:13",1021
"2018-12-06 20:41:13",1019
"2018-12-06 21:41:13",1010
"2018-12-06 22:41:13",1009
"2018-12-06 23:41:14",1010
"2018-12-07 00:41:14",1010
"2018-12-07 01:41:14",1010
"2018-12-07 02:41:14",1010
"2018-12-07 03:41:14",1010
"2018-12-07 04:41:14",1010
"2018-12-07 05:41:15",1010
"2018-12-07 06:41:14",1010
"2018-12-07 07:41:14",1010
"2018-12-07 08:41:14",1010
"2018-12-07 09:41:14",1010
"2018-12-07 10:41:14",1010
"2018-12-07 11:41:13",1010
"2018-12-07 12:41:15",1010
"2018-12-07 14:06:15",1010
"2018-12-07 14:41:15",1010
"2018-12-07 16:06:18",998
"2018-12-07 16:41:15",998
"2018-12-07 17:41:15",1006
"2018-12-07 18:41:15",1015
"2018-12-07 19:41:17",1027
"2018-12-07 20:41:15",1033
"2018-12-07 21:41:15",1045
"2018-12-07 22:41:16",1045
"2018-12-07 23:41:16",1047
"2018-12-08 00:41:15",1047
"2018-12-08 01:41:14",1047
"2018-12-08 03:41:15",1047
"2018-12-08 04:41:15",1047
"2018-12-08 05:41:15",1047
"2018-12-08 06:41:14",1047
"2018-12-08 07:41:16",1047
"2018-12-08 08:41:15",1047
"2018-12-08 09:41:15",1047
"2018-12-08 10:41:15",1047
"2018-12-08 11:41:15",1047
"2018-12-08 12:41:15",1047
"2018-12-08 13:41:14",1047
"2018-12-08 14:41:15",1047
"2018-12-08 15:41:14",1047
"2018-12-08 16:41:15",1047
"2018-12-08 17:41:15",1047
"2018-12-08 18:41:14",1047
"2018-12-08 19:41:15",1047
"2018-12-08 20:41:16",1047
"2018-12-08 21:41:16",1047
"2018-12-08 22:41:15",1047
"2018-12-08 23:41:15",1047
"2018-12-09 00:41:15",1047
"2018-12-09 01:41:16",1047
"2018-12-09 02:41:15",1047
"2018-12-09 03:41:15",1047
"2018-12-09 04:41:14",1047
"2018-12-09 05:41:14",1047
"2018-12-09 06:41:15",1047
"2018-12-09 07:41:15",1047
"2018-12-09 08:41:15",1047
"2018-12-09 09:41:16",1047
"2018-12-09 10:41:15",1047
"2018-12-09 11:41:16",1047
"2018-12-09 12:41:15",1047
"2018-12-09 13:41:15",1047
"2018-12-09 14:41:15",1047
"2018-12-09 15:41:16",1047
"2018-12-09 16:41:15",1047
"2018-12-09 17:41:15",1047
"2018-12-09 18:41:15",1047
"2018-12-09 19:41:14",1047
"2018-12-09 20:41:14",1047
"2018-12-09 21:41:15",1047
"2018-12-09 22:41:16",1047
"2018-12-09 23:41:15",1047
"2018-12-10 00:41:16",1047
"2018-12-10 01:41:14",1047
"2018-12-10 02:41:15",1047
"2018-12-10 03:41:14",1047
"2018-12-10 04:41:16",1047
"2018-12-10 05:41:14",1047
"2018-12-10 06:41:16",1047
"2018-12-10 07:41:16",1047
"2018-12-10 08:41:14",1047
"2018-12-10 09:41:15",1047
"2018-12-10 10:41:16",1047
"2018-12-10 11:41:14",1047
"2018-12-10 12:41:15",1047
"2018-12-10 13:41:16",1047
"2018-12-10 15:04:48",1045
"2018-12-10 15:41:13",1045
"2018-12-10 16:41:14",1042
"2018-12-10 17:41:15",1039
"2018-12-10 18:41:14",1039
"2018-12-10 19:41:14",1038
"2018-12-10 20:41:13",1034
"2018-12-10 21:41:14",1026
"2018-12-10 22:41:14",1025
"2018-12-10 23:41:15",1025
"2018-12-11 00:41:14",1025
"2018-12-11 01:41:14",1025
"2018-12-11 02:41:14",1025
"2018-12-11 03:41:14",1025
"2018-12-11 04:41:13",1025
"2018-12-11 05:41:15",1025
"2018-12-11 06:41:14",1025
"2018-12-11 07:41:14",1025
"2018-12-11 08:41:14",1025
"2018-12-11 09:41:14",1025
"2018-12-11 10:41:14",1025
"2018-12-11 11:41:15",1025
"2018-12-11 12:41:14",1025
"2018-12-11 13:41:14",1025
"2018-12-11 15:05:47",1019
"2018-12-11 15:41:15",1019
"2018-12-11 16:41:14",1013
"2018-12-11 17:41:15",1010
"2018-12-11 18:41:15",1008
"2018-12-11 19:41:14",1002
"2018-12-11 20:41:14",1001
"2018-12-11 21:41:16",1005
"2018-12-11 22:41:15",1004
"2018-12-11 23:41:14",1004
"2018-12-12 00:41:13",1004
"2018-12-12 01:41:14",1004
"2018-12-12 02:41:14",1004
"2018-12-12 03:41:14",1004
"2018-12-12 04:41:14",1004
"2018-12-12 05:41:13",1004
"2018-12-12 06:41:13",1004
"2018-12-12 07:41:14",1004
"2018-12-12 08:41:14",1004
"2018-12-12 09:41:14",1004
"2018-12-12 10:41:14",1004
"2018-12-12 11:41:15",1004
"2018-12-12 12:41:16",1004
"2018-12-12 14:06:48",1004
"2018-12-12 14:41:16",1004
"2018-12-12 15:41:14",1004
"2018-12-12 16:41:15",1002
"2018-12-12 17:41:14",1001
"2018-12-12 18:41:14",998
"2018-12-12 19:41:14",993
"2018-12-12 20:41:14",991
"2018-12-12 21:41:15",991
"2018-12-12 22:41:14",991
"2018-12-12 23:41:15",991
"2018-12-13 00:41:13",991
"2018-12-13 01:41:14",991
"2018-12-13 02:41:15",991
"2018-12-13 03:41:14",991
"2018-12-13 04:41:16",991
"2018-12-13 05:41:15",991
"2018-12-13 06:41:15",991
"2018-12-13 07:41:14",991
"2018-12-13 08:41:13",991
"2018-12-13 09:41:14",991
"2018-12-13 10:41:14",991
"2018-12-13 11:41:14",991
"2018-12-13 12:41:13",991
"2018-12-13 14:05:18",991
"2018-12-13 14:41:16",991
"2018-12-13 15:41:16",992
"2018-12-13 16:41:15",992
"2018-12-13 17:41:16",993
"2018-12-13 18:41:15",992
"2018-12-13 19:41:15",992
"2018-12-13 20:41:16",992
"2018-12-13 21:41:15",992
"2018-12-13 22:41:15",992
"2018-12-13 23:41:16",992
"2018-12-14 00:41:16",992
"2018-12-14 01:41:16",992
"2018-12-14 02:41:14",992
"2018-12-14 03:41:15",992
"2018-12-14 04:41:16",992
"2018-12-14 05:41:15",992
"2018-12-14 06:41:15",992
"2018-12-14 07:41:15",992
"2018-12-14 08:41:16",992
"2018-12-14 09:41:15",992
"2018-12-14 10:41:15",992
"2018-12-14 11:41:15",992
"2018-12-14 12:41:16",992
"2018-12-14 14:05:18",992
"2018-12-14 14:41:16",992
"2018-12-14 15:41:16",992
"2018-12-14 16:41:15",988
"2018-12-14 17:41:16",987
"2018-12-14 18:41:17",988
"2018-12-14 19:41:17",990
"2018-12-14 20:41:16",989
"2018-12-14 21:41:15",989
"2018-12-14 22:41:16",989
"2018-12-14 23:41:16",989
"2018-12-15 00:41:15",989
"2018-12-15 01:41:16",989
"2018-12-15 02:41:14",989
"2018-12-15 03:41:15",989
"2018-12-15 04:41:15",989
"2018-12-15 05:41:16",989
"2018-12-15 06:41:15",989
"2018-12-15 07:41:16",989
"2018-12-15 08:41:14",989
"2018-12-15 09:41:15",989
"2018-12-15 10:41:15",989
"2018-12-15 11:41:15",989
"2018-12-15 12:41:16",989
"2018-12-15 13:41:15",989
"2018-12-15 14:41:15",989
"2018-12-15 15:41:16",989
"2018-12-15 16:41:15",989
"2018-12-15 17:41:16",989
"2018-12-15 18:41:15",989
"2018-12-15 19:41:15",989
"2018-12-15 20:41:15",989
"2018-12-15 21:41:15",989
"2018-12-15 22:41:15",989
"2018-12-15 23:41:15",989
"2018-12-16 00:41:15",989
"2018-12-16 01:41:16",989
"2018-12-16 02:41:15",989
"2018-12-16 03:41:15",989
"2018-12-16 04:41:16",989
"2018-12-16 05:41:15",989
"2018-12-16 06:41:16",989
"2018-12-16 07:41:15",989
"2018-12-16 08:41:15",989
"2018-12-16 09:41:16",989
"2018-12-16 10:41:15",989
"2018-12-16 11:41:15",989
"2018-12-16 12:41:14",989
"2018-12-16 13:41:15",989
"2018-12-16 14:41:15",989
"2018-12-16 15:41:14",989
"2018-12-16 16:41:15",989
"2018-12-16 17:41:17",989
"2018-12-16 18:41:15",989
"2018-12-16 19:41:16",989
"2018-12-16 20:41:16",989
"2018-12-16 21:41:15",989
"2018-12-16 22:41:16",989
"2018-12-16 23:41:16",989
"2018-12-17 00:41:15",989
"2018-12-17 01:41:15",989
"2018-12-17 02:41:15",989
"2018-12-17 03:41:15",989
"2018-12-17 04:41:17",989
"2018-12-17 05:41:15",989
"2018-12-17 06:41:16",989
"2018-12-17 07:41:16",989
"2018-12-17 08:41:15",989
"2018-12-17 09:41:16",989
"2018-12-17 10:41:16",989
"2018-12-17 11:41:15",989
"2018-12-17 12:41:15",989
"2018-12-17 13:41:16",989
"2018-12-17 14:41:18",990
"2018-12-17 15:41:16",985
"2018-12-17 16:41:16",987
"2018-12-17 17:41:16",989
"2018-12-17 18:41:16",991
"2018-12-17 20:06:48",993
"2018-12-17 20:41:16",993
"2018-12-17 21:41:17",995
"2018-12-17 22:41:15",995
"2018-12-17 23:41:15",995
"2018-12-18 00:41:15",995
"2018-12-18 01:41:16",995
"2018-12-18 02:41:14",995
"2018-12-18 03:41:16",995
"2018-12-18 04:41:15",995
"2018-12-18 05:41:15",995
"2018-12-18 06:41:15",995
"2018-12-18 07:41:15",995
"2018-12-18 08:41:15",995
"2018-12-18 09:41:14",995
"2018-12-18 10:41:15",995
"2018-12-18 11:41:15",995
"2018-12-18 12:41:16",995
"2018-12-18 13:41:15",995
"2018-12-18 14:41:15",995
"2018-12-18 15:41:15",997
"2018-12-18 16:41:15",993
"2018-12-18 17:41:15",992
"2018-12-18 18:41:15",992
"2018-12-18 19:41:15",990
"2018-12-18 20:41:16",988
"2018-12-18 21:41:15",985
"2018-12-18 22:41:15",986
"2018-12-18 23:41:16",987
"2018-12-19 00:41:15",987
"2018-12-19 01:41:16",987
"2018-12-19 02:41:15",987
"2018-12-19 03:41:16",987
"2018-12-19 04:41:16",987
"2018-12-19 05:41:17",987
"2018-12-19 06:41:16",987
"2018-12-19 07:41:15",987
"2018-12-19 08:41:15",987
"2018-12-19 09:41:16",987
"2018-12-19 11:41:16",987
"2018-12-19 12:41:15",987
"2018-12-19 13:41:15",987
"2018-12-19 14:41:15",986
"2018-12-19 15:41:15",988
"2018-12-19 16:41:15",981
"2018-12-19 17:41:14",980
"2018-12-19 18:41:15",978
"2018-12-19 19:41:15",973
"2018-12-19 20:41:15",971
"2018-12-19 21:41:17",967
"2018-12-19 22:41:17",968
"2018-12-19 23:41:17",968
"2018-12-20 00:41:17",968
"2018-12-20 01:41:17",968
"2018-12-20 02:41:16",968
"2018-12-20 03:41:17",968
"2018-12-20 04:41:16",968
"2018-12-20 05:41:15",968
"2018-12-20 06:41:15",968
"2018-12-20 07:41:16",968
"2018-12-20 08:41:16",968
"2018-12-20 09:41:15",968
"2018-12-20 10:41:16",968
"2018-12-20 11:41:15",968
"2018-12-20 12:41:15",968
"2018-12-20 13:41:15",968
"2018-12-20 14:41:16",969
"2018-12-20 15:41:16",965
"2018-12-20 16:41:16",964
"2018-12-20 17:41:16",969
"2018-12-20 18:41:15",973
"2018-12-20 19:41:16",973
"2018-12-20 20:41:16",973
"2018-12-20 21:41:16",977
"2018-12-20 22:41:16",978
"2018-12-20 23:41:16",979
"2018-12-21 00:41:16",979
"2018-12-21 01:41:16",979
"2018-12-21 02:41:16",979
"2018-12-21 03:41:15",979
"2018-12-21 04:41:16",979
"2018-12-21 05:41:15",979
"2018-12-21 06:41:16",979
"2018-12-21 07:41:15",979
"2018-12-21 08:41:15",979
"2018-12-21 09:41:15",979
"2018-12-21 10:41:14",979
"2018-12-21 11:41:16",979
"2018-12-21 12:41:16",979
"2018-12-21 13:41:15",979
"2018-12-21 14:41:18",979
"2018-12-21 15:41:16",980
"2018-12-21 16:41:16",987
"2018-12-21 17:41:16",985
"2018-12-21 18:41:18",986
"2018-12-21 19:41:15",987
"2018-12-21 20:41:19",985
"2018-12-21 21:41:18",986
"2018-12-21 22:41:18",989
"2018-12-21 23:41:16",989
"2018-12-22 00:41:17",989
"2018-12-22 01:41:17",989
"2018-12-22 02:41:19",989
"2018-12-22 03:41:15",989
"2018-12-22 04:41:18",989
"2018-12-22 05:41:16",989
"2018-12-22 06:41:18",989
"2018-12-22 07:41:17",989
"2018-12-22 08:41:16",989
"2018-12-22 09:41:16",989
"2018-12-22 10:41:16",989
"2018-12-22 11:41:16",989
"2018-12-22 12:41:16",989
"2018-12-22 13:41:16",989
"2018-12-22 14:41:17",989
"2018-12-22 15:41:16",989
"2018-12-22 16:41:16",989
"2018-12-22 17:41:16",989
"2018-12-22 18:41:16",989
"2018-12-22 19:41:17",989
"2018-12-22 20:41:17",989
"2018-12-22 21:41:17",989
"2018-12-22 22:41:17",989
"2018-12-22 23:41:17",989
"2018-12-23 00:41:17",989
"2018-12-23 01:41:17",989
"2018-12-23 02:41:16",989
"2018-12-23 03:41:18",989
"2018-12-23 04:41:17",989
"2018-12-23 05:41:16",989
"2018-12-23 06:41:17",989
"2018-12-23 07:41:16",989
"2018-12-23 08:41:17",989
"2018-12-23 09:41:17",989
"2018-12-23 10:41:18",989
"2018-12-23 11:41:17",989
"2018-12-23 12:41:16",989
"2018-12-23 13:41:17",989
"2018-12-23 14:41:17",989
"2018-12-23 15:41:17",989
"2018-12-23 16:41:17",989
"2018-12-23 17:41:19",989
"2018-12-23 18:41:17",989
"2018-12-23 19:41:17",989
"2018-12-23 20:41:18",989
"2018-12-23 21:41:18",989
"2018-12-23 22:41:17",989
"2018-12-23 23:41:16",989
"2018-12-24 00:41:17",989
"2018-12-24 01:41:18",989
"2018-12-24 02:41:19",989
"2018-12-24 03:41:18",989
"2018-12-24 04:41:16",989
"2018-12-24 05:41:16",989
"2018-12-24 06:41:17",989
"2018-12-24 07:41:18",989
"2018-12-24 08:41:16",989
"2018-12-24 09:41:19",989
"2018-12-24 10:41:17",989
"2018-12-24 11:41:17",989
"2018-12-24 12:41:16",989
"2018-12-24 13:41:17",989
"2018-12-24 15:04:52",984
"2018-12-24 15:41:18",984
"2018-12-24 16:41:18",982
"2018-12-24 17:41:18",982
"2018-12-24 18:41:19",983
"2018-12-24 19:41:18",982
"2018-12-24 20:41:18",982
"2018-12-24 21:41:16",982
"2018-12-24 22:41:16",982
"2018-12-24 23:41:16",982
"2018-12-25 00:41:17",982
"2018-12-25 01:41:16",982
"2018-12-25 02:41:17",982
"2018-12-25 03:41:16",982
"2018-12-25 04:41:17",982
"2018-12-25 05:41:17",982
"2018-12-25 06:41:17",982
"2018-12-25 07:41:17",982
"2018-12-25 08:41:16",982
"2018-12-25 09:41:16",982
"2018-12-25 10:41:16",982
"2018-12-25 11:41:16",982
"2018-12-25 12:41:16",982
"2018-12-25 13:41:17",982
"2018-12-25 14:41:17",982
"2018-12-25 15:41:17",982
"2018-12-25 16:41:16",982
"2018-12-25 17:41:17",982
"2018-12-25 18:41:16",982
"2018-12-25 19:41:16",982
"2018-12-25 20:41:16",982
"2018-12-25 21:41:16",982
"2018-12-25 22:41:17",982
"2018-12-25 23:41:16",982
"2018-12-26 00:41:17",982
"2018-12-26 01:41:17",982
"2018-12-26 02:41:17",982
"2018-12-26 03:41:16",982
"2018-12-26 04:41:16",982
"2018-12-26 05:41:16",982
"2018-12-26 06:41:18",982
"2018-12-26 07:41:17",982
"2018-12-26 08:41:17",982
"2018-12-26 09:41:16",982
"2018-12-26 10:41:17",982
"2018-12-26 11:41:16",982
"2018-12-26 12:41:17",982
"2018-12-26 13:41:19",982
"2018-12-26 15:06:22",981
"2018-12-26 15:41:17",981
"2018-12-26 16:41:17",981
"2018-12-26 17:41:17",980
"2018-12-26 18:41:16",979
"2018-12-26 19:41:17",977
"2018-12-26 20:41:17",976
"2018-12-26 21:41:18",976
"2018-12-26 22:41:18",976
"2018-12-26 23:41:17",977
"2018-12-27 00:41:18",977
"2018-12-27 01:41:18",977
"2018-12-27 02:41:17",977
"2018-12-27 03:41:18",977
"2018-12-27 04:41:16",977
"2018-12-27 05:41:17",977
"2018-12-27 06:41:16",977
"2018-12-27 07:41:17",977
"2018-12-27 08:41:16",977
"2018-12-27 09:41:17",977
"2018-12-27 10:41:16",977
"2018-12-27 11:41:16",977
"2018-12-27 12:41:16",977
"2018-12-27 13:41:15",977
"2018-12-27 14:41:16",977
"2018-12-27 15:41:16",974
"2018-12-27 16:41:17",976
"2018-12-27 17:41:18",976
"2018-12-27 18:41:18",976
"2018-12-27 19:41:18",977
"2018-12-27 20:41:16",977
"2018-12-27 21:41:18",975
"2018-12-27 22:41:20",974
"2018-12-27 23:41:21",974
"2018-12-28 00:41:19",974
"2018-12-28 01:41:18",974
"2018-12-28 02:41:18",974
"2018-12-28 03:41:16",974
"2018-12-28 04:41:18",974
"2018-12-28 05:41:17",974
"2018-12-28 06:41:19",974
"2018-12-28 07:41:19",974
"2018-12-28 08:41:18",974
"2018-12-28 09:41:18",974
"2018-12-28 10:41:16",974
"2018-12-28 11:41:17",974
"2018-12-28 12:41:16",974
"2018-12-28 13:41:16",974
"2018-12-28 14:41:17",973
"2018-12-28 16:06:50",973
"2018-12-28 16:41:17",973
"2018-12-28 17:41:18",977
"2018-12-28 18:41:18",980
"2018-12-28 19:41:17",982
"2018-12-28 20:41:18",981
"2018-12-28 21:41:18",979
"2018-12-28 22:41:16",979
"2018-12-28 23:41:18",979
"2018-12-29 00:41:16",979
"2018-12-29 01:41:16",979
"2018-12-29 02:41:17",979
"2018-12-29 03:41:16",979
"2018-12-29 04:41:17",979
"2018-12-29 05:41:17",979
"2018-12-29 06:41:16",979
"2018-12-29 07:41:18",979
"2018-12-29 08:41:18",979
"2018-12-29 09:41:17",979
"2018-12-29 10:41:17",979
"2018-12-29 11:41:17",979
"2018-12-29 12:41:17",979
"2018-12-29 13:41:16",979
"2018-12-29 14:41:16",979
"2018-12-29 15:41:16",979
"2018-12-29 16:41:17",979
"2018-12-29 17:41:16",979
"2018-12-29 18:41:17",979
"2018-12-29 19:41:18",979
"2018-12-29 20:41:16",979
"2018-12-29 21:41:19",979
"2018-12-29 22:41:17",979
"2018-12-29 23:41:19",979
"2018-12-30 00:41:16",979
"2018-12-30 01:41:17",979
"2018-12-30 02:41:16",979
"2018-12-30 03:41:16",979
"2018-12-30 04:41:16",979
"2018-12-30 05:41:16",979
"2018-12-30 06:41:16",979
"2018-12-30 07:41:16",979
"2018-12-30 08:41:16",979
"2018-12-30 09:41:16",979
"2018-12-30 10:41:16",979
"2018-12-30 11:41:17",979
"2018-12-30 12:41:17",979
"2018-12-30 13:41:17",979
"2018-12-30 14:41:16",979
"2018-12-30 15:41:16",979
"2018-12-30 16:41:16",979
"2018-12-30 17:41:16",979
"2018-12-30 18:41:15",979
"2018-12-30 19:41:16",979
"2018-12-30 20:41:16",979
"2018-12-30 21:41:17",979
"2018-12-30 22:41:17",979
"2018-12-30 23:41:16",979
"2018-12-31 00:41:16",979
"2018-12-31 01:41:16",979
"2018-12-31 02:41:15",979
"2018-12-31 03:41:17",979
"2018-12-31 04:41:17",979
"2018-12-31 05:41:18",979
"2018-12-31 06:41:16",979
"2018-12-31 07:41:16",979
"2018-12-31 08:41:16",979
"2018-12-31 09:41:17",979
"2018-12-31 10:41:17",979
"2018-12-31 11:41:16",979
"2018-12-31 12:41:16",979
"2018-12-31 13:41:15",979
"2018-12-31 14:41:18",979
"2018-12-31 15:41:16",985
"2018-12-31 16:41:17",987
"2018-12-31 17:41:18",985
"2018-12-31 18:41:18",984
"2018-12-31 19:41:18",982
"2018-12-31 20:41:18",982
"2018-12-31 21:41:18",984
"2018-12-31 22:41:18",984
"2018-12-31 23:41:17",984
"2019-01-01 00:41:18",984
"2019-01-01 01:41:18",984
"2019-01-01 02:41:18",984
"2019-01-01 03:41:17",984
"2019-01-01 04:41:18",984
"2019-01-01 05:41:17",984
"2019-01-01 06:41:17",984
"2019-01-01 07:41:17",984
"2019-01-01 08:41:18",984
"2019-01-01 09:41:16",984
"2019-01-01 10:41:17",984
"2019-01-01 11:41:17",984
"2019-01-01 12:41:17",984
"2019-01-01 13:41:17",984
"2019-01-01 14:41:18",984
"2019-01-01 15:41:18",984
"2019-01-01 16:41:17",984
"2019-01-01 17:41:18",984
"2019-01-01 18:41:16",984
"2019-01-01 19:41:17",984
"2019-01-01 20:41:17",984
"2019-01-01 21:41:17",984
"2019-01-01 22:41:19",984
"2019-01-01 23:41:17",984
"2019-01-02 00:41:17",984
"2019-01-02 01:41:17",984
"2019-01-02 02:41:18",984
"2019-01-02 03:41:17",984
"2019-01-02 04:41:18",984
"2019-01-02 05:41:18",984
"2019-01-02 06:41:17",984
"2019-01-02 07:41:18",984
"2019-01-02 08:41:17",984
"2019-01-02 09:41:18",984
"2019-01-02 10:41:18",984
"2019-01-02 11:41:17",984
"2019-01-02 12:41:17",984
"2019-01-02 13:41:17",984
"2019-01-02 15:06:22",984
"2019-01-02 15:41:18",984
"2019-01-02 16:41:16",986
"2019-01-02 17:41:17",985
"2019-01-02 18:41:18",986
"2019-01-02 19:41:18",986
"2019-01-02 20:41:18",987
"2019-01-02 21:41:17",988
"2019-01-02 22:41:18",989
"2019-01-02 23:41:18",990
"2019-01-03 00:41:18",990
"2019-01-03 01:41:17",990
"2019-01-03 02:41:18",990
"2019-01-03 03:41:17",990
"2019-01-03 05:41:18",990
"2019-01-03 06:41:17",990
"2019-01-03 07:41:18",990
"2019-01-03 08:41:18",990
"2019-01-03 09:41:18",990
"2019-01-03 10:41:18",990
"2019-01-03 11:41:17",990
"2019-01-03 12:41:18",990
"2019-01-03 13:41:16",990
"2019-01-03 14:41:19",990
"2019-01-03 15:41:19",992
"2019-01-03 16:41:20",995
"2019-01-03 17:41:20",997
"2019-01-03 18:41:18",998
"2019-01-03 19:41:19",996
"2019-01-03 20:41:18",997
"2019-01-03 21:41:18",998
"2019-01-03 22:41:19",997
"2019-01-03 23:41:17",997
"2019-01-04 00:41:19",997
"2019-01-04 01:41:18",997
"2019-01-04 02:41:20",997
"2019-01-04 03:41:18",997
"2019-01-04 04:41:17",997
"2019-01-04 05:41:18",997
"2019-01-04 06:41:18",997
"2019-01-04 07:41:17",997
"2019-01-04 08:41:17",997
"2019-01-04 09:41:18",997
"2019-01-04 10:41:17",997
"2019-01-04 11:41:18",997
"2019-01-04 12:41:18",997
"2019-01-04 13:41:17",997
"2019-01-04 15:05:53",997
"2019-01-04 15:41:19",997
"2019-01-04 16:41:18",997
"2019-01-04 17:41:17",990
"2019-01-04 18:41:19",988
"2019-01-04 19:41:19",988
"2019-01-04 20:41:18",987
"2019-01-04 21:41:18",987
"2019-01-04 22:41:16",988
"2019-01-04 23:41:18",988
"2019-01-05 00:41:19",988
"2019-01-05 01:41:18",988
"2019-01-05 02:41:19",988
"2019-01-05 03:41:17",988
"2019-01-05 04:41:18",988
"2019-01-05 05:41:18",988
"2019-01-05 06:41:16",988
"2019-01-05 07:41:17",988
"2019-01-05 08:41:19",988
"2019-01-05 09:41:18",988
"2019-01-05 10:41:17",988
"2019-01-05 11:41:17",988
"2019-01-05 12:41:17",988
"2019-01-05 13:41:17",988
"2019-01-05 14:41:17",988
"2019-01-05 15:41:17",988
"2019-01-05 16:41:17",988
"2019-01-05 17:41:17",988
"2019-01-05 18:41:18",988
"2019-01-05 19:41:19",988
"2019-01-05 20:41:17",988
"2019-01-05 21:41:18",988
"2019-01-05 22:41:17",988
"2019-01-05 23:41:17",988
"2019-01-06 00:41:18",988
"2019-01-06 01:41:17",988
"2019-01-06 02:41:17",988
"2019-01-06 03:41:17",988
"2019-01-06 04:41:18",988
"2019-01-06 05:41:17",988
"2019-01-06 06:41:16",988
"2019-01-06 07:41:18",988
"2019-01-06 08:41:16",988
"2019-01-06 09:41:16",988
"2019-01-06 10:41:17",988
"2019-01-06 11:41:17",988
"2019-01-06 12:41:17",988
"2019-01-06 13:41:17",988
"2019-01-06 14:41:17",988
"2019-01-06 15:41:18",988
"2019-01-06 16:41:17",988
"2019-01-06 17:41:18",988
"2019-01-06 18:41:17",988
"2019-01-06 19:41:17",988
"2019-01-06 20:41:17",988
"2019-01-06 21:41:17",988
"2019-01-06 22:41:17",988
"2019-01-06 23:41:17",988
"2019-01-07 00:41:16",988
"2019-01-07 01:41:17",988
"2019-01-07 02:41:18",988
"2019-01-07 03:41:18",988
"2019-01-07 04:41:18",988
"2019-01-07 05:41:16",988
"2019-01-07 06:41:17",988
"2019-01-07 07:41:17",988
"2019-01-07 08:41:17",988
"2019-01-07 09:41:18",988
"2019-01-07 10:41:18",988
"2019-01-07 11:41:17",988
"2019-01-07 12:41:19",988
"2019-01-07 14:06:49",988
"2019-01-07 14:41:18",988
"2019-01-07 15:41:19",1003
"2019-01-07 16:41:19",1023
"2019-01-07 17:41:20",1019
"2019-01-07 18:41:18",1016
"2019-01-07 19:41:17",1015
"2019-01-07 20:41:19",1014
"2019-01-07 21:41:19",1011
"2019-01-07 22:41:18",1012
"2019-01-07 23:41:19",1012
"2019-01-08 00:41:17",1012
"2019-01-08 01:41:18",1012
"2019-01-08 02:41:19",1012
"2019-01-08 03:41:18",1012
"2019-01-08 04:41:18",1012
"2019-01-08 05:41:18",1012
"2019-01-08 06:41:18",1012
"2019-01-08 07:41:17",1012
"2019-01-08 08:41:18",1012
"2019-01-08 09:41:17",1012
"2019-01-08 10:41:18",1012
"2019-01-08 11:41:18",1012
"2019-01-08 12:41:17",1012
"2019-01-08 13:41:18",1012
"2019-01-08 14:41:20",1012
"2019-01-08 15:41:19",988
"2019-01-08 16:41:18",988
"2019-01-08 17:41:18",991
"2019-01-08 18:41:18",989
"2019-01-08 19:41:19",988
"2019-01-08 20:41:18",988
"2019-01-08 21:41:19",987
"2019-01-08 22:41:18",987
"2019-01-08 23:41:20",987
"2019-01-09 00:41:18",987
"2019-01-09 01:41:19",987
"2019-01-09 02:41:21",987
"2019-01-09 04:41:19",987
"2019-01-09 05:41:20",987
"2019-01-09 06:41:19",987
"2019-01-09 07:41:20",987
"2019-01-09 08:41:19",987
"2019-01-09 09:41:19",987
"2019-01-09 10:41:19",987
"2019-01-09 11:41:19",987
"2019-01-09 12:41:18",987
"2019-01-09 14:06:51",987
"2019-01-09 14:41:19",987
"2019-01-09 15:41:18",992
"2019-01-09 16:41:20",995
"2019-01-09 17:41:18",996
"2019-01-09 18:41:20",993
"2019-01-09 19:41:19",993
"2019-01-09 20:41:21",991
"2019-01-09 21:41:19",990
"2019-01-09 22:41:19",990
"2019-01-09 23:41:19",990
"2019-01-10 00:41:18",990
"2019-01-10 01:41:18",990
"2019-01-10 02:41:19",990
"2019-01-10 03:41:18",990
"2019-01-10 04:41:18",990
"2019-01-10 05:41:18",990
"2019-01-10 06:41:17",990
"2019-01-10 07:41:19",990
"2019-01-10 08:41:19",990
"2019-01-10 09:41:18",990
"2019-01-10 10:41:18",990
"2019-01-10 11:41:18",990
"2019-01-10 12:41:18",990
"2019-01-10 13:41:19",990
"2019-01-10 15:05:53",984
"2019-01-10 15:41:20",984
"2019-01-10 16:41:19",984
"2019-01-10 17:41:19",980
"2019-01-10 18:41:19",979
"2019-01-10 19:41:18",979
"2019-01-10 20:41:19",977
"2019-01-10 21:41:19",976
"2019-01-10 22:41:18",975
"2019-01-10 23:41:19",975
"2019-01-11 00:41:19",975
"2019-01-11 01:41:18",975
"2019-01-11 02:41:19",975
"2019-01-11 03:41:19",975
"2019-01-11 04:41:18",975
"2019-01-11 05:41:19",975
"2019-01-11 06:41:18",975
"2019-01-11 07:41:21",975
"2019-01-11 08:41:18",975
"2019-01-11 09:41:19",975
"2019-01-11 10:41:18",975
"2019-01-11 11:41:18",975
"2019-01-11 12:41:19",975
"2019-01-11 13:41:18",975
"2019-01-11 14:41:21",975
"2019-01-11 15:41:20",978
"2019-01-11 16:41:18",978
"2019-01-11 17:41:19",978
"2019-01-11 18:41:19",979
"2019-01-11 19:41:19",980
"2019-01-11 20:41:20",980
"2019-01-11 21:41:18",978
"2019-01-11 22:41:19",979
"2019-01-11 23:41:18",980
"2019-01-12 00:41:18",980
"2019-01-12 01:41:19",980
"2019-01-12 02:41:18",980
"2019-01-12 03:41:19",980
"2019-01-12 04:41:18",980
"2019-01-12 05:41:18",980
"2019-01-12 06:41:19",980
"2019-01-12 07:41:17",980
"2019-01-12 08:41:18",980
"2019-01-12 09:41:18",980
"2019-01-12 10:41:18",980
"2019-01-12 11:41:18",980
"2019-01-12 12:41:18",980
"2019-01-12 13:41:18",980
"2019-01-12 14:41:18",980
"2019-01-12 15:41:17",980
"2019-01-12 16:41:19",980
"2019-01-12 17:41:19",980
"2019-01-12 18:41:17",980
"2019-01-12 19:41:19",980
"2019-01-12 20:41:18",980
"2019-01-12 21:41:18",980
"2019-01-12 22:41:18",980
"2019-01-12 23:41:20",980
"2019-01-13 00:41:18",980
"2019-01-13 01:41:18",980
"2019-01-13 02:41:18",980
"2019-01-13 03:41:18",980
"2019-01-13 04:41:20",980
"2019-01-13 05:41:19",980
"2019-01-13 06:41:18",980
"2019-01-13 07:41:18",980
"2019-01-13 08:41:18",980
"2019-01-13 09:41:19",980
"2019-01-13 10:41:20",980
"2019-01-13 11:41:20",980
"2019-01-13 12:41:18",980
"2019-01-13 13:41:19",980
"2019-01-13 14:41:17",980
"2019-01-13 15:41:19",980
"2019-01-13 16:41:18",980
"2019-01-13 17:41:18",980
"2019-01-13 18:41:18",980
"2019-01-13 19:41:18",980
"2019-01-13 20:41:19",980
"2019-01-13 21:41:18",980
"2019-01-13 22:41:18",980
"2019-01-13 23:41:19",980
"2019-01-14 00:41:18",980
"2019-01-14 01:41:18",980
"2019-01-14 02:41:18",980
"2019-01-14 03:41:18",980
"2019-01-14 04:41:18",980
"2019-01-14 05:41:19",980
"2019-01-14 06:41:18",980
"2019-01-14 07:41:18",980
"2019-01-14 08:41:18",980
"2019-01-14 09:41:18",980
"2019-01-14 10:41:19",980
"2019-01-14 11:41:18",980
"2019-01-14 12:41:18",980
"2019-01-14 13:41:18",980
"2019-01-14 14:41:19",980
"2019-01-14 15:41:19",981
"2019-01-14 16:41:19",985
"2019-01-14 17:41:18",987
"2019-01-14 18:41:18",986
"2019-01-14 19:41:19",987
"2019-01-14 20:41:17",990
"2019-01-14 21:41:18",990
"2019-01-14 22:41:18",989
"2019-01-14 23:41:18",989
"2019-01-15 00:41:18",989
"2019-01-15 01:41:18",989
"2019-01-15 02:41:18",989
"2019-01-15 03:41:18",989
"2019-01-15 04:41:20",989
"2019-01-15 05:41:18",989
"2019-01-15 06:41:18",989
"2019-01-15 07:41:18",989
"2019-01-15 08:41:18",989
"2019-01-15 09:41:17",989
"2019-01-15 10:41:18",989
"2019-01-15 11:41:18",989
"2019-01-15 12:41:18",989
"2019-01-15 13:41:18",989
"2019-01-15 14:41:21",989
"2019-01-15 15:41:19",997
"2019-01-15 16:41:19",991
"2019-01-15 17:41:18",991
"2019-01-15 18:41:19",988
"2019-01-15 19:41:18",983
"2019-01-15 20:41:19",980
"2019-01-15 21:41:18",977
"2019-01-15 22:41:19",977
"2019-01-15 23:41:19",977
"2019-01-16 00:41:18",977
"2019-01-16 01:41:21",977
"2019-01-16 02:41:19",977
"2019-01-16 03:41:18",977
"2019-01-16 04:41:18",977
"2019-01-16 05:41:17",977
"2019-01-16 06:41:18",977
"2019-01-16 07:41:18",977
"2019-01-16 08:41:17",977
"2019-01-16 09:41:18",977
"2019-01-16 10:41:18",977
"2019-01-16 11:41:17",977
"2019-01-16 12:41:17",977
"2019-01-16 14:07:51",977
"2019-01-16 15:06:52",982
"2019-01-16 15:41:18",982
"2019-01-16 16:41:18",988
"2019-01-16 17:41:18",985
"2019-01-16 18:41:19",986
"2019-01-16 19:41:18",987
"2019-01-16 20:41:18",986
"2019-01-16 21:41:19",987
"2019-01-16 22:41:18",987
"2019-01-16 23:41:17",988
"2019-01-17 00:41:18",988
"2019-01-17 01:41:18",988
"2019-01-17 02:41:19",988
"2019-01-17 03:41:18",988
"2019-01-17 04:41:19",988
"2019-01-17 05:41:17",988
"2019-01-17 06:41:18",988
"2019-01-17 07:41:17",988
"2019-01-17 08:41:17",988
"2019-01-17 09:41:19",988
"2019-01-17 10:41:18",988
"2019-01-17 11:41:18",988
"2019-01-17 12:41:17",988
"2019-01-17 13:41:17",988
"2019-01-17 15:07:24",998
"2019-01-17 15:41:20",998
"2019-01-17 16:41:19",1000
"2019-01-17 17:41:18",1004
"2019-01-17 18:41:19",1007
"2019-01-17 19:41:20",1010
"2019-01-17 20:41:19",1013
"2019-01-17 21:41:19",1014
"2019-01-17 22:41:19",1011
"2019-01-17 23:41:18",1013
"2019-01-18 00:41:18",1013
"2019-01-18 01:41:19",1013
"2019-01-18 02:41:18",1013
"2019-01-18 03:41:20",1013
"2019-01-18 04:41:19",1013
"2019-01-18 05:41:19",1013
"2019-01-18 06:41:18",1013
"2019-01-18 07:41:19",1013
"2019-01-18 08:41:18",1013
"2019-01-18 09:41:19",1013
"2019-01-18 10:41:19",1013
"2019-01-18 11:41:18",1013
"2019-01-18 12:41:19",1013
"2019-01-18 13:41:19",1013
"2019-01-18 14:41:21",1013
"2019-01-18 15:41:20",1021
"2019-01-18 16:41:20",1022
"2019-01-18 17:41:21",1018
"2019-01-18 18:41:20",1017
"2019-01-18 19:41:18",1016
"2019-01-18 20:41:20",1008
"2019-01-18 21:41:19",1003
"2019-01-18 22:41:18",1004
"2019-01-18 23:41:19",1004
"2019-01-19 00:41:19",1004
"2019-01-19 01:41:19",1004
"2019-01-19 02:41:19",1004
"2019-01-19 03:41:19",1004
"2019-01-19 04:41:20",1004
"2019-01-19 05:41:19",1004
"2019-01-19 06:41:18",1004
"2019-01-19 07:41:18",1004
"2019-01-19 08:41:19",1004
"2019-01-19 09:41:19",1004
"2019-01-19 10:41:19",1004
"2019-01-19 11:41:18",1004
"2019-01-19 12:41:18",1004
"2019-01-19 13:41:19",1004
"2019-01-19 14:41:18",1004
"2019-01-19 15:41:20",1004
"2019-01-19 16:41:19",1004
"2019-01-19 17:41:19",1004
"2019-01-19 18:41:18",1004
"2019-01-19 19:41:18",1004
"2019-01-19 20:41:18",1004
"2019-01-19 21:41:19",1004
"2019-01-19 22:41:19",1004
"2019-01-19 23:41:19",1004
"2019-01-20 00:41:20",1004
"2019-01-20 01:41:19",1004
"2019-01-20 02:41:20",1004
"2019-01-20 03:41:19",1004
"2019-01-20 04:41:20",1004
"2019-01-20 05:41:19",1004
"2019-01-20 06:41:19",1004
"2019-01-20 07:41:19",1004
"2019-01-20 08:41:19",1004
"2019-01-20 09:41:19",1004
"2019-01-20 10:41:19",1004
"2019-01-20 11:41:19",1004
"2019-01-20 12:41:19",1004
"2019-01-20 13:41:19",1004
"2019-01-20 14:41:19",1004
"2019-01-20 15:41:19",1004
"2019-01-20 16:41:19",1004
"2019-01-20 17:41:19",1004
"2019-01-20 18:41:19",1004
"2019-01-20 19:41:19",1004
"2019-01-20 20:41:19",1004
"2019-01-20 21:41:18",1004
"2019-01-20 22:41:19",1004
"2019-01-20 23:41:19",1004
"2019-01-21 00:41:19",1004
"2019-01-21 01:41:19",1004
"2019-01-21 02:41:19",1004
"2019-01-21 03:41:19",1004
"2019-01-21 04:41:19",1004
"2019-01-21 05:41:19",1004
"2019-01-21 06:41:18",1004
"2019-01-21 07:41:18",1004
"2019-01-21 08:41:19",1004
"2019-01-21 09:41:19",1004
"2019-01-21 10:41:19",1004
"2019-01-21 11:41:18",1004
"2019-01-21 12:41:19",1004
"2019-01-21 13:41:18",1004
"2019-01-21 14:41:18",1004
"2019-01-21 15:41:18",1004
"2019-01-21 16:41:19",1004
"2019-01-21 17:41:19",1004
"2019-01-21 18:41:18",1004
"2019-01-21 19:41:18",1004
"2019-01-21 20:41:19",1004
"2019-01-21 21:41:18",1004
"2019-01-21 22:41:19",1004
"2019-01-21 23:41:19",1004
"2019-01-22 00:41:19",1004
"2019-01-22 01:41:18",1004
"2019-01-22 02:41:19",1004
"2019-01-22 03:41:19",1004
"2019-01-22 04:41:20",1004
"2019-01-22 05:41:20",1004
"2019-01-22 06:41:18",1003
"2019-01-22 07:41:19",1002
"2019-01-22 08:41:19",1002
"2019-01-22 09:41:18",1002
"2019-01-22 10:41:18",1002
"2019-01-22 11:41:18",1002
"2019-01-22 12:41:19",1002
"2019-01-22 13:41:18",1002
"2019-01-22 14:41:18",1002
"2019-01-22 15:41:19",997
"2019-01-22 16:41:18",997
"2019-01-22 17:41:18",994
"2019-01-22 18:41:19",987
"2019-01-22 19:41:19",988
"2019-01-22 20:41:19",983
"2019-01-22 21:41:20",980
"2019-01-22 22:41:18",980
"2019-01-22 23:41:19",981
"2019-01-23 00:41:19",981
"2019-01-23 01:41:19",981
"2019-01-23 02:41:18",981
"2019-01-23 03:41:19",981
"2019-01-23 04:41:19",981
"2019-01-23 05:41:19",981
"2019-01-23 06:41:19",981
"2019-01-23 07:41:19",981
"2019-01-23 08:41:20",981
"2019-01-23 09:41:20",981
"2019-01-23 10:41:19",981
"2019-01-23 11:41:18",981
"2019-01-23 12:41:19",981
"2019-01-23 13:41:19",981
"2019-01-23 15:05:22",978
"2019-01-23 15:41:18",978
"2019-01-23 16:41:18",971
"2019-01-23 17:41:19",972
"2019-01-23 18:41:18",970
"2019-01-23 19:41:19",967
"2019-01-23 20:41:18",968
"2019-01-23 21:41:19",969
"2019-01-23 22:41:19",969
"2019-01-23 23:41:18",969
"2019-01-30 08:07:45",973
"2019-01-30 08:13:17",973
"2019-01-30 08:19:22",973
"2019-01-30 08:42:42",973
"2019-01-30 08:42:45",973
"2019-01-30 09:42:40",973
"2019-01-30 09:42:43",973
"2019-01-30 10:42:41",973
"2019-01-30 10:42:44",973
"2019-01-30 11:42:41",973
"2019-01-30 11:42:45",973
"2019-01-30 12:42:43",973
"2019-01-30 12:42:46",973
"2019-01-30 13:42:41",973
"2019-01-30 13:42:44",973
"2019-01-30 14:42:43",973
"2019-01-30 14:42:46",973
"2019-01-30 15:42:41",973
"2019-01-30 15:42:44",973
"2019-01-30 16:42:41",970
"2019-01-30 16:42:45",970
"2019-01-30 17:42:43",969
"2019-01-30 17:42:46",969
"2019-01-30 18:42:41",966
"2019-01-30 18:42:44",966
"2019-01-30 19:42:44",966
"2019-01-30 19:42:47",966
"2019-01-30 20:42:23",969
"2019-01-30 21:42:42",969
"2019-01-30 21:42:45",969
"2019-01-30 22:42:40",967
"2019-01-30 22:42:44",967
"2019-01-30 23:42:42",966
"2019-01-30 23:42:46",966
"2019-01-31 00:42:45",966
"2019-01-31 00:42:48",966
"2019-01-31 01:42:40",966
"2019-01-31 01:42:43",966
"2019-01-31 02:42:43",966
"2019-01-31 02:42:46",966
"2019-01-31 03:42:42",966
"2019-01-31 03:42:45",966
"2019-01-31 04:42:40",966
"2019-01-31 04:42:42",966
"2019-01-31 05:42:41",966
"2019-01-31 05:42:44",966
"2019-01-31 06:42:43",966
"2019-01-31 06:42:45",966
"2019-01-31 08:10:12",966
"2019-01-31 08:14:48",966
"2019-01-31 08:41:23",966
"2019-01-31 10:04:57",966
"2019-01-31 10:41:24",966
"2019-01-31 11:41:23",966
"2019-01-31 12:41:22",966
"2019-01-31 13:41:24",966
"2019-01-31 15:41:23",964
"2019-01-31 16:41:27",963
"2019-01-31 17:41:24",963
"2019-01-31 18:41:24",961
"2019-01-31 19:41:26",961
"2019-01-31 20:41:25",963
"2019-01-31 21:41:24",964
"2019-01-31 22:41:23",964
"2019-01-31 23:41:23",962
"2019-02-01 00:41:23",962
"2019-02-01 01:41:24",962
"2019-02-01 02:41:26",962
"2019-02-01 03:41:24",962
"2019-02-01 04:41:24",962
"2019-02-01 05:41:23",962
"2019-02-01 06:41:23",962
"2019-02-01 07:41:24",962
"2019-02-01 08:41:23",962
"2019-02-01 09:41:23",962
"2019-02-01 10:41:23",962
"2019-02-01 11:41:24",962
"2019-02-01 12:41:23",962
"2019-02-01 13:41:23",962
"2019-02-01 14:41:24",963
"2019-02-01 15:41:24",970
"2019-02-01 16:41:24",978
"2019-02-01 17:41:23",980
"2019-02-01 18:41:26",992
"2019-02-01 19:41:26",996
"2019-02-01 20:41:23",998
"2019-02-01 21:41:25",1000
"2019-02-01 22:41:25",1001
"2019-02-02 00:06:26",1002
"2019-02-02 00:41:24",1002
"2019-02-02 01:41:24",1002
"2019-02-02 02:41:24",1002
"2019-02-02 03:41:23",1002
"2019-02-02 04:41:23",1002
"2019-02-02 05:41:23",1002
"2019-02-02 06:41:23",1002
"2019-02-02 07:41:23",1002
"2019-02-02 08:41:23",1002
"2019-02-02 09:41:24",1002
"2019-02-02 10:41:23",1002
"2019-02-02 11:41:23",1002
"2019-02-02 12:41:23",1002
"2019-02-02 13:41:24",1002
"2019-02-02 14:41:24",1002
"2019-02-02 15:41:23",1002
"2019-02-02 16:41:26",1002
"2019-02-02 17:41:24",1002
"2019-02-02 18:41:25",1002
"2019-02-02 19:41:23",1002
"2019-02-02 20:41:25",1002
"2019-02-02 21:41:23",1002
"2019-02-02 22:41:24",1002
"2019-02-02 23:41:24",1002
"2019-02-03 00:41:25",1002
"2019-02-03 01:41:24",1002
"2019-02-03 02:41:24",1002
"2019-02-03 03:41:24",1002
"2019-02-03 04:41:25",1002
"2019-02-03 05:41:22",1002
"2019-02-03 06:41:24",1002
"2019-02-03 07:41:23",1002
"2019-02-03 08:41:23",1002
"2019-02-03 09:41:24",1002
"2019-02-03 10:41:23",1002
"2019-02-03 11:41:24",1002
"2019-02-03 12:41:24",1002
"2019-02-03 13:41:24",1002
"2019-02-03 14:41:26",1002
"2019-02-03 15:41:23",1002
"2019-02-03 16:41:24",1002
"2019-02-03 17:41:24",1002
"2019-02-03 18:41:26",1002
"2019-02-03 19:41:23",1002
"2019-02-03 20:41:24",1002
"2019-02-03 21:41:25",1002
"2019-02-03 22:41:26",1002
"2019-02-03 23:41:26",1002
"2019-02-04 00:41:25",1002
"2019-02-04 01:41:24",1002
"2019-02-04 02:41:25",1002
"2019-02-04 03:41:24",1002
"2019-02-04 04:41:25",1002
"2019-02-04 05:41:23",1002
"2019-02-04 06:41:23",1002
"2019-02-04 07:41:23",1002
"2019-02-04 08:41:24",1002
"2019-02-04 09:41:23",1002
"2019-02-04 10:41:24",1002
"2019-02-04 11:41:24",1002
"2019-02-04 12:41:22",1002
"2019-02-04 13:41:25",1002
"2019-02-04 14:41:26",1003
"2019-02-04 15:41:26",1020
"2019-02-04 16:41:26",1023
"2019-02-04 17:41:25",1026
"2019-02-04 18:41:26",1022
"2019-02-04 19:41:25",1025
"2019-02-04 20:41:27",1030
"2019-02-04 21:41:25",1027
"2019-02-04 22:41:26",1027
"2019-02-04 23:41:27",1028
"2019-02-05 00:41:27",1028
"2019-02-05 01:41:28",1028
"2019-02-05 02:41:26",1028
"2019-02-05 03:41:25",1028
"2019-02-05 04:41:31",1028
"2019-02-05 05:41:26",1028
"2019-02-05 06:41:26",1028
"2019-02-05 07:41:25",1028
"2019-02-05 08:41:26",1028
"2019-02-05 09:41:25",1027
"2019-02-05 10:41:26",1027
"2019-02-05 11:41:25",1027
"2019-02-05 12:41:24",1027
"2019-02-05 13:41:25",1027
"2019-02-05 14:41:26",1028
"2019-02-05 15:41:24",1026
"2019-02-05 16:41:27",1026
"2019-02-05 17:41:25",1022
"2019-02-05 18:41:27",1021
"2019-02-05 19:41:27",1021
"2019-02-05 20:41:26",1019
"2019-02-05 21:41:25",1019
"2019-02-05 22:41:27",1022
"2019-02-05 23:41:29",1022
"2019-02-06 00:41:27",1022
"2019-02-06 01:41:25",1022
"2019-02-06 02:41:26",1022
"2019-02-06 03:41:26",1022
"2019-02-06 04:41:25",1022
"2019-02-06 05:41:25",1022
"2019-02-06 06:41:27",1022
"2019-02-06 07:41:27",1022
"2019-02-06 08:41:22",1022
"2019-02-06 09:41:22",1022
"2019-02-07 02:41:29",1022
"2019-02-07 03:41:25",1022
"2019-02-07 04:41:25",1022
"2019-02-07 05:41:26",1022
"2019-02-07 06:41:23",1022
"2019-02-07 07:41:24",1022
"2019-02-07 08:41:24",1022
"2019-02-07 09:41:24",1022
"2019-02-07 10:41:26",1022
"2019-02-07 11:41:27",1022
"2019-02-07 12:41:27",1022
"2019-02-07 13:41:26",1022
"2019-02-07 15:04:57",1011
"2019-02-07 15:41:27",1011
"2019-02-07 16:41:30",1008
"2019-02-07 17:41:26",1004
"2019-02-07 18:41:29",998
"2019-02-07 19:41:29",999
"2019-02-07 20:41:27",999
"2019-02-07 21:41:27",1000
"2019-02-07 22:41:26",1000
"2019-02-07 23:41:27",1000
"2019-02-08 00:41:58",1000
"2019-02-08 01:41:27",1000
"2019-02-08 02:41:27",1000
"2019-02-08 03:41:30",1000
"2019-02-08 04:41:26",1000
"2019-02-08 05:41:26",1000
"2019-02-08 06:41:25",1000
"2019-02-08 07:41:26",1000
"2019-02-08 08:41:25",1000
"2019-02-08 09:41:26",1000
"2019-02-08 10:41:27",1000
"2019-02-08 11:41:27",1000
"2019-02-08 12:41:27",1000
"2019-02-08 13:41:27",1000
"2019-02-08 15:05:59",1000
"2019-02-08 15:41:25",1000
"2019-02-08 16:41:26",1003
"2019-02-08 17:41:27",1003
"2019-02-08 18:41:30",1003
"2019-02-08 19:41:28",1007
"2019-02-08 20:41:28",1010
"2019-02-08 21:41:28",1013
"2019-02-08 22:41:25",1013
"2019-02-08 23:41:25",1013
"2019-02-09 00:41:27",1013
"2019-02-09 01:41:26",1013
"2019-02-09 02:41:26",1013
"2019-02-09 03:41:25",1013
"2019-02-09 04:41:27",1013
"2019-02-09 05:41:26",1013
"2019-02-09 06:41:26",1013
"2019-02-09 07:41:26",1013
"2019-02-09 08:41:25",1013
"2019-02-09 09:41:26",1013
"2019-02-09 10:41:26",1013
"2019-02-09 11:41:25",1013
"2019-02-09 12:41:27",1013
"2019-02-09 13:41:26",1013
"2019-02-09 14:41:26",1013
"2019-02-09 15:41:28",1013
"2019-02-09 16:41:27",1013
"2019-02-09 17:41:28",1013
"2019-02-09 18:41:26",1013
"2019-02-09 19:41:27",1013
"2019-02-09 20:41:26",1013
"2019-02-09 21:41:28",1013
"2019-02-09 22:41:26",1013
"2019-02-09 23:41:27",1013
"2019-02-10 00:41:25",1013
"2019-02-10 01:41:27",1013
"2019-02-10 02:41:27",1013
"2019-02-10 03:41:25",1013
"2019-02-10 04:41:28",1013
"2019-02-10 05:41:29",1013
"2019-02-10 06:41:27",1013
"2019-02-10 07:41:25",1013
"2019-02-10 08:41:26",1013
"2019-02-10 09:41:26",1013
"2019-02-10 10:41:26",1013
"2019-02-10 11:41:26",1013
"2019-02-10 12:41:26",1013
"2019-02-10 13:41:28",1013
"2019-02-10 14:41:27",1013
"2019-02-10 15:41:28",1013
"2019-02-10 16:41:28",1013
"2019-02-10 17:41:26",1013
"2019-02-10 18:41:26",1013
"2019-02-10 19:41:28",1013
"2019-02-10 20:41:27",1013
"2019-02-10 21:41:25",1013
"2019-02-10 22:41:27",1013
"2019-02-10 23:41:29",1013
"2019-02-11 00:41:27",1013
"2019-02-11 01:41:28",1013
"2019-02-11 02:41:29",1013
"2019-02-11 03:41:28",1013
"2019-02-11 04:41:30",1013
"2019-02-11 05:41:27",1013
"2019-02-11 06:41:28",1013
"2019-02-11 07:41:26",1013
"2019-02-11 08:41:26",1013
"2019-02-11 09:41:27",1013
"2019-02-11 10:41:28",1013
"2019-02-11 11:41:25",1013
"2019-02-11 12:41:26",1013
"2019-02-11 13:41:26",1013
"2019-02-11 14:41:25",1013
"2019-02-11 15:41:26",1016
"2019-02-11 16:41:26",1019
"2019-02-11 17:41:27",1023
"2019-02-11 18:41:26",1024
"2019-02-11 19:41:26",1025
"2019-02-11 20:41:26",1023
"2019-02-11 21:41:25",1024
"2019-02-11 22:41:25",1024
"2019-02-11 23:41:27",1024
"2019-02-12 00:41:26",1024
"2019-02-12 01:41:25",1024
"2019-02-12 02:41:30",1024
"2019-02-12 03:41:26",1024
"2019-02-12 04:41:28",1024
"2019-02-12 05:41:26",1024
"2019-02-12 06:41:26",1024
"2019-02-12 07:41:25",1024
"2019-02-12 08:41:25",1024
"2019-02-12 09:41:26",1024
"2019-02-12 10:41:26",1024
"2019-02-12 11:41:26",1024
"2019-02-12 12:41:25",1024
"2019-02-12 13:41:26",1024
"2019-02-12 14:41:26",1024
"2019-02-12 15:41:28",1028
"2019-02-12 16:41:25",1028
"2019-02-12 17:41:25",1028
"2019-02-12 18:41:26",1027
"2019-02-12 19:41:26",1027
"2019-02-12 20:41:25",1027
"2019-02-12 21:41:27",1025
"2019-02-12 22:41:26",1026
"2019-02-12 23:41:26",1026
"2019-02-13 00:41:26",1026
"2019-02-13 01:41:28",1026
"2019-02-13 02:41:26",1026
"2019-02-13 03:41:26",1026
"2019-02-13 04:41:27",1026
"2019-02-13 05:41:27",1026
"2019-02-13 06:41:26",1026
"2019-02-13 07:41:26",1026
"2019-02-13 08:41:26",1026
"2019-02-13 09:41:26",1026
"2019-02-13 10:41:27",1026
"2019-02-13 11:41:26",1026
"2019-02-13 12:41:27",1026
"2019-02-13 13:41:25",1026
"2019-02-13 14:41:25",1026
"2019-02-13 15:41:26",1026
"2019-02-13 16:41:25",1026
"2019-02-13 17:41:28",1029
"2019-02-13 18:41:25",1029
"2019-02-13 19:41:25",1028
"2019-02-13 20:41:26",1028
"2019-02-13 21:41:26",1028
"2019-02-13 22:41:26",1030
"2019-02-13 23:41:27",1030
"2019-02-14 00:41:25",1030
"2019-02-14 01:41:27",1030
"2019-02-14 02:41:27",1030
"2019-02-14 03:41:28",1030
"2019-02-14 04:41:25",1030
"2019-02-14 05:41:29",1030
"2019-02-14 06:41:25",1030
"2019-02-14 07:41:25",1030
"2019-02-14 08:41:25",1030
"2019-02-14 09:41:25",1030
"2019-02-14 10:41:27",1030
"2019-02-14 11:41:26",1030
"2019-02-14 12:41:25",1030
"2019-02-14 13:41:28",1030
"2019-02-14 14:41:26",1030
"2019-02-14 15:41:28",1027
"2019-02-14 16:41:25",1028
"2019-02-14 17:41:28",1026
"2019-02-14 18:41:27",1027
"2019-02-14 19:41:26",1027
"2019-02-14 20:41:29",1029
"2019-02-14 21:41:27",1030
"2019-02-14 22:41:28",1030
"2019-02-15 00:41:28",1030
"2019-02-15 01:41:28",1030
"2019-02-15 02:41:29",1030
"2019-02-15 03:41:31",1030
"2019-02-15 04:41:32",1030
"2019-02-15 05:41:27",1030
"2019-02-15 06:41:26",1030
"2019-02-15 07:41:28",1030
"2019-02-15 08:41:28",1030
"2019-02-15 09:41:28",1030
"2019-02-15 10:41:28",1030
"2019-02-15 11:41:28",1030
"2019-02-15 12:41:26",1030
"2019-02-15 14:06:29",1030
"2019-02-15 14:41:30",1030
"2019-02-15 15:41:34",1033
"2019-02-15 16:41:31",1035
"2019-02-15 17:41:27",1037
"2019-02-15 18:41:31",1033
"2019-02-15 19:41:28",1032
"2019-02-15 20:41:28",1032
"2019-02-15 21:41:30",1031
"2019-02-15 22:41:28",1032
"2019-02-15 23:41:29",1032
"2019-02-16 00:41:29",1032
"2019-02-16 01:41:35",1032
"2019-02-16 02:41:32",1032
"2019-02-16 03:41:31",1032
"2019-02-16 04:41:27",1032
"2019-02-16 05:41:29",1032
"2019-02-16 06:41:28",1032
"2019-02-16 07:41:27",1032
"2019-02-16 08:41:27",1032
"2019-02-16 09:41:30",1032
"2019-02-16 10:41:29",1032
"2019-02-16 11:41:26",1032
"2019-02-16 12:41:29",1032
"2019-02-16 13:41:29",1032
"2019-02-16 14:41:27",1032
"2019-02-16 15:41:32",1032
"2019-02-16 16:41:27",1032
"2019-02-16 17:41:27",1032
"2019-02-16 18:41:28",1032
"2019-02-16 19:41:27",1032
"2019-02-16 20:41:28",1032
"2019-02-16 21:41:28",1032
"2019-02-16 22:41:28",1032
"2019-02-16 23:41:27",1032
"2019-02-17 00:41:29",1032
"2019-02-17 01:41:28",1032
"2019-02-17 02:41:26",1032
"2019-02-17 03:41:29",1032
"2019-02-17 04:41:26",1032
"2019-02-17 05:41:28",1032
"2019-02-17 06:41:27",1032
"2019-02-17 07:41:28",1032
"2019-02-17 08:41:27",1032
"2019-02-17 09:41:26",1032
"2019-02-17 10:41:27",1032
"2019-02-17 11:41:28",1032
"2019-02-17 12:41:25",1032
"2019-02-17 13:41:28",1032
"2019-02-17 14:41:27",1032
"2019-02-17 15:41:29",1032
"2019-02-17 16:41:28",1032
"2019-02-17 17:41:28",1032
"2019-02-17 18:41:29",1032
"2019-02-17 19:41:28",1032
"2019-02-17 20:41:29",1032
"2019-02-17 21:41:26",1032
"2019-02-17 22:41:27",1032
"2019-02-17 23:41:28",1032
"2019-02-18 00:41:28",1032
"2019-02-18 01:41:28",1032
"2019-02-18 02:41:30",1032
"2019-02-18 03:41:29",1032
"2019-02-18 04:41:26",1032
"2019-02-18 05:41:28",1032
"2019-02-18 06:41:26",1032
"2019-02-18 07:41:27",1032
"2019-02-18 08:41:27",1032
"2019-02-18 09:41:29",1032
"2019-02-18 10:41:27",1032
"2019-02-18 11:41:27",1032
"2019-02-18 12:41:28",1032
"2019-02-18 13:41:31",1032
"2019-02-18 14:41:27",1032
"2019-02-18 15:41:29",1032
"2019-02-18 16:41:28",1032
"2019-02-18 17:41:29",1032
"2019-02-18 18:41:28",1032
"2019-02-18 19:41:28",1032
"2019-02-18 20:41:28",1032
"2019-02-18 21:41:27",1032
"2019-02-18 22:41:26",1032
"2019-02-18 23:41:27",1032
"2019-02-19 00:41:26",1032
"2019-02-19 01:41:30",1032
"2019-02-19 02:41:28",1032
"2019-02-19 03:41:28",1032
"2019-02-19 04:41:28",1032
"2019-02-19 05:41:27",1032
"2019-02-19 06:41:27",1031
"2019-02-19 07:41:27",1031
"2019-02-19 08:41:28",1031
"2019-02-19 09:41:26",1031
"2019-02-19 10:41:26",1031
"2019-02-19 11:41:24",1031
"2019-02-19 12:41:25",1031
"2019-02-19 14:05:59",1032
"2019-02-19 14:41:29",1032
"2019-02-19 15:41:29",1030
"2019-02-19 16:41:28",1031
"2019-02-19 17:41:29",1033
"2019-02-19 18:41:31",1036
"2019-02-19 19:41:29",1036
"2019-02-19 20:41:31",1036
"2019-02-19 21:41:29",1037
"2019-02-19 22:41:28",1037
"2019-02-19 23:41:28",1037
"2019-02-20 00:41:34",1037
"2019-02-20 01:41:29",1037
"2019-02-20 02:41:29",1037
"2019-02-20 03:41:34",1037
"2019-02-20 04:41:31",1037
"2019-02-20 05:41:29",1037
"2019-02-20 06:41:30",1037
"2019-02-20 07:41:27",1037
"2019-02-20 08:41:29",1037
"2019-02-20 09:41:28",1037
"2019-02-20 10:41:28",1037
"2019-02-20 11:41:30",1037
"2019-02-20 12:41:28",1037
"2019-02-20 13:41:28",1037
"2019-02-20 14:41:29",1037
"2019-02-20 15:41:30",1039
"2019-02-20 16:41:28",1038
"2019-02-20 17:41:30",1034
"2019-02-20 18:41:29",1037
"2019-02-20 19:41:29",1038
"2019-02-20 20:41:29",1037
"2019-02-20 21:41:30",1037
"2019-02-20 22:41:29",1038
"2019-02-20 23:41:27",1037
"2019-02-21 00:41:29",1037
"2019-02-21 01:41:31",1037
"2019-02-21 02:41:31",1037
"2019-02-21 03:41:29",1037
"2019-02-21 04:41:28",1037
"2019-02-21 05:41:30",1037
"2019-02-21 06:41:28",1037
"2019-02-21 07:41:28",1037
"2019-02-21 08:41:27",1037
"2019-02-21 09:41:28",1037
"2019-02-21 10:41:28",1037
"2019-02-21 11:41:29",1037
"2019-02-21 12:41:26",1037
"2019-02-21 13:41:27",1037
"2019-02-21 14:41:29",1037
"2019-02-21 15:41:31",1026
"2019-02-21 17:05:30",1022
"2019-02-21 17:41:27",1022
"2019-02-21 18:41:26",1022
"2019-02-21 19:41:27",1022
"2019-02-21 20:41:31",1025
"2019-02-21 21:41:26",1024
"2019-02-21 22:41:27",1023
"2019-02-21 23:41:27",1023
"2019-02-22 00:41:28",1023
"2019-02-22 01:41:30",1023
"2019-02-22 02:41:28",1023
"2019-02-22 03:41:29",1023
"2019-02-22 04:41:27",1023
"2019-02-22 05:41:27",1023
"2019-02-22 06:41:27",1023
"2019-02-22 07:41:30",1023
"2019-02-22 08:41:30",1023
"2019-02-22 09:41:28",1023
"2019-02-22 10:41:27",1023
"2019-02-22 11:41:28",1023
"2019-02-22 12:41:27",1023
"2019-02-22 13:41:26",1023
"2019-02-22 14:41:28",1023
"2019-02-22 15:41:29",1025
"2019-02-22 16:41:28",1024
"2019-02-22 17:41:27",1023
"2019-02-22 18:41:28",1024
"2019-02-22 19:41:27",1022
"2019-02-22 20:41:26",1020
"2019-02-22 21:41:30",1018
"2019-02-22 22:41:27",1019
"2019-02-22 23:41:30",1019
"2019-02-23 00:41:26",1019
"2019-02-23 01:41:29",1019
"2019-02-23 02:41:30",1019
"2019-02-23 03:41:30",1019
"2019-02-23 04:41:27",1019
"2019-02-23 05:41:29",1019
"2019-02-23 06:41:26",1019
"2019-02-23 07:41:26",1019
"2019-02-23 08:41:28",1019
"2019-02-23 09:41:27",1019
"2019-02-23 10:41:28",1019
"2019-02-23 11:41:29",1019
"2019-02-23 12:41:27",1019
"2019-02-23 13:41:26",1019
"2019-02-23 14:41:28",1019
"2019-02-23 15:41:28",1019
"2019-02-23 16:41:27",1019
"2019-02-23 17:41:27",1019
"2019-02-23 18:41:27",1019
"2019-02-23 19:41:27",1019
"2019-02-23 20:41:28",1019
"2019-02-23 21:41:30",1019
"2019-02-23 22:41:27",1019
"2019-02-23 23:41:27",1019
"2019-02-24 00:41:29",1019
"2019-02-24 01:41:27",1019
"2019-02-24 02:41:28",1019
"2019-02-24 03:41:28",1019
"2019-02-24 04:41:28",1019
"2019-02-24 05:41:28",1019
"2019-02-24 06:41:27",1019
"2019-02-24 07:41:28",1019
"2019-02-24 08:41:27",1019
"2019-02-24 09:41:27",1019
"2019-02-24 10:41:26",1019
"2019-02-24 11:41:27",1019
"2019-02-24 12:41:26",1019
"2019-02-24 13:41:26",1019
"2019-02-24 14:41:27",1019
"2019-02-24 15:41:29",1019
"2019-02-24 16:41:27",1019
"2019-02-24 17:41:29",1019
"2019-02-24 18:41:29",1019
"2019-02-24 19:41:29",1019
"2019-02-24 20:41:27",1019
"2019-02-24 21:41:27",1019
"2019-02-24 22:41:28",1019
"2019-02-24 23:41:27",1019
"2019-02-25 00:41:29",1019
"2019-02-25 01:41:27",1019
"2019-02-25 02:41:27",1019
"2019-02-25 03:41:29",1019
"2019-02-25 04:41:27",1019
"2019-02-25 05:41:27",1019
"2019-02-25 06:41:26",1019
"2019-02-25 07:41:27",1019
"2019-02-25 08:41:26",1019
"2019-02-25 09:41:28",1019
"2019-02-25 10:41:27",1019
"2019-02-25 11:41:29",1019
"2019-02-25 12:41:26",1019
"2019-02-25 14:06:31",1019
"2019-02-25 14:41:28",1019
"2019-02-25 15:41:29",1019
"2019-02-25 16:41:28",1018
"2019-02-25 17:41:29",1017
"2019-02-25 18:41:30",1021
"2019-02-25 19:41:27",1019
"2019-02-25 20:41:28",1019
"2019-02-25 21:41:28",1018
"2019-02-25 22:41:27",1019
"2019-02-25 23:41:29",1019
"2019-02-26 00:41:29",1019
"2019-02-26 01:41:28",1019
"2019-02-26 02:41:29",1019
"2019-02-26 03:41:30",1019
"2019-02-26 04:41:30",1019
"2019-02-26 05:41:27",1019
"2019-02-26 06:41:29",1019
"2019-02-26 07:41:29",1019
"2019-02-26 08:41:28",1019
"2019-02-26 09:41:29",1019
"2019-02-26 10:41:27",1019
"2019-02-26 11:41:29",1019
"2019-02-26 12:41:27",1019
"2019-02-26 13:41:27",1019
"2019-02-26 14:41:29",1019
"2019-02-26 15:41:30",1019
"2019-02-26 16:41:28",1015
"2019-02-26 17:41:29",1015
"2019-02-26 18:41:27",1017
"2019-02-26 19:41:31",1019
"2019-02-26 20:41:29",1020
"2019-02-26 21:41:27",1023
"2019-02-26 22:41:30",1023
"2019-02-26 23:41:29",1023
"2019-02-27 00:41:31",1023
"2019-02-27 01:41:31",1023
"2019-02-27 03:41:43",1023
"2019-02-27 04:41:31",1023
"2019-02-27 05:41:30",1023
"2019-02-27 06:41:32",1023
"2019-02-27 07:41:30",1023
"2019-02-27 08:41:30",1023
"2019-02-27 09:41:27",1023
"2019-02-27 10:41:27",1023
"2019-02-27 11:41:31",1023
"2019-02-27 12:41:33",1023
"2019-02-27 13:41:29",1023
"2019-02-27 14:41:30",1024
"2019-02-27 15:41:32",1021
"2019-02-27 16:41:28",1021
"2019-02-27 17:41:28",1020
"2019-02-27 18:41:31",1020
"2019-02-27 19:41:31",1021
"2019-02-27 20:41:30",1021
"2019-02-27 21:41:29",1022
"2019-02-27 22:41:31",1022
"2019-02-27 23:41:28",1022
"2019-02-28 00:41:29",1022
"2019-02-28 01:41:27",1022
"2019-02-28 02:41:29",1022
"2019-02-28 04:41:29",1022
"2019-02-28 05:41:29",1022
"2019-02-28 06:41:27",1022
"2019-02-28 07:41:28",1022
"2019-02-28 08:41:28",1022
"2019-02-28 09:41:27",1022
"2019-02-28 10:41:29",1022
"2019-02-28 11:41:29",1022
"2019-02-28 12:41:29",1022
"2019-02-28 13:41:29",1022
"2019-02-28 15:05:34",1027
"2019-02-28 15:41:26",1027
"2019-02-28 16:41:31",1026
"2019-02-28 17:41:28",1028
"2019-02-28 18:41:31",1029
"2019-02-28 19:41:30",1031
"2019-02-28 20:41:28",1032
"2019-02-28 21:41:28",1031
"2019-02-28 22:41:29",1031
"2019-02-28 23:41:28",1031
"2019-03-01 00:41:29",1031
"2019-03-01 01:41:30",1031
"2019-03-01 02:41:31",1031
"2019-03-01 03:41:31",1031
"2019-03-01 04:41:30",1031
"2019-03-01 05:41:30",1031
"2019-03-01 06:41:28",1031
"2019-03-01 07:41:30",1031
"2019-03-01 08:41:29",1031
"2019-03-01 09:41:27",1031
"2019-03-01 10:41:29",1031
"2019-03-01 11:41:28",1031
"2019-03-01 12:41:27",1031
"2019-03-01 13:41:33",1031
"2019-03-01 14:41:31",1031
"2019-03-01 15:41:29",1031
"2019-03-01 16:41:29",1033
"2019-03-01 17:41:29",1035
"2019-03-01 18:41:30",1039
"2019-03-01 19:41:31",1038
"2019-03-01 20:41:32",1040
"2019-03-01 21:41:32",1037
"2019-03-01 22:41:31",1039
"2019-03-01 23:41:30",1039
"2019-03-02 07:41:28",1039
"2019-03-02 08:41:30",1039
"2019-03-02 09:41:27",1039
"2019-03-02 10:41:29",1039
"2019-03-02 11:41:30",1039
"2019-03-02 15:41:33",1039
"2019-03-02 16:41:29",1039
"2019-03-02 17:41:29",1039
"2019-03-04 02:41:30",1039
"2019-03-04 07:41:31",1039
"2019-03-04 10:41:27",1039
"2019-03-04 11:41:28",1039
"2019-03-04 12:41:27",1039
"2019-03-04 13:41:26",1039
"2019-03-04 14:41:30",1040
"2019-03-04 15:41:27",1058
"2019-03-04 16:41:29",1053
"2019-03-04 17:41:30",1049
"2019-03-04 18:41:28",1059
"2019-03-04 19:41:29",1065
"2019-03-04 20:41:29",1066
"2019-03-04 21:41:29",1065
"2019-03-04 22:41:30",1064
"2019-03-04 23:41:28",1066
"2019-03-05 00:41:31",1066
"2019-03-05 01:41:29",1066
"2019-03-05 02:41:31",1066
"2019-03-05 03:41:31",1066
"2019-03-05 04:41:29",1066
"2019-03-05 05:41:29",1066
"2019-03-05 06:41:28",1066
"2019-03-05 07:41:28",1066
"2019-03-05 08:41:28",1066
"2019-03-05 09:41:30",1066
"2019-03-05 10:41:28",1066
"2019-03-05 11:41:26",1066
"2019-03-05 12:41:28",1066
"2019-03-05 14:06:35",1066
"2019-03-05 14:41:30",1066
"2019-03-05 15:41:31",1065
"2019-03-05 16:41:30",1067
"2019-03-05 17:41:30",1065
"2019-03-05 18:41:31",1066
"2019-03-05 19:41:30",1064
"2019-03-05 20:41:31",1066
"2019-03-05 21:41:30",1064
"2019-03-05 22:41:33",1064
"2019-03-05 23:41:32",1064
"2019-03-06 00:41:31",1064
"2019-03-06 01:41:31",1064
"2019-03-06 02:41:30",1064
"2019-03-06 03:41:31",1064
"2019-03-06 04:41:32",1064
"2019-03-06 05:41:30",1064
"2019-03-06 06:41:34",1064
"2019-03-06 07:41:29",1064
"2019-03-06 08:41:28",1064
"2019-03-06 09:41:28",1064
"2019-03-06 10:41:30",1064
"2019-03-06 11:42:02",1064
"2019-03-06 12:41:39",1064
"2019-03-06 14:06:14",1064
"2019-03-06 14:41:49",1064
"2019-03-06 15:41:45",1062
"2019-03-06 16:41:29",1063
"2019-03-06 17:41:34",1059
"2019-03-06 18:41:33",1058
"2019-03-06 19:41:31",1056
"2019-03-06 20:41:31",1056
"2019-03-06 21:41:31",1058
"2019-03-06 22:41:30",1057
"2019-03-06 23:41:31",1057
"2019-03-07 00:41:30",1057
"2019-03-07 01:41:32",1057
"2019-03-07 02:41:31",1057
"2019-03-07 04:41:35",1057
"2019-03-07 05:41:32",1057
"2019-03-07 06:41:30",1057
"2019-03-07 07:41:30",1057
"2019-03-07 08:41:31",1057
"2019-03-07 09:41:31",1057
"2019-03-07 10:41:30",1057
"2019-03-07 11:41:29",1057
"2019-03-07 12:41:29",1057
"2019-03-07 13:41:31",1057
"2019-03-07 14:41:33",1057
"2019-03-07 15:41:29",1058
"2019-03-07 16:41:31",1058
"2019-03-07 17:41:32",1055
"2019-03-07 18:41:32",1057
"2019-03-07 20:06:04",1058
"2019-03-07 20:41:31",1058
"2019-03-07 21:41:32",1059
"2019-03-07 22:41:35",1058
"2019-03-07 23:41:29",1059
"2019-03-08 00:41:30",1059
"2019-03-08 01:41:31",1059
"2019-03-08 02:41:31",1059
"2019-03-08 04:41:30",1059
"2019-03-08 05:41:29",1059
"2019-03-08 06:41:30",1059
"2019-03-08 07:41:31",1059
"2019-03-08 08:41:30",1059
"2019-03-08 09:41:29",1059
"2019-03-08 10:41:30",1059
"2019-03-08 11:41:31",1059
"2019-03-08 12:41:29",1059
"2019-03-08 14:06:34",1058
"2019-03-08 14:41:29",1058
"2019-03-08 15:41:32",1050
"2019-03-08 16:41:30",1050
"2019-03-08 17:41:29",1049
"2019-03-08 18:41:32",1047
"2019-03-08 19:41:32",1049
"2019-03-08 20:41:28",1052
"2019-03-08 21:41:35",1058
"2019-03-08 22:41:28",1059
"2019-03-08 23:41:32",1059
"2019-03-09 00:41:35",1059
"2019-03-09 01:41:30",1059
"2019-03-09 02:41:30",1059
"2019-03-09 03:41:31",1059
"2019-03-09 04:41:31",1059
"2019-03-09 05:41:30",1059
"2019-03-09 06:41:30",1059
"2019-03-09 07:41:29",1059
"2019-03-09 08:41:28",1059
"2019-03-09 09:41:28",1059
"2019-03-09 10:41:30",1059
"2019-03-09 11:41:29",1059
"2019-03-09 12:41:29",1059
"2019-03-09 13:41:29",1059
"2019-03-09 14:41:29",1059
"2019-03-09 15:41:32",1059
"2019-03-09 16:41:29",1059
"2019-03-09 17:41:31",1059
"2019-03-09 18:41:30",1059
"2019-03-09 19:41:29",1059
"2019-03-09 20:41:30",1059
"2019-03-09 21:41:29",1059
"2019-03-09 22:41:30",1059
"2019-03-09 23:41:29",1059
"2019-03-10 00:41:29",1059
"2019-03-10 01:41:30",1059
"2019-03-10 02:41:32",1059
"2019-03-10 03:41:30",1059
"2019-03-10 04:41:30",1059
"2019-03-10 05:41:30",1059
"2019-03-10 06:41:31",1059
"2019-03-10 07:41:29",1059
"2019-03-10 08:41:28",1059
"2019-03-10 09:41:28",1059
"2019-03-10 10:41:28",1059
"2019-03-10 11:41:29",1059
"2019-03-10 12:41:30",1059
"2019-03-10 13:41:28",1059
"2019-03-10 14:41:29",1059
"2019-03-10 15:41:30",1059
"2019-03-10 16:41:30",1059
"2019-03-10 17:41:33",1059
"2019-03-10 18:41:32",1059
"2019-03-10 19:41:30",1059
"2019-03-10 20:41:29",1059
"2019-03-10 21:41:29",1059
"2019-03-10 22:41:28",1059
"2019-03-10 23:41:31",1059
"2019-03-11 00:41:31",1059
"2019-03-11 01:41:31",1059
"2019-03-11 02:41:29",1059
"2019-03-11 03:41:29",1059
"2019-03-11 04:41:30",1059
"2019-03-11 05:41:30",1059
"2019-03-11 06:41:29",1059
"2019-03-11 07:41:29",1059
"2019-03-11 08:41:28",1059
"2019-03-11 09:41:29",1059
"2019-03-11 10:41:30",1059
"2019-03-11 11:41:28",1059
"2019-03-11 12:41:32",1059
"2019-03-11 13:41:31",1059
"2019-03-11 14:41:32",1076
"2019-03-11 15:41:30",1085
"2019-03-11 16:41:30",1088
"2019-03-11 17:41:30",1095
"2019-03-11 18:41:30",1107
"2019-03-11 19:41:30",1119
"2019-03-11 20:41:29",1167
"2019-03-11 21:41:32",1182
"2019-03-11 22:41:30",1184
"2019-03-11 23:41:31",1184
"2019-03-12 00:41:33",1184
"2019-03-12 01:41:28",1184
"2019-03-12 02:41:29",1184
"2019-03-12 03:41:31",1184
"2019-03-12 04:41:30",1184
"2019-03-12 05:41:30",1184
"2019-03-12 06:41:31",1184
"2019-03-12 07:41:27",1184
"2019-03-12 08:41:29",1184
"2019-03-12 09:41:29",1184
"2019-03-12 10:41:33",1184
"2019-03-12 11:41:29",1184
"2019-03-12 12:41:30",1184
"2019-03-12 13:41:30",1183
"2019-03-12 14:41:28",1179
"2019-03-12 15:41:29",1180
"2019-03-12 16:41:30",1180
"2019-03-12 17:41:28",1176
"2019-03-12 18:41:30",1176
"2019-03-12 19:41:28",1169
"2019-03-12 20:41:30",1167
"2019-03-12 21:41:29",1166
"2019-03-12 22:41:30",1169
"2019-03-12 23:41:31",1169
"2019-03-13 00:41:30",1169
"2019-03-13 01:41:30",1169
"2019-03-13 02:41:29",1169
"2019-03-13 03:41:31",1169
"2019-03-13 04:41:30",1169
"2019-03-13 05:41:29",1169
"2019-03-13 06:41:28",1169
"2019-03-13 07:41:32",1169
"2019-03-13 08:41:28",1169
"2019-03-13 09:41:28",1169
"2019-03-13 10:41:28",1169
"2019-03-13 11:41:28",1169
"2019-03-13 13:05:32",1169
"2019-03-13 13:41:30",1169
"2019-03-13 14:41:30",1166
"2019-03-13 15:41:30",1170
"2019-03-13 16:41:31",1169
"2019-03-13 17:41:33",1169
"2019-03-13 18:41:29",1166
"2019-03-13 19:41:31",1165
"2019-03-13 20:41:30",1166
"2019-03-13 21:41:32",1167
"2019-03-13 22:41:29",1166
"2019-03-13 23:41:31",1166
"2019-03-14 00:41:29",1166
"2019-03-14 01:41:32",1166
"2019-03-14 02:41:32",1166
"2019-03-14 03:41:29",1166
"2019-03-14 04:41:31",1166
"2019-03-14 05:41:30",1166
"2019-03-14 06:41:31",1166
"2019-03-14 07:41:30",1166
"2019-03-14 08:41:29",1166
"2019-03-14 09:41:29",1166
"2019-03-14 10:41:31",1166
"2019-03-14 11:41:30",1166
"2019-03-14 13:06:04",1166
"2019-03-14 13:41:29",1166
"2019-03-14 14:41:31",1157
"2019-03-14 15:41:30",1157
"2019-03-14 16:41:31",1137
"2019-03-14 17:41:32",1132
"2019-03-14 18:41:30",1128
"2019-03-14 19:41:34",1126
"2019-03-14 20:41:30",1123
"2019-03-14 21:41:31",1122
"2019-03-14 22:41:34",1122
"2019-03-14 23:41:34",1122
"2019-03-15 00:41:32",1122
"2019-03-15 01:41:31",1122
"2019-03-15 02:41:34",1122
"2019-03-15 03:41:32",1122
"2019-03-15 04:41:31",1122
"2019-03-15 05:41:30",1122
"2019-03-15 06:41:28",1122
"2019-03-15 07:41:30",1122
"2019-03-15 08:41:32",1122
"2019-03-15 09:41:32",1122
"2019-03-15 10:41:33",1122
"2019-03-15 11:41:32",1122
"2019-03-15 12:41:32",1121
"2019-03-15 13:41:31",1121
"2019-03-15 14:41:31",1118
"2019-03-15 15:41:35",1122
"2019-03-15 16:41:32",1125
"2019-03-15 17:41:35",1121
"2019-03-15 18:41:32",1122
"2019-03-15 19:41:32",1119
"2019-03-15 20:41:32",1119
"2019-03-15 21:41:31",1114
"2019-03-15 22:41:30",1113
"2019-03-15 23:41:34",1113
"2019-03-16 00:41:32",1113
"2019-03-16 01:41:30",1113
"2019-03-16 02:41:32",1113
"2019-03-16 03:41:32",1113
"2019-03-16 04:41:33",1113
"2019-03-16 05:41:33",1113
"2019-03-16 06:41:32",1113
"2019-03-16 07:41:32",1113
"2019-03-16 08:41:34",1113
"2019-03-16 09:41:31",1113
"2019-03-16 10:41:31",1113
"2019-03-16 11:41:31",1113
"2019-03-16 12:41:31",1113
"2019-03-16 13:41:32",1113
"2019-03-16 14:41:31",1113
"2019-03-16 15:41:32",1113
"2019-03-16 16:41:31",1113
"2019-03-16 17:41:31",1113
"2019-03-16 18:41:30",1113
"2019-03-16 19:41:31",1113
"2019-03-16 20:41:33",1113
"2019-03-16 21:41:33",1113
"2019-03-16 22:41:33",1113
"2019-03-16 23:41:31",1113
"2019-03-17 00:41:33",1113
"2019-03-17 01:41:32",1113
"2019-03-17 02:41:34",1113
"2019-03-17 03:41:33",1113
"2019-03-17 04:41:32",1113
"2019-03-17 05:41:33",1113
"2019-03-17 06:41:31",1113
"2019-03-17 07:41:31",1113
"2019-03-17 08:41:29",1113
"2019-03-17 09:41:33",1113
"2019-03-17 10:41:31",1113
"2019-03-17 11:41:31",1113
"2019-03-17 12:41:31",1113
"2019-03-17 13:41:31",1113
"2019-03-17 14:41:30",1113
"2019-03-17 15:41:30",1113
"2019-03-17 16:41:29",1113
"2019-03-17 17:41:29",1113
"2019-03-17 18:41:31",1113
"2019-03-17 19:41:30",1113
"2019-03-17 20:41:29",1113
"2019-03-17 21:41:29",1113
"2019-03-17 22:41:29",1113
"2019-03-17 23:41:31",1113
"2019-03-18 00:41:30",1113
"2019-03-18 01:41:30",1113
"2019-03-18 02:41:31",1113
"2019-03-18 03:41:31",1113
"2019-03-18 04:41:30",1113
"2019-03-18 05:41:30",1113
"2019-03-18 06:41:30",1114
"2019-03-18 07:41:31",1114
"2019-03-18 08:41:29",1114
"2019-03-18 09:41:32",1114
"2019-03-18 10:41:30",1114
"2019-03-18 11:41:29",1114
"2019-03-18 12:41:32",1114
"2019-03-18 13:41:33",1114
"2019-03-18 14:41:32",1113
"2019-03-18 15:41:37",1112
"2019-03-18 16:41:31",1109
"2019-03-18 17:41:34",1111
"2019-03-18 18:41:33",1112
"2019-03-18 19:41:33",1112
"2019-03-18 20:41:32",1114
"2019-03-18 21:41:33",1114
"2019-03-18 22:41:35",1113
"2019-03-18 23:41:33",1113
"2019-03-19 00:41:36",1113
"2019-03-19 01:41:34",1113
"2019-03-19 02:41:35",1113
"2019-03-19 03:41:31",1113
"2019-03-19 04:41:31",1113
"2019-03-19 05:41:29",1113
"2019-03-19 06:41:36",1113
"2019-03-19 07:41:32",1113
"2019-03-19 08:41:30",1113
"2019-03-19 09:41:32",1113
"2019-03-19 10:41:31",1113
"2019-03-19 11:41:31",1113
"2019-03-19 12:41:33",1113
"2019-03-19 13:41:31",1113
"2019-03-19 14:41:33",1110
"2019-03-19 15:41:34",1108
"2019-03-19 16:41:32",1108
"2019-03-19 17:41:34",1101
"2019-03-19 18:41:33",1101
"2019-03-19 19:41:34",1097
"2019-03-19 20:41:34",1094
"2019-03-19 21:41:37",1094
"2019-03-19 22:41:35",1094
"2019-03-19 23:41:34",1094
"2019-03-20 00:41:35",1094
"2019-03-20 01:41:35",1094
"2019-03-20 02:41:35",1094
"2019-03-20 03:41:35",1094
"2019-03-20 04:41:34",1094
"2019-03-20 05:41:33",1094
"2019-03-20 06:41:37",1094
"2019-03-20 07:41:36",1094
"2019-03-20 08:41:36",1094
"2019-03-20 09:41:33",1094
"2019-03-20 10:41:35",1094
"2019-03-20 11:41:34",1094
"2019-03-20 13:05:41",1094
"2019-03-20 13:41:33",1094
"2019-03-20 14:41:35",1095
"2019-03-20 15:41:39",1093
"2019-03-20 16:41:34",1095
"2019-03-20 17:41:34",1097
"2019-03-20 18:41:33",1098
"2019-03-20 19:41:32",1097
"2019-03-20 20:41:31",1099
"2019-03-20 21:41:31",1100
"2019-03-20 22:41:31",1101
"2019-03-20 23:41:30",1101
"2019-03-21 00:41:31",1101
"2019-03-21 01:41:31",1101
"2019-03-21 02:41:33",1101
"2019-03-21 03:41:33",1101
"2019-03-21 04:41:31",1101
"2019-03-21 05:41:34",1101
"2019-03-21 06:41:30",1101
"2019-03-21 07:41:30",1101
"2019-03-21 08:41:29",1101
"2019-03-21 09:41:30",1101
"2019-03-21 10:41:32",1101
"2019-03-21 11:41:31",1101
"2019-03-21 13:06:34",1101
"2019-03-21 13:41:30",1101
"2019-03-21 14:41:30",1099
"2019-03-21 15:41:32",1096
"2019-03-21 16:41:30",1110
"2019-03-21 17:41:31",1118
"2019-03-21 18:41:32",1115
"2019-03-21 19:41:31",1116
"2019-03-21 20:41:28",1110
"2019-03-21 21:41:29",1110
"2019-03-21 22:41:30",1110
"2019-03-21 23:41:30",1110
"2019-03-22 00:41:30",1110
"2019-03-22 01:41:29",1110
"2019-03-22 02:41:35",1110
"2019-03-22 03:41:30",1110
"2019-03-22 04:41:29",1110
"2019-03-22 05:41:30",1110
"2019-03-22 06:41:28",1110
"2019-03-22 07:41:29",1110
"2019-03-22 08:41:39",1110
"2019-03-22 09:41:30",1110
"2019-03-22 10:41:30",1110
"2019-03-22 11:41:28",1110
"2019-03-22 12:41:34",1110
"2019-03-22 13:41:29",1112
"2019-03-22 14:41:29",1112
"2019-03-22 15:41:30",1130
"2019-03-22 16:41:30",1129
"2019-03-22 17:41:32",1154
"2019-03-22 18:41:31",1173
"2019-03-22 19:41:30",1196
"2019-03-22 20:41:30",1211
"2019-03-22 21:41:29",1212
"2019-03-22 22:41:30",1213
"2019-03-22 23:41:29",1213
"2019-03-23 00:41:30",1213
"2019-03-23 01:41:36",1213
"2019-03-23 02:41:31",1213
"2019-03-23 03:41:29",1213
"2019-03-23 04:41:29",1213
"2019-03-23 05:41:30",1213
"2019-03-23 06:41:29",1213
"2019-03-23 07:41:33",1213
"2019-03-23 08:41:29",1213
"2019-03-23 09:41:30",1213
"2019-03-23 10:41:28",1213
"2019-03-23 11:41:30",1213
"2019-03-23 12:41:28",1213
"2019-03-23 13:41:32",1213
"2019-03-23 14:41:30",1213
"2019-03-23 15:41:30",1213
"2019-03-23 16:41:28",1213
"2019-03-23 17:41:29",1213
"2019-03-23 18:41:29",1213
"2019-03-23 19:41:33",1213
"2019-03-23 20:41:30",1213
"2019-03-23 21:41:30",1213
"2019-03-23 22:41:30",1213
"2019-03-23 23:41:29",1213
"2019-03-24 00:41:29",1213
"2019-03-24 01:41:31",1213
"2019-03-24 02:41:30",1213
"2019-03-24 03:41:32",1213
"2019-03-24 04:41:35",1213
"2019-03-24 05:41:30",1213
"2019-03-24 06:41:31",1213
"2019-03-24 07:41:31",1213
"2019-03-24 08:41:30",1213
"2019-03-24 09:41:36",1213
"2019-03-24 10:41:32",1213
"2019-03-24 11:41:29",1213
"2019-03-24 12:41:29",1213
"2019-03-24 13:41:33",1213
"2019-03-24 14:41:30",1213
"2019-03-24 15:41:30",1213
"2019-03-24 16:41:29",1213
"2019-03-24 17:41:30",1213
"2019-03-24 18:41:31",1213
"2019-03-24 19:41:30",1213
"2019-03-24 20:41:30",1213
"2019-03-24 21:41:36",1213
"2019-03-24 22:41:31",1213
"2019-03-24 23:41:31",1213
"2019-03-25 00:41:31",1213
"2019-03-25 01:41:31",1213
"2019-03-25 02:41:32",1213
"2019-03-25 03:41:37",1213
"2019-03-25 04:41:31",1213
"2019-03-25 05:41:31",1213
"2019-03-25 06:41:30",1213
"2019-03-25 07:41:30",1213
"2019-03-25 08:41:33",1213
"2019-03-25 09:41:30",1213
"2019-03-25 10:41:30",1213
"2019-03-25 11:41:38",1213
"2019-03-25 13:05:35",1213
"2019-03-25 13:41:34",1213
"2019-03-25 14:41:31",1204
"2019-03-25 15:41:31",1211
"2019-03-25 16:41:31",1218
"2019-03-25 17:41:32",1219
"2019-03-25 18:41:33",1216
"2019-03-25 19:41:34",1215
"2019-03-25 20:41:31",1218
"2019-03-25 21:41:31",1219
"2019-03-25 22:41:39",1219
"2019-03-25 23:41:34",1219
"2019-03-26 00:41:34",1219
"2019-03-26 01:41:33",1219
"2019-03-26 02:41:30",1219
"2019-03-26 03:41:32",1219
"2019-03-26 04:41:31",1219
"2019-03-26 05:41:30",1219
"2019-03-26 06:41:32",1219
"2019-03-26 07:41:30",1219
"2019-03-26 08:41:29",1219
"2019-03-26 09:41:30",1219
"2019-03-26 10:41:33",1219
"2019-03-26 11:41:30",1219
"2019-03-26 12:41:32",1219
"2019-03-26 13:41:37",1219
"2019-03-26 14:41:29",1220
"2019-03-26 15:41:38",1214
"2019-03-26 16:41:35",1216
"2019-03-26 17:41:31",1217
"2019-03-26 18:41:35",1217
"2019-03-26 19:41:36",1215
"2019-03-26 20:41:33",1216
"2019-03-26 21:41:33",1217
"2019-03-26 22:41:31",1217
"2019-03-26 23:41:30",1217
"2019-03-27 00:41:33",1217
"2019-03-27 01:41:31",1217
"2019-03-27 02:41:30",1217
"2019-03-27 03:41:35",1217
"2019-03-27 04:41:33",1217
"2019-03-27 05:41:33",1217
"2019-03-27 06:41:36",1217
"2019-03-27 07:41:30",1217
"2019-03-27 08:41:30",1217
"2019-03-27 09:41:31",1217
"2019-03-27 10:41:35",1217
"2019-03-27 11:41:29",1217
"2019-03-27 13:06:10",1217
"2019-03-27 13:41:32",1217
"2019-03-27 14:41:36",1214
"2019-03-27 15:41:31",1208
"2019-03-27 16:41:32",1195
"2019-03-27 17:41:40",1203
"2019-03-27 18:41:31",1203
"2019-03-27 19:41:30",1204
"2019-03-27 20:41:34",1203
"2019-03-27 21:41:31",1203
"2019-03-27 22:41:39",1202
"2019-03-27 23:41:33",1202
"2019-03-28 00:41:33",1202
"2019-03-28 01:41:31",1202
"2019-03-28 02:41:39",1202
"2019-03-28 03:41:32",1202
"2019-03-28 04:41:35",1202
"2019-03-28 05:41:30",1202
"2019-03-28 06:41:29",1202
"2019-03-28 07:41:30",1202
"2019-03-28 08:41:29",1202
"2019-03-28 09:41:30",1202
"2019-03-28 10:41:30",1202
"2019-03-28 11:41:29",1202
"2019-03-28 13:06:03",1202
"2019-03-28 13:41:34",1202
"2019-03-28 14:41:31",1198
"2019-03-28 15:41:32",1192
"2019-03-28 16:41:33",1191
"2019-03-28 17:41:31",1190
"2019-03-28 18:41:31",1189
"2019-03-28 19:41:30",1189
"2019-03-28 20:41:33",1189
"2019-03-28 21:41:33",1188
"2019-03-28 22:41:30",1188
"2019-03-28 23:41:31",1188
"2019-03-29 00:41:30",1188
"2019-03-29 01:41:42",1188
"2019-03-29 02:41:35",1188
"2019-03-29 03:41:36",1188
"2019-03-29 04:41:33",1188
"2019-03-29 05:41:29",1188
"2019-03-29 06:41:29",1188
"2019-03-29 07:41:30",1188
"2019-03-29 08:41:35",1188
"2019-03-29 09:41:31",1188
"2019-03-29 10:41:31",1188
"2019-03-29 11:41:34",1188
"2019-03-29 13:06:33",1188
"2019-03-29 13:41:31",1188
"2019-03-29 14:41:33",1190
"2019-03-29 15:41:34",1190
"2019-03-29 16:41:28",1189
"2019-03-29 17:41:34",1188
"2019-03-29 18:41:41",1186
"2019-03-29 19:41:34",1186
"2019-03-29 20:41:33",1186
"2019-03-29 21:41:31",1187
"2019-03-29 22:41:35",1187
"2019-03-29 23:41:39",1187
"2019-03-30 00:41:34",1187
"2019-03-30 01:41:34",1187
"2019-03-30 02:41:37",1187
"2019-03-30 03:41:36",1187
"2019-03-30 04:41:37",1187
"2019-03-30 05:41:32",1187
"2019-03-30 06:41:32",1187
"2019-03-30 07:41:32",1187
"2019-03-30 08:41:48",1187
"2019-03-30 09:41:34",1187
"2019-03-30 10:41:33",1187
"2019-03-30 11:41:33",1187
"2019-03-30 12:41:38",1187
"2019-03-30 13:41:29",1187
"2019-03-30 14:41:31",1187
"2019-03-30 15:41:30",1187
"2019-03-30 16:41:30",1187
"2019-03-30 17:41:35",1187
"2019-03-30 18:41:30",1187
"2019-03-30 19:41:31",1187
"2019-03-30 20:41:29",1187
"2019-03-30 21:41:29",1187
"2019-03-30 22:41:36",1187
"2019-03-30 23:41:31",1187
"2019-03-31 00:41:31",1187
"2019-03-31 01:41:32",1187
"2019-03-31 02:41:35",1187
"2019-03-31 03:41:32",1187
"2019-03-31 04:41:30",1187
"2019-03-31 05:41:30",1187
"2019-03-31 06:41:36",1187
"2019-03-31 07:41:31",1187
"2019-03-31 08:41:29",1187
"2019-03-31 09:41:29",1187
"2019-03-31 10:41:34",1187
"2019-03-31 11:41:31",1187
"2019-03-31 12:41:30",1187
"2019-03-31 13:41:33",1187
"2019-03-31 14:41:30",1187
"2019-03-31 15:41:31",1187
"2019-03-31 16:41:31",1187
"2019-03-31 17:41:38",1187
"2019-03-31 18:41:30",1187
"2019-03-31 19:41:31",1187
"2019-03-31 20:41:30",1187
"2019-03-31 21:41:31",1187
"2019-03-31 22:41:30",1187
"2019-03-31 23:41:34",1187
"2019-04-01 00:41:35",1187
"2019-04-01 01:41:33",1187
"2019-04-01 02:41:35",1187
"2019-04-01 03:41:40",1187
"2019-04-01 04:41:32",1187
"2019-04-01 05:41:31",1187
"2019-04-01 06:41:29",1187
"2019-04-01 07:41:37",1187
"2019-04-01 08:41:31",1187
"2019-04-01 09:41:32",1187
"2019-04-01 10:41:37",1187
"2019-04-01 11:41:35",1187
"2019-04-01 13:41:36",1186
"2019-04-01 14:41:37",1186
"2019-04-01 15:41:43",1187
"2019-04-01 16:41:40",1189
"2019-04-01 17:41:37",1189
"2019-04-01 18:41:33",1184
"2019-04-01 19:41:44",1183
"2019-04-01 20:41:34",1179
"2019-04-01 21:41:31",1179
"2019-04-01 22:41:36",1180
"2019-04-01 23:41:35",1180
"2019-04-02 00:41:38",1180
"2019-04-02 01:41:33",1180
"2019-04-02 02:41:34",1180
"2019-04-02 03:41:41",1180
"2019-04-02 04:41:32",1180
"2019-04-02 05:41:33",1180
"2019-04-02 06:41:32",1180
"2019-04-02 07:41:36",1180
"2019-04-02 08:41:34",1180
"2019-04-02 09:41:37",1180
"2019-04-02 10:41:32",1180
"2019-04-02 11:41:33",1180
"2019-04-02 13:06:10",1180
"2019-04-02 13:41:35",1180
"2019-04-02 14:41:31",1179
"2019-04-02 15:41:42",1182
"2019-04-02 16:41:33",1182
"2019-04-02 17:41:39",1182
"2019-04-02 18:41:32",1181
"2019-04-02 19:41:33",1181
"2019-04-02 20:41:39",1180
"2019-04-02 21:41:35",1180
"2019-04-02 22:41:34",1180
"2019-04-02 23:41:35",1180
"2019-04-03 00:41:44",1180
"2019-04-03 01:41:35",1180
"2019-04-03 02:41:32",1180
"2019-04-03 03:41:35",1180
"2019-04-03 04:41:36",1180
"2019-04-03 05:41:36",1180
"2019-04-03 06:41:37",1180
"2019-04-03 07:41:33",1180
"2019-04-03 08:41:33",1180
"2019-04-03 09:41:42",1180
"2019-04-03 10:41:36",1180
"2019-04-03 11:41:35",1180
"2019-04-03 13:06:12",1180
"2019-04-03 13:41:33",1180
"2019-04-03 14:41:40",1172
"2019-04-03 15:41:40",1168
"2019-04-03 16:41:33",1164
"2019-04-03 17:41:31",1162
"2019-04-03 18:41:32",1162
"2019-04-03 19:41:33",1161
"2019-04-03 20:41:35",1162
"2019-04-03 21:41:32",1161
"2019-04-03 22:41:32",1161
"2019-04-03 23:41:39",1161
"2019-04-04 00:41:30",1161
"2019-04-04 01:41:32",1161
"2019-04-04 02:41:33",1161
"2019-04-04 03:41:37",1161
"2019-04-04 04:41:31",1161
"2019-04-04 05:41:30",1161
"2019-04-04 06:41:31",1161
"2019-04-04 07:41:33",1161
"2019-04-04 08:41:36",1161
"2019-04-04 09:41:31",1161
"2019-04-04 10:41:32",1161
"2019-04-04 11:41:36",1161
"2019-04-04 12:41:32",1161
"2019-04-04 13:41:32",1161
"2019-04-04 14:41:39",1158
"2019-04-04 15:41:33",1159
"2019-04-04 16:41:39",1163
"2019-04-04 17:41:31",1168
"2019-04-04 18:41:35",1171
"2019-04-04 19:41:33",1169
"2019-04-04 20:41:32",1170
"2019-04-04 21:41:34",1170
"2019-04-04 22:41:41",1170
"2019-04-04 23:41:32",1170
"2019-04-05 00:41:34",1170
"2019-04-05 01:41:31",1170
"2019-04-05 02:41:32",1170
"2019-04-05 03:41:42",1170
"2019-04-05 04:41:33",1170
"2019-04-05 05:41:31",1170
"2019-04-05 06:41:30",1170
"2019-04-05 07:41:32",1170
"2019-04-05 08:41:40",1170
"2019-04-05 09:41:33",1170
"2019-04-05 10:41:38",1170
"2019-04-05 11:41:32",1170
"2019-04-05 13:05:38",1170
"2019-04-05 13:41:37",1170
"2019-04-05 14:41:36",1168
"2019-04-05 15:41:40",1166
"2019-04-05 16:41:32",1165
"2019-04-05 17:41:33",1163
"2019-04-05 18:41:36",1162
"2019-04-05 19:41:33",1162
"2019-04-05 20:41:33",1163
"2019-04-05 21:41:36",1163
"2019-04-05 22:41:35",1163
"2019-04-05 23:41:37",1163
"2019-04-06 00:41:35",1163
"2019-04-06 01:41:44",1163
"2019-04-06 02:41:37",1163
"2019-04-06 03:41:36",1163
"2019-04-06 04:41:38",1163
"2019-04-06 05:41:35",1163
"2019-04-06 06:41:33",1163
"2019-04-06 07:41:34",1163
"2019-04-06 08:41:43",1163
"2019-04-06 09:41:35",1163
"2019-04-06 10:41:34",1163
"2019-04-06 11:41:34",1163
"2019-04-06 12:41:36",1163
"2019-04-06 13:41:32",1163
"2019-04-06 14:41:32",1163
"2019-04-06 15:41:38",1163
"2019-04-06 16:41:33",1163
"2019-04-06 17:41:34",1163
"2019-04-06 18:41:35",1163
"2019-04-06 19:41:34",1163
"2019-04-06 20:41:32",1163
"2019-04-06 21:41:41",1163
"2019-04-06 22:41:33",1163
"2019-04-06 23:41:33",1163
"2019-04-07 00:41:33",1163
"2019-04-07 01:41:31",1163
"2019-04-07 02:41:35",1163
"2019-04-07 03:41:38",1163
"2019-04-07 04:41:34",1163
"2019-04-07 05:41:34",1163
"2019-04-07 06:41:35",1163
"2019-04-07 07:41:41",1163
"2019-04-07 08:41:35",1163
"2019-04-07 09:41:38",1163
"2019-04-07 10:41:33",1163
"2019-04-07 11:41:38",1163
"2019-04-07 12:41:35",1163
"2019-04-07 13:41:39",1163
"2019-04-07 14:41:34",1163
"2019-04-07 15:41:36",1163
"2019-04-07 16:41:38",1163
"2019-04-07 17:41:34",1163
"2019-04-07 18:41:34",1163
"2019-04-07 19:41:34",1163
"2019-04-07 20:41:40",1163
"2019-04-07 21:41:34",1163
"2019-04-07 22:41:33",1163
"2019-04-07 23:41:32",1163
"2019-04-08 00:41:43",1163
"2019-04-08 01:41:34",1163
"2019-04-08 02:41:34",1163
"2019-04-08 03:41:34",1163
"2019-04-08 04:41:31",1163
"2019-04-08 05:41:42",1163
"2019-04-08 06:41:32",1163
"2019-04-08 07:41:32",1163
"2019-04-08 08:41:33",1163
"2019-04-08 09:41:35",1163
"2019-04-08 10:41:33",1163
"2019-04-08 11:41:43",1163
"2019-04-08 12:41:32",1163
"2019-04-08 13:41:39",1163
"2019-04-08 14:41:33",1162
"2019-04-08 15:41:37",1162
"2019-04-08 16:41:41",1161
"2019-04-08 17:41:34",1161
"2019-04-08 18:41:34",1160
"2019-04-08 19:41:34",1159
"2019-04-08 20:41:34",1158
"2019-04-08 21:41:35",1158
"2019-04-08 22:41:36",1158
"2019-04-08 23:41:33",1158
"2019-04-09 00:41:39",1158
"2019-04-09 01:41:34",1158
"2019-04-09 02:41:37",1158
"2019-04-09 03:41:36",1158
"2019-04-09 04:41:34",1158
"2019-04-09 05:41:37",1158
"2019-04-09 06:41:34",1158
"2019-04-09 07:41:34",1158
"2019-04-09 08:41:37",1158
"2019-04-09 09:41:43",1158
"2019-04-09 10:41:34",1158
"2019-04-09 11:41:35",1158
"2019-04-09 13:06:48",1158
"2019-04-09 13:41:34",1158
"2019-04-09 14:41:34",1156
"2019-04-09 15:41:46",1147
"2019-04-09 16:41:36",1145
"2019-04-09 17:41:35",1143
"2019-04-09 18:41:34",1142
"2019-04-09 19:41:35",1142
"2019-04-09 20:41:34",1141
"2019-04-09 21:41:35",1142
"2019-04-09 22:41:33",1142
"2019-04-09 23:41:40",1142
"2019-04-10 00:41:36",1142
"2019-04-10 01:41:35",1142
"2019-04-10 02:41:36",1142
"2019-04-10 03:41:39",1142
"2019-04-10 04:41:39",1142
"2019-04-10 05:41:34",1142
"2019-04-10 06:41:35",1142
"2019-04-10 07:41:33",1142
"2019-04-10 08:41:38",1142
"2019-04-10 09:41:35",1142
"2019-04-10 10:41:35",1142
"2019-04-10 11:41:36",1142
"2019-04-10 12:41:43",1142
"2019-04-10 13:41:42",1142
"2019-04-10 14:41:35",1141
"2019-04-10 15:41:37",1125
"2019-04-10 16:41:36",1120
"2019-04-10 17:41:36",1120
"2019-04-10 18:41:39",1119
"2019-04-10 19:41:37",1118
"2019-04-10 20:41:33",1116
"2019-04-10 21:41:33",1115
"2019-04-10 22:41:32",1115
"2019-04-10 23:41:42",1115
"2019-04-11 00:41:34",1115
"2019-04-11 01:41:32",1115
"2019-04-11 02:41:35",1115
"2019-04-11 03:41:36",1115
"2019-04-11 04:41:37",1115
"2019-04-11 05:41:36",1115
"2019-04-11 06:41:32",1115
"2019-04-11 18:41:38",1113
"2019-04-11 19:41:45",1112
"2019-04-11 20:41:35",1112
"2019-04-11 21:41:36",1112
"2019-04-11 22:41:35",1112
"2019-04-11 23:41:35",1112
"2019-04-12 00:41:34",1112
"2019-04-12 01:41:37",1112
"2019-04-12 02:41:40",1112
"2019-04-12 03:41:36",1112
"2019-04-12 04:41:36",1112
"2019-04-12 05:41:36",1112
"2019-04-12 06:41:34",1112
"2019-04-12 07:41:35",1112
"2019-04-12 08:41:35",1112
"2019-04-12 09:41:39",1112
"2019-04-12 10:41:34",1112
"2019-04-12 11:41:34",1112
"2019-04-12 13:05:17",1112
"2019-04-12 13:41:37",1112
"2019-04-12 14:41:33",1109
"2019-04-12 15:41:39",1107
"2019-04-12 16:41:37",1105
"2019-04-12 17:41:35",1105
"2019-04-12 18:41:35",1106
"2019-04-12 19:41:34",1105
"2019-04-12 20:41:34",1104
"2019-04-12 21:41:33",1104
"2019-04-12 22:41:42",1104
"2019-04-12 23:41:35",1104
"2019-04-13 00:41:37",1104
"2019-04-13 01:41:35",1104
"2019-04-13 02:41:36",1104
"2019-04-13 03:41:44",1104
"2019-04-13 04:41:37",1104
"2019-04-13 05:41:37",1104
"2019-04-13 06:41:37",1104
"2019-04-13 07:41:33",1104
"2019-04-13 08:41:35",1104
"2019-04-13 09:41:38",1104
"2019-04-13 10:41:34",1104
"2019-04-13 11:41:35",1104
"2019-04-13 12:41:35",1104
"2019-04-13 13:41:35",1104
"2019-04-13 14:41:38",1104
"2019-04-13 15:41:37",1104
"2019-04-13 16:41:37",1104
"2019-04-13 17:41:33",1104
"2019-04-13 18:41:35",1104
"2019-04-13 19:41:36",1104
"2019-04-13 20:41:35",1104
"2019-04-13 21:41:39",1104
"2019-04-13 22:41:35",1104
"2019-04-13 23:41:34",1104
"2019-04-14 00:41:37",1104
"2019-04-14 01:41:39",1104
"2019-04-14 02:41:34",1104
"2019-04-14 03:41:34",1104
"2019-04-14 04:41:42",1104
"2019-04-14 05:41:35",1104
"2019-04-14 06:41:36",1104
"2019-04-14 07:41:39",1104
"2019-04-14 08:41:35",1104
"2019-04-14 09:41:38",1104
"2019-04-14 10:41:32",1104
"2019-04-14 11:41:37",1104
"2019-04-14 12:41:33",1104
"2019-04-14 13:41:35",1104
"2019-04-14 14:41:41",1104
"2019-04-14 15:41:39",1104
"2019-04-14 16:41:37",1104
"2019-04-14 17:41:35",1104
"2019-04-14 18:41:36",1104
"2019-04-14 19:41:37",1104
"2019-04-14 20:41:38",1104
"2019-04-14 21:41:42",1104
"2019-04-14 22:41:35",1104
"2019-04-14 23:41:37",1104
"2019-04-15 00:41:35",1104
"2019-04-15 01:41:34",1104
"2019-04-15 02:41:36",1104
"2019-04-15 03:41:43",1104
"2019-04-15 04:41:35",1104
"2019-04-15 05:41:36",1104
"2019-04-15 06:41:33",1104
"2019-04-15 07:41:35",1104
"2019-04-15 08:41:38",1104
"2019-04-15 09:41:34",1104
"2019-04-15 10:41:34",1104
"2019-04-15 11:41:35",1104
"2019-04-15 13:07:13",1104
"2019-04-15 13:41:33",1104
"2019-04-15 14:41:35",1100
"2019-04-15 15:41:40",1105
"2019-04-15 16:41:35",1102
"2019-04-15 17:41:38",1103
"2019-04-15 18:41:39",1102
"2019-04-15 19:41:48",1102
"2019-04-15 20:41:35",1103
"2019-04-15 21:41:35",1103
"2019-04-15 22:41:37",1103
"2019-04-15 23:41:39",1103
"2019-04-16 00:41:38",1103
"2019-04-16 01:41:35",1103
"2019-04-16 02:41:37",1103
"2019-04-16 03:41:40",1103
"2019-04-16 04:41:36",1103
"2019-04-16 05:41:35",1103
"2019-04-16 06:41:35",1103
"2019-04-16 07:41:33",1103
"2019-04-16 08:41:46",1103
"2019-04-16 09:41:34",1103
"2019-04-16 10:41:40",1103
"2019-04-16 11:41:35",1103
"2019-04-16 13:05:39",1102
"2019-04-16 13:41:36",1102
"2019-04-16 14:41:41",1101
"2019-04-16 15:41:35",1098
"2019-04-16 16:41:35",1102
"2019-04-16 17:41:34",1105
"2019-04-16 18:41:40",1105
"2019-04-16 19:41:37",1106
"2019-04-16 20:41:38",1109
"2019-04-16 21:41:34",1112
"2019-04-16 22:41:35",1112
"2019-04-16 23:41:35",1112
"2019-04-17 00:41:36",1112
"2019-04-17 01:41:37",1112
"2019-04-17 02:41:40",1112
"2019-04-17 03:41:36",1112
"2019-04-17 04:41:37",1112
"2019-04-17 05:41:36",1112
"2019-04-17 06:41:48",1112
"2019-04-17 07:41:37",1112
"2019-04-17 08:41:34",1112
"2019-04-17 09:41:40",1112
"2019-04-17 10:41:34",1112
"2019-04-17 11:41:36",1112
"2019-04-17 13:06:40",1112
"2019-04-17 13:41:37",1112
"2019-04-17 14:41:36",1121
"2019-04-17 15:41:45",1124
"2019-04-17 16:41:35",1127
"2019-04-17 17:41:41",1136
"2019-04-17 18:41:36",1141
"2019-04-17 19:41:35",1151
"2019-04-17 20:41:37",1153
"2019-04-17 21:41:35",1154
"2019-04-17 22:41:36",1156
"2019-04-17 23:41:41",1156
"2019-04-18 00:41:34",1156
"2019-04-18 01:41:37",1156
"2019-04-18 02:41:35",1156
"2019-04-18 03:41:43",1156
"2019-04-18 04:41:36",1156
"2019-04-18 05:41:41",1156
"2019-04-18 06:41:35",1156
"2019-04-18 07:41:35",1156
"2019-04-18 08:41:40",1156
"2019-04-18 09:41:36",1156
"2019-04-18 10:41:37",1156
"2019-04-18 11:41:38",1156
"2019-04-18 13:06:39",1156
"2019-04-18 13:41:36",1156
"2019-04-18 14:41:39",1156
"2019-04-18 15:41:36",1154
"2019-04-18 16:41:37",1151
"2019-04-18 17:41:42",1151
"2019-04-18 18:41:36",1150
"2019-04-18 19:41:34",1150
"2019-04-18 20:41:36",1152
"2019-04-18 21:41:37",1153
"2019-04-18 22:41:36",1153
"2019-04-18 23:41:40",1153
"2019-04-19 00:42:06",1153
"2019-04-19 02:41:36",1153
"2019-04-19 03:41:42",1153
"2019-04-19 04:41:35",1153
"2019-04-19 05:41:34",1153
"2019-04-19 06:41:37",1153
"2019-04-19 07:41:40",1153
"2019-04-19 08:41:38",1153
"2019-04-19 09:41:36",1153
"2019-04-19 10:41:38",1153
"2019-04-19 11:41:34",1153
"2019-04-19 12:41:36",1153
"2019-04-19 13:41:39",1153
"2019-04-19 14:41:40",1153
"2019-04-19 15:41:35",1153
"2019-04-19 16:41:36",1153
"2019-04-19 17:41:40",1153
"2019-04-19 18:41:36",1153
"2019-04-19 19:41:35",1153
"2019-04-19 20:41:35",1153
"2019-04-19 21:41:34",1153
"2019-04-19 22:41:35",1153
"2019-04-19 23:41:37",1153
"2019-04-20 00:41:41",1153
"2019-04-20 01:41:38",1153
"2019-04-20 02:41:37",1153
"2019-04-20 03:41:35",1153
"2019-04-20 04:41:40",1153
"2019-04-20 05:41:35",1153
"2019-04-20 06:41:35",1153
"2019-04-20 07:41:38",1153
"2019-04-20 08:41:36",1153
"2019-04-20 09:41:40",1153
"2019-04-20 10:41:36",1153
"2019-04-20 11:41:33",1153
"2019-04-20 12:41:44",1153
"2019-04-20 13:42:13",1153
"2019-04-20 14:41:36",1153
"2019-04-20 15:41:33",1153
"2019-04-20 16:41:38",1153
"2019-04-20 17:41:38",1153
"2019-04-20 18:41:35",1153
"2019-04-20 19:41:35",1153
"2019-04-20 20:41:36",1153
"2019-04-20 21:41:34",1153
"2019-04-20 22:41:35",1153
"2019-04-20 23:41:41",1153
"2019-04-21 00:41:35",1153
"2019-04-21 01:41:34",1153
"2019-04-21 02:41:37",1153
"2019-04-21 03:41:36",1153
"2019-04-21 04:41:38",1153
"2019-04-21 05:41:35",1153
"2019-04-21 06:41:34",1153
"2019-04-21 07:41:41",1153
"2019-04-21 08:41:34",1153
"2019-04-21 09:41:34",1153
"2019-04-21 10:41:36",1153
"2019-04-21 11:41:36",1153
"2019-04-21 12:41:35",1153
"2019-04-21 13:41:34",1153
"2019-04-21 14:41:40",1153
"2019-04-21 15:41:35",1153
"2019-04-21 16:41:37",1153
"2019-04-21 17:41:36",1153
"2019-04-21 18:41:34",1153
"2019-04-21 19:41:41",1153
"2019-04-21 20:41:34",1153
"2019-04-21 21:41:35",1153
"2019-04-21 22:41:34",1153
"2019-04-21 23:41:34",1153
"2019-04-22 00:41:35",1153
"2019-04-22 01:41:38",1153
"2019-04-22 02:41:43",1153
"2019-04-22 03:41:36",1153
"2019-04-22 04:41:33",1153
"2019-04-22 05:41:33",1153
"2019-04-22 06:41:37",1153
"2019-04-22 07:41:37",1153
"2019-04-22 08:41:35",1153
"2019-04-22 09:41:34",1153
"2019-04-22 10:41:40",1153
"2019-04-22 11:41:38",1153
"2019-04-22 13:07:12",1153
"2019-04-22 13:41:38",1153
"2019-04-22 14:41:39",1150
"2019-04-22 15:41:36",1147
"2019-04-22 16:41:36",1145
"2019-04-22 17:41:38",1144
"2019-04-22 18:41:39",1145
"2019-04-22 19:41:40",1143
"2019-04-22 20:41:37",1143
"2019-04-22 21:41:37",1142
"2019-04-22 22:41:38",1142
"2019-04-22 23:41:40",1142
"2019-04-23 00:41:39",1142
"2019-04-23 01:41:35",1142
"2019-04-23 02:41:36",1142
"2019-04-23 03:41:39",1142
"2019-04-23 04:41:40",1142
"2019-04-23 05:41:37",1142
"2019-04-23 06:41:41",1142
"2019-04-23 07:41:37",1142
"2019-04-23 08:41:34",1142
"2019-04-23 09:41:37",1142
"2019-04-23 10:41:38",1142
"2019-04-23 11:41:40",1142
"2019-04-23 13:07:40",1142
"2019-04-23 13:41:37",1142
"2019-04-23 14:41:35",1141
"2019-04-23 15:41:39",1138
"2019-04-23 16:41:37",1137
"2019-04-23 17:41:36",1138
"2019-04-23 18:41:35",1136
"2019-04-23 19:41:37",1132
"2019-04-23 20:41:43",1128
"2019-04-23 21:41:39",1128
"2019-04-23 22:41:36",1127
"2019-04-23 23:41:37",1127
"2019-04-24 00:41:35",1127
"2019-04-24 01:41:37",1127
"2019-04-24 02:41:41",1127
"2019-04-24 03:41:38",1127
"2019-04-24 04:41:37",1127
"2019-04-24 05:41:35",1127
"2019-04-24 06:41:38",1127
"2019-04-24 07:41:40",1127
"2019-04-24 08:41:35",1127
"2019-04-24 09:41:38",1127
"2019-04-24 10:41:41",1127
"2019-04-24 11:41:41",1127
"2019-04-24 12:41:36",1127
"2019-04-24 13:41:48",1127
"2019-04-24 14:41:40",1124
"2019-04-24 15:41:38",1119
"2019-04-24 16:41:37",1115
"2019-04-24 17:41:39",1110
"2019-04-24 18:41:47",1110
"2019-04-24 19:41:38",1110
"2019-04-24 20:41:39",1112
"2019-04-24 21:41:37",1111
"2019-04-24 22:41:36",1110
"2019-04-24 23:41:45",1110
"2019-04-25 00:41:39",1110
"2019-04-25 01:41:38",1110
"2019-04-25 02:41:38",1110
"2019-04-25 03:41:43",1110
"2019-04-25 04:41:38",1110
"2019-04-25 05:41:37",1110
"2019-04-25 06:41:40",1110
"2019-04-25 07:41:35",1110
"2019-04-25 08:41:42",1110
"2019-04-25 09:41:37",1110
"2019-04-25 10:41:41",1110
"2019-04-25 11:41:39",1110
"2019-04-25 13:06:11",1110
"2019-04-25 13:41:39",1110
"2019-04-25 14:41:41",1107
"2019-04-25 15:41:36",1101
"2019-04-25 16:41:41",1099
"2019-04-25 17:41:36",1099
"2019-04-25 18:41:36",1098
"2019-04-25 19:41:39",1098
"2019-04-25 20:41:36",1094
"2019-04-25 21:41:42",1094
"2019-04-25 22:41:37",1093
"2019-04-25 23:41:36",1093
"2019-04-26 00:41:38",1093
"2019-04-26 01:41:41",1093
"2019-04-26 02:41:37",1093
"2019-04-26 03:41:38",1093
"2019-04-26 04:41:38",1093
"2019-04-26 05:41:38",1093
"2019-04-26 06:41:39",1093
"2019-04-26 07:41:36",1093
"2019-04-26 08:41:41",1093
"2019-04-26 09:41:35",1093
"2019-04-26 10:41:43",1093
"2019-04-26 11:41:35",1093
"2019-04-26 12:41:37",1093
"2019-04-26 13:41:41",1093
"2019-04-26 14:41:36",1090
"2019-04-26 15:41:41",1079
"2019-04-26 16:41:35",1086
"2019-04-26 17:41:37",1091
"2019-04-26 18:41:37",1089
"2019-04-26 19:41:35",1091
"2019-04-26 20:41:41",1086
"2019-04-26 21:41:36",1085
"2019-04-26 22:41:36",1086
"2019-04-26 23:41:36",1086
"2019-04-27 00:41:37",1086
"2019-04-27 01:41:40",1086
"2019-04-27 02:41:35",1086
"2019-04-27 03:41:36",1086
"2019-04-27 04:41:35",1086
"2019-04-27 05:41:37",1086
"2019-04-27 06:41:40",1086
"2019-04-27 07:41:35",1086
"2019-04-27 08:41:35",1086
"2019-04-27 09:41:39",1086
"2019-04-27 10:41:37",1086
"2019-04-27 11:41:34",1086
"2019-04-27 12:41:35",1086
"2019-04-27 13:41:37",1086
"2019-04-27 14:41:35",1086
"2019-04-27 15:41:34",1086
"2019-04-27 16:41:36",1086
"2019-04-27 17:41:43",1086
"2019-04-27 18:41:36",1086
"2019-04-27 19:41:34",1086
"2019-04-27 20:41:36",1086
"2019-04-27 21:41:37",1086
"2019-04-27 22:41:35",1086
"2019-04-27 23:41:34",1086
"2019-04-28 00:41:35",1086
"2019-04-28 01:41:36",1086
"2019-04-28 02:41:36",1086
"2019-04-28 03:41:34",1086
"2019-04-28 04:41:41",1086
"2019-04-28 05:41:36",1086
"2019-04-28 06:41:35",1086
"2019-04-28 07:41:34",1086
"2019-04-28 08:41:39",1086
"2019-04-28 09:41:35",1086
"2019-04-28 10:41:39",1086
"2019-04-28 11:41:37",1086
"2019-04-28 12:41:35",1086
"2019-04-28 13:41:34",1086
"2019-04-28 14:41:38",1086
"2019-04-28 15:41:36",1086
"2019-04-28 16:41:34",1086
"2019-04-28 17:41:36",1086
"2019-04-28 18:41:36",1086
"2019-04-28 19:41:41",1086
"2019-04-28 20:41:35",1086
"2019-04-28 21:41:37",1086
"2019-04-28 22:41:35",1086
"2019-04-28 23:41:37",1086
"2019-04-29 00:41:39",1086
"2019-04-29 01:41:34",1086
"2019-04-29 02:41:34",1086
"2019-04-29 03:41:37",1086
"2019-04-29 04:41:39",1086
"2019-04-29 05:41:35",1086
"2019-04-29 06:41:35",1086
"2019-04-29 07:41:36",1086
"2019-04-29 08:41:40",1086
"2019-04-29 09:41:38",1086
"2019-04-29 10:41:35",1086
"2019-04-29 11:41:35",1086
"2019-04-29 12:41:40",1086
"2019-04-29 13:41:34",1086
"2019-04-29 14:41:38",1094
"2019-04-29 15:41:34",1097
"2019-04-29 16:41:38",1099
"2019-04-29 17:41:37",1105
"2019-04-29 18:41:37",1106
"2019-04-29 19:41:37",1109
"2019-04-29 20:41:43",1108
"2019-04-29 21:41:35",1108
"2019-04-29 22:41:34",1107
"2019-04-29 23:41:37",1107
"2019-04-30 00:41:35",1107
"2019-04-30 01:41:36",1107
"2019-04-30 02:41:39",1107
"2019-04-30 03:41:41",1107
"2019-04-30 04:41:37",1107
"2019-04-30 05:41:38",1107
"2019-04-30 06:41:35",1107
"2019-04-30 07:41:37",1107
"2019-04-30 08:41:37",1107
"2019-04-30 09:41:41",1107
"2019-04-30 10:41:36",1107
"2019-04-30 11:41:38",1107
"2019-04-30 13:05:40",1107
"2019-04-30 13:41:39",1107
"2019-04-30 14:41:38",1105
"2019-04-30 15:41:40",1100
"2019-04-30 16:41:39",1099
"2019-04-30 17:41:43",1099
"2019-04-30 18:41:37",1100
"2019-04-30 19:41:40",1099
"2019-04-30 20:41:38",1100
"2019-04-30 21:41:37",1099
"2019-04-30 22:41:34",1099
"2019-04-30 23:41:40",1099
"2019-05-01 00:41:33",1099
"2019-05-01 01:41:43",1099
"2019-05-01 02:41:38",1099
"2019-05-01 03:41:42",1099
"2019-05-01 04:41:41",1099
"2019-05-01 05:41:39",1099
"2019-05-01 06:41:35",1099
"2019-05-01 07:41:39",1099
"2019-05-01 08:41:39",1099
"2019-05-01 09:41:40",1099
"2019-05-01 10:41:36",1099
"2019-05-01 11:41:37",1099
"2019-05-01 13:05:41",1099
"2019-05-01 13:41:41",1099
"2019-05-01 14:41:35",1096
"2019-05-01 15:41:41",1098
"2019-05-01 16:41:39",1098
"2019-05-01 17:41:36",1098
"2019-05-01 18:41:40",1098
"2019-05-01 19:41:44",1101
"2019-05-01 20:41:41",1098
"2019-05-01 21:41:38",1098
"2019-05-01 22:41:41",1097
"2019-05-01 23:41:41",1097
"2019-05-02 00:41:42",1097
"2019-05-02 01:41:38",1097
"2019-05-02 02:41:42",1097
"2019-05-02 03:41:38",1097
"2019-05-02 04:41:42",1097
"2019-05-02 05:41:45",1097
"2019-05-02 06:41:43",1097
"2019-05-02 07:41:40",1097
"2019-05-02 08:41:40",1097
"2019-05-02 09:41:38",1097
"2019-05-02 10:41:41",1097
"2019-05-02 11:41:38",1097
"2019-05-02 13:41:44",1097
"2019-05-02 14:41:37",1095
"2019-05-02 15:41:38",1093
"2019-05-02 16:41:43",1086
"2019-05-02 17:41:38",1087
"2019-05-02 18:41:38",1088
"2019-05-02 19:41:44",1088
"2019-05-02 20:41:39",1088
"2019-05-02 21:41:40",1089
"2019-05-02 22:41:44",1089
"2019-05-02 23:41:37",1089
"2019-05-03 00:41:38",1089
"2019-05-03 01:41:44",1089
"2019-05-03 02:41:39",1089
"2019-05-03 03:41:44",1089
"2019-05-03 04:41:38",1089
"2019-05-03 05:41:51",1089
"2019-05-03 06:41:41",1089
"2019-05-03 07:41:42",1089
"2019-05-03 08:41:41",1089
"2019-05-03 09:41:41",1089
"2019-05-03 10:41:44",1089
"2019-05-03 11:41:40",1089
"2019-05-03 13:04:47",1088
"2019-05-03 13:41:49",1088
"2019-05-03 14:41:43",1086
"2019-05-03 15:41:41",1084
"2019-05-03 16:41:43",1081
"2019-05-03 17:41:44",1079
"2019-05-03 18:41:46",1078
"2019-05-03 19:41:46",1078
"2019-05-03 20:41:38",1078
"2019-05-03 21:41:48",1076
"2019-05-03 22:41:39",1076
"2019-05-03 23:41:44",1076
"2019-05-04 00:41:42",1076
"2019-05-04 01:41:42",1076
"2019-05-04 02:41:44",1076
"2019-05-04 03:41:48",1076
"2019-05-04 04:41:42",1076
"2019-05-04 05:41:42",1076
"2019-05-04 06:41:44",1076
"2019-05-04 07:41:43",1076
"2019-05-04 08:41:38",1076
"2019-05-04 09:41:42",1076
"2019-05-04 10:41:37",1076
"2019-05-04 11:41:42",1076
"2019-05-04 12:41:45",1076
"2019-05-04 13:41:44",1076
"2019-05-04 14:41:38",1076
"2019-05-04 15:41:39",1076
"2019-05-04 16:41:43",1076
"2019-05-04 17:41:39",1076
"2019-05-04 18:41:38",1076
"2019-05-04 19:41:42",1076
"2019-05-04 20:41:37",1076
"2019-05-04 21:41:40",1076
"2019-05-04 22:41:38",1076
"2019-05-04 23:41:44",1076
"2019-05-05 00:41:40",1076
"2019-05-05 01:41:43",1076
"2019-05-05 02:41:39",1076
"2019-05-05 03:41:40",1076
"2019-05-05 04:41:43",1076
"2019-05-05 05:41:44",1076
"2019-05-05 06:41:44",1076
"2019-05-05 07:41:41",1076
"2019-05-05 08:41:38",1076
"2019-05-05 09:41:38",1076
"2019-05-05 10:41:41",1076
"2019-05-05 11:41:41",1076
"2019-05-05 12:41:41",1076
"2019-05-05 13:41:41",1076
"2019-05-05 14:41:42",1076
"2019-05-05 15:41:40",1076
"2019-05-05 16:41:38",1076
"2019-05-05 17:41:44",1076
"2019-05-05 18:41:40",1076
"2019-05-05 19:41:37",1076
"2019-05-05 20:41:40",1076
"2019-05-05 21:41:38",1076
"2019-05-05 22:41:41",1076
"2019-05-05 23:41:43",1076
"2019-05-06 00:41:39",1076
"2019-05-06 01:41:38",1076
"2019-05-06 02:41:39",1076
"2019-05-06 03:41:42",1076
"2019-05-06 04:41:37",1076
"2019-05-06 05:41:37",1076
"2019-05-06 06:41:37",1076
"2019-05-06 07:41:42",1076
"2019-05-06 08:41:39",1076
"2019-05-06 09:41:37",1076
"2019-05-06 10:41:41",1076
"2019-05-06 11:41:41",1076
"2019-05-06 13:06:48",1076
"2019-05-06 13:41:46",1076
"2019-05-06 14:41:46",1070
"2019-05-06 15:41:37",1071
"2019-05-06 16:41:41",1071
"2019-05-06 17:33:30",1070
"2019-05-06 17:41:38",1070
"2019-05-06 18:41:40",1072
"2019-05-06 19:41:42",1074
"2019-05-06 20:41:36",1074
"2019-05-06 21:41:37",1075
"2019-05-06 22:41:39",1075
"2019-05-06 23:41:36",1075
"2019-05-07 00:41:38",1075
"2019-05-07 01:41:44",1075
"2019-05-07 02:41:38",1075
"2019-05-07 03:41:41",1075
"2019-05-07 04:41:39",1075
"2019-05-07 05:41:38",1075
"2019-05-07 06:41:37",1075
"2019-05-07 07:41:38",1075
"2019-05-07 08:41:36",1075
"2019-05-07 09:41:40",1075
"2019-05-07 10:41:38",1075
"2019-05-07 11:41:36",1075
"2019-05-07 12:41:43",1075
"2019-05-07 13:41:40",1075
"2019-05-07 14:41:36",1074
"2019-05-07 15:41:36",1073
"2019-05-07 16:41:38",1077
"2019-05-07 17:41:40",1076
"2019-05-07 18:41:38",1075
"2019-05-07 19:41:42",1078
"2019-05-07 20:41:39",1077
"2019-05-07 21:41:37",1076
"2019-05-07 22:41:37",1076
"2019-05-07 23:41:41",1076
"2019-05-08 00:41:36",1076
"2019-05-08 01:41:38",1076
"2019-05-08 02:41:38",1076
"2019-05-08 03:41:42",1076
"2019-05-08 04:41:39",1076
"2019-05-08 05:41:39",1076
"2019-05-08 06:41:40",1076
"2019-05-08 07:41:37",1076
"2019-05-08 08:41:36",1076
"2019-05-08 09:41:43",1076
"2019-05-08 10:41:37",1076
"2019-05-08 11:41:40",1076
"2019-05-08 13:05:44",1074
"2019-05-08 13:41:39",1074
"2019-05-08 14:41:41",1070
"2019-05-08 15:41:42",1070
"2019-05-08 16:41:40",1072
"2019-05-08 17:41:42",1075
"2019-05-08 18:41:45",1075
"2019-05-08 19:41:40",1075
"2019-05-08 20:41:37",1074
"2019-05-08 21:41:40",1074
"2019-05-08 22:41:38",1074
"2019-05-08 23:41:47",1074
"2019-05-09 00:41:39",1074
"2019-05-09 01:41:41",1074
"2019-05-09 02:41:41",1074
"2019-05-09 03:41:45",1074
"2019-05-09 04:41:45",1074
"2019-05-09 05:41:40",1074
"2019-05-09 06:41:42",1074
"2019-05-09 07:41:42",1074
"2019-05-09 08:41:41",1074
"2019-05-09 09:41:45",1074
"2019-05-09 10:41:39",1074
"2019-05-09 11:41:43",1074
"2019-05-09 13:05:13",1074
"2019-05-09 13:41:40",1074
"2019-05-09 14:41:38",1070
"2019-05-09 15:41:44",1071
"2019-05-09 16:41:39",1070
"2019-05-09 17:41:44",1068
"2019-05-09 18:41:40",1069
"2019-05-09 19:41:41",1067
"2019-05-09 20:41:40",1068
"2019-05-09 21:41:39",1068
"2019-05-09 22:41:44",1068
"2019-05-09 23:41:38",1068
"2019-05-10 00:41:38",1068
"2019-05-10 01:41:42",1068
"2019-05-10 02:41:45",1068
"2019-05-10 03:41:38",1068
"2019-05-10 04:41:45",1068
"2019-05-10 05:41:39",1068
"2019-05-10 06:41:39",1068
"2019-05-10 07:41:38",1068
"2019-05-10 08:41:43",1068
"2019-05-10 09:41:39",1068
"2019-05-10 10:41:41",1068
"2019-05-10 11:41:39",1068
"2019-05-10 12:41:45",1068
"2019-05-10 13:41:40",1068
"2019-05-10 14:41:44",1063
"2019-05-10 15:41:40",1061
"2019-05-10 16:41:40",1061
"2019-05-10 17:41:40",1061
"2019-05-10 18:41:45",1061
"2019-05-10 19:41:40",1061
"2019-05-10 20:41:39",1060
"2019-05-10 21:41:39",1059
"2019-05-10 22:41:42",1059
"2019-05-10 23:41:41",1059
"2019-05-11 00:41:47",1059
"2019-05-11 01:41:39",1059
"2019-05-11 02:41:45",1059
"2019-05-11 03:41:39",1059
"2019-05-11 04:41:40",1059
"2019-05-11 05:41:49",1059
"2019-05-11 06:41:39",1059
"2019-05-11 07:41:39",1059
"2019-05-11 08:41:44",1059
"2019-05-11 09:41:39",1059
"2019-05-11 10:41:46",1059
"2019-05-11 11:41:40",1059
"2019-05-11 12:41:39",1059
"2019-05-11 13:41:43",1059
"2019-05-11 14:41:39",1059
"2019-05-11 15:41:41",1059
"2019-05-11 16:41:47",1059
"2019-05-11 17:41:41",1059
"2019-05-11 18:41:41",1059
"2019-05-11 19:41:41",1059
"2019-05-11 20:41:39",1059
"2019-05-11 21:41:40",1059
"2019-05-11 22:41:43",1059
"2019-05-11 23:41:41",1059
"2019-05-12 00:41:39",1059
"2019-05-12 01:41:40",1059
"2019-05-12 02:41:40",1059
"2019-05-12 03:41:45",1059
"2019-05-12 04:41:39",1059
"2019-05-12 05:41:41",1059
"2019-05-12 06:41:40",1059
"2019-05-12 07:41:44",1059
"2019-05-12 08:41:39",1059
"2019-05-12 09:41:43",1059
"2019-05-12 10:41:39",1059
"2019-05-12 11:41:39",1059
"2019-05-12 12:41:39",1059
"2019-05-12 13:41:44",1059
"2019-05-12 14:41:39",1059
"2019-05-12 15:41:41",1059
"2019-05-12 16:41:42",1059
"2019-05-12 17:41:45",1059
"2019-05-12 18:41:39",1059
"2019-05-12 19:41:39",1059
"2019-05-12 20:41:39",1059
"2019-05-12 21:41:37",1059
"2019-05-12 22:41:45",1059
"2019-05-12 23:41:39",1059
"2019-05-13 00:41:41",1059
"2019-05-13 01:41:39",1059
"2019-05-13 02:41:39",1059
"2019-05-13 03:41:43",1059
"2019-05-13 04:41:38",1059
"2019-05-13 05:41:37",1059
"2019-05-13 06:41:42",1059
"2019-05-13 07:41:37",1059
"2019-05-13 08:41:38",1059
"2019-05-13 09:41:40",1059
"2019-05-13 10:41:43",1059
"2019-05-13 11:41:40",1059
"2019-05-13 13:05:14",1058
"2019-05-13 13:41:39",1058
"2019-05-13 14:41:39",1064
"2019-05-13 15:41:44",1065
"2019-05-13 16:41:39",1062
"2019-05-13 17:41:40",1061
"2019-05-13 18:41:42",1067
"2019-05-13 19:41:42",1066
"2019-05-13 20:41:38",1064
"2019-05-13 21:41:41",1064
"2019-05-13 22:41:39",1064
"2019-05-13 23:41:39",1064
"2019-05-14 00:41:54",1064
"2019-05-14 01:41:38",1064
"2019-05-14 02:41:40",1064
"2019-05-14 03:41:45",1064
"2019-05-14 04:41:40",1064
"2019-05-14 05:41:39",1064
"2019-05-14 06:41:44",1064
"2019-05-14 07:41:42",1064
"2019-05-14 08:41:41",1064
"2019-05-14 09:41:44",1064
"2019-05-14 10:41:40",1064
"2019-05-14 11:41:40",1064
"2019-05-14 13:04:45",1064
"2019-05-14 13:41:42",1064
"2019-05-14 14:41:39",1066
"2019-05-14 15:41:42",1067
"2019-05-14 16:41:40",1067
"2019-05-14 17:41:38",1064
"2019-05-14 18:41:41",1065
"2019-05-14 19:41:38",1062
"2019-05-14 20:41:39",1065
"2019-05-14 21:41:38",1065
"2019-05-14 22:41:42",1065
"2019-05-14 23:41:41",1065
"2019-05-15 00:41:40",1065
"2019-05-15 01:41:40",1065
"2019-05-15 02:41:38",1065
"2019-05-15 03:41:42",1065
"2019-05-15 04:41:40",1065
"2019-05-15 05:41:41",1065
"2019-05-15 06:41:43",1065
"2019-05-15 07:41:41",1065
"2019-05-15 08:41:41",1065
"2019-05-15 09:41:44",1065
"2019-05-15 10:41:46",1065
"2019-05-15 11:41:39",1065
"2019-05-15 13:05:44",1065
"2019-05-15 13:41:40",1065
"2019-05-15 14:41:40",1068
"2019-05-15 15:41:39",1067
"2019-05-15 16:41:43",1072
"2019-05-15 17:41:40",1070
"2019-05-15 18:41:43",1071
"2019-05-15 19:41:41",1072
"2019-05-15 20:41:40",1075
"2019-05-15 21:41:42",1076
"2019-05-15 22:41:40",1077
"2019-05-15 23:41:40",1077
"2019-05-16 00:41:39",1077
"2019-05-16 01:41:43",1077
"2019-05-16 02:41:44",1077
"2019-05-16 03:41:39",1077
"2019-05-16 04:41:40",1077
"2019-05-16 05:41:43",1077
"2019-05-16 06:41:41",1077
"2019-05-16 07:41:44",1077
"2019-05-16 08:41:42",1077
"2019-05-16 09:41:43",1077
"2019-05-16 10:41:51",1077
"2019-05-16 11:41:40",1077
"2019-05-16 13:04:45",1077
"2019-05-16 13:41:53",1077
"2019-05-16 14:41:42",1072
"2019-05-16 15:41:41",1075
"2019-05-16 16:41:45",1076
"2019-05-16 17:41:42",1080
"2019-05-16 18:41:44",1079
"2019-05-16 19:41:45",1080
"2019-05-16 20:41:40",1081
"2019-05-16 21:41:42",1082
"2019-05-16 22:41:43",1082
"2019-05-16 23:41:41",1082
"2019-05-17 00:41:48",1082
"2019-05-17 01:41:43",1082
"2019-05-17 02:41:41",1082
"2019-05-17 03:41:40",1082
"2019-05-17 04:41:40",1082
"2019-05-17 05:41:42",1082
"2019-05-17 06:41:47",1082
"2019-05-17 07:41:43",1082
"2019-05-17 08:41:47",1082
"2019-05-17 09:41:46",1082
"2019-05-17 10:41:40",1082
"2019-05-17 11:41:44",1082
"2019-05-17 13:06:15",1083
"2019-05-17 13:41:48",1083
"2019-05-17 14:41:42",1089
"2019-05-17 15:41:40",1091
"2019-05-17 16:41:43",1088
"2019-05-17 17:41:41",1087
"2019-05-17 18:41:40",1088
"2019-05-17 19:41:44",1088
"2019-05-17 20:41:40",1091
"2019-05-17 21:41:41",1091
"2019-05-17 22:41:40",1091
"2019-05-17 23:41:41",1091
"2019-05-18 00:41:42",1091
"2019-05-18 01:41:43",1091
"2019-05-18 02:41:42",1091
"2019-05-18 04:41:38",1091
"2019-05-18 05:41:36",1091
"2019-05-18 06:41:38",1091
"2019-05-18 07:41:36",1091
"2019-05-18 08:41:36",1091
"2019-05-18 09:41:36",1091
"2019-05-18 10:41:35",1091
"2019-05-18 11:41:38",1091
"2019-05-18 12:41:36",1091
"2019-05-18 13:41:37",1091
"2019-05-18 14:41:36",1091
"2019-05-18 15:41:39",1091
"2019-05-18 16:41:36",1091
"2019-05-18 17:41:38",1091
"2019-05-18 18:41:35",1091
"2019-05-18 19:41:36",1091
"2019-05-18 20:41:36",1091
"2019-05-18 21:41:37",1091
"2019-05-18 22:41:36",1091
"2019-05-18 23:41:35",1091
"2019-05-19 00:41:35",1091
"2019-05-19 01:41:35",1091
"2019-05-19 02:41:36",1091
"2019-05-19 03:41:35",1091
"2019-05-19 04:41:38",1091
"2019-05-19 05:41:36",1091
"2019-05-19 06:41:36",1091
"2019-05-19 07:41:36",1091
"2019-05-19 08:41:35",1091
"2019-05-19 09:41:35",1091
"2019-05-19 10:41:35",1091
"2019-05-19 11:41:36",1091
"2019-05-19 12:41:37",1091
"2019-05-19 13:41:37",1091
"2019-05-19 14:41:36",1091
"2019-05-19 15:41:36",1091
"2019-05-19 16:41:37",1091
"2019-05-19 17:41:36",1091
"2019-05-19 18:41:36",1091
"2019-05-19 19:41:36",1091
"2019-05-19 20:41:36",1091
"2019-05-19 21:41:37",1091
"2019-05-19 22:41:36",1091
"2019-05-19 23:41:36",1091
"2019-05-20 00:41:37",1091
"2019-05-20 01:41:36",1091
"2019-05-20 02:41:38",1091
"2019-05-20 03:41:37",1091
"2019-05-20 04:41:38",1091
"2019-05-20 05:41:38",1092
"2019-05-20 06:41:37",1092
"2019-05-20 07:41:37",1092
"2019-05-20 08:41:37",1092
"2019-05-20 09:41:37",1092
"2019-05-20 10:41:37",1092
"2019-05-20 11:41:37",1092
"2019-05-20 12:41:40",1092
"2019-05-20 13:41:38",1091
"2019-05-20 14:41:37",1084
"2019-05-20 15:41:35",1087
"2019-05-20 16:41:38",1089
"2019-05-20 17:41:37",1089
"2019-05-20 18:41:35",1091
"2019-05-20 19:41:36",1091
"2019-05-20 20:41:36",1091
"2019-05-20 21:41:36",1091
"2019-05-20 22:41:36",1091
"2019-05-20 23:41:40",1091
"2019-05-21 00:41:36",1091
"2019-05-21 01:41:37",1091
"2019-05-21 02:41:36",1091
"2019-05-21 03:41:36",1091
"2019-05-21 04:41:37",1091
"2019-05-21 05:41:36",1091
"2019-05-21 06:41:35",1091
"2019-05-21 07:41:37",1091
"2019-05-21 08:41:36",1091
"2019-05-21 09:41:35",1091
"2019-05-21 10:41:36",1091
"2019-05-21 11:41:36",1091
"2019-05-21 13:05:40",1090
"2019-05-21 13:41:37",1090
"2019-05-21 14:41:38",1084
"2019-05-21 15:41:36",1089
"2019-05-21 16:41:36",1093
"2019-05-21 17:41:36",1094
"2019-05-21 18:41:37",1094
"2019-05-21 19:41:37",1094
"2019-05-21 20:41:37",1094
"2019-05-21 21:41:37",1095
"2019-05-21 22:41:40",1095
"2019-05-21 23:41:37",1095
"2019-05-22 00:41:37",1095
"2019-05-22 01:41:37",1095
"2019-05-22 02:41:36",1095
"2019-05-22 03:41:37",1095
"2019-05-22 04:41:38",1095
"2019-05-22 05:41:38",1095
"2019-05-22 06:41:37",1095
"2019-05-22 07:41:37",1095
"2019-05-22 08:41:41",1095
"2019-05-22 09:41:41",1095
"2019-05-22 10:41:36",1095
"2019-05-22 11:41:37",1095
"2019-05-22 12:41:37",1095
"2019-05-22 13:41:38",1097
"2019-05-22 14:41:37",1102
"2019-05-22 15:41:40",1103
"2019-05-22 16:41:37",1101
"2019-05-22 17:41:36",1102
"2019-05-22 18:41:37",1103
"2019-05-22 19:41:36",1103
"2019-05-22 20:41:36",1103
"2019-05-22 21:41:38",1104
"2019-05-22 22:41:37",1104
"2019-05-22 23:41:36",1104
"2019-05-23 00:41:37",1104
"2019-05-23 01:41:37",1104
"2019-05-23 02:41:38",1104
"2019-05-23 03:41:37",1104
"2019-05-23 04:41:40",1104
"2019-05-23 05:41:37",1104
"2019-05-23 06:41:37",1104
"2019-05-23 07:41:38",1104
"2019-05-23 08:41:38",1104
"2019-05-23 09:41:37",1104
"2019-05-23 10:41:38",1104
"2019-05-23 11:41:37",1104
"2019-05-23 12:41:39",1104
"2019-05-23 13:41:37",1105
"2019-05-23 14:41:37",1101
"2019-05-23 15:41:37",1100
"2019-05-23 16:41:37",1099
"2019-05-23 17:41:37",1097
"2019-05-23 18:41:37",1096
"2019-05-23 19:41:38",1098
"2019-05-23 20:41:37",1098
"2019-05-23 21:41:37",1098
"2019-05-23 22:41:37",1099
"2019-05-23 23:41:37",1099
"2019-05-24 00:41:38",1099
"2019-05-24 01:41:37",1099
"2019-05-24 02:41:36",1099
"2019-05-24 03:41:37",1099
"2019-05-24 04:41:37",1099
"2019-05-24 05:41:39",1099
"2019-05-24 06:41:37",1099
"2019-05-24 07:41:36",1099
"2019-05-24 08:41:37",1099
"2019-05-24 09:41:38",1099
"2019-05-24 10:41:38",1099
"2019-05-24 11:41:37",1099
"2019-05-24 13:05:40",1099
"2019-05-24 13:41:37",1099
"2019-05-24 14:41:38",1101
"2019-05-24 15:41:37",1102
"2019-05-24 16:41:37",1107
"2019-05-24 17:41:38",1107
"2019-05-24 18:41:39",1108
"2019-05-24 19:41:38",1107
"2019-05-24 20:41:38",1106
"2019-05-24 21:41:39",1106
"2019-05-24 22:41:38",1107
"2019-05-24 23:41:40",1107
"2019-05-25 00:41:38",1107
"2019-05-25 01:41:38",1107
"2019-05-25 04:41:39",1107
"2019-05-26 04:41:40",1107
"2019-05-26 05:41:39",1107
"2019-05-26 06:41:38",1107
"2019-05-26 07:41:40",1107
"2019-05-26 08:41:38",1107
"2019-05-26 09:41:37",1107
"2019-05-26 10:41:38",1107
"2019-05-26 11:41:39",1107
"2019-05-26 12:41:37",1107
"2019-05-26 13:41:38",1107
"2019-05-26 14:41:39",1107
"2019-05-26 15:41:37",1107
"2019-05-26 16:41:38",1107
"2019-05-26 17:41:40",1107
"2019-05-26 18:41:38",1107
"2019-05-26 19:41:38",1107
"2019-05-26 20:41:38",1107
"2019-05-26 21:41:38",1107
"2019-05-26 22:41:38",1107
"2019-05-26 23:41:37",1107
"2019-05-27 00:41:38",1107
"2019-05-27 01:41:39",1107
"2019-05-27 02:41:38",1107
"2019-05-27 03:41:39",1107
"2019-05-27 04:41:39",1107
"2019-05-27 05:41:38",1107
"2019-05-27 06:41:38",1107
"2019-05-27 07:41:42",1107
"2019-05-27 08:41:42",1107
"2019-05-27 09:41:40",1107
"2019-05-27 10:41:39",1107
"2019-05-27 11:41:38",1107
"2019-05-27 12:41:37",1107
"2019-05-27 13:41:38",1107
"2019-05-27 14:41:39",1107
"2019-05-27 15:41:38",1107
"2019-05-27 16:41:38",1107
"2019-05-27 17:41:40",1107
"2019-05-27 18:41:38",1107
"2019-05-27 19:41:37",1107
"2019-05-27 20:41:37",1107
"2019-05-27 21:41:38",1107
"2019-05-27 22:41:37",1107
"2019-05-27 23:41:38",1107
"2019-05-28 00:41:38",1107
"2019-05-28 01:41:39",1107
"2019-05-28 02:41:39",1107
"2019-05-28 03:41:38",1107
"2019-05-28 04:41:37",1107
"2019-05-28 05:41:37",1107
"2019-05-28 06:41:41",1107
"2019-05-28 07:41:38",1107
"2019-05-28 08:41:37",1107
"2019-05-28 09:41:39",1107
"2019-05-28 10:41:37",1107
"2019-05-28 11:41:36",1107
"2019-05-28 12:41:37",1107
"2019-05-28 13:41:39",1107
"2019-05-28 14:41:38",1107
"2019-05-28 15:41:38",1101
"2019-05-28 16:41:38",1102
"2019-05-28 17:41:40",1103
"2019-05-28 18:41:38",1103
"2019-05-28 19:41:38",1101
"2019-05-28 20:41:38",1101
"2019-05-28 21:41:38",1101
"2019-05-28 22:41:37",1101
"2019-05-28 23:41:38",1101
"2019-05-29 00:41:38",1101
"2019-05-29 01:41:38",1101
"2019-05-29 02:41:38",1101
"2019-05-29 03:41:37",1101
"2019-05-29 04:41:38",1101
"2019-05-29 05:41:40",1101
"2019-05-29 06:41:39",1101
"2019-05-29 07:41:40",1101
"2019-05-29 08:41:38",1101
"2019-05-29 09:41:41",1101
"2019-05-29 10:41:38",1101
"2019-05-29 11:41:37",1101
"2019-05-29 13:04:42",1100
"2019-05-29 13:41:40",1100
"2019-05-29 14:41:40",1094
"2019-05-29 15:41:38",1096
"2019-05-29 16:41:39",1095
"2019-05-29 17:41:39",1096
"2019-05-29 18:41:39",1097
"2019-05-29 19:41:40",1097
"2019-05-29 20:41:37",1096
"2019-05-29 21:41:38",1096
"2019-05-29 22:41:38",1096
"2019-05-29 23:41:39",1096
"2019-05-30 00:41:38",1096
"2019-05-30 01:41:38",1096
"2019-05-30 02:41:39",1096
"2019-05-30 03:41:38",1096
"2019-05-30 04:41:39",1096
"2019-05-30 05:41:40",1096
"2019-05-30 06:41:38",1096
"2019-05-30 07:41:38",1096
"2019-05-30 08:41:41",1096
"2019-05-30 09:41:39",1096
"2019-05-30 10:41:37",1096
"2019-05-30 11:41:38",1096
"2019-05-30 12:41:41",1096
"2019-05-30 13:41:37",1096
"2019-05-30 14:41:40",1096
"2019-05-30 15:41:39",1095
"2019-05-30 16:41:37",1096
"2019-05-30 17:41:38",1098
"2019-05-30 18:41:38",1099
"2019-05-30 19:41:38",1099
"2019-05-30 20:41:37",1099
"2019-05-30 21:41:37",1099
"2019-05-30 22:41:39",1099
"2019-05-30 23:41:38",1099
"2019-05-31 00:41:37",1099
"2019-05-31 01:41:38",1099
"2019-05-31 02:41:37",1099
"2019-05-31 03:41:37",1099
"2019-05-31 04:41:38",1099
"2019-05-31 05:41:38",1099
"2019-05-31 06:41:39",1099
"2019-05-31 07:41:37",1099
"2019-05-31 08:41:38",1099
"2019-05-31 09:41:39",1099
"2019-05-31 10:41:38",1099
"2019-05-31 11:41:37",1099
"2019-05-31 12:42:23",1098
"2019-05-31 13:41:38",1098
"2019-05-31 14:41:38",1101
"2019-05-31 15:41:39",1105
"2019-05-31 16:41:37",1106
"2019-05-31 17:41:41",1103
"2019-05-31 18:41:38",1106
"2019-05-31 19:41:37",1105
"2019-05-31 20:41:38",1107
"2019-05-31 21:41:38",1106
"2019-05-31 22:41:37",1106
"2019-05-31 23:41:37",1106
"2019-06-01 00:41:37",1106
"2019-06-01 01:41:37",1106
"2019-06-01 02:41:38",1106
"2019-06-01 03:41:38",1106
"2019-06-01 04:41:37",1106
"2019-06-01 05:41:38",1106
"2019-06-01 06:41:40",1106
"2019-06-01 07:41:37",1106
"2019-06-01 08:41:38",1106
"2019-06-01 09:41:38",1106
"2019-06-01 10:41:38",1106
"2019-06-01 11:41:38",1106
"2019-06-01 12:41:37",1106
"2019-06-01 13:41:37",1106
"2019-06-01 14:41:39",1106
"2019-06-01 15:41:39",1106
"2019-06-01 16:41:38",1106
"2019-06-01 17:41:38",1106
"2019-06-01 18:41:38",1106
"2019-06-01 19:41:39",1106
"2019-06-01 20:41:37",1106
"2019-06-01 21:41:39",1106
"2019-06-01 22:41:38",1106
"2019-06-01 23:41:38",1106
"2019-06-02 00:41:39",1106
"2019-06-02 01:41:41",1106
"2019-06-02 02:41:39",1106
"2019-06-02 03:41:38",1106
"2019-06-02 04:41:38",1106
"2019-06-02 05:41:41",1106
"2019-06-02 06:41:38",1106
"2019-06-02 07:41:38",1106
"2019-06-02 08:41:38",1106
"2019-06-02 09:41:37",1106
"2019-06-02 10:41:38",1106
"2019-06-02 11:41:38",1106
"2019-06-02 12:41:41",1106
"2019-06-02 13:41:39",1106
"2019-06-02 14:41:39",1106
"2019-06-02 15:41:36",1106
"2019-06-02 16:41:37",1106
"2019-06-02 17:41:39",1106
"2019-06-02 18:41:38",1106
"2019-06-02 19:41:38",1106
"2019-06-02 20:41:38",1106
"2019-06-02 21:41:38",1106
"2019-06-02 22:41:38",1106
"2019-06-02 23:41:37",1106
"2019-06-03 00:41:38",1106
"2019-06-03 01:41:40",1106
"2019-06-03 02:41:38",1106
"2019-06-03 03:41:38",1106
"2019-06-03 04:41:37",1106
"2019-06-03 05:41:38",1106
"2019-06-03 06:41:38",1106
"2019-06-03 07:41:38",1106
"2019-06-03 08:41:39",1106
"2019-06-03 09:41:38",1106
"2019-06-03 10:41:39",1106
"2019-06-03 11:41:40",1106
"2019-06-03 12:41:38",1106
"2019-06-03 13:41:41",1106
"2019-06-03 14:41:40",1113
"2019-06-03 15:41:39",1125
"2019-06-03 16:41:39",1127
"2019-06-03 17:41:38",1133
"2019-06-03 18:41:41",1134
"2019-06-03 19:41:40",1136
"2019-06-03 20:41:38",1164
"2019-06-03 21:41:40",1173
"2019-06-03 22:41:39",1178
"2019-06-03 23:41:42",1178
"2019-06-04 00:41:39",1178
"2019-06-04 01:41:40",1178
"2019-06-04 02:41:39",1178
"2019-06-04 03:41:39",1178
"2019-06-04 04:41:40",1178
"2019-06-04 05:41:39",1178
"2019-06-04 06:41:39",1178
"2019-06-04 07:41:38",1178
"2019-06-04 08:41:41",1178
"2019-06-04 09:41:38",1178
"2019-06-04 10:41:40",1178
"2019-06-04 11:41:39",1178
"2019-06-04 13:04:12",1177
"2019-06-04 13:41:39",1177
"2019-06-04 14:41:42",1172
"2019-06-04 15:41:40",1183
"2019-06-04 16:41:39",1191
"2019-06-04 17:41:40",1200
"2019-06-04 18:41:39",1199
"2019-06-04 19:41:39",1190
"2019-06-04 20:41:39",1164
"2019-06-04 21:41:38",1161
"2019-06-04 22:41:39",1160
"2019-06-04 23:41:42",1160
"2019-06-05 00:41:38",1160
"2019-06-05 01:41:40",1160
"2019-06-05 02:41:41",1160
"2019-06-05 03:41:40",1160
"2019-06-05 04:41:42",1160
"2019-06-05 05:41:39",1160
"2019-06-05 06:41:39",1160
"2019-06-05 07:41:40",1160
"2019-06-05 08:41:42",1160
"2019-06-05 09:41:39",1160
"2019-06-05 10:41:39",1160
"2019-06-05 11:41:42",1160
"2019-06-05 13:05:44",1159
"2019-06-05 13:41:39",1159
"2019-06-05 14:41:40",1146
"2019-06-05 15:41:40",1150
"2019-06-05 16:41:40",1154
"2019-06-05 17:41:40",1150
"2019-06-05 18:41:40",1150
"2019-06-05 19:41:43",1150
"2019-06-05 20:41:40",1145
"2019-06-05 21:41:40",1144
"2019-06-05 22:41:40",1143
"2019-06-05 23:41:40",1143
"2019-06-06 00:41:40",1143
"2019-06-06 01:41:39",1143
"2019-06-06 02:41:40",1143
"2019-06-06 03:41:40",1143
"2019-06-06 04:41:44",1143
"2019-06-06 05:41:40",1143
"2019-06-06 06:41:42",1143
"2019-06-06 07:41:40",1143
"2019-06-06 08:41:43",1143
"2019-06-06 09:41:41",1143
"2019-06-06 10:41:45",1143
"2019-06-06 11:41:40",1143
"2019-06-06 13:05:43",1142
"2019-06-06 13:41:40",1142
"2019-06-06 14:41:41",1143
"2019-06-06 15:41:42",1141
"2019-06-06 16:41:41",1141
"2019-06-06 17:41:42",1143
"2019-06-06 18:41:42",1145
"2019-06-06 19:41:42",1146
"2019-06-06 20:41:39",1146
"2019-06-06 21:41:40",1145
"2019-06-06 22:41:40",1147
"2019-06-06 23:41:39",1147
"2019-06-07 00:41:42",1147
"2019-06-07 01:41:41",1147
"2019-06-07 02:41:41",1147
"2019-06-07 03:41:41",1147
"2019-06-07 04:41:43",1147
"2019-06-07 05:41:40",1147
"2019-06-07 06:41:41",1147
"2019-06-07 07:41:41",1147
"2019-06-07 08:41:41",1147
"2019-06-07 09:41:42",1147
"2019-06-07 10:41:40",1147
"2019-06-07 11:41:40",1147
"2019-06-07 13:05:46",1147
"2019-06-07 13:41:42",1147
"2019-06-07 14:41:41",1145
"2019-06-07 15:41:41",1149
"2019-06-07 16:41:41",1150
"2019-06-07 17:41:41",1148
"2019-06-07 18:41:40",1146
"2019-06-07 19:41:40",1145
"2019-06-07 20:41:41",1144
"2019-06-07 21:41:41",1143
"2019-06-07 22:41:39",1143
"2019-06-07 23:41:42",1143
"2019-06-08 00:41:40",1143
"2019-06-08 01:41:43",1143
"2019-06-08 02:41:42",1143
"2019-06-08 03:41:43",1143
"2019-06-08 04:41:41",1143
"2019-06-08 05:41:46",1143
"2019-06-08 06:41:43",1143
"2019-06-08 07:41:42",1143
"2019-06-08 08:41:41",1143
"2019-06-08 09:41:41",1143
"2019-06-08 10:41:40",1143
"2019-06-08 11:41:42",1143
"2019-06-08 12:41:41",1143
"2019-06-08 13:41:40",1143
"2019-06-08 14:41:39",1143
"2019-06-08 15:41:42",1143
"2019-06-08 16:41:41",1143
"2019-06-08 17:41:41",1143
"2019-06-08 18:41:41",1143
"2019-06-08 19:41:40",1143
"2019-06-08 20:41:41",1143
"2019-06-08 21:41:40",1143
"2019-06-08 22:41:40",1143
"2019-06-08 23:41:43",1143
"2019-06-09 00:41:40",1143
"2019-06-09 01:41:41",1143
"2019-06-09 02:41:46",1143
"2019-06-09 03:41:45",1143
"2019-06-09 04:41:40",1143
"2019-06-09 05:41:43",1143
"2019-06-09 06:41:40",1143
"2019-06-09 07:41:42",1143
"2019-06-09 08:41:40",1143
"2019-06-09 09:41:42",1143
"2019-06-09 10:41:40",1143
"2019-06-09 11:41:41",1143
"2019-06-09 12:41:42",1143
"2019-06-09 13:41:41",1143
"2019-06-09 14:41:40",1143
"2019-06-09 15:41:42",1143
"2019-06-09 16:41:40",1143
"2019-06-09 17:41:42",1143
"2019-06-09 18:41:40",1143
"2019-06-09 19:41:40",1143
"2019-06-09 20:41:40",1143
"2019-06-09 21:41:41",1143
"2019-06-09 22:41:43",1143
"2019-06-09 23:41:41",1143
"2019-06-10 00:41:41",1143
"2019-06-10 01:41:43",1143
"2019-06-10 02:41:40",1143
"2019-06-10 03:41:42",1143
"2019-06-10 04:41:42",1143
"2019-06-10 05:41:42",1143
"2019-06-10 06:41:40",1143
"2019-06-10 07:41:43",1143
"2019-06-10 08:41:41",1143
"2019-06-10 09:41:40",1143
"2019-06-10 10:41:44",1143
"2019-06-10 11:41:42",1143
"2019-06-10 12:41:46",1143
"2019-06-10 13:41:43",1142
"2019-06-10 14:41:41",1155
"2019-06-10 15:41:42",1159
"2019-06-10 16:41:44",1159
"2019-06-10 17:41:42",1163
"2019-06-10 18:41:43",1162
"2019-06-10 19:41:44",1164
"2019-06-10 20:41:42",1166
"2019-06-10 21:41:41",1167
"2019-06-10 22:41:42",1169
"2019-06-10 23:41:42",1169
"2019-06-11 00:41:43",1169
"2019-06-11 01:41:45",1169
"2019-06-11 02:41:43",1169
"2019-06-11 03:41:42",1169
"2019-06-11 04:41:42",1169
"2019-06-11 05:41:42",1169
"2019-06-11 06:41:42",1169
"2019-06-11 07:41:42",1169
"2019-06-11 08:41:41",1169
"2019-06-11 09:41:43",1169
"2019-06-11 10:41:42",1169
"2019-06-11 11:41:42",1169
"2019-06-11 13:05:16",1169
"2019-06-11 13:41:44",1169
"2019-06-11 14:41:42",1159
"2019-06-11 15:41:42",1159
"2019-06-11 16:41:44",1159
"2019-06-11 17:41:42",1162
"2019-06-11 18:41:44",1166
"2019-06-11 19:41:42",1169
"2019-06-11 20:41:43",1173
"2019-06-11 21:41:42",1174
"2019-06-11 22:41:42",1173
"2019-06-11 23:41:42",1173
"2019-06-12 00:41:44",1173
"2019-06-12 01:41:42",1173
"2019-06-12 02:41:43",1173
"2019-06-12 03:41:48",1173
"2019-06-12 04:41:44",1173
"2019-06-12 05:41:44",1173
"2019-06-12 06:41:44",1173
"2019-06-12 07:41:44",1173
"2019-06-12 08:41:44",1173
"2019-06-12 09:41:47",1173
"2019-06-12 10:41:44",1173
"2019-06-12 11:41:44",1173
"2019-06-12 13:04:48",1174
"2019-06-12 13:41:43",1174
"2019-06-12 14:41:42",1175
"2019-06-12 15:41:44",1176
"2019-06-12 16:41:43",1172
"2019-06-12 17:41:42",1173
"2019-06-12 18:41:43",1173
"2019-06-12 19:41:43",1174
"2019-06-12 20:41:43",1176
"2019-06-12 21:41:43",1177
"2019-06-12 22:41:42",1176
"2019-06-12 23:41:42",1176
"2019-06-13 00:41:43",1176
"2019-06-13 01:41:43",1176
"2019-06-13 02:41:43",1176
"2019-06-13 03:41:43",1176
"2019-06-13 04:41:44",1176
"2019-06-13 05:41:44",1176
"2019-06-13 06:41:42",1176
"2019-06-13 07:41:42",1176
"2019-06-13 08:41:42",1176
"2019-06-13 09:41:42",1176
"2019-06-13 10:41:45",1176
"2019-06-13 11:41:41",1176
"2019-06-13 13:05:45",1176
"2019-06-13 13:41:45",1176
"2019-06-13 14:41:43",1173
"2019-06-13 15:41:45",1175
"2019-06-13 16:41:43",1173
"2019-06-13 17:41:42",1175
"2019-06-13 18:41:44",1176
"2019-06-13 19:41:44",1176
"2019-06-13 20:41:41",1177
"2019-06-13 21:41:43",1177
"2019-06-13 22:41:41",1176
"2019-06-13 23:41:43",1176
"2019-06-14 00:41:43",1176
"2019-06-14 01:41:43",1176
"2019-06-14 02:41:43",1176
"2019-06-14 03:41:42",1176
"2019-06-14 04:41:43",1176
"2019-06-14 05:41:43",1176
"2019-06-14 06:41:48",1176
"2019-06-14 07:41:43",1176
"2019-06-14 08:41:43",1176
"2019-06-14 09:41:42",1176
"2019-06-14 10:41:43",1176
"2019-06-14 11:41:44",1176
"2019-06-14 12:41:45",1176
"2019-06-14 13:41:44",1176
"2019-06-14 14:41:45",1176
"2019-06-14 15:41:46",1174
"2019-06-14 16:41:46",1174
"2019-06-14 17:41:44",1175
"2019-06-14 18:41:44",1175
"2019-06-14 19:41:44",1176
"2019-06-14 20:41:43",1173
"2019-06-14 21:41:45",1172
"2019-06-14 22:41:43",1173
"2019-06-14 23:41:45",1173
"2019-06-15 00:41:44",1173
"2019-06-15 01:41:46",1173
"2019-06-15 02:41:44",1173
"2019-06-15 03:41:44",1173
"2019-06-15 04:41:45",1173
"2019-06-15 05:41:46",1173
"2019-06-15 06:41:43",1173
"2019-06-15 07:41:43",1173
"2019-06-15 08:41:44",1173
"2019-06-15 09:41:45",1173
"2019-06-15 10:41:44",1173
"2019-06-15 11:41:44",1173
"2019-06-15 12:41:46",1173
"2019-06-15 13:41:46",1173
"2019-06-15 14:41:44",1173
"2019-06-15 15:41:44",1173
"2019-06-15 16:41:44",1173
"2019-06-15 17:41:43",1173
"2019-06-15 18:41:45",1173
"2019-06-15 19:41:44",1173
"2019-06-15 20:41:45",1173
"2019-06-15 21:41:47",1173
"2019-06-15 22:41:47",1173
"2019-06-15 23:41:44",1173
"2019-06-16 00:41:43",1173
"2019-06-16 01:41:44",1173
"2019-06-16 02:41:46",1173
"2019-06-16 03:41:44",1173
"2019-06-16 04:41:46",1173
"2019-06-16 05:41:45",1173
"2019-06-16 06:41:46",1173
"2019-06-16 07:41:46",1173
"2019-06-16 08:41:45",1173
"2019-06-16 09:41:43",1173
"2019-06-16 10:41:43",1173
"2019-06-16 11:41:43",1173
"2019-06-16 12:41:44",1173
"2019-06-16 13:41:43",1173
"2019-06-16 14:41:44",1173
"2019-06-16 15:41:44",1173
"2019-06-16 16:41:45",1173
"2019-06-16 17:41:46",1173
"2019-06-16 18:41:47",1173
"2019-06-16 19:41:44",1173
"2019-06-16 20:41:44",1173
"2019-06-16 21:41:45",1173
"2019-06-16 22:41:43",1173
"2019-06-16 23:41:44",1173
"2019-06-17 00:41:44",1173
"2019-06-17 01:41:44",1173
"2019-06-17 02:41:47",1173
"2019-06-17 03:41:46",1173
"2019-06-17 04:41:45",1173
"2019-06-17 05:41:45",1173
"2019-06-17 06:41:45",1173
"2019-06-17 07:41:43",1173
"2019-06-17 08:41:44",1173
"2019-06-17 09:41:43",1173
"2019-06-17 10:41:45",1173
"2019-06-17 11:41:45",1173
"2019-06-17 13:06:17",1173
"2019-06-17 13:41:43",1173
"2019-06-17 14:41:44",1174
"2019-06-17 15:41:45",1169
"2019-06-17 16:41:53",1167
"2019-06-17 17:41:46",1167
"2019-06-17 18:41:47",1164
"2019-06-17 19:41:44",1163
"2019-06-17 20:41:46",1162
"2019-06-17 21:41:44",1163
"2019-06-17 22:41:45",1163
"2019-06-17 23:41:43",1163
"2019-06-18 00:41:43",1163
"2019-06-18 01:41:43",1163
"2019-06-18 02:41:51",1163
"2019-06-18 03:41:46",1163
"2019-06-18 04:41:45",1163
"2019-06-18 05:41:46",1163
"2019-06-18 06:41:44",1163
"2019-06-18 07:41:46",1163
"2019-06-18 08:41:49",1163
"2019-06-18 09:41:43",1163
"2019-06-18 10:41:43",1163
"2019-06-18 11:41:43",1163
"2019-06-18 13:04:17",1162
"2019-06-18 13:41:44",1162
"2019-06-18 14:41:44",1159
"2019-06-18 15:41:44",1161
"2019-06-18 16:41:44",1162
"2019-06-18 17:41:43",1161
"2019-06-18 18:41:46",1161
"2019-06-18 19:41:46",1162
"2019-06-18 20:41:43",1161
"2019-06-18 21:41:43",1161
"2019-06-18 22:41:44",1163
"2019-06-18 23:41:45",1163
"2019-06-19 00:41:44",1163
"2019-06-19 01:41:45",1163
"2019-06-19 02:41:45",1163
"2019-06-19 03:41:45",1163
"2019-06-19 04:41:43",1163
"2019-06-19 05:41:50",1163
"2019-06-19 06:41:56",1163
"2019-06-19 07:41:46",1163
"2019-06-19 08:41:47",1163
"2019-06-19 09:41:44",1163
"2019-06-19 10:41:45",1163
"2019-06-19 11:41:44",1163
"2019-06-19 13:04:19",1165
"2019-06-19 13:41:44",1165
"2019-06-19 14:41:44",1165
"2019-06-19 15:41:45",1165
"2019-06-19 16:41:53",1163
"2019-06-19 17:41:45",1162
"2019-06-19 18:41:43",1161
"2019-06-19 19:41:46",1160
"2019-06-19 20:41:45",1160
"2019-06-19 21:41:44",1159
"2019-06-19 22:41:43",1158
"2019-06-19 23:41:44",1158
"2019-06-20 00:41:45",1158
"2019-06-20 01:41:44",1158
"2019-06-20 02:41:43",1158
"2019-06-20 03:41:44",1158
"2019-06-20 04:41:46",1158
"2019-06-20 05:41:43",1158
"2019-06-20 06:41:44",1158
"2019-06-20 07:41:44",1158
"2019-06-20 08:41:44",1158
"2019-06-20 09:41:45",1158
"2019-06-20 10:41:44",1158
"2019-06-20 11:41:43",1158
"2019-06-20 13:05:57",1158
"2019-06-20 13:41:46",1158
"2019-06-20 14:41:45",1163
"2019-06-20 15:41:45",1163
"2019-06-20 16:41:45",1167
"2019-06-20 17:41:46",1164
"2019-06-20 18:41:43",1162
"2019-06-20 19:41:44",1162
"2019-06-20 20:41:49",1165
"2019-06-20 21:41:44",1164
"2019-06-20 22:41:44",1163
"2019-06-20 23:41:46",1163
"2019-06-21 00:41:45",1163
"2019-06-21 01:41:45",1163
"2019-06-21 02:41:45",1163
"2019-06-21 03:41:45",1163
"2019-06-21 04:41:45",1163
"2019-06-21 05:41:46",1163
"2019-06-21 06:41:45",1163
"2019-06-21 07:41:46",1163
"2019-06-21 08:41:44",1163
"2019-06-21 09:41:44",1163
"2019-06-21 10:41:44",1163
"2019-06-21 11:41:43",1163
"2019-06-21 12:41:45",1163
"2019-06-21 13:41:46",1164
"2019-06-21 14:41:44",1168
"2019-06-21 15:41:44",1169
"2019-06-21 16:41:45",1171
"2019-06-21 17:41:44",1169
"2019-06-21 18:41:45",1171
"2019-06-21 19:41:43",1173
"2019-06-21 20:41:43",1173
"2019-06-21 21:41:44",1174
"2019-06-21 22:41:44",1175
"2019-06-21 23:41:43",1175
"2019-06-22 00:41:45",1175
"2019-06-22 01:41:47",1175
"2019-06-22 02:41:47",1175
"2019-06-22 03:41:43",1175
"2019-06-22 04:41:44",1175
"2019-06-22 05:41:46",1175
"2019-06-22 06:41:46",1175
"2019-06-22 07:41:45",1175
"2019-06-22 08:41:44",1175
"2019-06-22 09:41:46",1175
"2019-06-22 10:41:46",1175
"2019-06-22 11:41:43",1175
"2019-06-22 12:41:49",1175
"2019-06-22 13:41:45",1175
"2019-06-22 14:41:47",1175
"2019-06-22 15:41:55",1175
"2019-06-22 16:41:51",1175
"2019-06-22 17:41:44",1175
"2019-06-22 18:41:49",1175
"2019-06-22 19:41:45",1175
"2019-06-22 20:41:45",1175
"2019-06-22 21:41:45",1175
"2019-06-22 22:41:49",1175
"2019-06-22 23:41:46",1175
"2019-06-23 00:41:56",1175
"2019-06-23 01:41:47",1175
"2019-06-23 02:41:48",1175
"2019-06-23 03:41:46",1175
"2019-06-23 04:41:44",1175
"2019-06-23 05:41:50",1175
"2019-06-23 06:41:45",1175
"2019-06-23 07:41:43",1175
"2019-06-23 08:41:44",1175
"2019-06-23 09:41:45",1175
"2019-06-23 10:41:45",1175
"2019-06-23 11:41:45",1175
"2019-06-23 12:41:43",1175
"2019-06-23 13:41:45",1175
"2019-06-23 14:41:43",1175
"2019-06-23 15:41:44",1175
"2019-06-23 16:41:45",1175
"2019-06-23 17:41:45",1175
"2019-06-23 18:41:42",1175
"2019-06-23 19:41:43",1175
"2019-06-23 20:41:46",1175
"2019-06-23 21:41:44",1175
"2019-06-23 22:41:44",1175
"2019-06-23 23:41:44",1175
"2019-06-24 00:41:46",1175
"2019-06-24 01:41:44",1175
"2019-06-24 02:41:44",1175
"2019-06-24 03:41:47",1175
"2019-06-24 04:41:45",1175
"2019-06-24 05:41:47",1175
"2019-06-24 06:41:47",1175
"2019-06-24 07:41:44",1175
"2019-06-24 08:41:44",1175
"2019-06-24 09:41:47",1175
"2019-06-24 10:41:43",1175
"2019-06-24 11:41:49",1175
"2019-06-24 12:41:47",1175
"2019-06-24 13:41:44",1175
"2019-06-24 14:41:46",1174
"2019-06-24 15:41:45",1178
"2019-06-24 16:41:49",1177
"2019-06-24 17:41:46",1178
"2019-06-24 18:41:46",1177
"2019-06-24 19:41:46",1177
"2019-06-24 20:41:45",1174
"2019-06-24 21:41:47",1174
"2019-06-24 22:41:45",1174
"2019-06-24 23:41:45",1174
"2019-06-25 00:41:44",1174
"2019-06-25 01:41:45",1174
"2019-06-25 02:41:46",1174
"2019-06-25 03:41:46",1174
"2019-06-25 04:41:44",1174
"2019-06-25 05:41:45",1174
"2019-06-25 06:41:47",1174
"2019-06-25 07:41:45",1174
"2019-06-25 08:41:44",1174
"2019-06-25 09:41:48",1174
"2019-06-25 10:41:44",1174
"2019-06-25 11:41:43",1174
"2019-06-25 13:05:19",1174
"2019-06-25 13:41:46",1174
"2019-06-25 14:41:46",1176
"2019-06-25 15:41:45",1176
"2019-06-25 16:41:46",1179
"2019-06-25 17:41:48",1177
"2019-06-25 18:41:48",1177
"2019-06-25 19:41:45",1178
"2019-06-25 20:41:46",1178
"2019-06-25 21:41:44",1179
"2019-06-25 22:41:43",1179
"2019-06-25 23:41:48",1179
"2019-06-26 00:41:46",1179
"2019-06-26 01:41:46",1179
"2019-06-26 02:41:45",1179
"2019-06-26 03:41:54",1179
"2019-06-26 04:41:46",1179
"2019-06-26 05:41:46",1179
"2019-06-26 06:41:46",1179
"2019-06-26 07:41:46",1179
"2019-06-26 08:41:45",1179
"2019-06-26 09:41:43",1179
"2019-06-26 10:41:45",1179
"2019-06-26 11:41:45",1179
"2019-06-26 13:04:18",1179
"2019-06-26 13:41:46",1179
"2019-06-26 14:41:45",1172
"2019-06-26 15:41:45",1179
"2019-06-26 16:41:46",1184
"2019-06-26 17:41:45",1188
"2019-06-26 18:41:46",1187
"2019-06-26 19:41:45",1189
"2019-06-26 20:41:44",1193
"2019-06-26 21:41:45",1193
"2019-06-26 22:41:46",1194
"2019-06-26 23:41:45",1194
"2019-06-27 00:41:47",1194
"2019-06-27 01:41:45",1194
"2019-06-27 02:41:46",1194
"2019-06-27 03:41:44",1194
"2019-06-27 04:41:46",1194
"2019-06-27 05:41:45",1194
"2019-06-27 06:41:47",1194
"2019-06-27 07:41:43",1194
"2019-06-27 08:41:44",1194
"2019-06-27 09:41:45",1194
"2019-06-27 10:41:45",1194
"2019-06-27 11:41:44",1194
"2019-06-27 13:04:18",1194
"2019-06-27 13:41:44",1194
"2019-06-27 14:41:44",1190
"2019-06-27 15:41:46",1184
"2019-06-27 16:41:44",1188
"2019-06-27 17:41:44",1192
"2019-06-27 18:41:45",1191
"2019-06-27 19:41:43",1189
"2019-06-27 20:41:46",1189
"2019-06-27 21:41:48",1187
"2019-06-27 22:41:43",1187
"2019-06-27 23:42:02",1187
"2019-06-28 00:41:45",1187
"2019-06-28 01:41:44",1187
"2019-06-28 02:41:44",1187
"2019-06-28 03:41:47",1187
"2019-06-28 04:41:48",1187
"2019-06-28 05:41:45",1187
"2019-06-28 06:41:44",1187
"2019-06-28 07:41:43",1187
"2019-06-28 08:41:43",1187
"2019-06-28 09:41:44",1187
"2019-06-28 10:41:43",1187
"2019-06-28 11:41:44",1187
"2019-06-28 13:05:18",1187
"2019-06-28 13:41:44",1187
"2019-06-28 14:41:45",1180
"2019-06-28 15:41:46",1179
"2019-06-28 16:41:46",1179
"2019-06-28 17:41:45",1180
"2019-06-28 18:41:44",1179
"2019-06-28 19:41:44",1180
"2019-06-28 20:41:45",1177
"2019-06-28 21:41:46",1177
"2019-06-28 22:41:45",1177
"2019-06-28 23:41:44",1177
"2019-06-29 00:41:46",1177
"2019-06-29 01:41:49",1177
"2019-06-29 02:41:45",1177
"2019-06-29 03:41:45",1177
"2019-06-29 04:41:45",1177
"2019-06-29 05:41:45",1177
"2019-06-29 06:41:45",1177
"2019-06-29 07:41:45",1177
"2019-06-29 08:41:45",1177
"2019-06-29 09:41:45",1177
"2019-06-29 10:41:45",1177
"2019-06-29 11:41:49",1177
"2019-06-29 12:41:47",1177
"2019-06-29 13:41:45",1177
"2019-06-29 14:41:47",1177
"2019-06-29 15:41:47",1177
"2019-06-29 16:41:48",1177
"2019-06-29 17:41:46",1177
"2019-06-29 18:41:46",1177
"2019-06-29 19:41:47",1177
"2019-06-29 20:41:46",1177
"2019-06-29 21:41:47",1177
"2019-06-29 22:41:44",1177
"2019-06-29 23:41:46",1177
"2019-06-30 00:41:46",1177
"2019-06-30 01:41:50",1177
"2019-06-30 02:41:47",1177
"2019-06-30 03:41:46",1177
"2019-06-30 04:41:48",1177
"2019-06-30 05:41:46",1177
"2019-06-30 06:41:47",1177
"2019-06-30 07:41:47",1177
"2019-06-30 08:41:46",1177
"2019-06-30 09:41:46",1177
"2019-06-30 10:41:46",1177
"2019-06-30 11:41:45",1177
"2019-06-30 12:41:46",1177
"2019-06-30 13:41:46",1177
"2019-06-30 14:41:44",1177
"2019-06-30 15:41:46",1177
"2019-06-30 16:41:46",1177
"2019-06-30 17:41:46",1177
"2019-06-30 18:41:46",1177
"2019-06-30 19:41:47",1177
"2019-06-30 20:41:46",1177
"2019-06-30 21:41:45",1177
"2019-06-30 22:41:46",1177
"2019-06-30 23:41:46",1177
"2019-07-01 00:41:47",1177
"2019-07-01 01:41:46",1177
"2019-07-01 02:41:48",1177
"2019-07-01 03:41:47",1177
"2019-07-01 04:41:45",1177
"2019-07-01 05:41:51",1177
"2019-07-01 06:41:46",1177
"2019-07-01 07:41:50",1177
"2019-07-01 08:41:55",1177
"2019-07-01 09:41:46",1177
"2019-07-01 10:41:45",1177
"2019-07-01 11:41:47",1177
"2019-07-01 13:05:18",1176
"2019-07-01 13:41:49",1176
"2019-07-01 14:42:04",1178
"2019-07-01 15:41:48",1179
"2019-07-01 16:41:48",1182
"2019-07-01 17:41:47",1185
"2019-07-01 18:41:47",1185
"2019-07-01 19:41:49",1189
"2019-07-01 20:41:46",1192
"2019-07-01 21:41:46",1192
"2019-07-01 22:41:48",1192
"2019-07-01 23:41:47",1192
"2019-07-02 00:41:49",1192
"2019-07-02 01:41:46",1192
"2019-07-02 02:41:56",1192
"2019-07-02 03:41:54",1192
"2019-07-02 04:41:46",1192
"2019-07-02 05:42:01",1192
"2019-07-02 06:41:47",1192
"2019-07-02 07:41:49",1192
"2019-07-02 08:41:46",1192
"2019-07-02 09:41:45",1192
"2019-07-02 10:41:46",1192
"2019-07-02 11:41:46",1192
"2019-07-02 12:41:49",1192
"2019-07-02 13:41:46",1193
"2019-07-02 14:41:48",1194
"2019-07-02 15:41:47",1193
"2019-07-02 16:41:46",1194
"2019-07-02 17:41:47",1194
"2019-07-02 18:41:46",1193
"2019-07-02 19:41:47",1195
"2019-07-02 20:41:46",1193
"2019-07-02 21:41:47",1193
"2019-07-02 22:41:49",1194
"2019-07-03 00:41:47",1194
"2019-07-03 01:41:45",1194
"2019-07-03 02:41:48",1194
"2019-07-03 03:41:48",1194
"2019-07-03 04:41:47",1194
"2019-07-03 05:41:47",1194
"2019-07-03 06:41:48",1194
"2019-07-03 07:41:47",1194
"2019-07-03 08:41:57",1194
"2019-07-03 09:41:46",1194
"2019-07-03 10:41:50",1194
"2019-07-03 11:41:47",1194
"2019-07-03 13:06:21",1194
"2019-07-03 13:41:48",1194
"2019-07-03 14:41:51",1205
"2019-07-03 15:41:48",1208
"2019-07-03 16:42:04",1210
"2019-07-03 17:41:49",1208
"2019-07-03 18:41:49",1208
"2019-07-03 19:41:47",1208
"2019-07-03 20:41:47",1208
"2019-07-03 21:41:48",1208
"2019-07-03 22:41:46",1208
"2019-07-03 23:41:49",1208
"2019-07-04 00:41:48",1208
"2019-07-04 01:41:47",1208
"2019-07-04 02:41:50",1208
"2019-07-04 03:41:47",1208
"2019-07-04 04:41:47",1208
"2019-07-04 05:41:48",1208
"2019-07-04 06:41:48",1208
"2019-07-04 07:41:47",1208
"2019-07-04 08:41:46",1208
"2019-07-04 09:41:47",1208
"2019-07-04 10:41:47",1208
"2019-07-04 11:41:47",1208
"2019-07-04 12:41:49",1208
"2019-07-04 13:41:50",1208
"2019-07-04 14:41:50",1208
"2019-07-04 15:41:47",1208
"2019-07-04 16:41:47",1208
"2019-07-04 17:41:46",1208
"2019-07-04 18:41:47",1208
"2019-07-04 19:41:46",1208
"2019-07-04 20:41:47",1208
"2019-07-04 21:41:48",1208
"2019-07-04 22:41:47",1208
"2019-07-04 23:41:47",1208
"2019-07-05 00:41:48",1208
"2019-07-05 01:41:47",1208
"2019-07-05 02:41:47",1208
"2019-07-05 03:41:48",1208
"2019-07-05 04:41:46",1208
"2019-07-05 05:41:49",1208
"2019-07-05 06:41:50",1208
"2019-07-05 07:41:48",1208
"2019-07-05 08:41:47",1208
"2019-07-05 09:41:47",1208
"2019-07-05 10:41:49",1208
"2019-07-05 11:41:54",1208
"2019-07-05 12:41:47",1208
"2019-07-05 13:41:53",1208
"2019-07-05 14:41:48",1210
"2019-07-05 15:41:47",1209
"2019-07-05 16:41:54",1209
"2019-07-05 17:41:48",1210
"2019-07-05 18:41:48",1211
"2019-07-05 19:41:47",1213
"2019-07-05 20:41:48",1214
"2019-07-05 21:41:49",1212
"2019-07-05 22:41:50",1213
"2019-07-05 23:41:47",1213
"2019-07-06 00:41:49",1213
"2019-07-06 01:41:50",1213
"2019-07-06 02:41:51",1213
"2019-07-06 03:41:48",1213
"2019-07-06 04:41:47",1213
"2019-07-06 05:41:49",1213
"2019-07-06 06:41:49",1213
"2019-07-06 07:41:46",1213
"2019-07-06 08:41:47",1213
"2019-07-06 09:41:47",1213
"2019-07-06 10:41:47",1213
"2019-07-06 11:42:05",1213
"2019-07-06 12:41:49",1213
"2019-07-06 13:41:47",1213
"2019-07-06 14:41:47",1213
"2019-07-06 15:41:46",1213
"2019-07-06 16:41:50",1213
"2019-07-06 17:41:49",1213
"2019-07-06 18:41:47",1213
"2019-07-06 19:41:50",1213
"2019-07-06 20:41:46",1213
"2019-07-06 21:41:47",1213
"2019-07-06 22:41:47",1213
"2019-07-06 23:41:48",1213
"2019-07-07 00:41:47",1213
"2019-07-07 01:41:47",1213
"2019-07-07 02:41:49",1213
"2019-07-07 03:41:47",1213
"2019-07-07 04:41:48",1213
"2019-07-07 05:41:51",1213
"2019-07-07 06:41:47",1213
"2019-07-07 07:41:47",1213
"2019-07-07 08:41:49",1213
"2019-07-07 09:41:47",1213
"2019-07-07 10:41:49",1213
"2019-07-07 11:41:46",1213
"2019-07-07 12:41:45",1213
"2019-07-07 13:41:46",1213
"2019-07-07 14:41:46",1213
"2019-07-07 15:41:47",1213
"2019-07-07 16:41:48",1213
"2019-07-07 17:41:47",1213
"2019-07-07 18:41:47",1213
"2019-07-07 19:41:46",1213
"2019-07-07 20:41:46",1213
"2019-07-07 21:41:47",1213
"2019-07-07 22:41:48",1213
"2019-07-07 23:41:46",1213
"2019-07-08 00:41:46",1213
"2019-07-08 01:41:49",1213
"2019-07-08 02:41:47",1213
"2019-07-08 03:41:49",1213
"2019-07-08 04:41:46",1213
"2019-07-08 05:41:44",1213
"2019-07-08 06:41:49",1213
"2019-07-08 07:41:50",1213
"2019-07-08 08:41:47",1213
"2019-07-08 09:41:52",1213
"2019-07-08 10:41:53",1213
"2019-07-08 11:41:56",1213
"2019-07-08 12:41:47",1213
"2019-07-08 13:41:47",1213
"2019-07-08 14:41:47",1223
"2019-07-08 15:41:47",1225
"2019-07-08 16:41:48",1223
"2019-07-08 17:41:46",1222
"2019-07-08 18:41:48",1231
"2019-07-08 19:41:46",1231
"2019-07-08 20:41:47",1230
"2019-07-08 21:41:47",1230
"2019-07-08 22:41:47",1230
"2019-07-08 23:41:46",1230
"2019-07-09 00:41:46",1230
"2019-07-09 01:41:46",1230
"2019-07-09 02:41:53",1230
"2019-07-09 03:41:48",1230
"2019-07-09 04:41:48",1230
"2019-07-09 05:41:52",1230
"2019-07-09 06:41:48",1230
"2019-07-09 07:41:49",1230
"2019-07-09 08:41:47",1230
"2019-07-09 09:41:47",1230
"2019-07-09 10:41:46",1230
"2019-07-09 11:41:48",1230
"2019-07-09 13:04:49",1230
"2019-07-09 13:41:46",1230
"2019-07-09 14:41:47",1230
"2019-07-09 15:41:48",1231
"2019-07-09 16:41:46",1234
"2019-07-09 17:41:46",1234
"2019-07-09 18:41:46",1234
"2019-07-09 19:41:47",1237
"2019-07-09 20:41:47",1235
"2019-07-09 21:41:46",1235
"2019-07-09 22:41:45",1237
"2019-07-09 23:41:47",1237
"2019-07-10 00:41:46",1237
"2019-07-10 01:41:48",1237
"2019-07-10 02:41:46",1237
"2019-07-10 03:41:46",1237
"2019-07-10 04:41:46",1237
"2019-07-10 05:41:49",1237
"2019-07-10 06:41:48",1237
"2019-07-10 07:41:45",1237
"2019-07-10 08:41:45",1237
"2019-07-10 09:41:45",1237
"2019-07-10 10:41:46",1237
"2019-07-10 11:41:47",1237
"2019-07-10 12:41:50",1237
"2019-07-10 13:41:47",1236
"2019-07-10 14:41:46",1231
"2019-07-10 15:41:48",1238
"2019-07-10 16:41:50",1241
"2019-07-10 17:41:46",1240
"2019-07-10 18:41:46",1240
"2019-07-10 19:41:46",1244
"2019-07-10 20:41:46",1246
"2019-07-10 21:41:46",1246
"2019-07-10 22:41:49",1247
"2019-07-10 23:41:46",1247
"2019-07-11 00:41:46",1247
"2019-07-11 01:41:47",1247
"2019-07-11 02:41:51",1247
"2019-07-11 03:41:49",1247
"2019-07-11 04:41:49",1247
"2019-07-11 05:41:48",1247
"2019-07-11 06:41:48",1247
"2019-07-11 07:41:47",1247
"2019-07-11 08:41:49",1247
"2019-07-11 09:41:46",1247
"2019-07-11 10:41:47",1247
"2019-07-11 11:41:46",1247
"2019-07-11 12:41:46",1247
"2019-07-11 13:41:46",1247
"2019-07-11 14:41:47",1252
"2019-07-11 15:41:46",1257
"2019-07-11 16:41:46",1261
"2019-07-11 17:41:46",1263
"2019-07-11 18:41:47",1265
"2019-07-11 19:41:46",1264
"2019-07-11 20:41:46",1264
"2019-07-11 21:41:51",1265
"2019-07-11 22:41:45",1264
"2019-07-11 23:41:47",1264
"2019-07-12 00:41:45",1264
"2019-07-12 01:41:47",1264
"2019-07-12 02:41:46",1264
"2019-07-12 03:41:46",1264
"2019-07-12 04:41:45",1264
"2019-07-12 05:41:48",1264
"2019-07-12 06:41:51",1264
"2019-07-12 07:41:46",1264
"2019-07-12 08:41:46",1264
"2019-07-12 09:41:49",1264
"2019-07-12 10:41:48",1264
"2019-07-12 11:41:46",1264
"2019-07-12 13:05:20",1264
"2019-07-12 13:41:48",1264
"2019-07-12 14:41:46",1258
"2019-07-12 15:42:00",1262
"2019-07-12 16:41:48",1256
"2019-07-12 17:41:50",1254
"2019-07-12 18:41:47",1252
"2019-07-12 19:41:45",1253
"2019-07-12 20:41:45",1254
"2019-07-12 21:41:46",1254
"2019-07-12 22:41:53",1254
"2019-07-12 23:41:47",1254
"2019-07-13 00:41:46",1254
"2019-07-13 01:41:48",1254
"2019-07-13 02:41:48",1254
"2019-07-13 03:41:45",1254
"2019-07-13 04:41:47",1254
"2019-07-13 05:41:46",1254
"2019-07-13 06:41:46",1254
"2019-07-13 07:41:46",1254
"2019-07-13 08:41:45",1254
"2019-07-13 09:41:47",1254
"2019-07-13 10:41:47",1254
"2019-07-13 11:41:49",1254
"2019-07-13 12:41:48",1254
"2019-07-13 13:41:46",1254
"2019-07-13 14:41:46",1254
"2019-07-13 15:41:47",1254
"2019-07-13 16:42:05",1254
"2019-07-13 17:41:49",1254
"2019-07-13 18:41:50",1254
"2019-07-13 19:41:49",1254
"2019-07-13 20:41:50",1254
"2019-07-13 21:41:48",1254
"2019-07-13 22:41:47",1254
"2019-07-13 23:41:47",1254
"2019-07-14 00:41:46",1254
"2019-07-14 01:41:54",1254
"2019-07-14 02:41:47",1254
"2019-07-14 03:41:48",1254
"2019-07-14 04:41:47",1254
"2019-07-14 05:41:47",1254
"2019-07-14 06:41:48",1254
"2019-07-14 07:41:46",1254
"2019-07-14 08:41:47",1254
"2019-07-14 09:41:45",1254
"2019-07-14 10:41:46",1254
"2019-07-14 11:41:48",1254
"2019-07-14 12:41:46",1254
"2019-07-14 13:41:47",1254
"2019-07-14 14:41:46",1254
"2019-07-14 15:41:47",1254
"2019-07-14 16:41:51",1254
"2019-07-14 17:41:46",1254
"2019-07-14 18:41:46",1254
"2019-07-14 19:41:46",1254
"2019-07-14 20:41:52",1254
"2019-07-14 21:41:45",1254
"2019-07-14 22:41:46",1254
"2019-07-14 23:41:46",1254
"2019-07-15 00:41:46",1254
"2019-07-15 01:41:45",1254
"2019-07-15 02:41:46",1254
"2019-07-15 03:41:46",1254
"2019-07-15 04:41:46",1254
"2019-07-15 05:41:48",1254
"2019-07-15 06:41:50",1254
"2019-07-15 07:41:47",1254
"2019-07-15 08:41:45",1254
"2019-07-15 09:41:46",1254
"2019-07-15 10:41:46",1254
"2019-07-15 11:41:45",1254
"2019-07-15 13:05:50",1254
"2019-07-15 13:41:47",1254
"2019-07-15 14:41:46",1260
"2019-07-15 15:41:46",1260
"2019-07-15 16:41:54",1262
"2019-07-15 17:41:47",1262
"2019-07-15 18:41:46",1260
"2019-07-15 19:41:46",1262
"2019-07-15 20:41:47",1262
"2019-07-15 21:41:47",1262
"2019-07-15 22:41:50",1261
"2019-07-15 23:41:46",1261
"2019-07-16 00:41:46",1261
"2019-07-16 01:41:46",1261
"2019-07-16 02:41:52",1261
"2019-07-16 03:41:46",1261
"2019-07-16 04:41:46",1261
"2019-07-16 05:41:50",1261
"2019-07-16 06:41:49",1261
"2019-07-16 07:41:46",1261
"2019-07-16 08:41:47",1261
"2019-07-16 09:41:46",1261
"2019-07-16 10:41:48",1261
"2019-07-16 11:41:46",1261
"2019-07-16 13:05:49",1261
"2019-07-16 13:41:48",1261
"2019-07-16 14:41:46",1264
"2019-07-16 15:41:54",1264
"2019-07-16 16:41:48",1262
"2019-07-16 17:41:48",1256
"2019-07-16 18:41:47",1256
"2019-07-16 19:41:46",1257
"2019-07-16 20:41:59",1257
"2019-07-16 21:41:47",1257
"2019-07-16 22:41:47",1257
"2019-07-16 23:41:47",1257
"2019-07-17 00:41:46",1257
"2019-07-17 01:41:47",1257
"2019-07-17 02:41:48",1257
"2019-07-17 03:41:47",1257
"2019-07-17 04:41:47",1257
"2019-07-17 05:41:59",1257
"2019-07-17 06:41:49",1257
"2019-07-17 07:41:50",1257
"2019-07-17 08:41:47",1257
"2019-07-17 09:41:46",1257
"2019-07-17 10:41:47",1257
"2019-07-17 11:41:46",1257
"2019-07-17 13:05:21",1257
"2019-07-17 13:41:47",1257
"2019-07-17 14:41:48",1260
"2019-07-17 15:41:52",1263
"2019-07-17 16:41:50",1273
"2019-07-17 17:41:46",1271
"2019-07-17 18:41:47",1269
"2019-07-17 19:41:45",1268
"2019-07-17 20:41:46",1271
"2019-07-17 21:41:46",1271
"2019-07-17 22:41:46",1271
"2019-07-17 23:41:46",1271
"2019-07-18 00:41:45",1271
"2019-07-18 01:41:48",1271
"2019-07-18 02:41:47",1271
"2019-07-18 03:41:47",1271
"2019-07-18 04:41:46",1271
"2019-07-18 05:41:49",1271
"2019-07-18 06:41:49",1271
"2019-07-18 07:41:45",1271
"2019-07-18 08:41:49",1271
"2019-07-18 09:41:46",1271
"2019-07-18 10:41:46",1271
"2019-07-18 11:41:45",1271
"2019-07-18 13:05:52",1271
"2019-07-18 13:41:46",1271
"2019-07-18 14:41:46",1277
"2019-07-18 15:41:45",1280
"2019-07-18 16:41:50",1282
"2019-07-18 17:41:47",1283
"2019-07-18 18:41:47",1285
"2019-07-18 19:41:48",1283
"2019-07-18 20:41:47",1283
"2019-07-18 21:41:47",1284
"2019-07-18 22:41:47",1284
"2019-07-18 23:41:48",1284
"2019-07-19 00:41:47",1284
"2019-07-19 01:41:47",1284
"2019-07-19 02:41:48",1284
"2019-07-19 03:41:47",1284
"2019-07-19 04:41:47",1284
"2019-07-19 05:42:01",1284
"2019-07-19 06:41:48",1284
"2019-07-19 07:41:49",1284
"2019-07-19 08:41:47",1284
"2019-07-19 09:41:46",1284
"2019-07-19 10:41:46",1284
"2019-07-19 11:41:46",1284
"2019-07-19 13:05:20",1286
"2019-07-19 13:41:47",1286
"2019-07-19 14:41:46",1286
"2019-07-19 15:41:48",1289
"2019-07-19 16:41:48",1292
"2019-07-19 17:41:49",1293
"2019-07-19 18:41:48",1295
"2019-07-19 19:41:47",1295
"2019-07-19 20:41:48",1299
"2019-07-19 21:41:46",1300
"2019-07-19 22:41:48",1303
"2019-07-19 23:41:47",1303
"2019-07-20 00:41:47",1303
"2019-07-20 01:41:54",1303
"2019-07-20 02:41:54",1303
"2019-07-20 03:41:48",1303
"2019-07-20 04:41:56",1303
"2019-07-20 05:41:52",1303
"2019-07-20 06:41:48",1303
"2019-07-20 07:41:47",1303
"2019-07-20 08:41:48",1303
"2019-07-20 09:41:45",1303
"2019-07-20 10:41:46",1303
"2019-07-20 11:41:47",1303
"2019-07-20 12:41:47",1303
"2019-07-20 13:41:47",1303
"2019-07-20 14:41:46",1303
"2019-07-20 15:41:47",1303
"2019-07-20 16:41:48",1303
"2019-07-20 17:41:47",1303
"2019-07-20 18:41:47",1303
"2019-07-20 19:41:48",1303
"2019-07-20 20:41:46",1303
"2019-07-20 21:41:48",1303
"2019-07-20 22:41:45",1303
"2019-07-20 23:41:47",1303
"2019-07-21 00:41:48",1303
"2019-07-21 01:41:47",1303
"2019-07-21 02:41:48",1303
"2019-07-21 03:41:47",1303
"2019-07-21 04:41:47",1303
"2019-07-21 05:41:53",1303
"2019-07-21 06:41:54",1303
"2019-07-21 07:41:45",1303
"2019-07-21 08:41:48",1303
"2019-07-21 09:41:48",1303
"2019-07-21 10:41:55",1303
"2019-07-21 11:41:47",1303
"2019-07-21 12:41:47",1303
"2019-07-21 13:41:48",1303
"2019-07-21 14:41:47",1303
"2019-07-21 15:41:47",1303
"2019-07-21 16:41:47",1303
"2019-07-21 17:41:47",1303
"2019-07-21 18:41:47",1303
"2019-07-21 19:41:47",1303
"2019-07-21 20:41:48",1303
"2019-07-21 21:41:48",1303
"2019-07-21 22:41:46",1303
"2019-07-21 23:41:47",1303
"2019-07-22 00:41:46",1303
"2019-07-22 01:41:48",1303
"2019-07-22 02:41:47",1303
"2019-07-22 03:41:47",1303
"2019-07-22 04:41:47",1303
"2019-07-22 05:41:51",1303
"2019-07-22 06:41:54",1303
"2019-07-22 07:41:46",1303
"2019-07-22 08:41:47",1303
"2019-07-22 09:41:47",1303
"2019-07-22 10:41:46",1303
"2019-07-22 11:41:52",1303
"2019-07-22 12:41:50",1303
"2019-07-22 13:41:47",1303
"2019-07-22 14:41:48",1310
"2019-07-22 15:41:47",1316
"2019-07-22 16:41:49",1320
"2019-07-22 17:41:47",1321
"2019-07-22 18:41:52",1323
"2019-07-22 19:41:49",1327
"2019-07-22 20:41:49",1330
"2019-07-22 21:41:50",1332
"2019-07-22 22:41:47",1330
"2019-07-22 23:41:47",1330
"2019-07-23 00:41:47",1330
"2019-07-23 01:41:46",1330
"2019-07-23 02:41:49",1330
"2019-07-23 03:41:48",1330
"2019-07-23 04:41:48",1330
"2019-07-23 05:41:51",1330
"2019-07-23 06:41:53",1330
"2019-07-23 07:41:48",1330
"2019-07-23 08:41:46",1330
"2019-07-23 09:41:49",1330
"2019-07-23 10:41:49",1330
"2019-07-23 11:41:48",1330
"2019-07-23 13:04:51",1330
"2019-07-23 13:41:48",1330
"2019-07-23 14:41:48",1338
"2019-07-23 15:41:53",1347
"2019-07-23 16:41:49",1346
"2019-07-23 17:41:47",1352
"2019-07-23 18:41:48",1354
"2019-07-23 19:41:47",1359
"2019-07-23 20:41:48",1362
"2019-07-23 21:41:48",1361
"2019-07-23 22:41:50",1360
"2019-07-23 23:41:48",1360
"2019-07-24 00:41:48",1360
"2019-07-24 01:41:48",1360
"2019-07-24 02:41:53",1360
"2019-07-24 03:41:48",1360
"2019-07-24 04:41:48",1360
"2019-07-24 05:41:48",1360
"2019-07-24 06:41:46",1360
"2019-07-24 07:41:46",1360
"2019-07-24 08:41:47",1360
"2019-07-24 09:41:49",1360
"2019-07-24 10:41:49",1360
"2019-07-24 11:41:47",1360
"2019-07-24 13:04:21",1360
"2019-07-24 13:41:48",1360
"2019-07-24 14:41:47",1361
"2019-07-24 15:41:49",1359
"2019-07-24 16:41:48",1358
"2019-07-24 17:41:46",1363
"2019-07-24 18:41:49",1364
"2019-07-24 19:41:47",1362
"2019-07-24 20:41:48",1359
"2019-07-24 21:41:47",1360
"2019-07-24 22:41:47",1361
"2019-07-24 23:41:47",1361
"2019-07-25 00:41:47",1361
"2019-07-25 01:41:51",1361
"2019-07-25 02:41:59",1361
"2019-07-25 03:41:47",1361
"2019-07-25 04:41:47",1361
"2019-07-25 05:41:52",1361
"2019-07-25 06:41:50",1361
"2019-07-25 07:41:48",1361
"2019-07-25 08:41:49",1361
"2019-07-25 09:41:47",1361
"2019-07-25 10:41:56",1361
"2019-07-25 11:41:47",1361
"2019-07-25 13:04:53",1360
"2019-07-25 13:41:51",1360
"2019-07-25 14:41:50",1362
"2019-07-25 15:41:48",1361
"2019-07-25 16:41:51",1358
"2019-07-25 17:41:50",1360
"2019-07-25 18:41:56",1361
"2019-07-25 19:41:53",1360
"2019-07-25 20:41:53",1360
"2019-07-25 21:41:52",1360
"2019-07-25 22:41:49",1361
"2019-07-25 23:41:49",1361
"2019-07-26 00:41:59",1361
"2019-07-26 01:41:49",1361
"2019-07-26 02:41:51",1361
"2019-07-26 03:41:50",1361
"2019-07-26 04:41:53",1361
"2019-07-26 05:41:55",1361
"2019-07-26 06:42:03",1361
"2019-07-26 07:41:55",1361
"2019-07-26 08:41:47",1361
"2019-07-26 09:41:48",1361
"2019-07-26 10:41:50",1361
"2019-07-26 11:41:53",1361
"2019-07-26 13:06:52",1361
"2019-07-26 13:41:50",1361
"2019-07-26 14:41:50",1356
"2019-07-26 15:41:49",1352
"2019-07-26 16:41:51",1348
"2019-07-26 17:41:51",1352
"2019-07-26 18:41:49",1352
"2019-07-26 19:41:49",1347
"2019-07-26 20:41:48",1344
"2019-07-26 21:41:48",1344
"2019-07-26 22:41:48",1344
"2019-07-26 23:41:47",1344
"2019-07-27 00:41:48",1344
"2019-07-27 01:41:49",1344
"2019-07-27 02:41:50",1344
"2019-07-27 03:41:49",1344
"2019-07-27 04:41:48",1344
"2019-07-27 05:41:49",1344
"2019-07-27 06:41:48",1344
"2019-07-27 07:41:48",1344
"2019-07-27 08:41:48",1344
"2019-07-27 09:41:48",1344
"2019-07-27 10:41:50",1344
"2019-07-27 11:41:48",1344
"2019-07-27 12:41:49",1344
"2019-07-27 13:41:47",1344
"2019-07-27 14:41:49",1344
"2019-07-27 15:41:50",1344
"2019-07-27 16:41:55",1344
"2019-07-27 17:41:52",1344
"2019-07-27 18:41:50",1344
"2019-07-27 19:41:50",1344
"2019-07-27 20:41:50",1344
"2019-07-27 21:41:50",1344
"2019-07-27 22:41:49",1344
"2019-07-27 23:41:48",1344
"2019-07-28 00:41:48",1344
"2019-07-28 01:41:47",1344
"2019-07-28 02:41:47",1344
"2019-07-28 03:41:47",1344
"2019-07-28 04:41:48",1344
"2019-07-28 05:41:47",1344
"2019-07-28 06:41:47",1344
"2019-07-28 07:41:48",1344
"2019-07-28 08:41:47",1344
"2019-07-28 09:41:47",1344
"2019-07-28 10:41:46",1344
"2019-07-28 11:41:47",1344
"2019-07-28 12:41:48",1344
"2019-07-28 13:41:47",1344
"2019-07-28 14:41:48",1344
"2019-07-28 15:41:47",1344
"2019-07-28 16:41:49",1344
"2019-07-28 17:41:48",1344
"2019-07-28 18:41:48",1344
"2019-07-28 19:41:47",1344
"2019-07-28 20:41:47",1344
"2019-07-28 21:41:47",1344
"2019-07-28 22:41:48",1344
"2019-07-28 23:41:49",1344
"2019-07-29 00:41:48",1344
"2019-07-29 01:41:48",1344
"2019-07-29 02:41:48",1344
"2019-07-29 03:41:48",1344
"2019-07-29 04:41:49",1344
"2019-07-29 05:41:51",1344
"2019-07-29 06:41:54",1344
"2019-07-29 07:41:49",1344
"2019-07-29 08:41:47",1344
"2019-07-29 09:41:48",1344
"2019-07-29 10:41:48",1344
"2019-07-29 11:41:48",1344
"2019-07-29 13:05:51",1344
"2019-07-29 13:41:50",1344
"2019-07-29 14:41:48",1356
"2019-07-29 15:41:48",1375
"2019-07-29 16:41:49",1378
"2019-07-29 17:41:48",1390
"2019-07-29 18:41:49",1393
"2019-07-29 19:41:48",1395
"2019-07-29 20:41:48",1397
"2019-07-29 21:41:47",1397
"2019-07-29 22:41:49",1398
"2019-07-29 23:41:48",1398
"2019-07-30 00:41:48",1398
"2019-07-30 01:41:48",1398
"2019-07-30 02:41:48",1398
"2019-07-30 03:41:47",1398
"2019-07-30 04:41:47",1398
"2019-07-30 05:41:48",1398
"2019-07-30 06:41:49",1398
"2019-07-30 07:41:54",1398
"2019-07-30 08:41:48",1398
"2019-07-30 09:41:48",1398
"2019-07-30 10:41:47",1398
"2019-07-30 11:41:50",1398
"2019-07-30 12:41:48",1398
"2019-07-30 13:41:49",1398
"2019-07-30 14:41:49",1392
"2019-07-30 15:41:50",1392
"2019-07-30 16:41:49",1390
"2019-07-30 17:41:52",1389
"2019-07-30 18:41:52",1386
"2019-07-30 19:41:51",1385
"2019-07-30 20:41:50",1379
"2019-07-30 21:41:49",1378
"2019-07-30 22:41:50",1378
"2019-07-30 23:41:49",1378
"2019-07-31 00:41:49",1378
"2019-07-31 01:41:49",1378
"2019-07-31 02:41:49",1378
"2019-07-31 03:41:49",1378
"2019-07-31 04:41:50",1378
"2019-07-31 05:41:54",1378
"2019-07-31 06:41:50",1378
"2019-07-31 07:41:49",1378
"2019-07-31 08:41:49",1378
"2019-07-31 09:41:49",1378
"2019-07-31 10:41:48",1378
"2019-07-31 11:41:47",1378
"2019-07-31 13:05:55",1376
"2019-07-31 13:41:49",1376
"2019-07-31 14:41:50",1381
"2019-07-31 15:41:49",1382
"2019-07-31 16:41:53",1382
"2019-07-31 17:41:49",1382
"2019-07-31 18:41:48",1382
"2019-07-31 19:41:49",1377
"2019-07-31 20:41:50",1381
"2019-07-31 21:41:50",1381
"2019-07-31 22:41:48",1381
"2019-07-31 23:41:49",1381
"2019-08-01 00:41:49",1381
"2019-08-01 01:41:59",1381
"2019-08-01 02:41:51",1381
"2019-08-01 03:41:49",1381
"2019-08-01 04:41:48",1381
"2019-08-01 05:41:51",1381
"2019-08-01 06:41:50",1381
"2019-08-01 07:41:53",1381
"2019-08-01 08:41:48",1381
"2019-08-01 09:41:50",1381
"2019-08-01 10:41:49",1381
"2019-08-01 11:41:47",1381
"2019-08-01 13:04:22",1381
"2019-08-01 13:41:51",1381
"2019-08-01 14:41:51",1385
"2019-08-01 15:41:57",1384
"2019-08-01 16:41:55",1379
"2019-08-01 17:41:52",1382
"2019-08-01 18:41:49",1376
"2019-08-01 19:41:50",1375
"2019-08-01 20:41:49",1378
"2019-08-01 21:41:50",1377
"2019-08-01 22:41:49",1377
"2019-08-01 23:41:51",1377
"2019-08-02 00:41:49",1377
"2019-08-02 01:41:49",1377
"2019-08-02 02:41:49",1377
"2019-08-02 03:41:49",1377
"2019-08-02 04:41:50",1377
"2019-08-02 05:41:52",1377
"2019-08-02 06:41:50",1377
"2019-08-02 07:41:48",1377
"2019-08-02 08:41:49",1377
"2019-08-02 09:41:50",1377
"2019-08-02 10:41:56",1377
"2019-08-02 11:41:49",1377
"2019-08-02 13:05:54",1377
"2019-08-02 13:41:51",1377
"2019-08-02 14:41:51",1381
"2019-08-02 15:41:50",1379
"2019-08-02 16:41:50",1379
"2019-08-02 17:41:49",1373
"2019-08-02 18:41:50",1373
"2019-08-02 19:41:51",1372
"2019-08-02 20:41:50",1373
"2019-08-02 21:41:50",1373
"2019-08-02 22:41:49",1373
"2019-08-02 23:41:50",1373
"2019-08-03 00:41:50",1373
"2019-08-03 01:41:49",1373
"2019-08-03 02:41:52",1373
"2019-08-03 03:41:50",1373
"2019-08-03 04:41:49",1373
"2019-08-03 05:41:54",1373
"2019-08-03 06:41:50",1373
"2019-08-03 07:41:48",1373
"2019-08-03 08:41:50",1373
"2019-08-03 09:41:49",1373
"2019-08-03 10:41:50",1373
"2019-08-03 11:41:49",1373
"2019-08-03 12:41:50",1373
"2019-08-03 13:41:50",1373
"2019-08-03 14:41:49",1373
"2019-08-03 15:41:48",1373
"2019-08-03 16:41:49",1373
"2019-08-03 17:41:50",1373
"2019-08-03 18:41:50",1373
"2019-08-03 19:41:49",1373
"2019-08-03 20:41:48",1373
"2019-08-03 21:41:48",1373
"2019-08-03 22:41:49",1373
"2019-08-03 23:41:49",1373
"2019-08-04 00:41:49",1373
"2019-08-04 01:41:49",1373
"2019-08-04 02:41:54",1373
"2019-08-04 03:41:50",1373
"2019-08-04 04:41:49",1373
"2019-08-04 05:41:53",1373
"2019-08-04 06:41:49",1373
"2019-08-04 07:41:49",1373
"2019-08-04 08:41:50",1373
"2019-08-04 09:41:49",1373
"2019-08-04 10:41:49",1373
"2019-08-04 11:41:47",1373
"2019-08-04 12:41:49",1373
"2019-08-04 13:41:50",1373
"2019-08-04 14:41:48",1373
"2019-08-04 15:41:49",1373
"2019-08-04 16:41:49",1373
"2019-08-04 17:41:50",1373
"2019-08-04 18:41:50",1373
"2019-08-04 19:41:49",1373
"2019-08-04 20:41:49",1373
"2019-08-04 21:41:50",1373
"2019-08-04 22:41:50",1373
"2019-08-04 23:41:49",1373
"2019-08-05 00:41:49",1373
"2019-08-05 01:41:50",1373
"2019-08-05 02:41:51",1373
"2019-08-05 03:41:50",1373
"2019-08-05 04:41:50",1373
"2019-08-05 05:41:50",1373
"2019-08-05 06:41:49",1373
"2019-08-05 07:41:53",1373
"2019-08-05 08:41:50",1373
"2019-08-05 09:41:51",1373
"2019-08-05 10:41:49",1373
"2019-08-05 11:41:49",1373
"2019-08-05 13:06:25",1372
"2019-08-05 13:41:51",1372
"2019-08-05 14:41:51",1370
"2019-08-05 15:41:49",1364
"2019-08-05 16:41:50",1364
"2019-08-05 17:41:51",1362
"2019-08-05 18:41:51",1362
"2019-08-05 19:41:50",1359
"2019-08-05 20:41:49",1362
"2019-08-05 21:41:50",1363
"2019-08-05 22:41:51",1363
"2019-08-05 23:41:51",1363
"2019-08-06 00:41:59",1363
"2019-08-06 01:41:52",1363
"2019-08-06 02:41:50",1363
"2019-08-06 03:41:49",1363
"2019-08-06 04:41:51",1363
"2019-08-06 05:41:51",1363
"2019-08-06 06:41:49",1363
"2019-08-06 07:41:49",1363
"2019-08-06 08:41:49",1363
"2019-08-06 09:41:54",1363
"2019-08-06 10:41:48",1363
"2019-08-06 11:41:48",1363
"2019-08-06 12:41:50",1363
"2019-08-06 13:41:51",1363
"2019-08-06 14:41:49",1373
"2019-08-06 15:41:50",1367
"2019-08-06 16:41:52",1366
"2019-08-06 17:41:50",1368
"2019-08-06 18:41:49",1368
"2019-08-06 19:41:49",1370
"2019-08-06 20:41:50",1371
"2019-08-06 21:41:49",1371
"2019-08-06 22:41:48",1371
"2019-08-06 23:41:50",1371
"2019-08-07 00:41:50",1371
"2019-08-07 01:41:51",1371
"2019-08-07 02:41:52",1371
"2019-08-07 03:41:50",1371
"2019-08-07 04:41:49",1371
"2019-08-07 05:41:51",1371
"2019-08-07 06:41:54",1371
"2019-08-07 07:41:48",1371
"2019-08-07 08:41:50",1371
"2019-08-07 09:41:49",1371
"2019-08-07 10:41:57",1371
"2019-08-07 11:41:49",1371
"2019-08-07 12:41:50",1371
"2019-08-07 13:41:51",1372
"2019-08-07 14:41:51",1365
"2019-08-07 15:41:50",1370
"2019-08-07 16:41:50",1369
"2019-08-07 17:41:50",1369
"2019-08-07 18:41:50",1370
"2019-08-07 19:41:49",1371
"2019-08-07 20:41:49",1372
"2019-08-07 21:41:50",1373
"2019-08-07 22:41:49",1373
"2019-08-07 23:41:50",1373
"2019-08-08 00:41:50",1373
"2019-08-08 01:41:50",1373
"2019-08-08 02:41:55",1373
"2019-08-08 03:41:49",1373
"2019-08-08 04:41:49",1373
"2019-08-08 05:41:49",1373
"2019-08-08 06:41:52",1373
"2019-08-08 07:41:50",1373
"2019-08-08 08:41:49",1373
"2019-08-08 09:41:49",1373
"2019-08-08 10:41:52",1373
"2019-08-08 11:41:49",1373
"2019-08-08 12:41:51",1373
"2019-08-08 13:41:50",1373
"2019-08-08 14:41:50",1372
"2019-08-08 15:41:50",1392
"2019-08-08 16:41:51",1395
"2019-08-08 17:41:50",1392
"2019-08-08 18:41:50",1392
"2019-08-08 19:41:50",1387
"2019-08-08 20:41:51",1386
"2019-08-08 21:41:51",1386
"2019-08-08 22:41:51",1386
"2019-08-08 23:41:51",1386
"2019-08-09 00:41:52",1386
"2019-08-09 01:41:52",1386
"2019-08-09 02:41:52",1386
"2019-08-09 03:41:51",1386
"2019-08-09 04:41:52",1386
"2019-08-09 05:41:54",1386
"2019-08-09 06:41:52",1386
"2019-08-09 07:41:54",1386
"2019-08-09 08:41:53",1386
"2019-08-09 09:41:57",1386
"2019-08-09 10:41:52",1386
"2019-08-09 11:41:51",1386
"2019-08-09 13:05:56",1386
"2019-08-09 13:41:52",1386
"2019-08-09 14:41:55",1381
"2019-08-09 15:41:51",1378
"2019-08-09 16:41:57",1378
"2019-08-09 17:41:51",1377
"2019-08-09 18:41:52",1374
"2019-08-09 19:41:51",1375
"2019-08-09 20:41:51",1374
"2019-08-09 21:41:52",1374
"2019-08-09 22:41:52",1374
"2019-08-09 23:41:53",1374
"2019-08-10 00:41:53",1374
"2019-08-10 01:41:52",1374
"2019-08-10 02:42:03",1374
"2019-08-10 03:41:51",1374
"2019-08-10 04:41:51",1374
"2019-08-10 05:41:54",1374
"2019-08-10 06:41:52",1374
"2019-08-10 07:41:51",1374
"2019-08-10 08:41:51",1374
"2019-08-10 09:41:52",1374
"2019-08-10 10:41:53",1374
"2019-08-10 11:41:51",1374
"2019-08-10 12:41:52",1374
"2019-08-10 13:41:53",1374
"2019-08-10 14:41:50",1374
"2019-08-10 15:41:50",1374
"2019-08-10 16:41:58",1374
"2019-08-10 17:41:51",1374
"2019-08-10 18:41:51",1374
"2019-08-10 19:41:51",1374
"2019-08-10 20:41:52",1374
"2019-08-10 21:41:50",1374
"2019-08-10 22:41:51",1374
"2019-08-10 23:41:51",1374
"2019-08-11 00:41:49",1374
"2019-08-11 01:41:50",1374
"2019-08-11 02:41:59",1374
"2019-08-11 03:41:52",1374
"2019-08-11 04:41:51",1374
"2019-08-11 05:41:53",1374
"2019-08-11 06:41:51",1374
"2019-08-11 07:41:52",1374
"2019-08-11 08:41:50",1374
"2019-08-11 09:41:50",1374
"2019-08-11 10:41:50",1374
"2019-08-11 11:41:51",1374
"2019-08-11 12:41:51",1374
"2019-08-11 13:41:52",1374
"2019-08-11 14:41:51",1374
"2019-08-11 15:41:51",1374
"2019-08-11 16:41:52",1374
"2019-08-11 17:41:51",1374
"2019-08-11 18:41:51",1374
"2019-08-11 19:41:52",1374
"2019-08-11 20:41:53",1374
"2019-08-11 21:41:52",1374
"2019-08-11 22:41:53",1374
"2019-08-11 23:41:53",1374
"2019-08-12 00:41:52",1374
"2019-08-12 01:41:53",1374
"2019-08-12 02:41:55",1374
"2019-08-12 03:41:53",1374
"2019-08-12 04:41:52",1374
"2019-08-12 05:41:57",1374
"2019-08-12 06:41:59",1374
"2019-08-12 07:41:51",1374
"2019-08-12 08:41:53",1374
"2019-08-12 09:41:52",1374
"2019-08-12 10:41:56",1374
"2019-08-12 11:41:51",1374
"2019-08-12 12:41:56",1374
"2019-08-12 13:42:00",1374
"2019-08-12 14:41:52",1368
"2019-08-12 15:41:53",1368
"2019-08-12 16:42:02",1368
"2019-08-12 17:41:54",1370
"2019-08-12 18:41:51",1369
"2019-08-12 19:41:52",1373
"2019-08-12 20:41:53",1373
"2019-08-12 21:41:52",1373
"2019-08-12 22:41:52",1375
"2019-08-12 23:41:53",1375
"2019-08-13 00:41:51",1375
"2019-08-13 01:41:54",1375
"2019-08-13 02:41:56",1375
"2019-08-13 03:41:53",1375
"2019-08-13 04:41:51",1375
"2019-08-13 05:41:55",1375
"2019-08-13 06:41:51",1375
"2019-08-13 07:41:53",1375
"2019-08-13 08:41:51",1375
"2019-08-13 09:41:53",1375
"2019-08-13 10:41:54",1375
"2019-08-13 11:41:54",1375
"2019-08-13 12:41:55",1375
"2019-08-13 13:41:54",1375
"2019-08-13 14:41:53",1373
"2019-08-13 15:41:57",1372
"2019-08-13 16:41:55",1373
"2019-08-13 17:41:53",1374
"2019-08-13 18:41:54",1372
"2019-08-13 19:41:53",1370
"2019-08-13 20:41:53",1371
"2019-08-13 21:41:53",1371
"2019-08-13 22:42:00",1371
"2019-08-13 23:41:53",1371
"2019-08-14 00:41:56",1371
"2019-08-14 01:41:54",1371
"2019-08-14 02:41:54",1371
"2019-08-14 03:41:53",1371
"2019-08-14 04:41:52",1371
"2019-08-14 05:41:59",1371
"2019-08-14 06:41:53",1371
"2019-08-14 07:41:52",1371
"2019-08-14 08:41:51",1371
"2019-08-14 09:41:54",1371
"2019-08-14 10:41:50",1371
"2019-08-14 11:41:52",1371
"2019-08-14 13:04:58",1371
"2019-08-14 13:41:54",1371
"2019-08-14 14:41:54",1362
"2019-08-14 15:41:55",1358
"2019-08-14 16:41:53",1350
"2019-08-14 17:41:52",1344
"2019-08-14 18:41:53",1350
"2019-08-14 19:41:54",1351
"2019-08-14 20:41:52",1355
"2019-08-14 21:41:55",1354
"2019-08-14 22:41:52",1354
"2019-08-14 23:41:52",1354
"2019-08-15 00:41:52",1354
"2019-08-15 01:41:52",1354
"2019-08-15 02:41:54",1354
"2019-08-15 03:41:53",1354
"2019-08-15 04:41:53",1354
"2019-08-15 05:41:56",1354
"2019-08-15 06:41:51",1354
"2019-08-15 07:41:51",1354
"2019-08-15 08:42:06",1354
"2019-08-15 09:41:52",1354
"2019-08-15 10:41:52",1354
"2019-08-15 11:41:51",1354
"2019-08-15 13:04:57",1354
"2019-08-15 13:41:57",1354
"2019-08-15 14:41:53",1349
"2019-08-15 15:41:51",1346
"2019-08-15 16:42:01",1349
"2019-08-15 17:41:50",1345
"2019-08-15 18:41:52",1345
"2019-08-15 19:41:51",1346
"2019-08-15 20:41:52",1345
"2019-08-15 21:41:51",1345
"2019-08-15 22:41:50",1345
"2019-08-15 23:41:56",1345
"2019-08-16 00:41:51",1345
"2019-08-16 01:42:00",1345
"2019-08-16 02:41:53",1345
"2019-08-16 03:41:53",1345
"2019-08-16 04:41:50",1345
"2019-08-16 05:42:06",1345
"2019-08-16 06:41:50",1345
"2019-08-16 07:41:51",1345
"2019-08-16 08:41:52",1345
"2019-08-16 09:41:50",1345
"2019-08-16 10:41:51",1345
"2019-08-16 11:41:50",1345
"2019-08-16 12:41:51",1345
"2019-08-16 13:41:53",1345
"2019-08-16 14:41:52",1347
"2019-08-16 15:41:53",1347
"2019-08-16 16:41:53",1353
"2019-08-16 18:41:52",1352
"2019-08-16 19:41:54",1351
"2019-08-16 20:41:55",1349
"2019-08-16 21:41:53",1348
"2019-08-16 22:41:55",1347
"2019-08-16 23:41:53",1347
"2019-08-17 00:41:55",1347
"2019-08-17 01:41:56",1347
"2019-08-17 02:42:04",1347
"2019-08-17 03:41:53",1347
"2019-08-17 04:41:55",1347
"2019-08-17 05:41:53",1347
"2019-08-17 06:41:53",1347
"2019-08-17 07:41:53",1347
"2019-08-17 08:41:54",1347
"2019-08-17 09:41:53",1347
"2019-08-17 10:41:53",1347
"2019-08-17 11:41:52",1347
"2019-08-17 12:41:52",1347
"2019-08-17 13:41:54",1347
"2019-08-17 14:42:06",1347
"2019-08-17 15:41:54",1347
"2019-08-17 16:41:53",1347
"2019-08-17 17:41:52",1347
"2019-08-17 18:41:52",1347
"2019-08-17 19:41:52",1347
"2019-08-17 20:41:55",1347
"2019-08-17 21:41:52",1347
"2019-08-17 22:41:52",1347
"2019-08-17 23:41:52",1347
"2019-08-18 00:41:53",1347
"2019-08-18 01:41:52",1347
"2019-08-18 02:41:54",1347
"2019-08-18 03:41:53",1347
"2019-08-18 04:41:52",1347
"2019-08-18 05:41:59",1347
"2019-08-18 06:42:09",1347
"2019-08-18 07:41:54",1347
"2019-08-18 08:41:55",1347
"2019-08-18 09:41:55",1347
"2019-08-18 10:41:52",1347
"2019-08-18 11:41:54",1347
"2019-08-18 12:41:54",1347
"2019-08-18 13:41:54",1347
"2019-08-18 14:41:53",1347
"2019-08-18 15:41:54",1347
"2019-08-18 16:41:57",1347
"2019-08-18 17:41:53",1347
"2019-08-18 18:41:53",1347
"2019-08-18 19:41:54",1347
"2019-08-18 20:41:54",1347
"2019-08-18 21:42:01",1347
"2019-08-18 22:41:55",1347
"2019-08-18 23:41:53",1347
"2019-08-19 00:41:54",1347
"2019-08-19 01:41:56",1347
"2019-08-19 02:41:54",1347
"2019-08-19 03:41:52",1347
"2019-08-19 04:41:53",1347
"2019-08-19 05:41:55",1347
"2019-08-19 06:41:55",1347
"2019-08-19 07:42:04",1347
"2019-08-19 08:41:54",1347
"2019-08-19 09:41:59",1347
"2019-08-19 10:41:54",1347
"2019-08-19 11:41:53",1347
"2019-08-19 12:41:57",1347
"2019-08-19 13:41:54",1347
"2019-08-19 14:41:51",1354
"2019-08-19 15:41:52",1358
"2019-08-19 16:41:51",1359
"2019-08-19 17:41:52",1359
"2019-08-19 18:41:53",1358
"2019-08-19 19:41:52",1355
"2019-08-19 20:41:51",1356
"2019-08-19 21:41:52",1356
"2019-08-19 22:41:51",1355
"2019-08-19 23:41:52",1355
"2019-08-20 00:41:54",1355
"2019-08-20 01:41:52",1355
"2019-08-20 02:41:54",1355
"2019-08-20 03:41:51",1355
"2019-08-20 04:41:52",1355
"2019-08-20 05:41:59",1355
"2019-08-20 06:41:56",1355
"2019-08-20 07:41:51",1355
"2019-08-20 08:41:51",1355
"2019-08-20 09:41:51",1355
"2019-08-20 10:42:11",1355
"2019-08-20 11:41:51",1355
"2019-08-20 13:03:56",1355
"2019-08-20 13:42:00",1355
"2019-08-20 14:41:53",1354
"2019-08-20 15:41:52",1349
"2019-08-20 16:41:54",1351
"2019-08-20 17:41:53",1350
"2019-08-20 18:41:53",1348
"2019-08-20 19:41:53",1347
"2019-08-20 20:41:53",1348
"2019-08-20 21:41:55",1349
"2019-08-20 22:41:54",1349
"2019-08-20 23:41:53",1349
"2019-08-21 00:41:53",1349
"2019-08-21 01:41:54",1349
"2019-08-21 02:41:58",1349
"2019-08-21 03:41:56",1349
"2019-08-21 04:41:53",1349
"2019-08-21 05:41:54",1349
"2019-08-21 06:41:57",1349
"2019-08-21 07:41:53",1349
"2019-08-21 08:41:53",1349
"2019-08-21 09:41:53",1349
"2019-08-21 10:41:52",1349
"2019-08-21 11:41:53",1349
"2019-08-21 12:41:52",1349
"2019-08-21 13:41:54",1349
"2019-08-21 14:41:54",1354
"2019-08-21 15:41:55",1348
"2019-08-21 16:42:08",1347
"2019-08-21 17:41:53",1351
"2019-08-21 18:41:53",1355
"2019-08-21 19:41:54",1355
"2019-08-21 20:41:53",1356
"2019-08-21 21:41:54",1355
"2019-08-21 22:41:56",1355
"2019-08-21 23:41:54",1355
"2019-08-22 00:41:55",1355
"2019-08-22 01:41:53",1355
"2019-08-22 02:41:55",1355
"2019-08-22 03:41:53",1355
"2019-08-22 04:41:53",1355
"2019-08-22 05:41:55",1355
"2019-08-22 06:41:53",1355
"2019-08-22 07:41:53",1355
"2019-08-22 08:41:54",1355
"2019-08-22 09:41:54",1355
"2019-08-22 10:41:54",1355
"2019-08-22 11:41:55",1355
"2019-08-22 12:41:54",1355
"2019-08-22 13:41:54",1354
"2019-08-22 14:41:57",1356
"2019-08-22 15:41:55",1352
"2019-08-22 16:41:57",1352
"2019-08-22 17:41:57",1353
"2019-08-22 18:41:57",1350
"2019-08-22 19:41:55",1350
"2019-08-22 20:41:56",1348
"2019-08-22 21:41:56",1349
"2019-08-22 22:41:54",1350
"2019-08-22 23:41:55",1350
"2019-08-23 00:41:57",1350
"2019-08-23 01:41:59",1350
"2019-08-23 02:41:57",1350
"2019-08-23 03:41:54",1350
"2019-08-23 04:41:53",1350
"2019-08-23 05:41:55",1350
"2019-08-23 06:41:55",1350
"2019-08-23 07:41:54",1350
"2019-08-23 08:41:56",1350
"2019-08-23 09:41:53",1350
"2019-08-23 10:41:57",1350
"2019-08-23 11:41:53",1350
"2019-08-23 12:41:57",1350
"2019-08-23 13:41:55",1349
"2019-08-23 14:41:54",1348
"2019-08-23 15:41:56",1345
"2019-08-23 16:41:57",1339
"2019-08-23 17:41:53",1340
"2019-08-23 18:41:56",1344
"2019-08-23 19:41:56",1343
"2019-08-23 20:41:53",1341
"2019-08-23 21:41:55",1339
"2019-08-23 22:42:01",1339
"2019-08-23 23:41:54",1339
"2019-08-24 00:41:54",1339
"2019-08-24 01:41:53",1339
"2019-08-24 02:42:12",1339
"2019-08-24 03:41:53",1339
"2019-08-24 04:41:52",1339
"2019-08-24 05:41:56",1339
"2019-08-24 06:41:55",1339
"2019-08-24 07:41:57",1339
"2019-08-24 08:41:55",1339
"2019-08-24 09:41:54",1339
"2019-08-24 10:41:54",1339
"2019-08-24 11:41:53",1339
"2019-08-24 12:41:56",1339
"2019-08-24 13:41:53",1339
"2019-08-24 14:41:54",1339
"2019-08-24 15:41:54",1339
"2019-08-24 16:42:00",1339
"2019-08-24 17:41:53",1339
"2019-08-24 18:41:56",1339
"2019-08-24 19:41:53",1339
"2019-08-24 20:41:54",1339
"2019-08-24 21:41:54",1339
"2019-08-24 22:41:54",1339
"2019-08-24 23:41:53",1339
"2019-08-25 00:41:52",1339
"2019-08-25 01:41:57",1339
"2019-08-25 02:42:04",1339
"2019-08-25 03:41:53",1339
"2019-08-25 04:41:53",1339
"2019-08-25 05:41:53",1339
"2019-08-25 06:41:54",1339
"2019-08-25 07:41:54",1339
"2019-08-25 08:41:55",1339
"2019-08-25 09:41:52",1339
"2019-08-25 10:41:54",1339
"2019-08-25 11:41:56",1339
"2019-08-25 12:41:54",1339
"2019-08-25 13:41:53",1339
"2019-08-25 14:41:53",1339
"2019-08-25 15:41:55",1339
"2019-08-25 16:41:58",1339
"2019-08-25 17:41:52",1339
"2019-08-25 18:41:52",1339
"2019-08-25 19:41:55",1339
"2019-08-25 20:41:54",1339
"2019-08-25 21:41:54",1339
"2019-08-25 22:41:53",1339
"2019-08-25 23:41:54",1339
"2019-08-26 00:41:53",1339
"2019-08-26 01:41:51",1339
"2019-08-26 02:41:58",1339
"2019-08-26 03:41:53",1339
"2019-08-26 04:41:54",1339
"2019-08-26 05:41:54",1339
"2019-08-26 06:41:53",1339
"2019-08-26 07:41:54",1339
"2019-08-26 08:41:53",1339
"2019-08-26 09:41:53",1339
"2019-08-26 10:41:55",1339
"2019-08-26 11:41:52",1339
"2019-08-26 12:41:56",1339
"2019-08-26 13:41:53",1337
"2019-08-26 14:41:53",1335
"2019-08-26 15:41:55",1333
"2019-08-26 16:41:57",1332
"2019-08-26 17:41:53",1334
"2019-08-26 18:41:53",1334
"2019-08-26 19:41:56",1331
"2019-08-26 20:41:54",1330
"2019-08-26 21:41:55",1329
"2019-08-26 22:41:53",1329
"2019-08-26 23:41:53",1329
"2019-08-27 00:41:53",1329
"2019-08-27 01:41:54",1329
"2019-08-27 02:41:58",1329
"2019-08-27 03:41:53",1329
"2019-08-27 04:41:53",1329
"2019-08-27 05:41:57",1329
"2019-08-27 06:41:56",1329
"2019-08-27 07:41:53",1329
"2019-08-27 08:41:56",1329
"2019-08-27 09:41:53",1329
"2019-08-27 10:41:52",1329
"2019-08-27 11:41:57",1329
"2019-08-27 12:41:55",1329
"2019-08-27 13:42:08",1328
"2019-08-27 14:41:53",1330
"2019-08-27 15:41:56",1328
"2019-08-27 16:41:57",1330
"2019-08-27 17:41:53",1329
"2019-08-27 18:41:54",1329
"2019-08-27 19:41:56",1330
"2019-08-27 20:41:53",1332
"2019-08-27 21:41:55",1332
"2019-08-27 22:41:54",1332
"2019-08-27 23:41:56",1332
"2019-08-28 00:41:59",1332
"2019-08-28 01:41:55",1332
"2019-08-28 02:42:00",1332
"2019-08-28 03:42:03",1332
"2019-08-28 04:41:55",1332
"2019-08-28 05:41:56",1332
"2019-08-28 06:41:56",1332
"2019-08-28 07:41:57",1332
"2019-08-28 08:41:53",1332
"2019-08-28 09:41:56",1332
"2019-08-28 10:41:56",1332
"2019-08-28 11:41:57",1332
"2019-08-28 12:41:55",1332
"2019-08-28 13:41:54",1332
"2019-08-28 14:41:53",1321
"2019-08-28 15:41:52",1327
"2019-08-28 16:42:06",1328
"2019-08-28 17:41:53",1330
"2019-08-28 18:41:53",1331
"2019-08-28 19:41:54",1329
"2019-08-28 20:41:54",1334
"2019-08-28 21:41:53",1336
"2019-08-28 22:41:54",1337
"2019-08-28 23:41:56",1337
"2019-08-29 00:41:52",1337
"2019-08-29 01:41:54",1337
"2019-08-29 02:41:56",1337
"2019-08-29 03:41:53",1337
"2019-08-29 04:41:53",1337
"2019-08-29 05:42:04",1337
"2019-08-29 06:41:52",1337
"2019-08-29 07:41:54",1337
"2019-08-29 08:41:54",1337
"2019-08-29 09:41:55",1337
"2019-08-29 10:41:51",1337
"2019-08-29 11:41:51",1337
"2019-08-29 12:41:55",1337
"2019-08-29 13:41:54",1336
"2019-08-29 14:41:52",1330
"2019-08-29 15:41:52",1332
"2019-08-29 16:41:58",1333
"2019-08-29 17:41:52",1334
"2019-08-29 18:41:52",1335
"2019-08-29 19:41:49",1330
"2019-08-29 20:41:53",1331
"2019-08-29 21:41:52",1333
"2019-08-29 22:41:51",1333
"2019-08-29 23:41:52",1333
"2019-08-30 00:41:54",1333
"2019-08-30 01:41:55",1333
"2019-08-30 02:41:53",1333
"2019-08-30 03:41:53",1333
"2019-08-30 04:41:54",1333
"2019-08-30 05:41:58",1333
"2019-08-30 06:41:51",1333
"2019-08-30 07:41:51",1333
"2019-08-30 08:41:50",1333
"2019-08-30 09:41:51",1333
"2019-08-30 10:41:50",1333
"2019-08-30 11:41:50",1333
"2019-08-30 12:41:52",1333
"2019-08-30 13:41:52",1334
"2019-08-30 14:41:51",1335
"2019-08-30 15:41:52",1340
"2019-08-30 16:41:53",1345
"2019-08-30 17:41:52",1351
"2019-08-30 18:41:50",1358
"2019-08-30 19:41:50",1361
"2019-08-30 20:42:03",1364
"2019-08-30 21:42:00",1367
"2019-08-30 22:42:02",1367
"2019-08-30 23:42:01",1367
"2019-08-31 00:42:00",1367
"2019-08-31 01:42:02",1367
"2019-08-31 02:42:00",1367
"2019-08-31 03:42:01",1367
"2019-08-31 04:42:00",1367
"2019-08-31 23:42:09",1367
"2019-09-01 00:42:03",1367
"2019-09-01 01:42:01",1367
"2019-09-01 02:42:02",1367
"2019-09-01 03:42:01",1367
"2019-09-01 04:42:01",1367
"2019-09-01 05:42:01",1367
"2019-09-01 06:42:00",1367
"2019-09-01 07:42:00",1367
"2019-09-01 08:42:01",1367
"2019-09-01 09:42:00",1367
"2019-09-01 10:42:01",1367
"2019-09-01 11:42:00",1367
"2019-09-01 12:42:02",1367
"2019-09-01 13:42:00",1367
"2019-09-01 14:42:01",1367
"2019-09-01 15:42:00",1367
"2019-09-01 16:42:05",1367
"2019-09-01 17:42:04",1367
"2019-09-01 18:42:01",1367
"2019-09-01 19:42:00",1367
"2019-09-01 20:42:00",1367
"2019-09-01 21:42:00",1367
"2019-09-01 22:42:02",1367
"2019-09-01 23:42:01",1367
"2019-09-02 00:42:00",1367
"2019-09-02 01:41:59",1367
"2019-09-02 02:42:00",1367
"2019-09-02 03:42:01",1367
"2019-09-02 04:42:02",1367
"2019-09-02 05:42:08",1367
"2019-09-02 06:42:02",1367
"2019-09-02 07:42:03",1367
"2019-09-02 08:42:01",1367
"2019-09-02 09:42:01",1367
"2019-09-02 10:42:07",1367
"2019-09-02 11:42:02",1367
"2019-09-02 12:41:59",1367
"2019-09-02 13:42:01",1367
"2019-09-02 14:42:00",1367
"2019-09-02 15:42:00",1367
"2019-09-02 16:42:08",1367
"2019-09-02 17:42:00",1367
"2019-09-02 18:42:02",1367
"2019-09-02 19:42:00",1367
"2019-09-02 20:42:00",1367
"2019-09-02 21:42:01",1367
"2019-09-02 22:42:02",1367
"2019-09-02 23:42:01",1367
"2019-09-03 00:42:00",1367
"2019-09-03 01:42:03",1367
"2019-09-03 02:42:03",1367
"2019-09-03 03:42:00",1367
"2019-09-03 04:42:00",1367
"2019-09-03 05:42:06",1367
"2019-09-03 06:42:03",1367
"2019-09-03 07:42:00",1367
"2019-09-03 08:42:07",1367
"2019-09-03 09:42:00",1367
"2019-09-03 10:42:05",1367
"2019-09-03 11:42:00",1367
"2019-09-03 13:06:09",1367
"2019-09-03 13:42:07",1367
"2019-09-03 14:42:03",1381
"2019-09-03 15:42:02",1398
"2019-09-03 16:42:06",1401
"2019-09-03 17:42:03",1407
"2019-09-03 18:42:01",1410
"2019-09-03 19:42:00",1431
"2019-09-03 20:42:02",1456
"2019-09-03 21:42:02",1411
"2019-09-03 22:42:06",1412
"2019-09-03 23:42:02",1412
"2019-09-04 00:42:04",1412
"2019-09-04 01:42:03",1412
"2019-09-04 02:42:02",1412
"2019-09-04 03:42:01",1412
"2019-09-04 04:42:00",1412
"2019-09-04 05:42:08",1412
"2019-09-04 06:42:03",1412
"2019-09-04 07:42:01",1412
"2019-09-04 08:42:02",1412
"2019-09-04 09:42:02",1412
"2019-09-04 10:42:02",1412
"2019-09-04 11:42:01",1412
"2019-09-04 13:05:08",1411
"2019-09-04 13:42:02",1411
"2019-09-04 14:42:02",1405
"2019-09-04 15:42:03",1413
"2019-09-04 16:42:08",1380
"2019-09-04 17:42:01",1382
"2019-09-04 18:42:04",1383
"2019-09-04 19:42:02",1377
"2019-09-04 20:42:02",1370
"2019-09-04 21:42:01",1372
"2019-09-04 22:42:01",1372
"2019-09-04 23:42:03",1372
"2019-09-05 01:42:02",1372
"2019-09-05 02:42:06",1372
"2019-09-05 03:42:00",1372
"2019-09-05 04:42:02",1372
"2019-09-05 05:42:08",1372
"2019-09-05 06:42:00",1372
"2019-09-05 07:42:05",1372
"2019-09-05 08:42:02",1372
"2019-09-05 09:42:00",1372
"2019-09-05 10:42:07",1372
"2019-09-05 11:42:01",1372
"2019-09-05 13:06:06",1371
"2019-09-05 13:42:02",1371
"2019-09-05 14:42:05",1360
"2019-09-05 15:42:02",1357
"2019-09-05 16:42:13",1354
"2019-09-05 17:42:03",1353
"2019-09-05 18:42:01",1351
"2019-09-05 19:42:01",1347
"2019-09-05 20:42:04",1338
"2019-09-05 21:42:02",1338
"2019-09-05 22:42:03",1338
"2019-09-05 23:42:04",1338
"2019-09-06 00:42:03",1338
"2019-09-06 01:42:03",1338
"2019-09-06 02:42:02",1338
"2019-09-06 03:42:00",1338
"2019-09-06 04:42:00",1338
"2019-09-06 05:42:12",1338
"2019-09-06 06:42:02",1338
"2019-09-06 07:42:03",1338
"2019-09-06 08:42:01",1338
"2019-09-06 09:42:03",1338
"2019-09-06 10:42:02",1338
"2019-09-06 11:42:14",1338
"2019-09-06 13:05:06",1339
"2019-09-06 13:42:02",1339
"2019-09-06 14:42:01",1342
"2019-09-06 15:42:01",1344
"2019-09-06 16:42:10",1346
"2019-09-06 17:42:01",1343
"2019-09-06 18:42:04",1342
"2019-09-06 19:42:01",1342
"2019-09-06 20:42:02",1342
"2019-09-06 21:42:02",1349
"2019-09-06 22:42:02",1349
"2019-09-06 23:42:01",1349
"2019-09-07 00:42:01",1349
"2019-09-07 01:42:04",1349
"2019-09-07 02:42:03",1349
"2019-09-07 03:42:03",1349
"2019-09-07 04:42:02",1349
"2019-09-07 05:42:22",1349
"2019-09-07 06:42:02",1349
"2019-09-07 07:42:00",1349
"2019-09-07 08:42:00",1349
"2019-09-07 09:42:01",1349
"2019-09-07 10:42:04",1349
"2019-09-07 11:42:02",1349
"2019-09-07 12:42:00",1349
"2019-09-07 13:42:03",1349
"2019-09-07 14:42:02",1349
"2019-09-07 15:42:02",1349
"2019-09-07 16:42:01",1349
"2019-09-07 17:42:02",1349
"2019-09-07 18:42:02",1349
"2019-09-07 19:42:00",1349
"2019-09-07 20:42:01",1349
"2019-09-07 22:42:00",1349
"2019-09-07 23:42:03",1349
"2019-09-08 00:42:03",1349
"2019-09-08 01:42:04",1349
"2019-09-08 02:42:06",1349
"2019-09-08 03:42:03",1349
"2019-09-08 04:42:02",1349
"2019-09-08 05:42:04",1349
"2019-09-08 06:42:02",1349
"2019-09-08 07:42:01",1349
"2019-09-08 08:42:02",1349
"2019-09-08 09:42:01",1349
"2019-09-08 10:42:05",1349
"2019-09-08 11:42:01",1349
"2019-09-08 12:42:01",1349
"2019-09-08 13:42:03",1349
"2019-09-08 14:42:02",1349
"2019-09-08 15:42:01",1349
"2019-09-08 16:42:06",1349
"2019-09-08 17:42:02",1349
"2019-09-08 18:42:01",1349
"2019-09-08 19:42:07",1349
"2019-09-08 20:42:04",1349
"2019-09-08 21:42:02",1349
"2019-09-08 22:42:01",1349
"2019-09-08 23:42:01",1349
"2019-09-09 00:42:01",1349
"2019-09-09 01:42:01",1349
"2019-09-09 02:42:03",1349
"2019-09-09 03:42:02",1349
"2019-09-09 04:42:01",1349
"2019-09-09 05:42:08",1349
"2019-09-09 06:42:01",1349
"2019-09-09 07:42:01",1349
"2019-09-09 08:42:02",1349
"2019-09-09 09:42:00",1349
"2019-09-09 10:42:01",1349
"2019-09-09 11:42:02",1349
"2019-09-09 13:05:07",1350
"2019-09-09 13:42:04",1350
"2019-09-09 14:42:08",1350
"2019-09-09 15:42:03",1359
"2019-09-09 16:42:12",1373
"2019-09-09 17:42:01",1374
"2019-09-09 18:42:02",1386
"2019-09-09 19:42:02",1400
"2019-09-09 20:42:01",1410
"2019-09-09 21:42:02",1412
"2019-09-09 22:42:00",1413
"2019-09-09 23:42:02",1413
"2019-09-10 00:42:02",1413
"2019-09-10 01:42:02",1413
"2019-09-10 02:42:03",1413
"2019-09-10 03:42:03",1413
"2019-09-10 04:42:03",1413
"2019-09-10 05:42:04",1413
"2019-09-10 06:42:02",1413
"2019-09-10 07:42:00",1413
"2019-09-10 08:42:03",1413
"2019-09-10 09:42:12",1413
"2019-09-10 10:42:02",1413
"2019-09-10 11:42:01",1413
"2019-09-10 12:42:03",1413
"2019-09-10 13:42:02",1413
"2019-09-10 14:42:01",1413
"2019-09-10 15:42:01",1401
"2019-09-10 16:42:05",1401
"2019-09-10 17:42:02",1403
"2019-09-10 18:42:02",1403
"2019-09-10 19:42:08",1399
"2019-09-10 20:42:00",1399
"2019-09-10 21:42:02",1399
"2019-09-10 22:42:01",1399
"2019-09-10 23:42:02",1399
"2019-09-11 00:42:01",1399
"2019-09-11 01:42:02",1399
"2019-09-11 02:42:01",1399
"2019-09-11 03:42:00",1399
"2019-09-11 04:42:01",1399
"2019-09-11 05:42:06",1399
"2019-09-11 06:42:03",1399
"2019-09-11 07:42:00",1399
"2019-09-11 08:42:01",1399
"2019-09-11 09:42:04",1399
"2019-09-11 10:42:11",1399
"2019-09-11 11:42:06",1399
"2019-09-11 12:42:02",1399
"2019-09-11 13:42:04",1399
"2019-09-11 14:42:02",1395
"2019-09-11 15:42:01",1393
"2019-09-11 16:42:03",1396
"2019-09-11 17:42:01",1396
"2019-09-11 18:42:02",1393
"2019-09-11 19:42:02",1391
"2019-09-11 20:42:01",1395
"2019-09-11 21:42:07",1394
"2019-09-11 22:42:01",1394
"2019-09-11 23:42:01",1394
"2019-09-12 00:42:02",1394
"2019-09-12 01:42:02",1394
"2019-09-12 02:42:08",1394
"2019-09-12 03:42:02",1394
"2019-09-12 04:42:00",1394
"2019-09-12 05:42:07",1394
"2019-09-12 06:42:02",1394
"2019-09-12 07:42:02",1394
"2019-09-12 08:42:00",1394
"2019-09-12 09:42:01",1394
"2019-09-12 10:42:12",1394
"2019-09-12 11:42:03",1394
"2019-09-12 13:06:08",1395
"2019-09-12 13:42:03",1395
"2019-09-12 14:42:05",1389
"2019-09-12 15:42:04",1398
"2019-09-12 16:42:03",1402
"2019-09-12 17:42:01",1401
"2019-09-12 18:42:02",1402
"2019-09-12 19:42:01",1403
"2019-09-12 20:42:00",1404
"2019-09-12 21:41:59",1404
"2019-09-12 22:42:01",1404
"2019-09-12 23:42:01",1404
"2019-09-13 00:42:01",1404
"2019-09-13 01:42:03",1404
"2019-09-13 02:42:01",1404
"2019-09-13 03:42:02",1404
"2019-09-13 04:42:00",1404
"2019-09-13 05:42:01",1404
"2019-09-13 06:42:02",1404
"2019-09-13 07:42:00",1404
"2019-09-13 08:42:02",1404
"2019-09-13 09:42:00",1404
"2019-09-13 10:42:02",1404
"2019-09-13 11:42:01",1404
"2019-09-13 13:06:04",1404
"2019-09-13 14:07:06",1408
"2019-09-13 14:42:02",1408
"2019-09-13 15:42:01",1409
"2019-09-13 16:42:01",1404
"2019-09-13 17:42:01",1405
"2019-09-13 18:42:00",1405
"2019-09-13 19:42:01",1403
"2019-09-13 20:41:58",1401
"2019-09-13 21:42:04",1402
"2019-09-13 22:42:00",1403
"2019-09-13 23:42:01",1403
"2019-09-14 00:42:04",1403
"2019-09-14 01:41:59",1403
"2019-09-14 02:42:01",1403
"2019-09-14 03:42:02",1403
"2019-09-14 04:41:59",1403
"2019-09-14 05:42:00",1403
"2019-09-14 06:42:00",1403
"2019-09-14 07:42:00",1403
"2019-09-14 08:42:00",1403
"2019-09-14 09:41:59",1403
"2019-09-14 10:42:01",1403
"2019-09-14 11:41:58",1403
"2019-09-14 12:42:00",1403
"2019-09-14 13:41:59",1403
"2019-09-14 14:42:00",1403
"2019-09-14 15:41:58",1403
"2019-09-14 16:42:01",1403
"2019-09-14 17:42:01",1403
"2019-09-14 18:41:58",1403
"2019-09-14 19:41:59",1403
"2019-09-14 20:41:58",1403
"2019-09-14 21:42:02",1403
"2019-09-14 22:42:00",1403
"2019-09-14 23:42:00",1403
"2019-09-15 00:42:01",1403
"2019-09-15 01:41:59",1403
"2019-09-15 02:42:02",1403
"2019-09-15 03:42:02",1403
"2019-09-15 04:42:01",1403
"2019-09-15 05:41:59",1403
"2019-09-15 06:42:03",1403
"2019-09-15 07:42:02",1403
"2019-09-15 08:42:02",1403
"2019-09-15 09:42:00",1403
"2019-09-15 10:42:01",1403
"2019-09-15 11:42:01",1403
"2019-09-15 12:42:02",1403
"2019-09-15 13:42:01",1403
"2019-09-15 14:42:00",1403
"2019-09-15 15:41:59",1403
"2019-09-15 16:42:02",1403
"2019-09-15 17:41:58",1403
"2019-09-15 18:41:59",1403
"2019-09-15 19:42:00",1403
"2019-09-15 20:41:59",1403
"2019-09-15 21:42:01",1403
"2019-09-15 22:41:59",1403
"2019-09-15 23:41:59",1403
"2019-09-16 00:42:01",1403
"2019-09-16 01:42:00",1403
"2019-09-16 02:42:01",1403
"2019-09-16 03:42:02",1403
"2019-09-16 04:41:59",1403
"2019-09-16 05:42:01",1403
"2019-09-16 06:42:02",1403
"2019-09-16 07:42:00",1403
"2019-09-16 08:42:01",1403
"2019-09-16 09:42:01",1403
"2019-09-16 10:42:00",1403
"2019-09-16 11:41:58",1403
"2019-09-16 13:05:35",1404
"2019-09-16 13:42:02",1404
"2019-09-16 14:42:04",1403
"2019-09-16 15:42:02",1401
"2019-09-16 16:42:04",1400
"2019-09-16 17:42:01",1402
"2019-09-16 18:42:02",1401
"2019-09-16 19:42:08",1401
"2019-09-16 20:42:04",1400
"2019-09-16 21:42:03",1400
"2019-09-16 22:42:04",1400
"2019-09-16 23:42:02",1400
"2019-09-17 00:42:02",1400
"2019-09-17 01:42:00",1400
"2019-09-17 02:42:03",1400
"2019-09-17 03:42:03",1400
"2019-09-17 04:42:01",1400
"2019-09-17 05:42:01",1400
"2019-09-17 06:42:00",1400
"2019-09-17 07:42:02",1400
"2019-09-17 08:42:00",1400
"2019-09-17 09:42:04",1400
"2019-09-17 10:42:03",1400
"2019-09-17 11:42:01",1400
"2019-09-17 12:42:01",1400
"2019-09-17 13:42:03",1398
"2019-09-17 14:42:02",1399
"2019-09-17 15:42:02",1400
"2019-09-17 16:42:03",1401
"2019-09-17 17:42:01",1402
"2019-09-17 18:42:02",1403
"2019-09-17 19:42:01",1405
"2019-09-17 20:42:01",1400
"2019-09-17 21:42:01",1400
"2019-09-17 22:42:04",1399
"2019-09-17 23:42:02",1399
"2019-09-18 00:42:01",1399
"2019-09-18 01:42:01",1399
"2019-09-18 02:42:00",1399
"2019-09-18 03:42:01",1399
"2019-09-18 04:42:08",1399
"2019-09-18 05:42:02",1399
"2019-09-18 06:42:03",1399
"2019-09-18 07:42:01",1399
"2019-09-18 08:42:03",1399
"2019-09-18 09:42:02",1399
"2019-09-18 10:42:01",1399
"2019-09-18 11:42:01",1399
"2019-09-18 13:37:10",1398
"2019-09-18 13:44:26",1398
"2019-09-18 14:42:02",1395
"2019-09-18 15:42:03",1395
"2019-09-18 16:42:05",1395
"2019-09-18 17:42:01",1394
"2019-09-18 18:42:00",1393
"2019-09-18 19:42:04",1397
"2019-09-18 20:42:03",1399
"2019-09-18 21:42:02",1399
"2019-09-18 22:42:03",1400
"2019-09-18 23:42:05",1400
"2019-09-19 00:42:01",1400
"2019-09-19 01:42:02",1400
"2019-09-19 02:42:05",1400
"2019-09-19 03:42:04",1400
"2019-09-19 04:42:00",1400
"2019-09-19 05:42:02",1401
"2019-09-19 06:42:03",1401
"2019-09-19 07:42:00",1401
"2019-09-19 08:42:02",1401
"2019-09-19 09:42:01",1401
"2019-09-19 10:42:02",1401
"2019-09-19 11:41:59",1401
"2019-09-19 13:05:37",1401
"2019-09-19 13:42:05",1401
"2019-09-19 14:42:01",1398
"2019-09-19 15:42:03",1397
"2019-09-19 16:42:06",1394
"2019-09-19 17:42:03",1394
"2019-09-19 18:42:03",1393
"2019-09-19 19:42:00",1394
"2019-09-19 20:42:04",1392
"2019-09-19 21:42:02",1390
"2019-09-19 22:42:04",1390
"2019-09-19 23:42:01",1390
"2019-09-20 00:42:04",1390
"2019-09-20 01:42:08",1390
"2019-09-20 02:42:00",1390
"2019-09-20 03:42:03",1390
"2019-09-20 04:42:03",1390
"2019-09-20 05:42:04",1389
"2019-09-20 06:42:02",1389
"2019-09-20 07:42:02",1389
"2019-09-20 08:42:04",1389
"2019-09-20 09:42:01",1389
"2019-09-20 10:42:01",1389
"2019-09-20 11:42:03",1389
"2019-09-20 12:42:04",1389
"2019-09-20 13:42:00",1388
"2019-09-20 14:42:02",1386
"2019-09-20 15:42:03",1382
"2019-09-20 16:42:02",1381
"2019-09-20 17:42:06",1383
"2019-09-20 18:42:01",1382
"2019-09-20 19:42:04",1381
"2019-09-20 20:42:00",1379
"2019-09-20 21:42:01",1378
"2019-09-20 22:42:03",1378
"2019-09-20 23:42:00",1378
"2019-09-21 00:42:00",1378
"2019-09-21 01:42:00",1378
"2019-09-21 02:42:02",1378
"2019-09-21 03:42:04",1378
"2019-09-21 04:41:59",1378
"2019-09-21 05:42:03",1378
"2019-09-21 06:42:03",1378
"2019-09-21 07:41:59",1378
"2019-09-21 08:42:00",1378
"2019-09-21 09:42:02",1378
"2019-09-21 10:41:59",1378
"2019-09-21 11:42:01",1378
"2019-09-21 12:42:03",1378
"2019-09-21 13:42:02",1378
"2019-09-21 14:42:00",1378
"2019-09-21 15:41:59",1378
"2019-09-21 16:42:03",1378
"2019-09-21 17:42:01",1378
"2019-09-21 18:42:00",1378
"2019-09-21 19:42:01",1378
"2019-09-21 20:42:00",1378
"2019-09-21 21:42:00",1378
"2019-09-21 22:42:01",1378
"2019-09-21 23:42:02",1378
"2019-09-22 00:42:00",1378
"2019-09-22 01:42:00",1378
"2019-09-22 02:42:01",1378
"2019-09-22 03:42:01",1378
"2019-09-22 04:42:02",1378
"2019-09-22 05:42:00",1378
"2019-09-22 06:42:02",1378
"2019-09-22 07:42:03",1378
"2019-09-22 08:42:00",1378
"2019-09-22 09:42:02",1378
"2019-09-22 10:42:00",1378
"2019-09-22 11:42:00",1378
"2019-09-22 12:42:02",1378
"2019-09-22 13:42:00",1378
"2019-09-22 14:42:03",1378
"2019-09-22 15:42:00",1378
"2019-09-22 16:42:03",1378
"2019-09-22 17:42:00",1378
"2019-09-22 18:42:00",1378
"2019-09-22 19:42:03",1378
"2019-09-22 20:42:00",1378
"2019-09-22 21:42:00",1378
"2019-09-22 22:42:00",1378
"2019-09-22 23:42:00",1378
"2019-09-23 00:42:02",1378
"2019-09-23 01:42:00",1378
"2019-09-23 02:41:59",1378
"2019-09-23 03:42:02",1378
"2019-09-23 04:42:00",1378
"2019-09-23 05:41:59",1378
"2019-09-23 06:42:02",1378
"2019-09-23 07:42:00",1378
"2019-09-23 08:42:02",1378
"2019-09-23 09:42:01",1378
"2019-09-23 10:42:01",1378
"2019-09-23 11:42:03",1378
"2019-09-23 12:42:02",1378
"2019-09-23 13:42:00",1378
"2019-09-23 14:42:03",1384
"2019-09-23 15:42:00",1384
"2019-09-23 16:42:02",1382
"2019-09-23 17:42:00",1381
"2019-09-23 18:42:03",1382
"2019-09-23 19:42:01",1380
"2019-09-23 20:42:01",1381
"2019-09-23 21:42:01",1381
"2019-09-23 22:42:02",1380
"2019-09-23 23:41:59",1380
"2019-09-24 00:42:02",1380
"2019-09-24 01:42:00",1380
"2019-09-24 02:45:36",1380
"2019-09-24 03:42:03",1380
"2019-09-24 04:42:01",1380
"2019-09-24 05:42:05",1380
"2019-09-24 06:42:00",1380
"2019-09-24 07:42:01",1380
"2019-09-24 08:42:02",1380
"2019-09-24 09:42:00",1380
"2019-09-24 10:42:02",1380
"2019-09-24 11:42:02",1380
"2019-09-24 12:42:02",1380
"2019-09-24 13:42:00",1381
"2019-09-24 14:42:02",1379
"2019-09-24 15:42:04",1364
"2019-09-24 16:42:02",1366
"2019-09-24 17:42:02",1367
"2019-09-24 18:42:03",1368
"2019-09-24 19:41:59",1370
"2019-09-24 20:42:01",1370
"2019-09-24 21:42:03",1371
"2019-09-24 22:42:00",1372
"2019-09-24 23:41:59",1372
"2019-09-25 00:42:02",1372
"2019-09-25 01:42:04",1372
"2019-09-25 02:41:59",1372
"2019-09-25 03:42:04",1372
"2019-09-25 04:42:03",1372
"2019-09-25 05:42:00",1372
"2019-09-25 06:42:02",1372
"2019-09-25 07:42:04",1372
"2019-09-25 08:42:01",1372
"2019-09-25 09:42:02",1372
"2019-09-25 10:42:02",1372
"2019-09-25 11:42:01",1372
"2019-09-25 12:42:03",1372
"2019-09-25 13:42:04",1372
"2019-09-25 14:42:04",1352
"2019-09-25 15:42:04",1356
"2019-09-25 16:42:02",1365
"2019-09-25 17:42:02",1370
"2019-09-25 18:42:03",1377
"2019-09-25 19:42:04",1385
"2019-09-25 20:42:00",1385
"2019-09-25 21:42:02",1382
"2019-09-25 22:42:00",1383
"2019-09-25 23:42:04",1383
"2019-09-26 00:42:00",1383
"2019-09-26 01:42:01",1383
"2019-09-26 02:42:03",1383
"2019-09-26 03:42:02",1383
"2019-09-26 04:42:05",1383
"2019-09-26 05:42:03",1383
"2019-09-26 06:42:02",1383
"2019-09-26 07:42:00",1383
"2019-09-26 08:42:02",1383
"2019-09-26 09:42:02",1383
"2019-09-26 10:42:00",1383
"2019-09-26 11:42:00",1383
"2019-09-26 13:05:07",1383
"2019-09-26 13:42:07",1383
"2019-09-26 14:42:02",1376
"2019-09-26 15:42:04",1376
"2019-09-26 16:42:04",1373
"2019-09-26 17:42:04",1370
"2019-09-26 18:42:05",1368
"2019-09-26 19:42:03",1371
"2019-09-26 20:42:01",1372
"2019-09-26 21:42:04",1372
"2019-09-26 22:42:03",1372
"2019-09-26 23:42:02",1372
"2019-09-27 00:42:03",1372
"2019-09-27 01:41:59",1372
"2019-09-27 02:42:08",1372
"2019-09-27 03:42:02",1372
"2019-09-27 04:42:01",1372
"2019-09-27 05:42:02",1372
"2019-09-27 06:42:03",1372
"2019-09-27 07:42:05",1372
"2019-09-27 08:42:02",1372
"2019-09-27 09:42:01",1372
"2019-09-27 10:42:03",1372
"2019-09-27 11:42:01",1372
"2019-09-27 13:06:07",1372
"2019-09-27 13:42:05",1372
"2019-09-27 14:42:03",1379
"2019-09-27 15:42:03",1384
"2019-09-27 16:42:03",1385
"2019-09-27 17:42:02",1384
"2019-09-27 18:42:00",1385
"2019-09-27 19:42:03",1390
"2019-09-27 20:41:59",1396
"2019-09-27 21:42:00",1397
"2019-09-27 22:42:05",1397
"2019-09-27 23:42:02",1397
"2019-09-28 00:42:01",1397
"2019-09-28 01:42:03",1397
"2019-09-28 02:42:02",1397
"2019-09-28 03:42:03",1397
"2019-09-28 04:42:02",1397
"2019-09-28 05:42:04",1397
"2019-09-28 06:41:59",1397
"2019-09-28 07:42:03",1397
"2019-09-28 08:42:01",1397
"2019-09-28 09:42:02",1397
"2019-09-28 10:41:59",1397
"2019-09-28 11:42:02",1397
"2019-09-28 12:42:03",1397
"2019-09-28 13:42:04",1397
"2019-09-28 14:42:01",1397
"2019-09-28 15:41:59",1397
"2019-09-28 16:42:04",1397
"2019-09-28 17:42:02",1397
"2019-09-28 18:41:59",1397
"2019-09-28 19:42:00",1397
"2019-09-28 20:42:02",1397
"2019-09-28 21:42:01",1397
"2019-09-28 22:42:02",1397
"2019-09-28 23:42:00",1397
"2019-09-29 00:42:00",1397
"2019-09-29 01:42:03",1397
"2019-09-29 02:42:02",1397
"2019-09-29 03:42:03",1397
"2019-09-29 04:42:01",1397
"2019-09-29 05:42:03",1397
"2019-09-29 06:42:00",1397
"2019-09-29 07:42:02",1397
"2019-09-29 08:42:00",1397
"2019-09-29 09:42:02",1397
"2019-09-29 10:42:00",1397
"2019-09-29 11:42:02",1397
"2019-09-29 12:42:01",1397
"2019-09-29 13:42:00",1397
"2019-09-29 14:42:02",1397
"2019-09-29 15:41:59",1397
"2019-09-29 16:42:02",1397
"2019-09-29 17:42:05",1397
"2019-09-29 18:42:00",1397
"2019-09-29 19:42:04",1397
"2019-09-29 20:42:03",1397
"2019-09-29 21:42:00",1397
"2019-09-29 22:42:01",1397
"2019-09-29 23:42:04",1397
"2019-09-30 00:41:59",1397
"2019-09-30 01:42:02",1397
"2019-09-30 02:42:00",1397
"2019-09-30 03:42:03",1397
"2019-09-30 04:42:00",1397
"2019-09-30 05:42:02",1397
"2019-09-30 06:42:00",1397
"2019-09-30 07:42:04",1397
"2019-09-30 08:42:02",1397
"2019-09-30 09:42:01",1397
"2019-09-30 10:42:00",1397
"2019-09-30 11:42:00",1397
"2019-09-30 12:42:04",1397
"2019-09-30 13:42:01",1397
"2019-09-30 14:42:05",1393
"2019-09-30 15:42:03",1390
"2019-09-30 16:42:08",1391
"2019-09-30 17:42:02",1392
"2019-09-30 18:42:05",1390
"2019-09-30 19:42:02",1389
"2019-09-30 20:42:01",1391
"2019-09-30 21:42:02",1391
"2019-09-30 22:42:00",1392
"2019-09-30 23:42:03",1392
"2019-10-01 00:42:02",1392
"2019-10-01 01:42:00",1392
"2019-10-01 02:42:01",1392
"2019-10-01 03:42:02",1392
"2019-10-01 04:41:59",1392
"2019-10-01 05:42:00",1392
"2019-10-01 06:42:01",1392
"2019-10-01 07:42:03",1392
"2019-10-01 08:42:00",1392
"2019-10-01 09:42:06",1392
"2019-10-01 10:42:01",1392
"2019-10-01 11:42:00",1392
"2019-10-01 13:05:06",1391
"2019-10-01 13:42:03",1391
"2019-10-01 14:42:01",1397
"2019-10-01 15:42:02",1396
"2019-10-01 16:42:04",1398
"2019-10-01 17:42:00",1392
"2019-10-01 18:42:02",1391
"2019-10-01 19:42:02",1390
"2019-10-01 20:42:01",1392
"2019-10-01 21:42:02",1392
"2019-10-01 22:42:02",1392
"2019-10-01 23:42:01",1392
"2019-10-02 00:42:10",1392
"2019-10-02 01:42:02",1392
"2019-10-02 02:42:01",1392
"2019-10-02 03:42:01",1392
"2019-10-02 04:42:04",1392
"2019-10-02 05:42:03",1392
"2019-10-02 06:42:01",1392
"2019-10-02 07:42:01",1392
"2019-10-02 08:42:01",1392
"2019-10-02 09:42:03",1392
"2019-10-02 10:42:00",1392
"2019-10-02 11:42:00",1392
"2019-10-02 13:05:36",1391
"2019-10-02 13:42:02",1391
"2019-10-02 14:42:02",1385
"2019-10-02 15:42:03",1381
"2019-10-02 16:42:00",1379
"2019-10-02 17:42:00",1378
"2019-10-02 18:42:01",1380
"2019-10-02 19:42:02",1377
"2019-10-02 20:42:01",1379
"2019-10-02 21:42:01",1377
"2019-10-02 22:42:03",1377
"2019-10-02 23:42:00",1377
"2019-10-03 00:42:00",1377
"2019-10-03 01:42:00",1377
"2019-10-03 02:42:00",1377
"2019-10-03 03:42:01",1377
"2019-10-03 04:42:01",1377
"2019-10-03 06:42:00",1377
"2019-10-03 07:42:02",1377
"2019-10-03 08:42:01",1377
"2019-10-03 09:42:01",1377
"2019-10-03 10:42:03",1377
"2019-10-03 11:42:00",1377
"2019-10-03 13:05:33",1377
"2019-10-03 13:42:44",1377
"2019-10-03 14:42:03",1383
"2019-10-03 15:42:00",1374
"2019-10-03 16:42:01",1364
"2019-10-03 17:42:02",1365
"2019-10-03 18:42:02",1359
"2019-10-03 19:42:01",1352
"2019-10-03 20:42:01",1343
"2019-10-03 21:42:01",1343
"2019-10-03 22:42:01",1343
"2019-10-03 23:42:03",1343
"2019-10-04 00:42:00",1343
"2019-10-04 01:42:00",1343
"2019-10-04 02:42:00",1343
"2019-10-04 03:42:01",1343
"2019-10-04 04:42:01",1343
"2019-10-04 05:42:04",1343
"2019-10-04 06:42:03",1343
"2019-10-04 07:42:00",1343
"2019-10-04 08:42:01",1343
"2019-10-04 09:42:01",1343
"2019-10-04 10:42:02",1343
"2019-10-04 11:42:00",1343
"2019-10-04 12:42:01",1343
"2019-10-04 13:42:03",1343
"2019-10-04 14:42:00",1340
"2019-10-04 15:42:00",1338
"2019-10-04 16:42:03",1335
"2019-10-04 17:42:00",1332
"2019-10-04 18:42:01",1332
"2019-10-04 19:42:01",1333
"2019-10-04 20:42:01",1330
"2019-10-04 21:42:01",1327
"2019-10-04 22:42:00",1328
"2019-10-04 23:42:00",1328
"2019-10-05 00:42:02",1328
"2019-10-05 01:42:00",1328
"2019-10-05 02:42:00",1328
"2019-10-05 03:42:00",1328
"2019-10-05 04:41:59",1328
"2019-10-05 05:42:04",1328
"2019-10-05 06:42:00",1328
"2019-10-05 07:42:00",1328
"2019-10-05 08:42:02",1328
"2019-10-05 09:42:00",1328
"2019-10-05 10:42:00",1328
"2019-10-05 11:42:01",1328
"2019-10-05 12:42:01",1328
"2019-10-05 13:42:02",1328
"2019-10-05 14:42:01",1328
"2019-10-05 15:42:00",1328
"2019-10-05 16:42:01",1328
"2019-10-05 17:42:04",1328
"2019-10-05 18:42:01",1328
"2019-10-05 19:42:00",1328
"2019-10-05 20:42:02",1328
"2019-10-05 21:42:00",1328
"2019-10-05 22:42:01",1328
"2019-10-05 23:42:01",1328
"2019-10-06 00:42:01",1328
"2019-10-06 01:42:01",1328
"2019-10-06 02:42:05",1328
"2019-10-06 03:42:02",1328
"2019-10-06 04:42:01",1328
"2019-10-06 05:42:01",1328
"2019-10-06 06:42:04",1328
"2019-10-06 07:42:01",1328
"2019-10-06 08:42:03",1328
"2019-10-06 09:42:01",1328
"2019-10-06 10:42:01",1328
"2019-10-06 11:42:01",1328
"2019-10-06 12:42:02",1328
"2019-10-06 13:42:00",1328
"2019-10-06 14:42:02",1328
"2019-10-06 15:42:00",1328
"2019-10-06 16:42:00",1328
"2019-10-06 17:42:00",1328
"2019-10-06 18:42:03",1328
"2019-10-06 19:42:03",1328
"2019-10-06 20:42:00",1328
"2019-10-06 21:42:00",1328
"2019-10-06 22:41:59",1328
"2019-10-06 23:42:00",1328
"2019-10-07 00:42:00",1328
"2019-10-07 01:42:01",1328
"2019-10-07 02:42:02",1328
"2019-10-07 03:42:00",1328
"2019-10-07 04:42:01",1328
"2019-10-07 05:42:01",1328
"2019-10-07 06:42:01",1328
"2019-10-07 07:42:01",1328
"2019-10-07 08:42:00",1328
"2019-10-07 09:42:05",1328
"2019-10-07 10:42:01",1328
"2019-10-07 11:42:00",1328
"2019-10-07 12:42:06",1328
"2019-10-07 13:42:02",1328
"2019-10-07 14:42:00",1333
"2019-10-07 15:42:01",1338
"2019-10-07 16:42:02",1343
"2019-10-07 17:42:01",1344
"2019-10-07 18:42:01",1338
"2019-10-07 19:42:02",1336
"2019-10-07 20:42:00",1339
"2019-10-07 21:42:00",1340
"2019-10-07 22:42:00",1340
"2019-10-07 23:42:03",1340
"2019-10-08 00:42:00",1340
"2019-10-08 01:42:00",1340
"2019-10-08 02:42:00",1340
"2019-10-08 03:42:03",1340
"2019-10-08 04:42:01",1340
"2019-10-08 05:42:00",1340
"2019-10-08 06:42:02",1340
"2019-10-08 07:42:01",1340
"2019-10-08 08:42:01",1340
"2019-10-08 09:42:02",1340
"2019-10-08 10:42:02",1340
"2019-10-08 11:42:00",1340
"2019-10-08 12:42:00",1340
"2019-10-08 13:42:02",1340
"2019-10-08 14:42:00",1329
"2019-10-08 15:42:01",1334
"2019-10-08 16:42:03",1335
"2019-10-08 17:42:03",1336
"2019-10-08 18:42:02",1338
"2019-10-08 19:42:02",1338
"2019-10-08 20:42:00",1336
"2019-10-08 21:42:01",1336
"2019-10-08 22:42:01",1336
"2019-10-08 23:42:01",1336
"2019-10-09 00:42:01",1336
"2019-10-09 01:42:01",1336
"2019-10-09 02:42:01",1336
"2019-10-09 03:42:00",1336
"2019-10-09 04:42:03",1336
"2019-10-09 05:42:00",1336
"2019-10-09 06:42:01",1336
"2019-10-09 07:42:04",1336
"2019-10-09 08:42:01",1336
"2019-10-09 09:41:59",1336
"2019-10-09 10:42:02",1336
"2019-10-09 11:42:00",1336
"2019-10-09 12:42:05",1336
"2019-10-09 13:42:02",1336
"2019-10-09 14:42:01",1339
"2019-10-09 15:42:06",1343
"2019-10-09 16:42:02",1338
"2019-10-09 17:42:07",1336
"2019-10-09 18:42:03",1332
"2019-10-09 19:42:04",1331
"2019-10-09 20:42:01",1331
"2019-10-09 21:42:00",1331
"2019-10-09 22:42:01",1333
"2019-10-09 23:42:01",1333
"2019-10-10 00:42:03",1333
"2019-10-10 01:42:01",1333
"2019-10-10 02:42:03",1333
"2019-10-10 03:42:02",1333
"2019-10-10 04:42:01",1333
"2019-10-10 05:42:05",1333
"2019-10-10 06:42:01",1333
"2019-10-10 07:42:03",1333
"2019-10-10 08:42:01",1333
"2019-10-10 09:42:00",1333
"2019-10-10 10:42:01",1333
"2019-10-10 11:42:02",1333
"2019-10-10 13:05:07",1332
"2019-10-10 13:42:04",1332
"2019-10-10 14:42:02",1326
"2019-10-10 15:42:03",1323
"2019-10-10 16:42:02",1321
"2019-10-10 17:42:02",1318
"2019-10-10 18:42:02",1314
"2019-10-10 19:42:03",1309
"2019-10-10 20:42:03",1307
"2019-10-10 21:42:03",1306
"2019-10-10 22:42:02",1306
"2019-10-10 23:42:14",1306
"2019-10-11 00:42:03",1306
"2019-10-11 01:42:03",1306
"2019-10-11 02:42:03",1306
"2019-10-11 03:42:06",1306
"2019-10-11 04:42:03",1306
"2019-10-11 05:42:02",1306
"2019-10-11 06:42:04",1306
"2019-10-11 07:42:03",1306
"2019-10-11 08:42:03",1306
"2019-10-11 09:42:06",1306
"2019-10-11 10:42:03",1306
"2019-10-11 11:42:03",1306
"2019-10-11 13:05:37",1304
"2019-10-11 13:42:05",1304
"2019-10-11 14:42:02",1300
"2019-10-11 15:42:08",1298
"2019-10-11 16:42:04",1295
"2019-10-11 17:42:03",1295
"2019-10-11 18:42:03",1295
"2019-10-11 19:42:03",1292
"2019-10-11 20:42:02",1293
"2019-10-11 21:42:02",1294
"2019-10-11 22:42:03",1294
"2019-10-11 23:42:02",1294
"2019-10-12 00:42:05",1294
"2019-10-12 01:42:01",1294
"2019-10-12 02:42:03",1294
"2019-10-12 03:42:04",1294
"2019-10-12 04:42:02",1294
"2019-10-12 05:42:05",1294
"2019-10-12 06:42:06",1294
"2019-10-12 07:42:02",1294
"2019-10-12 08:42:02",1294
"2019-10-12 09:42:05",1294
"2019-10-12 10:42:02",1294
"2019-10-12 11:42:01",1294
"2019-10-12 12:42:06",1294
"2019-10-12 13:42:02",1294
"2019-10-12 14:42:03",1294
"2019-10-12 15:42:02",1294
"2019-10-12 16:42:05",1294
"2019-10-12 17:42:05",1294
"2019-10-12 18:42:02",1294
"2019-10-12 19:42:03",1294
"2019-10-12 20:42:03",1294
"2019-10-12 21:42:02",1294
"2019-10-12 22:42:03",1294
"2019-10-12 23:42:02",1294
"2019-10-13 00:42:05",1294
"2019-10-13 01:42:02",1294
"2019-10-13 02:42:02",1294
"2019-10-13 03:42:05",1294
"2019-10-13 04:42:02",1294
"2019-10-13 05:42:02",1294
"2019-10-13 06:42:03",1294
"2019-10-13 07:42:03",1294
"2019-10-13 08:42:05",1294
"2019-10-13 09:42:04",1294
"2019-10-13 10:42:01",1294
"2019-10-13 11:42:06",1294
"2019-10-13 12:42:02",1294
"2019-10-13 13:42:05",1294
"2019-10-13 14:42:04",1294
"2019-10-13 15:42:02",1294
"2019-10-13 16:42:07",1294
"2019-10-13 17:42:02",1294
"2019-10-13 18:42:03",1294
"2019-10-13 19:42:03",1294
"2019-10-13 20:42:05",1294
"2019-10-13 21:42:04",1294
"2019-10-13 22:42:03",1294
"2019-10-13 23:42:07",1294
"2019-10-14 00:42:03",1294
"2019-10-14 01:42:04",1294
"2019-10-14 02:42:03",1294
"2019-10-14 03:42:03",1294
"2019-10-14 04:42:04",1294
"2019-10-14 05:42:02",1294
"2019-10-14 06:42:05",1294
"2019-10-14 07:42:02",1294
"2019-10-14 08:42:03",1294
"2019-10-14 09:42:06",1294
"2019-10-14 10:42:03",1294
"2019-10-14 11:42:04",1294
"2019-10-14 12:42:05",1294
"2019-10-14 13:42:03",1293
"2019-10-14 14:42:03",1295
"2019-10-14 15:42:04",1297
"2019-10-14 16:42:07",1300
"2019-10-14 17:42:02",1299
"2019-10-14 18:42:05",1302
"2019-10-14 19:42:02",1304
"2019-10-14 20:42:04",1301
"2019-10-14 21:42:04",1301
"2019-10-14 22:42:05",1301
"2019-10-14 23:42:09",1301
"2019-10-15 00:42:02",1301
"2019-10-15 02:42:07",1301
"2019-10-15 03:42:02",1301
"2019-10-15 04:42:03",1301
"2019-10-15 05:42:05",1301
"2019-10-15 06:42:04",1301
"2019-10-15 07:42:07",1301
"2019-10-15 08:42:04",1301
"2019-10-15 09:42:03",1301
"2019-10-15 10:42:03",1301
"2019-10-15 11:42:05",1301
"2019-10-15 12:42:03",1301
"2019-10-15 13:42:06",1300
"2019-10-15 14:42:02",1300
"2019-10-15 15:42:02",1296
"2019-10-15 16:42:04",1290
"2019-10-15 17:42:04",1283
"2019-10-15 18:42:06",1284
"2019-10-15 19:42:05",1285
"2019-10-15 20:42:08",1286
"2019-10-15 21:42:03",1286
"2019-10-15 22:42:02",1285
"2019-10-15 23:42:02",1285
"2019-10-16 00:42:03",1285
"2019-10-16 01:42:03",1285
"2019-10-16 02:42:04",1285
"2019-10-16 03:42:07",1285
"2019-10-16 04:42:04",1285
"2019-10-16 05:42:03",1285
"2019-10-16 06:42:02",1285
"2019-10-16 07:42:07",1285
"2019-10-16 08:42:08",1285
"2019-10-16 09:42:03",1285
"2019-10-16 10:42:05",1285
"2019-10-16 11:42:02",1285
"2019-10-16 12:42:03",1285
"2019-10-16 13:42:06",1286
"2019-10-16 14:42:03",1290
"2019-10-16 15:42:07",1323
"2019-10-16 16:42:03",1330
"2019-10-16 17:42:02",1342
"2019-10-16 18:42:04",1354
"2019-10-16 19:42:02",1364
"2019-10-16 20:42:03",1373
"2019-10-16 21:42:04",1380
"2019-10-16 22:42:02",1382
"2019-10-16 23:42:03",1382
"2019-10-17 00:42:03",1382
"2019-10-17 01:42:04",1382
"2019-10-17 02:42:03",1382
"2019-10-17 04:42:03",1382
"2019-10-17 05:42:02",1383
"2019-10-17 06:42:02",1383
"2019-10-17 07:42:05",1383
"2019-10-17 08:42:04",1383
"2019-10-17 09:42:02",1383
"2019-10-17 10:42:01",1383
"2019-10-17 11:42:04",1383
"2019-10-17 12:42:03",1383
"2019-10-17 13:42:04",1383
"2019-10-17 14:42:05",1397
"2019-10-17 15:42:02",1393
"2019-10-17 16:42:02",1400
"2019-10-17 17:42:04",1408
"2019-10-17 18:42:03",1410
"2019-10-17 19:42:05",1409
"2019-10-17 20:42:03",1411
"2019-10-17 21:42:03",1413
"2019-10-17 22:42:03",1413
"2019-10-17 23:42:03",1413
"2019-10-18 00:42:03",1413
"2019-10-18 01:42:03",1413
"2019-10-18 02:42:02",1413
"2019-10-18 03:42:05",1413
"2019-10-18 04:42:02",1413
"2019-10-18 05:42:03",1413
"2019-10-18 06:42:06",1413
"2019-10-18 07:42:03",1413
"2019-10-18 08:42:03",1413
"2019-10-18 09:42:04",1413
"2019-10-18 10:42:06",1413
"2019-10-18 11:42:03",1413
"2019-10-18 13:04:37",1412
"2019-10-18 13:42:01",1412
"2019-10-18 14:42:02",1409
"2019-10-18 15:42:05",1429
"2019-10-18 16:42:02",1435
"2019-10-18 17:42:03",1451
"2019-10-18 18:42:02",1457
"2019-10-18 19:42:03",1462
"2019-10-18 20:42:04",1466
"2019-10-18 21:42:02",1465
"2019-10-18 22:42:02",1468
"2019-10-18 23:42:03",1468
"2019-10-19 00:42:02",1468
"2019-10-19 01:42:05",1468
"2019-10-19 02:42:02",1468
"2019-10-19 03:42:02",1468
"2019-10-19 04:42:03",1468
"2019-10-19 05:42:02",1468
"2019-10-19 06:42:05",1468
"2019-10-19 07:42:04",1468
"2019-10-19 08:42:03",1468
"2019-10-19 09:42:03",1468
"2019-10-19 10:42:04",1468
"2019-10-19 11:42:02",1468
"2019-10-19 12:42:05",1468
"2019-10-19 13:42:01",1468
"2019-10-19 14:42:03",1468
"2019-10-19 15:42:03",1468
"2019-10-19 16:42:05",1468
"2019-10-19 17:42:02",1468
"2019-10-19 18:42:02",1468
"2019-10-19 19:42:05",1468
"2019-10-19 20:42:03",1468
"2019-10-19 21:42:01",1468
"2019-10-19 22:42:02",1468
"2019-10-19 23:42:02",1468
"2019-10-20 00:42:02",1468
"2019-10-20 01:42:01",1468
"2019-10-20 02:42:05",1468
"2019-10-20 03:42:02",1468
"2019-10-20 04:42:03",1468
"2019-10-20 05:42:04",1468
"2019-10-20 06:42:04",1468
"2019-10-20 07:42:05",1468
"2019-10-20 08:42:03",1468
"2019-10-20 09:42:02",1468
"2019-10-20 10:42:04",1468
"2019-10-20 11:42:02",1468
"2019-10-20 12:42:04",1468
"2019-10-20 13:42:02",1468
"2019-10-20 14:42:01",1468
"2019-10-20 16:42:04",1468
"2019-10-20 17:42:02",1468
"2019-10-20 18:42:02",1468
"2019-10-20 19:42:01",1468
"2019-10-20 20:42:01",1468
"2019-10-20 21:42:01",1468
"2019-10-20 22:42:02",1468
"2019-10-20 23:42:02",1468
"2019-10-21 00:42:03",1468
"2019-10-21 01:42:05",1468
"2019-10-21 02:42:02",1468
"2019-10-21 03:42:03",1468
"2019-10-21 04:42:01",1468
"2019-10-21 05:42:06",1468
"2019-10-21 06:42:03",1468
"2019-10-21 07:42:03",1468
"2019-10-21 08:42:03",1468
"2019-10-21 09:42:03",1468
"2019-10-21 10:42:02",1468
"2019-10-21 11:42:05",1468
"2019-10-21 13:05:35",1468
"2019-10-21 13:42:06",1468
"2019-10-21 14:42:03",1459
"2019-10-21 15:42:04",1468
"2019-10-21 16:42:04",1468
"2019-10-21 17:42:02",1470
"2019-10-21 18:42:03",1473
"2019-10-21 19:42:03",1470
"2019-10-21 20:42:02",1471
"2019-10-21 21:42:03",1473
"2019-10-21 22:42:05",1473
"2019-10-21 23:42:03",1473
"2019-10-22 00:42:02",1473
"2019-10-22 01:42:03",1473
"2019-10-22 02:42:05",1473
"2019-10-22 03:42:06",1473
"2019-10-22 04:42:04",1473
"2019-10-22 05:42:03",1473
"2019-10-22 06:42:03",1473
"2019-10-22 07:42:06",1473
"2019-10-22 08:42:03",1473
"2019-10-22 09:42:05",1473
"2019-10-22 10:42:02",1473
"2019-10-22 11:42:02",1473
"2019-10-22 12:42:08",1473
"2019-10-22 13:42:03",1473
"2019-10-22 14:42:02",1472
"2019-10-22 15:42:07",1474
"2019-10-22 16:42:04",1467
"2019-10-22 17:42:06",1467
"2019-10-22 18:42:05",1464
"2019-10-22 19:42:02",1461
"2019-10-22 20:42:04",1464
"2019-10-22 21:42:04",1461
"2019-10-22 22:42:05",1461
"2019-10-22 23:42:04",1461
"2019-10-23 00:42:08",1461
"2019-10-23 01:42:05",1461
"2019-10-23 02:42:03",1461
"2019-10-23 03:42:02",1461
"2019-10-23 04:42:06",1461
"2019-10-23 05:42:04",1461
"2019-10-23 06:42:09",1461
"2019-10-23 07:42:05",1461
"2019-10-23 08:42:03",1461
"2019-10-23 09:42:05",1461
"2019-10-23 10:42:05",1461
"2019-10-23 11:42:02",1461
"2019-10-23 12:42:07",1461
"2019-10-23 13:42:07",1461
"2019-10-23 14:42:02",1459
"2019-10-23 15:42:03",1457
"2019-10-23 16:42:05",1459
"2019-10-23 17:42:03",1459
"2019-10-23 18:42:02",1460
"2019-10-23 19:42:03",1461
"2019-10-23 20:42:04",1462
"2019-10-23 21:42:02",1462
"2019-10-23 22:42:03",1462
"2019-10-23 23:42:03",1462
"2019-10-24 00:48:01",1462
"2019-10-24 01:42:04",1462
"2019-10-24 02:42:04",1462
"2019-10-24 03:42:07",1462
"2019-10-24 04:42:03",1462
"2019-10-24 05:42:06",1462
"2019-10-24 06:42:09",1462
"2019-10-24 07:42:03",1462
"2019-10-24 08:42:03",1462
"2019-10-24 09:42:06",1462
"2019-10-24 10:42:02",1462
"2019-10-24 11:42:02",1462
"2019-10-24 13:05:39",1462
"2019-10-24 13:42:04",1462
"2019-10-24 14:42:03",1454
"2019-10-24 15:42:07",1446
"2019-10-24 16:42:04",1448
"2019-10-24 17:42:04",1445
"2019-10-24 18:42:04",1448
"2019-10-24 19:42:07",1445
"2019-10-24 20:42:03",1443
"2019-10-24 21:42:04",1439
"2019-10-24 22:42:04",1439
"2019-10-24 23:42:04",1439
"2019-10-25 00:42:04",1439
"2019-10-25 01:42:04",1439
"2019-10-25 02:42:07",1439
"2019-10-25 03:42:04",1439
"2019-10-25 04:42:02",1439
"2019-10-25 05:42:06",1439
"2019-10-25 06:42:06",1439
"2019-10-25 07:42:05",1439
"2019-10-25 08:42:07",1439
"2019-10-25 09:42:04",1439
"2019-10-25 10:42:04",1439
"2019-10-25 11:42:09",1439
"2019-10-25 13:05:37",1439
"2019-10-25 13:42:05",1439
"2019-10-25 14:42:08",1437
"2019-10-25 15:42:04",1436
"2019-10-25 16:42:08",1439
"2019-10-25 17:42:04",1439
"2019-10-25 18:42:04",1438
"2019-10-25 19:42:03",1435
"2019-10-25 20:42:03",1433
"2019-10-25 21:42:04",1434
"2019-10-25 22:42:04",1435
"2019-10-25 23:42:04",1435
"2019-10-26 00:42:04",1435
"2019-10-26 01:42:07",1435
"2019-10-26 02:42:04",1435
"2019-10-26 03:42:05",1435
"2019-10-26 04:42:07",1435
"2019-10-26 05:42:04",1435
"2019-10-26 06:42:03",1435
"2019-10-26 07:42:07",1435
"2019-10-26 08:42:04",1435
"2019-10-26 09:42:03",1435
"2019-10-26 10:42:03",1435
"2019-10-26 11:42:06",1435
"2019-10-26 12:42:04",1435
"2019-10-26 13:42:05",1435
"2019-10-26 14:42:06",1435
"2019-10-26 15:42:06",1435
"2019-10-26 16:42:05",1435
"2019-10-26 17:42:05",1435
"2019-10-26 18:42:06",1435
"2019-10-26 19:42:05",1435
"2019-10-26 20:42:05",1435
"2019-10-26 21:42:06",1435
"2019-10-26 22:42:05",1435
"2019-10-26 23:42:05",1435
"2019-10-27 00:42:06",1435
"2019-10-27 01:42:04",1435
"2019-10-27 02:42:06",1435
"2019-10-27 03:42:05",1435
"2019-10-27 04:42:04",1435
"2019-10-27 05:42:08",1435
"2019-10-27 06:42:05",1435
"2019-10-27 07:42:03",1435
"2019-10-27 08:42:04",1435
"2019-10-27 09:42:03",1435
"2019-10-27 10:42:03",1435
"2019-10-27 11:42:03",1435
"2019-10-27 12:42:06",1435
"2019-10-27 13:42:04",1435
"2019-10-27 14:42:03",1435
"2019-10-27 15:42:09",1435
"2019-10-27 16:42:03",1435
"2019-10-27 17:42:04",1435
"2019-10-27 18:42:06",1435
"2019-10-27 19:42:06",1435
"2019-10-27 20:42:07",1435
"2019-10-27 21:42:04",1435
"2019-10-27 22:42:03",1435
"2019-10-27 23:42:03",1435
"2019-10-28 00:42:03",1435
"2019-10-28 01:42:05",1435
"2019-10-28 02:42:04",1435
"2019-10-28 03:42:07",1435
"2019-10-28 04:42:04",1435
"2019-10-28 05:42:03",1435
"2019-10-28 06:42:05",1435
"2019-10-28 07:42:05",1435
"2019-10-28 08:42:04",1435
"2019-10-28 09:42:04",1435
"2019-10-28 10:42:06",1435
"2019-10-28 11:42:02",1435
"2019-10-28 12:42:07",1433
"2019-10-28 14:42:07",1437
"2019-10-28 15:42:11",1437
"2019-10-28 16:42:09",1439
"2019-10-28 17:42:06",1437
"2019-10-28 18:42:06",1440
"2019-10-28 19:42:06",1438
"2019-10-28 23:42:05",1433
"2019-10-29 00:42:05",1433
"2019-10-29 01:42:08",1433
"2019-10-29 02:42:06",1433
"2019-10-29 03:42:09",1433
"2019-10-29 04:42:04",1433
"2019-10-29 05:42:07",1433
"2019-10-29 06:42:06",1433
"2019-10-29 07:42:05",1433
"2019-10-29 08:42:05",1433
"2019-10-29 09:42:03",1433
"2019-10-29 10:42:07",1433
"2019-10-29 11:42:04",1433
"2019-10-29 12:42:05",1433
"2019-10-29 13:42:11",1433
"2019-10-29 14:42:06",1436
"2019-10-29 15:42:07",1438
"2019-10-29 16:42:08",1438
"2019-10-29 17:42:04",1437
"2019-10-29 18:42:07",1437
"2019-10-29 19:42:08",1436
"2019-10-29 20:42:05",1434
"2019-10-29 21:42:07",1434
"2019-10-29 22:42:06",1435
"2019-10-29 23:42:06",1435
"2019-10-30 00:42:11",1435
"2019-10-30 01:42:06",1435
"2019-10-30 02:42:06",1435
"2019-10-30 03:42:06",1435
"2019-10-30 04:42:08",1435
"2019-10-30 05:42:10",1435
"2019-10-30 06:42:06",1435
"2019-10-30 07:42:13",1435
"2019-10-30 08:42:07",1435
"2019-10-30 09:42:07",1435
"2019-10-30 10:42:07",1435
"2019-10-30 11:42:04",1435
"2019-10-30 13:06:07",1435
"2019-10-30 13:42:07",1435
"2019-10-30 14:42:05",1437
"2019-10-30 15:42:04",1436
"2019-10-30 16:42:06",1431
"2019-10-30 17:42:06",1427
"2019-10-30 18:42:05",1426
"2019-10-30 19:42:05",1427
"2019-10-30 20:42:05",1426
"2019-10-30 21:42:05",1425
"2019-10-30 22:42:05",1424
"2019-10-30 23:42:05",1424
"2019-10-31 00:42:05",1424
"2019-10-31 01:42:06",1424
"2019-10-31 02:42:05",1424
"2019-10-31 03:42:07",1424
"2019-10-31 04:42:05",1424
"2019-10-31 05:42:05",1424
"2019-10-31 06:42:07",1424
"2019-10-31 07:42:06",1424
"2019-10-31 08:42:06",1424
"2019-10-31 09:42:08",1424
"2019-10-31 10:42:06",1424
"2019-10-31 11:42:06",1424
"2019-10-31 13:07:10",1423
"2019-10-31 13:42:07",1423
"2019-10-31 14:42:06",1416
"2019-10-31 15:42:08",1414
"2019-10-31 16:42:07",1413
"2019-10-31 17:42:06",1412
"2019-10-31 18:42:05",1412
"2019-10-31 19:42:05",1412
"2019-10-31 20:42:08",1413
"2019-10-31 22:05:10",1413
"2019-10-31 22:42:09",1413
"2019-10-31 23:42:05",1413
"2019-11-01 00:42:06",1413
"2019-11-01 01:42:05",1413
"2019-11-01 02:42:06",1413
"2019-11-01 03:42:07",1413
"2019-11-01 04:42:05",1413
"2019-11-01 05:42:08",1413
"2019-11-01 06:42:05",1413
"2019-11-01 07:42:09",1413
"2019-11-01 08:42:07",1413
"2019-11-01 09:42:07",1413
"2019-11-01 10:42:07",1413
"2019-11-01 11:42:10",1413
"2019-11-01 13:38:14",1417
"2019-11-01 13:47:32",1417
"2019-11-01 14:42:05",1412
"2019-11-01 15:42:05",1409
"2019-11-01 16:42:09",1401
"2019-11-01 17:42:07",1400
"2019-11-01 18:42:10",1397
"2019-11-01 19:42:05",1398
"2019-11-01 20:42:05",1391
"2019-11-01 21:42:05",1390
"2019-11-01 22:42:05",1390
"2019-11-01 23:42:05",1390
"2019-11-02 00:42:07",1390
"2019-11-02 01:42:05",1390
"2019-11-02 02:42:05",1390
"2019-11-02 03:42:09",1390
"2019-11-02 04:42:05",1390
"2019-11-02 05:42:05",1390
"2019-11-02 06:42:07",1390
"2019-11-02 07:42:05",1390
"2019-11-02 08:42:06",1390
"2019-11-02 09:42:04",1390
"2019-11-02 10:42:08",1390
"2019-11-02 11:42:05",1390
"2019-11-02 12:42:08",1390
"2019-11-02 13:42:06",1390
"2019-11-02 14:42:06",1390
"2019-11-02 15:42:08",1390
"2019-11-02 16:42:05",1390
"2019-11-02 17:42:06",1390
"2019-11-02 18:42:06",1390
"2019-11-02 19:42:05",1390
"2019-11-02 20:42:05",1390
"2019-11-02 23:42:06",1390
"2019-11-03 00:42:05",1390
"2019-11-03 01:42:05",1390
"2019-11-03 02:42:07",1390
"2019-11-03 03:42:05",1390
"2019-11-03 05:42:07",1390
"2019-11-03 06:42:05",1390
"2019-11-03 07:42:06",1390
"2019-11-03 21:42:07",1390
"2019-11-03 22:42:05",1390
"2019-11-03 23:42:08",1390
"2019-11-04 00:42:05",1390
"2019-11-04 01:42:06",1390
"2019-11-04 02:42:04",1390
"2019-11-04 03:42:05",1390
"2019-11-04 04:42:04",1390
"2019-11-04 05:42:07",1390
"2019-11-04 06:42:05",1389
"2019-11-04 07:42:04",1389
"2019-11-04 08:42:05",1389
"2019-11-04 09:42:06",1389
"2019-11-04 10:42:04",1389
"2019-11-04 11:42:04",1389
"2019-11-04 12:42:04",1389
"2019-11-04 14:07:38",1388
"2019-11-04 15:42:04",1388
"2019-11-04 16:42:05",1383
"2019-11-04 17:42:06",1382
"2019-11-04 18:42:05",1384
"2019-11-04 19:42:07",1388
"2019-11-04 20:42:05",1388
"2019-11-04 21:42:06",1391
"2019-11-04 22:42:05",1400
"2019-11-04 23:42:05",1398
"2019-11-05 00:42:05",1398
"2019-11-05 01:42:05",1398
"2019-11-05 02:42:08",1398
"2019-11-05 03:42:06",1398
"2019-11-05 04:42:04",1398
"2019-11-05 05:42:07",1398
"2019-11-05 06:42:06",1398
"2019-11-05 07:42:06",1398
"2019-11-05 08:42:06",1398
"2019-11-05 09:42:07",1398
"2019-11-05 10:42:05",1398
"2019-11-05 11:42:05",1398
"2019-11-05 12:42:05",1398
"2019-11-05 14:07:38",1398
"2019-11-05 14:42:08",1398
"2019-11-05 15:42:05",1404
"2019-11-05 16:42:06",1416
"2019-11-05 17:42:05",1425
"2019-11-05 18:42:05",1427
"2019-11-05 19:42:08",1428
"2019-11-05 20:42:08",1428
"2019-11-05 21:42:06",1430
"2019-11-05 22:42:07",1432
"2019-11-05 23:42:06",1432
"2019-11-06 00:42:06",1432
"2019-11-06 01:42:07",1432
"2019-11-06 02:42:07",1432
"2019-11-06 03:42:07",1432
"2019-11-06 04:42:09",1432
"2019-11-06 05:42:07",1432
"2019-11-06 06:42:10",1432
"2019-11-06 07:42:06",1432
"2019-11-06 08:42:06",1432
"2019-11-06 09:42:08",1432
"2019-11-06 10:42:08",1432
"2019-11-06 11:42:06",1432
"2019-11-06 12:42:06",1432
"2019-11-06 13:42:06",1432
"2019-11-06 14:42:10",1431
"2019-11-06 15:42:08",1432
"2019-11-06 16:42:07",1429
"2019-11-06 17:42:09",1435
"2019-11-06 18:42:08",1435
"2019-11-06 19:42:07",1434
"2019-11-06 20:42:08",1435
"2019-11-06 21:42:08",1435
"2019-11-06 22:42:07",1437
"2019-11-06 23:42:07",1437
"2019-11-07 00:42:08",1437
"2019-11-07 01:42:07",1437
"2019-11-07 02:42:08",1437
"2019-11-07 03:42:07",1437
"2019-11-07 04:42:09",1437
"2019-11-07 05:42:08",1437
"2019-11-07 06:42:06",1437
"2019-11-07 07:42:08",1437
"2019-11-07 08:42:08",1437
"2019-11-07 09:42:08",1437
"2019-11-07 10:42:06",1437
"2019-11-07 11:42:06",1437
"2019-11-07 12:42:07",1437
"2019-11-07 14:06:09",1436
"2019-11-07 14:42:39",1436
"2019-11-07 15:42:09",1429
"2019-11-07 16:42:09",1428
"2019-11-07 17:42:08",1424
"2019-11-07 18:42:08",1426
"2019-11-07 19:42:08",1429
"2019-11-07 21:06:41",1432
"2019-11-07 21:42:11",1432
"2019-11-07 22:42:11",1432
"2019-11-07 23:42:12",1432
"2019-11-08 00:42:13",1432
"2019-11-08 01:42:12",1432
"2019-11-08 02:42:13",1432
"2019-11-08 03:42:11",1432
"2019-11-08 04:42:11",1432
"2019-11-08 05:42:13",1432
"2019-11-08 06:42:10",1432
"2019-11-08 07:42:11",1432
"2019-11-08 08:42:14",1432
"2019-11-08 09:42:11",1432
"2019-11-08 10:42:12",1432
"2019-11-08 11:42:10",1432
"2019-11-08 12:42:10",1432
"2019-11-08 14:07:45",1432
"2019-11-08 14:42:45",1432
"2019-11-08 15:42:11",1431
"2019-11-08 16:42:11",1428
"2019-11-08 17:42:12",1425
"2019-11-08 18:42:11",1425
"2019-11-08 19:42:13",1425
"2019-11-08 20:42:11",1426
"2019-11-08 21:42:12",1422
"2019-11-08 22:42:11",1422
"2019-11-08 23:42:11",1422
"2019-11-09 00:42:12",1422
"2019-11-09 01:42:13",1422
"2019-11-09 02:42:12",1422
"2019-11-09 03:42:11",1422
"2019-11-09 04:42:13",1422
"2019-11-09 05:42:10",1422
"2019-11-09 06:42:12",1422
"2019-11-09 07:42:12",1422
"2019-11-09 08:42:13",1422
"2019-11-09 09:42:11",1422
"2019-11-09 10:42:10",1422
"2019-11-09 11:42:13",1422
"2019-11-09 12:42:11",1422
"2019-11-09 13:42:10",1422
"2019-11-09 14:42:12",1422
"2019-11-09 15:42:13",1422
"2019-11-09 16:42:12",1422
"2019-11-09 17:42:12",1422
"2019-11-09 18:42:10",1422
"2019-11-09 19:42:12",1422
"2019-11-09 20:42:13",1422
"2019-11-09 21:42:11",1422
"2019-11-09 22:42:13",1422
"2019-11-09 23:42:11",1422
"2019-11-10 00:42:11",1422
"2019-11-10 01:42:12",1422
"2019-11-10 02:42:13",1422
"2019-11-10 03:42:10",1422
"2019-11-10 04:42:11",1422
"2019-11-10 05:42:11",1422
"2019-11-10 06:42:10",1422
"2019-11-10 07:42:09",1422
"2019-11-10 08:42:12",1422
"2019-11-10 09:42:13",1422
"2019-11-10 10:42:10",1422
"2019-11-10 11:42:10",1422
"2019-11-10 12:42:11",1422
"2019-11-10 13:42:10",1422
"2019-11-10 14:42:10",1422
"2019-11-10 15:42:12",1422
"2019-11-10 16:42:11",1422
"2019-11-10 17:42:11",1422
"2019-11-10 18:42:13",1422
"2019-11-10 19:42:10",1422
"2019-11-10 20:42:11",1422
"2019-11-10 21:42:09",1422
"2019-11-10 22:42:12",1422
"2019-11-10 23:42:12",1422
"2019-11-11 00:42:12",1422
"2019-11-11 01:42:13",1422
"2019-11-11 02:42:12",1422
"2019-11-11 03:42:12",1422
"2019-11-11 04:42:11",1422
"2019-11-11 05:42:13",1422
"2019-11-11 06:42:11",1422
"2019-11-11 07:42:12",1422
"2019-11-11 08:42:14",1422
"2019-11-11 09:42:13",1422
"2019-11-11 10:42:12",1422
"2019-11-11 11:42:11",1422
"2019-11-11 12:42:13",1422
"2019-11-11 13:42:12",1422
"2019-11-11 14:42:14",1422
"2019-11-11 15:42:15",1415
"2019-11-11 16:42:12",1418
"2019-11-11 17:42:14",1415
"2019-11-11 18:42:14",1416
"2019-11-11 19:42:12",1414
"2019-11-11 21:42:12",1407
"2019-11-11 22:42:11",1407
"2019-11-11 23:42:11",1407
"2019-11-12 00:42:10",1407
"2019-11-12 01:42:10",1407
"2019-11-12 02:42:12",1407
"2019-11-12 03:42:12",1407
"2019-11-12 04:42:10",1407
"2019-11-12 05:42:12",1407
"2019-11-12 06:42:10",1407
"2019-11-12 07:42:13",1407
"2019-11-12 08:42:10",1407
"2019-11-12 09:42:11",1407
"2019-11-12 10:42:10",1407
"2019-11-12 11:42:12",1407
"2019-11-12 12:42:14",1407
"2019-11-12 14:06:14",1406
"2019-11-12 14:42:13",1406
"2019-11-12 15:42:11",1405
"2019-11-12 16:42:12",1405
"2019-11-12 17:42:12",1405
"2019-11-12 18:42:14",1403
"2019-11-12 19:42:10",1407
"2019-11-12 20:42:10",1408
"2019-11-12 21:42:11",1405
"2019-11-12 22:42:13",1404
"2019-11-12 23:42:11",1405
"2019-11-13 00:42:14",1405
"2019-11-13 01:42:11",1405
"2019-11-13 02:42:12",1405
"2019-11-13 03:42:14",1405
"2019-11-13 04:42:12",1405
"2019-11-13 05:42:16",1405
"2019-11-13 06:42:11",1405
"2019-11-13 07:42:15",1405
"2019-11-13 08:42:13",1405
"2019-11-13 09:42:12",1405
"2019-11-13 10:42:11",1405
"2019-11-13 11:42:15",1405
"2019-11-13 12:42:10",1405
"2019-11-13 13:42:11",1404
"2019-11-13 15:42:14",1400
"2019-11-13 16:42:11",1394
"2019-11-13 17:42:13",1393
"2019-11-13 18:42:14",1390
"2019-11-13 19:42:11",1387
"2019-11-13 20:42:11",1386
"2019-11-13 21:42:10",1388
"2019-11-13 22:42:12",1387
"2019-11-13 23:42:12",1387
"2019-11-14 00:42:11",1387
"2019-11-14 01:42:10",1387
"2019-11-14 02:42:14",1387
"2019-11-14 03:42:10",1387
"2019-11-14 04:42:11",1387
"2019-11-14 05:42:15",1387
"2019-11-14 06:42:10",1387
"2019-11-14 07:42:14",1387
"2019-11-14 08:42:13",1387
"2019-11-14 09:42:13",1387
"2019-11-14 10:42:12",1387
"2019-11-14 11:42:15",1387
"2019-11-14 12:42:10",1387
"2019-11-14 14:05:48",1389
"2019-11-14 14:42:12",1389
"2019-11-14 15:42:12",1392
"2019-11-14 17:42:11",1393
"2019-11-14 18:42:10",1392
"2019-11-14 19:42:11",1389
"2019-11-14 20:42:12",1387
"2019-11-14 21:42:15",1384
"2019-11-14 22:42:10",1384
"2019-11-14 23:42:11",1384
"2019-11-15 00:42:12",1384
"2019-11-15 01:42:11",1384
"2019-11-15 02:42:11",1384
"2019-11-15 03:42:12",1384
"2019-11-15 04:42:12",1384
"2019-11-15 05:42:12",1384
"2019-11-15 06:42:13",1384
"2019-11-15 07:42:10",1384
"2019-11-15 08:42:17",1384
"2019-11-15 09:42:10",1384
"2019-11-15 10:42:11",1384
"2019-11-15 11:42:10",1384
"2019-11-15 12:42:13",1384
"2019-11-15 14:08:45",1384
"2019-11-15 15:42:16",1383
"2019-11-15 16:42:11",1384
"2019-11-15 17:42:13",1385
"2019-11-15 18:42:17",1384
"2019-11-15 19:42:14",1384
"2019-11-15 20:42:13",1380
"2019-11-15 21:42:11",1366
"2019-11-15 22:42:13",1366
"2019-11-15 23:42:13",1365
"2019-11-16 00:42:14",1365
"2019-11-16 01:42:12",1365
"2019-11-16 02:42:13",1365
"2019-11-16 03:42:12",1365
"2019-11-16 04:42:14",1365
"2019-11-16 05:42:12",1365
"2019-11-16 06:42:13",1365
"2019-11-16 07:42:13",1365
"2019-11-16 08:42:13",1365
"2019-11-16 09:42:14",1365
"2019-11-16 10:42:11",1365
"2019-11-16 11:42:12",1365
"2019-11-16 12:42:14",1365
"2019-11-16 13:42:14",1365
"2019-11-16 14:42:14",1365
"2019-11-16 15:42:12",1365
"2019-11-16 16:42:12",1365
"2019-11-16 17:42:14",1365
"2019-11-16 18:42:12",1365
"2019-11-16 19:42:11",1365
"2019-11-16 20:42:11",1365
"2019-11-16 21:42:11",1365
"2019-11-16 22:42:12",1365
"2019-11-16 23:42:10",1365
"2019-11-17 00:42:11",1365
"2019-11-17 01:42:10",1365
"2019-11-17 02:42:13",1365
"2019-11-17 03:42:11",1365
"2019-11-17 04:42:12",1365
"2019-11-17 05:42:12",1365
"2019-11-17 06:42:14",1365
"2019-11-17 07:42:13",1365
"2019-11-17 08:42:11",1365
"2019-11-17 10:42:15",1365
"2019-11-17 11:42:15",1365
"2019-11-17 12:42:12",1365
"2019-11-17 13:42:13",1365
"2019-11-17 14:42:11",1365
"2019-11-17 15:42:10",1365
"2019-11-17 16:42:13",1365
"2019-11-17 17:42:10",1365
"2019-11-17 18:42:10",1365
"2019-11-17 19:42:11",1365
"2019-11-17 20:42:13",1365
"2019-11-17 21:42:14",1365
"2019-11-17 22:42:12",1365
"2019-11-17 23:42:14",1365
"2019-11-18 00:42:10",1365
"2019-11-18 01:42:11",1365
"2019-11-18 02:42:12",1365
"2019-11-18 03:42:11",1365
"2019-11-18 04:42:10",1365
"2019-11-18 05:42:13",1365
"2019-11-18 06:42:08",1365
"2019-11-18 07:42:10",1365
"2019-11-18 08:42:13",1365
"2019-11-18 09:42:14",1365
"2019-11-18 10:42:12",1365
"2019-11-18 11:42:09",1365
"2019-11-18 12:42:12",1365
"2019-11-18 14:07:16",1365
"2019-11-18 14:42:12",1365
"2019-11-18 15:42:15",1361
"2019-11-18 16:42:13",1363
"2019-11-18 17:42:15",1360
"2019-11-18 18:42:15",1358
"2019-11-18 19:42:13",1353
"2019-11-18 20:42:14",1348
"2019-11-18 21:42:13",1349
"2019-11-18 22:42:11",1350
"2019-11-18 23:42:13",1351
"2019-11-19 00:42:12",1351
"2019-11-19 01:42:12",1351
"2019-11-19 02:42:11",1351
"2019-11-19 03:42:11",1351
"2019-11-19 04:42:12",1351
"2019-11-19 05:42:11",1351
"2019-11-19 06:42:13",1351
"2019-11-19 07:42:11",1351
"2019-11-19 08:42:12",1351
"2019-11-19 09:42:14",1351
"2019-11-19 10:42:12",1351
"2019-11-19 11:42:11",1351
"2019-11-19 12:42:12",1351
"2019-11-19 14:07:17",1351
"2019-11-19 14:42:13",1351
"2019-11-19 15:42:13",1344
"2019-11-19 16:42:12",1345
"2019-11-19 17:42:13",1351
"2019-11-19 18:42:11",1350
"2019-11-19 19:42:13",1344
"2019-11-19 20:42:13",1342
"2019-11-19 21:42:16",1342
"2019-11-19 22:42:13",1342
"2019-11-19 23:42:13",1342
"2019-11-20 00:42:13",1342
"2019-11-20 01:42:13",1342
"2019-11-20 02:42:14",1342
"2019-11-20 03:42:14",1342
"2019-11-20 04:42:12",1342
"2019-11-20 05:42:13",1342
"2019-11-20 06:42:13",1342
"2019-11-20 07:42:14",1342
"2019-11-20 08:42:15",1342
"2019-11-20 09:42:18",1342
"2019-11-20 10:42:18",1342
"2019-11-20 11:42:17",1342
"2019-11-20 12:42:15",1342
"2019-11-20 14:06:48",1342
"2019-11-20 14:42:18",1342
"2019-11-20 15:42:15",1335
"2019-11-20 16:42:16",1323
"2019-11-20 22:42:14",1318
"2019-11-20 23:42:11",1318
"2019-11-21 00:42:12",1318
"2019-11-21 01:42:11",1318
"2019-11-21 02:42:14",1318
"2019-11-21 03:42:12",1318
"2019-11-21 04:42:11",1318
"2019-11-21 05:42:13",1318
"2019-11-21 06:42:15",1318
"2019-11-21 07:42:11",1318
"2019-11-21 08:42:11",1318
"2019-11-21 09:42:13",1318
"2019-11-21 10:42:13",1318
"2019-11-21 11:42:11",1318
"2019-11-21 12:42:11",1318
"2019-11-21 14:06:15",1318
"2019-11-21 14:42:16",1318
"2019-11-21 15:42:11",1316
"2019-11-21 16:42:12",1317
"2019-11-21 17:42:14",1315
"2019-11-21 18:42:11",1311
"2019-11-21 19:42:11",1310
"2019-11-21 20:42:11",1311
"2019-11-21 21:42:11",1311
"2019-11-21 22:42:12",1311
"2019-11-21 23:42:12",1311
"2019-11-22 00:42:13",1311
"2019-11-22 01:42:15",1311
"2019-11-22 02:42:11",1311
"2019-11-22 03:42:11",1311
"2019-11-22 04:42:11",1311
"2019-11-22 05:42:14",1311
"2019-11-22 06:42:14",1311
"2019-11-22 07:42:15",1311
"2019-11-22 08:42:16",1311
"2019-11-22 09:42:15",1311
"2019-11-22 10:42:16",1311
"2019-11-22 11:42:13",1311
"2019-11-22 12:42:12",1311
"2019-11-22 13:42:11",1311
"2019-11-22 14:42:14",1311
"2019-11-22 15:42:10",1310
"2019-11-22 16:42:11",1302
"2019-11-22 17:42:15",1301
"2019-11-22 18:42:15",1300
"2019-11-22 19:42:11",1300
"2019-11-22 20:42:12",1301
"2019-11-22 21:42:12",1302
"2019-11-22 22:42:11",1302
"2019-11-22 23:42:13",1302
"2019-11-23 00:42:18",1302
"2019-11-23 01:42:11",1302
"2019-11-23 02:42:11",1302
"2019-11-23 03:42:11",1302
"2019-11-23 04:42:15",1302
"2019-11-23 05:42:12",1302
"2019-11-23 06:42:13",1302
"2019-11-23 07:42:13",1302
"2019-11-23 08:42:12",1302
"2019-11-23 09:42:14",1302
"2019-11-23 10:42:14",1302
"2019-11-23 11:42:11",1302
"2019-11-23 12:42:11",1302
"2019-11-23 13:42:11",1302
"2019-11-23 14:42:12",1302
"2019-11-23 15:42:12",1302
"2019-11-23 16:42:11",1302
"2019-11-23 17:42:12",1302
"2019-11-23 18:42:12",1302
"2019-11-23 19:42:13",1302
"2019-11-23 20:42:09",1302
"2019-11-23 21:42:12",1302
"2019-11-23 22:42:10",1302
"2019-11-23 23:42:10",1302
"2019-11-24 00:42:13",1302
"2019-11-24 01:42:10",1302
"2019-11-24 02:42:11",1302
"2019-11-24 03:42:11",1302
"2019-11-24 04:42:10",1302
"2019-11-24 05:42:11",1302
"2019-11-24 06:42:11",1302
"2019-11-24 07:42:09",1302
"2019-11-24 08:42:11",1302
"2019-11-24 09:42:13",1302
"2019-11-24 10:42:14",1302
"2019-11-24 11:42:11",1302
"2019-11-24 12:42:10",1302
"2019-11-24 13:42:09",1302
"2019-11-24 14:42:11",1302
"2019-11-24 15:42:12",1302
"2019-11-24 16:42:11",1302
"2019-11-24 17:42:10",1302
"2019-11-24 18:42:12",1302
"2019-11-24 19:42:11",1302
"2019-11-24 20:42:13",1302
"2019-11-24 21:42:10",1302
"2019-11-24 22:42:14",1302
"2019-11-24 23:42:11",1302
"2019-11-25 00:42:12",1302
"2019-11-25 01:42:14",1302
"2019-11-25 02:42:12",1302
"2019-11-25 04:42:10",1302
"2019-11-25 05:42:11",1302
"2019-11-25 06:42:11",1302
"2019-11-25 07:42:12",1303
"2019-11-25 08:42:16",1303
"2019-11-25 09:42:16",1303
"2019-11-25 10:42:16",1303
"2019-11-25 11:42:14",1303
"2019-11-25 12:42:15",1303
"2019-11-25 13:42:11",1303
"2019-11-25 14:42:12",1303
"2019-11-25 15:42:14",1294
"2019-11-25 16:42:12",1297
"2019-11-25 17:42:12",1300
"2019-11-25 18:42:11",1300
"2019-11-25 19:42:13",1300
"2019-11-25 20:42:13",1301
"2019-11-25 21:42:11",1303
"2019-11-25 22:42:15",1303
"2019-11-25 23:42:12",1303
"2019-11-26 00:42:13",1303
"2019-11-26 01:42:12",1303
"2019-11-26 02:42:13",1303
"2019-11-26 03:42:13",1303
"2019-11-26 04:42:11",1303
"2019-11-26 05:42:16",1303
"2019-11-26 06:42:18",1303
"2019-11-26 07:42:13",1303
"2019-11-26 08:42:13",1303
"2019-11-26 09:42:18",1303
"2019-11-26 20:42:15",1297
"2019-11-26 21:42:13",1297
"2019-11-26 22:42:16",1295
"2019-11-26 23:42:13",1295
"2019-11-27 00:42:16",1295
"2019-11-27 01:42:12",1295
"2019-11-27 02:42:12",1295
"2019-11-27 03:42:13",1295
"2019-11-27 04:42:11",1295
"2019-11-27 05:42:13",1295
"2019-11-27 06:42:13",1295
"2019-11-27 07:42:13",1295
"2019-11-27 08:42:18",1295
"2019-11-27 09:42:17",1295
"2019-11-27 10:42:12",1295
"2019-11-27 11:42:10",1295
"2019-11-27 12:42:18",1295
"2019-11-27 13:42:12",1295
"2019-11-27 14:42:14",1295
"2019-11-27 15:42:17",1297
"2019-11-27 16:42:13",1300
"2019-11-27 17:42:12",1301
"2019-11-27 18:42:14",1302
"2019-11-27 19:42:13",1303
"2019-11-27 20:42:12",1303
"2019-11-27 21:42:12",1307
"2019-11-27 22:42:13",1307
"2019-11-27 23:42:12",1307
"2019-11-28 00:42:13",1307
"2019-11-28 01:42:14",1307
"2019-11-28 02:42:17",1307
"2019-11-28 03:42:15",1307
"2019-11-28 04:42:14",1307
"2019-11-28 05:42:12",1307
"2019-11-28 06:42:13",1307
"2019-11-28 07:42:15",1307
"2019-11-28 08:42:13",1307
"2019-11-28 09:42:17",1307
"2019-11-28 10:42:15",1307
"2019-11-28 11:42:13",1307
"2019-11-28 12:42:11",1307
"2019-11-28 13:42:11",1307
"2019-11-28 14:42:12",1307
"2019-11-28 15:42:13",1307
"2019-11-28 16:42:12",1307
"2019-11-28 17:42:14",1307
"2019-11-28 18:42:13",1307
"2019-11-28 19:42:12",1307
"2019-11-28 20:42:11",1307
"2019-11-28 21:42:13",1307
"2019-11-28 22:42:12",1307
"2019-11-28 23:42:13",1307
"2019-11-29 00:42:13",1307
"2019-11-29 01:42:12",1307
"2019-11-29 02:42:12",1307
"2019-11-29 03:42:11",1307
"2019-11-29 04:42:14",1307
"2019-11-29 05:42:14",1307
"2019-11-29 06:42:12",1307
"2019-11-29 07:42:14",1307
"2019-11-29 08:42:19",1307
"2019-11-29 09:42:22",1307
"2019-11-29 10:42:27",1307
"2019-11-29 11:42:16",1307
"2019-11-29 12:42:14",1307
"2019-11-29 13:42:19",1307
"2019-11-29 14:42:19",1309
"2019-11-29 15:42:17",1314
"2019-11-29 16:42:19",1317
"2019-11-29 17:42:18",1319
"2019-11-29 18:42:17",1320
"2019-11-29 20:42:17",1320
"2019-11-29 21:42:12",1318
"2019-11-29 22:42:18",1318
"2019-11-29 23:42:16",1318
"2019-11-30 00:42:14",1318
"2019-11-30 01:42:13",1318
"2019-11-30 02:42:15",1318
"2019-11-30 03:42:15",1318
"2019-11-30 04:42:14",1318
"2019-11-30 05:42:17",1318
"2019-11-30 06:42:16",1318
"2019-11-30 07:42:16",1318
"2019-11-30 08:42:15",1318
"2019-11-30 21:42:25",1318
"2019-11-30 22:42:18",1318
"2019-11-30 23:42:15",1318
"2019-12-01 00:42:15",1318
"2019-12-01 01:42:12",1318
"2019-12-01 02:42:17",1318
"2019-12-01 22:42:20",1318
"2019-12-01 23:42:13",1318
"2019-12-02 00:42:11",1318
"2019-12-02 01:42:15",1318
"2019-12-02 02:42:14",1318
"2019-12-02 06:14:30",1318
"2019-12-02 06:43:07",1318
"2019-12-02 07:43:16",1318
"2019-12-02 08:43:07",1318
"2019-12-02 09:43:07",1318
"2019-12-02 10:43:07",1318
"2019-12-02 11:43:08",1318
"2019-12-02 12:43:05",1318
"2019-12-02 14:06:50",1318
"2019-12-02 14:43:10",1318
"2019-12-02 15:43:12",1318
"2019-12-02 16:43:08",1334
"2019-12-02 17:43:16",1356
"2019-12-02 18:43:17",1356
"2019-12-02 19:43:20",1374
"2019-12-02 20:43:15",1386
"2019-12-02 21:43:16",1423
"2019-12-02 22:43:17",1489
"2019-12-02 23:43:17",1494
"2019-12-03 00:43:14",1494
"2019-12-03 01:43:15",1494
"2019-12-03 02:43:17",1494
"2019-12-03 03:43:15",1494
"2019-12-03 04:43:15",1494
"2019-12-03 05:43:17",1494
"2019-12-03 06:43:07",1494
"2019-12-03 07:43:08",1494
"2019-12-03 08:43:06",1494
"2019-12-03 09:43:14",1494
"2019-12-03 10:43:17",1494
"2019-12-03 11:43:14",1494
"2019-12-03 12:43:06",1494
"2019-12-03 13:43:04",1494
"2019-12-03 14:43:16",1493
"2019-12-03 15:43:06",1456
"2019-12-03 16:43:17",1457
"2019-12-03 17:43:14",1462
"2019-12-03 18:43:14",1459
"2019-12-03 19:43:14",1453
"2019-12-03 20:43:15",1440
"2019-12-03 21:43:25",1430
"2019-12-03 22:43:16",1428
"2019-12-03 23:43:15",1426
"2019-12-04 00:43:29",1426
"2019-12-04 01:43:33",1426
"2019-12-04 02:43:30",1426
"2019-12-04 03:43:19",1426
"2019-12-04 04:43:18",1426
"2019-12-04 05:43:19",1425
"2019-12-04 06:43:17",1426
"2019-12-04 07:43:19",1426
"2019-12-04 08:43:11",1426
"2019-12-04 09:43:09",1426
"2019-12-04 10:43:09",1426
"2019-12-04 11:43:11",1426
"2019-12-04 12:43:09",1426
"2019-12-04 14:06:22",1426
"2019-12-04 14:43:23",1426
"2019-12-04 15:43:24",1421
"2019-12-04 16:43:20",1421
"2019-12-04 17:43:19",1411
"2019-12-04 18:43:19",1414
"2019-12-04 19:43:19",1419
"2019-12-04 20:43:17",1418
"2019-12-04 21:43:16",1407
"2019-12-04 22:43:15",1403
"2019-12-04 23:43:17",1402
"2019-12-05 00:43:18",1402
"2019-12-05 01:43:19",1402
"2019-12-05 02:43:18",1402
"2019-12-05 03:43:18",1402
"2019-12-05 04:43:18",1402
"2019-12-05 05:43:15",1402
"2019-12-05 06:43:19",1402
"2019-12-05 07:43:08",1402
"2019-12-05 08:43:16",1402
"2019-12-05 09:43:05",1402
"2019-12-05 10:43:06",1402
"2019-12-05 11:43:06",1402
"2019-12-05 12:43:06",1402
"2019-12-05 13:43:18",1402
"2019-12-05 14:43:18",1402
"2019-12-05 15:43:18",1391
"2019-12-05 16:43:17",1391
"2019-12-05 17:43:17",1382
"2019-12-05 18:43:17",1380
"2019-12-05 20:06:52",1373
"2019-12-05 20:43:28",1373
"2019-12-05 21:43:16",1372
"2019-12-05 22:43:17",1371
"2019-12-05 23:43:12",1371
"2019-12-06 00:43:17",1371
"2019-12-06 01:43:16",1371
"2019-12-06 02:43:19",1371
"2019-12-06 03:43:17",1371
"2019-12-06 04:43:16",1371
"2019-12-06 05:43:23",1370
"2019-12-06 06:43:17",1369
"2019-12-06 07:43:19",1369
"2019-12-06 08:43:18",1369
"2019-12-06 09:43:16",1369
"2019-12-06 10:43:18",1369
"2019-12-06 11:43:18",1369
"2019-12-06 12:43:08",1369
"2019-12-06 13:43:47",1369
"2019-12-06 14:43:21",1368
"2019-12-06 15:43:30",1366
"2019-12-06 16:43:19",1369
"2019-12-06 17:43:16",1377
"2019-12-06 18:43:17",1377
"2019-12-06 19:43:17",1375
"2019-12-06 20:43:16",1374
"2019-12-06 21:43:07",1373
"2019-12-06 22:43:07",1373
"2019-12-06 23:43:11",1372
"2019-12-07 00:43:07",1372
"2019-12-07 01:43:18",1372
"2019-12-07 02:43:19",1372
"2019-12-07 03:43:17",1372
"2019-12-07 04:43:17",1372
"2019-12-07 05:43:29",1371
"2019-12-07 06:43:10",1371
"2019-12-07 07:43:09",1371
"2019-12-07 08:43:09",1371
"2019-12-07 09:43:07",1371
"2019-12-07 10:43:08",1371
"2019-12-07 11:43:07",1371
"2019-12-07 12:43:17",1371
"2019-12-07 13:43:36",1371
"2019-12-07 14:43:17",1371
"2019-12-07 15:43:19",1371
"2019-12-07 16:43:17",1371
"2019-12-07 17:43:20",1371
"2019-12-07 18:43:17",1371
"2019-12-07 19:43:09",1371
"2019-12-07 20:43:18",1371
"2019-12-07 21:43:20",1371
"2019-12-07 22:43:09",1371
"2019-12-07 23:43:09",1371
"2019-12-08 00:43:13",1371
"2019-12-08 01:43:09",1371
"2019-12-08 02:43:19",1371
"2019-12-08 03:43:17",1371
"2019-12-08 04:43:16",1371
"2019-12-08 05:43:19",1371
"2019-12-08 06:43:18",1371
"2019-12-08 07:43:17",1371
"2019-12-08 08:43:17",1371
"2019-12-08 09:43:17",1371
"2019-12-08 10:43:17",1371
"2019-12-08 11:43:07",1371
"2019-12-08 12:43:09",1371
"2019-12-08 13:43:17",1371
"2019-12-08 14:43:10",1371
"2019-12-08 15:43:11",1371
"2019-12-08 16:43:17",1371
"2019-12-08 17:43:19",1371
"2019-12-08 18:43:07",1371
"2019-12-08 19:43:15",1371
"2019-12-08 20:43:15",1371
"2019-12-08 21:43:22",1371
"2019-12-08 22:43:19",1371
"2019-12-08 23:43:17",1371
"2019-12-09 00:43:16",1371
"2019-12-09 01:43:08",1371
"2019-12-09 02:43:09",1371
"2019-12-09 03:43:18",1371
"2019-12-09 04:43:09",1371
"2019-12-09 05:43:13",1371
"2019-12-09 06:43:21",1372
"2019-12-09 07:43:09",1372
"2019-12-09 08:43:11",1372
"2019-12-09 09:43:07",1372
"2019-12-09 10:43:09",1372
"2019-12-09 11:43:06",1372
"2019-12-09 12:43:06",1372
"2019-12-09 14:07:23",1372
"2019-12-09 14:43:14",1372
"2019-12-09 15:43:13",1367
"2019-12-09 16:43:21",1363
"2019-12-09 17:43:28",1363
"2019-12-09 18:43:15",1360
"2019-12-09 19:43:08",1355
"2019-12-09 20:43:20",1352
"2019-12-09 21:43:19",1351
"2019-12-09 22:43:09",1353
"2019-12-09 23:43:17",1353
"2019-12-10 00:43:23",1353
"2019-12-10 01:43:17",1353
"2019-12-10 02:43:18",1353
"2019-12-10 03:43:21",1353
"2019-12-10 04:43:17",1353
"2019-12-10 05:43:22",1353
"2019-12-10 06:43:20",1353
"2019-12-10 07:43:19",1353
"2019-12-10 08:43:22",1353
"2019-12-10 09:43:09",1353
"2019-12-10 10:43:08",1353
"2019-12-10 11:43:09",1353
"2019-12-10 12:43:24",1353
"2019-12-10 13:43:07",1353
"2019-12-10 14:43:10",1353
"2019-12-10 15:43:09",1356
"2019-12-10 16:43:20",1358
"2019-12-10 17:43:15",1358
"2019-12-10 18:43:17",1357
"2019-12-10 19:43:08",1356
"2019-12-10 20:43:16",1356
"2019-12-10 21:43:16",1354
"2019-12-10 22:43:20",1354
"2019-12-10 23:43:18",1354
"2019-12-11 00:43:19",1354
"2019-12-11 01:43:22",1354
"2019-12-11 02:43:32",1354
"2019-12-11 03:43:17",1354
"2019-12-11 04:43:22",1354
"2019-12-11 05:43:23",1354
"2019-12-11 06:43:13",1354
"2019-12-11 07:43:10",1353
"2019-12-11 08:43:16",1353
"2019-12-11 09:43:07",1353
"2019-12-11 10:43:13",1353
"2019-12-11 11:43:11",1353
"2019-12-11 12:43:19",1353
"2019-12-11 13:43:16",1353
"2019-12-11 14:43:30",1353
"2019-12-11 15:43:13",1347
"2019-12-11 16:43:24",1354
"2019-12-11 17:43:25",1357
"2019-12-11 18:43:19",1358
"2019-12-11 19:43:25",1363
"2019-12-11 20:43:08",1364
"2019-12-11 21:43:20",1366
"2019-12-11 22:43:20",1366
"2019-12-11 23:43:21",1366
"2019-12-12 00:43:16",1366
"2019-12-12 01:43:25",1366
"2019-12-12 02:43:22",1366
"2019-12-12 03:43:11",1366
"2019-12-12 04:43:18",1366
"2019-12-12 05:43:20",1366
"2019-12-12 06:43:22",1366
"2019-12-12 07:43:21",1366
"2019-12-12 08:43:12",1366
"2019-12-12 09:43:15",1366
"2019-12-12 10:43:16",1366
"2019-12-12 11:43:10",1366
"2019-12-12 12:43:08",1366
"2019-12-12 14:05:53",1366
"2019-12-12 14:43:32",1366
"2019-12-12 15:43:13",1368
"2019-12-12 16:43:23",1363
"2019-12-12 17:43:11",1370
"2019-12-12 18:43:12",1375
"2019-12-12 19:43:13",1380
"2019-12-12 20:43:11",1385
"2019-12-12 21:43:16",1407
"2019-12-12 22:43:09",1407
"2019-12-12 23:43:12",1409
"2019-12-13 00:43:36",1409
"2019-12-13 01:43:15",1409
"2019-12-13 02:43:10",1409
"2019-12-13 03:43:15",1409
"2019-12-13 04:43:11",1409
"2019-12-13 05:43:21",1409
"2019-12-13 06:43:25",1409
"2019-12-13 07:43:21",1409
"2019-12-13 08:43:14",1409
"2019-12-13 09:43:15",1409
"2019-12-13 10:43:17",1409
"2019-12-13 11:43:13",1409
"2019-12-13 12:43:17",1409
"2019-12-13 14:37:58",1410
"2019-12-13 14:45:41",1410
"2019-12-13 15:43:16",1408
"2019-12-13 16:43:15",1408
"2019-12-13 17:43:21",1417
"2019-12-13 18:43:17",1416
"2019-12-13 19:43:15",1415
"2019-12-13 20:43:33",1416
"2019-12-13 21:43:11",1414
"2019-12-13 22:43:14",1414
"2019-12-13 23:43:14",1414
"2019-12-14 00:43:07",1414
"2019-12-14 01:43:10",1414
"2019-12-14 02:43:14",1414
"2019-12-14 03:43:18",1414
"2019-12-14 04:43:15",1414
"2019-12-14 05:43:19",1414
"2019-12-14 06:43:14",1414
"2019-12-14 07:43:10",1414
"2019-12-14 08:43:12",1414
"2019-12-14 09:43:15",1414
"2019-12-14 10:43:11",1414
"2019-12-14 11:43:11",1414
"2019-12-14 12:43:10",1414
"2019-12-14 13:43:15",1414
"2019-12-14 14:43:13",1414
"2019-12-14 15:43:14",1414
"2019-12-14 16:43:18",1414
"2019-12-14 17:43:12",1414
"2019-12-14 18:43:18",1414
"2019-12-14 19:43:13",1414
"2019-12-14 20:43:12",1414
"2019-12-14 22:43:19",1414
"2019-12-14 23:43:13",1414
"2019-12-15 00:43:08",1414
"2019-12-15 01:43:17",1414
"2019-12-15 02:43:10",1414
"2019-12-15 03:43:12",1414
"2019-12-15 04:43:15",1414
"2019-12-15 05:43:12",1414
"2019-12-15 06:43:11",1414
"2019-12-15 07:43:14",1414
"2019-12-15 08:43:14",1414
"2019-12-15 09:43:09",1414
"2019-12-15 10:43:10",1414
"2019-12-15 11:43:12",1414
"2019-12-15 13:43:15",1414
"2019-12-15 14:43:10",1414
"2019-12-15 15:43:15",1414
"2019-12-15 16:43:16",1414
"2019-12-15 17:43:14",1414
"2019-12-15 19:43:15",1414
"2019-12-15 20:43:14",1414
"2019-12-15 21:43:15",1414
"2019-12-15 22:43:15",1414
"2019-12-15 23:43:16",1414
"2019-12-16 00:43:13",1414
"2019-12-16 01:43:19",1414
"2019-12-16 02:43:12",1414
"2019-12-16 04:43:24",1414
"2019-12-16 05:43:15",1414
"2019-12-16 06:43:12",1415
"2019-12-16 07:43:10",1415
"2019-12-16 08:43:13",1415
"2019-12-16 09:43:14",1415
"2019-12-16 10:43:13",1415
"2019-12-16 11:43:16",1415
"2019-12-16 12:43:15",1415
"2019-12-16 13:43:10",1415
"2019-12-16 14:43:30",1415
"2019-12-16 16:05:21",1411
"2019-12-16 16:43:19",1411
"2019-12-16 17:43:15",1410
"2019-12-16 18:43:12",1410
"2019-12-16 19:43:14",1406
"2019-12-16 20:43:14",1406
"2019-12-16 21:43:17",1405
"2019-12-16 22:43:11",1404
"2019-12-16 23:43:16",1403
"2019-12-17 00:43:09",1403
"2019-12-17 01:43:13",1403
"2019-12-17 02:43:22",1403
"2019-12-17 03:43:13",1403
"2019-12-17 04:43:16",1403
"2019-12-17 05:43:14",1402
"2019-12-17 06:43:14",1402
"2019-12-17 07:43:13",1402
"2019-12-17 08:43:24",1402
"2019-12-17 09:43:09",1402
"2019-12-17 10:43:10",1402
"2019-12-17 11:43:09",1402
"2019-12-17 12:43:13",1402
"2019-12-17 14:06:52",1402
"2019-12-17 14:43:21",1402
"2019-12-17 15:43:21",1407
"2019-12-17 16:43:13",1408
"2019-12-17 17:43:13",1408
"2019-12-17 18:43:12",1407
"2019-12-17 19:43:16",1407
"2019-12-17 20:43:16",1406
"2019-12-17 21:43:08",1406
"2019-12-17 22:43:13",1407
"2019-12-17 23:43:10",1407
"2019-12-18 01:43:11",1407
"2019-12-18 02:43:24",1407
"2019-12-18 03:43:13",1407
"2019-12-18 04:43:08",1407
"2019-12-18 05:43:15",1407
"2019-12-18 06:43:11",1407
"2019-12-18 07:43:09",1407
"2019-12-18 08:43:13",1407
"2019-12-18 09:43:14",1407
"2019-12-18 10:43:19",1407
"2019-12-18 11:43:09",1407
"2019-12-18 12:43:07",1407
"2019-12-18 14:05:51",1407
"2019-12-18 14:43:14",1407
"2019-12-18 15:43:09",1404
"2019-12-18 16:43:17",1401
"2019-12-18 17:43:19",1396
"2019-12-18 18:43:09",1394
"2019-12-18 19:43:12",1389
"2019-12-18 20:43:12",1388
"2019-12-18 21:43:08",1389
"2019-12-18 22:43:11",1389
"2019-12-18 23:43:10",1390
"2019-12-19 00:43:12",1390
"2019-12-19 01:43:13",1390
"2019-12-19 02:43:29",1390
"2019-12-19 03:43:14",1390
"2019-12-19 04:43:14",1390
"2019-12-19 05:43:14",1390
"2019-12-19 06:43:13",1390
"2019-12-19 07:43:16",1390
"2019-12-19 08:43:11",1390
"2019-12-19 09:43:15",1390
"2019-12-19 10:43:11",1390
"2019-12-19 11:43:14",1390
"2019-12-19 12:43:15",1390
"2019-12-19 14:07:24",1390
"2019-12-19 14:43:21",1390
"2019-12-19 15:43:28",1391
"2019-12-19 16:43:29",1394
"2019-12-19 17:43:25",1394
"2019-12-19 18:43:26",1392
"2019-12-19 19:43:27",1392
"2019-12-19 21:07:26",1390
"2019-12-19 21:43:27",1390
"2019-12-19 22:43:25",1389
"2019-12-19 23:43:25",1389
"2019-12-20 00:43:29",1389
"2019-12-20 01:43:27",1389
"2019-12-20 02:43:35",1389
"2019-12-20 03:43:27",1389
"2019-12-20 04:43:32",1389
"2019-12-20 05:43:27",1389
"2019-12-20 06:43:28",1389
"2019-12-20 07:43:27",1389
"2019-12-20 08:43:26",1389
"2019-12-20 09:43:31",1389
"2019-12-20 10:43:13",1389
"2019-12-20 11:43:25",1389
"2019-12-20 12:43:25",1389
"2019-12-20 14:06:24",1389
"2019-12-20 14:43:42",1389
"2019-12-20 15:43:40",1389
"2019-12-20 16:43:37",1384
"2019-12-20 17:43:38",1379
"2019-12-20 18:43:29",1377
"2019-12-20 19:43:33",1381
"2019-12-20 20:43:38",1378
"2019-12-20 21:43:23",1380
"2019-12-20 22:43:23",1379
"2019-12-20 23:43:29",1380
"2019-12-21 00:43:38",1380
"2019-12-21 01:43:29",1380
"2019-12-21 02:43:26",1380
"2019-12-21 03:43:26",1380
"2019-12-21 04:43:25",1380
"2019-12-21 05:43:16",1380
"2019-12-21 06:43:18",1380
"2019-12-21 07:43:25",1380
"2019-12-21 08:43:27",1380
"2019-12-21 09:43:17",1380
"2019-12-21 10:43:16",1380
"2019-12-21 11:43:12",1380
"2019-12-21 12:43:12",1380
"2019-12-21 13:43:13",1380
"2019-12-21 14:43:18",1380
"2019-12-21 15:43:17",1380
"2019-12-21 16:43:25",1380
"2019-12-21 17:43:19",1380
"2019-12-21 18:43:16",1380
"2019-12-21 19:43:17",1380
"2019-12-21 20:43:17",1380
"2019-12-21 21:43:15",1380
"2019-12-21 22:43:29",1380
"2019-12-21 23:43:14",1380
"2019-12-22 00:43:20",1380
"2019-12-22 01:43:21",1380
"2019-12-22 02:43:15",1380
"2019-12-22 04:43:17",1380
"2019-12-22 05:43:15",1380
"2019-12-22 06:43:16",1380
"2019-12-22 07:43:15",1380
"2019-12-22 08:43:22",1380
"2019-12-22 09:43:14",1380
"2019-12-22 10:43:13",1380
"2019-12-22 11:43:15",1380
"2019-12-22 12:43:18",1380
"2019-12-22 13:43:14",1380
"2019-12-22 14:43:22",1380
"2019-12-22 15:43:26",1380
"2019-12-22 16:43:23",1380
"2019-12-22 17:43:20",1380
"2019-12-22 18:43:17",1380
"2019-12-22 19:43:26",1380
"2019-12-22 20:43:28",1380
"2019-12-22 22:43:15",1380
"2019-12-22 23:43:25",1380
"2019-12-23 00:43:26",1380
"2019-12-23 01:43:29",1380
"2019-12-23 02:43:27",1380
"2019-12-23 03:43:26",1380
"2019-12-23 04:43:27",1380
"2019-12-23 05:43:26",1380
"2019-12-23 06:43:28",1380
"2019-12-23 07:43:16",1380
"2019-12-23 08:43:16",1380
"2019-12-23 09:43:15",1380
"2019-12-23 10:43:17",1380
"2019-12-23 11:43:16",1380
"2019-12-23 12:43:13",1380
"2019-12-23 14:07:28",1380
"2019-12-23 14:43:36",1380
"2019-12-23 15:43:21",1381
"2019-12-23 16:43:19",1372
"2019-12-23 17:43:25",1374
"2019-12-23 18:43:26",1375
"2019-12-23 19:43:26",1377
"2019-12-23 20:43:38",1375
"2019-12-23 21:43:25",1372
"2019-12-23 22:43:13",1372
"2019-12-23 23:43:24",1372
"2019-12-24 00:43:19",1372
"2019-12-24 01:43:21",1372
"2019-12-24 02:43:30",1372
"2019-12-24 03:43:28",1372
"2019-12-24 04:43:35",1372
"2019-12-24 05:43:17",1372
"2019-12-24 06:43:28",1372
"2019-12-24 07:43:17",1372
"2019-12-24 08:43:13",1372
"2019-12-24 09:43:18",1372
"2019-12-24 10:43:16",1372
"2019-12-24 11:43:19",1372
"2019-12-24 12:43:16",1372
"2019-12-24 13:43:17",1372
"2019-12-24 14:43:31",1372
"2019-12-24 15:43:22",1373
"2019-12-24 16:43:27",1377
"2019-12-24 17:43:19",1376
"2019-12-24 18:43:17",1375
"2019-12-24 19:43:18",1374
"2019-12-24 20:43:16",1374
"2019-12-24 21:43:11",1374
"2019-12-24 22:43:22",1374
"2019-12-24 23:43:25",1374
"2019-12-25 00:43:26",1374
"2019-12-25 01:43:12",1374
"2019-12-25 02:43:15",1374
"2019-12-25 03:43:16",1374
"2019-12-25 04:43:23",1374
"2019-12-25 05:43:25",1373
"2019-12-25 06:43:18",1373
"2019-12-25 07:43:19",1373
"2019-12-25 08:43:27",1373
"2019-12-25 09:43:18",1373
"2019-12-25 10:43:20",1373
"2019-12-25 11:43:16",1373
"2019-12-25 12:43:12",1373
"2019-12-25 13:43:12",1373
"2019-12-25 14:43:15",1373
"2019-12-25 15:43:26",1373
"2019-12-25 16:43:13",1373
"2019-12-25 17:43:24",1373
"2019-12-25 18:43:18",1373
"2019-12-25 19:43:13",1373
"2019-12-25 20:43:15",1373
"2019-12-25 21:43:12",1373
"2019-12-25 22:43:16",1373
"2019-12-25 23:43:17",1373
"2019-12-26 00:43:24",1373
"2019-12-26 01:43:27",1373
"2019-12-26 02:43:26",1373
"2019-12-26 03:43:26",1373
"2019-12-26 04:43:29",1373
"2019-12-26 05:43:17",1373
"2019-12-26 06:43:24",1373
"2019-12-26 07:43:20",1373
"2019-12-26 08:43:19",1373
"2019-12-26 09:43:12",1373
"2019-12-26 10:43:13",1373
"2019-12-26 11:43:14",1373
"2019-12-26 12:43:16",1373
"2019-12-26 13:43:12",1373
"2019-12-26 14:43:21",1373
"2019-12-26 15:43:21",1365
"2019-12-26 16:43:19",1357
"2019-12-26 17:43:31",1352
"2019-12-26 18:43:17",1355
"2019-12-26 19:43:19",1354
"2019-12-26 20:43:36",1354
"2019-12-26 21:43:23",1354
"2019-12-26 22:43:30",1355
"2019-12-26 23:43:25",1356
"2019-12-27 00:43:14",1356
"2019-12-27 01:43:22",1356
"2019-12-27 02:43:28",1356
"2019-12-27 03:43:23",1356
"2019-12-27 04:43:30",1356
"2019-12-27 05:43:25",1356
"2019-12-27 06:43:30",1356
"2019-12-27 07:43:15",1356
"2019-12-27 08:43:21",1356
"2019-12-27 09:43:16",1356
"2019-12-27 10:43:17",1356
"2019-12-27 11:43:16",1356
"2019-12-27 12:43:16",1356
"2019-12-27 14:07:24",1356
"2019-12-27 14:43:25",1356
"2019-12-27 15:43:15",1349
"2019-12-27 16:43:16",1353
"2019-12-27 17:43:26",1352
"2019-12-27 18:43:22",1351
"2019-12-27 19:43:38",1351
"2019-12-27 20:43:20",1349
"2019-12-27 21:43:35",1348
"2019-12-27 22:43:22",1348
"2019-12-27 23:43:16",1347
"2019-12-28 00:43:27",1347
"2019-12-28 01:43:21",1347
"2019-12-28 02:43:27",1347
"2019-12-28 03:43:16",1347
"2019-12-28 04:43:27",1347
"2019-12-28 05:43:23",1347
"2019-12-28 06:43:24",1347
"2019-12-28 07:43:20",1347
"2019-12-28 08:43:31",1347
"2019-12-28 09:43:19",1347
"2019-12-28 10:43:19",1347
"2019-12-28 11:43:13",1347
"2019-12-28 12:43:14",1347
"2019-12-28 13:43:15",1347
"2019-12-28 14:43:17",1347
"2019-12-28 15:43:22",1347
"2019-12-28 16:43:18",1347
"2019-12-28 17:43:28",1347
"2019-12-28 18:43:18",1347
"2019-12-28 19:43:14",1347
"2019-12-28 20:43:22",1347
"2019-12-28 21:43:18",1347
"2019-12-28 22:43:23",1347
"2019-12-28 23:43:32",1347
"2019-12-29 00:43:19",1347
"2019-12-29 01:43:29",1347
"2019-12-29 02:43:27",1347
"2019-12-29 03:43:32",1347
"2019-12-29 04:43:24",1347
"2019-12-29 05:43:29",1347
"2019-12-29 06:43:33",1347
"2019-12-29 07:43:23",1347
"2019-12-29 08:43:33",1347
"2019-12-29 09:43:19",1347
"2019-12-29 10:43:20",1347
"2019-12-29 11:43:19",1347
"2019-12-29 12:43:16",1347
"2019-12-29 13:43:16",1347
"2019-12-29 14:43:17",1347
"2019-12-29 15:43:28",1347
"2019-12-29 16:43:27",1347
"2019-12-29 17:43:17",1347
"2019-12-29 18:43:21",1347
"2019-12-29 19:43:22",1347
"2019-12-29 20:43:18",1347
"2019-12-29 21:43:40",1347
"2019-12-29 22:43:20",1347
"2019-12-29 23:43:15",1347
"2019-12-30 00:43:15",1347
"2019-12-30 01:43:34",1347
"2019-12-30 02:43:38",1347
"2019-12-30 03:43:22",1347
"2019-12-30 04:43:38",1347
"2019-12-30 05:43:15",1347
"2019-12-30 06:43:13",1348
"2019-12-30 07:43:17",1348
"2019-12-30 08:43:21",1348
"2019-12-30 09:43:35",1348
"2019-12-30 10:43:10",1348
"2019-12-30 11:43:18",1348
"2019-12-30 12:43:18",1348
"2019-12-30 14:07:24",1348
"2019-12-30 14:43:39",1348
"2019-12-30 15:43:21",1348
"2019-12-30 16:43:20",1359
"2019-12-30 17:43:19",1358
"2019-12-30 18:43:29",1357
"2019-12-30 19:43:20",1360
"2019-12-30 20:43:19",1357
"2019-12-30 21:43:19",1356
"2019-12-30 22:43:18",1356
"2019-12-30 23:43:19",1356
"2019-12-31 00:43:20",1356
"2019-12-31 01:43:16",1356
"2019-12-31 02:43:23",1356
"2019-12-31 03:43:23",1356
"2019-12-31 04:43:23",1356
"2019-12-31 05:43:20",1356
"2019-12-31 06:43:24",1356
"2019-12-31 07:43:16",1356
"2019-12-31 08:43:29",1356
"2019-12-31 09:43:29",1356
"2019-12-31 10:43:30",1356
"2019-12-31 11:43:19",1356
"2019-12-31 12:43:26",1356
"2019-12-31 14:08:26",1356
"2019-12-31 14:43:46",1356
"2019-12-31 15:43:34",1353
"2019-12-31 16:43:20",1352
"2019-12-31 17:43:17",1351
"2019-12-31 18:43:16",1351
"2019-12-31 19:43:20",1350
"2019-12-31 20:43:24",1350
"2019-12-31 21:43:18",1349
"2019-12-31 22:43:15",1350
"2019-12-31 23:43:16",1350
"2020-01-01 00:43:20",1350
"2020-01-01 01:43:19",1350
"2020-01-01 02:43:18",1350
"2020-01-01 03:43:23",1350
"2020-01-01 04:43:19",1350
"2020-01-01 05:43:33",1350
"2020-01-01 06:43:27",1350
"2020-01-01 07:43:28",1350
"2020-01-01 08:43:24",1350
"2020-01-01 09:43:19",1350
"2020-01-01 10:43:15",1350
"2020-01-01 11:43:15",1350
"2020-01-01 12:43:18",1350
"2020-01-01 13:43:20",1350
"2020-01-01 14:43:15",1350
"2020-01-01 15:43:20",1350
"2020-01-01 16:43:17",1350
"2020-01-01 17:43:20",1350
"2020-01-01 18:43:20",1350
"2020-01-01 19:43:17",1350
"2020-01-01 20:43:18",1350
"2020-01-01 21:43:21",1350
"2020-01-01 22:43:28",1350
"2020-01-01 23:43:37",1350
"2020-01-02 00:43:29",1350
"2020-01-02 01:43:27",1350
"2020-01-02 02:43:44",1350
"2020-01-02 03:43:21",1350
"2020-01-02 04:43:22",1350
"2020-01-02 05:43:18",1350
"2020-01-02 06:43:16",1350
"2020-01-02 07:43:17",1350
"2020-01-02 08:43:23",1350
"2020-01-02 09:43:21",1350
"2020-01-02 10:43:21",1350
"2020-01-02 11:43:22",1350
"2020-01-02 12:43:16",1350
"2020-01-02 14:08:55",1349
"2020-01-02 14:44:17",1349
"2020-01-02 15:43:25",1351
"2020-01-02 16:43:22",1345
"2020-01-02 17:43:26",1344
"2020-01-02 18:43:24",1345
"2020-01-02 19:43:20",1346
"2020-01-02 20:43:20",1346
"2020-01-02 21:43:19",1350
"2020-01-02 22:44:00",1347
"2020-01-02 23:43:14",1346
"2020-01-03 00:43:30",1346
"2020-01-03 01:43:23",1346
"2020-01-03 02:43:36",1346
"2020-01-03 03:43:24",1346
"2020-01-03 04:43:19",1346
"2020-01-03 05:43:20",1346
"2020-01-03 06:43:23",1346
"2020-01-03 07:43:14",1346
"2020-01-03 08:43:22",1346
"2020-01-03 09:43:14",1346
"2020-01-03 10:43:19",1346
"2020-01-03 11:43:18",1346
"2020-01-03 12:43:20",1346
"2020-01-03 14:08:55",1346
"2020-01-03 14:47:01",1346
"2020-01-03 15:43:23",1343
"2020-01-03 16:43:31",1344
"2020-01-03 17:43:56",1339
"2020-01-03 18:43:24",1334
"2020-01-03 19:43:19",1339
"2020-01-03 20:43:20",1339
"2020-01-03 21:43:14",1328
"2020-01-03 22:43:18",1328
"2020-01-03 23:43:16",1327
"2020-01-04 00:43:24",1327
"2020-01-04 01:43:12",1327
"2020-01-04 02:43:17",1327
"2020-01-04 03:43:20",1327
"2020-01-04 04:43:20",1327
"2020-01-04 05:43:20",1327
"2020-01-04 06:43:15",1327
"2020-01-04 07:43:17",1327
"2020-01-04 08:43:18",1327
"2020-01-04 09:43:15",1327
"2020-01-04 10:43:15",1327
"2020-01-04 11:43:15",1327
"2020-01-04 12:43:16",1327
"2020-01-04 13:43:16",1327
"2020-01-04 14:43:13",1327
"2020-01-04 15:43:19",1327
"2020-01-04 16:43:13",1327
"2020-01-04 17:43:24",1327
"2020-01-04 18:43:15",1327
"2020-01-04 19:43:16",1327
"2020-01-04 20:43:15",1327
"2020-01-04 21:43:39",1327
"2020-01-04 22:43:15",1327
"2020-01-04 23:43:30",1327
"2020-01-05 00:43:15",1327
"2020-01-05 01:43:37",1327
"2020-01-05 02:43:28",1327
"2020-01-05 03:43:29",1327
"2020-01-05 04:43:13",1327
"2020-01-05 05:43:13",1327
"2020-01-05 06:43:17",1327
"2020-01-05 07:43:19",1327
"2020-01-05 08:43:14",1327
"2020-01-05 09:43:11",1327
"2020-01-05 10:43:15",1327
"2020-01-05 11:43:16",1327
"2020-01-05 12:43:12",1327
"2020-01-05 13:43:15",1327
"2020-01-05 14:43:18",1327
"2020-01-05 15:43:18",1327
"2020-01-05 16:43:20",1327
"2020-01-05 17:43:38",1327
"2020-01-05 18:43:20",1327
"2020-01-05 20:43:19",1327
"2020-01-05 21:43:37",1327
"2020-01-05 22:43:21",1327
"2020-01-05 23:43:20",1327
"2020-01-06 00:43:23",1327
"2020-01-06 01:43:20",1327
"2020-01-06 02:43:32",1327
"2020-01-06 03:43:28",1327
"2020-01-06 04:43:33",1327
"2020-01-06 05:43:18",1327
"2020-01-06 06:43:20",1327
"2020-01-06 07:43:16",1327
"2020-01-06 08:43:17",1327
"2020-01-16 06:43:17",1348
"2020-01-16 07:43:15",1348
"2020-01-16 08:43:18",1348
"2020-01-16 09:43:22",1348
"2020-01-16 10:43:16",1348
"2020-01-16 11:43:17",1348
"2020-01-16 12:43:15",1348
"2020-01-16 14:08:56",1348
"2020-01-16 15:43:19",1348
"2020-01-16 16:43:20",1341
"2020-01-16 17:43:22",1341
"2020-01-16 18:43:18",1339
"2020-01-16 19:43:19",1339
"2020-01-16 20:43:15",1338
"2020-01-16 21:43:16",1338
"2020-01-16 22:43:19",1339
"2020-01-16 23:43:17",1340
"2020-01-17 00:43:35",1340
"2020-01-17 01:43:38",1340
"2020-01-17 02:43:14",1340
"2020-01-17 03:43:16",1340
"2020-01-17 04:43:18",1340
"2020-01-17 05:43:16",1340
"2020-01-17 06:43:23",1340
"2020-01-17 07:43:15",1340
"2020-01-17 08:43:18",1340
"2020-01-17 09:43:42",1340
"2020-01-17 10:43:12",1340
"2020-01-17 11:43:14",1340
"2020-01-17 12:43:17",1340
"2020-01-17 14:06:58",1340
"2020-01-17 14:43:22",1340
"2020-01-17 15:43:17",1341
"2020-01-17 16:43:19",1343
"2020-01-17 17:43:17",1344
"2020-01-17 18:43:18",1346
"2020-01-17 19:43:15",1346
"2020-01-17 20:43:18",1349
"2020-01-17 21:43:14",1351
"2020-01-17 22:43:18",1351
"2020-01-17 23:43:14",1351
"2020-01-18 00:43:32",1351
"2020-01-18 01:43:14",1351
"2020-01-18 02:43:16",1351
"2020-01-18 03:43:15",1351
"2020-01-18 04:43:18",1351
"2020-01-18 05:43:19",1351
"2020-01-18 06:43:14",1351
"2020-01-18 07:43:16",1351
"2020-01-18 08:43:18",1351
"2020-01-18 09:43:16",1351
"2020-01-18 10:43:13",1351
"2020-01-18 11:43:12",1351
"2020-01-18 12:43:16",1351
"2020-01-18 13:43:17",1351
"2020-01-18 14:43:15",1351
"2020-01-18 15:43:17",1351
"2020-01-18 16:43:14",1351
"2020-01-18 17:43:21",1351
"2020-01-18 18:43:17",1351
"2020-01-18 19:43:38",1351
"2020-01-18 20:43:15",1351
"2020-01-18 21:43:20",1351
"2020-01-18 22:43:20",1351
"2020-01-18 23:43:16",1351
"2020-01-19 00:43:13",1351
"2020-01-19 01:43:17",1351
"2020-01-19 02:43:19",1351
"2020-01-19 03:43:19",1351
"2020-01-19 04:43:15",1351
"2020-01-19 05:43:15",1351
"2020-01-19 06:43:17",1351
"2020-01-19 07:43:15",1351
"2020-01-19 08:43:24",1351
"2020-01-19 09:43:18",1351
"2020-01-19 10:43:14",1351
"2020-01-19 11:43:13",1351
"2020-01-19 12:43:13",1351
"2020-01-19 13:43:15",1351
"2020-01-19 14:43:23",1351
"2020-01-19 15:43:40",1351
"2020-01-19 16:43:14",1351
"2020-01-19 17:43:16",1351
"2020-01-19 18:43:16",1351
"2020-01-19 19:43:42",1351
"2020-01-19 20:43:16",1351
"2020-01-19 21:43:16",1351
"2020-01-19 22:43:16",1351
"2020-01-19 23:43:43",1351
"2020-01-20 00:43:37",1351
"2020-01-20 01:43:39",1351
"2020-01-20 02:43:29",1351
"2020-01-20 03:43:39",1351
"2020-01-20 04:43:35",1351
"2020-01-20 05:43:14",1351
"2020-01-20 06:43:39",1351
"2020-01-20 07:43:13",1351
"2020-01-20 08:43:38",1351
"2020-01-20 09:51:49",1351
"2020-01-20 10:43:33",1351
"2020-01-20 11:43:16",1351
"2020-01-20 12:43:17",1351
"2020-01-20 13:43:33",1351
"2020-01-20 14:43:34",1351
"2020-01-20 15:43:40",1351
"2020-01-20 16:43:17",1351
"2020-01-20 17:43:36",1351
"2020-01-20 18:43:15",1351
"2020-01-20 19:43:37",1351
"2020-01-20 20:43:37",1351
"2020-01-20 21:43:38",1351
"2020-01-20 22:43:41",1351
"2020-01-20 23:43:37",1351
"2020-01-21 00:43:39",1351
"2020-01-21 01:43:38",1351
"2020-01-21 02:43:39",1351
"2020-01-21 03:43:16",1351
"2020-01-21 04:43:19",1351
"2020-01-21 05:43:14",1351
"2020-01-21 06:43:14",1351
"2020-01-21 07:43:16",1351
"2020-01-21 08:43:19",1351
"2020-01-21 10:00:18",1351
"2020-01-21 10:43:35",1351
"2020-01-21 11:43:19",1351
"2020-01-21 12:43:17",1351
"2020-01-21 13:43:16",1351
"2020-01-21 15:43:41",1354
"2020-01-21 16:43:20",1355
"2020-01-21 17:43:38",1361
"2020-01-21 18:43:20",1360
"2020-01-21 19:43:42",1360
"2020-01-21 20:43:16",1364
"2020-01-21 21:43:38",1366
"2020-01-21 22:43:35",1370
"2020-01-21 23:43:13",1370
"2020-01-22 00:43:19",1370
"2020-01-22 01:43:15",1370
"2020-01-22 02:43:35",1370
"2020-01-22 03:43:22",1370
"2020-01-22 04:43:20",1370
"2020-01-22 05:43:17",1370
"2020-01-22 06:43:17",1370
"2020-01-22 07:43:15",1370
"2020-01-22 08:43:20",1370
"2020-01-22 09:56:30",1370
"2020-01-22 10:43:13",1370
"2020-01-22 11:43:14",1370
"2020-01-22 12:43:38",1370
"2020-01-22 13:43:36",1370
"2020-01-22 14:43:28",1370
"2020-01-22 15:43:22",1366
"2020-01-22 16:43:38",1369
"2020-01-22 17:43:32",1368
"2020-01-22 18:43:35",1368
"2020-01-22 19:43:40",1368
"2020-01-22 20:43:41",1369
"2020-01-22 21:43:40",1372
"2020-01-22 22:43:28",1373
"2020-01-22 23:43:34",1374
"2020-01-23 00:43:42",1374
"2020-01-23 01:43:42",1374
"2020-01-23 02:43:20",1374
"2020-01-23 03:43:16",1374
"2020-01-23 04:43:20",1374
"2020-01-23 05:43:15",1374
"2020-01-23 06:43:20",1374
"2020-01-23 07:43:16",1374
"2020-01-23 08:43:20",1374
"2020-01-23 10:43:14",1374
"2020-01-23 11:43:16",1374
"2020-01-23 12:43:15",1374
"2020-01-23 14:08:28",1374
"2020-01-23 14:43:32",1374
"2020-01-23 15:43:21",1369
"2020-01-23 16:43:18",1370
"2020-01-23 17:43:16",1372
"2020-01-23 18:43:21",1371
"2020-01-23 19:43:18",1367
"2020-01-23 20:43:21",1369
"2020-01-23 21:43:30",1367
"2020-01-23 22:43:22",1371
"2020-01-23 23:43:21",1370
"2020-01-24 00:43:20",1370
"2020-01-24 01:43:22",1370
"2020-01-24 02:43:40",1370
"2020-01-24 03:43:17",1370
"2020-01-24 04:43:17",1370
"2020-01-24 05:43:23",1370
"2020-01-24 06:43:19",1370
"2020-01-24 07:43:18",1370
"2020-01-24 08:43:18",1370
"2020-01-24 09:54:35",1370
"2020-01-24 10:43:18",1370
"2020-01-24 11:43:15",1370
"2020-01-24 12:43:17",1370
"2020-01-24 14:07:28",1370
"2020-01-24 14:43:21",1370
"2020-01-24 15:43:20",1373
"2020-01-24 16:43:19",1364
"2020-01-24 17:43:18",1362
"2020-01-24 18:43:19",1363
"2020-01-24 19:43:21",1365
"2020-01-24 20:43:25",1363
"2020-01-24 21:43:17",1363
"2020-01-24 22:43:14",1363
"2020-01-24 23:43:20",1363
"2020-01-25 00:43:16",1363
"2020-01-25 01:43:21",1363
"2020-01-25 02:43:30",1363
"2020-01-25 03:43:21",1363
"2020-01-25 04:43:17",1363
"2020-01-25 05:43:19",1363
"2020-01-25 06:43:22",1363
"2020-01-25 07:43:18",1363
"2020-01-25 08:43:21",1363
"2020-01-25 09:55:02",1363
"2020-01-25 10:43:21",1363
"2020-01-25 11:43:16",1363
"2020-01-25 12:43:22",1363
"2020-01-25 13:43:19",1363
"2020-01-25 14:43:13",1363
"2020-01-25 15:43:18",1363
"2020-01-25 16:43:16",1363
"2020-01-25 17:43:18",1363
"2020-01-25 18:43:16",1363
"2020-01-25 19:43:15",1363
"2020-01-25 20:43:18",1363
"2020-01-25 21:43:15",1363
"2020-01-25 22:43:18",1363
"2020-01-25 23:43:15",1363
"2020-01-26 00:43:20",1363
"2020-01-26 01:43:18",1363
"2020-01-26 02:43:23",1363
"2020-01-26 03:43:22",1363
"2020-01-26 04:43:18",1363
"2020-01-26 06:43:15",1363
"2020-01-26 07:43:16",1363
"2020-01-27 02:43:18",1363
"2020-01-27 03:43:16",1363
"2020-01-27 04:43:29",1363
"2020-01-27 05:43:25",1363
"2020-01-27 06:43:27",1363
"2020-01-27 07:43:19",1363
"2020-01-27 08:43:22",1363
"2020-01-27 09:43:23",1363
"2020-01-27 10:43:25",1363
"2020-01-27 11:43:22",1363
"2020-01-27 12:43:20",1363
"2020-01-27 13:43:19",1363
"2020-01-27 14:43:50",1365
"2020-01-27 15:43:36",1363
"2020-01-27 16:43:25",1365
"2020-01-27 17:43:26",1367
"2020-01-27 18:43:26",1369
"2020-01-27 19:43:35",1372
"2020-01-27 20:43:24",1370
"2020-01-27 21:43:26",1369
"2020-01-27 22:43:45",1369
"2020-01-27 23:43:33",1369
"2020-01-28 00:43:17",1369
"2020-01-28 01:43:33",1369
"2020-01-28 02:43:27",1369
"2020-01-28 03:43:26",1369
"2020-01-28 04:43:28",1369
"2020-01-28 05:43:31",1369
"2020-01-28 06:43:17",1369
"2020-01-28 07:43:19",1369
"2020-01-28 08:43:24",1369
"2020-01-28 09:43:32",1369
"2020-01-28 10:43:15",1369
"2020-01-28 11:43:15",1369
"2020-01-28 12:43:19",1369
"2020-01-28 14:08:00",1369
"2020-01-28 14:43:40",1369
"2020-01-28 15:43:29",1371
"2020-01-28 16:43:33",1375
"2020-01-28 17:43:23",1375
"2020-01-28 18:43:25",1374
"2020-01-28 19:43:29",1375
"2020-01-28 21:43:35",1375
"2020-01-28 22:43:29",1375
"2020-01-28 23:43:20",1376
"2020-01-29 00:43:19",1376
"2020-01-29 01:43:30",1376
"2020-01-29 02:43:40",1376
"2020-01-29 03:43:28",1376
"2020-01-29 04:43:19",1376
"2020-01-29 05:43:25",1376
"2020-01-29 06:43:20",1376
"2020-01-29 07:43:16",1376
"2020-01-29 08:43:22",1376
"2020-01-29 09:43:26",1376
"2020-01-29 10:43:19",1376
"2020-01-29 11:43:17",1376
"2020-01-29 12:43:21",1376
"2020-01-29 13:43:32",1376
"2020-01-29 14:43:30",1376
"2020-01-29 15:43:32",1382
"2020-01-29 16:43:29",1384
"2020-01-29 17:43:32",1388
"2020-01-29 18:43:30",1392
"2020-01-29 19:43:30",1390
"2020-01-29 20:43:29",1389
"2020-01-29 21:43:30",1388
"2020-01-29 22:43:16",1387
"2020-01-29 23:43:21",1388
"2020-01-30 00:43:27",1388
"2020-01-30 01:43:36",1388
"2020-01-30 02:43:29",1388
"2020-01-30 03:43:18",1388
"2020-01-30 04:43:31",1388
"2020-01-30 05:43:39",1388
"2020-01-30 06:43:36",1388
"2020-01-30 07:43:20",1388
"2020-01-30 08:43:21",1388
"2020-01-30 09:43:23",1388
"2020-01-30 10:43:12",1388
"2020-01-30 11:43:17",1388
"2020-01-30 12:43:18",1388
"2020-01-30 13:43:19",1388
"2020-01-30 14:43:30",1387
"2020-01-30 15:43:26",1385
"2020-01-30 16:43:29",1388
"2020-01-30 17:43:29",1390
"2020-01-30 18:43:32",1388
"2020-01-30 19:43:29",1390
"2020-01-30 20:43:23",1391
"2020-01-30 21:43:35",1390
"2020-01-30 22:43:18",1389
"2020-01-30 23:43:18",1389
"2020-01-31 00:43:25",1389
"2020-01-31 01:43:29",1389
"2020-01-31 02:43:20",1389
"2020-01-31 03:43:23",1389
"2020-01-31 04:43:17",1389
"2020-01-31 05:43:18",1389
"2020-01-31 06:43:18",1389
"2020-01-31 07:43:18",1389
"2020-01-31 08:43:25",1389
"2020-01-31 09:43:24",1389
"2020-01-31 10:43:19",1389
"2020-01-31 11:43:16",1389
"2020-01-31 12:43:18",1389
"2020-01-31 13:43:21",1389
"2020-01-31 14:43:23",1389
"2020-01-31 15:43:23",1389
"2020-01-31 16:43:23",1389
"2020-01-31 17:43:19",1388
"2020-01-31 18:43:21",1392
"2020-01-31 19:43:19",1391
"2020-01-31 20:43:20",1393
"2020-01-31 21:43:18",1393
"2020-01-31 22:43:22",1393
"2020-01-31 23:43:18",1393
"2020-02-01 00:43:18",1393
"2020-02-01 01:43:49",1393
"2020-02-01 02:43:20",1393
"2020-02-01 03:43:23",1393
"2020-02-01 04:43:24",1393
"2020-02-01 05:43:28",1393
"2020-02-01 06:43:20",1393
"2020-02-01 07:43:26",1393
"2020-02-01 08:43:19",1393
"2020-02-01 09:43:22",1393
"2020-02-01 10:43:17",1392
"2020-02-01 11:43:18",1392
"2020-02-01 12:43:15",1392
"2020-02-01 13:43:22",1392
"2020-02-01 14:43:17",1392
"2020-02-01 15:43:21",1392
"2020-02-01 16:43:16",1392
"2020-02-01 17:43:21",1392
"2020-02-01 18:43:16",1392
"2020-02-01 19:43:17",1392
"2020-02-01 20:43:20",1392
"2020-02-01 21:43:30",1392
"2020-02-01 22:43:25",1392
"2020-02-01 23:43:31",1392
"2020-02-02 00:43:28",1392
"2020-02-02 01:43:31",1392
"2020-02-02 02:43:27",1392
"2020-02-02 03:43:27",1392
"2020-02-02 04:43:27",1392
"2020-02-02 05:43:25",1392
"2020-02-02 06:43:28",1392
"2020-02-02 07:43:25",1392
"2020-02-02 08:43:27",1392
"2020-02-02 09:43:30",1392
"2020-02-02 10:43:26",1392
"2020-02-02 11:43:22",1392
"2020-02-02 12:43:30",1392
"2020-02-02 13:43:29",1392
"2020-02-02 14:43:26",1392
"2020-02-02 15:43:24",1392
"2020-02-02 16:43:25",1392
"2020-02-02 17:43:29",1392
"2020-02-02 18:43:24",1392
"2020-02-02 19:43:25",1392
"2020-02-02 20:43:26",1392
"2020-02-02 21:43:26",1392
"2020-02-02 22:43:28",1392
"2020-02-02 23:43:36",1392
"2020-02-03 00:43:38",1392
"2020-02-03 01:43:31",1392
"2020-02-03 02:43:28",1392
"2020-02-03 03:43:30",1392
"2020-02-03 04:43:29",1392
"2020-02-03 05:43:27",1392
"2020-02-03 06:43:27",1392
"2020-02-03 07:43:28",1392
"2020-02-03 08:43:29",1392
"2020-02-03 09:43:32",1392
"2020-02-03 10:43:26",1392
"2020-02-03 11:43:28",1392
"2020-02-03 12:43:23",1392
"2020-02-03 14:44:38",1393
"2020-02-03 14:52:24",1393
"2020-02-03 15:43:34",1392
"2020-02-03 16:43:35",1393
"2020-02-03 17:43:32",1393
"2020-02-03 18:43:32",1392
"2020-02-03 19:43:28",1390
"2020-02-03 20:43:32",1388
"2020-02-03 21:43:30",1386
"2020-02-03 22:43:29",1384
"2020-02-03 23:43:30",1384
"2020-02-04 00:43:26",1384
"2020-02-04 01:43:29",1384
"2020-02-04 02:43:30",1384
"2020-02-04 03:43:33",1384
"2020-02-04 04:43:29",1384
"2020-02-04 05:43:31",1384
"2020-02-04 06:43:31",1384
"2020-02-04 07:43:35",1384
"2020-02-04 08:43:18",1384
"2020-02-04 09:43:37",1384
"2020-02-04 10:43:27",1384
"2020-02-04 11:43:29",1384
"2020-02-04 12:43:30",1384
"2020-02-04 14:11:34",1383
"2020-02-04 14:43:44",1383
"2020-02-04 15:43:35",1382
"2020-02-04 16:43:36",1383
"2020-02-04 17:43:35",1394
"2020-02-04 18:43:37",1401
"2020-02-04 19:43:32",1402
"2020-02-04 20:43:32",1400
"2020-02-04 21:43:32",1406
"2020-02-04 22:43:34",1405
"2020-02-04 23:43:33",1403
"2020-02-05 00:43:30",1403
"2020-02-05 01:43:35",1403
"2020-02-05 02:43:32",1403
"2020-02-05 03:43:32",1403
"2020-02-05 04:43:50",1403
"2020-02-05 05:43:28",1403
"2020-02-05 06:43:33",1403
"2020-02-05 07:43:29",1403
"2020-02-05 08:43:33",1402
"2020-02-05 09:43:34",1402
"2020-02-05 10:43:31",1402
"2020-02-05 11:43:34",1402
"2020-02-05 12:43:37",1402
"2020-02-05 14:05:33",1402
"2020-02-05 14:43:40",1402
"2020-02-05 15:43:37",1399
"2020-02-05 16:43:34",1407
"2020-02-05 17:43:27",1412
"2020-02-05 18:43:27",1428
"2020-02-05 19:43:33",1432
"2020-02-05 20:43:36",1442
"2020-02-05 21:43:31",1455
"2020-02-05 22:43:32",1457
"2020-02-05 23:43:36",1460
"2020-02-06 00:43:37",1460
"2020-02-06 01:43:33",1460
"2020-02-06 02:43:34",1460
"2020-02-06 03:43:48",1460
"2020-02-06 04:43:44",1460
"2020-02-06 05:43:34",1460
"2020-02-06 06:43:29",1460
"2020-02-06 07:43:34",1460
"2020-02-06 08:43:32",1460
"2020-02-06 09:43:33",1460
"2020-02-06 10:43:26",1460
"2020-02-06 11:43:31",1460
"2020-02-06 12:43:31",1460
"2020-02-06 13:43:31",1460
"2020-02-06 14:43:38",1460
"2020-02-06 15:43:45",1459
"2020-02-06 16:43:30",1453
"2020-02-06 17:43:33",1454
"2020-02-06 18:43:35",1455
"2020-02-06 19:43:32",1453
"2020-02-06 20:43:32",1450
"2020-02-06 21:43:32",1448
"2020-02-06 22:43:30",1450
"2020-02-06 23:43:30",1450
"2020-02-07 00:43:30",1450
"2020-02-07 01:43:44",1450
"2020-02-07 02:43:31",1450
"2020-02-07 03:43:36",1450
"2020-02-07 04:43:32",1450
"2020-02-07 05:43:42",1450
"2020-02-07 06:43:42",1450
"2020-02-07 07:43:33",1450
"2020-02-07 08:43:34",1450
"2020-02-07 09:43:37",1450
"2020-02-07 10:43:37",1450
"2020-02-07 11:43:30",1450
"2020-02-07 12:43:29",1450
"2020-02-07 14:07:02",1450
"2020-02-07 14:43:34",1450
"2020-02-07 15:43:34",1449
"2020-02-07 16:43:31",1459
"2020-02-07 17:43:36",1461
"2020-02-07 18:43:30",1464
"2020-02-07 19:43:36",1466
"2020-02-07 20:43:33",1467
"2020-02-07 21:43:31",1469
"2020-02-07 22:43:31",1469
"2020-02-07 23:43:32",1469
"2020-02-08 00:43:28",1469
"2020-02-08 01:43:29",1469
"2020-02-08 02:43:29",1469
"2020-02-08 03:43:33",1469
"2020-02-08 04:43:32",1469
"2020-02-08 05:43:29",1469
"2020-02-08 06:43:31",1469
"2020-02-08 07:43:34",1469
"2020-02-08 08:43:27",1469
"2020-02-08 09:43:33",1469
"2020-02-08 10:43:19",1469
"2020-02-08 11:43:28",1469
"2020-02-08 12:43:29",1469
"2020-02-08 13:43:28",1469
"2020-02-08 14:43:32",1469
"2020-02-08 15:43:29",1469
"2020-02-08 16:43:33",1469
"2020-02-08 17:43:32",1469
"2020-02-08 18:46:14",1469
"2020-02-08 19:43:31",1469
"2020-02-08 20:43:37",1469
"2020-02-08 21:43:35",1469
"2020-02-08 22:43:33",1469
"2020-02-08 23:43:30",1469
"2020-02-09 00:43:30",1469
"2020-02-09 01:43:31",1469
"2020-02-09 02:43:41",1469
"2020-02-09 03:43:33",1469
"2020-02-09 04:43:26",1469
"2020-02-09 05:43:30",1469
"2020-02-09 06:43:34",1469
"2020-02-09 07:43:32",1469
"2020-02-09 08:43:32",1469
"2020-02-09 09:43:32",1469
"2020-02-09 10:43:31",1469
"2020-02-09 11:43:34",1469
"2020-02-09 12:43:30",1469
"2020-02-09 13:43:31",1469
"2020-02-09 14:43:31",1469
"2020-02-09 15:43:30",1469
"2020-02-09 16:43:33",1469
"2020-02-09 17:43:30",1469
"2020-02-09 18:43:31",1469
"2020-02-09 19:43:32",1469
"2020-02-09 20:43:30",1469
"2020-02-09 21:43:39",1469
"2020-02-09 22:43:28",1469
"2020-02-09 23:43:54",1469
"2020-02-10 00:43:33",1469
"2020-02-10 01:43:30",1469
"2020-02-10 02:43:33",1469
"2020-02-10 03:43:35",1469
"2020-02-10 04:43:30",1469
"2020-02-10 05:43:38",1469
"2020-02-10 06:43:36",1469
"2020-02-10 07:43:30",1469
"2020-02-10 08:43:30",1469
"2020-02-10 09:43:35",1469
"2020-02-10 10:43:31",1469
"2020-02-10 11:43:29",1469
"2020-02-10 12:43:32",1469
"2020-02-10 13:43:30",1469
"2020-02-10 14:43:34",1470
"2020-02-10 15:43:36",1465
"2020-02-10 16:43:38",1469
"2020-02-10 17:43:29",1468
"2020-02-10 18:43:31",1469
"2020-02-10 19:43:30",1471
"2020-02-10 20:43:34",1471
"2020-02-10 21:43:37",1471
"2020-02-10 22:43:33",1471
"2020-02-10 23:43:31",1470
"2020-02-11 00:43:34",1470
"2020-02-11 01:43:43",1470
"2020-02-11 02:43:36",1470
"2020-02-11 03:43:33",1470
"2020-02-11 04:43:35",1470
"2020-02-11 05:43:33",1470
"2020-02-11 06:43:37",1470
"2020-02-11 07:43:32",1470
"2020-02-11 08:43:32",1470
"2020-02-11 09:43:39",1470
"2020-02-11 10:43:32",1470
"2020-02-11 11:43:30",1470
"2020-02-11 12:43:28",1470
"2020-02-11 14:07:32",1470
"2020-02-11 14:43:37",1470
"2020-02-11 15:43:34",1467
"2020-02-11 16:43:36",1468
"2020-02-11 17:43:31",1466
"2020-02-11 18:43:33",1466
"2020-02-11 19:43:34",1467
"2020-02-11 20:43:33",1469
"2020-02-11 21:45:10",1468
"2020-02-11 22:43:43",1468
"2020-02-11 23:43:31",1468
"2020-02-12 00:43:44",1468
"2020-02-12 01:43:32",1468
"2020-02-12 02:43:50",1468
"2020-02-12 03:43:29",1468
"2020-02-12 04:43:34",1468
"2020-02-12 05:43:33",1468
"2020-02-12 06:43:38",1468
"2020-02-12 07:43:30",1468
"2020-02-12 08:43:33",1468
"2020-02-12 09:43:35",1468
"2020-02-12 10:43:31",1468
"2020-02-12 11:43:27",1468
"2020-02-12 12:43:28",1468
"2020-02-12 14:07:32",1468
"2020-02-12 14:43:39",1468
"2020-02-12 15:43:35",1468
"2020-02-12 16:43:31",1467
"2020-02-12 17:43:34",1466
"2020-02-12 18:43:40",1469
"2020-02-12 19:43:32",1469
"2020-02-12 20:43:35",1466
"2020-02-12 21:43:34",1463
"2020-02-12 22:43:22",1461
"2020-02-12 23:43:19",1460
"2020-02-13 00:43:34",1460
"2020-02-13 01:43:25",1460
"2020-02-13 02:43:35",1460
"2020-02-13 03:43:32",1460
"2020-02-13 04:43:29",1460
"2020-02-13 05:43:35",1460
"2020-02-13 06:43:36",1460
"2020-02-13 07:43:21",1460
"2020-02-13 08:43:22",1460
"2020-02-13 09:43:23",1460
"2020-02-13 10:43:17",1460
"2020-02-13 11:43:30",1460
"2020-02-13 12:43:24",1460
"2020-02-13 14:07:31",1459
"2020-02-13 14:43:27",1459
"2020-02-13 15:43:30",1451
"2020-02-13 16:43:29",1442
"2020-02-13 17:43:36",1443
"2020-02-13 18:43:38",1442
"2020-02-13 19:43:35",1441
"2020-02-13 20:43:32",1444
"2020-02-13 21:43:32",1444
"2020-02-13 22:43:26",1444
"2020-02-13 23:43:25",1445
"2020-02-14 00:43:25",1445
"2020-02-14 01:43:27",1445
"2020-02-14 02:43:36",1445
"2020-02-14 03:43:24",1445
"2020-02-14 04:43:27",1445
"2020-02-14 05:43:26",1445
"2020-02-14 06:43:21",1445
"2020-02-14 07:43:19",1445
"2020-02-14 08:43:28",1445
"2020-02-14 09:43:26",1445
"2020-02-14 10:43:19",1445
"2020-02-14 11:43:23",1445
"2020-02-14 12:43:24",1445
"2020-02-14 13:43:26",1445
"2020-02-14 14:43:31",1444
"2020-02-14 15:43:38",1448
"2020-02-14 16:43:26",1448
"2020-02-14 17:43:28",1446
"2020-02-14 18:43:22",1445
"2020-02-14 19:43:24",1443
"2020-02-14 20:43:31",1443
"2020-02-14 21:43:19",1443
"2020-02-14 22:43:23",1444
"2020-02-14 23:43:32",1443
"2020-02-15 00:43:21",1443
"2020-02-15 01:43:29",1443
"2020-02-15 02:43:23",1443
"2020-02-15 03:43:22",1443
"2020-02-15 04:43:26",1443
"2020-02-15 05:43:17",1443
"2020-02-15 06:43:20",1443
"2020-02-15 07:43:19",1443
"2020-02-15 08:43:18",1443
"2020-02-15 09:43:21",1443
"2020-02-15 10:43:16",1443
"2020-02-15 11:43:19",1443
"2020-02-15 12:43:26",1443
"2020-02-15 13:43:18",1443
"2020-02-15 14:43:21",1443
"2020-02-15 15:43:20",1443
"2020-02-15 16:43:17",1443
"2020-02-15 17:43:19",1443
"2020-02-15 18:43:31",1443
"2020-02-15 19:43:18",1443
"2020-02-15 20:43:19",1443
"2020-02-15 21:43:18",1443
"2020-02-15 22:43:20",1443
"2020-02-15 23:43:19",1443
"2020-02-16 00:43:16",1443
"2020-02-16 01:43:18",1443
"2020-02-16 02:43:18",1443
"2020-02-16 03:43:16",1443
"2020-02-16 04:43:19",1443
"2020-02-16 05:43:19",1443
"2020-02-16 06:43:17",1443
"2020-02-16 07:43:17",1443
"2020-02-16 08:43:18",1443
"2020-02-16 09:43:20",1443
"2020-02-16 10:43:18",1443
"2020-02-16 11:43:19",1443
"2020-02-16 12:43:19",1443
"2020-02-16 13:43:18",1443
"2020-02-16 14:43:20",1443
"2020-02-16 15:43:31",1443
"2020-02-16 16:43:29",1443
"2020-02-16 17:43:20",1443
"2020-02-16 18:43:21",1443
"2020-02-16 19:43:18",1443
"2020-02-16 20:43:17",1443
"2020-02-16 21:43:17",1443
"2020-02-16 22:43:19",1443
"2020-02-16 23:43:20",1443
"2020-02-17 00:43:19",1443
"2020-02-17 01:43:16",1443
"2020-02-17 02:43:20",1443
"2020-02-17 03:43:18",1443
"2020-02-17 04:43:20",1443
"2020-02-17 05:43:18",1443
"2020-02-17 06:43:20",1443
"2020-02-17 07:43:19",1443
"2020-02-17 08:43:19",1443
"2020-02-17 09:43:20",1443
"2020-02-17 10:43:18",1443
"2020-02-17 11:43:17",1443
"2020-02-17 12:43:23",1443
"2020-02-17 13:43:17",1443
"2020-02-17 14:43:15",1443
"2020-02-17 15:43:19",1443
"2020-02-17 16:43:24",1443
"2020-02-17 17:43:17",1443
"2020-02-17 18:43:19",1443
"2020-02-17 19:43:17",1443
"2020-02-17 20:43:17",1443
"2020-02-17 22:43:23",1443
"2020-02-17 23:43:28",1443
"2020-02-18 00:43:17",1443
"2020-02-18 01:43:18",1443
"2020-02-18 02:43:21",1443
"2020-02-18 03:43:19",1443
"2020-02-18 04:43:20",1443
"2020-02-18 05:43:26",1443
"2020-02-18 06:43:17",1443
"2020-02-18 07:43:20",1443
"2020-02-18 08:43:24",1443
"2020-02-18 09:43:26",1443
"2020-02-18 10:43:22",1443
"2020-02-18 11:43:21",1443
"2020-02-18 12:43:27",1443
"2020-02-18 14:08:00",1443
"2020-02-18 14:43:26",1443
"2020-02-18 15:43:25",1437
"2020-02-18 16:43:26",1434
"2020-02-18 17:43:24",1434
"2020-02-18 18:43:20",1434
"2020-02-18 19:43:22",1438
"2020-02-18 20:43:23",1448
"2020-02-18 21:43:21",1448
"2020-02-18 22:43:19",1448
"2020-02-18 23:43:22",1449
"2020-02-19 01:43:23",1449
"2020-02-19 02:43:22",1449
"2020-02-19 03:43:25",1449
"2020-02-19 04:43:20",1449
"2020-02-19 05:43:21",1449
"2020-02-19 06:43:21",1449
"2020-02-19 07:43:23",1449
"2020-02-19 08:43:21",1449
"2020-02-19 09:43:24",1449
"2020-02-19 10:43:20",1449
"2020-02-19 11:43:15",1449
"2020-02-19 12:43:19",1449
"2020-02-19 14:09:31",1449
"2020-02-19 14:43:31",1449
"2020-02-19 15:43:28",1449
"2020-02-19 16:43:20",1456
"2020-02-19 17:43:21",1461
"2020-02-19 18:43:21",1459
"2020-02-19 19:43:18",1460
"2020-02-19 20:43:19",1476
"2020-02-19 21:43:31",1496
"2020-02-19 22:43:23",1497
"2020-02-19 23:43:19",1498
"2020-02-20 00:43:19",1498
"2020-02-20 01:43:22",1498
"2020-02-20 02:43:25",1498
"2020-02-20 03:43:20",1498
"2020-02-20 04:43:20",1498
"2020-02-20 05:43:21",1498
"2020-02-20 06:43:29",1498
"2020-02-20 07:43:20",1498
"2020-02-20 08:43:23",1498
"2020-02-20 09:43:23",1498
"2020-02-20 10:43:23",1498
"2020-02-20 11:43:20",1498
"2020-02-20 12:43:29",1498
"2020-02-20 13:43:28",1498
"2020-02-20 14:43:21",1498
"2020-02-20 15:43:24",1506
"2020-02-20 16:43:20",1504
"2020-02-20 17:43:28",1471
"2020-02-20 18:43:27",1472
"2020-02-20 19:43:39",1479
"2020-02-20 20:43:32",1478
"2020-02-20 21:43:29",1474
"2020-02-20 22:43:36",1475
"2020-02-20 23:43:32",1476
"2020-02-21 00:43:32",1476
"2020-02-21 01:43:34",1476
"2020-02-21 02:43:36",1476
"2020-02-21 03:43:52",1476
"2020-02-21 04:43:55",1476
"2020-02-21 05:43:37",1476
"2020-02-21 06:43:38",1476
"2020-02-21 07:43:37",1476
"2020-02-21 08:43:35",1476
"2020-02-21 09:43:55",1476
"2020-02-21 10:44:16",1476
"2020-02-21 11:43:50",1476
"2020-02-21 12:43:50",1476
"2020-02-21 13:43:51",1476
"2020-02-21 14:43:43",1476
"2020-02-21 15:43:59",1472
"2020-02-21 16:44:13",1483
"2020-02-21 17:44:09",1485
"2020-02-21 18:43:52",1487
"2020-02-21 19:43:35",1487
"2020-02-21 20:43:34",1486
"2020-02-21 21:43:55",1486
"2020-02-21 22:43:40",1485
"2020-02-21 23:44:47",1488
"2020-02-22 00:44:06",1488
"2020-02-22 01:43:42",1488
"2020-02-22 02:43:41",1488
"2020-02-22 03:44:05",1488
"2020-02-22 04:43:53",1488
"2020-02-22 05:43:49",1488
"2020-02-22 06:43:30",1488
"2020-02-22 07:43:47",1488
"2020-02-22 08:44:02",1488
"2020-02-22 09:43:31",1488
"2020-02-22 10:43:41",1488
"2020-02-22 11:43:31",1488
"2020-02-22 12:43:52",1488
"2020-02-22 13:44:46",1488
"2020-02-22 14:43:30",1488
"2020-02-22 15:43:36",1488
"2020-02-22 16:44:11",1488
"2020-02-22 17:43:55",1488
"2020-02-22 18:43:34",1488
"2020-02-22 19:43:33",1488
"2020-02-22 20:43:52",1488
"2020-02-22 21:44:31",1488
"2020-02-22 22:44:04",1488
"2020-02-22 23:43:30",1488
"2020-02-23 00:43:35",1488
"2020-02-23 01:43:39",1488
"2020-02-23 02:43:48",1488
"2020-02-23 03:43:35",1488
"2020-02-23 04:43:53",1488
"2020-02-23 05:43:52",1488
"2020-02-23 06:43:36",1488
"2020-02-23 07:43:41",1488
"2020-02-23 08:44:04",1488
"2020-02-23 09:43:34",1488
"2020-02-23 10:43:36",1488
"2020-02-23 11:43:37",1488
"2020-02-23 12:43:37",1488
"2020-02-23 13:43:36",1488
"2020-02-23 14:43:54",1488
"2020-02-23 15:43:35",1488
"2020-02-23 16:43:38",1488
"2020-02-23 17:43:32",1488
"2020-02-23 18:43:38",1488
"2020-02-23 19:43:38",1488
"2020-02-23 20:43:37",1488
"2020-02-23 21:43:54",1488
"2020-02-23 22:43:27",1488
"2020-02-23 23:43:39",1488
"2020-02-24 00:43:59",1488
"2020-02-24 01:43:31",1488
"2020-02-24 02:43:55",1488
"2020-02-24 03:43:35",1488
"2020-02-24 04:43:43",1488
"2020-02-24 05:44:04",1488
"2020-02-24 06:43:38",1488
"2020-02-24 07:43:37",1488
"2020-02-24 08:43:40",1488
"2020-02-24 09:55:56",1488
"2020-02-24 10:43:34",1488
"2020-02-24 11:43:57",1488
"2020-02-24 12:43:32",1488
"2020-02-24 13:43:47",1488
"2020-02-24 14:44:07",1488
"2020-02-24 15:43:37",1483
"2020-02-24 16:43:54",1478
"2020-02-24 17:43:36",1479
"2020-02-24 18:43:42",1476
"2020-02-24 19:44:00",1475
"2020-02-24 20:44:01",1475
"2020-02-24 21:43:59",1477
"2020-02-24 22:43:55",1477
"2020-02-24 23:43:35",1477
"2020-02-25 00:43:39",1477
"2020-02-25 01:43:32",1477
"2020-02-25 02:43:45",1477
"2020-02-25 03:43:43",1477
"2020-02-25 04:43:41",1477
"2020-02-25 05:44:09",1477
"2020-02-25 06:43:43",1477
"2020-02-25 07:43:46",1477
"2020-02-25 08:44:01",1477
"2020-02-25 09:56:40",1477
"2020-02-25 10:43:55",1477
"2020-02-25 11:43:43",1477
"2020-02-25 12:43:45",1477
"2020-02-25 14:08:57",1477
"2020-02-25 14:43:45",1477
"2020-02-25 15:43:45",1477
"2020-02-25 16:43:45",1471
"2020-02-25 17:43:43",1470
"2020-02-25 18:43:56",1466
"2020-02-25 19:43:45",1468
"2020-02-25 20:44:03",1463
"2020-02-25 21:44:00",1462
"2020-02-25 22:43:43",1462
"2020-02-25 23:43:41",1463
"2020-02-26 00:43:45",1463
"2020-02-26 01:43:44",1463
"2020-02-26 02:43:49",1463
"2020-02-26 03:43:43",1463
"2020-02-26 04:44:08",1463
"2020-02-26 05:43:59",1463
"2020-02-26 06:44:02",1463
"2020-02-26 07:44:14",1463
"2020-02-26 08:44:00",1463
"2020-02-26 09:43:50",1463
"2020-02-26 10:43:44",1463
"2020-02-26 11:43:55",1463
"2020-02-26 12:43:39",1463
"2020-02-26 13:44:00",1463
"2020-02-26 14:44:07",1462
"2020-02-26 15:44:04",1447
"2020-02-26 16:43:43",1446
"2020-02-26 17:43:47",1444
"2020-02-26 18:43:46",1440
"2020-02-26 19:44:02",1439
"2020-02-26 20:43:57",1439
"2020-02-26 21:44:01",1440
"2020-02-26 22:43:56",1442
"2020-02-26 23:44:00",1442
"2020-02-27 00:43:43",1442
"2020-02-27 01:43:44",1442
"2020-02-27 02:43:35",1442
"2020-02-27 03:44:03",1442
"2020-02-27 04:43:41",1442
"2020-02-27 05:43:43",1442
"2020-02-27 06:43:40",1442
"2020-02-27 07:43:42",1442
"2020-02-27 08:43:55",1442
"2020-02-27 09:43:48",1442
"2020-02-27 10:44:02",1442
"2020-02-27 11:43:51",1442
"2020-02-27 12:44:03",1442
"2020-02-27 14:07:30",1444
"2020-02-27 14:44:12",1444
"2020-02-27 15:43:52",1423
"2020-02-27 16:43:59",1416
"2020-02-27 17:43:45",1414
"2020-02-27 18:43:55",1411
"2020-02-27 19:43:38",1410
"2020-02-27 20:43:48",1409
"2020-02-27 21:43:44",1411
"2020-02-27 22:43:58",1410
"2020-02-27 23:43:42",1410
"2020-02-28 00:44:03",1410
"2020-02-28 01:43:41",1410
"2020-02-28 02:43:40",1410
"2020-02-28 03:44:01",1410
"2020-02-28 04:44:05",1410
"2020-02-28 05:43:57",1410
"2020-02-28 06:43:47",1410
"2020-02-28 07:44:04",1410
"2020-02-28 08:44:07",1410
"2020-02-28 09:44:06",1410
"2020-02-28 10:43:41",1410
"2020-02-28 11:43:49",1410
"2020-02-28 12:43:57",1410
"2020-02-28 14:08:04",1410
"2020-02-28 14:43:49",1410
"2020-02-28 15:43:42",1393
"2020-02-28 16:43:51",1389
"2020-02-28 17:43:46",1388
"2020-02-28 18:43:46",1385
"2020-02-28 19:44:06",1385
"2020-02-28 20:43:41",1388
"2020-02-28 21:43:41",1385
"2020-02-28 22:43:59",1384
"2020-02-28 23:43:44",1384
"2020-02-29 00:43:46",1384
"2020-02-29 01:43:42",1384
"2020-02-29 02:43:46",1384
"2020-02-29 03:43:38",1384
"2020-02-29 04:43:48",1384
"2020-02-29 05:44:05",1384
"2020-02-29 06:43:55",1384
"2020-02-29 07:44:36",1384
"2020-02-29 08:44:53",1384
"2020-02-29 09:44:33",1384
"2020-02-29 10:43:39",1384
"2020-02-29 11:43:34",1382
"2020-02-29 12:44:35",1382
"2020-02-29 13:44:35",1382
"2020-02-29 14:43:40",1382
"2020-02-29 15:43:41",1382
"2020-02-29 16:44:00",1382
"2020-02-29 17:43:57",1382
"2020-02-29 18:43:41",1382
"2020-02-29 19:43:41",1382
"2020-02-29 20:43:35",1382
"2020-02-29 21:43:49",1382
"2020-02-29 22:44:56",1382
"2020-02-29 23:44:31",1382
"2020-03-01 00:44:33",1382
"2020-03-01 01:44:34",1382
"2020-03-01 02:43:43",1382
"2020-03-01 03:44:33",1382
"2020-03-01 04:43:39",1382
"2020-03-01 05:43:57",1382
"2020-03-01 06:43:39",1382
"2020-03-01 07:43:54",1382
"2020-03-01 08:43:36",1382
"2020-03-01 09:44:34",1382
"2020-03-01 10:44:31",1382
"2020-03-01 11:43:51",1382
"2020-03-01 12:43:57",1382
"2020-03-01 13:43:37",1382
"2020-03-01 14:43:34",1382
"2020-03-01 15:44:34",1382
"2020-03-01 16:43:59",1382
"2020-03-01 17:44:31",1382
"2020-03-01 18:44:37",1382
"2020-03-01 19:44:38",1382
"2020-03-01 20:44:36",1382
"2020-03-01 21:43:38",1382
"2020-03-01 22:43:40",1382
"2020-03-01 23:44:35",1382
"2020-03-02 00:43:32",1382
"2020-03-02 01:43:58",1382
"2020-03-02 02:44:33",1382
"2020-03-02 03:44:55",1382
"2020-03-02 04:44:03",1382
"2020-03-02 05:44:44",1382
"2020-03-02 07:43:41",1382
"2020-03-02 08:44:37",1382
"2020-03-02 09:44:36",1382
"2020-03-02 10:43:54",1382
"2020-03-02 11:43:42",1382
"2020-03-02 12:43:59",1382
"2020-03-02 13:44:40",1382
"2020-03-02 18:45:24",1385
"2020-03-03 00:44:00",1384
"2020-03-03 01:44:12",1384
"2020-03-03 02:44:02",1384
"2020-03-03 03:44:18",1384
"2020-03-03 04:44:38",1384
"2020-03-03 05:45:55",1384
"2020-03-03 06:44:50",1384
"2020-03-03 07:44:00",1384
"2020-03-03 08:45:03",1384
"2020-03-03 09:45:09",1384
"2020-03-03 10:44:03",1384
"2020-03-03 11:45:22",1384
"2020-03-03 12:43:58",1384
"2020-03-03 13:45:07",1384
"2020-03-03 14:45:03",1384
"2020-03-03 16:45:26",1382
"2020-03-03 17:45:09",1376
"2020-03-03 18:43:40",1377
"2020-03-03 19:43:39",1374
"2020-03-03 20:44:05",1374
"2020-03-03 21:43:59",1377
"2020-03-03 22:45:30",1378
"2020-03-03 23:44:35",1378
"2020-03-04 00:44:59",1378
"2020-03-04 01:44:41",1378
"2020-03-04 02:43:46",1378
"2020-03-04 03:43:57",1378
"2020-03-04 04:45:02",1378
"2020-03-04 05:43:47",1378
"2020-03-04 06:44:51",1378
"2020-03-04 07:43:59",1378
"2020-03-04 08:44:41",1378
"2020-03-04 09:44:03",1378
"2020-03-04 10:43:38",1378
"2020-03-04 11:44:56",1378
"2020-03-04 12:44:58",1378
"2020-03-04 13:43:44",1378
"2020-03-04 14:43:42",1378
"2020-03-04 15:45:03",1377
"2020-03-04 16:43:44",1377
"2020-03-04 17:43:58",1380
"2020-03-04 18:44:37",1381
"2020-03-04 19:44:46",1381
"2020-03-04 20:44:41",1383
"2020-03-04 21:43:39",1380
"2020-03-04 22:44:39",1381
"2020-03-04 23:43:51",1381
"2020-03-05 00:43:52",1381
"2020-03-05 01:44:04",1381
"2020-03-05 02:43:45",1381
"2020-03-05 03:43:46",1381
"2020-03-05 04:44:03",1381
"2020-03-05 05:44:01",1381
"2020-03-05 06:43:46",1381
"2020-03-05 07:43:45",1380
"2020-03-05 08:45:07",1380
"2020-03-05 09:44:06",1380
"2020-03-05 10:43:42",1380
"2020-03-05 11:44:08",1380
"2020-03-05 12:44:00",1380
"2020-03-05 13:44:04",1380
"2020-03-05 14:44:40",1380
"2020-03-05 15:44:00",1386
"2020-03-05 16:44:42",1383
"2020-03-05 17:43:44",1384
"2020-03-05 18:43:50",1382
"2020-03-05 19:43:44",1382
"2020-03-05 20:43:44",1383
"2020-03-05 21:43:43",1381
"2020-03-05 22:44:43",1382
"2020-03-05 23:44:41",1382
"2020-03-06 00:43:43",1382
"2020-03-06 01:43:46",1382
"2020-03-06 02:44:43",1382
"2020-03-06 03:44:42",1382
"2020-03-06 04:44:42",1382
"2020-03-06 05:44:45",1382
"2020-03-06 06:44:56",1382
"2020-03-06 07:44:39",1382
"2020-03-06 08:43:54",1380
"2020-03-06 09:44:46",1380
"2020-03-06 10:43:49",1380
"2020-03-06 11:44:57",1380
"2020-03-06 12:43:53",1380
"2020-03-06 13:43:37",1380
"2020-03-06 14:45:11",1380
"2020-03-06 15:44:02",1384
"2020-03-06 16:44:01",1388
"2020-03-06 17:43:52",1399
"2020-03-06 18:43:37",1403
"2020-03-06 19:43:57",1405
"2020-03-06 20:43:46",1408
"2020-03-06 21:43:42",1412
"2020-03-06 22:43:41",1412
"2020-03-06 23:44:02",1412
"2020-03-07 00:43:42",1412
"2020-03-07 01:44:02",1412
"2020-03-07 02:43:46",1412
"2020-03-07 03:44:58",1412
"2020-03-07 04:45:01",1412
"2020-03-07 05:44:43",1412
"2020-03-07 06:44:42",1412
"2020-03-07 07:44:06",1412
"2020-03-07 08:44:40",1412
"2020-03-07 09:43:54",1412
"2020-03-07 10:43:59",1412
"2020-03-07 11:44:39",1412
"2020-03-07 12:43:58",1412
"2020-03-07 13:43:42",1411
"2020-03-07 14:43:48",1411
"2020-03-07 15:43:47",1411
"2020-03-07 16:43:45",1411
"2020-03-07 17:44:04",1411
"2020-03-07 18:43:47",1411
"2020-03-07 19:43:47",1411
"2020-03-07 20:44:42",1411
"2020-03-07 21:45:02",1411
"2020-03-07 22:44:41",1411
"2020-03-07 23:44:43",1411
"2020-03-08 00:43:44",1411
"2020-03-08 01:44:04",1411
"2020-03-08 02:44:07",1411
"2020-03-08 03:44:47",1411
"2020-03-08 04:44:43",1411
"2020-03-08 05:44:47",1411
"2020-03-08 06:44:17",1411
"2020-03-08 07:44:39",1411
"2020-03-08 08:44:47",1411
"2020-03-08 09:44:07",1411
"2020-03-08 10:44:46",1411
"2020-03-08 11:44:00",1411
"2020-03-08 12:45:00",1411
"2020-03-08 13:45:01",1411
"2020-03-08 14:43:40",1411
"2020-03-08 15:44:49",1411
"2020-03-08 16:43:46",1411
"2020-03-08 17:43:50",1411
"2020-03-08 18:45:04",1411
"2020-03-08 19:44:22",1411
"2020-03-08 20:44:06",1411
"2020-03-08 21:43:39",1411
"2020-03-08 22:44:42",1411
"2020-03-08 23:43:44",1411
"2020-03-09 00:44:48",1411
"2020-03-09 01:43:46",1411
"2020-03-09 02:44:49",1411
"2020-03-09 03:44:47",1411
"2020-03-09 04:44:47",1411
"2020-03-09 05:43:40",1411
"2020-03-09 06:43:44",1411
"2020-03-09 07:43:48",1411
"2020-03-09 08:43:42",1411
"2020-03-09 09:43:59",1411
"2020-03-09 10:44:38",1411
"2020-03-09 11:44:43",1411
"2020-03-09 12:44:12",1411
"2020-03-09 13:43:43",1411
"2020-03-09 14:44:55",1408
"2020-03-09 15:44:12",1399
"2020-03-09 16:43:56",1401
"2020-03-09 17:43:39",1398
"2020-03-09 18:43:39",1404
"2020-03-09 19:43:42",1401
"2020-03-09 20:43:46",1403
"2020-03-09 21:44:39",1406
"2020-03-09 22:44:38",1406
"2020-03-09 23:45:00",1406
"2020-03-10 00:43:36",1406
"2020-03-10 01:44:37",1406
"2020-03-10 02:44:02",1406
"2020-03-10 03:45:01",1406
"2020-03-10 04:43:58",1406
"2020-03-10 06:44:59",1406
"2020-03-10 07:44:57",1406
"2020-03-10 08:43:48",1406
"2020-03-10 09:44:36",1406
"2020-03-10 10:44:32",1406
"2020-03-10 11:44:39",1406
"2020-03-10 12:43:59",1406
"2020-03-10 13:44:08",1407
"2020-03-10 14:45:01",1419
"2020-03-10 15:45:01",1422
"2020-03-10 16:43:37",1420
"2020-03-10 17:44:41",1422
"2020-03-10 18:44:41",1422
"2020-03-10 19:44:47",1424
"2020-03-10 20:45:48",1423
"2020-03-10 21:44:57",1423
"2020-03-10 22:44:39",1423
"2020-03-10 23:43:58",1423
"2020-03-11 00:44:46",1423
"2020-03-11 01:44:55",1423
"2020-03-11 02:45:01",1423
"2020-03-11 03:44:03",1423
"2020-03-11 04:44:02",1423
"2020-03-11 05:44:59",1423
"2020-03-11 06:44:43",1421
"2020-03-11 07:43:41",1421
"2020-03-11 08:44:04",1421
"2020-03-11 09:43:37",1421
"2020-03-11 10:43:42",1421
"2020-03-11 11:44:43",1421
"2020-03-11 12:45:00",1421
"2020-03-11 13:44:41",1421
"2020-03-11 14:43:59",1422
"2020-03-11 15:43:43",1423
"2020-03-11 16:44:56",1423
"2020-03-11 17:44:00",1423
"2020-03-11 18:43:40",1424
"2020-03-11 19:44:59",1427
"2020-03-11 20:44:59",1430
"2020-03-11 21:44:01",1430
"2020-03-11 22:44:05",1430
"2020-03-11 23:44:12",1430
"2020-03-12 00:43:40",1430
"2020-03-12 01:44:45",1430
"2020-03-12 02:43:55",1430
"2020-03-12 03:44:41",1430
"2020-03-12 04:44:56",1430
"2020-03-12 05:44:01",1431
"2020-03-12 06:43:47",1431
"2020-03-12 07:43:57",1431
"2020-03-12 08:44:51",1431
"2020-03-12 09:44:17",1431
"2020-03-12 10:44:45",1431
"2020-03-12 11:44:40",1431
"2020-03-12 12:44:38",1431
"2020-03-12 13:44:59",1430
"2020-03-12 14:43:44",1413
"2020-03-12 15:43:37",1410
"2020-03-12 16:43:47",1407
"2020-03-12 17:43:41",1406
"2020-03-12 18:44:57",1402
"2020-03-12 19:44:01",1404
"2020-03-12 20:43:46",1404
"2020-03-12 21:45:06",1403
"2020-03-12 22:43:38",1404
"2020-03-12 23:45:03",1404
"2020-03-13 00:45:08",1404
"2020-03-13 01:43:39",1404
"2020-03-13 02:44:44",1404
"2020-03-13 03:44:47",1404
"2020-03-13 04:43:58",1404
"2020-03-13 05:44:06",1403
"2020-03-13 06:45:13",1403
"2020-03-13 07:45:10",1402
"2020-03-13 08:45:15",1402
"2020-03-13 09:45:22",1402
"2020-03-13 10:44:02",1402
"2020-03-13 11:44:37",1402
"2020-03-13 13:07:34",1402
"2020-03-13 13:44:08",1402
"2020-03-13 14:44:06",1397
"2020-03-13 15:44:06",1400
"2020-03-13 16:44:44",1395
"2020-03-13 17:44:40",1395
"2020-03-13 18:45:02",1393
"2020-03-13 19:44:41",1393
"2020-03-13 20:43:48",1391
"2020-03-13 21:44:02",1393
"2020-03-13 22:43:45",1393
"2020-03-13 23:44:39",1393
"2020-03-14 00:44:02",1393
"2020-03-14 01:44:56",1393
"2020-03-14 02:44:47",1393
"2020-03-14 03:43:59",1393
"2020-03-14 04:45:00",1393
"2020-03-14 05:44:49",1393
"2020-03-14 06:44:04",1393
"2020-03-14 07:44:57",1393
"2020-03-14 08:44:44",1393
"2020-03-14 09:44:44",1391
"2020-03-14 10:43:57",1391
"2020-03-14 11:43:49",1391
"2020-03-14 12:43:57",1391
"2020-03-14 13:43:46",1391
"2020-03-14 14:44:42",1391
"2020-03-14 15:43:45",1391
"2020-03-14 16:44:38",1391
"2020-03-14 17:44:01",1391
"2020-03-14 18:44:44",1391
"2020-03-14 19:44:02",1391
"2020-03-14 20:44:50",1391
"2020-03-14 21:44:44",1391
"2020-03-14 22:45:01",1391
"2020-03-14 23:44:39",1391
"2020-03-15 00:43:54",1391
"2020-03-15 01:43:58",1391
"2020-03-15 02:44:57",1391
"2020-03-15 03:44:59",1391
"2020-03-15 04:43:46",1391
"2020-03-15 05:44:59",1391
"2020-03-15 06:44:05",1391
"2020-03-15 07:45:04",1391
"2020-03-15 09:00:22",1391
"2020-03-15 09:44:19",1391
"2020-03-15 10:44:37",1391
"2020-03-15 11:45:02",1391
"2020-03-15 12:44:41",1391
"2020-03-15 13:43:49",1391
"2020-03-15 14:44:15",1391
"2020-03-15 15:43:57",1391
"2020-03-15 16:44:38",1391
"2020-03-15 17:44:03",1391
"2020-03-15 18:44:58",1391
"2020-03-15 19:44:45",1391
"2020-03-15 20:44:06",1391
"2020-03-15 21:44:04",1391
"2020-03-15 22:44:39",1391
"2020-03-15 23:44:39",1391
"2020-03-16 00:43:43",1391
"2020-03-16 01:43:46",1391
"2020-03-16 02:43:43",1391
"2020-03-16 03:44:28",1391
"2020-03-16 04:44:45",1391
"2020-03-16 05:44:59",1391
"2020-03-16 06:43:57",1391
"2020-03-16 07:44:57",1391
"2020-03-16 08:58:58",1391
"2020-03-16 09:44:37",1391
"2020-03-16 10:44:05",1391
"2020-03-16 11:44:43",1391
"2020-03-16 13:09:09",1397
"2020-03-16 13:44:47",1397
"2020-03-16 14:43:58",1425
"2020-03-16 15:44:43",1448
"2020-03-16 16:43:49",1454
"2020-03-16 17:44:03",1459
"2020-03-16 18:43:49",1457
"2020-03-16 19:44:56",1458
"2020-03-16 20:43:43",1474
"2020-03-16 21:44:06",1501
"2020-03-16 22:43:49",1502
"2020-03-16 23:44:48",1502
"2020-03-17 00:44:45",1502
"2020-03-17 01:43:51",1502
"2020-03-17 02:44:44",1502
"2020-03-17 20:11:00",1434
"2020-03-17 20:18:47",1434
"2020-03-17 20:44:02",1434
"2020-03-17 21:43:49",1433
"2020-03-17 22:43:49",1433
"2020-03-17 23:43:53",1433
"2020-03-18 00:44:03",1433
"2020-03-18 01:44:07",1433
"2020-03-18 02:44:08",1433
"2020-03-18 03:44:08",1433
"2020-03-18 04:44:07",1433
"2020-03-18 05:43:59",1433
"2020-03-18 06:43:52",1433
"2020-03-18 07:44:09",1433
"2020-03-18 08:43:44",1433
"2020-03-18 09:44:04",1433
"2020-03-18 10:43:48",1433
"2020-03-18 11:43:46",1433
"2020-03-18 13:09:07",1433
"2020-03-18 13:44:11",1433
"2020-03-18 14:43:53",1433
"2020-03-18 15:43:55",1430
"2020-03-18 16:43:49",1426
"2020-03-18 17:44:07",1422
"2020-03-18 18:43:46",1416
"2020-03-18 19:44:01",1413
"2020-03-18 20:43:51",1409
"2020-03-18 21:43:52",1406
"2020-03-18 22:43:45",1406
"2020-03-18 23:43:59",1406
"2020-03-19 00:43:53",1406
"2020-03-19 01:43:56",1406
"2020-03-19 02:43:45",1406
"2020-03-19 03:43:41",1406
"2020-03-19 04:43:50",1406
"2020-03-19 05:44:51",1406
"2020-03-19 06:43:46",1406
"2020-03-19 07:43:54",1406
"2020-03-19 08:43:48",1405
"2020-03-19 09:43:58",1405
"2020-03-19 10:43:42",1405
"2020-03-19 11:43:47",1405
"2020-03-19 12:43:47",1405
"2020-03-19 13:43:50",1406
"2020-03-19 14:43:51",1398
"2020-03-19 15:43:51",1383
"2020-03-19 16:43:49",1379
"2020-03-19 17:43:49",1379
"2020-03-19 18:43:41",1381
"2020-03-19 19:43:53",1381
"2020-03-19 20:44:08",1379
"2020-03-19 21:44:00",1379
"2020-03-19 22:43:46",1379
"2020-03-19 23:44:19",1379
"2020-03-20 00:43:45",1379
"2020-03-20 01:43:46",1379
"2020-03-20 02:44:22",1379
"2020-03-20 03:43:56",1379
"2020-03-20 04:43:53",1379
"2020-03-20 06:44:08",1379
"2020-03-20 07:43:54",1378
"2020-03-20 08:44:23",1378
"2020-03-20 09:44:04",1378
"2020-03-20 10:43:49",1378
"2020-03-20 11:43:48",1378
"2020-03-20 13:08:03",1377
"2020-03-20 13:44:09",1377
"2020-03-20 14:43:47",1378
"2020-03-20 15:43:45",1380
"2020-03-20 16:43:48",1368
"2020-03-20 17:43:49",1366
"2020-03-20 18:43:40",1365
"2020-03-20 19:43:51",1365
"2020-03-20 20:43:45",1364
"2020-03-20 21:43:45",1364
"2020-03-20 22:44:04",1364
"2020-03-20 23:44:08",1364
"2020-03-21 00:43:52",1364
"2020-03-21 01:43:50",1364
"2020-03-21 02:44:03",1364
"2020-03-21 03:44:07",1364
"2020-03-21 04:43:46",1364
"2020-03-21 05:43:43",1364
"2020-03-21 06:43:47",1364
"2020-03-21 07:44:04",1364
"2020-03-21 08:44:08",1364
"2020-03-21 09:43:47",1364
"2020-03-21 10:43:50",1364
"2020-03-21 11:43:56",1364
"2020-03-21 12:43:41",1364
"2020-03-21 13:43:48",1364
"2020-03-21 14:44:16",1364
"2020-03-21 15:44:01",1364
"2020-03-21 16:43:58",1364
"2020-03-21 17:44:10",1364
"2020-03-21 18:43:52",1364
"2020-03-21 19:43:53",1364
"2020-03-21 20:43:43",1364
"2020-03-21 21:43:53",1364
"2020-03-21 22:43:44",1364
"2020-03-21 23:43:49",1364
"2020-03-22 00:43:41",1364
"2020-03-22 01:44:00",1364
"2020-03-22 02:43:45",1364
"2020-03-22 03:44:20",1364
"2020-03-22 04:43:52",1364
"2020-03-22 05:43:56",1364
"2020-03-22 06:44:06",1364
"2020-03-22 07:44:06",1364
"2020-03-22 09:14:45",1364
"2020-03-22 09:43:52",1364
"2020-03-22 10:44:04",1364
"2020-03-22 11:43:46",1364
"2020-03-22 12:44:02",1364
"2020-03-22 21:53:48",1364
"2020-03-22 22:44:04",1364
"2020-03-22 23:43:51",1364
"2020-03-23 00:44:14",1364
"2020-03-23 01:44:05",1364
"2020-03-23 02:43:43",1364
"2020-03-23 03:43:49",1364
"2020-03-23 04:44:08",1364
"2020-03-23 05:43:58",1364
"2020-03-23 06:43:56",1364
"2020-03-23 07:43:49",1364
"2020-03-23 08:43:53",1364
"2020-03-23 09:44:06",1364
"2020-03-23 10:43:49",1364
"2020-03-23 11:44:03",1364
"2020-03-23 13:07:32",1364
"2020-03-23 13:44:11",1364
"2020-03-23 14:44:03",1362
"2020-03-23 15:43:54",1371
"2020-03-23 16:44:06",1373
"2020-03-23 17:43:49",1387
"2020-03-23 18:43:47",1390
"2020-03-23 19:44:01",1389
"2020-03-23 20:44:05",1392
"2020-03-23 21:43:49",1394
"2020-03-23 22:43:52",1394
"2020-03-23 23:43:46",1394
"2020-03-24 00:43:45",1394
"2020-03-24 01:43:45",1394
"2020-03-24 02:43:48",1394
"2020-03-24 03:43:48",1394
"2020-03-24 04:44:09",1394
"2020-03-24 05:44:48",1394
"2020-03-24 06:44:07",1394
"2020-03-24 07:44:16",1394
"2020-03-24 09:09:04",1394
"2020-03-24 09:43:44",1394
"2020-03-24 10:43:47",1394
"2020-03-24 11:43:54",1394
"2020-03-24 12:43:37",1394
"2020-03-24 13:44:20",1394
"2020-03-24 14:44:27",1386
"2020-03-24 15:44:18",1384
"2020-03-24 16:44:24",1379
"2020-03-24 17:44:05",1378
"2020-03-24 18:44:04",1379
"2020-03-24 19:43:51",1379
"2020-03-24 20:43:40",1380
"2020-03-24 21:43:41",1379
"2020-03-24 22:44:07",1379
"2020-03-24 23:44:06",1379
"2020-03-25 00:43:46",1379
"2020-03-25 01:43:52",1379
"2020-03-25 02:43:47",1379
"2020-03-25 03:43:46",1379
"2020-03-25 04:43:42",1379
"2020-03-25 06:44:11",1379
"2020-03-25 07:43:46",1379
"2020-03-25 09:43:52",1379
"2020-03-25 10:43:50",1379
"2020-03-25 11:44:03",1379
"2020-03-25 12:44:05",1379
"2020-03-25 13:44:07",1379
"2020-03-25 14:44:07",1379
"2020-03-25 15:44:18",1386
"2020-03-25 16:44:08",1385
"2020-03-25 17:43:50",1387
"2020-03-25 18:43:44",1387
"2020-03-25 19:43:43",1385
"2020-03-25 20:43:52",1388
"2020-03-25 21:43:42",1386
"2020-03-25 22:43:44",1387
"2020-03-25 23:43:47",1387
"2020-03-26 02:05:53",1387
"2020-03-26 02:43:51",1387
"2020-03-26 03:44:02",1387
"2020-03-26 04:44:22",1387
"2020-03-26 05:43:53",1387
"2020-03-26 06:43:54",1387
"2020-03-26 07:43:54",1387
"2020-03-26 08:43:45",1387
"2020-03-26 09:44:02",1387
"2020-03-26 10:43:41",1387
"2020-03-26 11:43:50",1387
"2020-03-26 12:43:50",1387
"2020-03-26 13:43:50",1388
"2020-03-26 14:43:57",1388
"2020-03-26 15:43:54",1384
"2020-03-26 16:43:50",1380
"2020-03-26 17:44:04",1380
"2020-03-26 18:43:50",1378
"2020-03-26 19:43:47",1376
"2020-03-26 20:43:51",1377
"2020-03-26 21:44:00",1377
"2020-03-26 22:43:44",1377
"2020-03-26 23:44:05",1377
"2020-03-27 00:43:54",1377
"2020-03-27 01:43:59",1377
"2020-03-27 02:44:07",1377
"2020-03-27 03:43:54",1377
"2020-03-27 04:43:58",1377
"2020-03-27 05:43:51",1377
"2020-03-27 06:44:03",1377
"2020-03-27 07:44:09",1377
"2020-03-27 08:45:14",1377
"2020-03-27 09:44:22",1377
"2020-03-27 10:43:59",1377
"2020-03-27 11:43:47",1377
"2020-03-27 12:43:46",1377
"2020-03-27 13:43:59",1377
"2020-03-27 14:43:49",1370
"2020-03-27 15:43:53",1369
"2020-03-27 16:43:59",1370
"2020-03-27 17:43:51",1369
"2020-03-27 18:44:09",1371
"2020-03-27 19:43:52",1366
"2020-03-27 20:43:49",1360
"2020-03-27 21:44:10",1360
"2020-03-27 22:43:54",1359
"2020-03-27 23:43:59",1359
"2020-03-28 00:44:04",1359
"2020-03-28 01:43:40",1359
"2020-03-28 02:43:47",1359
"2020-03-28 03:43:54",1359
"2020-03-28 04:43:51",1359
"2020-03-28 05:44:21",1358
"2020-03-28 06:43:55",1358
"2020-03-28 07:43:44",1358
"2020-03-28 08:43:52",1358
"2020-03-28 09:44:03",1358
"2020-03-28 10:44:10",1358
"2020-03-28 11:43:52",1358
"2020-03-28 12:44:06",1358
"2020-03-28 13:44:00",1358
"2020-03-28 14:43:54",1358
"2020-03-28 15:43:48",1358
"2020-03-28 16:43:47",1358
"2020-03-28 17:43:52",1358
"2020-03-28 18:43:54",1358
"2020-03-28 19:43:48",1358
"2020-03-28 20:43:53",1358
"2020-03-28 21:43:44",1358
"2020-03-28 22:44:22",1358
"2020-03-28 23:43:53",1358
"2020-03-29 00:43:58",1358
"2020-03-29 01:44:05",1358
"2020-03-29 02:44:23",1358
"2020-03-29 03:44:31",1358
"2020-03-29 04:44:10",1358
"2020-03-29 05:44:04",1358
"2020-03-29 06:44:28",1358
"2020-03-29 07:44:05",1358
"2020-03-29 08:43:56",1358
"2020-03-29 09:43:52",1358
"2020-03-29 10:44:24",1358
"2020-03-29 11:43:56",1358
"2020-03-29 12:43:49",1358
"2020-03-29 13:43:53",1358
"2020-03-29 14:43:47",1358
"2020-03-29 15:43:52",1358
"2020-03-29 16:43:52",1358
"2020-03-29 17:44:08",1358
"2020-03-29 18:43:52",1358
"2020-03-29 19:43:51",1358
"2020-03-29 20:43:51",1358
"2020-03-29 21:44:20",1358
"2020-03-29 22:43:55",1358
"2020-03-29 23:43:54",1358
"2020-03-30 00:43:54",1358
"2020-03-30 01:43:52",1358
"2020-03-30 02:44:11",1358
"2020-03-30 03:43:54",1358
"2020-03-30 04:44:12",1358
"2020-03-30 05:43:46",1358
"2020-03-30 06:43:56",1358
"2020-03-30 07:44:15",1358
"2020-03-30 08:43:54",1358
"2020-03-30 09:43:50",1358
"2020-03-30 10:43:51",1358
"2020-03-30 11:43:42",1358
"2020-03-30 12:43:48",1358
"2020-03-30 13:44:08",1357
"2020-03-30 14:43:51",1356
"2020-03-30 15:44:09",1357
"2020-03-30 16:43:54",1357
"2020-03-30 17:44:02",1356
"2020-03-30 18:43:53",1352
"2020-03-30 19:44:07",1350
"2020-03-30 20:43:51",1350
"2020-03-30 21:44:03",1350
"2020-03-30 22:43:48",1349
"2020-03-30 23:43:51",1349
"2020-03-31 00:43:43",1349
"2020-03-31 01:43:52",1349
"2020-03-31 02:43:51",1349
"2020-03-31 03:43:58",1349
"2020-03-31 04:43:50",1349
"2020-03-31 05:43:51",1349
"2020-03-31 06:43:49",1349
"2020-03-31 07:43:57",1348
"2020-03-31 08:43:53",1348
"2020-03-31 09:43:57",1348
"2020-03-31 10:43:53",1348
"2020-03-31 11:44:20",1348
"2020-03-31 13:06:34",1348
"2020-03-31 13:43:54",1348
"2020-03-31 14:44:14",1349
"2020-03-31 15:43:54",1347
"2020-03-31 16:44:16",1351
"2020-03-31 17:43:53",1358
"2020-03-31 18:44:06",1361
"2020-03-31 19:43:49",1370
"2020-03-31 20:44:04",1380
"2020-03-31 21:43:53",1386
"2020-03-31 22:43:55",1386
"2020-03-31 23:44:03",1386
"2020-04-01 00:43:50",1386
"2020-04-01 01:43:50",1386
"2020-04-01 02:44:12",1386
"2020-04-01 03:43:53",1386
"2020-04-01 04:44:02",1386
"2020-04-01 05:44:17",1386
"2020-04-01 06:43:54",1386
"2020-04-01 07:44:08",1386
"2020-04-01 08:43:46",1386
"2020-04-01 09:43:57",1386
"2020-04-01 10:43:42",1386
"2020-04-01 11:44:17",1386
"2020-04-01 13:09:35",1387
"2020-04-01 13:43:52",1387
"2020-04-01 14:44:19",1399
"2020-04-01 15:44:05",1400
"2020-04-01 16:43:44",1400
"2020-04-01 17:43:42",1397
"2020-04-01 18:43:45",1396
"2020-04-01 19:43:48",1394
"2020-04-01 20:43:50",1395
"2020-04-01 21:43:44",1396
"2020-04-01 22:43:43",1396
"2020-04-01 23:44:05",1396
"2020-04-02 00:43:48",1396
"2020-04-02 01:44:07",1396
"2020-04-02 02:43:48",1396
"2020-04-02 03:44:04",1396
"2020-04-02 04:43:50",1396
"2020-04-02 05:43:54",1396
"2020-04-02 06:43:39",1396
"2020-04-02 07:44:06",1396
"2020-04-02 08:44:25",1396
"2020-04-02 09:44:04",1396
"2020-04-02 10:43:48",1396
"2020-04-02 11:43:47",1396
"2020-04-02 13:10:35",1396
"2020-04-02 13:44:10",1396
"2020-04-02 14:43:42",1395
"2020-04-02 15:43:54",1393
"2020-04-02 16:43:40",1390
"2020-04-02 17:43:44",1388
"2020-04-02 18:44:13",1387
"2020-04-02 19:43:44",1386
"2020-04-02 20:44:01",1386
"2020-04-02 21:44:21",1384
"2020-04-02 22:44:09",1384
"2020-04-02 23:43:43",1384
"2020-04-03 00:43:52",1384
"2020-04-03 01:44:04",1384
"2020-04-03 02:43:49",1384
"2020-04-03 03:43:44",1384
"2020-04-03 04:43:58",1384
"2020-04-03 05:44:05",1384
"2020-04-03 06:43:49",1384
"2020-04-03 08:43:50",1384
"2020-04-03 09:43:48",1384
"2020-04-03 10:44:03",1384
"2020-04-03 11:43:45",1384
"2020-04-03 13:11:36",1384
"2020-04-03 13:43:56",1384
"2020-04-03 14:43:56",1382
"2020-04-03 15:44:07",1387
"2020-04-03 16:44:04",1391
"2020-04-03 17:44:06",1394
"2020-04-03 18:44:06",1393
"2020-04-03 19:43:46",1395
"2020-04-03 20:43:45",1398
"2020-04-03 21:43:51",1399
"2020-04-03 22:44:18",1399
"2020-04-03 23:43:49",1399
"2020-04-04 00:43:43",1399
"2020-04-04 01:44:02",1399
"2020-04-04 02:43:50",1399
"2020-04-04 03:43:52",1399
"2020-04-04 04:43:56",1399
"2020-04-04 05:44:02",1399
"2020-04-04 06:43:43",1397
"2020-04-04 07:44:07",1397
"2020-04-04 08:44:01",1397
"2020-04-04 09:43:58",1397
"2020-04-04 10:43:46",1397
"2020-04-04 11:43:47",1397
"2020-04-04 12:43:46",1397
"2020-04-04 13:43:45",1397
"2020-04-04 14:43:57",1397
"2020-04-04 15:43:41",1397
"2020-04-04 16:43:46",1397
"2020-04-04 17:43:47",1397
"2020-04-04 18:43:45",1397
"2020-04-04 19:43:47",1397
"2020-04-04 20:43:43",1397
"2020-04-04 21:43:43",1397
"2020-04-04 22:44:07",1397
"2020-04-04 23:43:44",1397
"2020-04-05 00:44:15",1397
"2020-04-05 01:44:02",1397
"2020-04-05 02:43:43",1397
"2020-04-05 03:43:47",1397
"2020-04-05 04:44:02",1397
"2020-04-05 05:43:58",1397
"2020-04-05 06:44:02",1397
"2020-04-05 07:43:47",1397
"2020-04-05 08:43:51",1397
"2020-04-05 09:43:43",1397
"2020-04-05 10:44:08",1397
"2020-04-05 11:44:02",1397
"2020-04-05 12:43:43",1397
"2020-04-05 13:44:05",1397
"2020-04-05 14:43:47",1397
"2020-04-05 15:43:42",1397
"2020-04-05 16:44:03",1397
"2020-04-05 17:43:39",1397
"2020-04-05 18:43:48",1397
"2020-04-05 19:43:43",1397
"2020-04-05 20:43:47",1397
"2020-04-05 21:43:50",1397
"2020-04-05 22:43:59",1397
"2020-04-05 23:43:42",1397
"2020-04-06 00:43:41",1397
"2020-04-06 01:43:49",1397
"2020-04-06 02:44:00",1397
"2020-04-06 03:44:21",1397
"2020-04-06 04:43:39",1397
"2020-04-06 05:43:54",1397
"2020-04-06 06:43:55",1397
"2020-04-06 07:43:48",1397
"2020-04-06 08:44:02",1397
"2020-04-06 09:43:46",1397
"2020-04-06 10:43:54",1397
"2020-04-06 11:43:39",1397
"2020-04-06 12:43:54",1397
"2020-04-06 13:43:51",1397
"2020-04-06 14:43:46",1403
"2020-04-06 15:43:47",1396
"2020-04-06 16:43:44",1392
"2020-04-06 17:43:43",1391
"2020-04-06 18:45:14",1392
"2020-04-06 19:44:02",1390
"2020-04-06 20:43:44",1382
"2020-04-06 21:43:40",1382
"2020-04-06 22:43:48",1382
"2020-04-06 23:43:56",1382
"2020-04-07 00:43:49",1382
"2020-04-07 01:43:54",1382
"2020-04-07 02:43:48",1382
"2020-04-07 03:43:45",1382
"2020-04-07 04:43:43",1382
"2020-04-07 05:43:39",1382
"2020-04-07 06:43:52",1382
"2020-04-07 07:43:48",1382
"2020-04-07 08:43:59",1382
"2020-04-07 09:43:45",1382
"2020-04-07 10:43:37",1382
"2020-04-07 11:43:42",1382
"2020-04-07 12:43:44",1382
"2020-04-07 13:43:47",1381
"2020-04-07 14:43:37",1392
"2020-04-07 15:43:40",1393
"2020-04-07 16:43:50",1392
"2020-04-07 17:43:38",1388
"2020-04-07 18:43:40",1390
"2020-04-07 19:43:35",1387
"2020-04-07 20:43:46",1393
"2020-04-07 21:43:50",1397
"2020-04-07 22:43:41",1399
"2020-04-07 23:43:45",1399
"2020-04-08 00:43:49",1399
"2020-04-08 01:43:40",1399
"2020-04-08 02:43:34",1399
"2020-04-08 03:43:49",1399
"2020-04-08 04:43:37",1399
"2020-04-08 06:43:45",1399
"2020-04-08 07:43:52",1399
"2020-04-08 08:43:55",1399
"2020-04-08 09:43:46",1399
"2020-04-08 10:43:41",1399
"2020-04-08 11:43:40",1399
"2020-04-08 12:43:39",1399
"2020-04-08 13:43:43",1399
"2020-04-08 14:43:37",1414
"2020-04-08 15:43:46",1415
"2020-04-08 16:43:39",1410
"2020-04-08 17:43:53",1406
"2020-04-08 18:43:39",1404
"2020-04-08 19:43:51",1401
"2020-04-08 20:43:45",1399
"2020-04-08 21:43:42",1399
"2020-04-08 22:43:36",1399
"2020-04-08 23:43:43",1399
"2020-04-09 00:43:39",1399
"2020-04-09 01:43:41",1399
"2020-04-09 02:43:42",1399
"2020-04-09 03:43:39",1399
"2020-04-09 04:43:55",1399
"2020-04-09 05:43:46",1399
"2020-04-09 06:43:55",1399
"2020-04-09 07:43:35",1399
"2020-04-09 08:43:37",1399
"2020-04-09 09:43:35",1399
"2020-04-09 10:43:41",1399
"2020-04-09 11:43:39",1399
"2020-04-09 12:43:39",1399
"2020-04-09 13:43:47",1399
"2020-04-09 14:43:47",1400
"2020-04-09 15:43:33",1399
"2020-04-09 16:43:42",1401
"2020-04-09 17:43:40",1400
"2020-04-09 18:43:33",1399
"2020-04-09 19:43:51",1398
"2020-04-09 20:43:40",1403
"2020-04-09 21:43:40",1403
"2020-04-09 22:43:38",1403
"2020-04-09 23:43:37",1403
"2020-04-10 00:43:41",1403
"2020-04-10 01:43:36",1403
"2020-04-10 02:43:45",1403
"2020-04-10 03:43:44",1403
"2020-04-10 04:43:38",1403
"2020-04-10 05:43:45",1403
"2020-04-10 06:43:38",1403
"2020-04-10 07:43:42",1403
"2020-04-10 08:43:45",1403
"2020-04-10 09:43:40",1403
"2020-04-10 10:43:44",1403
"2020-04-10 11:43:42",1403
"2020-04-10 12:43:40",1403
"2020-04-10 13:43:42",1403
"2020-04-10 14:43:49",1403
"2020-04-10 15:43:42",1403
"2020-04-10 16:43:36",1403
"2020-04-10 17:43:42",1403
"2020-04-10 18:43:40",1403
"2020-04-10 19:43:40",1403
"2020-04-10 20:43:50",1403
"2020-04-10 21:43:30",1403
"2020-04-10 22:43:27",1403
"2020-04-10 23:43:28",1403
"2020-04-11 00:43:32",1403
"2020-04-11 01:43:25",1403
"2020-04-11 02:43:28",1403
"2020-04-11 03:43:29",1403
"2020-04-11 04:43:31",1403
"2020-04-11 05:43:28",1403
"2020-04-11 06:43:29",1403
"2020-04-11 07:43:27",1403
"2020-04-11 08:43:23",1403
"2020-04-11 09:43:24",1403
"2020-04-11 10:43:32",1403
"2020-04-11 11:43:24",1403
"2020-04-11 12:43:27",1403
"2020-04-11 13:43:32",1403
"2020-04-11 14:43:24",1403
"2020-04-11 15:43:32",1403
"2020-04-11 16:43:31",1403
"2020-04-11 17:43:30",1403
"2020-04-11 18:43:30",1403
"2020-04-11 19:43:27",1403
"2020-04-11 20:43:23",1403
"2020-04-11 21:43:28",1403
"2020-04-11 22:43:28",1403
"2020-04-11 23:43:27",1403
"2020-04-12 00:43:33",1403
"2020-04-12 01:43:27",1403
"2020-04-12 02:43:27",1403
"2020-04-12 03:43:25",1403
"2020-04-12 04:43:35",1403
"2020-04-12 05:43:30",1403
"2020-04-12 06:43:29",1403
"2020-04-12 07:43:26",1403
"2020-04-12 08:43:26",1403
"2020-04-12 09:43:29",1403
"2020-04-12 10:43:29",1403
"2020-04-12 11:43:26",1403
"2020-04-12 12:43:28",1403
"2020-04-12 13:43:32",1403
"2020-04-12 14:43:30",1403
"2020-04-12 15:43:28",1403
"2020-04-12 16:43:27",1403
"2020-04-12 17:43:25",1403
"2020-04-12 18:43:29",1403
"2020-04-12 19:43:28",1403
"2020-04-12 20:43:37",1403
"2020-04-12 21:43:30",1403
"2020-04-12 22:43:34",1403
"2020-04-12 23:43:37",1403
"2020-04-13 00:43:42",1403
"2020-04-13 01:43:35",1403
"2020-04-13 02:43:36",1403
"2020-04-13 03:43:48",1403
"2020-04-13 04:43:38",1403
"2020-04-13 05:43:40",1403
"2020-04-13 06:43:28",1403
"2020-04-13 07:43:24",1403
"2020-04-13 08:43:32",1403
"2020-04-13 09:43:26",1403
"2020-04-13 10:43:27",1403
"2020-04-13 11:43:32",1403
"2020-04-13 13:08:33",1402
"2020-04-13 13:43:26",1402
"2020-04-13 14:43:25",1403
"2020-04-13 15:43:29",1405
"2020-04-13 16:43:31",1404
"2020-04-13 17:43:36",1405
"2020-04-13 18:43:24",1405
"2020-04-13 19:43:26",1406
"2020-04-13 20:43:30",1408
"2020-04-13 21:43:35",1409
"2020-04-13 22:43:27",1409
"2020-04-13 23:43:29",1409
"2020-04-14 00:43:47",1409
"2020-04-14 01:43:41",1409
"2020-04-14 02:43:39",1409
"2020-04-14 03:43:38",1409
"2020-04-14 04:43:39",1409
"2020-04-14 05:43:42",1409
"2020-04-14 06:43:33",1408
"2020-04-14 07:43:29",1408
"2020-04-14 08:43:30",1408
"2020-04-14 09:43:31",1408
"2020-04-14 10:43:30",1408
"2020-04-14 11:43:31",1408
"2020-04-14 12:43:28",1408
"2020-04-14 13:43:31",1406
"2020-04-14 14:43:36",1394
"2020-04-14 15:43:37",1393
"2020-04-14 16:43:44",1397
"2020-04-14 17:43:24",1395
"2020-04-14 18:43:40",1394
"2020-04-14 19:43:29",1396
"2020-04-14 20:43:28",1395
"2020-04-14 21:43:30",1392
"2020-04-14 22:43:29",1391
"2020-04-14 23:43:41",1391
"2020-04-15 00:43:36",1391
"2020-04-15 01:43:36",1391
"2020-04-15 02:43:33",1391
"2020-04-15 03:43:36",1391
"2020-04-15 04:43:40",1391
"2020-04-15 05:43:27",1391
"2020-04-15 06:43:27",1391
"2020-04-15 07:43:30",1391
"2020-04-15 08:43:31",1390
"2020-04-15 09:43:28",1390
"2020-04-15 10:43:26",1390
"2020-04-15 11:43:25",1390
"2020-04-15 13:11:35",1391
"2020-04-15 14:43:29",1391
"2020-04-15 15:43:26",1393
"2020-04-15 16:43:36",1396
"2020-04-15 17:43:27",1393
"2020-04-15 18:43:27",1389
"2020-04-15 19:43:33",1387
"2020-04-15 20:43:28",1388
"2020-04-15 21:43:32",1387
"2020-04-15 22:43:33",1387
"2020-04-15 23:43:30",1387
"2020-04-16 00:43:37",1387
"2020-04-16 01:43:40",1387
"2020-04-16 02:43:41",1387
"2020-04-16 03:43:41",1387
"2020-04-16 04:43:43",1387
"2020-04-16 05:43:32",1387
"2020-04-16 06:43:40",1387
"2020-04-16 07:43:30",1387
"2020-04-16 08:43:30",1386
"2020-04-16 09:43:27",1386
"2020-04-16 10:43:29",1386
"2020-04-16 11:43:30",1386
"2020-04-16 12:43:31",1386
"2020-04-16 13:43:31",1387
"2020-04-16 14:43:28",1385
"2020-04-16 15:43:42",1387
"2020-04-16 16:43:41",1384
"2020-04-16 17:43:31",1381
"2020-04-16 18:43:38",1382
"2020-04-16 19:43:28",1383
"2020-04-16 20:43:30",1383
"2020-04-16 21:43:42",1382
"2020-04-16 22:43:30",1381
"2020-04-16 23:43:42",1381
"2020-04-17 00:43:39",1381
"2020-04-17 01:43:33",1381
"2020-04-17 02:43:41",1381
"2020-04-17 03:43:33",1381
"2020-04-17 04:43:30",1381
"2020-04-17 05:43:32",1381
"2020-04-17 06:43:35",1381
"2020-04-17 07:43:47",1381
"2020-04-17 08:43:33",1381
"2020-04-17 09:43:30",1381
"2020-04-17 10:43:30",1381
"2020-04-17 11:43:26",1381
"2020-04-17 13:08:34",1381
"2020-04-17 13:43:38",1381
"2020-04-17 14:43:32",1380
"2020-04-17 15:43:34",1378
"2020-04-17 16:43:27",1379
"2020-04-17 17:43:29",1378
"2020-04-17 18:43:41",1376
"2020-04-17 19:43:37",1374
"2020-04-17 20:43:40",1377
"2020-04-17 21:43:38",1378
"2020-04-17 22:43:35",1377
"2020-04-17 23:43:39",1377
"2020-04-18 00:43:38",1377
"2020-04-18 01:43:35",1377
"2020-04-18 02:43:34",1377
"2020-04-18 03:43:34",1377
"2020-04-18 04:43:39",1377
"2020-04-18 05:43:39",1377
"2020-04-18 06:43:32",1377
"2020-04-18 07:43:27",1377
"2020-04-18 08:43:38",1377
"2020-04-18 09:43:24",1377
"2020-04-18 10:43:29",1377
"2020-04-18 11:43:30",1377
"2020-04-18 12:43:24",1377
"2020-04-18 13:43:35",1377
"2020-04-18 14:43:32",1377
"2020-04-18 15:43:28",1377
"2020-04-18 16:43:25",1377
"2020-04-18 17:43:37",1377
"2020-04-18 18:43:32",1377
"2020-04-18 19:43:25",1377
"2020-04-18 20:43:36",1377
"2020-04-18 21:43:28",1377
"2020-04-18 22:43:34",1377
"2020-04-18 23:43:43",1377
"2020-04-19 00:43:40",1377
"2020-04-19 01:43:48",1377
"2020-04-19 02:43:39",1377
"2020-04-19 03:43:40",1377
"2020-04-19 04:43:50",1377
"2020-04-19 05:43:38",1377
"2020-04-19 06:43:38",1377
"2020-04-19 07:43:36",1377
"2020-04-19 08:43:30",1377
"2020-04-19 09:43:31",1377
"2020-04-19 10:43:29",1377
"2020-04-19 11:43:24",1377
"2020-04-19 12:43:26",1377
"2020-04-19 13:43:38",1377
"2020-04-19 14:43:25",1377
"2020-04-19 15:43:24",1377
"2020-04-19 16:43:33",1377
"2020-04-19 17:43:45",1377
"2020-04-19 18:43:31",1377
"2020-04-19 19:43:28",1377
"2020-04-19 20:43:26",1377
"2020-04-19 21:43:47",1377
"2020-04-19 22:43:42",1377
"2020-04-19 23:43:37",1377
"2020-04-20 00:43:46",1377
"2020-04-20 01:43:42",1377
"2020-04-20 02:43:48",1377
"2020-04-20 03:43:49",1377
"2020-04-20 04:43:43",1377
"2020-04-20 05:43:50",1377
"2020-04-20 06:43:40",1377
"2020-04-20 07:43:29",1377
"2020-04-20 08:43:29",1377
"2020-04-20 09:43:29",1377
"2020-04-20 10:43:28",1377
"2020-04-20 11:43:29",1377
"2020-04-20 12:43:30",1377
"2020-04-20 13:43:29",1377
"2020-04-20 14:43:43",1376
"2020-04-20 15:43:32",1379
"2020-04-20 16:43:36",1384
"2020-04-20 17:43:31",1385
"2020-04-20 18:43:39",1387
"2020-04-20 20:43:59",1377
"2020-04-20 21:43:56",1378
"2020-04-20 22:44:06",1378
"2020-04-20 23:43:43",1378
"2020-04-21 00:43:45",1378
"2020-04-21 01:43:41",1378
"2020-04-21 02:43:41",1378
"2020-04-21 03:44:36",1378
"2020-04-21 04:44:46",1378
"2020-04-21 05:44:52",1378
"2020-04-21 06:43:42",1378
"2020-04-21 07:43:36",1378
"2020-04-21 08:43:34",1378
"2020-04-21 09:43:32",1378
"2020-04-21 10:43:30",1378
"2020-04-21 11:43:30",1378
"2020-04-21 12:43:30",1378
"2020-04-21 13:43:40",1378
"2020-04-21 14:43:42",1382
"2020-04-21 15:43:25",1366
"2020-04-21 16:43:25",1372
"2020-04-21 17:43:39",1373
"2020-04-21 18:43:26",1374
"2020-04-21 19:43:30",1372
"2020-04-21 20:43:43",1373
"2020-04-21 21:43:45",1372
"2020-04-21 22:43:45",1372
"2020-04-21 23:43:28",1372
"2020-04-22 00:43:37",1372
"2020-04-22 01:43:43",1372
"2020-04-22 02:43:43",1372
"2020-04-22 03:43:35",1372
"2020-04-22 04:43:28",1372
"2020-04-22 05:43:29",1372
"2020-04-22 06:43:34",1372
"2020-04-22 07:43:33",1372
"2020-04-22 08:43:26",1372
"2020-04-22 09:43:32",1372
"2020-04-22 10:43:46",1372
"2020-04-22 11:43:26",1372
"2020-04-22 12:43:30",1372
"2020-04-22 13:43:25",1372
"2020-04-22 14:43:31",1369
"2020-04-22 15:43:28",1368
"2020-04-22 16:43:42",1366
"2020-04-22 17:43:47",1365
"2020-04-22 18:43:38",1366
"2020-04-22 19:43:29",1365
"2020-04-22 20:43:30",1366
"2020-04-22 21:43:40",1366
"2020-04-22 22:43:33",1366
"2020-04-22 23:43:39",1366
"2020-04-23 00:43:28",1366
"2020-04-23 01:43:37",1366
"2020-04-23 02:43:41",1366
"2020-04-23 03:43:42",1366
"2020-04-23 04:43:42",1366
"2020-04-23 05:43:25",1366
"2020-04-23 06:43:28",1366
"2020-04-23 07:43:32",1366
"2020-04-23 08:43:30",1366
"2020-04-23 09:43:24",1366
"2020-04-23 10:43:27",1366
"2020-04-23 11:43:37",1366
"2020-04-23 12:43:27",1366
"2020-04-23 13:43:28",1366
"2020-04-23 14:43:29",1369
"2020-04-23 15:43:32",1373
"2020-04-23 16:43:43",1375
"2020-04-23 17:43:28",1374
"2020-04-23 18:43:34",1371
"2020-04-23 19:43:28",1372
"2020-04-23 20:43:44",1371
"2020-04-23 21:43:35",1371
"2020-04-23 22:43:30",1371
"2020-04-23 23:43:33",1371
"2020-04-24 00:43:40",1371
"2020-04-24 01:44:04",1371
"2020-04-24 02:43:27",1371
"2020-04-24 03:43:44",1371
"2020-04-24 04:43:30",1371
"2020-04-24 05:43:28",1371
"2020-04-24 06:43:30",1371
"2020-04-24 07:43:26",1371
"2020-04-24 08:43:39",1371
"2020-04-24 09:43:30",1371
"2020-04-24 10:43:29",1371
"2020-04-24 11:43:26",1371
"2020-04-24 13:09:36",1371
"2020-04-24 13:43:48",1371
"2020-04-24 14:43:35",1372
"2020-04-24 15:43:31",1372
"2020-04-24 16:43:29",1371
"2020-04-24 17:43:33",1370
"2020-04-24 18:43:36",1366
"2020-04-24 19:43:31",1365
"2020-04-24 20:43:36",1363
"2020-04-24 21:43:40",1363
"2020-04-24 22:43:50",1363
"2020-04-24 23:43:35",1363
"2020-04-25 00:43:53",1363
"2020-04-25 01:43:47",1363
"2020-04-25 02:43:43",1363
"2020-04-25 03:43:41",1363
"2020-04-25 04:43:44",1363
"2020-04-25 05:43:48",1363
"2020-04-25 06:43:35",1363
"2020-04-25 07:43:31",1363
"2020-04-25 08:43:35",1363
"2020-04-25 09:43:33",1363
"2020-04-25 10:43:29",1363
"2020-04-25 11:43:33",1363
"2020-04-25 12:43:30",1363
"2020-04-25 13:43:41",1363
"2020-04-25 14:43:33",1363
"2020-04-25 15:43:36",1363
"2020-04-25 16:43:37",1363
"2020-04-25 17:43:35",1363
"2020-04-25 18:43:31",1363
"2020-04-25 19:43:36",1363
"2020-04-25 20:43:33",1363
"2020-04-25 21:43:32",1363
"2020-04-25 22:43:36",1363
"2020-04-25 23:43:43",1363
"2020-04-26 00:43:31",1363
"2020-04-26 01:43:41",1363
"2020-04-26 02:43:41",1363
"2020-04-26 03:43:45",1363
"2020-04-26 04:43:29",1363
"2020-04-26 05:43:50",1363
"2020-04-26 06:43:37",1363
"2020-04-26 07:43:35",1363
"2020-04-26 08:43:32",1363
"2020-04-26 09:43:32",1363
"2020-04-26 10:43:29",1363
"2020-04-26 11:43:36",1363
"2020-04-26 12:43:32",1363
"2020-04-26 13:43:27",1363
"2020-04-26 14:43:30",1363
"2020-04-26 15:43:34",1363
"2020-04-26 16:43:33",1363
"2020-04-26 17:43:32",1363
"2020-04-26 18:43:33",1363
"2020-04-26 19:43:31",1363
"2020-04-26 20:43:30",1363
"2020-04-26 21:43:31",1363
"2020-04-26 22:43:40",1363
"2020-04-26 23:43:50",1363
"2020-04-27 00:43:49",1363
"2020-04-27 01:43:48",1363
"2020-04-27 02:43:44",1363
"2020-04-27 03:43:44",1363
"2020-04-27 04:43:48",1363
"2020-04-27 05:43:37",1363
"2020-04-27 06:43:34",1363
"2020-04-27 07:43:30",1363
"2020-04-27 08:43:36",1363
"2020-04-27 09:43:34",1363
"2020-04-27 10:43:34",1363
"2020-04-27 11:43:26",1363
"2020-04-27 12:43:31",1363
"2020-04-27 13:43:49",1362
"2020-04-27 14:43:37",1365
"2020-04-27 15:43:33",1365
"2020-04-27 16:43:27",1367
"2020-04-27 17:43:33",1394
"2020-04-27 18:43:31",1399
"2020-04-27 19:43:30",1398
"2020-04-27 20:43:31",1399
"2020-04-27 21:43:45",1399
"2020-04-27 22:43:34",1398
"2020-04-27 23:43:42",1398
"2020-04-28 00:44:01",1398
"2020-04-28 01:43:35",1398
"2020-04-28 02:43:52",1398
"2020-04-28 03:43:49",1398
"2020-04-28 04:43:47",1398
"2020-04-28 05:43:31",1397
"2020-04-28 06:43:31",1397
"2020-04-28 07:43:48",1397
"2020-04-28 08:43:40",1397
"2020-04-28 09:43:34",1397
"2020-04-28 10:43:27",1397
"2020-04-28 11:43:34",1397
"2020-04-28 12:43:35",1397
"2020-04-28 13:43:32",1394
"2020-04-28 14:43:50",1394
"2020-04-28 15:43:45",1370
"2020-04-28 16:43:29",1381
"2020-04-28 17:43:38",1385
"2020-04-28 18:43:36",1387
"2020-04-28 19:43:31",1385
"2020-04-28 20:43:32",1387
"2020-04-28 21:43:35",1387
"2020-04-28 22:43:29",1387
"2020-04-28 23:43:30",1387
"2020-04-29 00:43:52",1387
"2020-04-29 01:43:56",1387
"2020-04-29 02:43:46",1387
"2020-04-29 03:43:31",1387
"2020-04-29 04:43:40",1387
"2020-04-29 05:43:29",1387
"2020-04-29 06:43:36",1387
"2020-04-29 07:43:36",1387
"2020-04-29 08:43:30",1387
"2020-04-29 09:43:42",1387
"2020-04-29 10:43:36",1387
"2020-04-29 11:43:27",1387
"2020-04-29 13:07:33",1387
"2020-04-29 13:43:36",1387
"2020-04-29 14:43:31",1392
"2020-04-29 15:43:28",1386
"2020-04-29 16:43:37",1379
"2020-04-29 17:43:33",1379
"2020-04-29 18:43:53",1376
"2020-04-29 19:43:51",1370
"2020-04-29 20:43:34",1370
"2020-04-29 21:43:51",1370
"2020-04-29 22:43:51",1370
"2020-04-29 23:43:42",1370
"2020-04-30 00:43:51",1370
"2020-04-30 01:43:49",1370
"2020-04-30 02:44:07",1370
"2020-04-30 03:44:01",1370
"2020-04-30 04:43:46",1370
"2020-04-30 05:43:40",1370
"2020-04-30 06:43:35",1370
"2020-04-30 07:43:34",1370
"2020-04-30 08:43:37",1370
"2020-04-30 09:43:33",1370
"2020-04-30 10:43:29",1370
"2020-04-30 11:43:44",1370
"2020-04-30 12:43:30",1370
"2020-04-30 13:43:33",1370
"2020-04-30 14:43:45",1365
"2020-04-30 15:43:32",1361
"2020-04-30 16:43:31",1363
"2020-04-30 17:45:08",1363
"2020-04-30 18:43:40",1363
"2020-04-30 20:43:35",1363
"2020-04-30 21:43:36",1361
"2020-04-30 22:43:38",1361
"2020-04-30 23:43:35",1361
"2020-05-01 00:43:50",1361
"2020-05-01 01:43:49",1361
"2020-05-01 02:43:34",1361
"2020-05-01 03:43:31",1361
"2020-05-01 04:43:37",1361
"2020-05-01 05:43:40",1361
"2020-05-01 06:43:36",1361
"2020-05-01 07:43:38",1361
"2020-05-01 08:43:34",1361
"2020-05-01 09:43:33",1361
"2020-05-01 10:43:31",1361
"2020-05-01 11:43:33",1361
"2020-05-01 13:08:36",1361
"2020-05-01 13:43:54",1361
"2020-05-01 14:43:31",1357
"2020-05-01 15:43:32",1356
"2020-05-01 16:43:34",1354
"2020-05-01 17:43:35",1355
"2020-05-01 18:43:30",1353
"2020-05-01 19:43:37",1354
"2020-05-01 20:43:29",1355
"2020-05-01 21:43:49",1355
"2020-05-01 22:43:32",1355
"2020-05-01 23:43:32",1355
"2020-05-02 00:43:33",1355
"2020-05-02 01:43:49",1355
"2020-05-02 02:43:45",1355
"2020-05-02 03:43:39",1355
"2020-05-02 04:43:33",1355
"2020-05-02 05:43:42",1355
"2020-05-02 06:43:35",1355
"2020-05-02 07:43:42",1355
"2020-05-02 08:43:36",1355
"2020-05-02 09:43:34",1355
"2020-05-02 10:43:30",1355
"2020-05-02 11:43:34",1355
"2020-05-02 12:43:30",1355
"2020-05-02 13:43:35",1355
"2020-05-02 14:43:37",1355
"2020-05-02 15:43:38",1355
"2020-05-02 16:43:37",1355
"2020-05-02 17:43:34",1355
"2020-05-02 18:43:44",1355
"2020-05-02 19:43:35",1355
"2020-05-02 20:43:33",1355
"2020-05-02 21:43:34",1355
"2020-05-02 22:43:29",1355
"2020-05-02 23:43:46",1355
"2020-05-03 00:43:35",1355
"2020-05-03 01:43:48",1355
"2020-05-03 02:43:45",1355
"2020-05-03 03:43:44",1355
"2020-05-03 04:43:41",1355
"2020-05-03 05:43:34",1355
"2020-05-03 06:43:33",1355
"2020-05-03 07:43:37",1355
"2020-05-03 08:43:35",1355
"2020-05-03 09:43:52",1355
"2020-05-03 10:43:36",1355
"2020-05-03 11:43:34",1355
"2020-05-03 12:43:33",1355
"2020-05-03 13:43:35",1355
"2020-05-03 14:43:39",1355
"2020-05-03 15:43:36",1355
"2020-05-03 16:43:47",1355
"2020-05-03 17:43:50",1355
"2020-05-03 18:43:31",1355
"2020-05-03 19:44:02",1355
"2020-05-03 20:43:49",1355
"2020-05-03 21:43:43",1355
"2020-05-03 22:43:48",1355
"2020-05-03 23:43:49",1355
"2020-05-04 00:43:46",1355
"2020-05-04 01:43:50",1355
"2020-05-04 02:43:46",1355
"2020-05-04 03:43:48",1355
"2020-05-04 04:43:33",1355
"2020-05-04 05:43:36",1355
"2020-05-04 06:43:38",1355
"2020-05-04 09:29:44",1355
"2020-05-04 10:48:39",1355
"2020-05-04 10:56:27",1355
"2020-05-04 11:04:01",1355
"2020-05-04 11:43:42",1355
"2020-05-04 13:07:39",1355
"2020-05-04 13:43:35",1355
"2020-05-04 14:43:39",1355
"2020-05-04 15:43:35",1345
"2020-05-04 16:43:36",1349
"2020-05-04 17:43:34",1349
"2020-05-04 18:43:47",1351
"2020-05-04 19:43:48",1352
"2020-05-04 20:43:46",1352
"2020-05-04 21:43:48",1351
"2020-05-04 22:43:32",1353
"2020-05-04 23:43:34",1353
"2020-05-05 00:43:31",1353
"2020-05-05 01:43:44",1353
"2020-05-05 02:43:30",1353
"2020-05-05 03:43:48",1353
"2020-05-05 04:43:34",1353
"2020-05-05 05:43:34",1353
"2020-05-05 06:43:36",1353
"2020-05-05 07:43:41",1353
"2020-05-05 08:43:52",1353
"2020-05-05 09:43:30",1353
"2020-05-05 10:43:31",1353
"2020-05-05 11:43:50",1353
"2020-05-05 12:43:37",1353
"2020-05-05 13:43:36",1352
"2020-05-05 14:43:35",1353
"2020-05-05 15:43:33",1351
"2020-05-05 16:43:38",1355
"2020-05-05 17:43:33",1359
"2020-05-05 18:43:31",1363
"2020-05-05 19:43:50",1369
"2020-05-05 20:43:38",1361
"2020-05-05 21:43:28",1363
"2020-05-05 22:43:29",1364
"2020-05-05 23:43:48",1364
"2020-05-06 00:43:37",1364
"2020-05-06 01:43:37",1364
"2020-05-06 02:43:33",1364
"2020-05-06 03:43:28",1364
"2020-05-06 04:43:36",1363
"2020-05-06 05:43:35",1363
"2020-05-06 06:43:29",1363
"2020-05-06 17:43:46",1370
"2020-05-06 18:43:56",1373
"2020-05-06 19:43:32",1372
"2020-05-06 20:43:43",1371
"2020-05-06 21:43:49",1369
"2020-05-06 22:43:49",1370
"2020-05-06 23:43:51",1370
"2020-05-07 00:43:41",1370
"2020-05-07 01:43:38",1370
"2020-05-07 02:43:28",1370
"2020-05-07 03:43:36",1370
"2020-05-07 04:43:38",1370
"2020-05-07 05:43:32",1370
"2020-05-07 06:43:35",1370
"2020-05-07 08:43:38",1370
"2020-05-07 09:43:35",1370
"2020-05-07 10:43:45",1370
"2020-05-07 11:43:38",1370
"2020-05-07 12:43:37",1370
"2020-05-07 13:43:42",1370
"2020-05-07 14:43:46",1382
"2020-05-07 15:43:33",1388
"2020-05-07 16:43:37",1386
"2020-05-07 17:43:32",1387
"2020-05-07 18:43:30",1391
"2020-05-07 19:43:55",1391
"2020-05-07 20:43:30",1388
"2020-05-07 21:43:29",1389
"2020-05-07 22:43:29",1390
"2020-05-07 23:43:37",1390
"2020-05-08 00:43:34",1390
"2020-05-08 01:43:28",1390
"2020-05-08 02:43:31",1390
"2020-05-08 03:43:37",1390
"2020-05-08 04:43:30",1390
"2020-05-08 05:43:31",1390
"2020-05-08 06:43:30",1390
"2020-05-08 07:43:36",1390
"2020-05-08 08:43:40",1390
"2020-05-08 09:43:36",1390
"2020-05-08 10:43:34",1390
"2020-05-08 11:43:36",1390
"2020-05-08 13:07:36",1390
"2020-05-08 13:43:39",1390
"2020-05-08 14:43:34",1397
"2020-05-08 15:43:35",1402
"2020-05-08 16:43:48",1403
"2020-05-08 17:43:43",1403
"2020-05-08 18:43:38",1403
"2020-05-08 19:43:31",1404
"2020-05-08 20:43:37",1408
"2020-05-08 21:43:34",1408
"2020-05-08 22:43:38",1408
"2020-05-08 23:43:35",1408
"2020-05-09 00:43:32",1408
"2020-05-09 01:43:44",1408
"2020-05-09 02:43:35",1408
"2020-05-09 03:43:51",1408
"2020-05-09 04:43:32",1408
"2020-05-09 05:43:37",1408
"2020-05-09 06:43:40",1408
"2020-05-09 07:43:30",1408
"2020-05-09 08:43:39",1408
"2020-05-09 09:43:34",1408
"2020-05-09 10:43:34",1408
"2020-05-09 11:43:29",1408
"2020-05-09 12:43:32",1408
"2020-05-09 13:43:33",1408
"2020-05-09 14:43:31",1408
"2020-05-09 15:43:34",1408
"2020-05-09 16:43:29",1408
"2020-05-09 17:43:35",1408
"2020-05-09 18:43:35",1408
"2020-05-09 19:43:33",1408
"2020-05-09 20:43:31",1408
"2020-05-09 21:43:37",1408
"2020-05-09 22:43:35",1408
"2020-05-09 23:43:33",1408
"2020-05-10 00:43:46",1408
"2020-05-10 01:43:34",1408
"2020-05-10 02:43:51",1408
"2020-05-10 03:43:38",1408
"2020-05-10 04:43:38",1408
"2020-05-10 05:43:42",1408
"2020-05-10 06:43:35",1408
"2020-05-10 07:43:40",1408
"2020-05-10 08:43:36",1408
"2020-05-10 09:43:38",1408
"2020-05-10 10:43:37",1408
"2020-05-10 11:43:39",1408
"2020-05-10 12:43:35",1408
"2020-05-10 13:43:37",1408
"2020-05-10 14:43:31",1408
"2020-05-10 15:43:35",1408
"2020-05-10 16:43:35",1408
"2020-05-10 17:43:32",1408
"2020-05-10 18:43:36",1408
"2020-05-10 19:43:34",1408
"2020-05-10 20:43:39",1408
"2020-05-10 21:43:34",1408
"2020-05-10 22:43:34",1408
"2020-05-10 23:43:36",1408
"2020-05-11 00:43:37",1408
"2020-05-11 01:43:31",1408
"2020-05-11 02:43:35",1408
"2020-05-11 03:43:51",1408
"2020-05-11 04:43:35",1408
"2020-05-11 05:43:35",1408
"2020-05-11 06:43:34",1408
"2020-05-11 07:43:37",1408
"2020-05-11 08:43:43",1408
"2020-05-11 09:45:02",1408
"2020-05-11 10:43:34",1408
"2020-05-11 11:43:30",1408
"2020-05-11 13:06:36",1409
"2020-05-11 13:43:43",1409
"2020-05-11 14:43:39",1415
"2020-05-11 15:43:50",1422
"2020-05-11 16:43:37",1428
"2020-05-11 17:43:39",1441
"2020-05-11 18:43:37",1446
"2020-05-11 19:43:33",1451
"2020-05-11 20:43:33",1455
"2020-05-11 21:43:35",1455
"2020-05-11 22:43:29",1455
"2020-05-11 23:43:40",1455
"2020-05-12 00:43:37",1455
"2020-05-12 01:43:36",1455
"2020-05-12 02:43:34",1455
"2020-05-12 03:43:30",1455
"2020-05-12 04:43:34",1455
"2020-05-12 05:43:33",1455
"2020-05-12 06:43:41",1455
"2020-05-12 07:43:33",1455
"2020-05-12 08:43:35",1455
"2020-05-12 09:43:36",1455
"2020-05-12 10:43:38",1455
"2020-05-12 11:43:32",1455
"2020-05-12 13:12:36",1457
"2020-05-12 17:43:31",1558
"2020-05-12 18:43:31",1560
"2020-05-12 19:43:44",1567
"2020-05-12 20:43:49",1571
"2020-05-12 21:43:47",1573
"2020-05-12 22:43:30",1575
"2020-05-12 23:43:30",1575
"2020-05-13 00:43:46",1575
"2020-05-13 01:43:36",1575
"2020-05-13 02:43:47",1575
"2020-05-13 03:43:49",1575
"2020-05-13 06:43:34",1575
"2020-05-13 07:43:47",1575
"2020-05-13 08:43:43",1575
"2020-05-13 09:43:30",1575
"2020-05-13 10:43:32",1575
"2020-05-13 11:43:31",1575
"2020-05-13 12:43:31",1575
"2020-05-13 13:43:31",1575
"2020-05-13 14:43:31",1582
"2020-05-13 15:43:35",1575
"2020-05-13 16:43:47",1559
"2020-05-13 17:43:33",1559
"2020-05-13 18:43:42",1567
"2020-05-13 19:43:34",1572
"2020-05-13 20:43:33",1575
"2020-05-13 21:43:30",1576
"2020-05-13 22:43:34",1577
"2020-05-13 23:43:37",1577
"2020-05-14 00:43:31",1577
"2020-05-14 01:43:37",1577
"2020-05-14 02:43:32",1577
"2020-05-14 03:43:36",1577
"2020-05-14 04:43:33",1577
"2020-05-14 05:43:37",1577
"2020-05-14 06:43:39",1577
"2020-05-14 07:43:34",1577
"2020-05-14 08:43:40",1577
"2020-05-14 09:43:31",1577
"2020-05-14 10:43:35",1577
"2020-05-14 11:43:38",1577
"2020-05-14 12:43:36",1577
"2020-05-14 13:43:38",1576
"2020-05-14 14:43:36",1570
"2020-05-14 15:43:34",1569
"2020-05-14 16:43:30",1575
"2020-05-14 17:43:31",1587
"2020-05-14 18:43:41",1588
"2020-05-14 19:43:41",1590
"2020-05-14 20:43:32",1587
"2020-05-14 21:43:34",1589
"2020-05-14 22:43:44",1590
"2020-05-14 23:43:37",1590
"2020-05-15 00:44:20",1590
"2020-05-15 01:43:58",1590
"2020-05-15 02:43:48",1590
"2020-05-15 03:43:47",1589
"2020-05-15 04:43:47",1589
"2020-05-15 05:43:35",1589
"2020-05-15 06:43:45",1589
"2020-05-15 07:43:31",1589
"2020-05-15 08:43:38",1589
"2020-05-15 09:43:45",1589
"2020-05-15 10:43:31",1589
"2020-05-15 11:43:34",1589
"2020-05-15 12:43:34",1589
"2020-05-15 13:43:36",1591
"2020-05-15 14:43:31",1605
"2020-05-15 15:43:34",1611
"2020-05-15 16:43:30",1616
"2020-05-15 17:43:47",1624
"2020-05-15 18:43:31",1622
"2020-05-15 19:43:38",1626
"2020-05-15 20:43:35",1624
"2020-05-15 21:43:34",1622
"2020-05-15 22:43:31",1622
"2020-05-15 23:43:29",1622
"2020-05-16 00:43:43",1622
"2020-05-16 01:43:52",1622
"2020-05-16 02:43:50",1622
"2020-05-16 03:43:39",1622
"2020-05-16 04:43:34",1622
"2020-05-16 05:43:33",1622
"2020-05-16 06:43:49",1622
"2020-05-16 07:43:47",1622
"2020-05-16 08:43:33",1622
"2020-05-16 09:43:39",1622
"2020-05-16 10:43:32",1622
"2020-05-16 11:43:30",1622
"2020-05-16 12:43:36",1622
"2020-05-16 13:43:34",1622
"2020-05-16 14:43:30",1622
"2020-05-16 15:43:38",1622
"2020-05-16 16:43:35",1622
"2020-05-16 17:43:31",1622
"2020-05-16 18:43:34",1622
"2020-05-16 19:43:31",1622
"2020-05-16 20:43:35",1622
"2020-05-16 21:43:34",1622
"2020-05-16 22:43:37",1622
"2020-05-16 23:43:35",1622
"2020-05-17 00:43:34",1622
"2020-05-17 01:43:38",1622
"2020-05-18 08:35:59",1622
"2020-05-18 08:42:59",1622
"2020-05-18 08:45:41",1622
"2020-05-18 08:46:37",1622
"2020-05-18 08:48:07",1622
"2020-05-18 08:48:17",1622
"2020-05-18 08:48:20",1622
"2020-05-18 08:48:49",1622
"2020-05-18 08:48:57",1622
"2020-05-18 08:49:15",1622
"2020-05-18 08:49:19",1622
"2020-05-18 08:50:26",1622
"2020-05-18 08:50:54",1622
"2020-05-18 08:51:22",1622
"2020-05-18 08:52:21",1622
"2020-05-18 08:53:12",1622
"2020-05-18 08:58:05",1622
"2020-05-18 09:23:23",1622
"2020-05-18 09:44:14",1622
"2020-05-18 09:44:26",1622
"2020-05-18 09:44:38",1622
"2020-05-18 10:03:43",1622
"2020-05-18 10:07:48",1622
"2020-05-18 10:13:00",1622
"2020-05-18 10:26:24",1622
"2020-05-18 10:27:52",1622
"2020-05-18 10:30:08",1622
"2020-05-18 10:32:50",1622
"2020-05-18 10:33:11",1622
"2020-05-18 10:40:59",1622
"2020-05-18 11:44:18",1622
"2020-05-18 11:51:54",1622
"2020-05-18 11:59:30",1622
"2020-05-18 12:07:08",1622
"2020-05-18 13:07:05",1622
"2020-05-18 13:43:40",1622
"2020-05-18 14:43:33",1630
"2020-05-18 15:43:53",1638
"2020-05-18 16:43:58",1634
"2020-05-18 17:43:34",1631
"2020-05-18 18:43:47",1628
"2020-05-18 19:43:41",1628
"2020-05-18 20:43:37",1624
"2020-05-18 21:43:50",1621
"2020-05-18 22:43:51",1621
"2020-05-18 23:43:53",1621
"2020-05-19 00:44:56",1621
"2020-05-19 01:43:32",1621
"2020-05-19 02:43:39",1621
"2020-05-19 03:43:38",1621
"2020-05-19 04:43:38",1620
"2020-05-19 05:43:38",1620
"2020-05-19 06:43:38",1620
"2020-05-19 07:43:38",1620
"2020-05-19 08:43:44",1620
"2020-05-19 09:43:57",1620
"2020-05-19 10:43:36",1620
"2020-05-19 11:43:48",1620
"2020-05-19 13:07:38",1620
"2020-05-19 13:43:38",1620
"2020-05-19 14:43:34",1615
"2020-05-19 15:43:33",1618
"2020-05-19 16:43:40",1619
"2020-05-19 17:43:32",1618
"2020-05-19 18:43:37",1619
"2020-05-19 19:43:36",1620
"2020-05-19 20:43:39",1617
"2020-05-19 21:43:39",1617
"2020-05-19 22:43:51",1617
"2020-05-19 23:43:34",1617
"2020-05-20 00:43:52",1617
"2020-05-20 01:43:57",1617
"2020-05-20 02:43:49",1617
"2020-05-20 03:43:50",1617
"2020-05-20 04:43:40",1617
"2020-05-20 05:43:37",1617
"2020-05-20 06:43:34",1617
"2020-05-20 07:43:42",1617
"2020-05-20 08:43:34",1617
"2020-05-20 09:43:40",1617
"2020-05-20 10:43:33",1617
"2020-05-20 11:43:34",1617
"2020-05-20 12:43:32",1617
"2020-05-20 13:43:38",1617
"2020-05-20 14:43:36",1616
"2020-05-20 15:43:43",1620
"2020-05-20 16:43:34",1623
"2020-05-20 17:43:50",1626
"2020-05-20 18:43:37",1627
"2020-05-20 19:43:36",1626
"2020-05-20 20:43:32",1628
"2020-05-20 21:43:38",1629
"2020-05-20 22:43:30",1629
"2020-05-20 23:43:35",1629
"2020-05-21 00:43:48",1629
"2020-05-21 01:43:32",1629
"2020-05-21 02:43:37",1629
"2020-05-21 03:43:37",1629
"2020-05-21 04:43:33",1629
"2020-05-21 05:43:34",1629
"2020-05-21 06:43:42",1629
"2020-05-21 07:43:32",1629
"2020-05-21 08:43:38",1629
"2020-05-21 09:43:33",1629
"2020-05-21 10:43:35",1629
"2020-05-21 11:43:39",1629
"2020-05-21 12:43:37",1629
"2020-05-21 13:43:41",1629
"2020-05-21 14:43:33",1632
"2020-05-21 15:43:36",1633
"2020-05-21 16:43:47",1641
"2020-05-21 17:43:41",1642
"2020-05-21 18:43:38",1641
"2020-05-21 19:43:35",1638
"2020-05-21 20:43:39",1642
"2020-05-21 21:43:40",1642
"2020-05-21 22:43:42",1642
"2020-05-21 23:43:53",1642
"2020-05-22 00:44:29",1642
"2020-05-22 01:43:40",1642
"2020-05-22 02:43:43",1642
"2020-05-22 03:43:53",1642
"2020-05-22 04:43:41",1642
"2020-05-22 05:43:43",1641
"2020-05-22 06:43:35",1641
"2020-05-22 07:43:39",1641
"2020-05-22 08:43:44",1641
"2020-05-22 09:43:41",1641
"2020-05-22 10:43:37",1641
"2020-05-22 11:43:36",1641
"2020-05-22 12:43:39",1641
"2020-05-22 13:43:44",1641
"2020-05-22 14:43:37",1641
"2020-05-22 15:43:37",1646
"2020-05-22 16:43:38",1648
"2020-05-22 17:43:38",1641
"2020-05-22 18:43:52",1646
"2020-05-22 19:43:37",1652
"2020-05-22 20:43:34",1654
"2020-05-22 21:43:36",1654
"2020-05-22 22:43:37",1655
"2020-05-22 23:43:36",1655
"2020-05-23 00:43:38",1655
"2020-05-23 01:43:37",1655
"2020-05-23 02:43:44",1655
"2020-05-23 03:43:40",1655
"2020-05-23 04:43:53",1655
"2020-05-23 05:43:37",1655
"2020-05-23 06:43:46",1655
"2020-05-23 07:43:45",1655
"2020-05-23 08:43:44",1655
"2020-05-23 09:43:40",1655
"2020-05-23 10:43:37",1655
"2020-05-23 11:43:46",1655
"2020-05-23 12:43:40",1655
"2020-05-23 13:43:42",1655
"2020-05-23 14:43:40",1655
"2020-05-23 15:43:37",1655
"2020-05-23 16:43:43",1655
"2020-05-23 17:43:40",1655
"2020-05-23 18:43:46",1655
"2020-05-23 19:43:38",1655
"2020-05-23 20:43:35",1655
"2020-05-23 21:43:35",1655
"2020-05-23 22:43:39",1655
"2020-05-23 23:43:40",1655
"2020-05-24 00:43:49",1655
"2020-05-24 01:43:38",1655
"2020-05-24 02:43:36",1655
"2020-05-24 03:43:41",1655
"2020-05-24 04:43:39",1655
"2020-05-24 05:43:37",1655
"2020-05-24 06:43:38",1655
"2020-05-24 07:43:37",1655
"2020-05-24 08:43:43",1655
"2020-05-24 09:43:35",1655
"2020-05-24 10:43:43",1655
"2020-05-24 11:43:41",1655
"2020-05-24 12:43:38",1655
"2020-05-24 13:43:41",1655
"2020-05-24 14:43:41",1655
"2020-05-24 15:43:35",1655
"2020-05-24 16:43:43",1655
"2020-05-24 17:43:41",1655
"2020-05-24 18:43:42",1655
"2020-05-24 19:43:41",1655
"2020-05-24 20:43:41",1655
"2020-05-24 21:43:45",1655
"2020-05-24 22:43:42",1655
"2020-05-24 23:43:35",1655
"2020-05-25 00:43:37",1655
"2020-05-25 01:43:46",1655
"2020-05-25 02:43:40",1655
"2020-05-25 03:43:55",1655
"2020-05-25 04:43:37",1655
"2020-05-25 05:45:27",1655
"2020-05-25 06:44:10",1655
"2020-05-25 07:43:41",1655
"2020-05-25 08:43:47",1655
"2020-05-25 09:43:40",1655
"2020-05-25 10:43:38",1655
"2020-05-25 11:43:54",1655
"2020-05-25 12:43:39",1655
"2020-05-25 13:43:35",1655
"2020-05-25 14:43:43",1655
"2020-05-25 15:43:37",1655
"2020-05-25 16:43:33",1655
"2020-05-25 17:43:38",1655
"2020-05-25 18:43:39",1655
"2020-05-25 19:43:41",1655
"2020-05-25 20:43:42",1655
"2020-05-25 21:43:34",1655
"2020-05-25 22:43:34",1655
"2020-05-25 23:43:35",1655
"2020-05-26 00:43:40",1655
"2020-05-26 01:43:36",1655
"2020-05-26 02:43:34",1655
"2020-05-26 03:43:41",1655
"2020-05-26 04:43:44",1655
"2020-05-26 05:43:38",1655
"2020-05-26 06:43:41",1655
"2020-05-26 07:43:43",1655
"2020-05-26 08:43:45",1655
"2020-05-26 09:43:40",1655
"2020-05-26 10:43:39",1655
"2020-05-26 11:43:44",1655
"2020-05-26 12:43:38",1655
"2020-05-26 13:43:42",1654
"2020-05-26 14:43:40",1664
"2020-05-26 15:43:37",1664
"2020-05-26 16:43:37",1683
"2020-05-26 17:43:39",1694
"2020-05-26 18:43:34",1697
"2020-05-26 19:43:38",1696
"2020-05-26 20:43:38",1700
"2020-05-26 21:43:48",1698
"2020-05-26 22:43:36",1698
"2020-05-26 23:43:37",1698
"2020-05-27 00:43:58",1698
"2020-05-27 01:43:35",1698
"2020-05-27 02:43:37",1698
"2020-05-27 03:43:39",1698
"2020-05-27 04:43:39",1698
"2020-05-27 05:43:37",1699
"2020-05-27 06:43:42",1699
"2020-05-27 07:43:40",1699
"2020-05-27 08:43:36",1699
"2020-05-27 09:43:34",1699
"2020-05-27 10:43:35",1699
"2020-05-27 11:43:34",1699
"2020-05-27 13:08:08",1698
"2020-05-27 13:43:46",1698
"2020-05-27 14:43:40",1691
"2020-05-27 15:43:34",1689
"2020-05-27 16:43:37",1703
"2020-05-27 17:43:36",1708
"2020-05-27 18:43:35",1710
"2020-05-27 19:43:41",1714
"2020-05-27 20:43:39",1715
"2020-05-27 21:43:39",1715
"2020-05-27 22:43:37",1715
"2020-05-27 23:43:34",1715
"2020-05-28 00:43:39",1715
"2020-05-28 01:43:42",1715
"2020-05-28 02:43:36",1715
"2020-05-28 03:43:36",1715
"2020-05-28 04:43:37",1715
"2020-05-28 05:43:35",1713
"2020-05-28 06:43:38",1713
"2020-05-28 07:43:45",1713
"2020-05-28 08:43:40",1713
"2020-05-28 09:43:35",1713
"2020-05-28 10:43:43",1713
"2020-05-28 11:43:45",1713
"2020-05-28 13:08:41",1713
"2020-05-28 13:43:41",1713
"2020-05-28 14:43:42",1702
"2020-05-28 15:43:40",1695
"2020-05-28 16:43:40",1693
"2020-05-28 17:43:40",1696
"2020-05-28 18:43:40",1694
"2020-05-28 19:43:38",1693
"2020-05-28 20:43:46",1686
"2020-05-28 21:43:50",1685
"2020-05-28 22:43:40",1685
"2020-05-28 23:43:46",1685
"2020-05-29 00:43:43",1685
"2020-05-29 01:43:41",1685
"2020-05-29 02:43:53",1685
"2020-05-29 03:43:39",1685
"2020-05-29 04:43:40",1685
"2020-05-29 05:43:53",1685
"2020-05-29 06:43:48",1685
"2020-05-29 07:43:48",1685
"2020-05-29 08:43:46",1685
"2020-05-29 09:51:06",1685
"2020-05-29 10:43:44",1685
"2020-05-29 11:43:40",1685
"2020-05-29 12:43:47",1685
"2020-05-29 13:43:46",1685
"2020-05-29 14:43:47",1681
"2020-05-29 15:43:40",1675
"2020-05-29 16:43:35",1675
"2020-05-29 17:43:43",1667
"2020-05-29 18:43:42",1667
"2020-05-29 19:43:40",1664
"2020-05-29 20:43:46",1657
"2020-05-29 21:43:39",1657
"2020-05-29 22:43:39",1658
"2020-05-29 23:43:50",1658
"2020-05-30 00:43:36",1658
"2020-05-30 01:43:36",1658
"2020-05-30 02:43:38",1658
"2020-05-30 03:43:40",1658
"2020-05-30 04:43:38",1658
"2020-05-30 05:43:42",1658
"2020-05-30 06:43:44",1658
"2020-05-30 07:43:56",1658
"2020-05-30 08:43:43",1658
"2020-05-30 09:43:37",1658
"2020-05-30 10:43:43",1658
"2020-05-30 11:43:40",1658
"2020-05-30 12:43:39",1658
"2020-05-30 13:43:40",1658
"2020-05-30 14:43:36",1658
"2020-05-30 15:43:39",1658
"2020-05-30 16:43:50",1658
"2020-05-30 17:43:40",1658
"2020-05-30 18:43:39",1658
"2020-05-30 19:43:44",1658
"2020-05-30 20:43:39",1658
"2020-05-30 21:43:43",1658
"2020-05-30 22:43:39",1658
"2020-05-30 23:43:44",1658
"2020-05-31 00:43:44",1658
"2020-05-31 01:43:44",1658
"2020-05-31 02:43:42",1658
"2020-05-31 03:43:42",1658
"2020-05-31 04:43:40",1658
"2020-05-31 05:43:44",1658
"2020-05-31 06:43:44",1658
"2020-05-31 07:43:44",1658
"2020-05-31 09:29:06",1658
"2020-05-31 09:43:40",1658
"2020-05-31 13:06:33",1658
"2020-05-31 13:10:11",1658
"2020-05-31 13:18:34",1658
"2020-06-01 05:00:01",1658
"2020-06-01 05:13:10",1658
"2020-06-01 05:13:16",1658
"2020-06-01 05:15:47",1658
"2020-06-01 05:15:50",1658
"2020-06-01 05:21:00",1658
"2020-06-01 05:21:06",1658
"2020-06-01 05:23:41",1658
"2020-06-01 05:26:55",1658
"2020-06-01 05:27:09",1658
"2020-06-01 05:27:19",1658
"2020-06-01 05:28:44",1658
"2020-06-01 05:33:37",1658
"2020-06-01 05:35:26",1658
"2020-06-01 05:39:04",1658
"2020-06-01 06:37:46",1658
"2020-06-01 06:45:22",1658
"2020-06-01 06:52:58",1658
"2020-06-01 07:43:40",1658
"2020-06-01 08:43:46",1658
"2020-06-01 09:43:46",1658
"2020-06-01 10:43:40",1658
"2020-06-01 11:43:40",1658
"2020-06-01 13:06:41",1658
"2020-06-01 13:44:02",1658
"2020-06-01 14:43:44",1676
"2020-06-01 15:43:41",1689
"2020-06-01 16:43:56",1696
"2020-06-01 17:43:55",1714
"2020-06-01 18:43:53",1720
"2020-06-01 19:43:43",1723
"2020-06-01 20:43:42",1723
"2020-06-01 21:43:40",1728
"2020-06-01 22:43:36",1728
"2020-06-01 23:43:43",1728
"2020-06-02 00:43:44",1728
"2020-06-02 01:43:37",1728
"2020-06-02 02:43:37",1728
"2020-06-02 03:43:41",1728
"2020-06-02 04:43:38",1728
"2020-06-02 05:43:40",1728
"2020-06-02 06:43:38",1728
"2020-06-02 07:43:43",1728
"2020-06-02 08:43:44",1728
"2020-06-02 09:43:39",1728
"2020-06-02 10:43:44",1728
"2020-06-02 11:43:39",1728
"2020-06-02 12:43:49",1728
"2020-06-02 13:43:44",1729
"2020-06-02 14:43:58",1729
"2020-06-02 15:43:58",1782
"2020-06-02 16:43:38",1796
"2020-06-02 17:43:56",1811
"2020-06-02 18:43:39",1815
"2020-06-02 19:43:54",1817
"2020-06-02 20:43:57",1814
"2020-06-02 21:43:35",1814
"2020-06-02 22:43:42",1815
"2020-06-02 23:43:36",1815
"2020-06-03 00:43:46",1815
"2020-06-03 01:43:58",1815
"2020-06-03 02:43:34",1815
"2020-06-03 03:43:50",1815
"2020-06-03 04:43:50",1815
"2020-06-03 05:43:36",1815
"2020-06-03 06:43:40",1815
"2020-06-03 07:43:54",1815
"2020-06-03 08:43:38",1815
"2020-06-03 09:43:41",1815
"2020-06-03 10:43:40",1815
"2020-06-03 11:43:40",1815
"2020-06-03 13:10:12",1815
"2020-06-03 13:43:42",1815
"2020-06-03 14:43:37",1832
"2020-06-03 15:43:56",1846
"2020-06-03 16:43:53",1857
"2020-06-03 17:43:57",1871
"2020-06-03 18:44:01",1888
"2020-06-03 19:43:58",1899
"2020-06-03 20:43:40",1899
"2020-06-03 21:43:40",1902
"2020-06-03 22:43:38",1907
"2020-06-03 23:43:35",1907
"2020-06-04 00:43:54",1907
"2020-06-04 01:43:45",1907
"2020-06-04 02:43:40",1907
"2020-06-04 03:43:42",1907
"2020-06-04 04:43:44",1907
"2020-06-04 05:43:39",1907
"2020-06-04 06:43:41",1907
"2020-06-04 07:43:48",1907
"2020-06-04 08:43:48",1907
"2020-06-04 09:43:45",1907
"2020-06-04 10:43:39",1907
"2020-06-04 11:43:39",1907
"2020-06-04 12:43:42",1907
"2020-06-04 13:43:51",1909
"2020-06-04 14:44:11",1901
"2020-06-04 15:43:58",1904
"2020-06-04 17:08:45",1902
"2020-06-04 17:43:43",1902
"2020-06-04 18:43:54",1907
"2020-06-04 19:43:37",1913
"2020-06-04 20:43:57",1916
"2020-06-04 21:43:57",1921
"2020-06-04 22:43:41",1921
"2020-06-04 23:43:44",1921
"2020-06-05 00:43:44",1921
"2020-06-05 01:43:39",1921
"2020-06-05 02:43:39",1921
"2020-06-05 03:43:41",1921
"2020-06-05 04:43:43",1921
"2020-06-05 05:43:46",1921
"2020-06-05 06:43:45",1921
"2020-06-05 07:43:44",1921
"2020-06-05 08:43:43",1921
"2020-06-05 09:43:39",1921
"2020-06-05 10:43:39",1921
"2020-06-05 11:43:41",1921
"2020-06-05 13:11:13",1923
"2020-06-05 13:43:57",1923
"2020-06-05 14:43:46",1917
"2020-06-05 15:43:43",1913
"2020-06-05 16:44:01",1911
"2020-06-05 17:43:43",1911
"2020-06-05 18:43:43",1913
"2020-06-05 19:43:43",1918
"2020-06-05 20:43:59",1928
"2020-06-05 21:43:44",1928
"2020-06-05 22:43:42",1930
"2020-06-05 23:43:43",1930
"2020-06-06 00:43:49",1930
"2020-06-06 01:43:38",1930
"2020-06-06 02:43:41",1930
"2020-06-06 03:43:45",1930
"2020-06-06 04:43:49",1930
"2020-06-06 05:43:48",1930
"2020-06-06 06:43:43",1930
"2020-06-06 07:44:04",1930
"2020-06-06 08:43:46",1930
"2020-06-06 09:54:29",1930
"2020-06-06 10:43:39",1930
"2020-06-06 11:43:43",1930
"2020-06-06 12:43:45",1930
"2020-06-06 13:43:41",1930
"2020-06-06 14:43:59",1930
"2020-06-06 15:43:41",1930
"2020-06-06 16:43:55",1930
"2020-06-06 18:43:44",1930
"2020-06-06 19:43:40",1930
"2020-06-06 20:43:42",1930
"2020-06-06 21:43:41",1930
"2020-06-06 22:43:43",1930
"2020-06-06 23:43:48",1930
"2020-06-07 00:43:47",1930
"2020-06-07 01:43:41",1930
"2020-06-07 02:43:42",1930
"2020-06-07 03:43:43",1930
"2020-06-07 04:43:43",1930
"2020-06-07 05:43:42",1930
"2020-06-07 06:43:42",1930
"2020-06-07 07:43:46",1930
"2020-06-07 08:43:45",1930
"2020-06-08 04:43:38",1930
"2020-06-08 05:43:37",1930
"2020-06-08 06:43:58",1930
"2020-06-08 07:43:36",1930
"2020-06-08 08:43:44",1930
"2020-06-08 09:43:39",1930
"2020-06-08 10:43:38",1930
"2020-06-08 11:43:42",1930
"2020-06-08 12:43:59",1930
"2020-06-08 13:43:43",1931
"2020-06-08 14:44:11",1937
"2020-06-08 15:43:41",1947
"2020-06-08 16:43:51",1952
"2020-06-08 17:43:47",1964
"2020-06-08 18:44:06",1973
"2020-06-08 19:43:59",1990
"2020-06-08 20:43:52",2024
"2020-06-08 21:43:46",2171
"2020-06-08 22:43:44",2186
"2020-06-08 23:43:44",2186
"2020-06-09 00:43:45",2186
"2020-06-09 01:43:52",2186
"2020-06-09 02:43:50",2186
"2020-06-09 03:43:42",2186
"2020-06-09 04:44:01",2186
"2020-06-09 05:44:09",2186
"2020-06-09 06:44:05",2186
"2020-06-09 07:43:50",2186
"2020-06-09 08:43:48",2186
"2020-06-09 09:43:57",2186
"2020-06-09 10:43:46",2186
"2020-06-09 11:43:50",2186
"2020-06-09 12:44:09",2186
"2020-06-09 13:43:55",2186
"2020-06-09 14:43:55",2063
"2020-06-09 15:44:00",2011
"2020-06-09 16:44:04",2004
"2020-06-09 17:43:43",2008
"2020-06-09 18:43:58",2012
"2020-06-09 19:44:13",1993
"2020-06-09 20:44:11",1993
"2020-06-09 21:43:58",1987
"2020-06-09 22:43:59",1986
"2020-06-09 23:44:01",1986
"2020-06-10 00:44:06",1986
"2020-06-10 01:43:56",1986
"2020-06-10 02:43:59",1986
"2020-06-10 03:44:04",1986
"2020-06-10 04:43:55",1986
"2020-06-10 05:44:01",1986
"2020-06-10 06:43:47",1986
"2020-06-10 07:43:40",1986
"2020-06-10 08:43:46",1986
"2020-06-10 09:43:37",1986
"2020-06-10 10:43:38",1986
"2020-06-10 11:43:45",1986
"2020-06-10 12:43:49",1986
"2020-06-10 13:44:01",1987
"2020-06-10 15:43:45",1938
"2020-06-10 16:43:53",1931
"2020-06-10 17:43:50",1923
"2020-06-10 18:43:50",1919
"2020-06-10 19:43:46",1914
"2020-06-10 20:43:44",1913
"2020-06-10 21:43:50",1914
"2020-06-10 22:43:41",1913
"2020-06-10 23:43:57",1913
"2020-06-11 00:44:58",1913
"2020-06-11 01:43:41",1913
"2020-06-11 02:44:11",1913
"2020-06-11 03:44:12",1913
"2020-06-11 04:43:46",1913
"2020-06-11 05:44:08",1913
"2020-06-11 06:43:51",1913
"2020-06-11 07:44:00",1913
"2020-06-11 08:43:44",1913
"2020-06-11 09:43:46",1913
"2020-06-11 10:43:47",1913
"2020-06-11 11:43:39",1913
"2020-06-11 12:43:48",1913
"2020-06-11 13:44:03",1911
"2020-06-11 14:43:53",1902
"2020-06-11 15:44:04",1906
"2020-06-11 16:44:18",1898
"2020-06-11 17:43:58",1888
"2020-06-11 18:44:02",1884
"2020-06-11 19:43:55",1872
"2020-06-11 20:43:42",1866
"2020-06-11 21:43:42",1865
"2020-06-11 22:43:37",1866
"2020-06-11 23:43:36",1866
"2020-06-12 00:43:45",1866
"2020-06-12 01:43:46",1866
"2020-06-12 02:43:43",1866
"2020-06-12 03:43:45",1866
"2020-06-12 04:43:43",1866
"2020-06-12 05:43:41",1865
"2020-06-12 06:43:47",1865
"2020-06-12 07:43:49",1865
"2020-06-12 08:43:38",1865
"2020-06-12 09:43:48",1865
"2020-06-12 10:43:49",1865
"2020-06-12 11:43:42",1865
"2020-06-12 14:10:51",1861
"2020-06-12 14:18:49",1861
"2020-06-12 14:44:10",1861
"2020-06-12 15:43:50",1859
"2020-06-12 16:43:53",1852
"2020-06-12 17:43:46",1851
"2020-06-12 18:43:50",1848
"2020-06-12 19:43:59",1847
"2020-06-12 20:43:59",1844
"2020-06-12 21:43:54",1840
"2020-06-12 22:43:43",1842
"2020-06-12 23:43:43",1842
"2020-06-13 00:43:40",1842
"2020-06-13 01:43:43",1842
"2020-06-13 02:43:44",1842
"2020-06-13 03:43:43",1842
"2020-06-13 04:43:42",1842
"2020-06-13 05:43:41",1842
"2020-06-13 06:43:44",1842
"2020-06-13 07:43:45",1842
"2020-06-13 08:43:42",1842
"2020-06-13 09:43:43",1842
"2020-06-13 10:43:43",1842
"2020-06-13 11:43:40",1842
"2020-06-13 12:43:41",1842
"2020-06-13 13:43:40",1842
"2020-06-13 14:43:42",1842
"2020-06-13 15:43:42",1842
"2020-06-13 16:43:50",1842
"2020-06-13 17:43:44",1842
"2020-06-13 18:43:45",1842
"2020-06-13 19:43:43",1842
"2020-06-13 20:43:45",1842
"2020-06-13 21:43:47",1842
"2020-06-13 22:43:46",1842
"2020-06-13 23:43:46",1842
"2020-06-14 00:43:46",1842
"2020-06-14 01:43:40",1842
"2020-06-14 02:43:46",1842
"2020-06-14 03:43:48",1842
"2020-06-14 04:43:38",1842
"2020-06-14 05:43:57",1842
"2020-06-14 06:43:42",1842
"2020-06-14 07:43:46",1842
"2020-06-14 08:43:42",1842
"2020-06-14 09:43:43",1842
"2020-06-14 10:43:44",1842
"2020-06-14 11:43:41",1842
"2020-06-14 12:43:41",1842
"2020-06-14 13:43:42",1842
"2020-06-14 14:43:45",1842
"2020-06-14 15:43:40",1842
"2020-06-14 16:43:42",1842
"2020-06-14 17:43:45",1842
"2020-06-14 18:43:47",1842
"2020-06-14 19:43:42",1842
"2020-06-14 20:43:44",1842
"2020-06-14 21:43:56",1842
"2020-06-14 22:43:41",1842
"2020-06-14 23:43:43",1842
"2020-06-15 00:43:54",1842
"2020-06-15 01:43:49",1842
"2020-06-15 02:43:48",1842
"2020-06-15 03:43:43",1842
"2020-06-15 04:43:46",1842
"2020-06-15 05:44:01",1842
"2020-06-15 06:43:42",1842
"2020-06-15 07:43:43",1842
"2020-06-15 08:43:46",1842
"2020-06-15 09:43:47",1842
"2020-06-15 10:43:40",1842
"2020-06-15 11:43:42",1842
"2020-06-15 12:43:49",1842
"2020-06-15 13:44:11",1842
"2020-06-15 14:44:03",1835
"2020-06-15 15:43:49",1835
"2020-06-15 16:43:55",1826
"2020-06-15 17:43:49",1820
"2020-06-15 18:41:47",1816
"2020-06-15 18:49:27",1816
"2020-06-15 18:57:07",1816
"2020-06-15 19:04:48",1814
"2020-06-15 19:12:34",1814
"2020-06-15 19:20:22",1814
"2020-06-15 19:28:05",1814
"2020-06-15 19:35:44",1814
"2020-06-15 19:43:23",1814
"2020-06-15 19:51:04",1814
"2020-06-15 19:58:48",1814
"2020-06-15 20:06:34",1808
"2020-06-15 20:11:36",1808
"2020-06-15 20:19:14",1808
"2020-06-15 20:26:53",1808
"2020-06-15 20:34:32",1808
"2020-06-15 20:42:09",1808
"2020-06-15 20:49:46",1808
"2020-06-15 20:57:27",1808
"2020-06-15 21:05:10",1809
"2020-06-15 21:12:51",1809
"2020-06-15 21:20:29",1809
"2020-06-15 21:28:05",1809
"2020-06-15 21:35:43",1809
"2020-06-15 21:43:20",1809
"2020-06-15 21:51:00",1809
"2020-06-15 22:43:44",1811
"2020-06-15 23:43:42",1811
"2020-06-16 00:43:45",1811
"2020-06-16 01:43:40",1811
"2020-06-16 02:44:12",1811
"2020-06-16 03:43:43",1811
"2020-06-16 04:43:39",1811
"2020-06-16 05:43:42",1811
"2020-06-16 06:44:01",1811
"2020-06-16 07:43:58",1811
"2020-06-16 08:43:42",1811
"2020-06-16 09:43:40",1811
"2020-06-16 10:43:44",1811
"2020-06-16 11:43:41",1811
"2020-06-16 12:43:47",1811
"2020-06-16 13:43:46",1812
"2020-06-16 14:43:58",1819
"2020-06-16 15:43:46",1819
"2020-06-16 16:43:46",1818
"2020-06-16 17:44:09",1818
"2020-06-16 18:43:45",1823
"2020-06-16 19:43:46",1824
"2020-06-16 20:43:44",1830
"2020-06-16 21:43:43",1830
"2020-06-16 22:43:38",1829
"2020-06-16 23:43:39",1829
"2020-06-17 00:43:43",1829
"2020-06-17 01:43:55",1829
"2020-06-17 02:43:46",1829
"2020-06-17 03:43:41",1829
"2020-06-17 04:43:46",1829
"2020-06-17 05:43:44",1829
"2020-06-17 06:43:56",1828
"2020-06-17 07:43:44",1828
"2020-06-17 08:43:42",1828
"2020-06-17 09:43:40",1828
"2020-06-17 10:43:39",1828
"2020-06-17 11:43:46",1828
"2020-06-17 12:43:44",1828
"2020-06-17 13:43:50",1828
"2020-06-17 14:43:44",1827
"2020-06-17 15:43:49",1827
"2020-06-17 16:43:51",1830
"2020-06-17 17:43:48",1832
"2020-06-17 18:43:52",1831
"2020-06-17 19:44:00",1833
"2020-06-17 20:44:00",1831
"2020-06-17 21:43:55",1831
"2020-06-17 22:43:42",1831
"2020-06-17 23:43:46",1832
"2020-06-18 00:43:43",1832
"2020-06-18 01:43:46",1832
"2020-06-18 02:43:41",1832
"2020-06-18 03:43:58",1832
"2020-06-18 04:43:45",1832
"2020-06-18 05:43:41",1832
"2020-06-18 06:43:46",1832
"2020-06-18 07:43:55",1832
"2020-06-18 08:43:41",1832
"2020-06-18 09:43:43",1832
"2020-06-18 10:43:38",1832
"2020-06-18 11:43:47",1832
"2020-06-18 12:43:45",1832
"2020-06-18 13:43:55",1831
"2020-06-18 14:43:54",1839
"2020-06-18 17:05:45",1839
"2020-06-18 17:43:46",1839
"2020-06-18 18:43:53",1839
"2020-06-18 19:43:51",1839
"2020-06-18 20:43:47",1866
"2020-06-18 21:43:59",1868
"2020-06-18 22:43:43",1871
"2020-06-18 23:43:49",1871
"2020-06-19 00:44:00",1871
"2020-06-19 01:43:45",1871
"2020-06-19 02:43:44",1871
"2020-06-19 03:44:00",1871
"2020-06-19 04:46:18",1871
"2020-06-19 05:43:45",1871
"2020-06-19 06:43:40",1871
"2020-06-19 07:43:58",1871
"2020-06-19 08:44:02",1871
"2020-06-19 09:43:56",1871
"2020-06-19 10:43:43",1871
"2020-06-19 11:43:37",1871
"2020-06-19 13:08:43",1871
"2020-06-19 13:43:54",1871
"2020-06-19 14:43:45",1877
"2020-06-19 15:43:49",1883
"2020-06-19 16:43:46",1889
"2020-06-19 17:43:55",1894
"2020-06-19 18:43:40",1891
"2020-06-19 19:43:49",1891
"2020-06-19 20:43:45",1892
"2020-06-19 21:43:38",1893
"2020-06-19 22:43:55",1893
"2020-06-19 23:43:56",1893
"2020-06-20 00:43:48",1893
"2020-06-20 01:43:51",1893
"2020-06-20 02:43:52",1893
"2020-06-20 03:43:41",1893
"2020-06-20 04:43:37",1893
"2020-06-20 05:43:47",1893
"2020-06-20 06:43:42",1893
"2020-06-20 07:43:44",1893
"2020-06-20 08:43:45",1893
"2020-06-20 09:43:44",1893
"2020-06-20 10:43:43",1893
"2020-06-20 11:43:44",1893
"2020-06-20 12:43:47",1893
"2020-06-20 13:43:47",1893
"2020-06-20 14:43:47",1893
"2020-06-20 15:43:39",1893
"2020-06-20 16:43:58",1893
"2020-06-20 17:43:41",1893
"2020-06-20 18:43:42",1893
"2020-06-20 19:43:55",1893
"2020-06-20 20:43:46",1893
"2020-06-20 21:43:46",1893
"2020-06-20 22:43:47",1893
"2020-06-20 23:43:49",1893
"2020-06-21 00:43:50",1893
"2020-06-21 01:43:44",1893
"2020-06-21 02:43:44",1893
"2020-06-21 03:44:03",1893
"2020-06-21 04:43:44",1893
"2020-06-21 05:44:01",1893
"2020-06-21 06:43:43",1893
"2020-06-21 07:43:45",1893
"2020-06-21 08:43:40",1893
"2020-06-21 09:43:42",1893
"2020-06-21 10:43:39",1893
"2020-06-21 11:43:45",1893
"2020-06-21 12:43:49",1893
"2020-06-21 13:43:48",1893
"2020-06-21 14:44:05",1893
"2020-06-21 15:43:47",1893
"2020-06-21 16:43:41",1893
"2020-06-21 17:43:44",1893
"2020-06-21 18:43:46",1893
"2020-06-21 19:43:47",1893
"2020-06-21 20:43:45",1893
"2020-06-21 21:43:47",1893
"2020-06-21 22:43:58",1893
"2020-06-21 23:43:52",1893
"2020-06-22 00:43:44",1893
"2020-06-22 01:43:52",1893
"2020-06-22 02:43:49",1893
"2020-06-22 03:43:45",1893
"2020-06-22 04:43:47",1893
"2020-06-22 05:43:59",1893
"2020-06-22 06:43:46",1893
"2020-06-22 07:43:40",1893
"2020-06-22 08:43:47",1893
"2020-06-22 09:43:49",1893
"2020-06-22 10:44:03",1893
"2020-06-22 11:43:42",1893
"2020-06-22 12:43:47",1893
"2020-06-22 13:43:49",1893
"2020-06-22 14:43:50",1894
"2020-06-22 15:43:59",1895
"2020-06-22 16:43:49",1891
"2020-06-22 17:44:01",1891
"2020-06-22 18:43:46",1895
"2020-06-22 19:43:51",1895
"2020-06-22 20:43:42",1894
"2020-06-22 21:43:42",1895
"2020-06-22 22:43:40",1896
"2020-06-22 23:43:43",1896
"2020-06-23 00:43:43",1896
"2020-06-23 01:43:47",1896
"2020-06-23 02:43:50",1896
"2020-06-23 03:43:50",1896
"2020-06-23 04:43:56",1896
"2020-06-23 05:44:01",1894
"2020-06-23 06:43:44",1894
"2020-06-23 07:43:49",1894
"2020-06-23 08:44:09",1894
"2020-06-23 09:43:45",1894
"2020-06-23 10:43:50",1894
"2020-06-23 11:43:46",1894
"2020-06-23 12:43:50",1894
"2020-06-23 13:43:48",1892
"2020-06-23 14:43:52",1893
"2020-06-23 15:44:01",1887
"2020-06-23 16:43:47",1889
"2020-06-23 17:43:51",1893
"2020-06-23 18:44:00",1894
"2020-06-23 19:43:44",1895
"2020-06-23 20:43:50",1897
"2020-06-23 21:43:42",1898
"2020-06-23 22:43:57",1900
"2020-06-23 23:44:02",1900
"2020-06-24 00:43:59",1900
"2020-06-24 01:44:03",1900
"2020-06-24 02:43:59",1900
"2020-06-24 03:43:45",1900
"2020-06-24 04:43:55",1900
"2020-06-24 05:44:03",1900
"2020-06-24 06:43:49",1900
"2020-06-24 07:43:47",1900
"2020-06-24 08:43:53",1900
"2020-06-24 09:43:50",1900
"2020-06-24 10:43:56",1900
"2020-06-24 11:43:42",1900
"2020-06-24 12:43:47",1900
"2020-06-24 13:43:53",1900
"2020-06-24 14:43:52",1904
"2020-06-24 15:43:43",1911
"2020-06-24 16:43:48",1906
"2020-06-24 17:44:01",1908
"2020-06-24 18:43:56",1909
"2020-06-24 19:44:00",1909
"2020-06-24 20:43:49",1916
"2020-06-24 21:43:45",1915
"2020-06-24 22:43:44",1917
"2020-06-24 23:43:47",1917
"2020-06-25 00:43:49",1917
"2020-06-25 01:43:46",1917
"2020-06-25 02:43:41",1917
"2020-06-25 03:43:45",1917
"2020-06-25 04:43:47",1917
"2020-06-25 05:43:46",1917
"2020-06-25 06:43:52",1917
"2020-06-25 07:43:53",1917
"2020-06-25 08:43:47",1917
"2020-06-25 09:44:00",1917
"2020-06-25 10:43:42",1917
"2020-06-25 11:44:09",1917
"2020-06-25 13:07:43",1917
"2020-06-25 13:44:02",1917
"2020-06-25 14:44:19",1911
"2020-06-25 15:44:05",1915
"2020-06-25 16:44:05",1918
"2020-06-25 17:44:05",1922
"2020-06-25 18:43:49",1929
"2020-06-25 19:43:59",1932
"2020-06-25 20:43:46",1939
"2020-06-25 21:44:00",1940
"2020-06-25 22:44:08",1941
"2020-06-25 23:43:46",1941
"2020-06-26 00:44:06",1941
"2020-06-26 01:43:57",1941
"2020-06-26 02:43:54",1941
"2020-06-26 03:44:00",1941
"2020-06-26 04:43:44",1940
"2020-06-26 05:43:50",1940
"2020-06-26 06:43:54",1940
"2020-06-26 07:43:54",1940
"2020-06-26 08:43:53",1940
"2020-06-26 09:43:46",1940
"2020-06-26 10:43:46",1940
"2020-06-26 11:43:51",1940
"2020-06-26 12:43:52",1940
"2020-06-26 13:44:10",1941
"2020-06-26 14:43:50",1946
"2020-06-26 15:43:48",1942
"2020-06-26 16:43:51",1948
"2020-06-26 17:43:49",1950
"2020-06-26 18:43:50",1952
"2020-06-26 19:43:52",1955
"2020-06-26 20:43:47",1958
"2020-06-26 21:43:51",1959
"2020-06-26 22:44:02",1957
"2020-06-26 23:43:45",1957
"2020-06-27 00:44:10",1957
"2020-06-27 01:44:02",1957
"2020-06-27 02:44:00",1957
"2020-06-27 03:44:01",1957
"2020-06-27 04:44:05",1956
"2020-06-27 05:43:45",1956
"2020-06-27 06:43:50",1956
"2020-06-27 07:43:51",1956
"2020-06-27 08:43:44",1956
"2020-06-27 09:43:48",1956
"2020-06-27 10:43:49",1956
"2020-06-27 11:43:44",1956
"2020-06-27 12:43:54",1956
"2020-06-27 13:43:51",1956
"2020-06-27 14:43:42",1956
"2020-06-27 15:44:06",1956
"2020-06-27 16:43:49",1956
"2020-06-27 17:43:47",1956
"2020-06-27 18:43:49",1956
"2020-06-27 19:43:49",1956
"2020-06-27 20:43:44",1956
"2020-06-27 21:43:46",1956
"2020-06-27 22:43:47",1956
"2020-06-27 23:43:45",1956
"2020-06-28 00:43:56",1956
"2020-06-28 01:43:45",1956
"2020-06-28 02:43:51",1956
"2020-06-28 03:43:47",1956
"2020-06-28 04:43:44",1956
"2020-06-28 05:43:48",1956
"2020-06-28 06:43:45",1956
"2020-06-28 07:43:56",1956
"2020-06-28 08:43:51",1956
"2020-06-28 09:43:46",1956
"2020-06-28 10:43:47",1956
"2020-06-28 11:43:43",1956
"2020-06-28 12:43:49",1956
"2020-06-28 13:43:48",1956
"2020-06-28 14:43:45",1956
"2020-06-28 15:43:52",1956
"2020-06-28 16:43:48",1956
"2020-06-28 17:43:47",1956
"2020-06-28 18:43:50",1956
"2020-06-28 19:43:50",1956
"2020-06-28 20:43:44",1956
"2020-06-28 21:43:52",1956
"2020-06-28 22:44:01",1956
"2020-06-28 23:43:52",1956
"2020-06-29 00:44:00",1956
"2020-06-29 01:43:44",1956
"2020-06-29 02:43:51",1956
"2020-06-29 03:43:49",1956
"2020-06-29 04:43:52",1956
"2020-06-29 05:43:45",1956
"2020-06-29 06:43:54",1956
"2020-06-29 07:43:55",1956
"2020-06-29 08:43:51",1956
"2020-06-29 09:43:52",1956
"2020-06-29 10:43:50",1956
"2020-06-29 11:43:49",1956
"2020-06-29 12:43:56",1956
"2020-06-29 13:44:01",1956
"2020-06-29 14:44:14",1952
"2020-06-29 15:43:51",1953
"2020-06-29 16:43:50",1951
"2020-06-29 17:43:48",1956
"2020-06-29 18:43:49",1960
"2020-06-29 19:43:51",1960
"2020-06-29 20:43:51",1963
"2020-06-29 21:43:50",1964
"2020-06-29 22:43:47",1964
"2020-06-29 23:43:54",1964
"2020-06-30 00:44:10",1964
"2020-06-30 01:43:56",1964
"2020-06-30 02:44:10",1964
"2020-06-30 03:43:49",1964
"2020-06-30 04:44:06",1964
"2020-06-30 05:43:54",1964
"2020-06-30 06:44:05",1964
"2020-06-30 07:43:48",1964
"2020-06-30 08:43:48",1964
"2020-06-30 09:43:54",1964
"2020-06-30 10:45:53",1964
"2020-06-30 11:43:48",1964
"2020-06-30 12:43:49",1964
"2020-06-30 13:44:19",1964
"2020-06-30 14:43:59",1963
"2020-06-30 15:44:00",1963
"2020-06-30 16:44:15",1961
"2020-06-30 17:43:51",1964
"2020-06-30 18:43:58",1969
"2020-06-30 19:43:52",1967
"2020-06-30 20:43:57",1966
"2020-06-30 21:44:05",1966
"2020-06-30 22:43:44",1969
"2020-06-30 23:43:50",1969
"2020-07-01 00:44:35",1969
"2020-07-01 01:43:51",1969
"2020-07-01 02:44:05",1969
"2020-07-01 03:43:54",1969
"2020-07-01 04:43:57",1969
"2020-07-01 05:43:56",1969
"2020-07-01 06:43:52",1969
"2020-07-01 07:43:55",1969
"2020-07-01 08:44:06",1969
"2020-07-01 09:44:19",1969
"2020-07-01 10:44:13",1969
"2020-07-01 11:43:51",1969
"2020-07-01 13:07:21",1969
"2020-07-01 13:44:13",1969
"2020-07-01 14:44:18",1975
"2020-07-01 15:44:14",1983
"2020-07-01 16:44:12",1981
"2020-07-01 17:44:05",1981
"2020-07-01 18:44:07",1984
"2020-07-01 19:44:15",1990
"2020-07-01 20:44:07",1995
"2020-07-01 21:43:53",1996
"2020-07-01 22:44:10",1996
"2020-07-01 23:43:55",1996
"2020-07-02 00:44:39",1996
"2020-07-02 01:43:57",1996
"2020-07-02 02:43:59",1996
"2020-07-02 03:43:59",1996
"2020-07-02 04:43:56",1996
"2020-07-02 05:43:56",1996
"2020-07-02 06:43:57",1996
"2020-07-02 07:43:50",1996
"2020-07-02 08:43:53",1996
"2020-07-02 09:45:37",1996
"2020-07-02 10:43:54",1996
"2020-07-02 11:43:55",1996
"2020-07-02 13:10:22",1997
"2020-07-02 13:44:18",1997
"2020-07-02 14:43:55",2016
"2020-07-02 15:43:58",2024
"2020-07-02 16:44:06",2026
"2020-07-02 17:44:03",2030
"2020-07-02 18:44:10",2041
"2020-07-02 19:43:57",2041
"2020-07-02 20:43:49",2050
"2020-07-02 21:43:56",2053
"2020-07-02 22:43:50",2056
"2020-07-02 23:43:48",2056
"2020-07-03 00:44:11",2056
"2020-07-03 01:43:54",2056
"2020-07-03 02:44:04",2056
"2020-07-03 03:43:52",2056
"2020-07-03 04:44:07",2056
"2020-07-03 05:43:53",2056
"2020-07-03 06:43:53",2056
"2020-07-03 07:43:53",2056
"2020-07-03 08:43:52",2056
"2020-07-03 09:44:10",2056
"2020-07-03 10:43:55",2056
"2020-07-03 11:43:51",2056
"2020-07-03 12:43:49",2056
"2020-07-03 13:43:52",2056
"2020-07-03 14:43:58",2056
"2020-07-03 15:43:51",2056
"2020-07-03 16:43:53",2056
"2020-07-03 17:43:52",2056
"2020-07-03 18:43:59",2056
"2020-07-03 19:43:53",2056
"2020-07-03 20:43:55",2056
"2020-07-03 21:43:53",2056
"2020-07-03 22:43:51",2056
"2020-07-03 23:43:50",2056
"2020-07-04 00:43:52",2056
"2020-07-04 01:43:59",2056
"2020-07-04 02:44:05",2056
"2020-07-04 03:43:51",2056
"2020-07-04 04:43:48",2056
"2020-07-04 05:43:55",2056
"2020-07-04 06:43:56",2056
"2020-07-04 07:43:53",2056
"2020-07-04 08:43:54",2056
"2020-07-04 09:43:55",2056
"2020-07-04 11:37:23",2056
"2020-07-04 11:45:10",2056
"2020-07-04 12:43:57",2056
"2020-07-04 13:43:51",2056
"2020-07-04 14:43:55",2056
"2020-07-04 15:43:47",2056
"2020-07-04 16:44:12",2056
"2020-07-04 17:43:51",2056
"2020-07-04 18:43:53",2056
"2020-07-04 19:43:49",2056
"2020-07-04 20:43:54",2056
"2020-07-04 21:43:54",2056
"2020-07-04 22:43:49",2056
"2020-07-04 23:43:58",2056
"2020-07-05 00:43:56",2056
"2020-07-05 01:43:54",2056
"2020-07-05 02:43:47",2056
"2020-07-05 03:43:53",2056
"2020-07-05 04:43:48",2056
"2020-07-05 05:43:55",2056
"2020-07-05 06:43:54",2056
"2020-07-05 07:43:57",2056
"2020-07-05 08:43:54",2056
"2020-07-05 09:43:52",2056
"2020-07-05 11:36:27",2056
"2020-07-05 11:46:39",2056
"2020-07-05 12:43:51",2056
"2020-07-05 13:43:55",2056
"2020-07-05 14:43:49",2056
"2020-07-05 15:44:01",2056
"2020-07-05 16:43:57",2056
"2020-07-05 17:43:50",2056
"2020-07-05 18:43:49",2056
"2020-07-05 19:43:53",2056
"2020-07-05 20:43:50",2056
"2020-07-05 21:43:55",2056
"2020-07-05 22:43:47",2056
"2020-07-05 23:43:49",2056
"2020-07-06 00:43:55",2056
"2020-07-06 01:43:56",2056
"2020-07-06 02:43:53",2056
"2020-07-06 03:43:52",2056
"2020-07-06 04:43:51",2056
"2020-07-06 05:43:44",2056
"2020-07-06 06:43:57",2056
"2020-07-06 07:44:04",2056
"2020-07-06 08:43:57",2056
