timestamp,users_holding
"2018-05-02 04:55:24",74
"2018-05-02 06:40:35",74
"2018-05-03 00:37:23",74
"2018-05-03 06:35:41",74
"2018-05-03 06:50:41",74
"2018-05-03 07:08:56",74
"2018-05-03 07:36:11",74
"2018-05-03 07:45:23",74
"2018-05-03 11:21:18",74
"2018-05-03 12:44:41",74
"2018-05-03 13:44:42",74
"2018-05-03 14:44:42",74
"2018-05-03 15:44:43",74
"2018-05-03 16:44:43",74
"2018-05-03 17:44:43",74
"2018-05-03 18:44:42",74
"2018-05-03 19:44:42",74
"2018-05-03 20:44:42",74
"2018-05-03 21:44:41",74
"2018-05-03 22:44:43",74
"2018-05-03 23:44:41",74
"2018-05-04 00:44:42",74
"2018-05-04 01:44:42",74
"2018-05-04 02:44:43",74
"2018-05-04 03:44:42",74
"2018-05-04 04:44:42",74
"2018-05-04 05:44:42",74
"2018-05-04 06:44:42",74
"2018-05-04 07:44:42",74
"2018-05-04 08:44:43",74
"2018-05-04 09:44:43",74
"2018-05-04 10:44:42",74
"2018-05-04 11:44:42",74
"2018-05-04 12:44:41",74
"2018-05-04 20:49:26",74
"2018-05-04 20:55:26",74
"2018-05-04 21:01:25",74
"2018-05-04 21:07:25",74
"2018-05-04 21:13:24",74
"2018-05-04 21:19:25",74
"2018-05-04 21:25:25",74
"2018-05-04 21:31:24",74
"2018-05-04 21:44:41",74
"2018-05-04 22:44:43",74
"2018-05-04 23:44:43",74
"2018-05-05 00:44:41",74
"2018-05-05 01:44:42",74
"2018-05-05 02:44:42",74
"2018-05-05 03:44:42",74
"2018-05-05 04:44:42",74
"2018-05-05 05:44:41",74
"2018-05-05 06:44:42",74
"2018-05-05 07:44:42",74
"2018-05-05 08:44:42",74
"2018-05-05 09:44:41",74
"2018-05-05 10:44:43",74
"2018-05-05 11:44:41",74
"2018-05-05 12:44:42",74
"2018-05-05 13:44:43",74
"2018-05-05 14:44:42",74
"2018-05-05 15:44:43",74
"2018-05-05 16:44:42",74
"2018-05-05 17:44:43",74
"2018-05-05 18:44:42",74
"2018-05-05 19:44:42",74
"2018-05-05 20:44:42",74
"2018-05-05 21:44:41",74
"2018-05-05 22:44:42",74
"2018-05-05 23:44:41",74
"2018-05-06 00:44:41",74
"2018-05-06 01:44:42",74
"2018-05-06 02:44:42",74
"2018-05-06 03:44:41",74
"2018-05-06 04:44:42",74
"2018-05-06 05:44:42",74
"2018-05-06 06:44:41",74
"2018-05-06 07:44:46",74
"2018-05-06 08:44:40",74
"2018-05-06 09:44:41",74
"2018-05-06 10:44:41",74
"2018-05-06 11:44:42",74
"2018-05-06 12:44:41",74
"2018-05-06 13:44:42",74
"2018-05-06 14:44:42",74
"2018-05-06 15:44:42",74
"2018-05-06 16:44:42",74
"2018-05-06 17:44:41",74
"2018-05-06 18:44:43",74
"2018-05-06 19:44:42",74
"2018-05-06 20:44:43",74
"2018-05-06 21:44:42",74
"2018-05-06 22:44:41",74
"2018-05-06 23:44:42",74
"2018-05-07 00:44:41",74
"2018-05-07 01:44:41",74
"2018-05-07 01:58:17",74
"2018-05-07 02:44:42",74
"2018-05-07 03:44:42",74
"2018-05-07 04:44:41",74
"2018-05-07 05:44:42",74
"2018-05-07 06:44:41",74
"2018-05-07 07:44:41",74
"2018-05-07 08:44:44",74
"2018-05-07 09:44:41",74
"2018-05-07 10:44:41",74
"2018-05-07 11:44:41",74
"2018-05-07 12:44:41",74
"2018-05-07 13:44:52",74
"2018-05-07 14:44:42",74
"2018-05-07 15:44:43",74
"2018-05-07 16:44:48",74
"2018-05-07 22:44:42",74
"2018-05-07 23:44:42",74
"2018-05-08 00:44:45",74
"2018-05-08 01:44:48",74
"2018-05-08 02:44:42",74
"2018-05-08 03:44:42",74
"2018-05-08 04:44:43",74
"2018-05-08 05:44:42",74
"2018-05-08 06:44:43",74
"2018-05-08 07:44:43",74
"2018-05-08 08:44:43",74
"2018-05-08 09:44:42",74
"2018-05-08 10:44:42",74
"2018-05-08 11:44:41",74
"2018-05-08 12:44:41",74
"2018-05-08 13:44:43",74
"2018-05-08 14:44:43",74
"2018-05-08 15:44:42",74
"2018-05-08 16:44:42",74
"2018-05-08 17:44:42",74
"2018-05-08 18:44:43",74
"2018-05-08 19:44:42",74
"2018-05-08 20:44:42",74
"2018-05-08 21:44:41",74
"2018-05-08 22:44:42",74
"2018-05-08 23:44:47",74
"2018-05-09 00:44:43",74
"2018-05-09 01:44:42",74
"2018-05-09 02:44:42",74
"2018-05-09 03:44:42",74
"2018-05-09 04:44:43",74
"2018-05-09 05:44:43",74
"2018-05-09 06:44:42",74
"2018-05-09 07:44:43",74
"2018-05-09 08:44:42",74
"2018-05-09 09:44:41",74
"2018-05-09 10:44:42",74
"2018-05-09 11:44:42",74
"2018-05-09 12:44:41",74
"2018-05-09 13:44:44",74
"2018-05-09 14:44:42",74
"2018-05-09 15:44:42",74
"2018-05-09 16:44:42",74
"2018-05-09 17:44:44",74
"2018-05-09 18:44:42",74
"2018-05-09 19:44:43",74
"2018-05-09 20:44:41",74
"2018-05-09 21:44:43",74
"2018-05-09 22:44:42",74
"2018-05-09 23:44:41",74
"2018-05-10 00:44:43",74
"2018-05-10 01:44:43",74
"2018-05-10 02:44:43",74
"2018-05-10 03:44:44",74
"2018-05-10 04:44:44",74
"2018-05-10 05:44:43",74
"2018-05-10 06:44:43",74
"2018-05-10 07:44:45",74
"2018-05-10 08:44:43",74
"2018-05-10 09:44:42",74
"2018-05-10 10:44:43",74
"2018-05-10 11:44:43",74
"2018-05-10 12:44:43",74
"2018-05-10 13:44:54",74
"2018-05-10 14:44:44",74
"2018-05-10 15:44:44",74
"2018-05-10 16:44:44",74
"2018-05-10 17:44:44",74
"2018-05-10 18:44:43",74
"2018-05-10 19:44:44",74
"2018-05-10 20:44:43",74
"2018-05-10 21:44:43",74
"2018-05-10 22:44:43",74
"2018-05-10 23:44:44",74
"2018-05-11 00:44:44",74
"2018-05-11 01:44:45",74
"2018-05-11 02:44:44",74
"2018-05-11 03:44:43",74
"2018-05-11 04:44:43",74
"2018-05-11 05:44:45",74
"2018-05-11 06:44:43",74
"2018-05-11 07:44:43",74
"2018-05-11 08:44:43",74
"2018-05-11 09:44:43",74
"2018-05-11 10:44:43",74
"2018-05-11 11:44:43",74
"2018-05-11 12:44:42",74
"2018-05-11 13:44:45",74
"2018-05-11 14:44:44",74
"2018-05-11 15:44:44",74
"2018-05-11 16:44:44",74
"2018-05-11 17:44:44",74
"2018-05-11 18:44:44",74
"2018-05-11 19:44:44",74
"2018-05-11 20:44:42",74
"2018-05-11 21:44:43",74
"2018-05-11 22:44:43",74
"2018-05-11 23:44:43",74
"2018-05-12 00:44:44",74
"2018-05-12 01:44:44",74
"2018-05-12 02:44:45",74
"2018-05-12 03:44:44",74
"2018-05-12 04:44:44",74
"2018-05-12 05:44:44",74
"2018-05-12 06:44:44",74
"2018-05-12 07:44:44",74
"2018-05-12 08:44:43",74
"2018-05-12 09:44:43",74
"2018-05-12 10:44:44",74
"2018-05-12 11:44:43",74
"2018-05-12 12:44:43",74
"2018-05-12 13:44:45",74
"2018-05-12 14:44:44",74
"2018-05-12 15:44:45",74
"2018-05-12 16:44:43",74
"2018-05-12 17:44:44",74
"2018-05-12 18:44:42",74
"2018-05-12 19:44:44",74
"2018-05-12 20:44:43",74
"2018-05-12 21:44:43",74
"2018-05-12 22:44:43",74
"2018-05-12 23:44:44",74
"2018-05-13 00:44:44",74
"2018-05-13 01:44:43",74
"2018-05-13 02:44:43",74
"2018-05-13 03:44:43",74
"2018-05-13 04:44:44",74
"2018-05-13 05:44:44",74
"2018-05-13 06:44:45",74
"2018-05-13 07:44:43",74
"2018-05-13 08:44:43",74
"2018-05-13 09:44:44",74
"2018-05-13 10:44:42",74
"2018-05-13 11:44:42",74
"2018-05-13 12:44:44",74
"2018-05-13 13:44:43",74
"2018-05-13 14:44:43",74
"2018-05-13 15:44:43",74
"2018-05-13 16:44:44",74
"2018-05-13 17:44:44",74
"2018-05-13 18:44:44",74
"2018-05-13 19:44:42",74
"2018-05-13 20:44:44",74
"2018-05-13 21:44:44",74
"2018-05-13 22:44:44",74
"2018-05-13 23:44:44",74
"2018-05-14 00:44:44",74
"2018-05-14 01:44:44",74
"2018-05-14 02:44:44",74
"2018-05-14 03:44:44",74
"2018-05-14 04:44:45",74
"2018-05-14 05:44:44",74
"2018-05-14 06:44:42",74
"2018-05-14 07:44:43",74
"2018-05-14 08:44:43",74
"2018-05-14 09:44:43",74
"2018-05-14 10:44:43",74
"2018-05-14 11:44:43",74
"2018-05-14 12:44:42",74
"2018-05-14 13:44:46",74
"2018-05-14 14:44:45",74
"2018-05-14 15:44:43",74
"2018-05-14 16:44:43",74
"2018-05-14 17:44:43",74
"2018-05-14 18:44:45",74
"2018-05-14 19:44:43",74
"2018-05-14 20:44:43",74
"2018-05-14 21:44:43",74
"2018-05-14 22:44:44",74
"2018-05-14 23:44:44",74
"2018-05-15 00:44:44",74
"2018-05-15 01:44:44",74
"2018-05-15 02:44:44",74
"2018-05-15 03:44:44",74
"2018-05-15 04:44:44",74
"2018-05-15 05:44:43",74
"2018-05-15 06:44:43",74
"2018-05-15 07:44:43",74
"2018-05-15 08:44:43",74
"2018-05-15 09:44:43",74
"2018-05-15 10:44:44",74
"2018-05-15 11:44:43",74
"2018-05-15 12:44:43",74
"2018-05-15 13:44:44",74
"2018-05-15 14:44:44",74
"2018-05-15 15:44:43",74
"2018-05-15 16:44:43",74
"2018-05-15 17:44:42",74
"2018-05-15 18:44:47",74
"2018-05-15 19:44:42",75
"2018-05-15 20:44:42",75
"2018-05-15 21:44:41",75
"2018-05-15 22:44:43",75
"2018-05-15 23:44:43",75
"2018-05-16 00:44:42",75
"2018-05-16 01:44:43",75
"2018-05-16 02:44:42",75
"2018-05-16 03:44:43",75
"2018-05-16 04:44:44",75
"2018-05-16 05:44:43",75
"2018-05-16 06:44:43",75
"2018-05-16 07:44:43",75
"2018-05-16 08:44:44",75
"2018-05-16 09:44:41",75
"2018-05-16 10:44:42",75
"2018-05-16 11:44:43",75
"2018-05-16 12:44:44",75
"2018-05-16 13:44:44",75
"2018-05-16 14:44:43",75
"2018-05-16 15:44:44",75
"2018-05-16 16:44:43",75
"2018-05-16 17:44:45",75
"2018-05-16 18:44:43",75
"2018-05-16 19:44:43",75
"2018-05-16 20:44:43",75
"2018-05-16 21:44:42",75
"2018-05-16 22:44:43",75
"2018-05-16 23:44:43",75
"2018-05-17 00:44:45",75
"2018-05-17 01:44:43",75
"2018-05-17 02:44:43",75
"2018-05-17 03:44:43",75
"2018-05-17 04:44:44",75
"2018-05-17 05:44:44",75
"2018-05-17 06:44:45",75
"2018-05-17 07:44:44",75
"2018-05-17 08:44:47",75
"2018-05-17 09:44:44",75
"2018-05-17 10:44:41",75
"2018-05-17 11:44:43",75
"2018-05-17 12:44:42",75
"2018-05-17 13:44:44",75
"2018-05-17 14:44:44",75
"2018-05-17 15:44:44",75
"2018-05-18 07:44:44",75
"2018-05-18 08:44:44",75
"2018-05-18 09:44:42",75
"2018-05-18 10:44:42",75
"2018-05-18 11:44:42",75
"2018-05-18 12:44:43",75
"2018-05-18 13:44:45",75
"2018-05-18 14:44:44",74
"2018-05-18 15:44:43",74
"2018-05-18 16:44:43",74
"2018-05-18 17:44:42",74
"2018-05-18 18:44:42",74
"2018-05-18 19:44:43",74
"2018-05-18 20:44:44",73
"2018-05-18 21:44:42",73
"2018-05-18 22:44:43",73
"2018-05-18 23:44:43",73
"2018-05-19 00:44:42",73
"2018-05-19 01:44:44",73
"2018-05-19 02:44:45",73
"2018-05-19 03:44:44",73
"2018-05-19 04:44:43",73
"2018-05-19 05:44:44",73
"2018-05-19 06:44:45",73
"2018-05-19 07:44:42",73
"2018-05-19 08:44:43",73
"2018-05-19 09:44:43",73
"2018-05-19 10:44:42",73
"2018-05-19 11:44:43",73
"2018-05-19 12:44:43",73
"2018-05-19 13:44:44",73
"2018-05-19 14:44:44",73
"2018-05-19 15:44:44",73
"2018-05-19 16:44:44",73
"2018-05-19 17:44:44",73
"2018-05-19 18:44:43",73
"2018-05-19 19:44:43",73
"2018-05-19 20:44:43",73
"2018-05-19 21:44:44",73
"2018-05-19 22:44:43",73
"2018-05-19 23:44:43",73
"2018-05-20 00:44:43",73
"2018-05-20 01:44:44",73
"2018-05-20 02:44:43",73
"2018-05-20 03:44:43",73
"2018-05-20 04:44:44",73
"2018-05-20 05:44:43",73
"2018-05-20 06:44:42",73
"2018-05-20 07:44:42",73
"2018-05-20 08:44:43",73
"2018-05-20 09:44:43",73
"2018-05-20 10:44:43",73
"2018-05-20 11:44:43",73
"2018-05-20 12:44:42",73
"2018-05-20 13:44:42",73
"2018-05-20 14:44:45",73
"2018-05-20 15:44:44",73
"2018-05-20 16:44:43",73
"2018-05-20 17:44:44",73
"2018-05-20 18:44:43",73
"2018-05-20 19:44:43",73
"2018-05-20 20:44:43",73
"2018-05-20 21:44:42",73
"2018-05-20 22:44:43",73
"2018-05-20 23:44:43",73
"2018-05-21 00:44:44",73
"2018-05-21 01:44:57",73
"2018-05-21 02:44:51",73
"2018-05-21 03:44:44",73
"2018-05-21 04:44:49",73
"2018-05-21 05:44:43",73
"2018-05-21 06:44:44",73
"2018-05-21 07:44:44",73
"2018-05-21 08:44:46",73
"2018-05-21 09:44:43",73
"2018-05-21 10:44:42",73
"2018-05-21 11:44:42",73
"2018-05-21 12:44:47",73
"2018-05-21 13:44:44",73
"2018-05-21 14:44:43",73
"2018-05-21 15:44:43",73
"2018-05-21 16:44:43",73
"2018-05-21 17:44:41",73
"2018-05-21 18:44:43",73
"2018-05-21 19:44:42",73
"2018-05-21 20:44:42",73
"2018-05-21 21:44:42",73
"2018-05-21 22:44:41",73
"2018-05-21 23:44:42",73
"2018-05-22 00:44:43",73
"2018-05-22 01:44:43",73
"2018-05-22 02:44:42",73
"2018-05-22 03:44:43",73
"2018-05-22 04:44:43",73
"2018-05-22 05:44:41",73
"2018-05-22 06:44:41",73
"2018-05-22 07:44:42",73
"2018-05-22 08:44:48",73
"2018-05-22 09:44:41",73
"2018-05-22 10:44:42",73
"2018-05-22 11:44:41",73
"2018-05-22 12:44:43",73
"2018-05-22 13:44:46",73
"2018-05-22 14:44:44",73
"2018-05-22 15:44:44",73
"2018-05-22 16:44:44",72
"2018-05-22 17:44:43",72
"2018-05-22 18:44:43",72
"2018-05-22 19:44:44",72
"2018-05-22 20:44:44",72
"2018-05-22 21:44:43",72
"2018-05-22 22:44:43",72
"2018-05-22 23:44:44",72
"2018-05-23 00:44:43",72
"2018-05-23 01:44:43",72
"2018-05-23 02:44:43",72
"2018-05-23 03:44:44",72
"2018-05-23 04:44:44",72
"2018-05-23 05:44:44",72
"2018-05-23 06:44:44",72
"2018-05-23 07:44:47",72
"2018-05-23 08:44:43",72
"2018-05-23 09:44:43",72
"2018-05-23 10:44:45",72
"2018-05-23 11:44:43",72
"2018-05-23 12:44:42",72
"2018-05-23 13:44:44",72
"2018-05-23 14:44:43",73
"2018-05-23 15:44:43",73
"2018-05-23 16:44:45",73
"2018-05-23 17:44:43",73
"2018-05-23 18:44:42",73
"2018-05-23 19:44:43",73
"2018-05-23 20:44:44",73
"2018-05-23 21:44:43",73
"2018-05-23 22:44:44",73
"2018-05-23 23:44:43",73
"2018-05-24 00:44:42",73
"2018-05-24 01:44:43",73
"2018-05-24 02:44:43",73
"2018-05-24 03:44:42",73
"2018-05-24 04:44:42",73
"2018-05-24 06:44:43",73
"2018-05-24 07:44:43",73
"2018-05-24 08:44:43",73
"2018-05-24 09:44:43",73
"2018-05-24 10:44:43",73
"2018-05-24 11:44:42",73
"2018-05-24 12:44:42",73
"2018-05-24 20:13:51",73
"2018-05-24 20:44:42",73
"2018-05-24 21:44:44",73
"2018-05-24 22:44:43",73
"2018-05-24 23:44:44",73
"2018-05-25 00:44:43",73
"2018-05-25 01:44:44",73
"2018-05-25 02:44:43",73
"2018-05-25 03:44:43",73
"2018-05-25 04:44:44",73
"2018-05-25 05:44:44",73
"2018-05-25 06:44:43",73
"2018-05-25 07:44:43",73
"2018-05-25 08:44:43",73
"2018-05-25 09:44:43",73
"2018-05-25 10:44:44",73
"2018-05-25 11:44:43",73
"2018-05-25 12:44:43",73
"2018-05-25 13:44:44",73
"2018-05-25 14:44:43",73
"2018-05-25 15:44:43",73
"2018-05-25 16:44:44",73
"2018-05-25 17:44:43",73
"2018-05-25 18:44:43",73
"2018-05-25 19:44:43",73
"2018-05-25 20:44:43",73
"2018-05-25 21:44:43",73
"2018-05-25 22:44:42",73
"2018-05-25 23:44:44",73
"2018-05-26 00:44:44",73
"2018-05-26 01:44:43",73
"2018-05-26 02:44:44",73
"2018-05-26 03:44:43",73
"2018-05-26 04:44:42",73
"2018-05-26 05:44:43",73
"2018-05-26 06:44:43",73
"2018-05-26 07:44:44",73
"2018-05-26 08:44:44",73
"2018-05-26 09:44:42",73
"2018-05-26 10:44:43",73
"2018-05-26 11:44:43",73
"2018-05-26 12:44:44",73
"2018-05-26 13:44:44",73
"2018-05-26 14:44:43",73
"2018-05-26 15:44:44",73
"2018-05-26 16:44:43",73
"2018-05-26 17:44:44",73
"2018-05-26 18:44:44",73
"2018-05-26 19:44:47",73
"2018-05-26 20:44:44",73
"2018-05-26 21:44:43",73
"2018-05-26 22:44:44",73
"2018-05-26 23:44:43",73
"2018-05-27 00:44:43",73
"2018-05-27 01:44:44",73
"2018-05-27 02:44:43",73
"2018-05-27 03:44:43",73
"2018-05-27 04:44:43",73
"2018-05-27 05:44:44",73
"2018-05-27 06:44:43",73
"2018-05-27 07:44:42",73
"2018-05-27 08:44:43",73
"2018-05-27 09:44:42",73
"2018-05-27 10:44:42",73
"2018-05-27 11:44:43",73
"2018-05-27 12:44:42",73
"2018-05-27 13:44:44",73
"2018-05-27 14:44:43",73
"2018-05-27 15:44:44",73
"2018-05-27 16:44:43",73
"2018-05-27 17:44:42",73
"2018-05-27 18:44:43",73
"2018-05-27 19:44:42",73
"2018-05-27 20:44:44",73
"2018-05-27 21:44:44",73
"2018-05-27 22:44:44",73
"2018-05-27 23:44:44",73
"2018-05-28 00:44:43",73
"2018-05-28 01:44:43",73
"2018-05-28 02:44:43",73
"2018-05-28 03:44:44",73
"2018-05-28 04:44:43",73
"2018-05-28 05:44:43",73
"2018-05-28 06:44:43",73
"2018-05-28 07:44:42",73
"2018-05-28 08:44:42",73
"2018-05-28 09:44:43",73
"2018-05-28 10:44:43",73
"2018-05-28 11:44:43",73
"2018-05-28 12:44:43",73
"2018-05-28 13:44:43",73
"2018-05-28 14:44:43",73
"2018-05-28 15:44:43",73
"2018-05-28 16:44:42",73
"2018-05-28 17:44:44",73
"2018-05-28 18:44:43",73
"2018-05-28 19:44:44",73
"2018-05-28 20:44:43",73
"2018-05-28 21:44:43",73
"2018-05-28 22:44:44",73
"2018-05-28 23:44:43",73
"2018-05-29 00:44:43",73
"2018-05-29 01:44:42",73
"2018-05-29 02:44:43",73
"2018-05-29 03:44:43",73
"2018-05-29 04:44:44",73
"2018-05-29 05:44:43",73
"2018-05-29 06:44:43",73
"2018-05-29 07:44:43",73
"2018-05-29 08:44:50",73
"2018-05-29 09:44:43",73
"2018-05-29 10:44:42",73
"2018-05-29 11:44:42",73
"2018-05-29 12:44:43",73
"2018-05-30 19:55:24",74
"2018-05-30 20:44:43",74
"2018-05-30 21:44:43",74
"2018-05-30 22:44:43",74
"2018-05-30 23:44:43",74
"2018-05-31 00:44:44",74
"2018-05-31 01:44:45",74
"2018-05-31 02:44:43",74
"2018-05-31 03:44:47",74
"2018-05-31 04:44:43",74
"2018-05-31 05:44:43",74
"2018-05-31 06:44:44",74
"2018-05-31 07:44:43",74
"2018-05-31 08:44:43",74
"2018-05-31 09:44:43",74
"2018-05-31 10:44:43",74
"2018-05-31 11:44:43",74
"2018-05-31 12:44:43",74
"2018-05-31 13:44:45",74
"2018-05-31 14:44:44",74
"2018-05-31 15:44:43",74
"2018-05-31 16:44:43",74
"2018-05-31 17:44:43",74
"2018-05-31 18:44:44",74
"2018-05-31 19:44:43",75
"2018-05-31 20:44:44",75
"2018-05-31 21:44:43",75
"2018-05-31 22:44:44",75
"2018-05-31 23:44:43",75
"2018-06-01 00:44:43",75
"2018-06-01 01:44:43",75
"2018-06-01 02:44:43",75
"2018-06-01 03:44:43",75
"2018-06-01 04:44:43",75
"2018-06-01 05:44:42",75
"2018-06-01 06:44:44",75
"2018-06-01 07:44:45",75
"2018-06-01 08:44:46",75
"2018-06-01 09:44:43",75
"2018-06-01 10:44:42",75
"2018-06-01 11:44:43",75
"2018-06-01 12:44:43",75
"2018-06-01 13:44:52",75
"2018-06-01 14:44:44",75
"2018-06-01 15:44:45",75
"2018-06-01 16:44:45",75
"2018-06-01 17:44:46",76
"2018-06-01 18:44:44",75
"2018-06-01 19:44:45",75
"2018-06-01 20:44:44",75
"2018-06-01 21:44:45",75
"2018-06-01 22:44:45",75
"2018-06-01 23:44:44",75
"2018-06-02 00:44:44",75
"2018-06-02 01:44:44",75
"2018-06-02 02:44:45",75
"2018-06-02 03:44:45",75
"2018-06-02 04:44:44",75
"2018-06-02 05:44:45",75
"2018-06-02 06:44:44",75
"2018-06-02 07:44:44",75
"2018-06-02 08:44:43",75
"2018-06-02 09:44:46",75
"2018-06-02 10:44:43",75
"2018-06-02 11:44:43",75
"2018-06-02 12:44:45",75
"2018-06-02 13:44:45",75
"2018-06-02 14:44:45",75
"2018-06-02 15:44:45",75
"2018-06-02 16:44:45",75
"2018-06-02 17:44:45",75
"2018-06-02 18:44:44",75
"2018-06-02 19:44:45",75
"2018-06-02 20:44:45",75
"2018-06-02 21:44:45",75
"2018-06-02 22:44:44",75
"2018-06-02 23:44:46",75
"2018-06-03 00:44:44",75
"2018-06-03 01:44:45",75
"2018-06-03 02:44:45",75
"2018-06-03 03:44:44",75
"2018-06-03 04:44:43",75
"2018-06-03 05:44:45",75
"2018-06-03 06:44:44",75
"2018-06-03 19:47:00",75
"2018-06-03 20:44:45",75
"2018-06-03 21:44:44",75
"2018-06-03 22:44:44",75
"2018-06-03 23:44:44",75
"2018-06-04 00:44:44",75
"2018-06-04 01:44:44",75
"2018-06-04 02:44:45",75
"2018-06-04 03:44:44",75
"2018-06-04 04:44:47",75
"2018-06-04 05:44:44",75
"2018-06-04 06:44:44",75
"2018-06-04 07:44:45",75
"2018-06-04 08:44:44",75
"2018-06-04 09:44:45",75
"2018-06-04 10:44:36",75
"2018-06-04 11:44:36",75
"2018-06-04 12:44:37",75
"2018-06-04 13:44:39",75
"2018-06-04 14:44:38",75
"2018-06-04 15:44:38",75
"2018-06-04 16:44:37",75
"2018-06-04 17:44:38",75
"2018-06-04 18:44:38",75
"2018-06-04 19:44:39",75
"2018-06-04 20:44:39",75
"2018-06-04 21:44:39",75
"2018-06-04 22:44:40",75
"2018-06-04 23:44:41",75
"2018-06-05 00:44:40",75
"2018-06-05 01:44:40",75
"2018-06-05 02:44:40",75
"2018-06-05 03:44:39",75
"2018-06-05 04:44:41",75
"2018-06-05 05:44:41",75
"2018-06-05 06:44:40",75
"2018-06-05 07:44:39",75
"2018-06-05 08:44:40",75
"2018-06-05 09:44:40",75
"2018-06-05 10:44:40",75
"2018-06-05 11:44:39",75
"2018-06-05 12:44:39",75
"2018-06-05 13:45:19",75
"2018-06-05 14:44:42",75
"2018-06-05 15:44:40",76
"2018-06-05 16:44:41",76
"2018-06-05 17:44:40",76
"2018-06-05 18:44:39",76
"2018-06-05 19:44:41",76
"2018-06-05 20:44:40",75
"2018-06-05 21:44:40",75
"2018-06-05 22:44:40",75
"2018-06-05 23:44:40",75
"2018-06-06 00:44:41",75
"2018-06-06 01:44:40",75
"2018-06-06 02:44:41",75
"2018-06-06 03:44:41",75
"2018-06-06 04:44:41",75
"2018-06-06 05:44:40",75
"2018-06-06 06:44:40",75
"2018-06-06 07:44:39",75
"2018-06-06 08:44:40",75
"2018-06-06 09:44:40",75
"2018-06-06 10:44:40",75
"2018-06-06 11:44:41",75
"2018-06-06 12:44:40",75
"2018-06-06 13:44:42",75
"2018-06-06 14:44:41",75
"2018-06-06 15:44:42",75
"2018-06-06 16:44:42",75
"2018-06-06 17:44:42",75
"2018-06-06 18:44:42",75
"2018-06-06 19:44:41",75
"2018-06-06 20:44:41",75
"2018-06-06 21:44:42",75
"2018-06-06 22:44:43",75
"2018-06-06 23:44:44",75
"2018-06-07 00:44:44",75
"2018-06-07 01:44:44",75
"2018-06-07 02:44:45",75
"2018-06-07 03:44:44",75
"2018-06-07 04:44:44",75
"2018-06-07 05:44:46",75
"2018-06-07 06:44:44",75
"2018-06-07 07:44:44",75
"2018-06-07 08:44:44",75
"2018-06-07 09:44:44",75
"2018-06-07 10:44:44",75
"2018-06-07 11:44:44",75
"2018-06-07 12:44:45",75
"2018-06-07 13:44:45",75
"2018-06-07 14:44:46",75
"2018-06-07 15:44:44",75
"2018-06-07 16:44:45",75
"2018-06-07 17:44:45",75
"2018-06-07 18:44:45",75
"2018-06-07 19:44:46",75
"2018-06-07 20:44:45",75
"2018-06-07 21:44:45",75
"2018-06-07 22:44:46",75
"2018-06-07 23:44:46",75
"2018-06-08 00:44:46",75
"2018-06-08 01:44:44",75
"2018-06-08 02:44:46",75
"2018-06-08 03:44:45",75
"2018-06-08 04:44:47",75
"2018-06-08 05:44:45",75
"2018-06-08 06:44:47",75
"2018-06-08 07:44:46",75
"2018-06-08 08:44:45",75
"2018-06-08 09:44:44",75
"2018-06-08 10:44:45",75
"2018-06-08 11:44:45",75
"2018-06-08 12:44:46",75
"2018-06-08 13:44:47",75
"2018-06-08 14:44:46",75
"2018-06-08 15:44:44",75
"2018-06-08 16:44:46",75
"2018-06-08 17:44:45",75
"2018-06-08 18:44:45",75
"2018-06-08 19:44:45",75
"2018-06-08 20:44:46",75
"2018-06-08 21:44:45",75
"2018-06-08 22:44:45",75
"2018-06-08 23:44:45",75
"2018-06-09 00:44:45",75
"2018-06-09 01:44:46",75
"2018-06-09 02:44:45",75
"2018-06-09 03:44:45",75
"2018-06-09 04:44:46",75
"2018-06-09 05:44:45",75
"2018-06-09 06:44:47",75
"2018-06-09 07:44:45",75
"2018-06-09 08:44:45",75
"2018-06-09 09:44:45",75
"2018-06-09 10:44:46",75
"2018-06-09 11:44:46",75
"2018-06-09 12:44:46",75
"2018-06-09 13:44:46",75
"2018-06-09 14:44:46",75
"2018-06-09 15:44:48",75
"2018-06-09 16:44:46",75
"2018-06-09 17:44:47",75
"2018-06-09 18:44:47",75
"2018-06-09 19:44:46",75
"2018-06-09 20:44:47",75
"2018-06-09 21:44:46",75
"2018-06-09 22:44:45",75
"2018-06-09 23:44:45",75
"2018-06-10 00:44:45",75
"2018-06-10 01:44:45",75
"2018-06-10 02:44:45",75
"2018-06-10 03:44:46",75
"2018-06-10 04:44:46",75
"2018-06-10 05:44:45",75
"2018-06-10 06:44:45",75
"2018-06-10 07:44:47",75
"2018-06-10 08:44:45",75
"2018-06-10 09:44:45",75
"2018-06-10 10:44:47",75
"2018-06-10 11:44:45",75
"2018-06-10 12:44:45",75
"2018-06-10 13:44:45",75
"2018-06-10 14:44:46",75
"2018-06-10 15:44:44",75
"2018-06-10 16:44:46",75
"2018-06-10 17:44:46",75
"2018-06-10 18:44:46",75
"2018-06-10 19:44:45",75
"2018-06-10 20:44:45",75
"2018-06-10 21:44:44",75
"2018-06-10 22:44:46",75
"2018-06-10 23:44:46",75
"2018-06-11 00:44:45",75
"2018-06-11 01:44:45",75
"2018-06-11 02:44:45",75
"2018-06-11 03:44:45",75
"2018-06-11 04:44:45",75
"2018-06-11 06:44:44",75
"2018-06-11 07:44:45",75
"2018-06-11 08:44:45",75
"2018-06-11 09:44:44",75
"2018-06-11 10:44:46",75
"2018-06-11 11:44:45",75
"2018-06-11 12:44:45",75
"2018-06-11 13:44:47",75
"2018-06-11 14:44:45",75
"2018-06-11 15:44:46",76
"2018-06-11 16:44:45",76
"2018-06-11 17:44:44",76
"2018-06-11 18:44:45",76
"2018-06-11 19:44:45",76
"2018-06-11 20:44:46",76
"2018-06-11 21:44:45",76
"2018-06-11 22:44:44",76
"2018-06-11 23:44:45",76
"2018-06-12 00:44:46",76
"2018-06-12 01:44:46",76
"2018-06-12 02:44:45",76
"2018-06-12 03:44:46",76
"2018-06-12 04:44:45",76
"2018-06-12 05:44:45",76
"2018-06-12 06:44:46",76
"2018-06-12 07:44:46",76
"2018-06-12 08:44:45",76
"2018-06-12 09:44:45",76
"2018-06-12 10:44:45",76
"2018-06-12 11:44:45",76
"2018-06-12 12:44:46",76
"2018-06-12 13:44:48",76
"2018-06-12 14:44:45",76
"2018-06-12 15:44:45",76
"2018-06-12 16:44:45",76
"2018-06-12 17:44:45",76
"2018-06-12 18:44:46",76
"2018-06-12 19:44:45",76
"2018-06-12 20:44:45",76
"2018-06-12 21:44:45",76
"2018-06-12 22:44:44",76
"2018-06-12 23:44:46",76
"2018-06-13 00:44:45",76
"2018-06-13 01:44:45",76
"2018-06-13 02:44:45",76
"2018-06-13 03:44:45",76
"2018-06-13 04:44:46",76
"2018-06-13 05:44:45",76
"2018-06-13 06:44:46",76
"2018-06-13 07:44:45",76
"2018-06-13 08:44:47",76
"2018-06-13 09:44:45",76
"2018-06-13 10:44:45",76
"2018-06-13 11:44:44",76
"2018-06-13 12:44:45",76
"2018-06-13 13:44:48",76
"2018-06-13 14:44:46",76
"2018-06-13 15:44:45",76
"2018-06-13 16:44:45",76
"2018-06-13 17:44:46",76
"2018-06-13 18:44:47",76
"2018-06-13 19:44:46",77
"2018-06-13 20:44:45",77
"2018-06-13 21:44:46",77
"2018-06-13 22:44:44",77
"2018-06-13 23:44:45",77
"2018-06-14 00:44:46",77
"2018-06-14 01:44:46",77
"2018-06-14 02:44:45",77
"2018-06-14 03:44:46",77
"2018-06-14 04:44:45",77
"2018-06-14 05:44:47",77
"2018-06-14 06:44:45",77
"2018-06-14 07:44:46",77
"2018-06-14 08:44:45",77
"2018-06-14 09:44:44",77
"2018-06-14 10:44:45",77
"2018-06-14 11:44:46",77
"2018-06-14 12:44:46",77
"2018-06-14 13:44:47",77
"2018-06-14 14:44:45",77
"2018-06-14 15:44:46",77
"2018-06-14 16:44:45",77
"2018-06-14 17:44:45",77
"2018-06-14 18:44:46",77
"2018-06-14 19:44:46",77
"2018-06-14 20:44:46",77
"2018-06-14 21:44:46",77
"2018-06-14 22:44:46",77
"2018-06-14 23:44:46",77
"2018-06-15 00:44:45",77
"2018-06-15 01:44:44",77
"2018-06-15 02:44:45",77
"2018-06-15 03:44:45",77
"2018-06-15 04:44:46",77
"2018-06-15 05:44:48",77
"2018-06-15 06:44:46",77
"2018-06-15 07:44:45",77
"2018-06-15 08:44:45",77
"2018-06-15 09:44:45",77
"2018-06-15 10:44:45",77
"2018-06-15 11:44:44",77
"2018-06-15 12:44:45",77
"2018-06-15 13:44:47",77
"2018-06-15 14:44:47",77
"2018-06-15 15:44:46",77
"2018-06-15 16:44:45",77
"2018-06-15 17:44:45",78
"2018-06-15 18:44:46",78
"2018-06-15 19:44:45",78
"2018-06-15 20:44:45",78
"2018-06-15 21:44:44",78
"2018-06-15 22:44:45",78
"2018-06-15 23:44:45",78
"2018-06-16 00:44:45",78
"2018-06-16 01:44:45",78
"2018-06-16 02:44:48",78
"2018-06-16 03:44:45",78
"2018-06-16 04:44:48",78
"2018-06-16 05:44:48",78
"2018-06-16 06:44:46",78
"2018-06-16 07:44:45",78
"2018-06-16 08:44:45",78
"2018-06-16 09:44:46",78
"2018-06-16 10:44:44",78
"2018-06-16 11:44:46",78
"2018-06-16 12:44:45",78
"2018-06-16 13:44:46",78
"2018-06-16 14:44:46",78
"2018-06-16 15:44:45",78
"2018-06-16 16:44:46",78
"2018-06-16 17:44:45",78
"2018-06-16 18:44:45",78
"2018-06-16 19:44:46",78
"2018-06-16 20:44:45",78
"2018-06-16 21:44:45",78
"2018-06-16 22:44:46",78
"2018-06-16 23:44:45",78
"2018-06-17 00:44:46",78
"2018-06-17 01:44:45",78
"2018-06-17 02:44:48",78
"2018-06-17 03:44:45",78
"2018-06-17 04:44:46",78
"2018-06-17 05:44:46",78
"2018-06-17 06:44:44",78
"2018-06-17 07:44:45",78
"2018-06-17 08:44:45",78
"2018-06-17 09:44:44",78
"2018-06-17 10:44:44",78
"2018-06-17 11:44:44",78
"2018-06-17 12:44:45",78
"2018-06-17 13:44:46",78
"2018-06-17 14:44:46",78
"2018-06-17 15:44:44",78
"2018-06-17 16:44:45",78
"2018-06-17 17:44:45",78
"2018-06-17 18:44:44",78
"2018-06-17 19:44:47",78
"2018-06-17 20:44:46",78
"2018-06-17 21:44:45",78
"2018-06-17 22:44:45",78
"2018-06-17 23:44:46",78
"2018-06-18 00:44:47",78
"2018-06-18 01:44:46",78
"2018-06-18 02:44:47",78
"2018-06-18 03:44:45",78
"2018-06-18 04:44:45",78
"2018-06-18 05:44:46",78
"2018-06-18 06:44:44",78
"2018-06-18 07:44:44",78
"2018-06-18 08:44:52",78
"2018-06-18 09:44:45",78
"2018-06-18 10:44:45",78
"2018-06-18 11:44:46",78
"2018-06-18 12:44:45",78
"2018-06-18 13:44:48",78
"2018-06-18 14:44:46",78
"2018-06-18 15:44:46",78
"2018-06-18 16:44:46",78
"2018-06-18 17:44:46",78
"2018-06-18 18:44:48",78
"2018-06-18 19:44:47",78
"2018-06-18 20:44:47",78
"2018-06-18 21:44:46",78
"2018-06-18 22:44:46",78
"2018-06-18 23:44:46",78
"2018-06-19 00:44:46",78
"2018-06-19 01:44:46",78
"2018-06-19 02:44:47",78
"2018-06-19 03:44:47",78
"2018-06-19 04:44:46",78
"2018-06-19 05:44:47",78
"2018-06-19 06:44:46",78
"2018-06-19 07:44:49",78
"2018-06-19 08:44:48",78
"2018-06-19 09:44:45",78
"2018-06-19 10:44:46",78
"2018-06-19 11:44:45",78
"2018-06-19 12:44:46",78
"2018-06-19 13:44:50",78
"2018-06-19 14:44:47",78
"2018-06-19 15:44:47",78
"2018-06-19 16:44:46",79
"2018-06-19 17:44:47",79
"2018-06-19 18:44:47",79
"2018-06-19 19:44:46",79
"2018-06-19 20:44:44",80
"2018-06-19 21:44:45",80
"2018-06-19 22:44:45",80
"2018-06-19 23:44:46",80
"2018-06-20 00:44:55",80
"2018-06-20 01:44:47",80
"2018-06-20 02:44:45",80
"2018-06-20 03:44:46",80
"2018-06-20 04:44:46",80
"2018-06-20 05:44:45",80
"2018-06-20 06:44:45",80
"2018-06-20 07:44:45",80
"2018-06-20 08:44:45",80
"2018-06-20 09:44:44",80
"2018-06-20 10:44:45",80
"2018-06-20 11:44:44",80
"2018-06-20 12:44:45",80
"2018-06-20 14:09:21",80
"2018-06-20 14:44:48",80
"2018-06-20 15:44:48",80
"2018-06-20 16:44:48",80
"2018-06-20 17:44:47",80
"2018-06-20 18:44:47",80
"2018-06-20 19:44:47",80
"2018-06-20 20:44:45",80
"2018-06-20 21:44:46",80
"2018-06-20 22:44:46",80
"2018-06-20 23:44:47",80
"2018-06-21 00:44:46",80
"2018-06-21 01:44:46",80
"2018-06-21 02:44:46",80
"2018-06-21 03:44:47",80
"2018-06-21 04:44:47",80
"2018-06-21 05:44:49",80
"2018-06-21 06:44:46",80
"2018-06-21 07:44:46",80
"2018-06-21 08:44:49",80
"2018-06-21 09:44:45",80
"2018-06-21 10:44:45",80
"2018-06-21 11:44:45",80
"2018-06-21 12:44:46",80
"2018-06-21 13:44:47",80
"2018-06-21 14:44:47",81
"2018-06-21 15:44:47",81
"2018-06-21 16:44:47",81
"2018-06-21 17:44:47",81
"2018-06-21 18:44:47",81
"2018-06-21 19:44:47",81
"2018-06-21 20:44:47",81
"2018-06-21 21:44:47",81
"2018-06-21 22:44:47",81
"2018-06-21 23:44:46",81
"2018-06-22 00:44:46",81
"2018-06-22 01:44:45",81
"2018-06-22 02:44:46",81
"2018-06-22 03:44:47",81
"2018-06-22 04:44:46",81
"2018-06-22 05:44:48",81
"2018-06-22 06:44:46",81
"2018-06-22 07:44:46",81
"2018-06-22 08:44:47",81
"2018-06-22 09:44:46",81
"2018-06-22 10:44:46",81
"2018-06-22 11:44:46",81
"2018-06-22 12:44:46",81
"2018-06-22 13:44:48",81
"2018-06-22 15:08:49",81
"2018-06-22 15:44:47",81
"2018-06-22 16:44:47",81
"2018-06-22 17:44:47",81
"2018-06-22 18:44:47",81
"2018-06-22 19:44:48",81
"2018-06-22 20:44:46",81
"2018-06-22 21:44:46",81
"2018-06-22 22:44:46",81
"2018-06-22 23:44:46",81
"2018-06-23 00:45:12",81
"2018-06-23 01:46:02",81
"2018-06-23 02:44:46",81
"2018-06-23 03:44:47",81
"2018-06-23 04:44:46",81
"2018-06-23 05:44:47",81
"2018-06-23 06:44:46",81
"2018-06-23 07:44:46",81
"2018-06-23 08:44:46",81
"2018-06-23 09:44:46",81
"2018-06-23 10:44:46",81
"2018-06-23 11:44:47",81
"2018-06-23 12:44:46",81
"2018-06-23 13:44:46",81
"2018-06-23 14:44:46",81
"2018-06-23 15:44:47",81
"2018-06-23 16:44:47",81
"2018-06-23 17:44:47",81
"2018-06-23 18:44:46",81
"2018-06-23 19:44:47",81
"2018-06-23 20:44:47",81
"2018-06-23 21:44:46",81
"2018-06-23 22:44:46",81
"2018-06-23 23:44:46",81
"2018-06-24 00:45:06",81
"2018-06-24 01:44:46",81
"2018-06-24 02:44:46",81
"2018-06-24 03:44:51",81
"2018-06-24 04:44:47",81
"2018-06-24 05:44:46",81
"2018-06-24 06:44:47",81
"2018-06-24 07:44:47",81
"2018-06-24 08:44:46",81
"2018-06-24 09:44:46",81
"2018-06-24 10:45:38",81
"2018-06-24 11:44:46",81
"2018-06-24 12:44:50",81
"2018-06-24 13:44:46",81
"2018-06-24 14:45:04",81
"2018-06-24 15:45:11",81
"2018-06-24 16:44:46",81
"2018-06-24 17:44:46",81
"2018-06-24 18:44:47",81
"2018-06-24 19:44:46",81
"2018-06-24 20:44:46",81
"2018-06-24 21:44:46",81
"2018-06-24 22:44:46",81
"2018-06-24 23:44:47",81
"2018-06-25 00:44:47",81
"2018-06-25 01:44:46",81
"2018-06-25 02:44:47",81
"2018-06-25 03:44:58",81
"2018-06-25 04:44:55",81
"2018-06-25 05:44:49",81
"2018-06-25 06:44:46",81
"2018-06-25 07:44:46",81
"2018-06-25 08:44:47",81
"2018-06-25 09:44:47",81
"2018-06-25 10:44:46",81
"2018-06-25 11:44:46",81
"2018-06-25 12:44:45",81
"2018-06-25 13:44:49",81
"2018-06-25 14:44:46",81
"2018-06-25 15:44:46",80
"2018-06-25 16:44:45",80
"2018-06-25 17:44:46",80
"2018-06-25 18:44:46",80
"2018-06-25 19:44:47",80
"2018-06-25 20:44:48",80
"2018-06-25 21:44:47",80
"2018-06-25 22:44:45",80
"2018-06-26 01:13:12",80
"2018-06-26 01:44:47",80
"2018-06-26 02:44:47",80
"2018-06-26 03:45:03",80
"2018-06-26 04:45:01",80
"2018-06-26 05:44:49",80
"2018-06-26 06:44:46",80
"2018-06-26 07:44:48",80
"2018-06-26 08:44:47",80
"2018-06-26 09:44:49",80
"2018-06-26 10:44:52",80
"2018-06-26 11:44:58",80
"2018-06-26 12:45:05",80
"2018-06-26 13:44:49",80
"2018-06-26 14:44:48",80
"2018-06-26 15:45:09",80
"2018-06-26 16:44:47",80
"2018-06-26 17:44:46",80
"2018-06-26 18:44:47",80
"2018-06-26 19:44:48",80
"2018-06-26 20:44:47",80
"2018-06-26 21:44:47",80
"2018-06-26 22:44:46",80
"2018-06-26 23:44:46",80
"2018-06-27 00:44:47",80
"2018-06-27 01:44:46",80
"2018-06-27 02:44:46",80
"2018-06-27 03:44:50",80
"2018-06-27 04:44:54",80
"2018-06-27 05:44:49",80
"2018-06-27 06:44:47",80
"2018-06-27 07:44:46",80
"2018-06-27 08:44:46",80
"2018-06-27 09:44:47",80
"2018-06-27 10:44:46",80
"2018-06-27 11:44:46",80
"2018-06-27 12:44:47",80
"2018-06-27 13:45:12",80
"2018-06-27 14:45:11",80
"2018-06-27 15:45:11",80
"2018-06-27 16:44:48",80
"2018-06-27 17:44:46",80
"2018-06-27 18:44:47",80
"2018-06-27 19:44:49",80
"2018-06-27 20:44:46",80
"2018-06-27 21:44:46",80
"2018-06-27 22:44:45",80
"2018-06-27 23:44:46",80
"2018-06-28 00:44:47",80
"2018-06-28 01:44:46",80
"2018-06-28 02:44:58",80
"2018-06-28 03:45:07",80
"2018-06-28 04:45:04",80
"2018-06-28 05:44:59",80
"2018-06-28 06:44:47",80
"2018-06-28 07:44:47",80
"2018-06-28 08:44:47",80
"2018-06-28 09:44:45",80
"2018-06-28 10:44:47",80
"2018-06-28 11:44:46",80
"2018-06-28 12:44:46",80
"2018-06-28 13:44:49",80
"2018-06-28 14:45:06",79
"2018-06-28 15:45:10",79
"2018-06-28 16:44:46",79
"2018-06-28 17:44:48",79
"2018-06-28 18:44:46",79
"2018-06-28 19:44:51",79
"2018-06-28 20:44:46",79
"2018-06-28 21:44:47",79
"2018-06-28 22:44:46",79
"2018-06-28 23:44:47",79
"2018-06-29 00:44:47",79
"2018-06-29 01:44:46",79
"2018-06-29 02:44:47",79
"2018-06-29 03:44:58",79
"2018-06-29 04:44:51",79
"2018-06-29 05:44:50",79
"2018-06-29 06:44:48",79
"2018-06-29 07:44:48",79
"2018-06-29 08:44:49",79
"2018-06-29 09:44:47",79
"2018-06-29 10:44:46",79
"2018-06-29 11:44:47",79
"2018-06-29 12:44:55",79
"2018-06-29 13:44:50",79
"2018-06-29 14:44:48",79
"2018-06-29 15:44:49",79
"2018-06-29 16:44:48",79
"2018-06-29 17:44:47",79
"2018-06-29 18:44:48",79
"2018-06-29 19:44:54",79
"2018-06-29 20:44:48",79
"2018-06-29 21:44:51",79
"2018-06-29 22:44:49",79
"2018-06-29 23:44:51",79
"2018-06-30 00:44:50",79
"2018-06-30 01:44:47",79
"2018-06-30 02:44:48",79
"2018-06-30 03:45:01",79
"2018-06-30 04:44:56",79
"2018-06-30 05:44:54",79
"2018-06-30 06:44:53",79
"2018-06-30 07:44:48",79
"2018-06-30 08:44:47",79
"2018-06-30 09:44:47",79
"2018-06-30 10:44:49",79
"2018-06-30 11:44:50",79
"2018-06-30 12:44:57",79
"2018-06-30 13:45:09",79
"2018-06-30 14:44:52",79
"2018-06-30 15:45:08",79
"2018-06-30 16:44:52",79
"2018-06-30 17:44:47",79
"2018-06-30 18:44:47",79
"2018-06-30 19:44:58",79
"2018-06-30 20:44:47",79
"2018-06-30 21:44:47",79
"2018-06-30 22:44:47",79
"2018-06-30 23:44:48",79
"2018-07-01 00:44:47",79
"2018-07-01 01:44:48",79
"2018-07-01 02:44:47",79
"2018-07-01 03:44:48",79
"2018-07-01 04:44:47",79
"2018-07-01 05:44:47",79
"2018-07-01 06:44:47",79
"2018-07-01 07:44:47",79
"2018-07-01 08:44:47",79
"2018-07-01 09:44:48",79
"2018-07-01 10:44:47",79
"2018-07-01 11:44:48",79
"2018-07-01 12:44:48",79
"2018-07-01 13:44:48",79
"2018-07-01 14:44:47",79
"2018-07-01 15:44:48",79
"2018-07-01 16:44:51",79
"2018-07-01 17:44:48",79
"2018-07-01 18:44:47",79
"2018-07-01 19:44:51",79
"2018-07-01 20:44:48",79
"2018-07-01 21:44:48",79
"2018-07-01 22:44:47",79
"2018-07-01 23:44:48",79
"2018-07-02 00:44:48",79
"2018-07-02 01:44:50",79
"2018-07-02 02:44:49",79
"2018-07-02 03:44:48",79
"2018-07-02 04:44:47",79
"2018-07-02 05:44:48",79
"2018-07-02 06:44:49",79
"2018-07-02 07:44:47",79
"2018-07-02 08:44:49",79
"2018-07-02 09:44:48",79
"2018-07-02 10:44:46",79
"2018-07-02 11:44:46",79
"2018-07-02 12:44:47",79
"2018-07-02 13:44:49",79
"2018-07-02 14:44:48",79
"2018-07-02 15:44:48",79
"2018-07-02 16:44:49",79
"2018-07-02 17:44:49",79
"2018-07-02 18:44:48",79
"2018-07-02 19:44:50",78
"2018-07-02 20:44:47",78
"2018-07-02 21:44:47",78
"2018-07-02 22:44:48",78
"2018-07-02 23:44:48",78
"2018-07-03 00:54:23",78
"2018-07-03 01:44:48",78
"2018-07-03 02:44:48",78
"2018-07-03 03:44:48",78
"2018-07-03 04:44:48",78
"2018-07-03 05:44:48",78
"2018-07-03 06:44:47",78
"2018-07-03 07:44:47",78
"2018-07-03 08:44:48",78
"2018-07-03 09:44:48",78
"2018-07-03 10:44:46",78
"2018-07-03 11:44:46",78
"2018-07-03 12:44:47",78
"2018-07-03 13:44:49",78
"2018-07-03 14:44:48",78
"2018-07-03 15:44:47",78
"2018-07-03 16:44:48",79
"2018-07-03 17:44:48",79
"2018-07-03 18:44:46",79
"2018-07-03 19:44:53",79
"2018-07-03 20:44:47",79
"2018-07-03 21:44:47",79
"2018-07-03 22:44:48",79
"2018-07-03 23:44:47",79
"2018-07-04 00:44:47",79
"2018-07-04 01:44:48",79
"2018-07-04 02:44:48",79
"2018-07-04 03:44:48",79
"2018-07-04 04:44:47",79
"2018-07-04 05:44:47",79
"2018-07-04 06:44:48",79
"2018-07-04 07:44:48",79
"2018-07-04 08:44:50",79
"2018-07-04 09:44:48",79
"2018-07-04 10:44:48",79
"2018-07-04 11:44:47",79
"2018-07-04 12:44:47",79
"2018-07-04 13:44:48",79
"2018-07-04 14:44:47",79
"2018-07-04 15:44:47",79
"2018-07-04 16:44:48",79
"2018-07-04 17:44:48",79
"2018-07-04 18:44:47",79
"2018-07-04 19:44:49",79
"2018-07-04 20:44:48",79
"2018-07-04 21:44:48",79
"2018-07-04 22:44:47",79
"2018-07-04 23:44:48",79
"2018-07-05 00:44:46",79
"2018-07-05 01:44:47",79
"2018-07-05 02:44:48",79
"2018-07-05 03:44:48",79
"2018-07-05 04:44:48",79
"2018-07-05 05:44:46",79
"2018-07-05 06:44:47",79
"2018-07-05 07:44:47",79
"2018-07-05 08:44:48",79
"2018-07-05 09:44:47",79
"2018-07-05 10:44:47",79
"2018-07-05 11:44:48",79
"2018-07-05 12:44:47",79
"2018-07-05 13:44:49",79
"2018-07-05 14:44:48",79
"2018-07-05 15:44:48",79
"2018-07-05 16:44:48",78
"2018-07-05 17:44:50",78
"2018-07-05 18:44:47",77
"2018-07-05 19:44:56",77
"2018-07-05 20:44:47",77
"2018-07-05 21:44:48",77
"2018-07-05 22:44:48",77
"2018-07-05 23:44:48",77
"2018-07-06 00:44:47",77
"2018-07-06 01:44:48",77
"2018-07-06 02:44:48",77
"2018-07-06 03:44:48",77
"2018-07-06 04:44:48",77
"2018-07-06 05:44:47",77
"2018-07-06 06:44:47",77
"2018-07-06 07:44:48",77
"2018-07-06 08:44:49",77
"2018-07-06 09:44:48",77
"2018-07-06 10:44:48",77
"2018-07-06 11:44:52",77
"2018-07-06 12:44:48",77
"2018-07-06 13:44:52",77
"2018-07-06 14:44:51",77
"2018-07-06 15:44:50",77
"2018-07-06 16:44:50",77
"2018-07-06 17:44:49",77
"2018-07-06 18:44:47",77
"2018-07-06 19:44:54",77
"2018-07-06 20:44:49",77
"2018-07-06 21:44:48",77
"2018-07-06 22:44:47",77
"2018-07-06 23:44:47",77
"2018-07-07 00:44:48",77
"2018-07-07 01:44:47",77
"2018-07-07 02:44:49",77
"2018-07-07 03:44:48",77
"2018-07-07 04:44:48",77
"2018-07-07 05:44:47",77
"2018-07-07 06:44:48",77
"2018-07-07 07:44:47",77
"2018-07-07 08:44:48",77
"2018-07-07 09:44:48",77
"2018-07-07 10:44:48",77
"2018-07-07 11:44:48",77
"2018-07-07 12:44:48",77
"2018-07-07 13:44:48",77
"2018-07-07 14:44:49",77
"2018-07-07 15:44:48",77
"2018-07-07 16:44:49",77
"2018-07-07 17:44:49",77
"2018-07-07 18:44:50",77
"2018-07-07 19:44:54",77
"2018-07-07 20:44:48",77
"2018-07-07 21:44:47",77
"2018-07-07 22:44:49",77
"2018-07-07 23:44:48",77
"2018-07-08 00:44:49",77
"2018-07-08 01:44:49",77
"2018-07-08 02:44:49",77
"2018-07-08 03:44:50",77
"2018-07-08 04:44:50",77
"2018-07-08 05:44:49",77
"2018-07-08 06:44:49",77
"2018-07-08 07:44:48",77
"2018-07-08 08:44:47",77
"2018-07-08 09:44:48",77
"2018-07-08 10:44:47",77
"2018-07-08 11:44:48",77
"2018-07-08 12:44:49",77
"2018-07-08 13:44:48",77
"2018-07-08 14:44:48",77
"2018-07-08 15:44:48",77
"2018-07-08 16:44:48",77
"2018-07-08 17:44:48",77
"2018-07-08 18:44:49",77
"2018-07-08 19:44:59",77
"2018-07-08 20:44:49",77
"2018-07-08 21:44:49",77
"2018-07-08 22:44:48",77
"2018-07-08 23:44:48",77
"2018-07-09 00:44:48",77
"2018-07-09 01:44:48",77
"2018-07-09 02:44:49",77
"2018-07-09 03:44:50",77
"2018-07-09 04:44:47",77
"2018-07-09 05:44:49",77
"2018-07-09 06:44:47",77
"2018-07-09 07:44:47",77
"2018-07-09 08:44:49",77
"2018-07-09 09:44:48",77
"2018-07-09 10:44:48",77
"2018-07-09 11:44:47",77
"2018-07-09 12:44:48",77
"2018-07-09 13:44:56",77
"2018-07-09 14:44:49",76
"2018-07-09 15:44:50",76
"2018-07-09 16:44:49",76
"2018-07-09 17:44:49",76
"2018-07-09 18:44:50",76
"2018-07-09 19:45:12",76
"2018-07-09 20:44:48",77
"2018-07-09 21:44:48",77
"2018-07-09 22:44:48",77
"2018-07-09 23:44:48",77
"2018-07-10 00:44:48",77
"2018-07-10 01:44:50",77
"2018-07-10 02:44:48",77
"2018-07-10 03:44:49",77
"2018-07-10 04:44:49",77
"2018-07-10 05:44:49",77
"2018-07-10 06:44:48",77
"2018-07-10 07:44:48",77
"2018-07-10 08:44:48",77
"2018-07-10 09:44:48",77
"2018-07-10 10:44:47",77
"2018-07-10 11:44:48",77
"2018-07-10 12:44:47",77
"2018-07-10 13:44:57",77
"2018-07-10 14:44:53",77
"2018-07-10 15:44:50",77
"2018-07-10 16:44:49",77
"2018-07-10 17:44:50",77
"2018-07-10 18:44:48",77
"2018-07-10 19:44:56",77
"2018-07-10 20:44:48",77
"2018-07-10 21:44:48",77
"2018-07-10 22:44:55",77
"2018-07-10 23:44:49",77
"2018-07-11 00:44:50",77
"2018-07-11 01:44:50",77
"2018-07-11 02:44:49",77
"2018-07-11 03:44:49",77
"2018-07-11 04:44:49",77
"2018-07-11 05:44:49",77
"2018-07-11 06:44:49",77
"2018-07-11 07:44:48",77
"2018-07-11 08:44:48",77
"2018-07-11 09:44:48",77
"2018-07-11 10:44:48",77
"2018-07-11 11:44:47",77
"2018-07-11 12:44:47",77
"2018-07-11 13:44:51",77
"2018-07-11 14:44:51",77
"2018-07-11 15:44:50",77
"2018-07-11 16:44:49",77
"2018-07-11 17:44:48",77
"2018-07-11 18:44:48",77
"2018-07-11 19:44:52",77
"2018-07-11 20:44:48",78
"2018-07-11 21:44:47",78
"2018-07-11 22:44:48",78
"2018-07-11 23:44:49",78
"2018-07-12 00:44:49",78
"2018-07-12 01:44:47",78
"2018-07-12 02:44:49",78
"2018-07-12 03:44:48",78
"2018-07-12 04:44:50",78
"2018-07-12 05:44:50",78
"2018-07-12 06:44:49",78
"2018-07-12 07:44:49",78
"2018-07-12 08:44:48",78
"2018-07-12 09:44:49",78
"2018-07-12 10:44:47",78
"2018-07-12 11:44:48",78
"2018-07-12 12:44:48",78
"2018-07-12 13:44:52",78
"2018-07-12 14:44:52",78
"2018-07-12 15:44:51",78
"2018-07-12 16:44:53",77
"2018-07-12 17:44:50",77
"2018-07-12 18:44:51",77
"2018-07-12 19:45:05",77
"2018-07-12 20:44:48",77
"2018-07-12 21:44:48",77
"2018-07-12 22:44:50",77
"2018-07-12 23:44:51",77
"2018-07-13 00:44:50",77
"2018-07-13 01:44:50",77
"2018-07-13 02:44:50",77
"2018-07-13 03:44:50",77
"2018-07-13 04:44:51",77
"2018-07-13 05:44:51",77
"2018-07-13 06:44:50",77
"2018-07-13 07:44:49",77
"2018-07-13 08:44:50",77
"2018-07-13 09:44:49",77
"2018-07-13 10:44:48",77
"2018-07-13 11:44:49",77
"2018-07-13 12:44:50",77
"2018-07-13 13:44:57",77
"2018-07-13 14:44:52",77
"2018-07-13 15:44:52",77
"2018-07-13 16:44:51",77
"2018-07-13 17:44:50",77
"2018-07-13 18:44:51",77
"2018-07-13 19:44:52",77
"2018-07-13 20:44:49",77
"2018-07-13 21:44:48",77
"2018-07-13 22:44:49",77
"2018-07-13 23:44:51",77
"2018-07-14 00:44:50",77
"2018-07-14 01:44:48",77
"2018-07-14 02:44:49",77
"2018-07-14 03:44:50",77
"2018-07-14 04:44:49",77
"2018-07-14 05:44:49",77
"2018-07-14 06:44:49",77
"2018-07-14 07:44:49",77
"2018-07-14 08:44:49",77
"2018-07-14 09:44:49",77
"2018-07-14 10:44:50",77
"2018-07-14 11:44:49",77
"2018-07-14 12:44:49",77
"2018-07-14 13:44:50",77
"2018-07-14 14:44:50",77
"2018-07-14 15:44:49",77
"2018-07-14 16:44:50",77
"2018-07-14 17:44:49",77
"2018-07-14 18:44:50",77
"2018-07-14 19:44:53",77
"2018-07-14 20:44:49",77
"2018-07-14 21:44:50",77
"2018-07-14 22:44:50",77
"2018-07-14 23:44:50",77
"2018-07-15 00:44:49",77
"2018-07-15 01:44:49",77
"2018-07-15 02:44:50",77
"2018-07-15 03:44:49",77
"2018-07-15 04:44:49",77
"2018-07-15 05:44:49",77
"2018-07-15 06:44:50",77
"2018-07-15 07:44:48",77
"2018-07-15 08:44:49",77
"2018-07-15 09:44:49",77
"2018-07-15 10:44:49",77
"2018-07-15 11:44:49",77
"2018-07-15 12:44:49",77
"2018-07-15 13:44:49",77
"2018-07-15 14:44:48",77
"2018-07-15 15:44:50",77
"2018-07-15 16:44:50",77
"2018-07-15 17:44:49",77
"2018-07-15 18:44:49",77
"2018-07-15 19:45:02",77
"2018-07-15 20:44:50",77
"2018-07-15 21:45:01",77
"2018-07-15 22:44:50",77
"2018-07-15 23:44:50",77
"2018-07-16 00:44:50",77
"2018-07-16 01:44:49",77
"2018-07-16 02:44:50",77
"2018-07-16 03:44:50",77
"2018-07-16 04:44:51",77
"2018-07-16 05:44:49",77
"2018-07-16 06:44:51",77
"2018-07-16 07:44:58",77
"2018-07-16 08:44:52",77
"2018-07-16 09:44:48",77
"2018-07-16 10:44:49",77
"2018-07-16 11:44:49",77
"2018-07-16 12:44:48",77
"2018-07-16 13:45:05",77
"2018-07-16 14:44:50",77
"2018-07-16 15:44:52",77
"2018-07-16 16:44:51",77
"2018-07-16 17:44:52",77
"2018-07-16 18:44:51",77
"2018-07-16 19:45:33",77
"2018-07-16 20:44:50",77
"2018-07-16 21:44:50",77
"2018-07-16 22:44:49",77
"2018-07-16 23:44:50",77
"2018-07-17 00:45:05",77
"2018-07-17 01:44:50",77
"2018-07-17 02:44:50",77
"2018-07-17 03:44:49",77
"2018-07-17 04:44:50",77
"2018-07-17 05:44:51",77
"2018-07-17 06:44:50",77
"2018-07-17 07:45:01",77
"2018-07-17 08:44:50",77
"2018-07-17 09:44:49",77
"2018-07-17 10:44:49",77
"2018-07-17 11:44:49",77
"2018-07-17 12:44:50",77
"2018-07-17 13:44:55",77
"2018-07-17 14:44:52",77
"2018-07-17 15:44:50",77
"2018-07-17 16:44:51",77
"2018-07-17 17:44:51",77
"2018-07-17 18:44:52",77
"2018-07-17 19:45:14",77
"2018-07-17 20:44:50",77
"2018-07-17 21:44:49",77
"2018-07-17 22:44:48",77
"2018-07-17 23:44:53",77
"2018-07-18 00:44:54",77
"2018-07-18 01:44:53",77
"2018-07-18 02:45:04",77
"2018-07-18 03:44:55",77
"2018-07-18 04:44:53",77
"2018-07-18 05:44:56",77
"2018-07-18 06:44:53",77
"2018-07-18 07:44:52",77
"2018-07-18 08:44:57",77
"2018-07-18 09:44:52",77
"2018-07-18 10:44:52",77
"2018-07-18 11:44:53",77
"2018-07-18 12:44:52",77
"2018-07-18 13:44:59",77
"2018-07-18 14:44:57",77
"2018-07-18 15:44:55",77
"2018-07-18 16:44:55",77
"2018-07-18 17:44:56",77
"2018-07-18 18:44:55",77
"2018-07-18 19:45:05",77
"2018-07-18 20:44:53",77
"2018-07-18 21:44:53",77
"2018-07-18 22:44:54",77
"2018-07-18 23:44:53",77
"2018-07-19 00:44:54",77
"2018-07-19 01:44:54",77
"2018-07-19 02:44:54",77
"2018-07-19 03:44:59",77
"2018-07-19 04:45:02",77
"2018-07-19 05:44:58",77
"2018-07-19 06:45:00",77
"2018-07-19 07:45:06",77
"2018-07-19 08:44:54",77
"2018-07-19 09:44:54",77
"2018-07-19 10:44:53",77
"2018-07-19 11:44:54",77
"2018-07-19 12:44:53",77
"2018-07-19 13:44:58",77
"2018-07-19 14:44:56",77
"2018-07-19 15:44:57",77
"2018-07-19 16:44:55",77
"2018-07-19 17:44:56",77
"2018-07-19 18:44:56",77
"2018-07-19 19:44:59",77
"2018-07-19 20:44:55",77
"2018-07-19 21:44:54",77
"2018-07-19 22:44:56",77
"2018-07-19 23:44:57",77
"2018-07-20 00:44:55",77
"2018-07-20 01:44:55",77
"2018-07-20 02:44:56",77
"2018-07-20 03:45:00",77
"2018-07-20 04:45:01",77
"2018-07-20 05:45:00",77
"2018-07-20 06:44:59",77
"2018-07-20 07:44:58",77
"2018-07-20 08:44:54",77
"2018-07-20 09:45:06",77
"2018-07-20 10:44:53",77
"2018-07-20 11:44:53",77
"2018-07-20 12:44:52",77
"2018-07-20 14:08:29",77
"2018-07-20 14:44:56",77
"2018-07-20 15:44:57",77
"2018-07-20 16:44:56",77
"2018-07-20 17:44:55",77
"2018-07-20 18:44:57",77
"2018-07-20 19:45:07",77
"2018-07-20 20:44:54",77
"2018-07-20 21:44:54",77
"2018-07-20 22:44:52",77
"2018-07-20 23:44:56",77
"2018-07-21 00:44:55",77
"2018-07-21 01:44:56",77
"2018-07-21 02:44:57",77
"2018-07-21 03:45:03",77
"2018-07-21 04:44:55",77
"2018-07-21 05:44:53",77
"2018-07-21 06:44:54",77
"2018-07-21 07:44:53",77
"2018-07-21 08:44:53",77
"2018-07-21 09:44:55",77
"2018-07-21 10:44:54",77
"2018-07-21 11:44:52",77
"2018-07-21 12:44:53",77
"2018-07-21 13:44:55",77
"2018-07-21 14:44:55",77
"2018-07-21 15:44:55",77
"2018-07-21 16:44:57",77
"2018-07-21 17:44:54",77
"2018-07-21 18:44:57",77
"2018-07-21 19:45:00",77
"2018-07-21 20:44:54",77
"2018-07-21 21:44:53",77
"2018-07-21 22:44:53",77
"2018-07-21 23:44:54",77
"2018-07-22 00:44:54",77
"2018-07-22 01:44:53",77
"2018-07-22 02:44:54",77
"2018-07-22 03:44:56",77
"2018-07-22 04:44:54",77
"2018-07-22 05:44:54",77
"2018-07-22 06:45:09",77
"2018-07-22 07:45:05",77
"2018-07-22 08:44:54",77
"2018-07-22 09:44:52",77
"2018-07-22 10:44:52",77
"2018-07-22 11:44:53",77
"2018-07-22 12:44:55",77
"2018-07-22 13:44:54",77
"2018-07-22 14:44:58",77
"2018-07-22 15:44:54",77
"2018-07-22 16:44:54",77
"2018-07-22 17:44:53",77
"2018-07-22 18:44:53",77
"2018-07-22 19:45:04",77
"2018-07-22 20:44:54",77
"2018-07-22 21:44:54",77
"2018-07-22 22:44:54",77
"2018-07-22 23:44:53",77
"2018-07-23 00:44:54",77
"2018-07-23 01:44:53",77
"2018-07-23 02:44:55",77
"2018-07-23 03:44:54",77
"2018-07-23 04:44:53",77
"2018-07-23 05:44:52",77
"2018-07-23 06:44:53",77
"2018-07-23 07:44:54",77
"2018-07-23 08:44:56",77
"2018-07-23 09:44:59",77
"2018-07-23 23:45:08",77
"2018-07-24 00:44:54",77
"2018-07-24 01:44:55",77
"2018-07-24 02:44:55",77
"2018-07-24 03:44:54",77
"2018-07-24 04:44:53",77
"2018-07-24 05:44:53",77
"2018-07-24 06:44:54",77
"2018-07-24 07:44:53",77
"2018-07-24 08:44:53",77
"2018-07-24 09:44:52",77
"2018-07-24 10:44:53",77
"2018-07-24 11:44:53",77
"2018-07-24 12:44:54",77
"2018-07-24 13:45:07",77
"2018-07-24 14:44:55",77
"2018-07-24 15:44:55",77
"2018-07-24 16:44:56",77
"2018-07-24 17:44:55",77
"2018-07-24 18:44:54",77
"2018-07-24 19:44:55",77
"2018-07-24 20:44:52",77
"2018-07-24 21:44:53",77
"2018-07-24 22:44:53",77
"2018-07-24 23:44:53",77
"2018-07-25 00:44:54",77
"2018-07-25 01:44:54",77
"2018-07-25 02:44:53",77
"2018-07-25 03:44:54",77
"2018-07-25 04:44:54",77
"2018-07-25 05:44:53",77
"2018-07-25 06:44:54",77
"2018-07-25 07:44:53",77
"2018-07-25 08:44:54",77
"2018-07-25 09:44:54",77
"2018-07-25 10:44:52",77
"2018-07-25 11:44:52",77
"2018-07-25 12:44:53",77
"2018-07-25 13:45:02",77
"2018-07-25 14:44:57",77
"2018-07-25 15:44:58",77
"2018-07-25 16:44:57",77
"2018-07-25 17:45:03",77
"2018-07-25 18:44:58",77
"2018-07-25 19:44:58",77
"2018-07-25 20:44:57",77
"2018-07-25 21:44:57",77
"2018-07-25 22:44:55",77
"2018-07-25 23:44:54",77
"2018-07-26 00:44:54",77
"2018-07-26 01:44:55",77
"2018-07-26 02:44:56",77
"2018-07-26 03:44:56",77
"2018-07-26 04:44:55",77
"2018-07-26 05:44:57",77
"2018-07-26 06:44:55",77
"2018-07-26 07:44:54",77
"2018-07-26 08:44:54",77
"2018-07-26 09:44:55",77
"2018-07-26 10:44:55",77
"2018-07-26 11:44:54",77
"2018-07-26 12:44:55",77
"2018-07-26 14:44:58",76
"2018-07-26 15:44:57",76
"2018-07-26 16:44:57",76
"2018-07-26 17:44:57",76
"2018-07-26 18:44:57",76
"2018-07-26 19:44:58",76
"2018-07-26 20:44:56",76
"2018-07-26 21:44:54",76
"2018-07-26 22:44:55",76
"2018-07-26 23:44:56",76
"2018-07-27 00:44:55",76
"2018-07-27 01:44:56",76
"2018-07-27 02:44:54",76
"2018-07-27 03:44:55",76
"2018-07-27 04:44:56",76
"2018-07-27 05:44:56",76
"2018-07-27 06:44:55",76
"2018-07-27 07:44:55",76
"2018-07-27 08:44:54",76
"2018-07-27 09:44:53",76
"2018-07-27 10:44:55",76
"2018-07-27 11:44:54",76
"2018-07-27 12:44:55",76
"2018-07-27 13:45:03",76
"2018-07-27 14:44:57",76
"2018-07-27 15:44:56",76
"2018-07-27 16:44:55",76
"2018-07-27 17:44:56",76
"2018-07-27 18:44:55",76
"2018-07-27 19:44:56",76
"2018-07-27 20:44:54",76
"2018-07-27 21:44:55",76
"2018-07-27 22:44:54",76
"2018-07-27 23:44:54",76
"2018-07-28 00:44:55",76
"2018-07-28 01:44:55",76
"2018-07-28 02:44:54",76
"2018-07-28 03:44:56",76
"2018-07-28 04:44:54",76
"2018-07-28 05:44:55",76
"2018-07-28 06:44:55",76
"2018-07-28 07:44:54",76
"2018-07-28 08:44:54",76
"2018-07-28 09:44:55",76
"2018-07-28 10:44:53",76
"2018-07-28 11:44:53",76
"2018-07-28 12:44:54",76
"2018-07-28 13:44:54",76
"2018-07-28 14:44:54",76
"2018-07-28 15:44:55",76
"2018-07-28 16:44:55",76
"2018-07-28 17:44:55",76
"2018-07-28 18:44:55",76
"2018-07-28 19:45:18",76
"2018-07-28 20:45:08",76
"2018-07-28 21:44:55",76
"2018-07-28 22:44:55",76
"2018-07-28 23:44:56",76
"2018-07-29 00:44:54",76
"2018-07-29 01:44:56",76
"2018-07-29 02:44:55",76
"2018-07-29 03:44:54",76
"2018-07-29 04:44:56",76
"2018-07-29 05:44:56",76
"2018-07-29 06:44:55",76
"2018-07-29 07:44:54",76
"2018-07-29 08:44:54",76
"2018-07-29 09:44:55",76
"2018-07-29 10:44:55",76
"2018-07-29 11:44:53",76
"2018-07-29 12:44:55",76
"2018-07-29 13:44:56",76
"2018-07-29 14:44:55",76
"2018-07-29 15:44:53",76
"2018-07-29 16:44:56",76
"2018-07-29 17:44:55",76
"2018-07-29 18:44:54",76
"2018-07-29 19:44:56",76
"2018-07-29 20:44:55",76
"2018-07-29 21:44:56",76
"2018-07-29 22:44:56",76
"2018-07-29 23:44:56",76
"2018-07-30 00:44:54",76
"2018-07-30 01:44:56",76
"2018-07-30 02:44:54",76
"2018-07-30 03:44:55",76
"2018-07-30 04:44:54",76
"2018-07-30 05:44:54",76
"2018-07-30 06:44:53",76
"2018-07-30 07:44:54",76
"2018-07-30 08:44:55",76
"2018-07-30 09:44:55",76
"2018-07-30 10:44:53",76
"2018-07-30 11:44:54",76
"2018-07-30 12:44:55",76
"2018-07-30 13:45:03",76
"2018-07-30 14:44:58",76
"2018-07-30 15:44:57",76
"2018-07-30 16:44:58",76
"2018-07-30 17:44:57",76
"2018-07-30 18:44:54",76
"2018-07-30 19:44:58",76
"2018-07-30 20:44:54",76
"2018-07-30 21:44:55",76
"2018-07-30 22:44:56",76
"2018-07-30 23:44:54",76
"2018-07-31 00:44:57",76
"2018-07-31 01:44:55",76
"2018-07-31 02:44:55",76
"2018-07-31 03:44:55",76
"2018-07-31 04:44:55",76
"2018-07-31 05:44:55",76
"2018-07-31 06:44:55",76
"2018-07-31 07:44:55",76
"2018-07-31 08:45:23",76
"2018-07-31 09:51:51",76
"2018-07-31 10:44:55",76
"2018-07-31 11:44:54",76
"2018-07-31 12:44:54",76
"2018-07-31 13:45:04",76
"2018-07-31 14:44:57",76
"2018-07-31 15:44:56",76
"2018-07-31 16:44:56",76
"2018-07-31 17:44:55",76
"2018-07-31 18:44:55",76
"2018-07-31 19:44:57",76
"2018-07-31 20:44:56",76
"2018-07-31 21:44:54",76
"2018-07-31 22:44:56",76
"2018-07-31 23:44:56",76
"2018-08-01 00:44:56",76
"2018-08-01 01:44:55",76
"2018-08-01 02:44:54",76
"2018-08-01 03:44:55",76
"2018-08-01 04:44:55",76
"2018-08-01 05:44:56",76
"2018-08-01 06:44:54",76
"2018-08-01 07:44:54",76
"2018-08-01 08:44:55",76
"2018-08-01 09:44:55",76
"2018-08-01 10:44:54",76
"2018-08-01 11:44:55",76
"2018-08-01 12:44:55",76
"2018-08-01 14:10:03",76
"2018-08-01 14:44:57",76
"2018-08-01 15:44:57",76
"2018-08-01 16:44:57",76
"2018-08-01 17:44:57",76
"2018-08-01 18:44:56",76
"2018-08-01 19:46:25",75
"2018-08-01 20:44:54",75
"2018-08-01 21:44:54",75
"2018-08-01 22:44:54",75
"2018-08-01 23:44:54",75
"2018-08-02 00:44:56",75
"2018-08-02 01:44:55",75
"2018-08-02 02:44:55",75
"2018-08-02 03:44:55",75
"2018-08-02 04:44:56",75
"2018-08-02 05:44:55",75
"2018-08-02 06:44:54",75
"2018-08-02 07:44:54",75
"2018-08-02 08:44:54",75
"2018-08-02 09:44:55",75
"2018-08-02 10:44:55",75
"2018-08-02 11:44:54",75
"2018-08-02 12:44:55",75
"2018-08-02 13:45:02",75
"2018-08-02 14:45:01",75
"2018-08-02 15:45:00",75
"2018-08-02 16:44:57",75
"2018-08-02 17:44:59",75
"2018-08-02 18:44:57",75
"2018-08-02 19:44:58",75
"2018-08-02 20:44:56",75
"2018-08-02 21:44:56",75
"2018-08-02 22:44:56",75
"2018-08-02 23:44:55",75
"2018-08-03 00:44:56",75
"2018-08-03 01:44:58",75
"2018-08-03 02:44:56",75
"2018-08-03 03:44:56",75
"2018-08-03 04:44:56",75
"2018-08-03 05:44:56",75
"2018-08-03 06:44:57",75
"2018-08-03 07:44:55",75
"2018-08-03 08:44:56",75
"2018-08-03 09:44:56",75
"2018-08-03 10:44:56",75
"2018-08-03 11:46:57",75
"2018-08-03 13:09:55",75
"2018-08-03 13:45:03",75
"2018-08-03 14:44:57",75
"2018-08-03 15:44:56",75
"2018-08-03 16:44:57",75
"2018-08-03 17:44:56",75
"2018-08-03 18:44:56",74
"2018-08-03 19:44:56",74
"2018-08-03 20:44:57",74
"2018-08-03 21:44:55",74
"2018-08-03 22:44:55",74
"2018-08-03 23:44:56",74
"2018-08-04 00:44:55",74
"2018-08-04 01:44:55",74
"2018-08-04 02:44:56",74
"2018-08-04 03:44:56",74
"2018-08-04 04:44:55",74
"2018-08-04 05:44:56",74
"2018-08-04 06:44:56",74
"2018-08-04 07:44:57",74
"2018-08-04 08:44:55",74
"2018-08-04 09:44:56",74
"2018-08-04 10:44:56",74
"2018-08-04 11:44:55",74
"2018-08-04 12:44:55",74
"2018-08-04 13:44:57",74
"2018-08-04 14:44:55",74
"2018-08-04 15:44:56",74
"2018-08-04 16:44:55",74
"2018-08-04 17:44:56",74
"2018-08-04 18:44:57",74
"2018-08-04 19:44:56",74
"2018-08-04 20:44:55",74
"2018-08-04 21:44:55",74
"2018-08-04 22:44:55",74
"2018-08-04 23:44:57",74
"2018-08-05 00:44:54",74
"2018-08-05 01:44:56",74
"2018-08-05 02:44:57",74
"2018-08-05 03:44:56",74
"2018-08-05 04:44:55",74
"2018-08-05 05:44:56",74
"2018-08-05 06:44:56",74
"2018-08-05 07:44:55",74
"2018-08-05 08:44:55",74
"2018-08-05 09:44:55",74
"2018-08-05 10:44:56",74
"2018-08-05 11:44:55",74
"2018-08-05 12:44:55",74
"2018-08-05 13:44:55",74
"2018-08-05 14:44:55",74
"2018-08-05 15:44:56",74
"2018-08-05 16:44:57",74
"2018-08-05 17:44:56",74
"2018-08-05 18:44:56",74
"2018-08-05 19:44:56",74
"2018-08-05 20:44:55",74
"2018-08-05 21:44:57",74
"2018-08-05 22:44:55",74
"2018-08-05 23:44:57",74
"2018-08-06 00:44:56",74
"2018-08-06 01:44:54",74
"2018-08-06 02:44:56",74
"2018-08-06 03:44:55",74
"2018-08-06 04:44:55",74
"2018-08-06 05:44:55",74
"2018-08-06 06:44:55",74
"2018-08-06 07:44:56",74
"2018-08-06 08:44:56",74
"2018-08-06 09:44:56",74
"2018-08-06 10:44:56",74
"2018-08-06 11:44:54",74
"2018-08-06 12:44:55",74
"2018-08-06 13:44:59",74
"2018-08-06 14:44:58",74
"2018-08-06 15:44:57",74
"2018-08-06 16:45:25",75
"2018-08-06 17:44:58",75
"2018-08-06 18:44:58",75
"2018-08-06 19:44:57",75
"2018-08-06 20:44:57",75
"2018-08-06 21:44:59",75
"2018-08-06 22:44:57",75
"2018-08-06 23:44:56",75
"2018-08-07 00:44:57",75
"2018-08-07 01:44:57",75
"2018-08-07 02:44:58",75
"2018-08-07 03:44:59",75
"2018-08-07 04:44:57",75
"2018-08-07 05:44:56",75
"2018-08-07 06:44:56",75
"2018-08-07 07:44:57",75
"2018-08-07 08:44:56",75
"2018-08-07 09:44:55",75
"2018-08-07 10:44:55",75
"2018-08-07 11:44:56",75
"2018-08-07 12:44:56",75
"2018-08-07 13:45:04",75
"2018-08-07 14:44:58",75
"2018-08-07 15:44:58",75
"2018-08-07 16:44:57",75
"2018-08-07 17:44:59",76
"2018-08-07 18:44:58",76
"2018-08-07 19:45:00",76
"2018-08-07 20:44:58",76
"2018-08-07 21:44:57",76
"2018-08-07 22:44:56",76
"2018-08-07 23:44:57",76
"2018-08-08 00:44:57",76
"2018-08-08 01:44:59",76
"2018-08-08 02:44:58",76
"2018-08-08 03:44:57",76
"2018-08-08 04:44:56",76
"2018-08-08 05:44:58",76
"2018-08-08 06:44:58",76
"2018-08-08 07:44:58",76
"2018-08-08 08:44:58",76
"2018-08-08 09:44:58",76
"2018-08-08 10:44:58",76
"2018-08-08 11:44:58",76
"2018-08-08 12:44:58",76
"2018-08-08 13:45:02",76
"2018-08-08 14:44:58",77
"2018-08-08 15:44:59",77
"2018-08-08 16:44:59",78
"2018-08-08 17:44:58",78
"2018-08-08 18:44:57",78
"2018-08-08 19:44:58",78
"2018-08-08 20:44:56",78
"2018-08-08 21:44:56",78
"2018-08-08 22:44:56",78
"2018-08-10 00:23:13",79
"2018-08-10 00:45:01",79
"2018-08-10 01:45:02",79
"2018-08-10 02:45:01",79
"2018-08-10 03:44:56",79
"2018-08-10 04:45:01",79
"2018-08-10 05:45:03",79
"2018-08-10 06:44:59",79
"2018-08-10 07:45:01",79
"2018-08-10 08:45:01",79
"2018-08-10 09:44:59",79
"2018-08-10 10:44:59",79
"2018-08-10 11:44:59",79
"2018-08-10 12:44:58",79
"2018-08-10 13:45:04",79
"2018-08-10 14:45:02",79
"2018-08-10 15:45:01",79
"2018-08-10 16:45:02",79
"2018-08-10 17:45:00",79
"2018-08-10 18:44:59",79
"2018-08-10 19:45:00",79
"2018-08-10 20:45:00",79
"2018-08-10 21:45:00",79
"2018-08-10 22:44:59",79
"2018-08-10 23:45:01",79
"2018-08-11 00:45:00",79
"2018-08-11 01:45:00",79
"2018-08-11 02:45:01",79
"2018-08-11 03:45:01",79
"2018-08-11 04:44:59",79
"2018-08-11 05:45:00",79
"2018-08-11 06:44:59",79
"2018-08-11 07:44:59",79
"2018-08-11 08:44:59",79
"2018-08-11 09:44:59",79
"2018-08-11 10:44:59",79
"2018-08-11 11:44:59",79
"2018-08-11 12:44:59",79
"2018-08-11 13:44:59",79
"2018-08-11 14:44:59",79
"2018-08-11 15:45:00",79
"2018-08-11 16:45:00",79
"2018-08-11 17:44:59",79
"2018-08-11 18:45:01",79
"2018-08-11 19:44:59",79
"2018-08-11 20:45:00",79
"2018-08-11 21:45:00",79
"2018-08-11 22:44:59",79
"2018-08-11 23:45:00",79
"2018-08-12 00:45:00",79
"2018-08-12 01:44:59",79
"2018-08-12 02:44:59",79
"2018-08-12 03:44:59",79
"2018-08-12 04:45:00",79
"2018-08-12 05:45:00",79
"2018-08-12 06:44:58",79
"2018-08-12 07:44:58",79
"2018-08-12 08:44:58",79
"2018-08-12 09:44:58",79
"2018-08-12 10:44:58",79
"2018-08-12 11:44:58",79
"2018-08-12 12:45:00",79
"2018-08-12 13:45:01",79
"2018-08-12 14:45:00",79
"2018-08-12 15:45:01",79
"2018-08-12 16:45:01",79
"2018-08-12 17:45:00",79
"2018-08-12 18:45:00",79
"2018-08-12 19:45:00",79
"2018-08-12 20:45:00",79
"2018-08-12 21:45:00",79
"2018-08-12 22:44:59",79
"2018-08-12 23:45:00",79
"2018-08-13 00:44:59",79
"2018-08-13 01:45:00",79
"2018-08-13 02:45:00",79
"2018-08-13 03:45:00",79
"2018-08-13 04:45:01",79
"2018-08-13 05:44:59",79
"2018-08-13 06:44:59",79
"2018-08-13 07:45:00",79
"2018-08-13 08:45:01",79
"2018-08-13 09:45:01",79
"2018-08-13 10:44:59",79
"2018-08-13 11:44:59",79
"2018-08-13 12:44:59",79
"2018-08-13 13:45:04",79
"2018-08-13 14:45:03",80
"2018-08-13 15:45:04",80
"2018-08-13 16:45:03",80
"2018-08-13 17:45:01",80
"2018-08-13 18:45:01",80
"2018-08-13 19:45:02",80
"2018-08-13 20:45:01",80
"2018-08-13 21:45:01",80
"2018-08-13 22:45:00",80
"2018-08-13 23:45:00",80
"2018-08-14 00:45:02",80
"2018-08-14 01:45:03",80
"2018-08-14 02:45:01",80
"2018-08-14 03:45:00",80
"2018-08-14 04:45:02",80
"2018-08-14 05:45:01",80
"2018-08-14 06:45:01",80
"2018-08-14 07:45:02",80
"2018-08-14 08:45:02",80
"2018-08-14 09:45:01",80
"2018-08-14 10:45:00",80
"2018-08-14 11:44:59",80
"2018-08-14 12:45:01",80
"2018-08-14 13:45:03",80
"2018-08-14 14:45:02",78
"2018-08-14 15:45:03",78
"2018-08-14 16:45:01",78
"2018-08-14 17:45:00",78
"2018-08-14 18:45:01",78
"2018-08-14 19:45:02",78
"2018-08-14 20:45:01",78
"2018-08-14 21:45:00",78
"2018-08-14 22:45:01",78
"2018-08-14 23:45:00",78
"2018-08-15 00:45:01",78
"2018-08-15 01:45:02",78
"2018-08-15 02:45:02",78
"2018-08-15 03:45:02",78
"2018-08-15 04:45:01",78
"2018-08-15 05:45:00",78
"2018-08-15 06:45:02",78
"2018-08-15 07:44:59",78
"2018-08-15 08:45:01",78
"2018-08-15 09:45:01",78
"2018-08-15 10:45:00",78
"2018-08-15 11:45:00",78
"2018-08-15 12:44:59",78
"2018-08-15 14:10:37",78
"2018-08-15 14:45:01",78
"2018-08-15 15:45:03",77
"2018-08-15 16:45:04",77
"2018-08-15 17:45:00",77
"2018-08-15 18:45:00",77
"2018-08-15 19:45:01",77
"2018-08-15 20:45:00",77
"2018-08-15 21:45:00",77
"2018-08-15 22:45:00",77
"2018-08-15 23:45:01",77
"2018-08-16 00:45:02",77
"2018-08-16 01:45:01",77
"2018-08-16 02:45:03",77
"2018-08-16 03:45:02",77
"2018-08-16 04:45:01",77
"2018-08-16 05:45:01",77
"2018-08-16 06:45:00",77
"2018-08-16 07:45:01",77
"2018-08-16 08:45:01",77
"2018-08-16 09:45:00",77
"2018-08-16 10:45:00",77
"2018-08-16 11:45:00",77
"2018-08-16 12:45:00",77
"2018-08-16 13:45:05",77
"2018-08-16 14:45:02",77
"2018-08-16 15:45:03",77
"2018-08-16 16:45:01",77
"2018-08-16 17:45:01",78
"2018-08-16 18:45:00",78
"2018-08-16 19:45:03",78
"2018-08-16 20:45:00",78
"2018-08-16 21:45:00",78
"2018-08-16 22:44:59",78
"2018-08-16 23:45:00",78
"2018-08-17 00:45:00",78
"2018-08-17 01:45:00",78
"2018-08-17 02:45:02",78
"2018-08-17 03:45:01",78
"2018-08-17 04:45:02",78
"2018-08-17 05:45:00",78
"2018-08-17 06:44:59",78
"2018-08-17 07:44:59",78
"2018-08-17 08:45:01",78
"2018-08-17 09:45:00",78
"2018-08-17 10:44:59",78
"2018-08-17 11:44:59",78
"2018-08-17 12:44:59",78
"2018-08-17 13:45:04",78
"2018-08-17 14:45:03",78
"2018-08-17 15:45:02",78
"2018-08-17 16:45:00",79
"2018-08-17 17:45:00",79
"2018-08-17 18:45:01",79
"2018-08-17 19:45:01",79
"2018-08-17 20:46:29",79
"2018-08-17 21:45:00",79
"2018-08-17 22:45:00",79
"2018-08-17 23:44:59",79
"2018-08-18 00:45:00",79
"2018-08-18 01:45:01",79
"2018-08-18 02:45:00",79
"2018-08-18 03:45:01",79
"2018-08-18 04:45:00",79
"2018-08-18 05:45:00",79
"2018-08-18 06:45:01",79
"2018-08-18 07:45:00",79
"2018-08-18 08:44:59",79
"2018-08-18 09:44:59",79
"2018-08-18 10:44:58",79
"2018-08-18 11:44:59",79
"2018-08-18 12:45:02",79
"2018-08-18 13:45:02",79
"2018-08-18 14:45:01",79
"2018-08-18 15:45:01",79
"2018-08-18 16:45:01",79
"2018-08-18 17:45:00",79
"2018-08-18 18:45:00",79
"2018-08-18 19:45:00",79
"2018-08-18 20:45:01",79
"2018-08-18 21:45:00",79
"2018-08-18 22:44:59",79
"2018-08-18 23:44:59",79
"2018-08-19 00:45:00",79
"2018-08-19 01:44:59",79
"2018-08-19 02:45:00",79
"2018-08-19 03:44:59",79
"2018-08-19 04:45:00",79
"2018-08-19 05:44:59",79
"2018-08-19 06:44:59",79
"2018-08-19 07:45:00",79
"2018-08-19 08:44:59",79
"2018-08-19 09:44:59",79
"2018-08-19 10:44:59",79
"2018-08-19 11:44:59",79
"2018-08-19 12:45:00",79
"2018-08-19 13:45:00",79
"2018-08-19 14:44:59",79
"2018-08-19 15:45:01",79
"2018-08-19 16:44:59",79
"2018-08-19 17:45:00",79
"2018-08-19 18:45:01",79
"2018-08-19 19:45:00",79
"2018-08-19 20:45:02",79
"2018-08-19 21:45:02",79
"2018-08-19 22:45:00",79
"2018-08-19 23:45:03",79
"2018-08-20 00:45:01",79
"2018-08-20 01:45:01",79
"2018-08-20 02:45:00",79
"2018-08-20 03:44:59",79
"2018-08-20 04:45:00",79
"2018-08-20 05:44:59",79
"2018-08-20 06:45:00",79
"2018-08-20 07:44:59",79
"2018-08-20 08:45:04",79
"2018-08-20 09:44:59",79
"2018-08-20 10:45:00",79
"2018-08-20 11:45:00",79
"2018-08-20 12:44:59",79
"2018-08-20 13:45:06",79
"2018-08-20 14:45:05",79
"2018-08-20 15:45:03",79
"2018-08-20 16:45:02",79
"2018-08-20 17:45:00",79
"2018-08-20 18:45:01",79
"2018-08-20 19:45:01",79
"2018-08-20 20:45:00",79
"2018-08-20 21:44:59",79
"2018-08-20 22:45:00",79
"2018-08-20 23:44:59",79
"2018-08-21 00:45:01",79
"2018-08-21 01:45:01",79
"2018-08-21 02:45:01",79
"2018-08-21 03:45:01",79
"2018-08-21 04:45:00",79
"2018-08-21 05:44:59",79
"2018-08-21 06:45:00",79
"2018-08-21 07:44:59",79
"2018-08-21 08:45:00",79
"2018-08-21 09:44:59",79
"2018-08-21 10:45:01",79
"2018-08-21 11:44:59",79
"2018-08-21 12:45:00",79
"2018-08-21 13:45:06",79
"2018-08-21 14:45:02",79
"2018-08-21 15:45:01",79
"2018-08-21 16:45:00",79
"2018-08-21 17:44:59",78
"2018-08-21 18:45:00",78
"2018-08-21 19:45:01",78
"2018-08-21 20:45:00",78
"2018-08-21 21:44:58",78
"2018-08-21 22:44:59",78
"2018-08-21 23:45:00",78
"2018-08-22 00:44:59",78
"2018-08-22 01:45:00",78
"2018-08-22 02:45:00",78
"2018-08-22 03:45:00",78
"2018-08-22 04:45:00",78
"2018-08-22 05:44:59",78
"2018-08-22 06:44:59",78
"2018-08-22 07:44:59",78
"2018-08-22 08:44:58",78
"2018-08-22 09:44:59",78
"2018-08-22 10:44:59",78
"2018-08-22 11:44:59",78
"2018-08-22 12:44:58",78
"2018-08-22 13:45:07",78
"2018-08-22 14:45:00",78
"2018-08-22 15:45:00",77
"2018-08-22 16:45:00",77
"2018-08-22 17:44:59",77
"2018-08-22 18:45:00",77
"2018-08-22 19:45:00",77
"2018-08-22 20:44:57",77
"2018-08-22 21:44:58",77
"2018-08-22 22:44:59",77
"2018-08-22 23:44:59",77
"2018-08-23 00:45:00",77
"2018-08-23 01:45:00",77
"2018-08-23 02:44:59",77
"2018-08-23 03:45:00",77
"2018-08-23 04:45:00",77
"2018-08-23 05:44:59",77
"2018-08-23 06:44:58",77
"2018-08-23 07:44:59",77
"2018-08-23 08:44:59",77
"2018-08-23 09:44:58",77
"2018-08-23 10:44:58",77
"2018-08-23 11:44:59",77
"2018-08-23 12:44:59",77
"2018-08-23 13:45:06",77
"2018-08-23 14:45:00",77
"2018-08-23 15:45:01",78
"2018-08-23 16:45:01",78
"2018-08-23 17:44:59",78
"2018-08-23 18:45:01",78
"2018-08-23 19:45:01",78
"2018-08-23 20:45:01",78
"2018-08-23 21:44:58",78
"2018-08-23 22:44:59",78
"2018-08-23 23:44:59",78
"2018-08-24 00:45:00",78
"2018-08-24 01:45:00",78
"2018-08-24 02:44:59",78
"2018-08-24 03:44:59",78
"2018-08-24 20:03:20",78
"2018-08-24 20:45:00",78
"2018-08-24 21:45:00",78
"2018-08-24 22:44:59",78
"2018-08-24 23:44:59",78
"2018-08-25 00:45:00",78
"2018-08-25 01:44:59",78
"2018-08-25 02:45:00",78
"2018-08-25 03:45:00",78
"2018-08-25 04:44:59",78
"2018-08-25 05:44:59",78
"2018-08-25 06:44:59",78
"2018-08-25 07:44:58",78
"2018-08-25 08:44:59",78
"2018-08-25 09:44:58",78
"2018-08-25 10:45:00",78
"2018-08-25 11:44:58",78
"2018-08-25 12:44:59",78
"2018-08-25 13:45:01",78
"2018-08-25 14:45:01",78
"2018-08-25 15:45:00",78
"2018-08-25 16:44:59",78
"2018-08-25 17:45:01",78
"2018-08-25 18:45:00",78
"2018-08-25 19:44:59",78
"2018-08-25 20:45:00",78
"2018-08-25 21:45:00",78
"2018-08-25 22:45:00",78
"2018-08-25 23:44:59",78
"2018-08-26 00:45:00",78
"2018-08-26 01:44:59",78
"2018-08-26 02:45:01",78
"2018-08-26 03:44:59",78
"2018-08-26 04:44:59",78
"2018-08-26 05:44:58",78
"2018-08-26 06:44:59",78
"2018-08-26 07:44:59",78
"2018-08-26 08:44:58",78
"2018-08-26 09:44:58",78
"2018-08-26 10:44:59",78
"2018-08-26 11:44:59",78
"2018-08-26 12:45:00",78
"2018-08-26 13:44:59",78
"2018-08-26 14:44:58",78
"2018-08-26 15:44:58",78
"2018-08-26 16:44:59",78
"2018-08-26 17:44:59",78
"2018-08-26 18:44:59",78
"2018-08-26 19:45:00",78
"2018-08-26 20:45:00",78
"2018-08-26 21:44:58",78
"2018-08-26 22:45:00",78
"2018-08-26 23:44:59",78
"2018-08-27 00:45:00",78
"2018-08-27 01:45:00",78
"2018-08-27 02:44:59",78
"2018-08-27 03:44:59",78
"2018-08-27 04:44:59",78
"2018-08-27 05:45:00",78
"2018-08-27 06:44:59",78
"2018-08-27 07:44:58",78
"2018-08-27 08:45:00",78
"2018-08-27 09:44:58",78
"2018-08-27 10:44:59",78
"2018-08-27 11:44:58",78
"2018-08-27 12:44:59",78
"2018-08-27 14:09:06",78
"2018-08-27 14:45:02",78
"2018-08-27 15:45:01",78
"2018-08-27 16:45:02",78
"2018-08-27 17:45:01",78
"2018-08-27 18:45:00",78
"2018-08-27 19:45:02",78
"2018-08-27 20:45:00",78
"2018-08-27 21:44:59",78
"2018-08-27 22:45:00",78
"2018-08-27 23:44:59",78
"2018-08-28 00:45:00",78
"2018-08-28 01:45:00",78
"2018-08-28 02:44:59",78
"2018-08-28 03:44:59",78
"2018-08-28 04:45:01",78
"2018-08-28 05:44:59",78
"2018-08-28 06:45:00",78
"2018-08-28 07:44:59",78
"2018-08-28 08:44:58",78
"2018-08-28 09:44:59",78
"2018-08-28 10:45:00",78
"2018-08-28 11:45:00",78
"2018-08-28 12:44:59",78
"2018-08-28 13:45:18",78
"2018-08-28 14:45:12",77
"2018-08-28 15:45:14",77
"2018-08-28 16:45:14",77
"2018-08-28 17:45:14",77
"2018-08-28 18:45:16",77
"2018-08-28 19:45:13",77
"2018-08-28 20:45:13",77
"2018-08-28 21:45:12",77
"2018-08-28 22:45:13",77
"2018-08-28 23:45:12",77
"2018-08-29 00:45:14",77
"2018-08-29 01:45:14",77
"2018-08-29 02:45:12",77
"2018-08-29 03:45:12",77
"2018-08-29 04:45:13",77
"2018-08-29 05:45:12",77
"2018-08-29 06:45:11",77
"2018-08-29 07:45:12",77
"2018-08-29 08:45:12",77
"2018-08-29 09:45:11",77
"2018-08-29 10:45:10",77
"2018-08-29 11:45:09",77
"2018-08-29 12:45:12",77
"2018-08-29 14:08:52",77
"2018-08-29 14:45:16",77
"2018-08-29 15:45:14",77
"2018-08-29 16:45:13",77
"2018-08-29 17:45:16",78
"2018-08-29 18:45:17",77
"2018-08-29 19:45:14",77
"2018-08-29 20:45:12",77
"2018-08-29 21:45:12",77
"2018-08-29 22:45:11",77
"2018-08-29 23:45:12",77
"2018-08-30 00:45:58",77
"2018-08-30 01:45:57",77
"2018-08-30 02:45:13",77
"2018-08-30 03:45:13",77
"2018-08-30 04:45:12",77
"2018-08-30 05:45:12",77
"2018-08-30 06:45:12",77
"2018-08-30 07:45:12",77
"2018-08-30 08:45:16",77
"2018-08-30 09:45:12",77
"2018-08-30 10:45:12",77
"2018-08-30 11:45:12",77
"2018-08-30 12:45:11",77
"2018-08-30 13:45:22",77
"2018-08-30 14:45:14",77
"2018-08-30 15:45:12",77
"2018-08-30 16:45:14",77
"2018-08-30 17:45:13",77
"2018-08-30 18:45:15",77
"2018-08-30 19:45:14",77
"2018-08-30 20:45:10",77
"2018-08-30 21:45:12",77
"2018-08-30 22:45:11",77
"2018-08-30 23:45:12",77
"2018-08-31 00:45:17",77
"2018-08-31 01:45:13",77
"2018-08-31 02:45:12",77
"2018-08-31 03:45:12",77
"2018-08-31 04:45:12",77
"2018-08-31 05:45:13",77
"2018-08-31 06:45:13",77
"2018-08-31 07:45:12",77
"2018-08-31 08:45:12",77
"2018-08-31 09:45:12",77
"2018-08-31 10:45:11",77
"2018-08-31 11:45:13",77
"2018-08-31 12:45:13",77
"2018-08-31 13:45:18",77
"2018-08-31 14:45:13",77
"2018-08-31 15:45:14",77
"2018-08-31 16:45:12",77
"2018-08-31 17:45:14",77
"2018-08-31 18:45:14",77
"2018-08-31 19:45:14",77
"2018-08-31 20:45:13",77
"2018-08-31 21:45:11",77
"2018-08-31 22:45:12",77
"2018-08-31 23:45:11",77
"2018-09-01 00:45:13",77
"2018-09-01 01:45:13",77
"2018-09-01 02:45:13",77
"2018-09-01 03:45:12",77
"2018-09-01 04:45:14",77
"2018-09-01 05:45:13",77
"2018-09-01 06:45:13",77
"2018-09-01 07:45:13",77
"2018-09-01 08:45:12",77
"2018-09-01 09:45:12",77
"2018-09-01 10:45:12",77
"2018-09-01 11:45:12",77
"2018-09-01 12:45:13",77
"2018-09-01 13:45:14",77
"2018-09-01 14:45:16",77
"2018-09-01 15:45:12",77
"2018-09-01 16:45:12",77
"2018-09-01 17:45:11",77
"2018-09-01 18:45:13",77
"2018-09-01 19:45:12",77
"2018-09-01 20:45:11",77
"2018-09-01 21:45:12",77
"2018-09-01 22:45:13",77
"2018-09-01 23:45:12",77
"2018-09-02 00:45:13",77
"2018-09-02 01:45:13",77
"2018-09-02 02:45:12",77
"2018-09-02 03:45:14",77
"2018-09-02 04:45:13",77
"2018-09-02 05:45:12",77
"2018-09-02 06:45:12",77
"2018-09-02 07:45:11",77
"2018-09-02 08:45:12",77
"2018-09-02 09:45:11",77
"2018-09-02 10:45:11",77
"2018-09-02 11:45:12",77
"2018-09-02 12:45:12",77
"2018-09-02 13:45:13",77
"2018-09-02 14:45:14",77
"2018-09-02 15:45:13",77
"2018-09-02 16:45:13",77
"2018-09-02 17:45:13",77
"2018-09-02 18:45:11",77
"2018-09-02 19:45:12",77
"2018-09-02 20:45:12",77
"2018-09-02 21:45:13",77
"2018-09-02 22:45:13",77
"2018-09-02 23:45:13",77
"2018-09-03 00:45:12",77
"2018-09-03 01:45:13",77
"2018-09-03 02:45:14",77
"2018-09-03 03:45:12",77
"2018-09-03 04:45:12",77
"2018-09-03 05:45:12",77
"2018-09-03 06:45:12",77
"2018-09-03 07:45:12",77
"2018-09-03 08:45:15",77
"2018-09-03 09:45:12",77
"2018-09-03 10:45:11",77
"2018-09-03 11:45:13",77
"2018-09-03 12:45:11",77
"2018-09-03 13:45:13",77
"2018-09-03 14:45:11",77
"2018-09-03 15:45:11",77
"2018-09-03 16:45:12",77
"2018-09-03 17:45:12",77
"2018-09-03 18:45:13",77
"2018-09-03 19:45:11",77
"2018-09-03 20:45:13",77
"2018-09-03 21:45:11",77
"2018-09-03 22:45:12",77
"2018-09-03 23:45:10",77
"2018-09-04 00:45:12",77
"2018-09-04 01:45:12",77
"2018-09-04 02:45:13",77
"2018-09-04 03:45:13",77
"2018-09-04 04:45:12",77
"2018-09-04 05:45:12",77
"2018-09-04 06:45:12",77
"2018-09-04 07:45:13",77
"2018-09-04 08:45:13",77
"2018-09-04 09:45:11",77
"2018-09-04 10:45:13",77
"2018-09-04 11:45:11",77
"2018-09-04 12:45:12",77
"2018-09-04 13:45:21",77
"2018-09-04 14:45:14",77
"2018-09-04 15:45:14",77
"2018-09-04 16:45:17",77
"2018-09-04 17:45:14",77
"2018-09-04 18:45:16",77
"2018-09-04 19:45:16",77
"2018-09-04 20:45:14",77
"2018-09-04 21:45:12",77
"2018-09-04 22:45:13",77
"2018-09-04 23:45:12",77
"2018-09-05 00:45:13",77
"2018-09-05 01:45:13",77
"2018-09-05 02:45:13",77
"2018-09-05 03:45:11",77
"2018-09-05 04:45:12",77
"2018-09-05 05:45:12",77
"2018-09-05 06:45:11",77
"2018-09-05 07:45:13",77
"2018-09-05 08:45:12",77
"2018-09-05 09:45:12",77
"2018-09-05 10:45:11",77
"2018-09-05 11:45:15",77
"2018-09-05 12:45:11",77
"2018-09-05 13:45:25",77
"2018-09-05 14:45:19",77
"2018-09-05 15:45:14",77
"2018-09-05 16:45:14",77
"2018-09-05 17:45:15",77
"2018-09-05 18:45:16",77
"2018-09-05 19:45:14",77
"2018-09-05 20:45:12",77
"2018-09-05 21:45:11",77
"2018-09-05 22:45:11",77
"2018-09-05 23:45:13",77
"2018-09-06 00:45:13",77
"2018-09-06 01:45:12",77
"2018-09-06 02:45:13",77
"2018-09-06 03:45:13",77
"2018-09-06 04:45:14",77
"2018-09-06 05:45:14",77
"2018-09-06 06:45:12",77
"2018-09-06 07:45:11",77
"2018-09-06 08:45:12",77
"2018-09-06 09:45:12",77
"2018-09-06 10:45:11",77
"2018-09-06 11:45:13",77
"2018-09-06 13:10:16",77
"2018-09-06 13:45:21",77
"2018-09-06 14:45:14",77
"2018-09-06 15:45:14",77
"2018-09-06 16:45:14",77
"2018-09-06 17:45:13",77
"2018-09-06 18:45:13",77
"2018-09-06 19:45:13",77
"2018-09-06 20:45:11",77
"2018-09-06 21:45:11",77
"2018-09-06 22:45:11",77
"2018-09-06 23:45:13",77
"2018-09-07 00:45:12",77
"2018-09-07 01:45:13",77
"2018-09-07 02:45:13",77
"2018-09-07 03:45:12",77
"2018-09-07 04:45:12",77
"2018-09-07 05:45:17",77
"2018-09-07 06:45:17",77
"2018-09-07 08:45:16",77
"2018-09-07 09:45:16",77
"2018-09-07 10:45:16",77
"2018-09-07 11:45:14",77
"2018-09-07 12:45:12",78
"2018-09-07 13:45:23",78
"2018-09-07 14:45:13",78
"2018-09-07 15:45:15",78
"2018-09-07 16:45:15",78
"2018-09-07 17:45:14",78
"2018-09-07 18:45:18",78
"2018-09-07 19:45:13",78
"2018-09-07 20:45:12",78
"2018-09-07 21:45:11",78
"2018-09-07 22:45:11",78
"2018-09-07 23:45:12",78
"2018-09-08 00:45:12",78
"2018-09-08 01:45:12",78
"2018-09-08 02:45:13",78
"2018-09-08 03:45:13",78
"2018-09-08 04:45:12",78
"2018-09-08 05:45:12",78
"2018-09-08 06:45:12",78
"2018-09-08 07:45:11",78
"2018-09-08 08:45:11",78
"2018-09-08 09:45:11",78
"2018-09-08 10:45:10",78
"2018-09-08 11:45:12",78
"2018-09-08 12:45:12",78
"2018-09-08 13:45:13",78
"2018-09-08 14:45:11",78
"2018-09-08 15:45:13",78
"2018-09-08 16:45:12",78
"2018-09-08 17:45:12",78
"2018-09-08 18:45:12",78
"2018-09-08 19:45:13",78
"2018-09-08 20:45:12",78
"2018-09-08 21:45:12",78
"2018-09-08 22:45:12",78
"2018-09-08 23:45:14",78
"2018-09-09 00:45:11",78
"2018-09-09 01:45:14",78
"2018-09-09 02:45:13",78
"2018-09-09 03:45:12",78
"2018-09-09 04:45:12",78
"2018-09-09 05:45:11",78
"2018-09-09 06:45:12",78
"2018-09-09 07:45:12",78
"2018-09-09 08:45:13",78
"2018-09-09 09:45:12",78
"2018-09-09 10:45:12",78
"2018-09-09 11:45:13",78
"2018-09-09 12:45:12",78
"2018-09-09 13:45:13",78
"2018-09-09 14:45:13",78
"2018-09-09 15:45:12",78
"2018-09-09 16:45:12",78
"2018-09-09 17:45:12",78
"2018-09-09 18:45:13",78
"2018-09-09 19:45:12",78
"2018-09-09 20:45:11",78
"2018-09-09 21:45:12",78
"2018-09-09 22:45:12",78
"2018-09-09 23:45:12",78
"2018-09-10 00:45:13",78
"2018-09-10 01:45:14",78
"2018-09-10 02:45:14",78
"2018-09-10 03:45:13",78
"2018-09-10 04:45:13",78
"2018-09-10 05:45:11",78
"2018-09-10 06:45:11",78
"2018-09-10 07:45:11",78
"2018-09-10 08:45:11",78
"2018-09-10 09:45:12",78
"2018-09-10 10:45:12",78
"2018-09-10 11:45:12",78
"2018-09-10 12:45:12",78
"2018-09-10 13:45:18",78
"2018-09-10 14:45:14",78
"2018-09-10 15:45:15",78
"2018-09-10 16:45:16",78
"2018-09-10 17:45:13",78
"2018-09-10 18:45:16",77
"2018-09-10 19:45:13",77
"2018-09-10 20:45:12",77
"2018-09-10 21:45:10",77
"2018-09-10 22:45:12",77
"2018-09-10 23:45:12",77
"2018-09-11 00:45:13",77
"2018-09-11 01:45:13",77
"2018-09-11 02:45:14",77
"2018-09-11 03:45:13",77
"2018-09-11 04:45:12",77
"2018-09-11 05:45:14",77
"2018-09-11 06:45:13",77
"2018-09-11 07:45:12",77
"2018-09-11 08:45:12",77
"2018-09-11 09:45:12",77
"2018-09-11 10:45:12",77
"2018-09-11 11:45:11",77
"2018-09-11 12:45:12",77
"2018-09-11 13:45:19",77
"2018-09-11 14:45:14",76
"2018-09-11 15:45:14",76
"2018-09-11 16:45:13",76
"2018-09-11 17:45:13",76
"2018-09-11 18:45:15",76
"2018-09-11 19:45:14",76
"2018-09-11 20:45:11",76
"2018-09-11 21:45:11",76
"2018-09-11 22:45:11",76
"2018-09-11 23:45:12",76
"2018-09-12 00:45:13",76
"2018-09-12 01:45:15",76
"2018-09-12 20:45:17",76
"2018-09-12 21:45:12",76
"2018-09-12 22:45:11",76
"2018-09-12 23:45:11",76
"2018-09-13 00:45:12",76
"2018-09-13 01:45:13",76
"2018-09-13 02:45:17",76
"2018-09-13 03:45:12",76
"2018-09-13 04:45:12",76
"2018-09-13 05:45:13",76
"2018-09-13 06:45:20",76
"2018-09-13 07:45:12",76
"2018-09-13 08:45:12",76
"2018-09-13 09:45:11",76
"2018-09-13 10:45:12",76
"2018-09-13 11:45:11",76
"2018-09-13 12:45:12",76
"2018-09-13 14:45:16",76
"2018-09-13 15:45:16",76
"2018-09-13 16:45:20",76
"2018-09-13 17:45:14",76
"2018-09-13 18:45:15",76
"2018-09-13 19:45:14",76
"2018-09-13 20:45:13",76
"2018-09-13 21:45:12",76
"2018-09-13 22:45:12",76
"2018-09-13 23:45:12",76
"2018-09-14 00:45:13",76
"2018-09-14 01:45:12",76
"2018-09-14 02:45:13",76
"2018-09-14 03:45:13",76
"2018-09-14 04:45:13",76
"2018-09-14 05:45:12",76
"2018-09-14 06:45:11",76
"2018-09-14 07:45:20",76
"2018-09-14 08:45:16",76
"2018-09-14 09:45:14",76
"2018-09-14 10:45:12",76
"2018-09-14 11:45:11",76
"2018-09-14 12:45:17",76
"2018-09-14 13:45:23",76
"2018-09-14 14:45:18",76
"2018-09-14 15:45:21",77
"2018-09-14 16:45:16",77
"2018-09-14 17:45:17",77
"2018-09-14 18:45:15",77
"2018-09-14 19:45:15",77
"2018-09-14 20:45:13",77
"2018-09-14 21:45:12",77
"2018-09-14 22:45:13",77
"2018-09-14 23:45:13",77
"2018-09-15 00:45:14",77
"2018-09-15 01:45:14",77
"2018-09-15 02:45:14",77
"2018-09-15 03:45:13",77
"2018-09-15 04:45:12",77
"2018-09-15 05:45:13",77
"2018-09-15 06:45:12",77
"2018-09-15 07:45:13",77
"2018-09-15 08:45:12",77
"2018-09-15 09:45:13",77
"2018-09-15 10:45:12",77
"2018-09-15 11:45:12",77
"2018-09-15 12:45:14",77
"2018-09-15 13:45:14",77
"2018-09-15 14:45:12",77
"2018-09-15 15:45:13",77
"2018-09-15 16:45:13",77
"2018-09-15 17:45:12",77
"2018-09-15 18:45:12",77
"2018-09-15 19:45:13",77
"2018-09-15 20:45:13",77
"2018-09-15 21:45:12",77
"2018-09-15 22:45:12",77
"2018-09-15 23:45:11",77
"2018-09-16 00:45:12",77
"2018-09-16 01:45:13",77
"2018-09-16 02:45:14",77
"2018-09-16 03:45:13",77
"2018-09-16 04:45:14",77
"2018-09-16 05:45:12",77
"2018-09-16 06:45:13",77
"2018-09-16 07:45:12",77
"2018-09-16 08:45:13",77
"2018-09-16 09:45:13",77
"2018-09-16 10:45:12",77
"2018-09-16 11:45:12",77
"2018-09-16 12:45:13",77
"2018-09-16 13:45:13",77
"2018-09-16 14:45:13",77
"2018-09-16 15:45:13",77
"2018-09-16 16:45:14",77
"2018-09-16 17:45:13",77
"2018-09-16 18:45:13",77
"2018-09-16 19:45:12",77
"2018-09-16 20:45:13",77
"2018-09-16 21:45:13",77
"2018-09-16 22:45:13",77
"2018-09-16 23:45:13",77
"2018-09-17 00:45:14",77
"2018-09-17 01:45:14",77
"2018-09-17 02:45:13",77
"2018-09-17 03:45:13",77
"2018-09-17 04:45:13",77
"2018-09-17 05:45:12",77
"2018-09-17 06:45:12",77
"2018-09-17 07:45:13",77
"2018-09-17 08:45:13",77
"2018-09-17 09:45:13",77
"2018-09-17 10:45:13",77
"2018-09-17 11:45:13",77
"2018-09-17 12:45:12",77
"2018-09-17 13:45:21",78
"2018-09-17 14:45:15",77
"2018-09-17 15:45:21",78
"2018-09-17 16:45:16",78
"2018-09-17 17:45:13",78
"2018-09-17 18:45:13",78
"2018-09-17 19:45:15",78
"2018-09-17 20:45:13",78
"2018-09-17 21:45:13",78
"2018-09-17 22:45:12",78
"2018-09-17 23:45:12",78
"2018-09-18 00:45:13",78
"2018-09-18 01:45:13",78
"2018-09-18 02:45:13",78
"2018-09-18 03:45:13",78
"2018-09-18 04:45:14",78
"2018-09-18 05:45:13",78
"2018-09-18 06:45:13",78
"2018-09-18 07:45:12",78
"2018-09-18 08:45:13",78
"2018-09-18 09:45:12",78
"2018-09-18 10:45:12",78
"2018-09-18 11:45:11",78
"2018-09-18 12:45:13",78
"2018-09-18 13:45:18",78
"2018-09-18 14:45:17",78
"2018-09-18 15:45:13",78
"2018-09-18 16:45:15",78
"2018-09-18 17:45:16",78
"2018-09-18 18:45:20",78
"2018-09-18 19:45:19",78
"2018-09-18 20:45:13",78
"2018-09-18 21:45:12",78
"2018-09-18 22:45:12",78
"2018-09-18 23:45:13",78
"2018-09-19 00:45:15",78
"2018-09-19 01:45:14",78
"2018-09-19 02:45:15",78
"2018-09-19 03:45:14",78
"2018-09-19 04:45:13",78
"2018-09-19 05:45:13",78
"2018-09-19 06:45:14",78
"2018-09-19 07:45:13",78
"2018-09-19 08:45:13",78
"2018-09-19 09:45:13",78
"2018-09-19 10:45:12",78
"2018-09-19 11:45:12",78
"2018-09-19 12:45:13",78
"2018-09-19 13:46:28",78
"2018-09-19 14:45:21",78
"2018-09-19 15:45:20",78
"2018-09-19 16:45:15",78
"2018-09-19 17:45:15",78
"2018-09-19 18:45:14",78
"2018-09-19 19:45:25",78
"2018-09-19 20:45:13",78
"2018-09-19 21:45:14",78
"2018-09-19 22:45:12",78
"2018-09-19 23:45:13",78
"2018-09-20 00:45:13",78
"2018-09-20 01:45:18",78
"2018-09-20 02:45:16",78
"2018-09-20 03:45:18",78
"2018-09-20 04:45:14",78
"2018-09-20 05:45:14",78
"2018-09-20 06:45:14",78
"2018-09-20 07:45:12",78
"2018-09-20 08:45:18",78
"2018-09-20 09:45:58",78
"2018-09-20 10:45:13",78
"2018-09-20 11:45:13",78
"2018-09-20 13:11:20",78
"2018-09-20 14:45:22",78
"2018-09-20 15:45:17",78
"2018-09-20 16:45:15",78
"2018-09-20 17:45:15",78
"2018-09-20 18:45:14",78
"2018-09-20 19:45:16",78
"2018-09-20 20:45:15",78
"2018-09-20 21:45:13",78
"2018-09-20 22:45:12",78
"2018-09-20 23:45:13",78
"2018-09-21 00:45:15",78
"2018-09-21 01:45:14",78
"2018-09-21 02:45:14",78
"2018-09-21 03:45:13",78
"2018-09-21 04:45:16",78
"2018-09-21 06:45:13",78
"2018-09-21 07:45:44",78
"2018-09-21 08:45:14",78
"2018-09-21 09:45:14",78
"2018-09-21 10:45:12",78
"2018-09-21 11:45:14",78
"2018-09-21 13:12:48",78
"2018-09-21 13:45:24",78
"2018-09-21 14:45:16",78
"2018-09-21 15:45:17",78
"2018-09-21 16:45:17",78
"2018-09-21 17:45:17",78
"2018-09-21 18:45:46",79
"2018-09-21 19:45:17",79
"2018-09-21 20:45:13",79
"2018-09-21 21:45:13",79
"2018-09-21 22:45:11",79
"2018-09-21 23:45:13",79
"2018-09-22 00:45:13",79
"2018-09-22 01:45:13",79
"2018-09-22 02:45:12",79
"2018-09-22 03:45:13",79
"2018-09-22 04:45:14",79
"2018-09-22 05:45:13",79
"2018-09-22 06:45:13",79
"2018-09-22 07:45:13",79
"2018-09-22 08:45:12",79
"2018-09-22 09:45:12",79
"2018-09-22 10:45:13",79
"2018-09-22 11:45:13",79
"2018-09-22 12:45:12",79
"2018-09-22 13:45:14",79
"2018-09-22 14:45:15",79
"2018-09-22 15:45:14",79
"2018-09-22 16:45:14",79
"2018-09-22 17:45:14",79
"2018-09-22 18:45:13",79
"2018-09-22 19:45:14",79
"2018-09-22 20:45:13",79
"2018-09-22 21:45:12",79
"2018-09-22 22:45:13",79
"2018-09-22 23:45:13",79
"2018-09-23 00:45:44",79
"2018-09-23 01:45:13",79
"2018-09-23 02:45:13",79
"2018-09-23 03:45:15",79
"2018-09-23 04:45:15",79
"2018-09-23 05:45:13",79
"2018-09-23 06:45:12",79
"2018-09-23 07:45:14",79
"2018-09-23 08:45:12",79
"2018-09-23 09:45:13",79
"2018-09-23 10:45:13",79
"2018-09-23 11:45:14",79
"2018-09-23 12:45:12",79
"2018-09-23 13:45:13",79
"2018-09-23 14:45:14",79
"2018-09-23 15:45:13",79
"2018-09-23 16:45:14",79
"2018-09-23 17:45:13",79
"2018-09-23 18:45:13",79
"2018-09-23 19:45:13",79
"2018-09-23 20:45:12",79
"2018-09-23 21:45:14",79
"2018-09-23 22:45:13",79
"2018-09-23 23:45:14",79
"2018-09-24 00:45:13",79
"2018-09-24 01:45:15",79
"2018-09-24 02:45:13",79
"2018-09-24 03:45:13",79
"2018-09-24 04:45:15",79
"2018-09-24 05:45:13",79
"2018-09-24 06:45:12",79
"2018-09-24 07:45:14",79
"2018-09-24 08:45:13",79
"2018-09-24 09:45:12",79
"2018-09-24 10:45:12",79
"2018-09-24 11:45:14",79
"2018-09-24 12:45:14",79
"2018-09-24 13:45:24",79
"2018-09-24 14:45:16",78
"2018-09-24 15:45:15",78
"2018-09-24 16:45:15",78
"2018-09-24 17:45:15",78
"2018-09-24 18:45:16",78
"2018-09-24 19:45:16",78
"2018-09-24 20:45:15",78
"2018-09-24 21:45:14",78
"2018-09-24 22:45:14",78
"2018-09-24 23:45:15",78
"2018-09-25 00:45:15",78
"2018-09-25 01:45:13",78
"2018-09-25 02:45:13",78
"2018-09-25 03:45:14",78
"2018-09-25 04:45:17",78
"2018-09-25 05:45:14",78
"2018-09-25 06:45:15",78
"2018-09-25 07:45:14",78
"2018-09-25 08:45:14",78
"2018-09-25 09:45:13",78
"2018-09-25 10:45:13",78
"2018-09-25 11:45:14",78
"2018-09-25 12:45:14",78
"2018-09-25 13:45:22",78
"2018-09-25 14:45:19",78
"2018-09-25 15:45:16",78
"2018-09-25 16:45:17",78
"2018-09-25 17:45:15",78
"2018-09-25 18:45:18",78
"2018-09-25 19:45:16",78
"2018-09-25 20:45:15",78
"2018-09-25 21:45:15",78
"2018-09-25 22:45:15",78
"2018-09-25 23:45:15",78
"2018-09-26 00:45:18",78
"2018-09-26 01:45:20",78
"2018-09-26 02:45:19",78
"2018-09-26 03:45:19",78
"2018-09-26 04:45:16",78
"2018-09-26 05:45:16",78
"2018-09-26 06:45:15",78
"2018-09-26 07:45:15",78
"2018-09-26 08:45:16",78
"2018-09-26 09:45:15",78
"2018-09-26 10:45:14",78
"2018-09-26 11:45:14",78
"2018-09-26 13:11:51",78
"2018-09-26 13:45:24",78
"2018-09-26 14:45:16",78
"2018-09-26 15:45:17",78
"2018-09-26 16:45:18",78
"2018-09-26 17:45:16",78
"2018-09-26 18:45:18",78
"2018-09-26 19:45:16",78
"2018-09-26 20:45:15",78
"2018-09-26 21:45:15",78
"2018-09-26 22:45:14",78
"2018-09-26 23:45:16",78
"2018-09-27 00:45:17",78
"2018-09-27 01:45:15",78
"2018-09-27 02:45:17",78
"2018-09-27 03:45:15",78
"2018-09-27 04:45:15",78
"2018-09-27 05:45:15",78
"2018-09-27 06:45:15",78
"2018-09-27 07:45:15",78
"2018-09-27 08:45:14",78
"2018-09-27 09:45:15",78
"2018-09-27 10:45:15",78
"2018-09-27 11:45:14",78
"2018-09-27 12:45:15",78
"2018-09-27 13:45:21",78
"2018-09-27 14:45:17",78
"2018-09-27 15:45:17",78
"2018-09-27 17:11:00",78
"2018-09-27 17:45:18",78
"2018-09-27 18:45:22",78
"2018-09-27 19:45:19",78
"2018-09-27 20:45:18",78
"2018-09-27 21:45:16",78
"2018-09-27 22:45:15",78
"2018-09-27 23:45:17",78
"2018-09-28 00:45:19",78
"2018-09-28 01:45:16",78
"2018-09-28 02:45:15",78
"2018-09-28 03:45:17",78
"2018-09-28 04:45:15",78
"2018-09-28 05:45:15",78
"2018-09-28 06:45:17",78
"2018-09-28 07:45:17",78
"2018-09-28 08:45:15",78
"2018-09-28 09:45:18",78
"2018-09-28 10:45:17",78
"2018-09-28 11:45:16",78
"2018-09-28 12:45:16",78
"2018-09-28 13:45:23",78
"2018-09-28 14:45:19",78
"2018-09-28 15:45:24",78
"2018-09-28 16:45:20",78
"2018-09-28 17:45:21",79
"2018-09-28 18:45:21",79
"2018-09-28 19:45:21",79
"2018-09-28 20:45:17",79
"2018-09-28 21:45:16",79
"2018-09-28 22:45:16",79
"2018-09-28 23:45:13",79
"2018-09-29 00:45:14",79
"2018-09-29 01:45:21",79
"2018-09-29 02:45:22",79
"2018-09-29 03:45:16",79
"2018-09-29 04:45:14",79
"2018-09-29 05:45:14",79
"2018-09-29 06:45:13",79
"2018-09-29 07:45:15",79
"2018-09-29 08:45:15",79
"2018-09-29 09:45:14",79
"2018-09-29 10:45:15",79
"2018-09-29 11:45:16",79
"2018-09-29 12:45:15",79
"2018-09-29 13:45:16",79
"2018-09-29 14:45:15",79
"2018-09-29 15:45:16",79
"2018-09-29 16:45:14",79
"2018-09-29 17:45:15",79
"2018-09-29 18:45:16",79
"2018-09-29 19:45:15",79
"2018-09-29 20:45:16",79
"2018-09-29 21:45:16",79
"2018-09-29 22:45:14",79
"2018-09-29 23:45:14",79
"2018-09-30 00:45:15",79
"2018-09-30 01:45:15",79
"2018-09-30 02:45:13",79
"2018-09-30 03:45:15",79
"2018-09-30 04:45:14",79
"2018-09-30 05:45:12",79
"2018-09-30 06:45:13",79
"2018-09-30 07:45:13",79
"2018-09-30 08:45:13",79
"2018-09-30 09:45:12",79
"2018-09-30 10:45:13",79
"2018-09-30 11:45:13",79
"2018-09-30 12:45:14",79
"2018-09-30 13:45:14",79
"2018-09-30 14:45:12",79
"2018-09-30 15:45:13",79
"2018-09-30 16:45:14",79
"2018-09-30 17:45:13",79
"2018-09-30 18:45:13",79
"2018-09-30 19:45:14",79
"2018-09-30 20:45:13",79
"2018-09-30 21:45:12",79
"2018-09-30 22:45:15",79
"2018-09-30 23:45:16",79
"2018-10-01 00:45:17",79
"2018-10-01 01:45:15",79
"2018-10-01 02:45:17",79
"2018-10-01 03:45:16",79
"2018-10-01 04:45:15",79
"2018-10-01 05:45:16",79
"2018-10-01 06:45:15",79
"2018-10-01 07:45:14",79
"2018-10-01 08:45:16",79
"2018-10-01 09:45:13",79
"2018-10-01 10:45:13",79
"2018-10-01 11:45:14",79
"2018-10-01 12:45:15",79
"2018-10-01 14:10:33",79
"2018-10-01 14:45:20",79
"2018-10-01 15:45:16",79
"2018-10-01 16:45:17",79
"2018-10-01 17:45:21",79
"2018-10-01 18:45:16",79
"2018-10-01 19:45:19",77
"2018-10-01 20:45:15",77
"2018-10-01 21:45:15",77
"2018-10-01 22:45:14",77
"2018-10-01 23:45:17",77
"2018-10-02 00:45:21",77
"2018-10-02 01:45:16",77
"2018-10-02 02:45:16",77
"2018-10-02 03:45:16",77
"2018-10-02 04:45:16",77
"2018-10-02 05:45:14",77
"2018-10-02 06:45:15",77
"2018-10-02 07:45:16",77
"2018-10-02 08:45:14",77
"2018-10-02 09:45:15",77
"2018-10-02 10:45:14",77
"2018-10-02 11:45:16",77
"2018-10-02 12:45:15",77
"2018-10-02 13:45:21",77
"2018-10-02 14:45:49",77
"2018-10-02 15:45:18",77
"2018-10-02 16:45:17",77
"2018-10-02 17:45:17",77
"2018-10-02 18:45:17",77
"2018-10-02 19:45:17",77
"2018-10-02 20:45:16",77
"2018-10-02 21:45:16",77
"2018-10-02 22:45:15",77
"2018-10-02 23:45:15",77
"2018-10-03 00:45:15",77
"2018-10-03 01:45:14",77
"2018-10-03 02:45:47",77
"2018-10-03 03:45:17",77
"2018-10-03 04:45:20",77
"2018-10-03 05:45:18",77
"2018-10-03 06:45:15",77
"2018-10-03 07:45:18",77
"2018-10-03 08:45:17",77
"2018-10-03 09:45:18",77
"2018-10-03 10:45:17",78
"2018-10-03 11:45:18",78
"2018-10-03 12:45:17",78
"2018-10-03 13:46:32",78
"2018-10-03 15:10:25",79
"2018-10-03 15:45:18",79
"2018-10-03 16:45:19",79
"2018-10-03 17:45:18",79
"2018-10-03 18:45:18",79
"2018-10-03 19:45:16",79
"2018-10-03 20:45:15",79
"2018-10-03 21:45:16",79
"2018-10-03 22:45:16",79
"2018-10-03 23:45:15",79
"2018-10-04 00:46:34",79
"2018-10-04 01:45:17",79
"2018-10-04 02:45:15",79
"2018-10-04 03:45:13",79
"2018-10-04 04:45:14",79
"2018-10-04 05:45:15",79
"2018-10-04 06:45:13",79
"2018-10-04 07:45:15",79
"2018-10-04 08:45:13",79
"2018-10-04 09:45:14",79
"2018-10-04 10:45:15",79
"2018-10-04 11:45:13",79
"2018-10-04 12:45:15",79
"2018-10-04 14:11:27",79
"2018-10-04 14:45:17",79
"2018-10-04 15:45:15",79
"2018-10-04 16:45:19",79
"2018-10-04 17:45:19",79
"2018-10-04 18:45:17",79
"2018-10-04 19:45:18",79
"2018-10-04 20:45:15",79
"2018-10-04 21:45:15",79
"2018-10-04 22:45:15",79
"2018-10-04 23:45:14",79
"2018-10-05 00:45:15",79
"2018-10-05 01:45:16",79
"2018-10-05 02:45:15",79
"2018-10-05 03:45:16",79
"2018-10-05 04:45:16",79
"2018-10-05 05:45:17",79
"2018-10-05 06:45:15",79
"2018-10-05 07:45:15",79
"2018-10-05 08:45:14",79
"2018-10-05 09:45:15",79
"2018-10-05 10:45:15",79
"2018-10-05 11:45:15",79
"2018-10-05 12:45:15",79
"2018-10-05 13:45:24",79
"2018-10-05 14:45:18",79
"2018-10-05 15:45:19",79
"2018-10-05 16:45:22",79
"2018-10-05 17:45:22",78
"2018-10-05 18:45:21",78
"2018-10-05 19:45:18",78
"2018-10-05 20:45:16",78
"2018-10-05 21:45:15",78
"2018-10-05 22:45:16",77
"2018-10-05 23:45:15",77
"2018-10-06 00:45:17",77
"2018-10-06 01:45:17",77
"2018-10-06 02:45:18",77
"2018-10-06 03:45:17",77
"2018-10-06 04:45:17",77
"2018-10-06 05:45:16",77
"2018-10-06 06:45:17",77
"2018-10-06 07:45:17",77
"2018-10-06 08:45:16",77
"2018-10-06 09:45:16",77
"2018-10-06 10:45:17",77
"2018-10-06 11:45:15",77
"2018-10-06 12:45:16",77
"2018-10-06 13:45:15",77
"2018-10-06 14:45:17",77
"2018-10-06 15:45:17",77
"2018-10-06 16:45:16",77
"2018-10-06 17:45:16",77
"2018-10-06 18:45:16",77
"2018-10-06 19:45:18",77
"2018-10-06 20:45:16",77
"2018-10-06 21:45:47",77
"2018-10-06 22:45:16",77
"2018-10-06 23:45:16",77
"2018-10-07 00:45:16",77
"2018-10-07 01:45:16",77
"2018-10-07 02:45:17",77
"2018-10-07 03:45:17",77
"2018-10-07 04:45:16",77
"2018-10-07 05:45:17",77
"2018-10-07 06:45:17",77
"2018-10-07 07:45:18",77
"2018-10-07 08:45:15",77
"2018-10-07 09:45:15",77
"2018-10-07 10:45:16",77
"2018-10-07 11:45:15",77
"2018-10-07 12:45:16",77
"2018-10-07 13:45:17",77
"2018-10-07 14:45:18",77
"2018-10-07 15:45:17",77
"2018-10-07 16:45:17",77
"2018-10-07 17:45:17",77
"2018-10-07 18:45:17",77
"2018-10-07 19:45:17",77
"2018-10-07 20:45:17",77
"2018-10-07 21:45:17",77
"2018-10-07 22:45:17",77
"2018-10-07 23:45:17",77
"2018-10-08 00:45:15",77
"2018-10-08 01:45:15",77
"2018-10-08 02:45:18",77
"2018-10-08 03:45:16",77
"2018-10-08 04:45:15",77
"2018-10-08 05:45:15",77
"2018-10-08 06:45:17",77
"2018-10-08 07:45:15",77
"2018-10-08 08:45:15",77
"2018-10-08 09:45:15",77
"2018-10-08 10:45:14",77
"2018-10-08 11:45:14",77
"2018-10-08 12:45:15",77
"2018-10-08 13:45:29",77
"2018-10-08 14:45:21",77
"2018-10-08 15:45:50",77
"2018-10-08 16:45:20",77
"2018-10-08 17:45:19",77
"2018-10-08 18:45:18",77
"2018-10-08 19:45:18",77
"2018-10-08 20:45:15",77
"2018-10-08 21:45:16",77
"2018-10-08 22:45:14",77
"2018-10-08 23:45:18",77
"2018-10-09 00:45:15",77
"2018-10-09 01:45:46",77
"2018-10-09 02:45:15",77
"2018-10-09 03:45:20",77
"2018-10-09 04:45:14",77
"2018-10-09 05:45:15",77
"2018-10-09 06:45:14",77
"2018-10-09 07:45:14",77
"2018-10-09 08:45:13",77
"2018-10-09 09:45:13",77
"2018-10-09 10:45:14",77
"2018-10-09 11:45:15",77
"2018-10-09 12:45:15",77
"2018-10-09 13:45:24",77
"2018-10-09 14:45:21",77
"2018-10-09 15:45:19",78
"2018-10-09 16:45:15",78
"2018-10-09 17:45:16",78
"2018-10-09 18:45:16",78
"2018-10-09 19:45:14",78
"2018-10-09 21:45:13",78
"2018-10-09 22:45:16",78
"2018-10-09 23:45:14",78
"2018-10-10 00:45:14",78
"2018-10-10 01:45:15",78
"2018-10-10 02:45:16",78
"2018-10-10 03:45:23",78
"2018-10-10 04:45:16",78
"2018-10-10 05:45:15",78
"2018-10-10 06:45:14",78
"2018-10-10 07:45:15",78
"2018-10-10 08:45:16",78
"2018-10-10 09:45:15",78
"2018-10-10 10:45:14",78
"2018-10-10 11:45:13",78
"2018-10-10 12:45:14",78
"2018-10-10 13:45:22",78
"2018-10-10 14:45:20",78
"2018-10-10 15:45:21",77
"2018-10-10 16:45:16",78
"2018-10-10 17:45:16",78
"2018-10-10 18:45:23",79
"2018-10-10 19:45:24",79
"2018-10-10 20:45:18",77
"2018-10-10 21:45:15",77
"2018-10-10 22:45:16",77
"2018-10-10 23:45:16",77
"2018-10-11 00:45:18",77
"2018-10-11 01:45:16",77
"2018-10-11 02:45:14",77
"2018-10-11 03:45:14",77
"2018-10-11 04:45:13",77
"2018-10-11 05:45:13",77
"2018-10-11 06:45:14",77
"2018-10-11 07:45:13",77
"2018-10-11 08:45:15",77
"2018-10-11 09:45:15",77
"2018-10-11 10:45:15",77
"2018-10-11 11:45:13",77
"2018-10-11 12:45:13",77
"2018-10-11 13:45:23",77
"2018-10-11 14:45:14",77
"2018-10-11 15:45:17",77
"2018-10-11 16:45:19",78
"2018-10-11 17:45:17",78
"2018-10-11 18:45:22",78
"2018-10-11 19:45:18",78
"2018-10-11 20:45:16",78
"2018-10-11 21:45:16",78
"2018-10-11 22:45:14",78
"2018-10-11 23:45:17",78
"2018-10-12 00:45:14",78
"2018-10-12 01:45:15",78
"2018-10-12 02:45:17",78
"2018-10-12 03:45:14",78
"2018-10-12 04:45:16",78
"2018-10-12 05:45:14",78
"2018-10-12 06:45:13",78
"2018-10-12 07:45:14",78
"2018-10-12 08:45:14",78
"2018-10-12 09:45:15",78
"2018-10-12 10:45:14",78
"2018-10-12 11:45:15",78
"2018-10-12 12:45:16",78
"2018-10-12 13:45:24",78
"2018-10-12 14:45:16",78
"2018-10-12 15:45:19",78
"2018-10-12 16:45:20",78
"2018-10-12 17:45:15",80
"2018-10-12 18:45:14",80
"2018-10-12 19:45:17",80
"2018-10-12 20:45:14",80
"2018-10-12 21:45:15",80
"2018-10-12 22:45:14",80
"2018-10-12 23:45:14",80
"2018-10-13 00:45:15",80
"2018-10-13 01:45:16",80
"2018-10-13 02:45:16",80
"2018-10-13 03:45:16",80
"2018-10-13 04:45:16",80
"2018-10-13 05:45:14",80
"2018-10-13 06:45:14",80
"2018-10-13 07:45:16",80
"2018-10-13 08:45:17",80
"2018-10-13 09:45:15",80
"2018-10-13 10:45:15",80
"2018-10-13 11:45:13",80
"2018-10-13 12:45:15",80
"2018-10-13 13:45:14",80
"2018-10-13 14:45:15",80
"2018-10-13 15:45:15",80
"2018-10-13 16:45:14",80
"2018-10-13 17:45:15",80
"2018-10-13 18:45:15",80
"2018-10-13 19:45:15",80
"2018-10-13 20:45:16",80
"2018-10-13 21:45:15",80
"2018-10-13 22:45:18",80
"2018-10-13 23:45:15",80
"2018-10-14 00:45:17",80
"2018-10-14 01:45:15",80
"2018-10-14 02:45:15",80
"2018-10-14 03:45:15",80
"2018-10-14 04:45:16",80
"2018-10-14 05:45:14",80
"2018-10-14 06:45:14",80
"2018-10-14 07:45:15",80
"2018-10-14 08:45:13",80
"2018-10-14 09:45:14",80
"2018-10-14 10:45:14",80
"2018-10-14 11:45:15",80
"2018-10-14 12:45:16",80
"2018-10-14 13:45:13",80
"2018-10-14 14:45:14",80
"2018-10-14 15:45:15",80
"2018-10-14 16:45:13",80
"2018-10-14 17:45:14",80
"2018-10-14 18:45:15",80
"2018-10-14 19:45:15",80
"2018-10-14 20:45:14",80
"2018-10-14 21:45:16",80
"2018-10-14 22:45:14",80
"2018-10-14 23:45:15",80
"2018-10-15 00:45:17",80
"2018-10-15 01:45:15",80
"2018-10-15 02:45:14",80
"2018-10-15 03:45:16",80
"2018-10-15 04:45:14",80
"2018-10-15 05:45:15",80
"2018-10-15 06:45:17",80
"2018-10-15 07:45:15",80
"2018-10-15 08:45:27",80
"2018-10-15 09:45:14",80
"2018-10-15 10:45:15",80
"2018-10-15 11:45:14",80
"2018-10-15 12:45:14",80
"2018-10-15 13:45:21",80
"2018-10-15 14:45:18",80
"2018-10-15 15:45:18",80
"2018-10-15 16:45:19",81
"2018-10-15 17:45:18",81
"2018-10-15 18:45:16",81
"2018-10-15 19:45:18",81
"2018-10-15 20:45:19",81
"2018-10-15 21:45:19",81
"2018-10-15 22:45:16",81
"2018-10-15 23:45:16",81
"2018-10-16 00:45:18",81
"2018-10-16 01:45:20",81
"2018-10-16 02:45:17",81
"2018-10-16 03:45:16",81
"2018-10-16 04:45:17",81
"2018-10-16 09:45:14",81
"2018-10-16 10:45:15",81
"2018-10-16 11:45:13",81
"2018-10-16 12:45:15",81
"2018-10-16 13:45:23",81
"2018-10-16 14:45:19",81
"2018-10-16 15:45:21",81
"2018-10-16 16:45:16",81
"2018-10-16 17:45:21",80
"2018-10-16 18:45:21",80
"2018-10-16 19:45:20",80
"2018-10-16 20:45:17",80
"2018-10-16 21:45:16",80
"2018-10-16 22:45:17",80
"2018-10-16 23:45:17",80
"2018-10-17 00:45:16",80
"2018-10-17 01:45:17",80
"2018-10-17 02:45:17",80
"2018-10-17 03:45:16",80
"2018-10-17 04:45:16",80
"2018-10-17 05:45:17",80
"2018-10-17 06:45:16",80
"2018-10-17 07:45:16",80
"2018-10-17 08:45:15",80
"2018-10-17 09:45:16",80
"2018-10-17 10:45:15",80
"2018-10-17 11:45:15",80
"2018-10-17 12:45:16",80
"2018-10-17 14:11:22",79
"2018-10-17 14:45:16",79
"2018-10-17 15:45:19",79
"2018-10-17 16:45:18",79
"2018-10-17 17:45:19",79
"2018-10-17 18:45:19",79
"2018-10-17 19:45:18",79
"2018-10-17 20:45:18",80
"2018-10-17 21:45:17",80
"2018-10-17 22:45:16",80
"2018-10-17 23:45:15",80
"2018-10-18 00:45:18",80
"2018-10-18 01:45:17",80
"2018-10-18 02:45:17",80
"2018-10-18 03:45:18",80
"2018-10-18 04:45:13",80
"2018-10-18 05:45:14",80
"2018-10-18 06:45:14",80
"2018-10-18 07:45:14",80
"2018-10-18 08:45:14",80
"2018-10-18 09:45:13",80
"2018-10-18 10:45:15",80
"2018-10-18 11:45:13",80
"2018-10-18 13:10:17",80
"2018-10-18 13:45:19",80
"2018-10-18 14:45:19",80
"2018-10-18 15:45:21",80
"2018-10-18 16:45:16",80
"2018-10-18 17:45:16",80
"2018-10-18 18:45:15",80
"2018-10-18 19:45:15",80
"2018-10-18 20:45:17",80
"2018-10-18 21:45:17",80
"2018-10-18 22:45:14",80
"2018-10-18 23:45:14",80
"2018-10-19 00:45:16",80
"2018-10-19 01:45:17",80
"2018-10-19 02:45:15",80
"2018-10-19 03:45:16",80
"2018-10-19 04:45:15",80
"2018-10-19 05:45:13",80
"2018-10-19 06:45:15",80
"2018-10-19 07:45:16",80
"2018-10-19 08:45:13",80
"2018-10-19 09:45:14",80
"2018-10-19 10:45:14",80
"2018-10-19 11:45:14",80
"2018-10-19 13:09:51",80
"2018-10-19 13:45:22",80
"2018-10-19 14:45:18",80
"2018-10-19 15:45:19",80
"2018-10-19 16:45:17",80
"2018-10-19 17:45:16",80
"2018-10-19 18:45:17",80
"2018-10-19 19:45:18",80
"2018-10-19 20:45:18",80
"2018-10-19 21:45:15",80
"2018-10-19 22:45:16",80
"2018-10-19 23:45:45",80
"2018-10-20 00:45:16",80
"2018-10-20 01:45:18",80
"2018-10-20 02:45:15",80
"2018-10-20 03:45:15",80
"2018-10-20 04:45:15",80
"2018-10-20 05:45:17",80
"2018-10-20 06:45:17",80
"2018-10-20 07:45:14",80
"2018-10-20 08:45:15",80
"2018-10-20 09:45:15",80
"2018-10-20 10:45:16",80
"2018-10-20 11:45:15",80
"2018-10-20 12:45:15",80
"2018-10-20 13:45:17",80
"2018-10-20 14:45:19",80
"2018-10-20 15:45:18",80
"2018-10-20 16:45:16",80
"2018-10-20 17:45:16",80
"2018-10-20 18:45:16",80
"2018-10-20 19:45:16",80
"2018-10-20 20:45:17",80
"2018-10-20 21:45:18",80
"2018-10-20 22:45:16",80
"2018-10-20 23:45:16",80
"2018-10-21 00:45:16",80
"2018-10-21 01:45:17",80
"2018-10-21 02:45:15",80
"2018-10-21 03:45:17",80
"2018-10-21 04:45:15",80
"2018-10-21 05:45:16",80
"2018-10-21 06:45:15",80
"2018-10-21 07:45:21",80
"2018-10-21 08:45:15",80
"2018-10-21 09:45:15",80
"2018-10-21 10:45:14",80
"2018-10-21 11:45:14",80
"2018-10-21 12:45:14",80
"2018-10-21 13:45:21",80
"2018-10-21 14:45:18",80
"2018-10-21 15:45:17",80
"2018-10-21 16:45:15",80
"2018-10-21 17:45:16",80
"2018-10-21 18:45:17",80
"2018-10-21 19:45:16",80
"2018-10-21 20:45:16",80
"2018-10-21 21:45:15",80
"2018-10-21 22:45:17",80
"2018-10-21 23:45:16",80
"2018-10-22 00:45:20",80
"2018-10-22 01:45:20",80
"2018-10-22 02:45:19",80
"2018-10-22 03:45:20",80
"2018-10-22 04:45:20",80
"2018-10-22 05:45:17",80
"2018-10-22 06:45:16",80
"2018-10-22 07:45:20",80
"2018-10-22 08:45:16",80
"2018-10-22 09:45:16",80
"2018-10-22 10:45:17",80
"2018-10-22 11:45:17",80
"2018-10-22 12:45:18",80
"2018-10-22 13:45:21",80
"2018-10-22 14:45:21",80
"2018-10-22 15:45:19",80
"2018-10-22 16:45:17",80
"2018-10-22 17:45:18",80
"2018-10-22 18:45:15",80
"2018-10-22 19:45:18",80
"2018-10-22 20:45:17",80
"2018-10-22 21:45:17",80
"2018-10-22 22:45:17",80
"2018-10-22 23:45:17",80
"2018-10-23 00:45:18",80
"2018-10-23 01:45:17",80
"2018-10-23 02:45:17",80
"2018-10-23 03:45:16",80
"2018-10-23 04:45:16",80
"2018-10-23 05:45:16",80
"2018-10-23 06:45:16",80
"2018-10-23 07:45:19",80
"2018-10-23 08:45:14",80
"2018-10-23 09:45:15",80
"2018-10-23 10:45:14",80
"2018-10-23 11:45:14",80
"2018-10-23 12:45:15",80
"2018-10-23 13:45:21",80
"2018-10-23 14:45:18",80
"2018-10-23 15:45:16",81
"2018-10-23 16:45:17",82
"2018-10-23 17:45:16",82
"2018-10-23 18:45:17",82
"2018-10-23 19:45:17",82
"2018-10-23 20:45:16",82
"2018-10-23 21:45:18",82
"2018-10-23 22:45:16",82
"2018-10-23 23:45:16",82
"2018-10-24 00:45:16",82
"2018-10-24 01:45:17",82
"2018-10-24 02:45:18",82
"2018-10-24 03:45:17",82
"2018-10-24 04:45:18",82
"2018-10-24 05:45:18",82
"2018-10-24 06:45:19",82
"2018-10-24 07:45:18",82
"2018-10-24 08:45:17",82
"2018-10-24 09:45:15",82
"2018-10-24 10:45:16",82
"2018-10-24 11:45:15",82
"2018-10-24 12:45:14",82
"2018-10-24 13:45:20",82
"2018-10-24 14:45:19",82
"2018-10-24 15:45:19",82
"2018-10-24 16:45:17",82
"2018-10-24 17:45:16",82
"2018-10-24 18:45:17",82
"2018-10-24 19:45:17",82
"2018-10-24 20:45:21",82
"2018-10-24 21:45:18",82
"2018-10-24 22:45:17",82
"2018-10-24 23:45:15",82
"2018-10-25 00:45:16",82
"2018-10-25 01:45:16",82
"2018-10-25 02:45:17",82
"2018-10-25 03:45:15",82
"2018-10-25 04:45:16",82
"2018-10-25 05:45:17",82
"2018-10-25 06:45:17",82
"2018-10-25 07:45:17",82
"2018-10-25 08:45:17",82
"2018-10-25 09:45:16",82
"2018-10-25 10:45:16",82
"2018-10-25 11:45:18",82
"2018-10-25 14:11:28",82
"2018-10-25 14:45:21",82
"2018-10-25 15:45:21",82
"2018-10-25 16:45:17",82
"2018-10-25 17:45:19",82
"2018-10-25 18:45:20",82
"2018-10-25 19:45:17",82
"2018-10-25 20:45:17",82
"2018-10-25 21:45:18",82
"2018-10-25 22:45:17",82
"2018-10-25 23:45:19",82
"2018-10-26 00:45:17",82
"2018-10-26 01:45:17",82
"2018-10-26 02:45:19",82
"2018-10-26 03:45:20",82
"2018-10-26 04:45:20",82
"2018-10-26 05:45:16",82
"2018-10-26 06:45:16",82
"2018-10-26 07:45:15",82
"2018-10-26 08:45:15",82
"2018-10-26 09:45:16",82
"2018-10-26 10:45:15",82
"2018-10-26 11:45:15",82
"2018-10-26 12:45:16",82
"2018-10-26 13:45:17",82
"2018-10-26 14:45:18",82
"2018-10-26 15:45:17",82
"2018-10-26 16:45:17",82
"2018-10-26 17:45:16",82
"2018-10-26 18:45:15",82
"2018-10-26 19:45:15",82
"2018-10-26 20:45:16",82
"2018-10-26 21:45:15",82
"2018-10-26 22:45:15",82
"2018-10-26 23:45:15",82
"2018-10-27 00:45:15",82
"2018-10-27 01:45:16",82
"2018-10-27 02:45:15",82
"2018-10-27 03:45:14",82
"2018-10-27 04:45:14",82
"2018-10-27 05:45:15",82
"2018-10-27 06:45:15",82
"2018-10-27 07:45:16",82
"2018-10-27 08:45:16",82
"2018-10-27 09:45:15",82
"2018-10-27 10:45:16",82
"2018-10-27 11:45:15",82
"2018-10-27 12:45:15",82
"2018-10-27 13:45:14",82
"2018-10-27 14:45:15",82
"2018-10-27 15:45:16",82
"2018-10-27 16:45:15",82
"2018-10-27 17:45:16",82
"2018-10-27 18:45:15",82
"2018-10-27 19:45:15",82
"2018-10-27 20:45:15",82
"2018-10-27 21:45:15",82
"2018-10-27 22:45:14",82
"2018-10-27 23:45:15",82
"2018-10-28 00:45:15",82
"2018-10-28 01:45:15",82
"2018-10-28 02:45:15",82
"2018-10-28 03:45:15",82
"2018-10-28 04:45:14",82
"2018-10-28 05:45:16",82
"2018-10-28 06:45:15",82
"2018-10-28 07:45:14",82
"2018-10-28 08:45:14",82
"2018-10-28 09:45:16",82
"2018-10-28 10:45:15",82
"2018-10-28 11:45:14",82
"2018-10-28 12:45:14",82
"2018-10-28 13:45:15",82
"2018-10-28 14:45:15",82
"2018-10-28 15:45:14",82
"2018-10-28 16:45:16",82
"2018-10-28 17:45:14",82
"2018-10-28 18:45:15",82
"2018-10-28 19:45:14",82
"2018-10-28 20:45:15",82
"2018-10-28 21:45:14",82
"2018-10-28 22:45:14",82
"2018-10-28 23:45:14",82
"2018-10-29 00:45:15",82
"2018-10-29 01:45:15",82
"2018-10-29 02:45:15",82
"2018-10-29 03:45:13",82
"2018-10-29 04:45:16",82
"2018-10-29 05:45:14",82
"2018-10-29 06:45:15",82
"2018-10-29 07:45:14",82
"2018-10-29 08:45:15",82
"2018-10-29 09:45:15",82
"2018-10-29 10:45:15",82
"2018-10-29 11:45:14",82
"2018-10-29 12:45:15",82
"2018-10-29 13:45:20",82
"2018-10-29 14:45:18",82
"2018-10-29 15:45:14",82
"2018-10-29 16:45:17",82
"2018-10-29 17:45:16",82
"2018-10-29 18:45:16",82
"2018-10-29 19:45:17",82
"2018-10-29 20:45:16",80
"2018-10-29 21:45:16",80
"2018-10-29 22:45:16",80
"2018-10-29 23:45:15",80
"2018-10-30 00:45:15",80
"2018-10-30 01:45:15",80
"2018-10-30 02:45:16",80
"2018-10-30 03:45:16",80
"2018-10-30 04:45:16",80
"2018-10-30 05:45:14",80
"2018-10-30 06:45:15",80
"2018-10-30 07:45:14",80
"2018-10-30 08:45:14",80
"2018-10-30 09:45:15",80
"2018-10-30 10:45:15",80
"2018-10-30 11:45:15",80
"2018-10-30 12:45:15",80
"2018-10-30 13:45:21",80
"2018-10-30 14:45:20",80
"2018-10-30 15:45:20",80
"2018-10-30 16:45:17",80
"2018-10-30 17:45:15",80
"2018-10-30 18:45:16",80
"2018-10-30 19:45:16",80
"2018-10-30 20:45:15",80
"2018-10-30 21:45:16",80
"2018-10-30 22:45:15",80
"2018-10-30 23:45:14",80
"2018-10-31 00:45:15",80
"2018-10-31 01:45:17",80
"2018-10-31 02:45:17",80
"2018-10-31 03:45:14",80
"2018-10-31 04:45:15",80
"2018-10-31 05:45:15",80
"2018-10-31 06:45:14",80
"2018-10-31 07:45:13",80
"2018-10-31 08:45:16",80
"2018-10-31 09:45:15",80
"2018-10-31 10:45:14",80
"2018-10-31 11:45:15",80
"2018-10-31 12:45:16",80
"2018-10-31 14:11:52",80
"2018-10-31 14:45:18",80
"2018-10-31 15:45:17",80
"2018-10-31 16:45:17",80
"2018-10-31 17:45:16",80
"2018-10-31 18:45:17",80
"2018-10-31 19:45:16",80
"2018-10-31 20:45:15",80
"2018-10-31 21:45:15",80
"2018-10-31 22:45:15",80
"2018-10-31 23:45:16",80
"2018-11-01 00:45:16",80
"2018-11-01 01:45:16",80
"2018-11-01 02:45:16",80
"2018-11-01 03:45:16",80
"2018-11-01 04:45:16",80
"2018-11-01 05:45:15",80
"2018-11-01 06:45:16",80
"2018-11-01 07:45:15",80
"2018-11-01 08:45:16",80
"2018-11-01 09:45:17",80
"2018-11-01 10:45:17",80
"2018-11-01 11:45:16",80
"2018-11-01 12:45:16",80
"2018-11-01 13:45:18",80
"2018-11-01 14:45:22",80
"2018-11-01 15:45:21",80
"2018-11-01 16:45:20",80
"2018-11-01 17:45:18",80
"2018-11-01 18:45:21",80
"2018-11-01 19:45:22",80
"2018-11-01 20:45:22",80
"2018-11-01 21:45:18",80
"2018-11-01 22:45:18",80
"2018-11-01 23:45:17",80
"2018-11-02 00:45:16",80
"2018-11-02 01:45:16",80
"2018-11-02 02:45:17",80
"2018-11-02 03:45:20",80
"2018-11-02 04:45:17",80
"2018-11-02 05:45:17",80
"2018-11-02 06:45:16",80
"2018-11-02 07:45:16",80
"2018-11-02 08:45:16",80
"2018-11-02 09:45:17",80
"2018-11-02 10:45:15",80
"2018-11-02 11:45:15",80
"2018-11-02 12:45:16",80
"2018-11-02 14:09:54",80
"2018-11-02 14:45:21",80
"2018-11-02 15:45:20",80
"2018-11-02 16:45:20",80
"2018-11-02 17:45:23",80
"2018-11-02 18:45:17",80
"2018-11-02 19:45:18",81
"2018-11-02 20:45:19",81
"2018-11-02 21:45:18",81
"2018-11-02 22:45:17",81
"2018-11-02 23:45:17",81
"2018-11-03 00:45:19",81
"2018-11-03 01:45:17",81
"2018-11-03 02:45:20",81
"2018-11-03 03:45:17",81
"2018-11-03 04:45:17",81
"2018-11-03 05:45:17",81
"2018-11-03 06:45:16",81
"2018-11-03 07:45:15",81
"2018-11-03 08:45:17",81
"2018-11-03 09:45:18",81
"2018-11-03 10:45:16",81
"2018-11-03 11:45:17",81
"2018-11-03 12:45:17",81
"2018-11-03 13:45:16",81
"2018-11-03 14:45:17",81
"2018-11-03 15:45:17",81
"2018-11-03 16:45:16",81
"2018-11-03 17:45:25",81
"2018-11-03 18:45:22",81
"2018-11-03 19:45:17",81
"2018-11-03 20:45:24",81
"2018-11-03 21:46:20",81
"2018-11-03 22:45:17",81
"2018-11-03 23:45:18",81
"2018-11-04 00:45:18",81
"2018-11-04 01:45:17",81
"2018-11-04 02:45:17",81
"2018-11-04 03:45:17",81
"2018-11-04 04:45:19",81
"2018-11-04 05:45:16",81
"2018-11-04 06:45:17",81
"2018-11-04 07:45:17",81
"2018-11-04 08:45:18",81
"2018-11-04 09:45:16",81
"2018-11-04 10:45:16",81
"2018-11-04 11:45:16",81
"2018-11-04 12:45:17",81
"2018-11-04 13:45:16",81
"2018-11-04 14:45:16",81
"2018-11-04 15:45:16",81
"2018-11-04 16:45:16",81
"2018-11-04 17:45:17",81
"2018-11-04 18:45:17",81
"2018-11-04 19:45:17",81
"2018-11-04 20:45:16",81
"2018-11-04 21:45:16",81
"2018-11-04 22:45:18",81
"2018-11-04 23:45:18",81
"2018-11-05 00:45:17",81
"2018-11-05 01:45:17",81
"2018-11-05 02:45:16",81
"2018-11-05 03:45:19",81
"2018-11-05 04:45:19",81
"2018-11-05 05:45:19",81
"2018-11-05 06:45:16",81
"2018-11-05 07:45:20",81
"2018-11-05 08:45:16",81
"2018-11-05 09:45:17",81
"2018-11-05 10:45:16",81
"2018-11-05 11:45:16",81
"2018-11-05 12:45:16",81
"2018-11-05 13:45:16",81
"2018-11-05 14:45:25",81
"2018-11-05 15:45:20",81
"2018-11-05 16:45:24",81
"2018-11-05 17:45:17",80
"2018-11-05 18:45:16",80
"2018-11-05 19:45:16",80
"2018-11-05 20:45:19",80
"2018-11-05 21:45:20",80
"2018-11-05 22:45:20",80
"2018-11-05 23:45:16",80
"2018-11-06 00:45:16",80
"2018-11-06 01:45:16",80
"2018-11-06 02:45:17",80
"2018-11-06 03:45:18",80
"2018-11-06 04:45:17",80
"2018-11-06 05:45:18",80
"2018-11-06 06:45:17",80
"2018-11-06 07:45:18",80
"2018-11-06 08:45:18",80
"2018-11-06 09:45:18",80
"2018-11-06 10:45:19",80
"2018-11-06 11:45:18",80
"2018-11-06 12:45:18",80
"2018-11-06 13:45:18",80
"2018-11-06 14:45:25",80
"2018-11-06 15:45:26",80
"2018-11-06 16:45:22",80
"2018-11-06 17:45:29",80
"2018-11-06 18:45:22",80
"2018-11-06 19:45:18",80
"2018-11-06 20:45:20",80
"2018-11-06 21:45:18",80
"2018-11-06 22:45:20",80
"2018-11-06 23:45:18",80
"2018-11-07 00:45:20",80
"2018-11-07 01:45:18",80
"2018-11-07 02:45:19",80
"2018-11-07 03:45:18",80
"2018-11-07 04:45:17",80
"2018-11-07 05:45:18",80
"2018-11-07 06:45:17",80
"2018-11-07 07:45:18",80
"2018-11-07 08:45:18",80
"2018-11-07 09:45:17",80
"2018-11-07 10:45:18",80
"2018-11-07 11:45:18",80
"2018-11-07 12:45:18",80
"2018-11-07 13:45:18",80
"2018-11-07 14:45:26",80
"2018-11-07 15:45:20",80
"2018-11-07 16:45:19",80
"2018-11-07 17:45:24",80
"2018-11-07 18:45:23",80
"2018-11-07 19:45:22",80
"2018-11-07 20:45:22",80
"2018-11-07 21:45:18",80
"2018-11-07 22:45:20",80
"2018-11-07 23:45:18",80
"2018-11-08 00:45:17",80
"2018-11-08 01:45:19",80
"2018-11-08 02:45:18",80
"2018-11-08 03:45:18",80
"2018-11-08 04:45:18",80
"2018-11-08 05:45:19",80
"2018-11-08 06:45:30",80
"2018-11-08 07:45:18",80
"2018-11-08 08:45:19",80
"2018-11-08 09:45:18",80
"2018-11-08 10:45:18",80
"2018-11-08 11:45:17",80
"2018-11-08 12:45:18",80
"2018-11-08 13:45:17",80
"2018-11-08 14:45:23",80
"2018-11-08 15:45:23",80
"2018-11-08 16:45:22",80
"2018-11-08 17:45:19",80
"2018-11-08 18:45:18",80
"2018-11-08 19:45:19",80
"2018-11-08 20:45:23",80
"2018-11-08 21:45:21",80
"2018-11-08 22:45:18",80
"2018-11-08 23:45:18",80
"2018-11-09 00:45:19",80
"2018-11-09 01:45:19",80
"2018-11-09 02:45:19",80
"2018-11-09 03:45:19",80
"2018-11-09 04:45:20",80
"2018-11-09 05:45:20",80
"2018-11-09 06:45:18",80
"2018-11-09 07:45:18",80
"2018-11-09 08:45:18",80
"2018-11-09 09:45:18",80
"2018-11-09 10:45:17",80
"2018-11-09 11:45:18",80
"2018-11-09 12:45:18",80
"2018-11-09 13:45:17",80
"2018-11-09 15:09:23",80
"2018-11-09 15:45:21",80
"2018-11-09 16:45:21",80
"2018-11-09 17:45:20",80
"2018-11-09 18:45:19",80
"2018-11-09 19:45:44",80
"2018-11-09 20:45:22",80
"2018-11-09 21:45:20",80
"2018-11-09 22:45:20",80
"2018-11-09 23:45:18",80
"2018-11-10 00:45:18",80
"2018-11-10 01:45:20",80
"2018-11-10 02:45:18",80
"2018-11-10 03:45:18",80
"2018-11-10 04:45:19",80
"2018-11-10 05:45:17",80
"2018-11-10 06:45:18",80
"2018-11-10 07:45:17",80
"2018-11-10 08:45:18",80
"2018-11-10 09:45:18",80
"2018-11-10 10:45:17",80
"2018-11-10 11:45:18",80
"2018-11-10 12:45:17",80
"2018-11-10 13:45:18",80
"2018-11-10 14:45:18",80
"2018-11-10 15:45:22",80
"2018-11-10 16:45:19",80
"2018-11-10 17:45:19",80
"2018-11-10 18:45:21",80
"2018-11-10 19:45:21",80
"2018-11-10 20:45:18",80
"2018-11-10 21:45:19",80
"2018-11-10 22:45:20",80
"2018-11-10 23:45:19",80
"2018-11-11 00:45:20",80
"2018-11-11 01:45:19",80
"2018-11-11 02:45:17",80
"2018-11-11 03:45:20",80
"2018-11-11 04:45:18",80
"2018-11-11 05:45:19",80
"2018-11-11 06:45:18",80
"2018-11-11 07:45:20",80
"2018-11-11 08:45:18",80
"2018-11-11 09:45:20",80
"2018-11-11 10:45:19",80
"2018-11-11 11:45:18",80
"2018-11-11 12:45:19",80
"2018-11-11 13:45:18",80
"2018-11-11 14:45:20",80
"2018-11-11 15:45:20",80
"2018-11-11 16:45:18",80
"2018-11-11 17:45:19",80
"2018-11-11 18:45:18",80
"2018-11-11 19:45:17",80
"2018-11-11 20:45:19",80
"2018-11-11 21:45:17",80
"2018-11-11 22:45:19",80
"2018-11-11 23:45:18",80
"2018-11-12 00:45:20",80
"2018-11-12 01:45:17",80
"2018-11-12 02:45:19",80
"2018-11-12 03:45:19",80
"2018-11-12 04:45:19",80
"2018-11-12 05:45:19",80
"2018-11-12 06:45:20",80
"2018-11-12 07:45:18",80
"2018-11-12 08:45:19",80
"2018-11-12 09:45:19",80
"2018-11-12 10:45:19",80
"2018-11-12 11:45:20",80
"2018-11-12 12:45:17",80
"2018-11-12 13:45:18",80
"2018-11-12 14:45:22",80
"2018-11-12 15:45:19",80
"2018-11-12 16:45:21",80
"2018-11-12 17:45:17",80
"2018-11-12 18:45:18",80
"2018-11-12 19:45:21",80
"2018-11-12 20:45:20",80
"2018-11-12 21:45:18",80
"2018-11-12 22:46:03",80
"2018-11-12 23:45:18",80
"2018-11-13 00:45:20",80
"2018-11-13 01:45:18",80
"2018-11-13 02:45:20",80
"2018-11-13 03:45:19",80
"2018-11-13 04:45:19",80
"2018-11-13 05:45:18",80
"2018-11-13 06:45:18",80
"2018-11-13 07:45:20",80
"2018-11-13 08:45:21",80
"2018-11-13 09:45:20",80
"2018-11-13 10:45:20",80
"2018-11-13 11:45:19",80
"2018-11-13 12:45:18",80
"2018-11-13 13:45:18",80
"2018-11-13 14:45:23",80
"2018-11-13 15:45:20",80
"2018-11-13 16:45:19",80
"2018-11-13 17:45:20",80
"2018-11-13 18:45:17",80
"2018-11-13 19:45:18",80
"2018-11-13 20:45:18",80
"2018-11-13 21:45:18",80
"2018-11-13 22:45:18",80
"2018-11-13 23:45:19",80
"2018-11-14 00:45:18",80
"2018-11-14 01:45:19",80
"2018-11-14 02:45:18",80
"2018-11-14 03:45:18",80
"2018-11-14 04:45:18",80
"2018-11-14 05:45:19",80
"2018-11-14 06:45:19",80
"2018-11-14 07:45:18",80
"2018-11-14 08:45:18",80
"2018-11-14 09:45:19",80
"2018-11-14 10:45:18",80
"2018-11-14 11:45:21",80
"2018-11-14 12:45:18",80
"2018-11-14 13:45:18",80
"2018-11-14 14:45:22",80
"2018-11-14 15:45:21",80
"2018-11-14 16:45:22",80
"2018-11-14 17:45:21",80
"2018-11-14 18:45:24",80
"2018-11-14 19:45:21",80
"2018-11-14 20:45:21",80
"2018-11-14 21:45:22",80
"2018-11-14 22:45:22",80
"2018-11-14 23:45:20",80
"2018-11-15 00:45:19",80
"2018-11-15 01:45:19",80
"2018-11-15 02:45:19",80
"2018-11-15 03:45:18",80
"2018-11-15 04:45:19",80
"2018-11-15 05:45:19",80
"2018-11-15 06:45:18",80
"2018-11-15 07:45:17",80
"2018-11-15 08:45:18",80
"2018-11-15 09:45:18",80
"2018-11-15 10:45:19",80
"2018-11-15 11:45:18",80
"2018-11-15 12:45:18",80
"2018-11-15 13:45:19",80
"2018-11-15 14:45:21",80
"2018-11-15 15:45:20",79
"2018-11-15 16:45:19",79
"2018-11-15 17:45:24",79
"2018-11-15 18:45:19",79
"2018-11-15 19:45:18",79
"2018-11-15 20:45:22",79
"2018-11-15 21:45:25",79
"2018-11-15 22:45:22",79
"2018-11-15 23:45:19",79
"2018-11-16 00:45:18",79
"2018-11-16 01:45:18",79
"2018-11-16 02:45:18",79
"2018-11-16 03:45:19",79
"2018-11-16 04:45:18",79
"2018-11-16 05:45:18",79
"2018-11-16 06:45:19",79
"2018-11-16 07:45:19",79
"2018-11-16 08:45:18",79
"2018-11-16 09:45:19",79
"2018-11-16 10:45:18",79
"2018-11-16 11:45:17",79
"2018-11-16 12:45:17",79
"2018-11-16 13:45:18",79
"2018-11-16 14:45:23",79
"2018-11-16 15:45:20",79
"2018-11-16 16:45:20",79
"2018-11-16 17:45:19",79
"2018-11-16 18:45:18",79
"2018-11-16 19:45:18",79
"2018-11-16 20:45:31",79
"2018-11-16 21:45:21",79
"2018-11-16 22:45:22",79
"2018-11-16 23:45:20",79
"2018-11-17 00:45:21",79
"2018-11-17 01:45:19",79
"2018-11-17 02:45:17",79
"2018-11-17 03:45:22",79
"2018-11-17 04:45:18",79
"2018-11-17 05:45:20",79
"2018-11-17 06:45:21",79
"2018-11-17 07:45:17",79
"2018-11-17 08:45:19",79
"2018-11-17 09:45:19",79
"2018-11-17 10:45:19",79
"2018-11-17 11:45:19",79
"2018-11-17 12:45:19",79
"2018-11-17 13:45:19",79
"2018-11-17 14:45:22",79
"2018-11-17 15:45:20",79
"2018-11-17 16:45:18",79
"2018-11-17 17:45:21",79
"2018-11-17 18:45:18",79
"2018-11-17 19:45:19",79
"2018-11-17 20:45:18",79
"2018-11-17 21:45:18",79
"2018-11-17 22:45:18",79
"2018-11-17 23:45:18",79
"2018-11-18 00:45:18",79
"2018-11-18 01:45:18",79
"2018-11-18 02:45:18",79
"2018-11-18 03:45:20",79
"2018-11-18 04:45:18",79
"2018-11-18 05:45:18",79
"2018-11-18 06:45:19",79
"2018-11-18 07:45:18",79
"2018-11-18 08:45:17",79
"2018-11-18 09:45:19",79
"2018-11-18 10:45:17",79
"2018-11-18 11:45:18",79
"2018-11-18 12:45:17",79
"2018-11-18 13:45:18",79
"2018-11-18 14:45:19",79
"2018-11-18 15:45:19",79
"2018-11-18 16:45:18",79
"2018-11-18 17:45:18",79
"2018-11-18 18:45:19",79
"2018-11-18 19:45:18",79
"2018-11-18 20:45:19",79
"2018-11-18 21:45:18",79
"2018-11-18 22:45:18",79
"2018-11-18 23:45:19",79
"2018-11-19 00:45:18",79
"2018-11-19 01:45:18",79
"2018-11-19 02:45:18",79
"2018-11-19 03:45:18",79
"2018-11-19 04:45:18",79
"2018-11-19 05:45:18",79
"2018-11-19 06:45:18",79
"2018-11-19 07:45:18",79
"2018-11-19 08:45:18",79
"2018-11-19 09:45:18",79
"2018-11-19 10:45:19",79
"2018-11-19 12:45:19",79
"2018-11-19 13:45:19",79
"2018-11-19 14:45:22",79
"2018-11-19 15:45:18",79
"2018-11-19 16:45:23",79
"2018-11-19 17:45:22",79
"2018-11-19 18:45:21",79
"2018-11-19 19:45:20",79
"2018-11-19 20:45:20",79
"2018-11-19 21:45:19",79
"2018-11-19 22:45:20",79
"2018-11-19 23:45:20",79
"2018-11-20 00:45:19",79
"2018-11-20 01:45:19",79
"2018-11-20 02:45:21",79
"2018-11-20 03:45:20",79
"2018-11-20 04:45:18",79
"2018-11-20 05:45:18",79
"2018-11-20 06:45:19",79
"2018-11-20 07:45:18",79
"2018-11-20 08:45:19",79
"2018-11-20 09:45:19",79
"2018-11-20 10:45:18",79
"2018-11-20 11:45:18",79
"2018-11-20 12:45:19",79
"2018-11-20 13:45:21",79
"2018-11-20 14:45:23",79
"2018-11-20 15:45:26",79
"2018-11-20 16:45:19",79
"2018-11-20 17:45:19",79
"2018-11-20 18:45:24",79
"2018-11-20 19:45:20",79
"2018-11-20 20:45:21",79
"2018-11-20 21:45:24",79
"2018-11-20 22:45:19",79
"2018-11-20 23:45:18",79
"2018-11-21 00:45:16",79
"2018-11-21 01:45:17",79
"2018-11-21 02:45:17",79
"2018-11-21 03:45:18",79
"2018-11-21 04:45:18",79
"2018-11-21 05:45:20",79
"2018-11-21 06:45:20",79
"2018-11-21 07:45:20",79
"2018-11-21 08:45:19",79
"2018-11-21 09:45:18",79
"2018-11-21 10:45:18",79
"2018-11-21 11:45:17",79
"2018-11-21 12:45:17",79
"2018-11-21 13:45:17",79
"2018-11-21 14:45:22",79
"2018-11-21 16:45:22",79
"2018-11-21 17:45:24",79
"2018-11-21 18:45:18",79
"2018-11-21 19:45:20",79
"2018-11-21 20:45:21",79
"2018-11-21 21:45:20",79
"2018-11-21 22:45:20",79
"2018-11-21 23:45:17",79
"2018-11-22 00:45:17",79
"2018-11-22 01:45:18",79
"2018-11-22 02:45:19",79
"2018-11-22 03:45:18",79
"2018-11-22 04:45:20",79
"2018-11-22 05:45:18",79
"2018-11-22 06:45:18",79
"2018-11-22 07:45:18",79
"2018-11-22 08:45:18",79
"2018-11-22 09:45:18",79
"2018-11-22 10:45:18",79
"2018-11-22 11:45:19",79
"2018-11-22 12:45:18",79
"2018-11-22 13:45:18",79
"2018-11-22 14:45:17",79
"2018-11-22 15:45:18",79
"2018-11-22 16:45:17",79
"2018-11-22 17:45:19",79
"2018-11-22 18:45:17",79
"2018-11-22 19:45:17",79
"2018-11-22 20:45:18",79
"2018-11-22 21:45:18",79
"2018-11-22 22:45:18",79
"2018-11-22 23:45:18",79
"2018-11-23 00:45:17",79
"2018-11-23 01:45:17",79
"2018-11-23 02:45:17",79
"2018-11-23 03:45:19",79
"2018-11-23 04:45:18",79
"2018-11-23 05:45:18",79
"2018-11-23 06:45:18",79
"2018-11-23 07:45:18",79
"2018-11-23 08:45:18",79
"2018-11-23 09:45:18",79
"2018-11-23 10:45:18",79
"2018-11-23 11:45:20",79
"2018-11-23 12:45:19",79
"2018-11-23 13:45:18",79
"2018-11-23 14:45:20",79
"2018-11-23 15:45:19",79
"2018-11-23 16:45:18",79
"2018-11-23 17:45:17",79
"2018-11-23 18:45:17",79
"2018-11-23 19:45:19",79
"2018-11-23 20:45:19",79
"2018-11-23 21:45:20",79
"2018-11-23 22:45:18",79
"2018-11-23 23:45:19",79
"2018-11-24 00:45:18",79
"2018-11-24 01:45:19",79
"2018-11-24 02:45:21",79
"2018-11-24 03:45:19",79
"2018-11-24 04:45:20",79
"2018-11-24 05:45:20",79
"2018-11-24 06:45:19",79
"2018-11-24 07:45:18",79
"2018-11-24 08:45:19",79
"2018-11-24 09:45:18",79
"2018-11-24 10:45:18",79
"2018-11-24 11:45:19",79
"2018-11-24 12:45:18",79
"2018-11-24 13:45:18",79
"2018-11-24 14:45:19",79
"2018-11-24 15:45:19",79
"2018-11-24 16:45:18",79
"2018-11-24 17:45:20",79
"2018-11-24 18:45:19",79
"2018-11-24 19:45:17",79
"2018-11-24 20:45:19",79
"2018-11-24 21:45:19",79
"2018-11-24 22:45:18",79
"2018-11-24 23:45:19",79
"2018-11-25 00:45:19",79
"2018-11-25 01:45:19",79
"2018-11-25 02:45:19",79
"2018-11-25 03:45:18",79
"2018-11-25 04:45:19",79
"2018-11-25 05:45:18",79
"2018-11-25 06:45:19",79
"2018-11-25 07:45:18",79
"2018-11-25 08:45:18",79
"2018-11-25 09:45:18",79
"2018-11-25 10:45:18",79
"2018-11-25 11:45:19",79
"2018-11-25 12:45:17",79
"2018-11-25 13:45:18",79
"2018-11-25 14:45:19",79
"2018-11-25 15:45:19",79
"2018-11-25 16:45:19",79
"2018-11-25 17:45:19",79
"2018-11-25 18:45:19",79
"2018-11-25 19:45:21",79
"2018-11-25 20:45:19",79
"2018-11-25 21:45:18",79
"2018-11-25 22:45:19",79
"2018-11-25 23:45:19",79
"2018-11-26 00:45:17",79
"2018-11-26 01:45:19",79
"2018-11-26 02:45:20",79
"2018-11-26 03:45:18",79
"2018-11-26 04:45:18",79
"2018-11-26 05:45:18",79
"2018-11-26 06:45:18",79
"2018-11-26 07:45:18",79
"2018-11-26 08:45:18",79
"2018-11-26 09:45:19",79
"2018-11-26 10:45:19",79
"2018-11-26 11:45:18",79
"2018-11-26 12:45:18",79
"2018-11-26 13:45:18",79
"2018-11-26 14:45:25",79
"2018-11-26 15:45:19",79
"2018-11-26 16:45:19",79
"2018-11-26 17:45:19",79
"2018-11-26 18:45:20",79
"2018-11-26 19:45:18",79
"2018-11-26 20:45:20",79
"2018-11-26 21:45:17",79
"2018-11-26 22:45:23",79
"2018-11-26 23:45:23",79
"2018-11-27 00:45:21",79
"2018-11-27 01:45:20",79
"2018-11-27 02:45:21",79
"2018-11-27 03:45:18",79
"2018-11-27 04:45:19",79
"2018-11-27 05:45:19",79
"2018-11-27 06:45:18",79
"2018-11-27 07:45:18",79
"2018-11-27 08:45:17",79
"2018-11-27 09:45:18",79
"2018-11-27 10:47:06",79
"2018-11-27 11:45:18",79
"2018-11-27 12:45:17",79
"2018-11-27 13:45:19",79
"2018-11-27 14:45:23",79
"2018-11-27 15:45:20",79
"2018-11-27 16:45:23",79
"2018-11-27 17:45:22",79
"2018-11-27 18:45:21",79
"2018-11-27 19:45:21",79
"2018-11-27 20:45:20",79
"2018-11-27 21:45:22",79
"2018-11-27 22:45:22",79
"2018-11-27 23:45:21",79
"2018-11-28 00:45:20",79
"2018-11-28 01:45:21",79
"2018-11-28 02:45:20",79
"2018-11-28 03:45:22",79
"2018-11-28 04:45:22",79
"2018-11-28 05:45:20",79
"2018-11-28 06:45:19",79
"2018-11-28 07:45:18",79
"2018-11-28 08:45:21",79
"2018-11-28 09:45:22",79
"2018-11-28 10:45:20",79
"2018-11-28 11:45:18",79
"2018-11-28 12:45:19",79
"2018-11-28 14:10:22",79
"2018-11-28 14:45:22",79
"2018-11-28 15:45:26",79
"2018-11-28 16:45:23",79
"2018-11-28 17:45:25",79
"2018-11-28 18:45:24",79
"2018-11-28 19:45:21",79
"2018-11-28 20:45:23",79
"2018-11-28 21:45:19",79
"2018-11-28 22:45:18",79
"2018-11-28 23:45:17",79
"2018-11-29 00:45:18",79
"2018-11-29 01:45:20",79
"2018-11-29 02:45:19",79
"2018-11-29 03:45:18",79
"2018-11-29 04:45:18",79
"2018-11-29 05:45:19",79
"2018-11-29 06:45:18",79
"2018-11-29 07:45:17",79
"2018-11-29 08:45:17",79
"2018-11-29 09:45:18",79
"2018-11-29 10:45:18",79
"2018-11-29 11:45:17",79
"2018-11-29 12:45:18",79
"2018-11-29 13:45:20",79
"2018-11-29 15:10:30",79
"2018-11-29 15:45:20",79
"2018-11-29 16:45:21",79
"2018-11-29 17:45:25",79
"2018-11-29 18:45:26",79
"2018-11-29 19:45:21",79
"2018-11-29 20:45:19",79
"2018-11-29 21:45:21",79
"2018-11-29 22:45:21",79
"2018-11-29 23:45:21",79
"2018-11-30 00:45:22",79
"2018-11-30 01:45:22",79
"2018-11-30 02:45:19",79
"2018-11-30 03:45:22",79
"2018-11-30 04:45:19",79
"2018-11-30 05:45:23",79
"2018-11-30 06:45:21",79
"2018-11-30 07:45:19",79
"2018-11-30 08:45:18",79
"2018-11-30 09:45:21",79
"2018-11-30 10:45:20",79
"2018-11-30 11:45:18",79
"2018-11-30 12:45:19",79
"2018-11-30 13:45:19",79
"2018-11-30 14:45:24",79
"2018-11-30 15:45:22",79
"2018-11-30 16:45:22",79
"2018-11-30 17:45:22",79
"2018-11-30 18:45:20",79
"2018-11-30 19:45:20",79
"2018-11-30 20:45:21",79
"2018-11-30 21:45:20",79
"2018-11-30 22:45:24",79
"2018-11-30 23:45:21",79
"2018-12-01 00:45:19",79
"2018-12-01 01:45:20",79
"2018-12-01 02:45:19",79
"2018-12-01 03:45:19",79
"2018-12-01 04:45:19",79
"2018-12-01 05:45:21",79
"2018-12-01 06:45:19",79
"2018-12-01 07:45:18",79
"2018-12-01 08:45:18",79
"2018-12-01 09:45:19",79
"2018-12-01 10:45:19",79
"2018-12-01 11:45:19",79
"2018-12-01 12:45:19",79
"2018-12-01 13:45:19",79
"2018-12-01 14:45:19",79
"2018-12-01 15:45:19",79
"2018-12-01 16:45:19",79
"2018-12-01 17:45:18",79
"2018-12-01 18:45:19",79
"2018-12-01 19:45:18",79
"2018-12-01 20:45:20",79
"2018-12-01 21:45:18",79
"2018-12-01 22:45:24",79
"2018-12-01 23:45:20",79
"2018-12-02 00:45:18",79
"2018-12-02 01:45:19",79
"2018-12-02 02:45:19",79
"2018-12-02 03:45:19",79
"2018-12-02 04:45:19",79
"2018-12-02 05:45:19",79
"2018-12-02 06:45:19",79
"2018-12-02 07:45:22",79
"2018-12-02 08:45:21",79
"2018-12-02 09:45:19",79
"2018-12-02 10:45:20",79
"2018-12-02 11:45:19",79
"2018-12-02 12:45:18",79
"2018-12-02 13:45:19",79
"2018-12-02 14:45:18",79
"2018-12-02 15:45:19",79
"2018-12-02 16:45:19",79
"2018-12-02 17:45:18",79
"2018-12-02 18:45:18",79
"2018-12-02 19:45:18",79
"2018-12-02 20:45:18",79
"2018-12-02 21:45:18",79
"2018-12-02 22:45:18",79
"2018-12-02 23:45:19",79
"2018-12-03 00:45:19",79
"2018-12-03 01:45:18",79
"2018-12-03 02:45:19",79
"2018-12-03 03:45:19",79
"2018-12-03 04:45:21",79
"2018-12-03 05:45:18",79
"2018-12-03 06:45:21",79
"2018-12-03 07:45:20",79
"2018-12-03 08:45:19",79
"2018-12-03 09:45:21",79
"2018-12-03 10:45:19",79
"2018-12-03 11:45:19",79
"2018-12-03 12:45:18",79
"2018-12-03 13:45:18",79
"2018-12-03 14:45:27",79
"2018-12-03 15:45:20",78
"2018-12-03 16:45:23",78
"2018-12-03 17:45:23",78
"2018-12-03 18:45:21",78
"2018-12-03 19:45:18",78
"2018-12-03 20:45:20",78
"2018-12-03 21:45:19",78
"2018-12-03 22:45:22",78
"2018-12-03 23:45:24",78
"2018-12-04 00:45:21",78
"2018-12-04 01:45:19",78
"2018-12-04 02:45:20",78
"2018-12-04 03:45:20",78
"2018-12-04 04:45:19",78
"2018-12-04 05:45:24",78
"2018-12-04 06:45:22",78
"2018-12-04 07:45:20",78
"2018-12-04 08:45:21",78
"2018-12-04 09:45:19",78
"2018-12-04 10:45:17",78
"2018-12-04 11:45:18",78
"2018-12-04 12:45:19",78
"2018-12-04 13:45:19",78
"2018-12-04 15:11:54",78
"2018-12-04 15:45:22",78
"2018-12-04 16:45:20",78
"2018-12-04 17:45:21",78
"2018-12-04 18:45:21",78
"2018-12-04 19:45:22",78
"2018-12-04 20:45:22",78
"2018-12-04 21:45:21",78
"2018-12-04 22:45:24",78
"2018-12-04 23:45:23",78
"2018-12-05 00:45:23",78
"2018-12-05 01:45:23",78
"2018-12-05 02:45:22",78
"2018-12-05 03:45:22",78
"2018-12-05 04:45:26",78
"2018-12-05 05:45:26",78
"2018-12-05 06:45:21",78
"2018-12-05 07:45:19",78
"2018-12-05 08:45:19",78
"2018-12-05 09:45:18",78
"2018-12-05 10:45:20",78
"2018-12-05 11:45:19",78
"2018-12-05 12:45:18",78
"2018-12-05 13:45:19",78
"2018-12-05 14:45:19",78
"2018-12-05 15:45:22",78
"2018-12-05 16:45:19",78
"2018-12-05 17:45:20",78
"2018-12-05 18:45:19",78
"2018-12-05 19:45:23",78
"2018-12-05 20:45:21",78
"2018-12-05 21:45:22",78
"2018-12-05 22:45:23",78
"2018-12-05 23:45:23",78
"2018-12-06 00:45:22",78
"2018-12-06 01:45:21",78
"2018-12-06 02:45:20",78
"2018-12-06 03:45:21",78
"2018-12-06 04:45:18",78
"2018-12-06 05:45:19",78
"2018-12-06 06:45:19",78
"2018-12-06 07:45:18",78
"2018-12-06 08:45:22",78
"2018-12-06 09:45:21",78
"2018-12-06 10:45:19",78
"2018-12-06 11:45:20",78
"2018-12-06 12:45:21",78
"2018-12-06 13:45:21",78
"2018-12-06 14:45:23",78
"2018-12-06 15:45:21",78
"2018-12-06 16:45:21",79
"2018-12-06 17:45:23",79
"2018-12-06 18:45:20",79
"2018-12-06 19:45:20",79
"2018-12-06 20:45:20",79
"2018-12-06 21:45:20",79
"2018-12-06 22:45:19",79
"2018-12-06 23:45:26",79
"2018-12-07 00:45:27",79
"2018-12-07 01:45:26",79
"2018-12-07 02:45:24",79
"2018-12-07 03:45:26",79
"2018-12-07 04:45:28",79
"2018-12-07 05:45:25",79
"2018-12-07 06:45:26",79
"2018-12-07 07:45:24",79
"2018-12-07 08:45:23",79
"2018-12-07 09:45:24",79
"2018-12-07 10:45:24",79
"2018-12-07 11:45:24",79
"2018-12-07 12:45:25",79
"2018-12-07 14:10:25",79
"2018-12-07 14:45:31",79
"2018-12-07 16:10:32",79
"2018-12-07 16:45:25",79
"2018-12-07 17:45:27",79
"2018-12-07 18:45:26",79
"2018-12-07 19:45:29",79
"2018-12-07 20:45:27",79
"2018-12-07 21:45:26",79
"2018-12-07 22:45:28",79
"2018-12-07 23:45:29",79
"2018-12-08 00:45:26",79
"2018-12-08 01:45:25",79
"2018-12-08 03:45:29",79
"2018-12-08 04:45:26",79
"2018-12-08 05:45:27",79
"2018-12-08 06:45:24",79
"2018-12-08 07:45:26",79
"2018-12-08 08:45:25",79
"2018-12-08 09:45:24",79
"2018-12-08 10:45:26",79
"2018-12-08 11:45:25",79
"2018-12-08 12:45:26",79
"2018-12-08 13:45:24",79
"2018-12-08 14:45:25",79
"2018-12-08 15:45:25",79
"2018-12-08 16:45:26",79
"2018-12-08 17:45:26",79
"2018-12-08 18:45:24",79
"2018-12-08 19:45:25",79
"2018-12-08 20:45:31",79
"2018-12-08 21:45:30",79
"2018-12-08 22:45:25",79
"2018-12-08 23:45:28",79
"2018-12-09 00:45:26",79
"2018-12-09 01:45:28",79
"2018-12-09 02:45:27",79
"2018-12-09 03:45:25",79
"2018-12-09 04:45:25",79
"2018-12-09 05:45:25",79
"2018-12-09 06:45:26",79
"2018-12-09 07:45:27",79
"2018-12-09 08:45:26",79
"2018-12-09 09:45:30",79
"2018-12-09 10:45:25",79
"2018-12-09 11:45:28",79
"2018-12-09 12:45:25",79
"2018-12-09 13:45:25",79
"2018-12-09 14:45:25",79
"2018-12-09 15:45:26",79
"2018-12-09 16:45:25",79
"2018-12-09 17:45:25",79
"2018-12-09 18:45:25",79
"2018-12-09 19:45:24",79
"2018-12-09 20:45:26",79
"2018-12-09 21:45:24",79
"2018-12-09 22:45:31",79
"2018-12-09 23:45:27",79
"2018-12-10 00:45:27",79
"2018-12-10 01:45:25",79
"2018-12-10 02:45:25",79
"2018-12-10 03:45:26",79
"2018-12-10 04:45:29",79
"2018-12-10 05:45:25",79
"2018-12-10 06:45:31",79
"2018-12-10 07:45:30",79
"2018-12-10 08:45:26",79
"2018-12-10 09:45:26",79
"2018-12-10 10:45:26",79
"2018-12-10 11:45:25",79
"2018-12-10 12:45:26",79
"2018-12-10 13:45:31",79
"2018-12-10 15:09:03",80
"2018-12-10 15:45:24",80
"2018-12-10 16:45:26",80
"2018-12-10 17:45:28",80
"2018-12-10 18:45:26",80
"2018-12-10 19:45:26",80
"2018-12-10 20:45:23",80
"2018-12-10 21:45:26",80
"2018-12-10 22:45:24",80
"2018-12-10 23:45:27",80
"2018-12-11 00:45:25",80
"2018-12-11 01:45:23",80
"2018-12-11 02:45:25",80
"2018-12-11 03:45:25",80
"2018-12-11 04:45:23",80
"2018-12-11 05:45:27",80
"2018-12-11 06:45:26",80
"2018-12-11 07:45:25",80
"2018-12-11 08:45:25",80
"2018-12-11 09:45:24",80
"2018-12-11 10:45:24",80
"2018-12-11 11:45:25",80
"2018-12-11 12:45:25",80
"2018-12-11 13:45:24",80
"2018-12-11 15:09:59",80
"2018-12-11 15:45:26",80
"2018-12-11 16:45:26",80
"2018-12-11 17:45:25",80
"2018-12-11 18:45:25",80
"2018-12-11 19:45:26",80
"2018-12-11 20:45:25",80
"2018-12-11 21:45:28",80
"2018-12-11 22:45:26",80
"2018-12-11 23:45:26",80
"2018-12-12 00:45:24",80
"2018-12-12 01:45:24",80
"2018-12-12 02:45:25",80
"2018-12-12 03:45:25",80
"2018-12-12 04:45:24",80
"2018-12-12 05:45:23",80
"2018-12-12 06:45:24",80
"2018-12-12 07:45:24",80
"2018-12-12 08:45:25",80
"2018-12-12 09:45:25",80
"2018-12-12 10:45:25",80
"2018-12-12 11:45:28",80
"2018-12-12 12:45:30",80
"2018-12-12 14:11:05",80
"2018-12-12 14:45:30",80
"2018-12-12 15:45:28",80
"2018-12-12 16:45:28",80
"2018-12-12 17:45:28",80
"2018-12-12 18:45:26",80
"2018-12-12 19:45:27",80
"2018-12-12 20:45:26",80
"2018-12-12 21:45:27",80
"2018-12-12 22:45:28",80
"2018-12-12 23:45:28",80
"2018-12-13 00:45:25",80
"2018-12-13 01:45:27",80
"2018-12-13 02:45:28",80
"2018-12-13 03:45:26",80
"2018-12-13 04:45:33",80
"2018-12-13 05:45:30",80
"2018-12-13 06:45:29",80
"2018-12-13 07:45:27",80
"2018-12-13 08:45:25",80
"2018-12-13 09:45:26",80
"2018-12-13 10:45:25",80
"2018-12-13 11:45:25",80
"2018-12-13 12:45:25",80
"2018-12-13 14:09:30",80
"2018-12-13 14:45:28",80
"2018-12-13 15:45:29",80
"2018-12-13 16:45:26",80
"2018-12-13 17:45:30",80
"2018-12-13 18:45:28",80
"2018-12-13 19:45:28",80
"2018-12-13 20:45:28",80
"2018-12-13 21:45:26",80
"2018-12-13 22:45:28",80
"2018-12-13 23:45:27",80
"2018-12-14 00:45:26",80
"2018-12-14 01:45:26",80
"2018-12-14 02:45:25",80
"2018-12-14 03:45:25",80
"2018-12-14 04:45:30",80
"2018-12-14 05:45:26",80
"2018-12-14 06:45:27",80
"2018-12-14 07:45:27",80
"2018-12-14 08:45:26",80
"2018-12-14 09:45:26",80
"2018-12-14 10:45:26",80
"2018-12-14 11:45:27",80
"2018-12-14 12:45:26",80
"2018-12-14 14:09:30",80
"2018-12-14 14:45:30",80
"2018-12-14 15:45:27",80
"2018-12-14 16:45:26",80
"2018-12-14 17:45:28",80
"2018-12-14 18:45:32",80
"2018-12-14 19:45:31",81
"2018-12-14 20:45:31",81
"2018-12-14 21:45:26",81
"2018-12-14 22:45:30",81
"2018-12-14 23:45:28",81
"2018-12-15 00:45:27",81
"2018-12-15 01:45:29",81
"2018-12-15 02:45:25",81
"2018-12-15 03:45:27",81
"2018-12-15 04:45:26",81
"2018-12-15 05:45:29",81
"2018-12-15 06:45:27",81
"2018-12-15 07:45:26",81
"2018-12-15 08:45:26",81
"2018-12-15 09:45:25",81
"2018-12-15 10:45:26",81
"2018-12-15 11:45:26",81
"2018-12-15 12:45:27",81
"2018-12-15 13:45:26",81
"2018-12-15 14:45:26",81
"2018-12-15 15:45:27",81
"2018-12-15 16:45:26",81
"2018-12-15 17:45:29",81
"2018-12-15 18:45:27",81
"2018-12-15 19:45:26",81
"2018-12-15 20:45:26",81
"2018-12-15 21:45:25",81
"2018-12-15 22:45:26",81
"2018-12-15 23:45:26",81
"2018-12-16 00:45:26",81
"2018-12-16 01:45:26",81
"2018-12-16 02:45:25",81
"2018-12-16 03:45:27",81
"2018-12-16 04:45:31",81
"2018-12-16 05:45:25",81
"2018-12-16 06:45:29",81
"2018-12-16 07:45:27",81
"2018-12-16 08:45:25",81
"2018-12-16 09:45:29",81
"2018-12-16 10:45:26",81
"2018-12-16 11:45:26",81
"2018-12-16 12:45:25",81
"2018-12-16 13:45:26",81
"2018-12-16 14:45:26",81
"2018-12-16 15:45:25",81
"2018-12-16 16:45:25",81
"2018-12-16 17:45:31",81
"2018-12-16 18:45:25",81
"2018-12-16 19:45:27",81
"2018-12-16 20:45:27",81
"2018-12-16 21:45:25",81
"2018-12-16 22:45:30",81
"2018-12-16 23:45:29",81
"2018-12-17 00:45:28",81
"2018-12-17 01:45:26",81
"2018-12-17 02:45:27",81
"2018-12-17 03:45:25",81
"2018-12-17 04:45:33",81
"2018-12-17 05:45:26",81
"2018-12-17 06:45:28",81
"2018-12-17 07:45:26",81
"2018-12-17 08:45:25",81
"2018-12-17 09:45:26",81
"2018-12-17 10:45:26",81
"2018-12-17 11:45:26",81
"2018-12-17 12:45:26",81
"2018-12-17 13:45:31",81
"2018-12-17 14:45:33",81
"2018-12-17 15:45:29",81
"2018-12-17 16:45:29",81
"2018-12-17 17:45:26",81
"2018-12-17 18:45:27",81
"2018-12-17 20:11:01",80
"2018-12-17 20:45:28",80
"2018-12-17 21:45:29",81
"2018-12-17 22:45:29",81
"2018-12-17 23:45:26",81
"2018-12-18 00:45:26",81
"2018-12-18 01:45:28",81
"2018-12-18 02:45:25",81
"2018-12-18 03:45:26",81
"2018-12-18 04:45:25",81
"2018-12-18 05:45:26",81
"2018-12-18 06:45:25",81
"2018-12-18 07:45:26",81
"2018-12-18 08:45:25",81
"2018-12-18 09:45:25",81
"2018-12-18 10:45:26",81
"2018-12-18 11:45:25",81
"2018-12-18 12:45:26",81
"2018-12-18 13:45:26",81
"2018-12-18 14:45:28",81
"2018-12-18 15:45:26",81
"2018-12-18 16:45:26",81
"2018-12-18 17:45:26",81
"2018-12-18 18:45:25",81
"2018-12-18 19:45:25",81
"2018-12-18 20:45:29",81
"2018-12-18 21:45:28",81
"2018-12-18 22:45:34",81
"2018-12-18 23:45:29",81
"2018-12-19 00:45:26",81
"2018-12-19 01:45:27",81
"2018-12-19 02:45:26",81
"2018-12-19 03:45:29",81
"2018-12-19 04:45:29",81
"2018-12-19 05:45:30",81
"2018-12-19 06:45:28",81
"2018-12-19 07:45:27",81
"2018-12-19 08:45:25",81
"2018-12-19 09:45:28",81
"2018-12-19 11:45:26",81
"2018-12-19 12:45:26",81
"2018-12-19 13:45:25",81
"2018-12-19 14:45:28",81
"2018-12-19 15:45:27",81
"2018-12-19 16:45:27",82
"2018-12-19 17:45:24",82
"2018-12-19 18:45:28",82
"2018-12-19 19:45:26",82
"2018-12-19 20:45:27",82
"2018-12-19 21:45:34",82
"2018-12-19 22:45:33",82
"2018-12-19 23:45:33",82
"2018-12-20 00:45:32",82
"2018-12-20 01:45:31",82
"2018-12-20 02:45:30",82
"2018-12-20 03:45:30",82
"2018-12-20 04:45:31",82
"2018-12-20 05:45:26",82
"2018-12-20 06:45:27",82
"2018-12-20 07:45:32",82
"2018-12-20 08:45:30",82
"2018-12-20 09:45:26",82
"2018-12-20 10:45:28",82
"2018-12-20 11:45:26",82
"2018-12-20 12:45:25",82
"2018-12-20 13:45:27",82
"2018-12-20 14:45:31",82
"2018-12-20 15:45:28",82
"2018-12-20 16:45:34",82
"2018-12-20 17:45:29",82
"2018-12-20 18:45:26",82
"2018-12-20 19:45:26",82
"2018-12-20 20:45:31",82
"2018-12-20 21:45:29",82
"2018-12-20 22:45:30",82
"2018-12-20 23:45:30",82
"2018-12-21 00:45:28",82
"2018-12-21 01:45:29",82
"2018-12-21 02:45:30",82
"2018-12-21 03:45:28",82
"2018-12-21 04:45:31",82
"2018-12-21 05:45:26",82
"2018-12-21 06:45:29",82
"2018-12-21 07:45:25",82
"2018-12-21 08:45:25",82
"2018-12-21 09:45:26",82
"2018-12-21 10:45:25",82
"2018-12-21 11:45:26",82
"2018-12-21 12:45:26",82
"2018-12-21 13:45:26",82
"2018-12-21 14:45:29",82
"2018-12-21 15:45:29",82
"2018-12-21 16:45:30",83
"2018-12-21 17:45:30",83
"2018-12-21 18:45:34",83
"2018-12-21 19:45:27",83
"2018-12-21 20:45:34",83
"2018-12-21 21:45:30",83
"2018-12-21 22:45:31",83
"2018-12-21 23:45:28",83
"2018-12-22 00:45:33",83
"2018-12-22 01:45:31",83
"2018-12-22 02:45:33",83
"2018-12-22 03:45:26",83
"2018-12-22 04:45:31",83
"2018-12-22 05:45:26",83
"2018-12-22 06:45:30",83
"2018-12-22 07:45:30",83
"2018-12-22 08:45:25",83
"2018-12-22 09:45:25",83
"2018-12-22 10:45:27",83
"2018-12-22 11:45:25",83
"2018-12-22 12:45:25",83
"2018-12-22 13:45:25",83
"2018-12-22 14:45:26",83
"2018-12-22 15:45:27",83
"2018-12-22 16:45:25",83
"2018-12-22 17:45:27",83
"2018-12-22 18:45:25",83
"2018-12-22 19:45:30",83
"2018-12-22 20:45:28",83
"2018-12-22 21:45:29",83
"2018-12-22 22:45:30",83
"2018-12-22 23:45:27",83
"2018-12-23 00:45:26",83
"2018-12-23 01:45:28",83
"2018-12-23 02:45:26",83
"2018-12-23 03:45:30",83
"2018-12-23 04:45:28",83
"2018-12-23 05:45:26",83
"2018-12-23 06:45:31",83
"2018-12-23 07:45:27",83
"2018-12-23 08:45:29",83
"2018-12-23 09:45:26",83
"2018-12-23 10:45:33",83
"2018-12-23 11:45:30",83
"2018-12-23 12:45:26",83
"2018-12-23 13:45:28",83
"2018-12-23 14:45:29",83
"2018-12-23 15:45:31",83
"2018-12-23 16:45:31",83
"2018-12-23 17:45:32",83
"2018-12-23 18:45:30",83
"2018-12-23 19:45:29",83
"2018-12-23 20:45:32",83
"2018-12-23 21:45:31",83
"2018-12-23 22:45:28",83
"2018-12-23 23:45:26",83
"2018-12-24 00:45:28",83
"2018-12-24 01:45:32",83
"2018-12-24 02:45:32",83
"2018-12-24 03:45:32",83
"2018-12-24 04:45:25",83
"2018-12-24 05:45:28",83
"2018-12-24 06:45:27",83
"2018-12-24 07:45:32",83
"2018-12-24 08:45:26",83
"2018-12-24 09:45:33",83
"2018-12-24 10:45:27",83
"2018-12-24 11:45:29",83
"2018-12-24 12:45:26",83
"2018-12-24 13:45:29",83
"2018-12-24 15:09:09",84
"2018-12-24 15:45:32",84
"2018-12-24 16:45:29",84
"2018-12-24 17:45:31",84
"2018-12-24 18:45:33",84
"2018-12-24 19:45:33",84
"2018-12-24 20:45:33",84
"2018-12-24 21:45:26",84
"2018-12-24 22:45:27",84
"2018-12-24 23:45:25",84
"2018-12-25 00:45:28",84
"2018-12-25 01:45:25",84
"2018-12-25 02:45:30",84
"2018-12-25 03:45:29",84
"2018-12-25 04:45:27",84
"2018-12-25 05:45:28",84
"2018-12-25 06:45:30",84
"2018-12-25 07:45:27",84
"2018-12-25 08:45:27",84
"2018-12-25 09:45:25",84
"2018-12-25 10:45:25",84
"2018-12-25 11:45:25",84
"2018-12-25 12:45:26",84
"2018-12-25 13:45:26",84
"2018-12-25 14:45:26",84
"2018-12-25 15:45:26",84
"2018-12-25 16:45:25",84
"2018-12-25 17:45:29",84
"2018-12-25 18:45:27",84
"2018-12-25 19:45:27",84
"2018-12-25 20:45:27",84
"2018-12-25 21:45:26",84
"2018-12-25 22:45:27",84
"2018-12-25 23:45:26",84
"2018-12-26 00:45:28",84
"2018-12-26 01:45:26",84
"2018-12-26 02:45:27",84
"2018-12-26 03:45:26",84
"2018-12-26 04:45:26",84
"2018-12-26 05:45:25",84
"2018-12-26 06:45:32",84
"2018-12-26 07:45:29",84
"2018-12-26 08:45:30",84
"2018-12-26 09:45:25",84
"2018-12-26 10:45:28",84
"2018-12-26 11:45:25",84
"2018-12-26 12:45:26",84
"2018-12-26 13:45:34",84
"2018-12-26 15:10:38",84
"2018-12-26 15:45:30",84
"2018-12-26 16:45:29",83
"2018-12-26 17:45:30",83
"2018-12-26 18:45:27",83
"2018-12-26 19:45:29",83
"2018-12-26 20:45:32",83
"2018-12-26 21:45:32",83
"2018-12-26 22:45:34",83
"2018-12-26 23:45:32",83
"2018-12-27 00:45:32",83
"2018-12-27 01:45:33",83
"2018-12-27 02:45:32",83
"2018-12-27 03:45:33",83
"2018-12-27 04:45:28",83
"2018-12-27 05:45:31",83
"2018-12-27 06:45:29",83
"2018-12-27 07:45:30",83
"2018-12-27 08:45:27",83
"2018-12-27 09:45:28",83
"2018-12-27 10:45:30",83
"2018-12-27 11:45:27",83
"2018-12-27 12:45:27",83
"2018-12-27 13:45:26",83
"2018-12-27 14:45:30",83
"2018-12-27 15:45:27",83
"2018-12-27 16:45:27",83
"2018-12-27 17:45:32",83
"2018-12-27 18:45:35",83
"2018-12-27 19:45:33",83
"2018-12-27 20:45:30",83
"2018-12-27 21:45:31",83
"2018-12-27 22:45:38",83
"2018-12-27 23:45:40",83
"2018-12-28 00:45:38",83
"2018-12-28 01:45:34",83
"2018-12-28 02:45:35",83
"2018-12-28 03:45:29",83
"2018-12-28 04:45:31",83
"2018-12-28 05:45:28",83
"2018-12-28 06:45:40",83
"2018-12-28 07:45:37",83
"2018-12-28 08:45:34",83
"2018-12-28 09:45:33",83
"2018-12-28 10:45:28",83
"2018-12-28 11:45:30",83
"2018-12-28 12:45:27",83
"2018-12-28 13:45:28",83
"2018-12-28 14:45:30",83
"2018-12-28 16:11:05",83
"2018-12-28 16:45:29",83
"2018-12-28 17:45:35",83
"2018-12-28 18:45:32",83
"2018-12-28 19:45:28",83
"2018-12-28 20:45:32",83
"2018-12-28 21:45:34",82
"2018-12-28 22:45:27",82
"2018-12-28 23:45:31",82
"2018-12-29 00:45:30",82
"2018-12-29 01:45:27",82
"2018-12-29 02:45:29",82
"2018-12-29 03:45:27",82
"2018-12-29 04:45:28",82
"2018-12-29 05:45:29",82
"2018-12-29 06:45:26",82
"2018-12-29 07:45:37",82
"2018-12-29 08:45:34",82
"2018-12-29 09:45:31",82
"2018-12-29 10:45:29",82
"2018-12-29 11:45:29",82
"2018-12-29 12:45:27",82
"2018-12-29 13:45:29",82
"2018-12-29 14:45:27",82
"2018-12-29 15:45:27",82
"2018-12-29 16:45:30",82
"2018-12-29 17:45:27",82
"2018-12-29 18:45:33",82
"2018-12-29 19:45:34",82
"2018-12-29 20:45:28",82
"2018-12-29 21:45:34",82
"2018-12-29 22:45:29",82
"2018-12-29 23:45:35",82
"2018-12-30 00:45:28",82
"2018-12-30 01:45:30",82
"2018-12-30 02:45:26",82
"2018-12-30 03:45:29",82
"2018-12-30 04:45:27",82
"2018-12-30 05:45:27",82
"2018-12-30 06:45:26",82
"2018-12-30 07:45:26",82
"2018-12-30 08:45:26",82
"2018-12-30 09:45:26",82
"2018-12-30 10:45:25",82
"2018-12-30 11:45:27",82
"2018-12-30 12:45:27",82
"2018-12-30 13:45:27",82
"2018-12-30 14:45:27",82
"2018-12-30 15:45:26",82
"2018-12-30 16:45:26",82
"2018-12-30 17:45:28",82
"2018-12-30 18:45:26",82
"2018-12-30 19:45:27",82
"2018-12-30 20:45:27",82
"2018-12-30 21:45:28",82
"2018-12-30 22:45:31",82
"2018-12-30 23:45:29",82
"2018-12-31 00:45:29",82
"2018-12-31 01:45:27",82
"2018-12-31 02:45:26",82
"2018-12-31 03:45:31",82
"2018-12-31 04:45:29",82
"2018-12-31 05:45:31",82
"2018-12-31 06:45:28",82
"2018-12-31 07:45:27",82
"2018-12-31 08:45:27",82
"2018-12-31 09:45:31",82
"2018-12-31 10:45:30",82
"2018-12-31 11:45:27",82
"2018-12-31 12:45:26",82
"2018-12-31 13:45:26",82
"2018-12-31 14:45:34",82
"2018-12-31 15:45:27",83
"2018-12-31 16:45:28",83
"2018-12-31 17:45:30",83
"2018-12-31 18:45:28",83
"2018-12-31 19:45:30",83
"2018-12-31 20:45:30",83
"2018-12-31 21:45:29",83
"2018-12-31 22:45:29",83
"2018-12-31 23:45:26",83
"2019-01-01 00:45:27",83
"2019-01-01 01:45:30",83
"2019-01-01 02:45:28",83
"2019-01-01 03:45:27",83
"2019-01-01 04:45:28",83
"2019-01-01 05:45:27",83
"2019-01-01 06:45:27",83
"2019-01-01 07:45:26",83
"2019-01-01 08:45:28",83
"2019-01-01 09:45:25",83
"2019-01-01 10:45:26",83
"2019-01-01 11:45:26",83
"2019-01-01 12:45:26",83
"2019-01-01 13:45:27",83
"2019-01-01 14:45:27",83
"2019-01-01 15:45:27",83
"2019-01-01 16:45:27",83
"2019-01-01 17:45:28",83
"2019-01-01 18:45:26",83
"2019-01-01 19:45:26",83
"2019-01-01 20:45:25",83
"2019-01-01 21:45:27",83
"2019-01-01 22:45:30",83
"2019-01-01 23:45:26",83
"2019-01-02 00:45:28",83
"2019-01-02 01:45:26",83
"2019-01-02 02:45:29",83
"2019-01-02 03:45:27",83
"2019-01-02 04:45:27",83
"2019-01-02 05:45:30",83
"2019-01-02 06:45:27",83
"2019-01-02 07:45:28",83
"2019-01-02 08:45:27",83
"2019-01-02 09:45:27",83
"2019-01-02 10:45:30",83
"2019-01-02 11:45:26",83
"2019-01-02 12:45:26",83
"2019-01-02 13:45:26",83
"2019-01-02 15:10:36",83
"2019-01-02 15:45:30",83
"2019-01-02 16:45:26",83
"2019-01-02 17:45:26",83
"2019-01-02 18:45:30",83
"2019-01-02 19:45:31",83
"2019-01-02 20:45:29",83
"2019-01-02 21:45:26",83
"2019-01-02 22:45:28",83
"2019-01-02 23:45:33",83
"2019-01-03 00:45:29",83
"2019-01-03 01:45:26",83
"2019-01-03 02:45:28",83
"2019-01-03 03:45:26",83
"2019-01-03 05:45:31",83
"2019-01-03 06:45:27",83
"2019-01-03 07:45:28",83
"2019-01-03 08:45:27",83
"2019-01-03 09:45:27",83
"2019-01-03 10:45:27",83
"2019-01-03 11:45:27",83
"2019-01-03 12:45:27",83
"2019-01-03 13:45:25",83
"2019-01-03 14:45:33",83
"2019-01-03 15:45:33",83
"2019-01-03 16:45:33",83
"2019-01-03 17:45:35",83
"2019-01-03 18:45:30",83
"2019-01-03 19:45:32",83
"2019-01-03 20:45:28",83
"2019-01-03 21:45:31",82
"2019-01-03 22:45:34",82
"2019-01-03 23:45:27",82
"2019-01-04 00:45:31",82
"2019-01-04 01:45:29",82
"2019-01-04 02:45:34",82
"2019-01-04 03:45:28",82
"2019-01-04 04:45:28",82
"2019-01-04 05:45:31",82
"2019-01-04 06:45:32",82
"2019-01-04 07:45:27",82
"2019-01-04 08:45:30",82
"2019-01-04 09:45:31",82
"2019-01-04 10:45:27",82
"2019-01-04 11:45:28",82
"2019-01-04 12:45:27",82
"2019-01-04 13:45:27",82
"2019-01-04 15:10:22",82
"2019-01-04 15:45:32",82
"2019-01-04 16:45:30",82
"2019-01-04 17:45:28",82
"2019-01-04 18:45:31",82
"2019-01-04 19:45:33",82
"2019-01-04 20:45:30",82
"2019-01-04 21:45:30",82
"2019-01-04 22:45:26",82
"2019-01-04 23:45:29",82
"2019-01-05 00:45:32",82
"2019-01-05 01:45:28",82
"2019-01-05 02:45:30",82
"2019-01-05 03:45:27",82
"2019-01-05 04:45:28",82
"2019-01-05 05:45:27",82
"2019-01-05 06:45:26",82
"2019-01-05 07:45:27",82
"2019-01-05 08:45:31",82
"2019-01-05 09:45:30",82
"2019-01-05 10:45:27",82
"2019-01-05 11:45:26",82
"2019-01-05 12:45:26",82
"2019-01-05 13:45:27",82
"2019-01-05 14:45:26",82
"2019-01-05 15:45:27",82
"2019-01-05 16:45:26",82
"2019-01-05 17:45:27",82
"2019-01-05 18:45:27",82
"2019-01-05 19:45:34",82
"2019-01-05 20:45:29",82
"2019-01-05 21:45:29",82
"2019-01-05 22:45:27",82
"2019-01-05 23:45:26",82
"2019-01-06 00:45:27",82
"2019-01-06 01:45:27",82
"2019-01-06 02:45:27",82
"2019-01-06 03:45:27",82
"2019-01-06 04:45:27",82
"2019-01-06 05:45:27",82
"2019-01-06 06:45:25",82
"2019-01-06 07:45:28",82
"2019-01-06 08:45:25",82
"2019-01-06 09:45:25",82
"2019-01-06 10:45:26",82
"2019-01-06 11:45:26",82
"2019-01-06 12:45:27",82
"2019-01-06 13:45:26",82
"2019-01-06 14:45:26",82
"2019-01-06 15:45:27",82
"2019-01-06 16:45:26",82
"2019-01-06 17:45:27",82
"2019-01-06 18:45:26",82
"2019-01-06 19:45:26",82
"2019-01-06 20:45:26",82
"2019-01-06 21:45:26",82
"2019-01-06 22:45:26",82
"2019-01-06 23:45:27",82
"2019-01-07 00:45:26",82
"2019-01-07 01:45:26",82
"2019-01-07 02:45:29",82
"2019-01-07 03:45:28",82
"2019-01-07 04:45:27",82
"2019-01-07 05:45:26",82
"2019-01-07 06:45:27",82
"2019-01-07 07:45:26",82
"2019-01-07 08:45:26",82
"2019-01-07 09:45:28",82
"2019-01-07 10:45:31",82
"2019-01-07 11:45:28",82
"2019-01-07 12:45:29",82
"2019-01-07 14:10:59",82
"2019-01-07 14:45:29",82
"2019-01-07 15:45:32",81
"2019-01-07 16:45:32",81
"2019-01-07 17:45:32",81
"2019-01-07 18:45:30",81
"2019-01-07 19:45:27",81
"2019-01-07 20:45:32",81
"2019-01-07 21:45:30",81
"2019-01-07 22:45:28",81
"2019-01-07 23:45:33",81
"2019-01-08 00:45:25",81
"2019-01-08 01:45:28",81
"2019-01-08 02:45:31",81
"2019-01-08 03:45:30",81
"2019-01-08 04:45:28",81
"2019-01-08 05:45:29",81
"2019-01-08 06:45:27",81
"2019-01-08 07:45:27",81
"2019-01-08 08:45:28",81
"2019-01-08 09:45:27",81
"2019-01-08 10:45:29",81
"2019-01-08 11:45:30",81
"2019-01-08 12:45:29",81
"2019-01-08 13:45:31",81
"2019-01-08 14:45:33",81
"2019-01-08 15:45:32",81
"2019-01-08 16:45:30",81
"2019-01-08 17:45:28",81
"2019-01-08 18:45:29",81
"2019-01-08 19:45:28",81
"2019-01-08 20:45:27",81
"2019-01-08 21:45:30",81
"2019-01-08 22:45:28",81
"2019-01-08 23:45:31",81
"2019-01-09 00:45:31",81
"2019-01-09 01:45:29",81
"2019-01-09 02:46:22",81
"2019-01-09 04:45:32",81
"2019-01-09 05:45:32",81
"2019-01-09 06:45:29",81
"2019-01-09 07:45:37",81
"2019-01-09 08:45:36",81
"2019-01-09 09:45:29",81
"2019-01-09 10:45:30",80
"2019-01-09 11:45:28",80
"2019-01-09 12:45:27",80
"2019-01-09 14:11:01",80
"2019-01-09 14:45:35",80
"2019-01-09 15:45:31",80
"2019-01-09 16:45:33",80
"2019-01-09 17:45:30",81
"2019-01-09 18:45:31",81
"2019-01-09 19:45:31",81
"2019-01-09 20:45:37",82
"2019-01-09 21:45:31",83
"2019-01-09 22:45:30",83
"2019-01-09 23:45:29",83
"2019-01-10 00:45:27",83
"2019-01-10 01:45:27",83
"2019-01-10 02:45:28",83
"2019-01-10 03:45:27",83
"2019-01-10 04:45:27",83
"2019-01-10 05:45:28",83
"2019-01-10 06:45:26",83
"2019-01-10 07:45:29",83
"2019-01-10 08:45:28",83
"2019-01-10 09:45:27",83
"2019-01-10 10:45:27",83
"2019-01-10 11:45:26",83
"2019-01-10 12:45:26",83
"2019-01-10 13:45:29",83
"2019-01-10 15:10:07",83
"2019-01-10 15:45:32",83
"2019-01-10 16:45:31",83
"2019-01-10 17:45:31",83
"2019-01-10 18:45:28",83
"2019-01-10 19:45:28",83
"2019-01-10 20:45:33",83
"2019-01-10 21:45:31",83
"2019-01-10 22:45:28",83
"2019-01-10 23:45:29",83
"2019-01-11 00:45:30",83
"2019-01-11 01:45:28",83
"2019-01-11 02:45:30",83
"2019-01-11 03:45:29",83
"2019-01-11 04:45:30",83
"2019-01-11 05:45:30",83
"2019-01-11 06:45:27",83
"2019-01-11 07:45:34",83
"2019-01-11 08:45:29",83
"2019-01-11 09:45:29",83
"2019-01-11 10:45:28",83
"2019-01-11 11:45:28",83
"2019-01-11 12:45:29",83
"2019-01-11 13:45:28",83
"2019-01-11 14:45:33",83
"2019-01-11 15:45:33",83
"2019-01-11 16:45:28",83
"2019-01-11 17:45:30",83
"2019-01-11 18:45:28",83
"2019-01-11 19:45:33",83
"2019-01-11 20:45:31",83
"2019-01-11 21:45:27",83
"2019-01-11 22:45:29",83
"2019-01-11 23:45:27",83
"2019-01-12 00:45:28",83
"2019-01-12 01:45:31",83
"2019-01-12 02:45:27",83
"2019-01-12 03:45:29",83
"2019-01-12 04:45:26",83
"2019-01-12 05:45:26",83
"2019-01-12 06:45:28",83
"2019-01-12 07:45:25",83
"2019-01-12 08:45:26",83
"2019-01-12 09:45:28",83
"2019-01-12 10:45:27",83
"2019-01-12 11:45:26",83
"2019-01-12 12:45:26",83
"2019-01-12 13:45:26",83
"2019-01-12 14:45:27",83
"2019-01-12 15:45:26",83
"2019-01-12 16:45:30",83
"2019-01-12 17:45:28",83
"2019-01-12 18:45:25",83
"2019-01-12 19:45:30",83
"2019-01-12 20:45:28",83
"2019-01-12 21:45:26",83
"2019-01-12 22:45:27",83
"2019-01-12 23:45:34",83
"2019-01-13 00:45:27",83
"2019-01-13 01:45:26",83
"2019-01-13 02:45:27",83
"2019-01-13 03:45:27",83
"2019-01-13 04:45:29",83
"2019-01-13 05:45:28",83
"2019-01-13 06:45:27",83
"2019-01-13 07:45:27",83
"2019-01-13 08:45:26",83
"2019-01-13 09:45:29",83
"2019-01-13 10:45:37",83
"2019-01-13 11:45:31",83
"2019-01-13 12:45:26",83
"2019-01-13 13:45:27",83
"2019-01-13 14:45:26",83
"2019-01-13 15:45:27",83
"2019-01-13 16:45:26",83
"2019-01-13 17:45:27",83
"2019-01-13 18:45:27",83
"2019-01-13 19:45:27",83
"2019-01-13 20:45:29",83
"2019-01-13 21:45:27",83
"2019-01-13 22:45:29",83
"2019-01-13 23:45:27",83
"2019-01-14 00:45:27",83
"2019-01-14 01:45:28",83
"2019-01-14 02:45:27",83
"2019-01-14 03:45:27",83
"2019-01-14 04:45:28",83
"2019-01-14 05:45:28",83
"2019-01-14 06:45:26",83
"2019-01-14 07:45:26",83
"2019-01-14 08:45:26",83
"2019-01-14 09:45:27",83
"2019-01-14 10:45:28",83
"2019-01-14 11:45:27",83
"2019-01-14 12:45:27",83
"2019-01-14 13:45:28",83
"2019-01-14 14:45:29",83
"2019-01-14 15:45:32",83
"2019-01-14 16:45:29",83
"2019-01-14 17:45:28",83
"2019-01-14 18:45:29",83
"2019-01-14 19:45:32",83
"2019-01-14 20:45:27",83
"2019-01-14 21:45:28",83
"2019-01-14 22:45:27",83
"2019-01-14 23:45:27",83
"2019-01-15 00:45:27",83
"2019-01-15 01:45:26",83
"2019-01-15 02:45:27",83
"2019-01-15 03:45:27",83
"2019-01-15 04:45:33",83
"2019-01-15 05:45:26",83
"2019-01-15 06:45:26",83
"2019-01-15 07:45:26",83
"2019-01-15 08:45:26",83
"2019-01-15 09:45:26",83
"2019-01-15 10:45:26",83
"2019-01-15 11:45:26",83
"2019-01-15 12:45:27",83
"2019-01-15 13:45:26",83
"2019-01-15 14:45:33",83
"2019-01-15 15:45:30",83
"2019-01-15 16:45:32",83
"2019-01-15 17:45:27",83
"2019-01-15 18:45:27",83
"2019-01-15 19:45:27",83
"2019-01-15 20:45:29",83
"2019-01-15 21:45:28",83
"2019-01-15 22:45:29",83
"2019-01-15 23:45:30",83
"2019-01-16 00:45:27",83
"2019-01-16 01:45:37",83
"2019-01-16 02:45:27",83
"2019-01-16 03:45:25",83
"2019-01-16 04:45:27",83
"2019-01-16 05:45:25",83
"2019-01-16 06:45:26",83
"2019-01-16 07:45:26",83
"2019-01-16 08:45:25",83
"2019-01-16 09:45:26",83
"2019-01-16 10:45:25",83
"2019-01-16 11:45:24",83
"2019-01-16 12:45:25",83
"2019-01-16 14:12:01",83
"2019-01-16 15:11:01",83
"2019-01-16 15:45:28",83
"2019-01-16 16:45:27",83
"2019-01-16 17:45:26",83
"2019-01-16 18:45:33",83
"2019-01-16 19:45:28",83
"2019-01-16 20:45:26",83
"2019-01-16 21:45:27",83
"2019-01-16 22:45:26",83
"2019-01-16 23:45:24",83
"2019-01-17 00:45:26",83
"2019-01-17 01:45:27",83
"2019-01-17 02:45:30",83
"2019-01-17 03:45:27",83
"2019-01-17 04:45:28",83
"2019-01-17 05:45:26",83
"2019-01-17 06:45:26",83
"2019-01-17 07:45:26",83
"2019-01-17 08:45:25",83
"2019-01-17 09:45:27",83
"2019-01-17 10:45:27",83
"2019-01-17 11:45:27",83
"2019-01-17 12:45:25",83
"2019-01-17 13:45:25",83
"2019-01-17 15:11:33",84
"2019-01-17 15:45:31",84
"2019-01-17 16:45:27",84
"2019-01-17 17:45:27",84
"2019-01-17 18:45:28",84
"2019-01-17 19:45:31",84
"2019-01-17 20:45:30",84
"2019-01-17 21:45:27",84
"2019-01-17 22:45:27",84
"2019-01-17 23:45:26",84
"2019-01-18 00:45:28",84
"2019-01-18 01:45:28",84
"2019-01-18 02:45:26",84
"2019-01-18 03:45:31",84
"2019-01-18 04:45:28",84
"2019-01-18 05:45:27",84
"2019-01-18 06:45:27",84
"2019-01-18 07:45:27",84
"2019-01-18 08:45:26",84
"2019-01-18 09:45:28",84
"2019-01-18 10:45:27",84
"2019-01-18 11:45:26",84
"2019-01-18 12:45:27",84
"2019-01-18 13:45:27",84
"2019-01-18 14:45:32",84
"2019-01-18 15:45:32",84
"2019-01-18 16:45:31",84
"2019-01-18 17:45:30",83
"2019-01-18 18:45:29",83
"2019-01-18 19:45:26",82
"2019-01-18 20:45:30",82
"2019-01-18 21:45:27",82
"2019-01-18 22:45:26",82
"2019-01-18 23:45:27",82
"2019-01-19 00:45:27",82
"2019-01-19 01:45:28",82
"2019-01-19 02:45:27",82
"2019-01-19 03:45:27",82
"2019-01-19 04:45:28",82
"2019-01-19 05:45:27",82
"2019-01-19 06:45:27",82
"2019-01-19 07:45:26",82
"2019-01-19 08:45:27",82
"2019-01-19 09:45:27",82
"2019-01-19 10:45:28",82
"2019-01-19 11:45:26",82
"2019-01-19 12:45:25",82
"2019-01-19 13:45:27",82
"2019-01-19 14:45:26",82
"2019-01-19 15:45:29",82
"2019-01-19 16:45:27",82
"2019-01-19 17:45:27",82
"2019-01-19 18:45:26",82
"2019-01-19 19:45:26",82
"2019-01-19 20:45:26",82
"2019-01-19 21:45:26",82
"2019-01-19 22:45:27",82
"2019-01-19 23:45:27",82
"2019-01-20 00:45:28",82
"2019-01-20 01:45:26",82
"2019-01-20 02:45:28",82
"2019-01-20 03:45:27",82
"2019-01-20 04:45:29",82
"2019-01-20 05:45:27",82
"2019-01-20 06:45:27",82
"2019-01-20 07:45:27",82
"2019-01-20 08:45:27",82
"2019-01-20 09:45:26",82
"2019-01-20 10:45:26",82
"2019-01-20 11:45:27",82
"2019-01-20 12:45:27",82
"2019-01-20 13:45:26",82
"2019-01-20 14:45:26",82
"2019-01-20 15:45:27",82
"2019-01-20 16:45:28",82
"2019-01-20 17:45:27",82
"2019-01-20 18:45:27",82
"2019-01-20 19:45:27",82
"2019-01-20 20:45:27",82
"2019-01-20 21:45:27",82
"2019-01-20 22:45:27",82
"2019-01-20 23:45:28",82
"2019-01-21 00:45:27",82
"2019-01-21 01:45:27",82
"2019-01-21 02:45:27",82
"2019-01-21 03:45:27",82
"2019-01-21 04:45:28",82
"2019-01-21 05:45:27",82
"2019-01-21 06:45:26",82
"2019-01-21 07:45:26",82
"2019-01-21 08:45:27",82
"2019-01-21 09:45:28",82
"2019-01-21 10:45:27",82
"2019-01-21 11:45:26",82
"2019-01-21 12:45:27",82
"2019-01-21 13:45:25",82
"2019-01-21 14:45:26",82
"2019-01-21 15:45:25",82
"2019-01-21 16:45:26",82
"2019-01-21 17:45:26",82
"2019-01-21 18:45:26",82
"2019-01-21 19:45:26",82
"2019-01-21 20:45:27",82
"2019-01-21 21:45:25",82
"2019-01-21 22:45:27",82
"2019-01-21 23:45:26",82
"2019-01-22 00:45:27",82
"2019-01-22 01:45:25",82
"2019-01-22 02:45:27",82
"2019-01-22 03:45:26",82
"2019-01-22 04:45:30",82
"2019-01-22 05:45:29",82
"2019-01-22 06:45:26",82
"2019-01-22 07:45:26",82
"2019-01-22 08:45:26",82
"2019-01-22 09:45:26",82
"2019-01-22 10:45:26",82
"2019-01-22 11:45:25",82
"2019-01-22 12:45:26",82
"2019-01-22 13:45:26",82
"2019-01-22 14:45:27",82
"2019-01-22 15:45:27",82
"2019-01-22 16:45:27",83
"2019-01-22 17:45:27",82
"2019-01-22 18:45:26",82
"2019-01-22 19:45:30",82
"2019-01-22 20:45:28",82
"2019-01-22 21:45:29",82
"2019-01-22 22:45:26",82
"2019-01-22 23:45:26",82
"2019-01-23 00:45:27",82
"2019-01-23 01:45:27",82
"2019-01-23 02:45:26",82
"2019-01-23 03:45:28",82
"2019-01-23 04:45:27",82
"2019-01-23 05:45:27",82
"2019-01-23 06:45:29",82
"2019-01-23 07:45:29",82
"2019-01-23 08:45:28",82
"2019-01-23 09:45:30",82
"2019-01-23 10:45:28",82
"2019-01-23 11:45:26",82
"2019-01-23 12:45:26",82
"2019-01-23 13:45:26",82
"2019-01-23 15:09:30",82
"2019-01-23 15:45:27",82
"2019-01-23 16:45:26",82
"2019-01-23 17:45:27",82
"2019-01-23 18:45:27",82
"2019-01-23 19:45:26",82
"2019-01-23 20:45:26",82
"2019-01-23 21:45:27",82
"2019-01-23 22:45:26",82
"2019-01-23 23:45:27",82
"2019-01-30 08:17:31",86
"2019-01-30 08:23:33",86
"2019-01-30 08:51:03",86
"2019-01-30 08:51:06",86
"2019-01-30 09:50:57",86
"2019-01-30 09:51:03",86
"2019-01-30 10:51:01",86
"2019-01-30 10:51:04",86
"2019-01-30 11:50:56",86
"2019-01-30 11:51:07",86
"2019-01-30 12:51:02",86
"2019-01-30 12:51:06",86
"2019-01-30 13:50:59",86
"2019-01-30 13:51:02",86
"2019-01-30 14:50:56",86
"2019-01-30 14:51:07",86
"2019-01-30 15:51:03",86
"2019-01-30 15:51:07",86
"2019-01-30 16:51:00",86
"2019-01-30 16:51:03",86
"2019-01-30 17:50:58",86
"2019-01-30 17:51:08",86
"2019-01-30 18:50:56",86
"2019-01-30 18:51:07",86
"2019-01-30 19:51:07",86
"2019-01-30 19:51:11",86
"2019-01-30 20:46:37",85
"2019-01-30 21:51:02",85
"2019-01-30 21:51:05",85
"2019-01-30 22:51:02",85
"2019-01-30 22:51:06",85
"2019-01-30 23:51:06",85
"2019-01-30 23:51:09",85
"2019-01-31 00:51:06",85
"2019-01-31 00:51:09",85
"2019-01-31 01:51:02",85
"2019-01-31 01:51:05",85
"2019-01-31 02:51:03",85
"2019-01-31 02:51:06",85
"2019-01-31 03:51:03",85
"2019-01-31 03:51:04",85
"2019-01-31 04:51:01",85
"2019-01-31 04:51:05",85
"2019-01-31 05:51:03",85
"2019-01-31 05:51:06",85
"2019-01-31 06:51:03",85
"2019-01-31 06:51:06",85
"2019-01-31 08:18:58",85
"2019-01-31 08:45:33",85
"2019-01-31 10:09:06",85
"2019-01-31 10:45:33",85
"2019-01-31 11:45:32",85
"2019-01-31 12:45:31",85
"2019-01-31 13:45:33",85
"2019-01-31 15:45:34",85
"2019-01-31 16:45:38",85
"2019-01-31 17:45:35",85
"2019-01-31 18:45:35",85
"2019-01-31 19:45:37",85
"2019-01-31 20:45:36",85
"2019-01-31 21:45:34",85
"2019-01-31 22:45:32",85
"2019-01-31 23:45:31",85
"2019-02-01 00:45:32",85
"2019-02-01 01:45:34",85
"2019-02-01 02:45:37",85
"2019-02-01 03:45:35",85
"2019-02-01 04:45:33",85
"2019-02-01 05:45:33",85
"2019-02-01 06:45:34",85
"2019-02-01 07:45:36",85
"2019-02-01 08:45:33",85
"2019-02-01 09:45:33",85
"2019-02-01 10:45:33",85
"2019-02-01 11:45:34",85
"2019-02-01 12:45:32",85
"2019-02-01 13:45:34",85
"2019-02-01 14:45:35",85
"2019-02-01 15:45:34",85
"2019-02-01 16:45:36",85
"2019-02-01 17:45:33",85
"2019-02-01 18:45:41",85
"2019-02-01 19:45:37",85
"2019-02-01 20:45:33",85
"2019-02-01 21:45:38",85
"2019-02-01 22:45:36",85
"2019-02-02 00:10:38",85
"2019-02-02 00:45:34",85
"2019-02-02 01:45:34",85
"2019-02-02 02:45:34",85
"2019-02-02 03:45:33",85
"2019-02-02 04:45:34",85
"2019-02-02 05:45:33",85
"2019-02-02 06:45:33",85
"2019-02-02 07:45:33",85
"2019-02-02 08:45:32",85
"2019-02-02 09:45:32",85
"2019-02-02 10:45:31",85
"2019-02-02 11:45:32",85
"2019-02-02 12:45:33",85
"2019-02-02 13:45:34",85
"2019-02-02 14:45:35",85
"2019-02-02 15:45:33",85
"2019-02-02 16:45:39",85
"2019-02-02 17:45:36",85
"2019-02-02 18:45:35",85
"2019-02-02 19:45:33",85
"2019-02-02 20:45:36",85
"2019-02-02 21:45:33",85
"2019-02-02 22:45:34",85
"2019-02-02 23:45:34",85
"2019-02-03 00:45:34",85
"2019-02-03 01:45:34",85
"2019-02-03 02:45:35",85
"2019-02-03 03:45:35",85
"2019-02-03 04:45:34",85
"2019-02-03 05:45:30",85
"2019-02-03 06:45:34",85
"2019-02-03 07:45:33",85
"2019-02-03 08:45:32",85
"2019-02-03 09:45:33",85
"2019-02-03 10:45:31",85
"2019-02-03 11:45:34",85
"2019-02-03 12:45:34",85
"2019-02-03 13:45:34",85
"2019-02-03 14:45:35",85
"2019-02-03 15:45:32",85
"2019-02-03 16:45:33",85
"2019-02-03 17:45:34",85
"2019-02-03 18:45:37",85
"2019-02-03 19:45:32",85
"2019-02-03 20:45:34",85
"2019-02-03 21:45:37",85
"2019-02-03 22:45:37",85
"2019-02-03 23:45:36",85
"2019-02-04 00:45:35",85
"2019-02-04 01:45:33",85
"2019-02-04 02:45:37",85
"2019-02-04 03:45:35",85
"2019-02-04 04:45:35",85
"2019-02-04 05:45:32",85
"2019-02-04 06:45:33",85
"2019-02-04 07:45:32",85
"2019-02-04 08:45:33",85
"2019-02-04 09:45:33",85
"2019-02-04 10:45:34",85
"2019-02-04 11:45:34",85
"2019-02-04 12:45:31",85
"2019-02-04 13:45:33",85
"2019-02-04 14:45:35",85
"2019-02-04 15:45:36",86
"2019-02-04 16:45:34",86
"2019-02-04 17:45:34",86
"2019-02-04 18:45:36",85
"2019-02-04 19:45:33",85
"2019-02-04 20:45:37",85
"2019-02-04 21:45:36",85
"2019-02-04 22:45:36",85
"2019-02-04 23:45:35",85
"2019-02-05 00:45:35",85
"2019-02-05 01:45:40",85
"2019-02-05 02:45:37",85
"2019-02-05 03:45:36",85
"2019-02-05 04:45:52",85
"2019-02-05 05:45:35",85
"2019-02-05 06:45:35",85
"2019-02-05 07:45:35",85
"2019-02-05 08:45:37",85
"2019-02-05 09:45:35",85
"2019-02-05 10:45:35",85
"2019-02-05 11:45:33",85
"2019-02-05 12:45:33",85
"2019-02-05 13:45:34",85
"2019-02-05 14:45:36",85
"2019-02-05 15:45:34",85
"2019-02-05 16:45:38",85
"2019-02-05 17:45:36",85
"2019-02-05 18:45:40",85
"2019-02-05 19:45:38",85
"2019-02-05 20:45:37",85
"2019-02-05 21:45:35",85
"2019-02-05 22:45:37",85
"2019-02-05 23:45:40",85
"2019-02-06 00:45:36",85
"2019-02-06 01:45:35",85
"2019-02-06 02:45:35",85
"2019-02-06 03:45:37",85
"2019-02-06 04:45:36",85
"2019-02-06 05:45:36",85
"2019-02-06 06:45:39",85
"2019-02-06 07:45:37",85
"2019-02-06 08:45:30",85
"2019-02-06 09:45:30",85
"2019-02-07 02:45:45",85
"2019-02-07 03:45:34",85
"2019-02-07 04:45:33",85
"2019-02-07 05:45:34",85
"2019-02-07 06:45:32",85
"2019-02-07 07:45:32",85
"2019-02-07 08:45:33",85
"2019-02-07 09:45:33",85
"2019-02-07 10:45:37",85
"2019-02-07 11:45:39",85
"2019-02-07 12:45:36",85
"2019-02-07 13:45:37",85
"2019-02-07 15:09:09",85
"2019-02-07 15:45:38",85
"2019-02-07 16:45:40",85
"2019-02-07 17:45:36",85
"2019-02-07 18:45:43",85
"2019-02-07 19:45:41",85
"2019-02-07 20:45:39",86
"2019-02-07 21:45:37",86
"2019-02-07 22:45:36",86
"2019-02-07 23:45:37",86
"2019-02-08 00:46:08",86
"2019-02-08 01:45:36",86
"2019-02-08 02:45:37",86
"2019-02-08 03:45:42",86
"2019-02-08 04:45:37",86
"2019-02-08 05:45:36",86
"2019-02-08 06:45:34",86
"2019-02-08 07:45:35",86
"2019-02-08 08:45:34",86
"2019-02-08 09:45:37",86
"2019-02-08 10:45:36",86
"2019-02-08 11:45:38",86
"2019-02-08 12:45:38",86
"2019-02-08 13:45:38",86
"2019-02-08 15:10:11",86
"2019-02-08 15:45:36",86
"2019-02-08 16:45:38",86
"2019-02-08 17:45:41",86
"2019-02-08 18:45:43",86
"2019-02-08 19:45:44",86
"2019-02-08 20:45:41",86
"2019-02-08 21:45:40",86
"2019-02-08 22:45:38",86
"2019-02-08 23:45:37",86
"2019-02-09 00:45:38",86
"2019-02-09 01:45:37",86
"2019-02-09 02:45:38",86
"2019-02-09 03:45:37",86
"2019-02-09 04:45:41",86
"2019-02-09 05:45:38",86
"2019-02-09 06:45:38",86
"2019-02-09 07:45:37",86
"2019-02-09 08:45:36",86
"2019-02-09 09:45:37",86
"2019-02-09 10:45:37",86
"2019-02-09 11:45:35",86
"2019-02-09 12:45:39",86
"2019-02-09 13:45:37",86
"2019-02-09 14:45:38",86
"2019-02-09 15:45:40",86
"2019-02-09 16:45:40",86
"2019-02-09 17:45:40",86
"2019-02-09 18:45:38",86
"2019-02-09 19:45:39",86
"2019-02-09 20:45:39",86
"2019-02-09 21:45:40",86
"2019-02-09 22:45:38",86
"2019-02-09 23:45:39",86
"2019-02-10 00:45:38",86
"2019-02-10 01:45:40",86
"2019-02-10 02:45:39",86
"2019-02-10 03:45:38",86
"2019-02-10 04:45:43",86
"2019-02-10 05:45:44",86
"2019-02-10 06:45:42",86
"2019-02-10 07:45:37",86
"2019-02-10 08:45:38",86
"2019-02-10 09:45:37",86
"2019-02-10 10:45:36",86
"2019-02-10 11:45:37",86
"2019-02-10 12:45:37",86
"2019-02-10 13:45:39",86
"2019-02-10 14:45:39",86
"2019-02-10 15:45:42",86
"2019-02-10 16:45:42",86
"2019-02-10 17:45:40",86
"2019-02-10 18:45:40",86
"2019-02-10 19:45:42",86
"2019-02-10 20:45:40",86
"2019-02-10 21:45:38",86
"2019-02-10 22:45:41",86
"2019-02-10 23:45:42",86
"2019-02-11 00:45:41",86
"2019-02-11 01:45:41",86
"2019-02-11 02:45:44",86
"2019-02-11 03:45:43",86
"2019-02-11 04:45:45",86
"2019-02-11 05:45:42",86
"2019-02-11 06:45:42",86
"2019-02-11 07:45:38",86
"2019-02-11 08:45:38",86
"2019-02-11 09:45:38",86
"2019-02-11 10:45:42",86
"2019-02-11 11:45:37",86
"2019-02-11 12:45:37",86
"2019-02-11 13:45:38",86
"2019-02-11 14:45:38",86
"2019-02-11 15:45:37",86
"2019-02-11 16:45:39",86
"2019-02-11 17:45:40",85
"2019-02-11 18:45:39",85
"2019-02-11 19:45:38",85
"2019-02-11 20:45:38",85
"2019-02-11 21:45:36",85
"2019-02-11 22:45:36",85
"2019-02-11 23:45:38",85
"2019-02-12 00:45:37",85
"2019-02-12 01:45:35",85
"2019-02-12 02:45:43",85
"2019-02-12 03:45:38",85
"2019-02-12 04:45:40",85
"2019-02-12 05:45:38",85
"2019-02-12 06:45:38",85
"2019-02-12 07:45:39",85
"2019-02-12 08:45:38",85
"2019-02-12 09:45:39",85
"2019-02-12 10:45:40",85
"2019-02-12 11:45:40",85
"2019-02-12 12:45:38",85
"2019-02-12 13:45:40",85
"2019-02-12 14:45:39",85
"2019-02-12 15:45:43",85
"2019-02-12 16:45:38",85
"2019-02-12 17:45:38",85
"2019-02-12 18:45:39",85
"2019-02-12 19:45:40",85
"2019-02-12 20:45:39",84
"2019-02-12 21:45:40",84
"2019-02-12 22:45:40",84
"2019-02-12 23:45:38",84
"2019-02-13 00:45:40",84
"2019-02-13 01:45:42",84
"2019-02-13 02:45:40",84
"2019-02-13 03:45:40",84
"2019-02-13 04:45:41",84
"2019-02-13 05:45:41",84
"2019-02-13 06:45:39",84
"2019-02-13 07:45:39",84
"2019-02-13 08:45:37",84
"2019-02-13 09:45:37",84
"2019-02-13 10:45:39",84
"2019-02-13 11:45:38",84
"2019-02-13 12:45:40",84
"2019-02-13 13:45:38",84
"2019-02-13 14:45:38",84
"2019-02-13 15:45:40",84
"2019-02-13 16:45:37",84
"2019-02-13 17:45:41",84
"2019-02-13 18:45:36",84
"2019-02-13 19:45:36",84
"2019-02-13 20:45:37",84
"2019-02-13 21:45:36",84
"2019-02-13 22:45:41",84
"2019-02-13 23:45:40",84
"2019-02-14 00:45:38",84
"2019-02-14 01:45:41",84
"2019-02-14 02:45:41",84
"2019-02-14 03:45:42",84
"2019-02-14 04:45:39",84
"2019-02-14 05:45:42",84
"2019-02-14 06:45:38",84
"2019-02-14 07:45:39",84
"2019-02-14 08:45:36",84
"2019-02-14 09:45:36",84
"2019-02-14 10:45:37",84
"2019-02-14 11:45:39",84
"2019-02-14 12:45:38",84
"2019-02-14 13:45:39",84
"2019-02-14 14:45:39",84
"2019-02-14 15:45:40",84
"2019-02-14 16:45:36",84
"2019-02-14 17:45:39",84
"2019-02-14 18:45:39",84
"2019-02-14 19:45:39",84
"2019-02-14 20:45:41",84
"2019-02-14 21:45:39",84
"2019-02-14 22:45:42",84
"2019-02-15 00:45:42",84
"2019-02-15 01:45:43",84
"2019-02-15 02:45:44",84
"2019-02-15 03:45:45",84
"2019-02-15 04:45:46",84
"2019-02-15 05:45:39",84
"2019-02-15 06:45:37",84
"2019-02-15 07:45:40",84
"2019-02-15 08:45:38",84
"2019-02-15 09:45:40",84
"2019-02-15 10:45:39",84
"2019-02-15 11:45:41",84
"2019-02-15 12:45:39",84
"2019-02-15 14:10:43",84
"2019-02-15 14:45:42",84
"2019-02-15 15:45:52",84
"2019-02-15 16:45:45",84
"2019-02-15 17:45:39",84
"2019-02-15 18:45:45",84
"2019-02-15 19:45:43",84
"2019-02-15 20:45:40",84
"2019-02-15 21:45:42",84
"2019-02-15 22:45:43",84
"2019-02-15 23:45:43",84
"2019-02-16 00:45:44",84
"2019-02-16 01:45:50",84
"2019-02-16 02:45:48",84
"2019-02-16 03:45:46",84
"2019-02-16 04:45:40",84
"2019-02-16 05:45:43",84
"2019-02-16 06:45:39",84
"2019-02-16 07:45:38",84
"2019-02-16 08:45:39",84
"2019-02-16 09:45:42",84
"2019-02-16 10:45:40",84
"2019-02-16 11:45:40",84
"2019-02-16 12:45:40",84
"2019-02-16 13:45:46",84
"2019-02-16 14:45:42",84
"2019-02-16 15:45:49",84
"2019-02-16 16:45:39",84
"2019-02-16 17:45:39",84
"2019-02-16 18:45:40",84
"2019-02-16 19:45:38",84
"2019-02-16 20:45:41",84
"2019-02-16 21:45:40",84
"2019-02-16 22:45:39",84
"2019-02-16 23:45:38",84
"2019-02-17 00:45:40",84
"2019-02-17 01:45:38",84
"2019-02-17 02:45:36",84
"2019-02-17 03:45:43",84
"2019-02-17 04:45:38",84
"2019-02-17 05:45:41",84
"2019-02-17 06:45:39",84
"2019-02-17 07:45:39",84
"2019-02-17 08:45:38",84
"2019-02-17 09:45:35",84
"2019-02-17 10:45:38",84
"2019-02-17 11:45:37",84
"2019-02-17 12:45:35",84
"2019-02-17 13:45:39",84
"2019-02-17 14:45:38",84
"2019-02-17 15:45:42",84
"2019-02-17 16:45:39",84
"2019-02-17 17:45:40",84
"2019-02-17 18:45:40",84
"2019-02-17 19:45:41",84
"2019-02-17 20:45:41",84
"2019-02-17 21:45:37",84
"2019-02-17 22:45:38",84
"2019-02-17 23:45:38",84
"2019-02-18 00:45:38",84
"2019-02-18 01:45:40",84
"2019-02-18 02:45:42",84
"2019-02-18 03:45:42",84
"2019-02-18 04:45:38",84
"2019-02-18 05:45:39",84
"2019-02-18 06:45:37",84
"2019-02-18 07:45:38",84
"2019-02-18 08:45:38",84
"2019-02-18 09:45:39",84
"2019-02-18 10:45:37",84
"2019-02-18 11:45:37",84
"2019-02-18 12:45:38",84
"2019-02-18 13:45:41",84
"2019-02-18 14:45:40",84
"2019-02-18 15:45:41",84
"2019-02-18 16:45:40",84
"2019-02-18 17:45:42",84
"2019-02-18 18:45:40",84
"2019-02-18 19:45:39",84
"2019-02-18 20:45:42",84
"2019-02-18 21:45:38",84
"2019-02-18 22:45:37",84
"2019-02-18 23:45:38",84
"2019-02-19 00:45:39",84
"2019-02-19 01:45:42",84
"2019-02-19 02:45:40",84
"2019-02-19 03:45:40",84
"2019-02-19 04:45:40",84
"2019-02-19 05:45:39",84
"2019-02-19 06:45:38",84
"2019-02-19 07:45:37",84
"2019-02-19 08:45:38",84
"2019-02-19 09:45:36",84
"2019-02-19 10:45:35",84
"2019-02-19 11:45:33",84
"2019-02-19 12:45:34",84
"2019-02-19 14:10:09",84
"2019-02-19 14:45:39",84
"2019-02-19 15:45:42",84
"2019-02-19 16:45:40",84
"2019-02-19 17:45:41",84
"2019-02-19 18:45:46",84
"2019-02-19 19:45:42",84
"2019-02-19 20:45:46",84
"2019-02-19 21:45:43",84
"2019-02-19 22:45:45",84
"2019-02-19 23:45:43",84
"2019-02-20 00:45:51",84
"2019-02-20 01:45:45",84
"2019-02-20 02:45:45",84
"2019-02-20 03:45:53",84
"2019-02-20 04:45:46",84
"2019-02-20 05:45:41",84
"2019-02-20 06:45:42",84
"2019-02-20 07:45:39",84
"2019-02-20 08:45:43",84
"2019-02-20 09:45:42",84
"2019-02-20 10:45:39",84
"2019-02-20 11:45:42",84
"2019-02-20 12:45:42",84
"2019-02-20 13:45:42",84
"2019-02-20 14:45:45",84
"2019-02-20 15:45:46",84
"2019-02-20 16:45:44",84
"2019-02-20 17:45:43",84
"2019-02-20 18:45:44",84
"2019-02-20 19:45:46",84
"2019-02-20 20:45:47",84
"2019-02-20 21:45:45",84
"2019-02-20 22:45:46",84
"2019-02-20 23:45:41",84
"2019-02-21 00:45:43",84
"2019-02-21 01:45:44",84
"2019-02-21 02:45:47",84
"2019-02-21 03:45:45",84
"2019-02-21 04:45:43",84
"2019-02-21 05:45:43",84
"2019-02-21 06:45:41",84
"2019-02-21 07:45:40",84
"2019-02-21 08:45:38",84
"2019-02-21 09:45:40",84
"2019-02-21 10:45:40",84
"2019-02-21 11:45:40",84
"2019-02-21 12:45:39",84
"2019-02-21 13:45:39",84
"2019-02-21 14:45:42",84
"2019-02-21 15:45:46",84
"2019-02-21 17:09:41",84
"2019-02-21 17:45:39",84
"2019-02-21 18:45:39",84
"2019-02-21 19:45:40",84
"2019-02-21 20:45:44",84
"2019-02-21 21:45:38",84
"2019-02-21 22:45:40",84
"2019-02-21 23:45:39",84
"2019-02-22 00:45:40",84
"2019-02-22 01:45:44",84
"2019-02-22 02:45:42",84
"2019-02-22 03:45:43",84
"2019-02-22 04:45:41",84
"2019-02-22 05:45:40",84
"2019-02-22 06:45:39",84
"2019-02-22 07:45:44",84
"2019-02-22 08:45:43",84
"2019-02-22 09:45:42",84
"2019-02-22 10:45:40",84
"2019-02-22 11:45:41",84
"2019-02-22 12:45:40",84
"2019-02-22 13:45:38",84
"2019-02-22 14:45:43",84
"2019-02-22 15:45:43",84
"2019-02-22 16:45:42",84
"2019-02-22 17:45:40",84
"2019-02-22 18:45:42",84
"2019-02-22 19:45:40",85
"2019-02-22 20:45:39",85
"2019-02-22 21:45:44",85
"2019-02-22 22:45:40",85
"2019-02-22 23:45:44",85
"2019-02-23 00:45:38",85
"2019-02-23 01:45:43",85
"2019-02-23 02:45:46",85
"2019-02-23 03:45:47",85
"2019-02-23 04:45:44",85
"2019-02-23 05:45:42",85
"2019-02-23 06:45:38",85
"2019-02-23 07:45:40",85
"2019-02-23 08:45:40",85
"2019-02-23 09:45:39",85
"2019-02-23 10:45:40",85
"2019-02-23 11:45:40",85
"2019-02-23 12:45:39",85
"2019-02-23 13:45:39",85
"2019-02-23 14:45:40",85
"2019-02-23 15:45:41",85
"2019-02-23 16:45:39",85
"2019-02-23 17:45:40",85
"2019-02-23 18:45:41",85
"2019-02-23 19:45:41",85
"2019-02-23 20:45:40",85
"2019-02-23 21:45:42",85
"2019-02-23 22:45:39",85
"2019-02-23 23:45:41",85
"2019-02-24 00:45:41",85
"2019-02-24 01:45:41",85
"2019-02-24 02:45:41",85
"2019-02-24 03:45:42",85
"2019-02-24 04:45:41",85
"2019-02-24 05:45:42",85
"2019-02-24 06:45:40",85
"2019-02-24 07:45:40",85
"2019-02-24 08:45:40",85
"2019-02-24 09:45:39",85
"2019-02-24 10:45:38",85
"2019-02-24 11:45:39",85
"2019-02-24 12:45:38",85
"2019-02-24 13:45:39",85
"2019-02-24 14:45:38",85
"2019-02-24 15:45:40",85
"2019-02-24 16:45:40",85
"2019-02-24 17:45:43",85
"2019-02-24 18:45:41",85
"2019-02-24 19:45:42",85
"2019-02-24 20:45:39",85
"2019-02-24 21:45:39",85
"2019-02-24 22:45:41",85
"2019-02-24 23:45:40",85
"2019-02-25 00:45:42",85
"2019-02-25 01:45:40",85
"2019-02-25 02:45:40",85
"2019-02-25 03:45:42",85
"2019-02-25 04:45:40",85
"2019-02-25 05:45:39",85
"2019-02-25 06:45:38",85
"2019-02-25 07:45:40",85
"2019-02-25 08:45:40",85
"2019-02-25 09:45:40",85
"2019-02-25 10:45:38",85
"2019-02-25 11:45:41",85
"2019-02-25 12:45:39",85
"2019-02-25 14:10:44",85
"2019-02-25 14:45:41",85
"2019-02-25 15:45:43",86
"2019-02-25 16:45:41",85
"2019-02-25 17:45:42",85
"2019-02-25 18:45:45",85
"2019-02-25 19:45:40",85
"2019-02-25 20:45:41",84
"2019-02-25 21:45:42",84
"2019-02-25 22:45:40",84
"2019-02-25 23:45:42",84
"2019-02-26 00:45:42",84
"2019-02-26 01:45:41",84
"2019-02-26 02:45:44",84
"2019-02-26 03:45:46",84
"2019-02-26 04:45:45",84
"2019-02-26 05:45:40",84
"2019-02-26 06:45:45",84
"2019-02-26 07:45:44",84
"2019-02-26 08:45:42",84
"2019-02-26 09:45:40",84
"2019-02-26 10:45:37",84
"2019-02-26 11:45:41",84
"2019-02-26 12:45:38",84
"2019-02-26 13:45:40",84
"2019-02-26 14:45:42",84
"2019-02-26 15:45:46",84
"2019-02-26 16:45:43",84
"2019-02-26 17:45:42",84
"2019-02-26 18:45:39",84
"2019-02-26 19:45:47",83
"2019-02-26 20:45:43",83
"2019-02-26 21:45:41",83
"2019-02-26 22:45:46",83
"2019-02-26 23:45:44",83
"2019-02-27 00:45:47",83
"2019-02-27 01:45:47",83
"2019-02-27 03:46:16",83
"2019-02-27 04:45:46",83
"2019-02-27 05:45:43",83
"2019-02-27 06:45:45",83
"2019-02-27 07:45:43",83
"2019-02-27 08:45:40",83
"2019-02-27 09:45:38",83
"2019-02-27 10:45:39",83
"2019-02-27 11:45:43",83
"2019-02-27 12:45:45",83
"2019-02-27 13:45:41",83
"2019-02-27 14:45:45",83
"2019-02-27 15:45:48",83
"2019-02-27 16:45:40",83
"2019-02-27 17:45:41",83
"2019-02-27 18:45:46",84
"2019-02-27 19:45:44",83
"2019-02-27 20:45:41",83
"2019-02-27 21:45:42",83
"2019-02-27 22:45:44",83
"2019-02-27 23:45:41",83
"2019-02-28 01:45:40",83
"2019-02-28 02:45:44",83
"2019-02-28 04:45:42",83
"2019-02-28 05:45:42",83
"2019-02-28 06:45:38",83
"2019-02-28 07:45:40",83
"2019-02-28 08:45:41",83
"2019-02-28 09:45:40",83
"2019-02-28 10:45:41",83
"2019-02-28 11:45:42",83
"2019-02-28 12:45:41",83
"2019-02-28 13:45:43",83
"2019-02-28 15:09:48",83
"2019-02-28 15:45:37",83
"2019-02-28 16:45:44",83
"2019-02-28 17:45:44",83
"2019-02-28 18:45:47",83
"2019-02-28 19:45:45",83
"2019-02-28 20:45:40",83
"2019-02-28 21:45:40",83
"2019-02-28 22:45:43",83
"2019-02-28 23:45:41",83
"2019-03-01 00:45:41",83
"2019-03-01 01:45:43",83
"2019-03-01 02:45:45",83
"2019-03-01 03:45:49",83
"2019-03-01 04:45:44",83
"2019-03-01 05:45:45",83
"2019-03-01 06:45:42",83
"2019-03-01 07:45:44",83
"2019-03-01 08:45:42",83
"2019-03-01 09:45:38",83
"2019-03-01 10:45:41",83
"2019-03-01 11:45:40",83
"2019-03-01 12:45:38",83
"2019-03-01 13:45:48",83
"2019-03-01 14:45:47",83
"2019-03-01 15:45:44",83
"2019-03-01 16:45:43",83
"2019-03-01 17:45:43",83
"2019-03-01 18:45:45",83
"2019-03-01 19:45:45",83
"2019-03-01 20:45:48",83
"2019-03-01 21:45:48",83
"2019-03-01 22:45:48",83
"2019-03-01 23:45:48",83
"2019-03-02 07:45:44",83
"2019-03-02 08:45:43",83
"2019-03-02 09:45:39",83
"2019-03-02 10:45:39",83
"2019-03-02 11:45:43",83
"2019-03-02 15:45:49",83
"2019-03-02 16:45:44",83
"2019-03-02 17:45:42",83
"2019-03-04 02:45:46",83
"2019-03-04 07:45:45",83
"2019-03-04 10:45:41",83
"2019-03-04 11:45:40",83
"2019-03-04 12:45:36",83
"2019-03-04 13:45:35",83
"2019-03-04 14:45:44",83
"2019-03-04 15:45:40",82
"2019-03-04 16:45:43",82
"2019-03-04 17:45:43",82
"2019-03-04 18:45:40",82
"2019-03-04 19:45:46",82
"2019-03-04 20:45:44",82
"2019-03-04 21:45:42",82
"2019-03-04 22:45:44",82
"2019-03-04 23:45:43",82
"2019-03-05 00:45:45",82
"2019-03-05 01:45:42",82
"2019-03-05 02:45:47",82
"2019-03-05 03:45:47",82
"2019-03-05 04:45:44",82
"2019-03-05 05:45:42",82
"2019-03-05 06:45:40",82
"2019-03-05 07:45:40",82
"2019-03-05 08:45:40",82
"2019-03-05 09:45:42",82
"2019-03-05 10:45:39",82
"2019-03-05 11:45:36",82
"2019-03-05 12:45:40",82
"2019-03-05 14:10:53",82
"2019-03-05 14:45:42",82
"2019-03-05 15:45:47",82
"2019-03-05 16:45:45",81
"2019-03-05 17:45:45",81
"2019-03-05 18:45:44",81
"2019-03-05 19:45:43",81
"2019-03-05 20:45:44",81
"2019-03-05 21:45:44",81
"2019-03-05 22:45:46",81
"2019-03-05 23:45:46",81
"2019-03-06 00:45:46",81
"2019-03-06 01:45:45",81
"2019-03-06 02:45:44",81
"2019-03-06 03:45:47",81
"2019-03-06 04:45:49",81
"2019-03-06 05:45:45",81
"2019-03-06 06:45:48",81
"2019-03-06 07:45:43",81
"2019-03-06 08:45:40",81
"2019-03-06 09:45:41",81
"2019-03-06 10:45:45",81
"2019-03-06 11:46:48",81
"2019-03-06 12:46:11",81
"2019-03-06 14:10:50",81
"2019-03-06 14:46:25",81
"2019-03-06 15:46:18",81
"2019-03-06 16:45:40",81
"2019-03-06 17:45:50",81
"2019-03-06 18:45:47",81
"2019-03-06 19:45:45",81
"2019-03-06 20:45:45",81
"2019-03-06 21:45:44",81
"2019-03-06 22:45:44",81
"2019-03-06 23:45:44",81
"2019-03-07 00:45:44",81
"2019-03-07 01:45:46",81
"2019-03-07 02:45:48",81
"2019-03-07 04:45:56",81
"2019-03-07 05:45:47",81
"2019-03-07 06:45:43",81
"2019-03-07 07:45:44",81
"2019-03-07 08:45:46",81
"2019-03-07 09:45:44",81
"2019-03-07 10:45:42",81
"2019-03-07 11:45:43",81
"2019-03-07 12:45:43",81
"2019-03-07 13:45:43",81
"2019-03-07 14:45:47",81
"2019-03-07 15:45:41",81
"2019-03-07 16:45:45",81
"2019-03-07 17:45:49",81
"2019-03-07 18:45:46",81
"2019-03-07 20:10:18",81
"2019-03-07 20:45:44",81
"2019-03-07 21:45:46",81
"2019-03-07 22:45:50",81
"2019-03-07 23:45:41",81
"2019-03-08 00:45:45",81
"2019-03-08 01:45:46",81
"2019-03-08 02:45:44",81
"2019-03-08 04:45:43",81
"2019-03-08 05:45:43",81
"2019-03-08 06:45:43",81
"2019-03-08 07:45:43",81
"2019-03-08 08:45:42",81
"2019-03-08 09:45:41",81
"2019-03-08 10:45:41",81
"2019-03-08 11:45:41",81
"2019-03-08 12:45:42",81
"2019-03-08 14:10:49",81
"2019-03-08 14:45:40",81
"2019-03-08 15:45:47",81
"2019-03-08 16:45:41",81
"2019-03-08 17:45:41",81
"2019-03-08 18:45:45",81
"2019-03-08 19:45:45",81
"2019-03-08 20:45:39",81
"2019-03-08 21:45:49",81
"2019-03-08 22:45:40",81
"2019-03-08 23:45:47",81
"2019-03-09 00:45:52",81
"2019-03-09 01:45:46",81
"2019-03-09 02:45:43",81
"2019-03-09 03:45:46",81
"2019-03-09 04:45:45",81
"2019-03-09 05:45:43",81
"2019-03-09 06:45:41",81
"2019-03-09 07:45:42",81
"2019-03-09 08:45:40",81
"2019-03-09 09:45:37",81
"2019-03-09 10:45:40",81
"2019-03-09 11:45:38",81
"2019-03-09 12:45:40",81
"2019-03-09 13:45:38",81
"2019-03-09 14:45:42",81
"2019-03-09 15:45:44",81
"2019-03-09 16:45:42",81
"2019-03-09 17:45:41",81
"2019-03-09 18:45:42",81
"2019-03-09 19:45:42",81
"2019-03-09 20:45:41",81
"2019-03-09 21:45:39",81
"2019-03-09 22:45:42",81
"2019-03-09 23:45:41",81
"2019-03-10 00:45:42",81
"2019-03-10 01:45:43",81
"2019-03-10 02:45:45",81
"2019-03-10 03:45:42",81
"2019-03-10 04:45:40",81
"2019-03-10 05:45:41",81
"2019-03-10 06:45:42",81
"2019-03-10 07:45:39",81
"2019-03-10 08:45:37",81
"2019-03-10 09:45:40",81
"2019-03-10 10:45:38",81
"2019-03-10 11:45:39",81
"2019-03-10 12:45:40",81
"2019-03-10 13:45:38",81
"2019-03-10 14:45:38",81
"2019-03-10 15:45:46",81
"2019-03-10 16:45:42",81
"2019-03-10 17:45:46",81
"2019-03-10 18:45:48",81
"2019-03-10 19:45:42",81
"2019-03-10 20:45:41",81
"2019-03-10 21:45:40",81
"2019-03-10 22:45:39",81
"2019-03-10 23:45:41",81
"2019-03-11 00:45:42",81
"2019-03-11 01:45:44",81
"2019-03-11 02:45:41",81
"2019-03-11 03:45:41",81
"2019-03-11 04:45:42",81
"2019-03-11 05:45:42",81
"2019-03-11 06:45:40",81
"2019-03-11 07:45:41",81
"2019-03-11 08:45:37",81
"2019-03-11 09:45:41",81
"2019-03-11 10:45:41",81
"2019-03-11 11:45:38",81
"2019-03-11 12:45:44",81
"2019-03-11 13:45:43",82
"2019-03-11 14:45:44",82
"2019-03-11 15:45:41",82
"2019-03-11 16:45:42",82
"2019-03-11 17:45:41",82
"2019-03-11 18:45:42",82
"2019-03-11 19:45:41",82
"2019-03-11 20:45:41",82
"2019-03-11 21:45:44",82
"2019-03-11 22:45:41",82
"2019-03-11 23:45:45",82
"2019-03-12 00:45:47",82
"2019-03-12 01:45:42",82
"2019-03-12 02:45:42",82
"2019-03-12 03:45:45",82
"2019-03-12 04:45:42",82
"2019-03-12 05:45:44",82
"2019-03-12 06:45:43",82
"2019-03-12 07:45:40",82
"2019-03-12 08:45:40",82
"2019-03-12 09:45:39",82
"2019-03-12 10:45:43",82
"2019-03-12 11:45:40",82
"2019-03-12 12:45:43",82
"2019-03-12 13:45:43",82
"2019-03-12 14:45:41",82
"2019-03-12 15:45:42",82
"2019-03-12 16:45:42",82
"2019-03-12 17:45:40",82
"2019-03-12 18:45:42",82
"2019-03-12 19:45:40",82
"2019-03-12 20:45:42",82
"2019-03-12 21:45:40",82
"2019-03-12 22:45:43",82
"2019-03-12 23:45:46",82
"2019-03-13 00:45:44",82
"2019-03-13 01:45:44",82
"2019-03-13 02:45:42",82
"2019-03-13 03:45:45",82
"2019-03-13 04:45:45",82
"2019-03-13 05:45:43",82
"2019-03-13 06:45:41",82
"2019-03-13 07:45:44",82
"2019-03-13 08:45:41",82
"2019-03-13 09:45:41",82
"2019-03-13 10:45:38",82
"2019-03-13 11:45:38",82
"2019-03-13 13:09:42",82
"2019-03-13 13:45:41",82
"2019-03-13 14:45:41",82
"2019-03-13 15:45:41",82
"2019-03-13 16:45:44",83
"2019-03-13 17:45:44",83
"2019-03-13 18:45:38",83
"2019-03-13 19:45:43",83
"2019-03-13 20:45:41",83
"2019-03-13 21:45:42",83
"2019-03-13 22:45:40",83
"2019-03-13 23:45:42",83
"2019-03-14 00:45:40",83
"2019-03-14 01:45:43",83
"2019-03-14 02:45:44",83
"2019-03-14 03:45:40",83
"2019-03-14 04:45:42",83
"2019-03-14 05:45:39",83
"2019-03-14 06:45:42",83
"2019-03-14 07:45:41",83
"2019-03-14 08:45:38",83
"2019-03-14 09:45:38",83
"2019-03-14 10:45:44",83
"2019-03-14 11:45:41",83
"2019-03-14 13:10:15",83
"2019-03-14 13:45:40",83
"2019-03-14 14:45:43",83
"2019-03-14 15:45:43",83
"2019-03-14 16:45:42",83
"2019-03-14 17:45:43",83
"2019-03-14 18:45:40",83
"2019-03-14 19:45:48",83
"2019-03-14 20:45:42",83
"2019-03-14 21:45:44",83
"2019-03-14 22:45:47",83
"2019-03-14 23:45:46",83
"2019-03-15 00:45:43",83
"2019-03-15 01:45:44",83
"2019-03-15 02:45:44",83
"2019-03-15 03:45:44",83
"2019-03-15 04:45:42",83
"2019-03-15 05:45:40",83
"2019-03-15 06:45:38",83
"2019-03-15 07:45:41",83
"2019-03-15 08:45:44",83
"2019-03-15 09:45:44",83
"2019-03-15 10:45:46",83
"2019-03-15 11:45:44",83
"2019-03-15 12:45:43",83
"2019-03-15 13:45:46",83
"2019-03-15 14:45:43",83
"2019-03-15 15:45:48",82
"2019-03-15 16:45:47",82
"2019-03-15 17:45:47",82
"2019-03-15 18:45:44",83
"2019-03-15 19:45:44",83
"2019-03-15 20:45:44",83
"2019-03-15 21:45:42",83
"2019-03-15 22:45:42",83
"2019-03-15 23:45:46",83
"2019-03-16 00:45:44",83
"2019-03-16 01:45:41",83
"2019-03-16 02:45:45",83
"2019-03-16 03:45:46",83
"2019-03-16 04:45:47",83
"2019-03-16 05:45:46",83
"2019-03-16 06:45:43",83
"2019-03-16 07:45:44",83
"2019-03-16 08:45:46",83
"2019-03-16 09:45:42",83
"2019-03-16 10:45:41",83
"2019-03-16 11:45:43",83
"2019-03-16 12:45:42",83
"2019-03-16 13:45:45",83
"2019-03-16 14:45:41",83
"2019-03-16 15:45:43",83
"2019-03-16 16:45:43",83
"2019-03-16 17:45:42",83
"2019-03-16 18:45:42",83
"2019-03-16 19:45:41",83
"2019-03-16 20:45:45",83
"2019-03-16 21:45:47",83
"2019-03-16 22:45:45",83
"2019-03-16 23:45:42",83
"2019-03-17 00:45:45",83
"2019-03-17 01:45:44",83
"2019-03-17 02:45:49",83
"2019-03-17 03:45:46",83
"2019-03-17 04:45:45",83
"2019-03-17 05:45:46",83
"2019-03-17 06:45:43",83
"2019-03-17 07:45:42",83
"2019-03-17 08:45:40",83
"2019-03-17 09:45:44",83
"2019-03-17 10:45:40",83
"2019-03-17 11:45:41",83
"2019-03-17 12:45:40",83
"2019-03-17 13:45:40",83
"2019-03-17 14:45:41",83
"2019-03-17 15:45:40",83
"2019-03-17 16:45:38",83
"2019-03-17 17:45:40",83
"2019-03-17 18:45:41",83
"2019-03-17 19:45:42",83
"2019-03-17 20:45:40",83
"2019-03-17 21:45:38",83
"2019-03-17 22:45:40",83
"2019-03-17 23:45:41",83
"2019-03-18 00:45:42",83
"2019-03-18 01:45:40",83
"2019-03-18 02:45:42",83
"2019-03-18 03:45:42",83
"2019-03-18 04:45:43",83
"2019-03-18 05:45:40",83
"2019-03-18 06:45:40",83
"2019-03-18 07:45:42",83
"2019-03-18 08:45:41",83
"2019-03-18 09:45:41",83
"2019-03-18 10:45:41",83
"2019-03-18 11:45:39",83
"2019-03-18 12:45:44",83
"2019-03-18 13:45:46",83
"2019-03-18 14:45:44",83
"2019-03-18 15:45:50",83
"2019-03-18 16:45:43",83
"2019-03-18 17:45:48",83
"2019-03-18 18:45:48",83
"2019-03-18 19:45:47",83
"2019-03-18 20:45:45",83
"2019-03-18 21:45:46",83
"2019-03-18 22:45:49",83
"2019-03-18 23:45:47",83
"2019-03-19 00:45:52",83
"2019-03-19 01:45:49",83
"2019-03-19 02:45:48",83
"2019-03-19 03:45:45",83
"2019-03-19 04:45:44",83
"2019-03-19 05:45:42",83
"2019-03-19 06:45:51",83
"2019-03-19 07:45:45",83
"2019-03-19 08:45:42",83
"2019-03-19 09:45:44",83
"2019-03-19 10:45:46",83
"2019-03-19 11:45:44",83
"2019-03-19 12:45:46",83
"2019-03-19 13:45:45",83
"2019-03-19 14:45:45",83
"2019-03-19 15:45:48",83
"2019-03-19 16:45:44",83
"2019-03-19 17:45:52",83
"2019-03-19 18:45:47",83
"2019-03-19 19:45:51",83
"2019-03-19 20:45:49",83
"2019-03-19 21:45:56",83
"2019-03-19 22:45:52",83
"2019-03-19 23:45:47",83
"2019-03-20 00:45:54",83
"2019-03-20 01:45:51",83
"2019-03-20 02:45:52",83
"2019-03-20 03:45:54",83
"2019-03-20 04:45:50",83
"2019-03-20 05:45:48",83
"2019-03-20 06:45:55",83
"2019-03-20 07:45:55",83
"2019-03-20 08:45:51",83
"2019-03-20 09:45:48",83
"2019-03-20 10:45:49",83
"2019-03-20 11:45:49",83
"2019-03-20 13:09:56",83
"2019-03-20 13:45:49",83
"2019-03-20 14:45:50",83
"2019-03-20 15:45:53",83
"2019-03-20 16:45:47",84
"2019-03-20 17:45:48",84
"2019-03-20 18:45:47",84
"2019-03-20 19:45:46",84
"2019-03-20 20:45:43",83
"2019-03-20 21:45:42",83
"2019-03-20 22:45:44",83
"2019-03-20 23:45:43",83
"2019-03-21 00:45:45",83
"2019-03-21 01:45:42",83
"2019-03-21 02:45:46",83
"2019-03-21 03:45:47",83
"2019-03-21 04:45:44",83
"2019-03-21 05:45:48",83
"2019-03-21 06:45:41",83
"2019-03-21 07:45:41",83
"2019-03-21 08:45:39",83
"2019-03-21 09:45:41",83
"2019-03-21 10:45:44",83
"2019-03-21 11:45:42",83
"2019-03-21 13:10:44",83
"2019-03-21 13:45:41",83
"2019-03-21 14:45:43",83
"2019-03-21 15:45:43",83
"2019-03-21 16:45:39",83
"2019-03-21 17:45:41",83
"2019-03-21 18:45:45",84
"2019-03-21 19:45:42",84
"2019-03-21 20:45:36",84
"2019-03-21 21:45:38",84
"2019-03-21 22:45:37",84
"2019-03-21 23:45:39",84
"2019-03-22 00:45:39",84
"2019-03-22 01:45:39",84
"2019-03-22 02:45:48",84
"2019-03-22 03:45:39",84
"2019-03-22 04:45:37",84
"2019-03-22 05:45:38",84
"2019-03-22 06:45:35",84
"2019-03-22 07:45:36",84
"2019-03-22 08:45:49",84
"2019-03-22 09:45:39",84
"2019-03-22 10:45:37",84
"2019-03-22 11:45:36",84
"2019-03-22 12:45:47",84
"2019-03-22 13:45:37",84
"2019-03-22 14:45:37",86
"2019-03-22 15:45:39",86
"2019-03-22 16:45:39",85
"2019-03-22 17:45:43",85
"2019-03-22 18:45:39",85
"2019-03-22 19:45:37",85
"2019-03-22 20:45:39",86
"2019-03-22 21:45:37",86
"2019-03-22 22:45:38",86
"2019-03-22 23:45:37",86
"2019-03-23 00:45:39",86
"2019-03-23 01:45:47",86
"2019-03-23 02:45:39",86
"2019-03-23 03:45:37",86
"2019-03-23 04:45:37",86
"2019-03-23 05:45:37",86
"2019-03-23 06:45:36",86
"2019-03-23 07:45:43",86
"2019-03-23 08:45:36",86
"2019-03-23 09:45:38",86
"2019-03-23 10:45:36",86
"2019-03-23 11:45:37",86
"2019-03-23 12:45:37",86
"2019-03-23 13:45:41",86
"2019-03-23 14:45:38",86
"2019-03-23 15:45:39",86
"2019-03-23 16:45:37",86
"2019-03-23 17:45:37",86
"2019-03-23 18:45:38",86
"2019-03-23 19:45:44",86
"2019-03-23 20:45:39",86
"2019-03-23 21:45:39",86
"2019-03-23 22:45:37",86
"2019-03-23 23:45:38",86
"2019-03-24 00:45:38",86
"2019-03-24 01:45:39",86
"2019-03-24 02:45:39",86
"2019-03-24 03:45:40",86
"2019-03-24 04:45:47",86
"2019-03-24 05:45:39",86
"2019-03-24 06:45:40",86
"2019-03-24 07:45:39",86
"2019-03-24 08:45:38",86
"2019-03-24 09:45:46",86
"2019-03-24 10:45:41",86
"2019-03-24 11:45:35",86
"2019-03-24 12:45:36",86
"2019-03-24 13:45:42",86
"2019-03-24 14:45:37",86
"2019-03-24 15:45:38",86
"2019-03-24 16:45:37",86
"2019-03-24 17:45:37",86
"2019-03-24 18:45:39",86
"2019-03-24 19:45:38",86
"2019-03-24 20:45:40",86
"2019-03-24 21:45:47",86
"2019-03-24 22:45:41",86
"2019-03-24 23:45:39",86
"2019-03-25 00:45:39",86
"2019-03-25 01:45:40",86
"2019-03-25 02:45:41",86
"2019-03-25 03:45:51",86
"2019-03-25 04:45:40",86
"2019-03-25 05:45:40",86
"2019-03-25 06:45:39",86
"2019-03-25 07:45:39",86
"2019-03-25 08:45:41",86
"2019-03-25 09:45:38",86
"2019-03-25 10:45:40",86
"2019-03-25 11:45:51",86
"2019-03-25 13:09:44",86
"2019-03-25 13:45:47",86
"2019-03-25 14:45:40",86
"2019-03-25 15:45:40",86
"2019-03-25 16:45:39",86
"2019-03-25 17:45:42",86
"2019-03-25 18:45:42",87
"2019-03-25 19:45:47",87
"2019-03-25 20:45:40",87
"2019-03-25 21:45:39",87
"2019-03-25 22:45:55",87
"2019-03-25 23:45:51",87
"2019-03-26 00:45:43",87
"2019-03-26 01:45:42",87
"2019-03-26 02:45:45",87
"2019-03-26 03:45:41",87
"2019-03-26 04:45:40",87
"2019-03-26 05:45:42",87
"2019-03-26 06:45:38",87
"2019-03-26 07:45:39",87
"2019-03-26 08:45:37",87
"2019-03-26 09:45:38",87
"2019-03-26 10:45:44",87
"2019-03-26 11:45:39",87
"2019-03-26 12:45:43",87
"2019-03-26 13:45:50",87
"2019-03-26 14:45:37",87
"2019-03-26 15:45:50",87
"2019-03-26 16:45:46",86
"2019-03-26 17:45:41",86
"2019-03-26 18:45:46",86
"2019-03-26 19:45:52",86
"2019-03-26 20:45:42",86
"2019-03-26 21:45:41",86
"2019-03-26 22:45:41",86
"2019-03-26 23:45:41",86
"2019-03-27 00:45:48",86
"2019-03-27 01:45:41",86
"2019-03-27 02:45:38",86
"2019-03-27 03:45:50",86
"2019-03-27 04:45:45",86
"2019-03-27 05:45:42",86
"2019-03-27 06:45:50",86
"2019-03-27 07:45:39",86
"2019-03-27 08:45:40",86
"2019-03-27 09:45:40",86
"2019-03-27 10:45:47",86
"2019-03-27 11:45:39",86
"2019-03-27 13:10:26",86
"2019-03-27 13:45:42",86
"2019-03-27 14:45:50",86
"2019-03-27 15:45:41",87
"2019-03-27 16:45:43",87
"2019-03-27 17:45:54",87
"2019-03-27 18:45:40",87
"2019-03-27 19:45:38",87
"2019-03-27 20:45:44",87
"2019-03-27 21:45:42",87
"2019-03-27 22:45:56",87
"2019-03-27 23:45:46",87
"2019-03-28 00:45:44",87
"2019-03-28 01:45:41",87
"2019-03-28 02:45:55",87
"2019-03-28 03:45:44",87
"2019-03-28 04:45:48",87
"2019-03-28 05:45:41",87
"2019-03-28 06:45:38",87
"2019-03-28 07:45:39",87
"2019-03-28 08:45:37",87
"2019-03-28 09:45:39",87
"2019-03-28 10:45:39",87
"2019-03-28 11:45:37",87
"2019-03-28 13:10:15",87
"2019-03-28 13:45:47",87
"2019-03-28 14:45:40",87
"2019-03-28 15:45:43",87
"2019-03-28 16:45:45",87
"2019-03-28 17:45:42",87
"2019-03-28 18:45:42",87
"2019-03-28 19:45:41",87
"2019-03-28 20:45:45",87
"2019-03-28 21:45:42",87
"2019-03-28 22:45:41",87
"2019-03-28 23:45:41",87
"2019-03-29 00:45:40",87
"2019-03-29 01:45:59",87
"2019-03-29 02:45:49",87
"2019-03-29 03:45:54",87
"2019-03-29 04:45:46",87
"2019-03-29 05:45:40",87
"2019-03-29 06:45:37",87
"2019-03-29 07:45:39",87
"2019-03-29 08:45:47",87
"2019-03-29 09:45:40",87
"2019-03-29 10:45:42",87
"2019-03-29 11:45:44",87
"2019-03-29 13:10:43",87
"2019-03-29 13:45:43",87
"2019-03-29 14:45:44",87
"2019-03-29 15:45:43",87
"2019-03-29 16:45:36",87
"2019-03-29 17:45:47",87
"2019-03-29 18:46:02",87
"2019-03-29 19:45:46",87
"2019-03-29 20:45:46",87
"2019-03-29 21:45:44",87
"2019-03-29 22:45:52",87
"2019-03-29 23:46:00",87
"2019-03-30 00:45:52",87
"2019-03-30 01:45:49",87
"2019-03-30 02:45:53",87
"2019-03-30 03:45:51",87
"2019-03-30 04:45:52",87
"2019-03-30 05:45:45",87
"2019-03-30 06:45:44",87
"2019-03-30 07:45:45",87
"2019-03-30 08:46:10",87
"2019-03-30 09:45:46",87
"2019-03-30 10:45:46",87
"2019-03-30 11:45:44",87
"2019-03-30 12:45:54",87
"2019-03-30 13:45:38",87
"2019-03-30 14:45:38",87
"2019-03-30 15:45:38",87
"2019-03-30 16:45:38",87
"2019-03-30 17:45:47",87
"2019-03-30 18:45:37",87
"2019-03-30 19:45:38",87
"2019-03-30 20:45:37",87
"2019-03-30 21:45:39",87
"2019-03-30 22:45:47",87
"2019-03-30 23:45:38",87
"2019-03-31 00:45:39",87
"2019-03-31 01:45:43",87
"2019-03-31 02:45:49",87
"2019-03-31 03:45:41",87
"2019-03-31 04:45:38",87
"2019-03-31 05:45:38",87
"2019-03-31 06:45:48",87
"2019-03-31 07:45:40",87
"2019-03-31 08:45:37",87
"2019-03-31 09:45:37",87
"2019-03-31 10:45:43",87
"2019-03-31 11:45:38",87
"2019-03-31 12:45:39",87
"2019-03-31 13:45:44",87
"2019-03-31 14:45:37",87
"2019-03-31 15:45:39",87
"2019-03-31 16:45:42",87
"2019-03-31 17:45:52",87
"2019-03-31 18:45:39",87
"2019-03-31 19:45:39",87
"2019-03-31 20:45:39",87
"2019-03-31 21:45:40",87
"2019-03-31 22:45:38",87
"2019-03-31 23:45:44",87
"2019-04-01 00:45:50",87
"2019-04-01 01:45:44",87
"2019-04-01 02:45:48",87
"2019-04-01 03:46:01",87
"2019-04-01 04:45:42",87
"2019-04-01 05:45:42",87
"2019-04-01 06:45:42",87
"2019-04-01 07:45:48",87
"2019-04-01 08:45:41",87
"2019-04-01 09:45:43",87
"2019-04-01 10:45:49",87
"2019-04-01 11:45:49",87
"2019-04-01 13:45:57",87
"2019-04-01 14:45:51",88
"2019-04-01 15:46:02",88
"2019-04-01 16:45:55",88
"2019-04-01 17:45:47",88
"2019-04-01 18:45:42",88
"2019-04-01 19:45:58",88
"2019-04-01 20:45:43",89
"2019-04-01 21:45:39",89
"2019-04-01 22:45:46",89
"2019-04-01 23:45:45",89
"2019-04-02 00:45:52",89
"2019-04-02 01:46:12",89
"2019-04-02 02:45:45",89
"2019-04-02 03:45:54",89
"2019-04-02 04:45:45",89
"2019-04-02 05:45:41",89
"2019-04-02 06:45:41",89
"2019-04-02 07:45:48",89
"2019-04-02 08:45:42",89
"2019-04-02 09:45:50",89
"2019-04-02 10:45:41",89
"2019-04-02 11:45:40",89
"2019-04-02 13:10:24",89
"2019-04-02 13:45:44",89
"2019-04-02 14:45:40",89
"2019-04-02 15:45:54",89
"2019-04-02 16:45:43",89
"2019-04-02 17:45:52",89
"2019-04-02 18:45:46",89
"2019-04-02 19:45:48",89
"2019-04-02 20:45:54",89
"2019-04-02 21:45:45",89
"2019-04-02 22:45:44",89
"2019-04-02 23:45:45",89
"2019-04-03 00:46:05",89
"2019-04-03 01:45:47",89
"2019-04-03 02:45:46",89
"2019-04-03 03:45:48",89
"2019-04-03 04:45:49",89
"2019-04-03 05:45:47",89
"2019-04-03 06:45:51",89
"2019-04-03 07:45:43",89
"2019-04-03 08:45:44",89
"2019-04-03 09:46:01",89
"2019-04-03 10:45:56",89
"2019-04-03 11:45:47",89
"2019-04-03 13:10:26",89
"2019-04-03 13:45:47",89
"2019-04-03 14:45:54",89
"2019-04-03 15:45:56",89
"2019-04-03 16:45:43",88
"2019-04-03 17:45:42",88
"2019-04-03 18:45:43",88
"2019-04-03 19:45:46",88
"2019-04-03 20:45:46",88
"2019-04-03 21:45:42",88
"2019-04-03 22:45:39",88
"2019-04-03 23:45:50",88
"2019-04-04 00:45:40",88
"2019-04-04 01:45:43",88
"2019-04-04 02:45:43",88
"2019-04-04 03:45:50",88
"2019-04-04 04:45:39",88
"2019-04-04 05:45:39",88
"2019-04-04 06:45:38",88
"2019-04-04 07:45:42",88
"2019-04-04 08:45:48",88
"2019-04-04 09:45:40",88
"2019-04-04 10:45:41",88
"2019-04-04 11:45:49",88
"2019-04-04 12:45:42",88
"2019-04-04 13:45:42",88
"2019-04-04 14:45:53",87
"2019-04-04 15:45:45",87
"2019-04-04 16:45:54",87
"2019-04-04 17:45:40",87
"2019-04-04 18:45:48",87
"2019-04-04 19:45:42",87
"2019-04-04 20:45:41",87
"2019-04-04 21:45:46",87
"2019-04-04 22:45:57",87
"2019-04-04 23:45:42",87
"2019-04-05 00:45:43",87
"2019-04-05 01:45:41",87
"2019-04-05 02:45:40",87
"2019-04-05 03:45:59",87
"2019-04-05 04:45:43",87
"2019-04-05 05:45:41",87
"2019-04-05 06:45:40",87
"2019-04-05 07:45:42",87
"2019-04-05 08:45:56",87
"2019-04-05 09:45:42",87
"2019-04-05 10:45:52",87
"2019-04-05 11:45:42",87
"2019-04-05 13:09:52",87
"2019-04-05 13:45:47",87
"2019-04-05 14:45:46",87
"2019-04-05 15:45:52",87
"2019-04-05 16:45:41",87
"2019-04-05 17:45:42",87
"2019-04-05 18:45:45",87
"2019-04-05 19:45:43",87
"2019-04-05 20:45:43",87
"2019-04-05 21:45:50",87
"2019-04-05 22:45:43",87
"2019-04-05 23:45:47",87
"2019-04-06 00:45:46",87
"2019-04-06 01:46:01",87
"2019-04-06 02:45:49",87
"2019-04-06 03:45:49",87
"2019-04-06 04:45:55",87
"2019-04-06 05:45:45",87
"2019-04-06 06:45:45",87
"2019-04-06 07:45:47",87
"2019-04-06 08:45:58",87
"2019-04-06 09:45:44",87
"2019-04-06 10:45:44",87
"2019-04-06 11:45:47",87
"2019-04-06 12:45:45",87
"2019-04-06 13:45:42",87
"2019-04-06 14:45:41",87
"2019-04-06 15:45:52",87
"2019-04-06 16:45:42",87
"2019-04-06 17:45:41",87
"2019-04-06 18:45:43",87
"2019-04-06 19:45:42",87
"2019-04-06 20:45:39",87
"2019-04-06 21:45:55",87
"2019-04-06 22:45:43",87
"2019-04-06 23:45:42",87
"2019-04-07 00:45:42",87
"2019-04-07 01:45:40",87
"2019-04-07 02:45:46",87
"2019-04-07 03:45:53",87
"2019-04-07 04:45:45",87
"2019-04-07 05:45:45",87
"2019-04-07 06:45:47",87
"2019-04-07 07:45:56",87
"2019-04-07 08:45:46",87
"2019-04-07 09:45:50",87
"2019-04-07 10:45:41",87
"2019-04-07 11:45:51",87
"2019-04-07 12:45:47",87
"2019-04-07 13:45:53",87
"2019-04-07 14:45:43",87
"2019-04-07 15:45:48",87
"2019-04-07 16:45:51",87
"2019-04-07 17:45:43",87
"2019-04-07 18:45:44",87
"2019-04-07 19:45:43",87
"2019-04-07 20:45:52",87
"2019-04-07 21:45:41",87
"2019-04-07 22:45:42",87
"2019-04-07 23:45:41",87
"2019-04-08 00:45:56",87
"2019-04-08 01:45:48",87
"2019-04-08 02:45:43",87
"2019-04-08 03:45:43",87
"2019-04-08 04:45:39",87
"2019-04-08 05:45:53",87
"2019-04-08 06:45:40",87
"2019-04-08 07:45:39",87
"2019-04-08 08:45:40",87
"2019-04-08 09:45:43",87
"2019-04-08 10:45:42",87
"2019-04-08 11:45:57",87
"2019-04-08 12:45:42",87
"2019-04-08 13:45:53",87
"2019-04-08 14:45:40",87
"2019-04-08 15:45:47",87
"2019-04-08 16:46:02",89
"2019-04-08 17:45:44",89
"2019-04-08 18:45:44",89
"2019-04-08 19:45:45",89
"2019-04-08 20:45:44",89
"2019-04-08 21:45:47",89
"2019-04-08 22:45:45",89
"2019-04-08 23:45:43",89
"2019-04-09 00:45:53",89
"2019-04-09 01:45:46",89
"2019-04-09 02:45:47",89
"2019-04-09 03:45:46",89
"2019-04-09 04:45:45",89
"2019-04-09 05:45:51",89
"2019-04-09 06:45:44",89
"2019-04-09 07:45:43",89
"2019-04-09 08:45:47",89
"2019-04-09 09:46:01",89
"2019-04-09 10:45:43",89
"2019-04-09 11:45:46",89
"2019-04-09 13:11:05",89
"2019-04-09 13:45:43",89
"2019-04-09 14:45:43",89
"2019-04-09 15:46:01",90
"2019-04-09 16:45:46",90
"2019-04-09 17:45:44",90
"2019-04-09 18:45:45",90
"2019-04-09 19:45:44",90
"2019-04-09 20:45:45",90
"2019-04-09 21:45:44",90
"2019-04-09 22:45:44",90
"2019-04-09 23:45:55",90
"2019-04-10 00:45:45",90
"2019-04-10 01:45:48",90
"2019-04-10 02:45:48",90
"2019-04-10 03:45:51",90
"2019-04-10 04:45:55",90
"2019-04-10 05:45:43",90
"2019-04-10 06:45:43",90
"2019-04-10 07:45:44",90
"2019-04-10 08:45:55",90
"2019-04-10 09:45:46",90
"2019-04-10 10:45:44",90
"2019-04-10 11:45:49",90
"2019-04-10 12:45:58",90
"2019-04-10 13:46:01",90
"2019-04-10 14:45:46",90
"2019-04-10 15:45:49",90
"2019-04-10 16:45:47",90
"2019-04-10 17:45:57",90
"2019-04-10 18:45:51",90
"2019-04-10 19:45:48",90
"2019-04-10 20:45:44",90
"2019-04-10 21:45:41",90
"2019-04-10 22:45:42",90
"2019-04-10 23:45:55",90
"2019-04-11 00:45:44",90
"2019-04-11 01:45:41",90
"2019-04-11 02:45:45",90
"2019-04-11 03:45:49",90
"2019-04-11 04:45:49",90
"2019-04-11 05:45:46",90
"2019-04-11 06:45:42",90
"2019-04-11 18:45:54",90
"2019-04-11 19:46:07",90
"2019-04-11 20:45:46",90
"2019-04-11 21:45:46",90
"2019-04-11 22:45:45",90
"2019-04-11 23:45:46",90
"2019-04-12 00:45:45",90
"2019-04-12 01:45:48",90
"2019-04-12 02:45:56",90
"2019-04-12 03:45:48",90
"2019-04-12 04:45:45",90
"2019-04-12 05:45:45",90
"2019-04-12 06:45:42",90
"2019-04-12 07:45:43",90
"2019-04-12 08:45:45",90
"2019-04-12 09:45:51",90
"2019-04-12 10:45:43",90
"2019-04-12 11:45:43",90
"2019-04-12 13:09:30",90
"2019-04-12 13:45:47",90
"2019-04-12 14:45:44",90
"2019-04-12 15:45:53",90
"2019-04-12 16:45:50",88
"2019-04-12 17:45:46",88
"2019-04-12 18:45:45",89
"2019-04-12 19:45:45",89
"2019-04-12 20:45:45",89
"2019-04-12 21:45:43",89
"2019-04-12 22:45:58",89
"2019-04-12 23:45:44",89
"2019-04-13 00:45:47",89
"2019-04-13 01:45:46",89
"2019-04-13 02:45:48",89
"2019-04-13 03:46:04",89
"2019-04-13 04:45:49",89
"2019-04-13 05:45:45",89
"2019-04-13 06:45:47",89
"2019-04-13 07:45:42",89
"2019-04-13 08:45:46",89
"2019-04-13 09:45:51",89
"2019-04-13 10:45:42",89
"2019-04-13 11:45:47",89
"2019-04-13 12:45:45",89
"2019-04-13 13:45:47",89
"2019-04-13 14:45:50",89
"2019-04-13 15:45:49",89
"2019-04-13 16:45:47",89
"2019-04-13 17:45:43",89
"2019-04-13 18:45:46",89
"2019-04-13 19:45:47",89
"2019-04-13 20:45:45",89
"2019-04-13 21:45:52",89
"2019-04-13 22:45:44",89
"2019-04-13 23:45:43",89
"2019-04-14 00:45:46",89
"2019-04-14 01:45:49",89
"2019-04-14 02:45:45",89
"2019-04-14 03:45:46",89
"2019-04-14 04:45:56",89
"2019-04-14 05:45:45",89
"2019-04-14 06:45:46",89
"2019-04-14 07:45:49",89
"2019-04-14 08:45:44",89
"2019-04-14 09:45:47",89
"2019-04-14 10:45:42",89
"2019-04-14 11:45:50",89
"2019-04-14 12:45:42",89
"2019-04-14 13:45:47",89
"2019-04-14 14:45:55",89
"2019-04-14 15:45:49",89
"2019-04-14 16:45:51",89
"2019-04-14 17:45:47",89
"2019-04-14 18:46:17",89
"2019-04-14 19:45:49",89
"2019-04-14 20:45:52",89
"2019-04-14 21:45:59",89
"2019-04-14 22:45:45",89
"2019-04-14 23:45:48",89
"2019-04-15 00:45:46",89
"2019-04-15 01:45:45",89
"2019-04-15 02:45:47",89
"2019-04-15 03:46:01",89
"2019-04-15 04:45:47",89
"2019-04-15 05:45:47",89
"2019-04-15 06:45:42",89
"2019-04-15 07:45:45",89
"2019-04-15 08:45:51",89
"2019-04-15 09:45:42",89
"2019-04-15 10:45:42",89
"2019-04-15 11:45:44",89
"2019-04-15 13:11:27",89
"2019-04-15 13:45:42",89
"2019-04-15 14:45:47",89
"2019-04-15 15:45:54",89
"2019-04-15 16:45:45",89
"2019-04-15 17:45:52",89
"2019-04-15 18:45:51",89
"2019-04-15 19:46:12",89
"2019-04-15 20:45:44",89
"2019-04-15 21:45:46",89
"2019-04-15 22:45:47",89
"2019-04-15 23:45:52",89
"2019-04-16 00:45:48",89
"2019-04-16 01:45:45",89
"2019-04-16 02:45:48",89
"2019-04-16 03:45:53",89
"2019-04-16 04:45:46",89
"2019-04-16 05:45:44",89
"2019-04-16 06:45:44",89
"2019-04-16 07:45:42",89
"2019-04-16 08:45:59",89
"2019-04-16 09:45:43",89
"2019-04-16 10:45:53",89
"2019-04-16 11:45:42",89
"2019-04-16 13:09:47",89
"2019-04-16 13:45:46",89
"2019-04-16 14:45:52",89
"2019-04-16 15:45:44",89
"2019-04-16 16:45:44",89
"2019-04-16 17:45:42",89
"2019-04-16 18:45:55",89
"2019-04-16 19:45:45",89
"2019-04-16 20:45:45",89
"2019-04-16 21:45:42",89
"2019-04-16 22:45:42",89
"2019-04-16 23:45:43",89
"2019-04-17 00:45:44",89
"2019-04-17 01:45:47",89
"2019-04-17 02:45:53",89
"2019-04-17 03:45:44",89
"2019-04-17 04:45:43",89
"2019-04-17 05:45:44",89
"2019-04-17 06:46:01",89
"2019-04-17 07:45:45",89
"2019-04-17 08:45:42",89
"2019-04-17 09:45:52",89
"2019-04-17 10:45:42",89
"2019-04-17 11:45:44",89
"2019-04-17 13:10:54",89
"2019-04-17 13:45:47",89
"2019-04-17 14:45:45",89
"2019-04-17 15:46:22",90
"2019-04-17 16:45:46",89
"2019-04-17 17:45:53",89
"2019-04-17 18:45:45",88
"2019-04-17 19:45:44",88
"2019-04-17 20:45:45",87
"2019-04-17 21:45:43",87
"2019-04-17 22:45:46",87
"2019-04-18 00:45:46",87
"2019-04-18 01:45:46",87
"2019-04-18 02:45:43",87
"2019-04-18 03:45:57",87
"2019-04-18 04:45:47",87
"2019-04-18 05:45:53",87
"2019-04-18 06:45:44",87
"2019-04-18 07:45:43",87
"2019-04-18 08:45:53",87
"2019-04-18 09:45:43",87
"2019-04-18 10:45:45",87
"2019-04-18 11:45:49",87
"2019-04-18 13:10:47",87
"2019-04-18 13:45:46",87
"2019-04-18 14:45:53",87
"2019-04-18 15:45:45",87
"2019-04-18 16:45:49",87
"2019-04-18 17:45:53",87
"2019-04-18 18:45:45",87
"2019-04-18 19:45:42",87
"2019-04-18 20:45:44",87
"2019-04-18 21:45:46",87
"2019-04-18 22:45:46",87
"2019-04-18 23:45:51",87
"2019-04-19 00:47:49",87
"2019-04-19 02:45:44",87
"2019-04-19 03:45:57",87
"2019-04-19 04:45:43",87
"2019-04-19 05:45:42",87
"2019-04-19 06:45:45",87
"2019-04-19 07:45:52",87
"2019-04-19 08:45:47",87
"2019-04-19 09:45:43",87
"2019-04-19 10:45:46",87
"2019-04-19 11:45:41",87
"2019-04-19 12:45:44",87
"2019-04-19 13:45:47",87
"2019-04-19 14:45:50",87
"2019-04-19 15:45:42",87
"2019-04-19 16:45:47",87
"2019-04-19 17:45:55",87
"2019-04-19 18:45:44",87
"2019-04-19 19:45:43",87
"2019-04-19 20:45:43",87
"2019-04-19 21:45:43",87
"2019-04-19 22:45:43",87
"2019-04-19 23:45:46",87
"2019-04-20 00:45:53",87
"2019-04-20 01:45:47",87
"2019-04-20 02:45:46",87
"2019-04-20 03:45:43",87
"2019-04-20 04:45:52",87
"2019-04-20 05:45:44",87
"2019-04-20 06:45:43",87
"2019-04-20 07:45:48",87
"2019-04-20 08:45:44",87
"2019-04-20 09:45:51",87
"2019-04-20 10:45:44",87
"2019-04-20 11:45:40",87
"2019-04-20 12:45:58",87
"2019-04-20 13:47:05",87
"2019-04-20 14:45:43",87
"2019-04-20 15:45:41",87
"2019-04-20 16:45:48",87
"2019-04-20 17:45:48",87
"2019-04-20 18:45:42",87
"2019-04-20 19:45:43",87
"2019-04-20 20:45:43",87
"2019-04-20 21:45:42",87
"2019-04-20 22:45:44",87
"2019-04-20 23:45:53",87
"2019-04-21 00:45:42",87
"2019-04-21 01:45:43",87
"2019-04-21 02:45:46",87
"2019-04-21 03:45:45",87
"2019-04-21 04:45:49",87
"2019-04-21 05:45:43",87
"2019-04-21 06:45:41",87
"2019-04-21 07:45:51",87
"2019-04-21 08:45:40",87
"2019-04-21 09:45:42",87
"2019-04-21 10:45:44",87
"2019-04-21 11:45:46",87
"2019-04-21 12:45:43",87
"2019-04-21 13:45:42",87
"2019-04-21 14:45:52",87
"2019-04-21 15:45:43",87
"2019-04-21 16:45:44",87
"2019-04-21 17:45:44",87
"2019-04-21 18:45:41",87
"2019-04-21 19:45:52",87
"2019-04-21 20:45:41",87
"2019-04-21 21:45:42",87
"2019-04-21 22:45:41",87
"2019-04-21 23:45:42",87
"2019-04-22 00:45:42",87
"2019-04-22 01:45:50",87
"2019-04-22 02:45:54",87
"2019-04-22 03:45:44",87
"2019-04-22 04:45:39",87
"2019-04-22 05:45:42",87
"2019-04-22 06:45:47",87
"2019-04-22 07:45:45",87
"2019-04-22 08:45:42",87
"2019-04-22 09:45:41",87
"2019-04-22 10:45:49",87
"2019-04-22 11:45:47",87
"2019-04-22 13:11:19",87
"2019-04-22 13:45:48",87
"2019-04-22 14:45:50",88
"2019-04-22 15:45:44",87
"2019-04-22 16:45:44",87
"2019-04-22 17:45:46",87
"2019-04-22 18:45:51",87
"2019-04-22 19:45:48",87
"2019-04-22 20:45:43",87
"2019-04-22 21:45:44",87
"2019-04-22 22:45:44",87
"2019-04-22 23:45:49",87
"2019-04-23 00:45:47",87
"2019-04-23 01:45:43",87
"2019-04-23 02:45:44",87
"2019-04-23 03:45:48",87
"2019-04-23 04:45:51",87
"2019-04-23 05:45:45",87
"2019-04-23 06:46:22",87
"2019-04-23 07:45:44",87
"2019-04-23 08:45:40",87
"2019-04-23 09:45:43",87
"2019-04-23 10:45:48",87
"2019-04-23 11:45:48",87
"2019-04-23 13:11:49",87
"2019-04-23 13:45:44",87
"2019-04-23 14:45:43",87
"2019-04-23 15:45:50",87
"2019-04-23 16:45:45",87
"2019-04-23 17:45:45",87
"2019-04-23 18:45:43",87
"2019-04-23 19:45:47",87
"2019-04-23 20:45:56",87
"2019-04-23 21:45:46",87
"2019-04-23 22:45:43",87
"2019-04-23 23:45:45",87
"2019-04-24 00:45:42",87
"2019-04-24 01:45:45",87
"2019-04-24 02:45:53",87
"2019-04-24 03:45:46",87
"2019-04-24 04:45:44",87
"2019-04-24 05:45:41",87
"2019-04-24 06:45:46",87
"2019-04-24 07:45:53",87
"2019-04-24 08:45:43",87
"2019-04-24 09:45:44",87
"2019-04-24 10:45:50",87
"2019-04-24 11:45:51",87
"2019-04-24 12:45:42",87
"2019-04-24 13:46:04",87
"2019-04-24 14:45:49",87
"2019-04-24 15:45:49",87
"2019-04-24 16:45:49",87
"2019-04-24 17:45:49",87
"2019-04-24 18:46:03",87
"2019-04-24 19:45:47",87
"2019-04-24 20:45:48",87
"2019-04-24 21:45:47",87
"2019-04-24 22:45:45",87
"2019-04-24 23:45:57",87
"2019-04-25 00:45:48",87
"2019-04-25 01:45:46",87
"2019-04-25 02:45:46",87
"2019-04-25 03:45:57",87
"2019-04-25 04:45:44",87
"2019-04-25 05:45:44",87
"2019-04-25 06:45:51",87
"2019-04-25 07:45:45",87
"2019-04-25 08:45:49",87
"2019-04-25 09:45:43",87
"2019-04-25 10:45:49",87
"2019-04-25 11:45:48",87
"2019-04-25 13:10:21",87
"2019-04-25 13:45:45",87
"2019-04-25 14:45:53",89
"2019-04-25 15:45:44",88
"2019-04-25 16:45:51",88
"2019-04-25 17:45:41",88
"2019-04-25 18:45:42",88
"2019-04-25 19:45:49",88
"2019-04-25 20:45:42",88
"2019-04-25 21:45:51",88
"2019-04-25 22:45:42",88
"2019-04-25 23:45:41",88
"2019-04-26 00:45:45",88
"2019-04-26 01:45:54",88
"2019-04-26 02:45:44",88
"2019-04-26 03:45:44",88
"2019-04-26 04:45:47",88
"2019-04-26 05:45:50",88
"2019-04-26 06:45:47",88
"2019-04-26 07:45:43",88
"2019-04-26 08:45:52",88
"2019-04-26 09:45:41",88
"2019-04-26 10:45:55",88
"2019-04-26 11:45:43",88
"2019-04-26 12:45:43",88
"2019-04-26 13:45:49",88
"2019-04-26 14:45:42",88
"2019-04-26 15:45:50",88
"2019-04-26 16:45:41",88
"2019-04-26 17:45:58",88
"2019-04-26 18:45:43",88
"2019-04-26 19:45:42",88
"2019-04-26 20:45:49",88
"2019-04-26 21:45:41",88
"2019-04-26 22:45:41",88
"2019-04-26 23:45:43",88
"2019-04-27 00:45:44",88
"2019-04-27 01:45:49",88
"2019-04-27 02:45:42",88
"2019-04-27 03:45:41",88
"2019-04-27 04:45:39",88
"2019-04-27 05:45:43",88
"2019-04-27 06:45:48",88
"2019-04-27 07:45:39",88
"2019-04-27 08:45:40",88
"2019-04-27 09:45:46",88
"2019-04-27 10:45:43",88
"2019-04-27 11:45:37",88
"2019-04-27 12:45:40",88
"2019-04-27 13:45:45",88
"2019-04-27 14:45:40",88
"2019-04-27 15:45:38",88
"2019-04-27 16:45:42",88
"2019-04-27 17:45:51",88
"2019-04-27 18:45:42",88
"2019-04-27 19:45:38",88
"2019-04-27 20:45:42",88
"2019-04-27 21:45:44",88
"2019-04-27 22:45:40",88
"2019-04-27 23:45:40",88
"2019-04-28 00:45:40",88
"2019-04-28 01:45:42",88
"2019-04-28 02:45:41",88
"2019-04-28 03:45:40",88
"2019-04-28 04:45:50",88
"2019-04-28 05:45:40",88
"2019-04-28 06:45:39",88
"2019-04-28 07:45:38",88
"2019-04-28 08:45:45",88
"2019-04-28 09:45:40",88
"2019-04-28 10:45:45",88
"2019-04-28 11:45:43",88
"2019-04-28 12:45:39",88
"2019-04-28 13:45:40",88
"2019-04-28 14:45:46",88
"2019-04-28 15:45:41",88
"2019-04-28 16:45:39",88
"2019-04-28 17:45:42",88
"2019-04-28 18:45:42",88
"2019-04-28 20:45:40",88
"2019-04-28 21:45:42",88
"2019-04-28 22:45:40",88
"2019-04-28 23:45:42",88
"2019-04-29 00:45:48",88
"2019-04-29 01:45:38",88
"2019-04-29 02:45:39",88
"2019-04-29 03:45:42",88
"2019-04-29 04:45:47",88
"2019-04-29 05:45:40",88
"2019-04-29 06:45:40",88
"2019-04-29 07:45:41",88
"2019-04-29 08:45:46",88
"2019-04-29 09:45:45",88
"2019-04-29 10:45:39",88
"2019-04-29 11:45:40",88
"2019-04-29 12:45:48",88
"2019-04-29 13:45:40",88
"2019-04-29 14:45:48",88
"2019-04-29 15:45:40",88
"2019-04-29 16:45:44",88
"2019-04-29 17:45:43",88
"2019-04-29 18:45:43",88
"2019-04-29 19:45:46",88
"2019-04-29 20:45:54",88
"2019-04-29 21:45:41",88
"2019-04-29 22:45:39",88
"2019-04-29 23:45:43",88
"2019-04-30 00:45:41",88
"2019-04-30 01:45:46",88
"2019-04-30 02:45:48",88
"2019-04-30 03:45:50",88
"2019-04-30 04:45:44",88
"2019-04-30 05:45:46",88
"2019-04-30 06:45:44",88
"2019-04-30 07:45:43",88
"2019-04-30 08:45:46",88
"2019-04-30 09:45:50",88
"2019-04-30 10:45:46",88
"2019-04-30 11:45:43",88
"2019-04-30 13:09:47",88
"2019-04-30 13:45:47",88
"2019-04-30 14:45:47",87
"2019-04-30 15:45:47",87
"2019-04-30 16:45:48",87
"2019-04-30 17:45:54",87
"2019-04-30 18:45:44",87
"2019-04-30 19:45:49",87
"2019-04-30 20:45:43",87
"2019-04-30 21:45:44",87
"2019-04-30 22:45:40",87
"2019-04-30 23:45:49",87
"2019-05-01 00:45:40",87
"2019-05-01 01:45:52",87
"2019-05-01 02:45:45",87
"2019-05-01 03:45:54",87
"2019-05-01 04:45:52",87
"2019-05-01 05:45:48",87
"2019-05-01 06:45:41",87
"2019-05-01 07:45:48",87
"2019-05-01 08:45:47",87
"2019-05-01 09:45:47",87
"2019-05-01 10:45:41",87
"2019-05-01 11:45:46",87
"2019-05-01 13:09:47",87
"2019-05-01 13:45:49",87
"2019-05-01 14:45:39",87
"2019-05-01 15:45:50",86
"2019-05-01 16:45:45",86
"2019-05-01 17:45:41",86
"2019-05-01 18:45:49",86
"2019-05-01 19:45:55",86
"2019-05-01 20:45:52",85
"2019-05-01 21:45:47",85
"2019-05-01 22:45:51",85
"2019-05-01 23:45:51",85
"2019-05-02 00:45:54",85
"2019-05-02 01:45:47",85
"2019-05-02 02:45:55",85
"2019-05-02 03:45:48",85
"2019-05-02 04:45:55",85
"2019-05-02 05:45:56",85
"2019-05-02 06:45:54",85
"2019-05-02 07:45:50",85
"2019-05-02 08:45:50",85
"2019-05-02 09:45:45",85
"2019-05-02 10:45:52",85
"2019-05-02 11:45:45",85
"2019-05-02 13:45:59",85
"2019-05-02 14:45:47",86
"2019-05-02 15:45:47",86
"2019-05-02 16:45:55",86
"2019-05-02 17:45:48",86
"2019-05-02 18:45:48",86
"2019-05-02 19:45:57",86
"2019-05-02 20:45:49",86
"2019-05-02 21:45:52",86
"2019-05-02 22:46:00",86
"2019-05-02 23:45:45",86
"2019-05-03 00:45:48",86
"2019-05-03 01:46:01",86
"2019-05-03 02:45:49",86
"2019-05-03 03:45:58",86
"2019-05-03 04:45:48",86
"2019-05-03 05:46:09",86
"2019-05-03 06:45:52",86
"2019-05-03 07:45:54",86
"2019-05-03 08:45:54",86
"2019-05-03 09:45:52",86
"2019-05-03 10:45:58",86
"2019-05-03 11:45:51",86
"2019-05-03 13:09:02",86
"2019-05-03 13:46:07",86
"2019-05-03 14:45:58",86
"2019-05-03 15:45:55",87
"2019-05-03 16:45:53",87
"2019-05-03 17:45:56",87
"2019-05-03 18:46:06",87
"2019-05-03 19:46:01",87
"2019-05-03 20:45:48",87
"2019-05-03 21:46:02",87
"2019-05-03 22:45:49",87
"2019-05-03 23:45:58",87
"2019-05-04 00:45:53",87
"2019-05-04 01:45:56",87
"2019-05-04 02:46:01",87
"2019-05-04 03:46:04",87
"2019-05-04 04:45:56",87
"2019-05-04 05:45:54",87
"2019-05-04 06:45:56",87
"2019-05-04 07:45:55",87
"2019-05-04 08:45:47",87
"2019-05-04 09:45:51",87
"2019-05-04 10:45:46",87
"2019-05-04 11:45:53",87
"2019-05-04 12:45:56",87
"2019-05-04 13:45:57",87
"2019-05-04 14:45:48",87
"2019-05-04 15:45:50",87
"2019-05-04 16:45:52",87
"2019-05-04 17:45:48",87
"2019-05-04 18:45:49",87
"2019-05-04 19:45:51",87
"2019-05-04 20:45:46",87
"2019-05-04 21:45:48",87
"2019-05-04 22:45:51",87
"2019-05-04 23:45:54",87
"2019-05-05 00:45:50",87
"2019-05-05 01:45:56",87
"2019-05-05 02:45:49",87
"2019-05-05 03:45:54",87
"2019-05-05 04:45:55",87
"2019-05-05 05:45:56",87
"2019-05-05 06:45:56",87
"2019-05-05 07:45:49",87
"2019-05-05 08:45:44",87
"2019-05-05 09:45:45",87
"2019-05-05 10:45:48",87
"2019-05-05 11:45:51",87
"2019-05-05 12:45:49",87
"2019-05-05 13:45:50",87
"2019-05-05 14:45:51",87
"2019-05-05 15:45:48",87
"2019-05-05 16:45:47",87
"2019-05-05 17:45:57",87
"2019-05-05 18:45:49",87
"2019-05-05 19:45:46",87
"2019-05-05 20:45:48",87
"2019-05-05 21:45:49",87
"2019-05-05 22:45:51",87
"2019-05-05 23:45:52",87
"2019-05-06 00:45:47",87
"2019-05-06 01:45:46",87
"2019-05-06 02:45:47",87
"2019-05-06 03:45:53",87
"2019-05-06 04:45:45",87
"2019-05-06 05:45:44",87
"2019-05-06 06:45:45",87
"2019-05-06 07:45:51",87
"2019-05-06 08:45:46",87
"2019-05-06 09:45:43",87
"2019-05-06 10:45:50",87
"2019-05-06 11:45:50",87
"2019-05-06 13:11:06",87
"2019-05-06 13:46:09",87
"2019-05-06 14:46:07",88
"2019-05-06 15:45:46",88
"2019-05-06 16:45:50",88
"2019-05-06 17:37:41",88
"2019-05-06 17:45:45",88
"2019-05-06 18:45:49",88
"2019-05-06 19:45:51",88
"2019-05-06 20:45:43",88
"2019-05-06 21:45:43",88
"2019-05-06 22:45:47",88
"2019-05-06 23:45:42",88
"2019-05-07 00:45:44",88
"2019-05-07 01:45:57",88
"2019-05-07 02:45:45",88
"2019-05-07 03:45:48",88
"2019-05-07 04:45:47",88
"2019-05-07 05:45:44",88
"2019-05-07 06:45:41",88
"2019-05-07 07:45:43",88
"2019-05-07 08:45:40",88
"2019-05-07 09:45:46",88
"2019-05-07 10:45:43",88
"2019-05-07 11:45:40",88
"2019-05-07 12:45:50",88
"2019-05-07 13:45:48",88
"2019-05-07 14:45:42",88
"2019-05-07 15:45:41",88
"2019-05-07 16:45:50",88
"2019-05-07 17:45:48",88
"2019-05-07 18:45:47",88
"2019-05-07 19:45:49",88
"2019-05-07 20:45:44",90
"2019-05-07 21:45:42",90
"2019-05-07 22:45:43",90
"2019-05-07 23:45:49",90
"2019-05-08 00:45:43",90
"2019-05-08 01:45:44",90
"2019-05-08 02:45:45",90
"2019-05-08 03:45:50",90
"2019-05-08 04:45:45",90
"2019-05-08 05:45:46",90
"2019-05-08 06:45:45",90
"2019-05-08 07:45:43",90
"2019-05-08 08:45:42",90
"2019-05-08 09:45:53",90
"2019-05-08 10:45:43",90
"2019-05-08 11:45:47",90
"2019-05-08 13:09:50",90
"2019-05-08 13:45:47",90
"2019-05-08 14:45:51",90
"2019-05-08 15:45:49",91
"2019-05-08 16:45:47",91
"2019-05-08 17:45:49",91
"2019-05-08 18:45:56",91
"2019-05-08 19:45:46",91
"2019-05-08 20:45:43",91
"2019-05-08 21:45:46",91
"2019-05-08 22:45:44",91
"2019-05-08 23:45:58",91
"2019-05-09 00:45:45",91
"2019-05-09 01:45:47",91
"2019-05-09 02:45:50",91
"2019-05-09 03:45:56",91
"2019-05-09 04:45:56",91
"2019-05-09 05:45:47",91
"2019-05-09 06:45:52",91
"2019-05-09 07:45:50",91
"2019-05-09 08:45:48",91
"2019-05-09 09:45:56",91
"2019-05-09 10:45:46",91
"2019-05-09 11:45:51",91
"2019-05-09 13:09:21",91
"2019-05-09 13:45:48",91
"2019-05-09 14:45:51",91
"2019-05-09 15:45:52",91
"2019-05-09 16:45:48",91
"2019-05-09 17:45:56",92
"2019-05-09 18:45:48",92
"2019-05-09 19:45:49",92
"2019-05-09 20:45:48",92
"2019-05-09 21:45:45",92
"2019-05-09 22:45:57",92
"2019-05-09 23:45:45",92
"2019-05-10 00:45:48",92
"2019-05-10 01:45:51",92
"2019-05-10 02:46:03",92
"2019-05-10 03:45:46",92
"2019-05-10 04:45:57",92
"2019-05-10 05:45:45",92
"2019-05-10 06:46:18",92
"2019-05-10 07:45:44",92
"2019-05-10 08:45:51",92
"2019-05-10 09:45:45",92
"2019-05-10 10:45:48",92
"2019-05-10 11:45:45",92
"2019-05-10 12:45:56",92
"2019-05-10 13:45:47",92
"2019-05-10 14:45:52",91
"2019-05-10 15:45:46",91
"2019-05-10 16:45:47",91
"2019-05-10 17:45:47",91
"2019-05-10 18:45:55",91
"2019-05-10 19:45:47",91
"2019-05-10 20:45:45",91
"2019-05-10 21:45:46",91
"2019-05-10 22:45:52",91
"2019-05-10 23:45:49",91
"2019-05-11 00:45:59",91
"2019-05-11 01:45:45",91
"2019-05-11 02:45:56",91
"2019-05-11 03:45:46",91
"2019-05-11 04:45:46",91
"2019-05-11 05:46:00",91
"2019-05-11 06:45:44",91
"2019-05-11 07:45:43",91
"2019-05-11 08:45:53",91
"2019-05-11 09:45:43",91
"2019-05-11 10:45:57",91
"2019-05-11 11:45:45",91
"2019-05-11 12:45:45",91
"2019-05-11 13:45:52",91
"2019-05-11 14:45:45",91
"2019-05-11 15:45:48",91
"2019-05-11 16:45:59",91
"2019-05-11 17:45:46",91
"2019-05-11 18:45:49",91
"2019-05-11 19:45:48",91
"2019-05-11 20:45:46",91
"2019-05-11 21:45:52",91
"2019-05-11 22:45:50",91
"2019-05-11 23:45:48",91
"2019-05-12 00:45:45",91
"2019-05-12 01:45:46",91
"2019-05-12 02:45:47",91
"2019-05-12 03:45:56",91
"2019-05-12 04:45:46",91
"2019-05-12 05:45:48",91
"2019-05-12 06:45:46",91
"2019-05-12 07:45:52",91
"2019-05-12 08:45:44",91
"2019-05-12 09:45:49",91
"2019-05-12 10:45:45",91
"2019-05-12 11:45:43",91
"2019-05-12 12:45:44",91
"2019-05-12 13:45:50",91
"2019-05-12 14:45:45",91
"2019-05-12 15:45:45",91
"2019-05-12 16:45:48",91
"2019-05-12 17:45:53",91
"2019-05-12 18:45:45",91
"2019-05-12 19:45:45",91
"2019-05-12 20:45:44",91
"2019-05-12 21:45:44",91
"2019-05-12 22:45:54",91
"2019-05-12 23:45:44",91
"2019-05-13 00:45:47",91
"2019-05-13 01:45:43",91
"2019-05-13 02:45:43",91
"2019-05-13 03:45:50",91
"2019-05-13 04:45:42",91
"2019-05-13 05:45:42",91
"2019-05-13 06:45:49",91
"2019-05-13 07:45:41",91
"2019-05-13 08:45:44",91
"2019-05-13 09:45:45",91
"2019-05-13 10:45:50",91
"2019-05-13 11:45:46",91
"2019-05-13 13:09:19",91
"2019-05-13 13:45:44",91
"2019-05-13 14:45:44",91
"2019-05-13 15:45:53",91
"2019-05-13 16:45:45",91
"2019-05-13 17:45:46",91
"2019-05-13 18:45:47",91
"2019-05-13 19:45:50",91
"2019-05-13 20:45:44",91
"2019-05-13 21:45:46",91
"2019-05-13 22:45:45",91
"2019-05-13 23:45:45",91
"2019-05-14 00:46:10",91
"2019-05-14 01:45:44",91
"2019-05-14 02:45:47",91
"2019-05-14 03:45:54",91
"2019-05-14 04:45:46",91
"2019-05-14 05:45:45",91
"2019-05-14 06:45:54",91
"2019-05-14 07:45:47",91
"2019-05-14 08:45:47",91
"2019-05-14 09:45:53",91
"2019-05-14 10:45:45",91
"2019-05-14 11:45:45",91
"2019-05-14 13:08:53",91
"2019-05-14 13:45:49",91
"2019-05-14 14:45:45",91
"2019-05-14 15:45:49",91
"2019-05-14 16:45:47",91
"2019-05-14 17:45:50",91
"2019-05-14 18:45:47",92
"2019-05-14 19:45:42",92
"2019-05-14 20:45:44",92
"2019-05-14 21:45:42",92
"2019-05-14 22:45:51",92
"2019-05-14 23:45:46",92
"2019-05-15 00:45:45",92
"2019-05-15 01:45:46",92
"2019-05-15 02:45:45",92
"2019-05-15 03:45:51",92
"2019-05-15 04:45:48",92
"2019-05-15 05:45:48",92
"2019-05-15 06:45:50",92
"2019-05-15 07:45:47",92
"2019-05-15 08:45:48",92
"2019-05-15 09:45:54",92
"2019-05-15 10:45:56",92
"2019-05-15 11:45:44",92
"2019-05-15 13:09:52",92
"2019-05-15 13:45:47",92
"2019-05-15 14:45:49",91
"2019-05-15 15:45:46",91
"2019-05-15 16:45:55",91
"2019-05-15 17:45:49",91
"2019-05-15 18:45:53",91
"2019-05-15 19:45:49",91
"2019-05-15 20:45:49",91
"2019-05-15 21:45:51",91
"2019-05-15 22:45:47",91
"2019-05-15 23:45:46",91
"2019-05-16 00:45:46",91
"2019-05-16 01:45:57",91
"2019-05-16 02:45:51",91
"2019-05-16 03:45:45",91
"2019-05-16 04:45:46",91
"2019-05-16 05:45:52",91
"2019-05-16 06:45:49",91
"2019-05-16 07:45:55",91
"2019-05-16 08:45:54",91
"2019-05-16 09:45:54",91
"2019-05-16 10:46:12",91
"2019-05-16 11:45:49",91
"2019-05-16 13:08:57",91
"2019-05-16 13:46:06",91
"2019-05-16 14:45:50",91
"2019-05-16 15:45:50",91
"2019-05-16 16:45:56",91
"2019-05-16 17:45:50",90
"2019-05-16 18:45:53",90
"2019-05-16 19:45:53",90
"2019-05-16 20:45:49",89
"2019-05-16 21:45:54",89
"2019-05-16 22:45:56",89
"2019-05-16 23:45:52",89
"2019-05-17 00:46:05",89
"2019-05-17 01:45:56",89
"2019-05-17 02:45:50",89
"2019-05-17 03:45:49",89
"2019-05-17 04:45:49",89
"2019-05-17 05:45:51",89
"2019-05-17 06:45:58",89
"2019-05-17 07:45:52",89
"2019-05-17 08:46:00",89
"2019-05-17 09:45:58",89
"2019-05-17 10:45:50",89
"2019-05-17 11:45:56",89
"2019-05-17 13:10:26",89
"2019-05-17 13:46:08",89
"2019-05-17 14:45:52",90
"2019-05-17 15:45:48",90
"2019-05-17 16:45:54",90
"2019-05-17 17:45:49",90
"2019-05-17 18:45:49",90
"2019-05-17 19:45:56",90
"2019-05-17 20:45:48",90
"2019-05-17 21:45:49",90
"2019-05-17 22:45:50",90
"2019-05-17 23:45:49",90
"2019-05-18 00:45:49",90
"2019-05-18 01:45:53",90
"2019-05-18 02:45:52",90
"2019-05-18 04:45:46",90
"2019-05-18 05:45:39",90
"2019-05-18 06:45:44",90
"2019-05-18 07:45:40",90
"2019-05-18 08:45:40",90
"2019-05-18 09:45:39",90
"2019-05-18 10:45:39",90
"2019-05-18 11:45:44",90
"2019-05-18 12:45:39",90
"2019-05-18 13:45:42",90
"2019-05-18 14:45:40",90
"2019-05-18 15:45:45",90
"2019-05-18 16:45:39",90
"2019-05-18 17:45:42",90
"2019-05-18 18:45:38",90
"2019-05-18 19:45:40",90
"2019-05-18 20:45:39",90
"2019-05-18 21:45:40",90
"2019-05-18 22:45:40",90
"2019-05-18 23:45:38",90
"2019-05-19 00:45:37",90
"2019-05-19 01:45:39",90
"2019-05-19 02:45:38",90
"2019-05-19 03:45:38",90
"2019-05-19 04:45:42",90
"2019-05-19 05:45:38",90
"2019-05-19 06:45:39",90
"2019-05-19 07:45:38",90
"2019-05-19 08:45:38",90
"2019-05-19 09:45:38",90
"2019-05-19 10:45:38",90
"2019-05-19 11:45:40",90
"2019-05-19 12:45:41",90
"2019-05-19 13:45:41",90
"2019-05-19 14:45:39",90
"2019-05-19 15:45:38",90
"2019-05-19 16:45:42",90
"2019-05-19 17:45:41",90
"2019-05-19 18:45:39",90
"2019-05-19 19:45:39",90
"2019-05-19 20:45:41",90
"2019-05-19 21:45:40",90
"2019-05-19 22:45:39",90
"2019-05-19 23:45:41",90
"2019-05-20 00:45:40",90
"2019-05-20 01:45:40",90
"2019-05-20 02:45:43",90
"2019-05-20 03:45:40",90
"2019-05-20 04:45:43",90
"2019-05-20 05:45:41",90
"2019-05-20 06:45:40",90
"2019-05-20 07:45:41",90
"2019-05-20 08:45:41",90
"2019-05-20 09:45:41",90
"2019-05-20 10:45:40",90
"2019-05-20 11:45:42",90
"2019-05-20 12:45:45",90
"2019-05-20 13:45:43",90
"2019-05-20 14:45:40",89
"2019-05-20 15:45:39",89
"2019-05-20 16:45:42",89
"2019-05-20 17:45:40",89
"2019-05-20 18:45:38",89
"2019-05-20 19:45:39",89
"2019-05-20 20:45:39",89
"2019-05-20 21:45:39",89
"2019-05-20 22:45:39",89
"2019-05-20 23:45:45",89
"2019-05-21 00:45:39",89
"2019-05-21 01:45:42",89
"2019-05-21 02:45:39",89
"2019-05-21 03:45:39",89
"2019-05-21 04:45:42",89
"2019-05-21 05:45:40",89
"2019-05-21 06:45:38",89
"2019-05-21 07:45:41",89
"2019-05-21 08:45:40",89
"2019-05-21 09:45:37",89
"2019-05-21 10:45:41",89
"2019-05-21 11:45:38",89
"2019-05-21 13:09:42",89
"2019-05-21 13:45:39",89
"2019-05-21 14:45:41",89
"2019-05-21 15:45:38",89
"2019-05-21 16:45:38",89
"2019-05-21 17:45:38",89
"2019-05-21 18:45:40",89
"2019-05-21 19:45:40",89
"2019-05-21 20:45:39",89
"2019-05-21 21:45:38",89
"2019-05-21 22:45:43",89
"2019-05-21 23:45:41",89
"2019-05-22 00:45:38",89
"2019-05-22 01:45:39",89
"2019-05-22 02:45:38",89
"2019-05-22 03:45:39",89
"2019-05-22 04:45:42",89
"2019-05-22 05:45:40",89
"2019-05-22 06:45:38",89
"2019-05-22 07:45:40",89
"2019-05-22 08:45:46",89
"2019-05-22 09:45:46",89
"2019-05-22 10:45:38",89
"2019-05-22 11:45:40",89
"2019-05-22 12:45:40",89
"2019-05-22 13:45:41",89
"2019-05-22 14:45:39",89
"2019-05-22 15:45:44",90
"2019-05-22 16:45:41",90
"2019-05-22 17:45:38",90
"2019-05-22 18:45:40",89
"2019-05-22 19:45:38",89
"2019-05-22 20:45:38",89
"2019-05-22 21:45:39",89
"2019-05-22 22:45:38",89
"2019-05-22 23:45:38",89
"2019-05-23 00:45:40",89
"2019-05-23 01:45:39",89
"2019-05-23 02:45:42",89
"2019-05-23 03:45:41",89
"2019-05-23 04:45:43",89
"2019-05-23 05:45:40",89
"2019-05-23 06:45:40",89
"2019-05-23 07:45:42",89
"2019-05-23 08:45:41",89
"2019-05-23 09:45:40",89
"2019-05-23 10:45:40",89
"2019-05-23 11:45:39",89
"2019-05-23 12:45:44",89
"2019-05-23 13:45:40",89
"2019-05-23 14:45:40",91
"2019-05-23 15:45:38",91
"2019-05-23 16:45:39",91
"2019-05-23 17:45:39",92
"2019-05-23 18:45:39",91
"2019-05-23 19:45:42",91
"2019-05-23 20:45:40",91
"2019-05-23 21:45:39",91
"2019-05-23 22:45:39",91
"2019-05-23 23:45:41",91
"2019-05-24 00:45:41",91
"2019-05-24 01:45:40",91
"2019-05-24 02:45:39",91
"2019-05-24 03:45:38",91
"2019-05-24 04:45:40",91
"2019-05-24 05:45:44",91
"2019-05-24 06:45:38",91
"2019-05-24 07:45:38",91
"2019-05-24 08:45:39",91
"2019-05-24 09:45:41",91
"2019-05-24 10:45:42",91
"2019-05-24 11:45:39",91
"2019-05-24 13:09:44",91
"2019-05-24 13:45:40",91
"2019-05-24 14:45:39",91
"2019-05-24 15:45:39",91
"2019-05-24 16:45:39",91
"2019-05-24 17:45:41",91
"2019-05-24 18:45:43",91
"2019-05-24 19:45:40",92
"2019-05-24 20:45:42",93
"2019-05-24 21:45:44",93
"2019-05-24 22:45:41",93
"2019-05-24 23:45:45",93
"2019-05-25 00:45:42",93
"2019-05-25 01:45:39",93
"2019-05-25 04:45:43",93
"2019-05-26 04:45:45",93
"2019-05-26 05:45:41",93
"2019-05-26 06:45:40",93
"2019-05-26 07:45:42",93
"2019-05-26 08:45:39",93
"2019-05-26 09:45:39",93
"2019-05-26 10:45:41",93
"2019-05-26 11:45:41",93
"2019-05-26 12:45:39",93
"2019-05-26 13:45:39",93
"2019-05-26 14:45:42",93
"2019-05-26 15:45:38",93
"2019-05-26 16:45:39",93
"2019-05-26 17:45:44",93
"2019-05-26 18:45:41",93
"2019-05-26 19:46:26",93
"2019-05-26 20:45:39",93
"2019-05-26 21:45:41",93
"2019-05-26 22:45:41",93
"2019-05-26 23:45:38",93
"2019-05-27 00:45:39",93
"2019-05-27 01:45:40",93
"2019-05-27 02:45:40",93
"2019-05-27 03:45:42",93
"2019-05-27 04:45:42",93
"2019-05-27 05:45:40",93
"2019-05-27 06:45:41",93
"2019-05-27 07:45:46",93
"2019-05-27 08:45:46",93
"2019-05-27 09:45:46",93
"2019-05-27 10:45:42",93
"2019-05-27 11:45:39",93
"2019-05-27 12:45:39",93
"2019-05-27 13:45:41",93
"2019-05-27 14:45:40",93
"2019-05-27 15:45:40",93
"2019-05-27 16:45:39",93
"2019-05-27 17:45:44",93
"2019-05-27 18:45:39",93
"2019-05-27 19:45:38",93
"2019-05-27 20:45:39",93
"2019-05-27 21:45:39",93
"2019-05-27 22:45:38",93
"2019-05-27 23:45:39",93
"2019-05-28 00:45:39",93
"2019-05-28 01:45:40",93
"2019-05-28 02:45:42",93
"2019-05-28 03:45:40",93
"2019-05-28 04:45:40",93
"2019-05-28 05:45:40",93
"2019-05-28 06:45:46",93
"2019-05-28 07:45:42",93
"2019-05-28 08:45:40",93
"2019-05-28 09:45:43",93
"2019-05-28 10:45:39",93
"2019-05-28 11:45:39",93
"2019-05-28 12:45:39",93
"2019-05-28 13:45:41",93
"2019-05-28 14:45:41",93
"2019-05-28 15:45:40",93
"2019-05-28 16:45:41",94
"2019-05-28 17:45:45",94
"2019-05-28 18:45:41",94
"2019-05-28 19:45:40",94
"2019-05-28 20:45:40",94
"2019-05-28 21:45:40",94
"2019-05-28 22:45:41",94
"2019-05-28 23:45:42",94
"2019-05-29 00:45:42",94
"2019-05-29 01:45:40",94
"2019-05-29 02:45:40",94
"2019-05-29 03:45:39",94
"2019-05-29 04:45:40",94
"2019-05-29 05:45:43",94
"2019-05-29 06:45:41",94
"2019-05-29 07:45:44",94
"2019-05-29 08:45:41",94
"2019-05-29 09:45:49",94
"2019-05-29 10:45:42",94
"2019-05-29 11:45:40",94
"2019-05-29 13:08:45",94
"2019-05-29 13:45:43",94
"2019-05-29 14:45:43",95
"2019-05-29 15:45:41",95
"2019-05-29 16:45:40",95
"2019-05-29 17:45:42",95
"2019-05-29 18:45:42",94
"2019-05-29 19:45:44",94
"2019-05-29 20:45:39",94
"2019-05-29 21:45:41",94
"2019-05-29 22:45:41",94
"2019-05-29 23:45:42",94
"2019-05-30 00:45:40",94
"2019-05-30 01:45:42",94
"2019-05-30 02:45:43",94
"2019-05-30 03:45:42",94
"2019-05-30 04:45:42",94
"2019-05-30 05:45:44",94
"2019-05-30 06:45:40",94
"2019-05-30 07:45:40",94
"2019-05-30 08:45:49",94
"2019-05-30 09:45:41",94
"2019-05-30 10:45:39",94
"2019-05-30 11:45:41",94
"2019-05-30 12:45:45",94
"2019-05-30 13:45:40",94
"2019-05-30 14:45:44",94
"2019-05-30 15:45:42",94
"2019-05-30 16:45:39",94
"2019-05-30 17:45:42",94
"2019-05-30 18:45:41",94
"2019-05-30 19:45:41",95
"2019-05-30 20:45:39",95
"2019-05-30 21:45:39",95
"2019-05-30 22:45:43",95
"2019-05-30 23:45:40",95
"2019-05-31 00:45:39",95
"2019-05-31 01:45:41",95
"2019-05-31 02:45:39",95
"2019-05-31 03:45:39",95
"2019-05-31 04:45:39",95
"2019-05-31 05:45:40",95
"2019-05-31 06:45:41",95
"2019-05-31 07:45:39",95
"2019-05-31 08:45:41",95
"2019-05-31 09:45:42",95
"2019-05-31 10:45:40",95
"2019-05-31 11:45:39",95
"2019-05-31 12:46:26",95
"2019-05-31 13:45:43",95
"2019-05-31 14:45:40",95
"2019-05-31 15:45:41",95
"2019-05-31 16:45:40",94
"2019-05-31 17:45:45",94
"2019-05-31 18:45:40",94
"2019-05-31 19:45:38",94
"2019-05-31 20:45:40",94
"2019-05-31 21:45:41",94
"2019-05-31 22:45:37",94
"2019-05-31 23:45:40",94
"2019-06-01 00:45:39",94
"2019-06-01 01:45:39",94
"2019-06-01 02:45:40",94
"2019-06-01 03:45:39",94
"2019-06-01 04:45:39",94
"2019-06-01 05:45:39",94
"2019-06-01 06:45:45",94
"2019-06-01 07:45:38",94
"2019-06-01 08:45:41",94
"2019-06-01 09:45:39",94
"2019-06-01 10:45:41",94
"2019-06-01 11:45:39",94
"2019-06-01 12:45:39",94
"2019-06-01 13:45:39",94
"2019-06-01 14:45:46",94
"2019-06-01 15:45:41",94
"2019-06-01 16:45:39",94
"2019-06-01 17:45:41",94
"2019-06-01 18:45:39",94
"2019-06-01 19:45:42",94
"2019-06-01 20:45:39",94
"2019-06-01 21:45:41",94
"2019-06-01 22:45:40",94
"2019-06-01 23:45:41",94
"2019-06-02 00:45:43",94
"2019-06-02 01:45:46",94
"2019-06-02 02:45:42",94
"2019-06-02 03:45:41",94
"2019-06-02 04:45:40",94
"2019-06-02 05:45:45",94
"2019-06-02 06:45:40",94
"2019-06-02 07:45:39",94
"2019-06-02 08:45:39",94
"2019-06-02 09:45:39",94
"2019-06-02 10:45:40",94
"2019-06-02 11:45:39",94
"2019-06-02 12:45:44",94
"2019-06-02 13:45:40",94
"2019-06-02 14:45:42",94
"2019-06-02 15:45:37",94
"2019-06-02 16:45:39",94
"2019-06-02 17:45:41",94
"2019-06-02 18:45:41",94
"2019-06-02 19:45:41",94
"2019-06-02 20:45:40",94
"2019-06-02 21:45:41",94
"2019-06-02 22:45:40",94
"2019-06-02 23:45:39",94
"2019-06-03 00:45:39",94
"2019-06-03 01:45:44",94
"2019-06-03 02:45:40",94
"2019-06-03 03:45:39",94
"2019-06-03 04:45:39",94
"2019-06-03 05:45:39",94
"2019-06-03 06:45:41",94
"2019-06-03 07:45:39",94
"2019-06-03 08:45:41",94
"2019-06-03 09:45:40",94
"2019-06-03 10:45:42",94
"2019-06-03 11:45:43",94
"2019-06-03 12:45:39",94
"2019-06-03 13:45:43",94
"2019-06-03 14:45:43",95
"2019-06-03 15:45:40",95
"2019-06-03 16:45:39",95
"2019-06-03 17:45:39",95
"2019-06-03 18:45:41",95
"2019-06-03 19:45:42",95
"2019-06-03 20:45:39",95
"2019-06-03 21:45:41",95
"2019-06-03 22:45:40",95
"2019-06-03 23:45:44",95
"2019-06-04 00:45:39",95
"2019-06-04 01:45:41",95
"2019-06-04 02:45:41",95
"2019-06-04 03:46:29",95
"2019-06-04 04:45:42",95
"2019-06-04 05:45:39",95
"2019-06-04 06:45:40",95
"2019-06-04 07:45:39",95
"2019-06-04 08:45:45",95
"2019-06-04 09:45:39",95
"2019-06-04 10:45:42",95
"2019-06-04 11:45:40",95
"2019-06-04 13:08:13",95
"2019-06-04 13:45:41",95
"2019-06-04 14:45:45",94
"2019-06-04 15:45:41",95
"2019-06-04 16:45:41",95
"2019-06-04 17:45:43",95
"2019-06-04 18:45:41",95
"2019-06-04 19:45:41",96
"2019-06-04 20:45:41",97
"2019-06-04 21:45:39",97
"2019-06-04 22:45:40",97
"2019-06-04 23:45:44",97
"2019-06-05 00:45:39",97
"2019-06-05 01:45:41",97
"2019-06-05 02:45:43",97
"2019-06-05 03:45:43",97
"2019-06-05 04:45:45",97
"2019-06-05 05:45:40",97
"2019-06-05 06:45:40",97
"2019-06-05 07:45:40",97
"2019-06-05 08:45:47",97
"2019-06-05 09:45:40",97
"2019-06-05 10:45:40",97
"2019-06-05 11:45:45",97
"2019-06-05 13:09:44",97
"2019-06-05 13:45:39",97
"2019-06-05 14:45:39",97
"2019-06-05 15:45:41",97
"2019-06-05 16:45:40",97
"2019-06-05 17:45:41",97
"2019-06-05 18:45:40",97
"2019-06-05 19:45:45",98
"2019-06-05 20:45:40",98
"2019-06-05 21:45:39",98
"2019-06-05 22:45:40",98
"2019-06-05 23:45:40",98
"2019-06-06 00:45:40",98
"2019-06-06 01:45:38",98
"2019-06-06 02:45:41",98
"2019-06-06 03:45:41",98
"2019-06-06 04:45:47",98
"2019-06-06 05:45:40",98
"2019-06-06 06:45:43",98
"2019-06-06 07:45:40",98
"2019-06-06 08:45:48",98
"2019-06-06 09:45:43",98
"2019-06-06 10:45:47",98
"2019-06-06 11:45:39",98
"2019-06-06 13:09:44",98
"2019-06-06 13:45:42",98
"2019-06-06 14:45:42",98
"2019-06-06 15:45:44",100
"2019-06-06 16:45:41",100
"2019-06-06 17:45:44",100
"2019-06-06 18:45:46",101
"2019-06-06 19:45:44",101
"2019-06-06 20:45:40",102
"2019-06-06 21:45:43",102
"2019-06-06 22:45:40",102
"2019-06-06 23:45:40",102
"2019-06-07 00:45:44",102
"2019-06-07 01:45:43",102
"2019-06-07 02:45:44",102
"2019-06-07 03:45:43",102
"2019-06-07 04:45:45",102
"2019-06-07 05:45:40",102
"2019-06-07 06:45:44",102
"2019-06-07 07:45:41",102
"2019-06-07 08:45:42",102
"2019-06-07 09:45:44",102
"2019-06-07 10:45:40",102
"2019-06-07 11:45:41",102
"2019-06-07 13:09:48",102
"2019-06-07 13:45:46",102
"2019-06-07 14:45:44",102
"2019-06-07 15:45:43",102
"2019-06-07 16:45:43",103
"2019-06-07 17:45:42",103
"2019-06-07 18:45:42",103
"2019-06-07 19:45:40",103
"2019-06-07 20:45:41",103
"2019-06-07 21:45:43",103
"2019-06-07 22:45:40",103
"2019-06-07 23:45:46",103
"2019-06-08 00:45:42",103
"2019-06-08 01:45:47",103
"2019-06-08 02:45:44",103
"2019-06-08 03:45:47",103
"2019-06-08 04:45:43",103
"2019-06-08 05:45:50",103
"2019-06-08 06:45:46",103
"2019-06-08 07:45:47",103
"2019-06-08 08:45:42",103
"2019-06-08 09:45:44",103
"2019-06-08 10:45:44",103
"2019-06-08 11:45:44",103
"2019-06-08 12:45:43",103
"2019-06-08 13:45:41",103
"2019-06-08 14:45:39",103
"2019-06-08 15:45:45",103
"2019-06-08 16:45:44",103
"2019-06-08 17:45:43",103
"2019-06-08 18:45:44",103
"2019-06-08 19:45:41",103
"2019-06-08 20:45:42",103
"2019-06-08 21:45:40",103
"2019-06-08 22:45:41",103
"2019-06-08 23:45:45",103
"2019-06-09 00:45:41",103
"2019-06-09 01:45:42",103
"2019-06-09 02:45:48",103
"2019-06-09 03:45:49",103
"2019-06-09 04:45:41",103
"2019-06-09 05:45:46",103
"2019-06-09 06:45:40",103
"2019-06-09 07:45:46",103
"2019-06-09 08:45:41",103
"2019-06-09 09:45:43",103
"2019-06-09 10:45:42",103
"2019-06-09 11:45:43",103
"2019-06-09 12:45:45",103
"2019-06-09 13:45:42",103
"2019-06-09 14:45:41",103
"2019-06-09 15:45:44",103
"2019-06-09 16:45:42",103
"2019-06-09 17:45:45",103
"2019-06-09 18:45:41",103
"2019-06-09 19:45:42",103
"2019-06-09 20:45:41",103
"2019-06-09 21:45:42",103
"2019-06-09 22:45:48",103
"2019-06-09 23:45:43",103
"2019-06-10 00:45:43",103
"2019-06-10 01:45:46",103
"2019-06-10 02:45:42",103
"2019-06-10 03:45:47",103
"2019-06-10 04:45:42",103
"2019-06-10 05:45:45",103
"2019-06-10 06:45:40",103
"2019-06-10 07:45:47",103
"2019-06-10 08:45:41",103
"2019-06-10 09:45:40",103
"2019-06-10 10:45:47",103
"2019-06-10 11:45:43",103
"2019-06-10 12:45:51",103
"2019-06-10 13:45:49",103
"2019-06-10 14:45:43",105
"2019-06-10 15:45:46",105
"2019-06-10 16:45:48",106
"2019-06-10 17:45:45",106
"2019-06-10 18:45:47",105
"2019-06-10 19:45:46",105
"2019-06-10 20:45:45",105
"2019-06-10 21:45:44",105
"2019-06-10 22:45:46",105
"2019-06-10 23:45:46",105
"2019-06-11 00:45:47",105
"2019-06-11 01:45:49",105
"2019-06-11 02:45:48",105
"2019-06-11 03:45:47",105
"2019-06-11 04:45:44",105
"2019-06-11 05:45:46",105
"2019-06-11 06:45:44",105
"2019-06-11 07:45:43",105
"2019-06-11 08:45:44",105
"2019-06-11 09:45:47",105
"2019-06-11 10:45:45",105
"2019-06-11 11:45:46",105
"2019-06-11 13:09:21",105
"2019-06-11 13:45:50",105
"2019-06-11 14:45:45",105
"2019-06-11 15:45:46",105
"2019-06-11 16:45:50",105
"2019-06-11 17:45:46",104
"2019-06-11 18:45:48",104
"2019-06-11 19:45:45",104
"2019-06-11 20:45:47",104
"2019-06-11 21:45:46",104
"2019-06-11 22:45:46",104
"2019-06-11 23:45:43",104
"2019-06-12 00:45:49",104
"2019-06-12 01:45:48",104
"2019-06-12 02:45:48",104
"2019-06-12 03:45:52",104
"2019-06-12 04:45:49",104
"2019-06-12 05:45:47",104
"2019-06-12 06:45:48",104
"2019-06-12 07:45:51",104
"2019-06-12 08:45:49",104
"2019-06-12 09:45:53",104
"2019-06-12 10:45:49",104
"2019-06-12 11:45:51",104
"2019-06-12 13:08:52",104
"2019-06-12 13:45:46",104
"2019-06-12 14:45:46",104
"2019-06-12 15:45:48",105
"2019-06-12 16:45:47",106
"2019-06-12 17:45:46",106
"2019-06-12 18:45:47",106
"2019-06-12 19:45:50",105
"2019-06-12 20:45:48",105
"2019-06-12 21:45:48",105
"2019-06-12 22:45:46",105
"2019-06-12 23:45:45",105
"2019-06-13 00:45:46",105
"2019-06-13 01:45:49",105
"2019-06-13 02:46:05",105
"2019-06-13 03:45:46",105
"2019-06-13 04:45:48",105
"2019-06-13 05:45:51",105
"2019-06-13 06:45:47",105
"2019-06-13 07:45:44",105
"2019-06-13 08:45:45",105
"2019-06-13 09:45:45",105
"2019-06-13 10:45:52",105
"2019-06-13 11:45:44",105
"2019-06-13 13:09:47",105
"2019-06-13 13:45:49",105
"2019-06-13 14:45:47",104
"2019-06-13 15:45:48",105
"2019-06-13 16:45:48",105
"2019-06-13 17:45:45",104
"2019-06-13 18:45:45",104
"2019-06-13 19:45:46",104
"2019-06-13 20:45:42",103
"2019-06-13 21:45:44",103
"2019-06-13 22:45:45",103
"2019-06-13 23:45:45",103
"2019-06-14 00:45:46",103
"2019-06-14 01:45:47",103
"2019-06-14 02:45:49",103
"2019-06-14 03:45:46",103
"2019-06-14 04:45:46",103
"2019-06-14 05:45:47",103
"2019-06-14 06:45:54",103
"2019-06-14 07:45:49",103
"2019-06-14 08:45:49",103
"2019-06-14 09:45:47",103
"2019-06-14 10:45:50",103
"2019-06-14 11:45:49",103
"2019-06-14 12:45:49",103
"2019-06-14 13:45:46",103
"2019-06-14 14:45:48",103
"2019-06-14 15:45:49",103
"2019-06-14 16:45:49",103
"2019-06-14 17:45:46",103
"2019-06-14 18:45:46",103
"2019-06-14 19:45:46",103
"2019-06-14 20:45:45",103
"2019-06-14 21:45:48",103
"2019-06-14 22:45:45",103
"2019-06-14 23:45:48",103
"2019-06-15 00:45:49",103
"2019-06-15 01:45:49",103
"2019-06-15 02:45:46",103
"2019-06-15 03:45:46",103
"2019-06-15 04:45:47",103
"2019-06-15 05:45:50",103
"2019-06-15 06:45:46",103
"2019-06-15 07:45:48",103
"2019-06-15 08:45:48",103
"2019-06-15 09:45:47",103
"2019-06-15 10:45:49",103
"2019-06-15 11:45:48",103
"2019-06-15 12:45:50",103
"2019-06-15 13:45:54",103
"2019-06-15 14:45:46",103
"2019-06-15 15:45:46",103
"2019-06-15 16:45:47",103
"2019-06-15 17:45:46",103
"2019-06-15 18:45:50",103
"2019-06-15 19:45:47",103
"2019-06-15 20:45:47",103
"2019-06-15 21:45:53",103
"2019-06-15 22:45:54",103
"2019-06-15 23:45:47",103
"2019-06-16 00:45:47",103
"2019-06-16 01:45:53",103
"2019-06-16 02:45:49",103
"2019-06-16 03:45:47",103
"2019-06-16 04:45:52",103
"2019-06-16 05:45:48",103
"2019-06-16 06:45:50",103
"2019-06-16 07:45:53",103
"2019-06-16 08:45:47",103
"2019-06-16 09:45:45",103
"2019-06-16 10:45:44",103
"2019-06-16 11:45:45",103
"2019-06-16 12:45:47",103
"2019-06-16 13:45:45",103
"2019-06-16 14:45:48",103
"2019-06-16 15:45:48",103
"2019-06-16 16:45:51",103
"2019-06-16 17:45:50",103
"2019-06-16 18:45:50",103
"2019-06-16 19:45:47",103
"2019-06-16 20:45:46",103
"2019-06-16 21:45:51",103
"2019-06-16 22:45:48",103
"2019-06-16 23:45:50",103
"2019-06-17 00:45:47",103
"2019-06-17 01:45:47",103
"2019-06-17 02:45:52",103
"2019-06-17 03:45:53",103
"2019-06-17 04:45:50",103
"2019-06-17 05:45:48",103
"2019-06-17 06:45:46",103
"2019-06-17 07:45:45",103
"2019-06-17 08:45:48",103
"2019-06-17 09:45:46",103
"2019-06-17 10:45:49",103
"2019-06-17 11:45:49",103
"2019-06-17 13:10:21",103
"2019-06-17 13:45:46",103
"2019-06-17 14:45:48",103
"2019-06-17 15:45:50",103
"2019-06-17 16:46:00",103
"2019-06-17 17:45:51",103
"2019-06-17 18:45:54",103
"2019-06-17 19:45:48",103
"2019-06-17 20:45:51",104
"2019-06-17 21:45:47",104
"2019-06-17 22:45:49",104
"2019-06-17 23:45:45",104
"2019-06-18 00:45:47",104
"2019-06-18 01:45:45",104
"2019-06-18 02:46:00",104
"2019-06-18 03:45:49",104
"2019-06-18 04:45:48",104
"2019-06-18 05:45:49",104
"2019-06-18 06:45:47",104
"2019-06-18 07:45:48",104
"2019-06-18 08:45:58",104
"2019-06-18 09:45:45",104
"2019-06-18 10:45:45",104
"2019-06-18 11:45:46",104
"2019-06-18 13:08:20",104
"2019-06-18 13:45:48",104
"2019-06-18 14:45:47",104
"2019-06-18 15:45:46",104
"2019-06-18 16:45:47",104
"2019-06-18 17:45:45",104
"2019-06-18 18:45:51",104
"2019-06-18 19:45:52",104
"2019-06-18 20:45:46",104
"2019-06-18 21:45:46",104
"2019-06-18 22:45:46",104
"2019-06-18 23:45:48",104
"2019-06-19 00:45:46",104
"2019-06-19 01:45:50",104
"2019-06-19 02:45:51",104
"2019-06-19 03:45:50",104
"2019-06-19 04:45:46",104
"2019-06-19 05:46:08",104
"2019-06-19 06:46:05",104
"2019-06-19 07:45:52",104
"2019-06-19 08:45:54",104
"2019-06-19 09:45:47",104
"2019-06-19 10:45:52",104
"2019-06-19 11:45:49",104
"2019-06-19 13:08:23",104
"2019-06-19 13:45:49",104
"2019-06-19 14:45:49",104
"2019-06-19 15:45:48",103
"2019-06-19 16:46:01",103
"2019-06-19 17:45:49",103
"2019-06-19 18:45:47",103
"2019-06-19 19:45:51",103
"2019-06-19 20:45:49",104
"2019-06-19 21:45:48",104
"2019-06-19 22:45:47",104
"2019-06-19 23:45:47",104
"2019-06-20 00:45:48",104
"2019-06-20 01:45:45",104
"2019-06-20 02:45:46",104
"2019-06-20 03:45:46",104
"2019-06-20 04:45:48",104
"2019-06-20 05:45:46",104
"2019-06-20 06:45:46",104
"2019-06-20 07:45:47",104
"2019-06-20 08:45:47",104
"2019-06-20 09:45:50",104
"2019-06-20 10:45:48",104
"2019-06-20 11:45:46",104
"2019-06-20 13:10:01",104
"2019-06-20 13:45:50",104
"2019-06-20 14:45:47",103
"2019-06-20 15:45:48",104
"2019-06-20 16:45:49",104
"2019-06-20 17:45:49",107
"2019-06-20 18:45:46",107
"2019-06-20 19:45:47",107
"2019-06-20 20:46:04",107
"2019-06-20 21:45:48",107
"2019-06-20 22:45:46",107
"2019-06-20 23:45:48",107
"2019-06-21 00:45:47",107
"2019-06-21 01:45:49",107
"2019-06-21 02:45:50",107
"2019-06-21 03:45:48",107
"2019-06-21 04:45:50",107
"2019-06-21 05:45:49",107
"2019-06-21 06:45:50",107
"2019-06-21 07:45:50",107
"2019-06-21 08:45:48",107
"2019-06-21 09:45:48",107
"2019-06-21 10:45:47",107
"2019-06-21 11:45:45",107
"2019-06-21 12:45:47",107
"2019-06-21 13:45:49",107
"2019-06-21 14:45:47",108
"2019-06-21 15:45:47",108
"2019-06-21 16:45:48",109
"2019-06-21 17:45:47",107
"2019-06-21 18:45:48",107
"2019-06-21 19:45:46",108
"2019-06-21 20:45:47",108
"2019-06-21 21:45:46",108
"2019-06-21 22:45:47",108
"2019-06-21 23:46:16",108
"2019-06-22 00:45:47",108
"2019-06-22 01:45:53",108
"2019-06-22 02:45:50",108
"2019-06-22 03:45:45",108
"2019-06-22 04:45:48",108
"2019-06-22 05:45:49",108
"2019-06-22 06:45:50",108
"2019-06-22 07:45:48",108
"2019-06-22 08:45:49",108
"2019-06-22 09:45:50",108
"2019-06-22 10:45:53",108
"2019-06-22 11:45:46",108
"2019-06-22 12:45:54",108
"2019-06-22 13:45:47",108
"2019-06-22 14:45:52",108
"2019-06-22 15:46:07",108
"2019-06-22 16:45:58",108
"2019-06-22 17:45:49",108
"2019-06-22 18:45:53",108
"2019-06-22 19:45:50",108
"2019-06-22 20:45:49",108
"2019-06-22 21:45:48",108
"2019-06-22 22:45:55",108
"2019-06-22 23:45:49",108
"2019-06-23 00:46:00",108
"2019-06-23 01:45:53",108
"2019-06-23 02:45:54",108
"2019-06-23 03:45:51",108
"2019-06-23 04:45:47",108
"2019-06-23 05:45:53",108
"2019-06-23 06:45:48",108
"2019-06-23 07:45:46",108
"2019-06-23 08:45:49",108
"2019-06-23 09:45:49",108
"2019-06-23 10:45:47",108
"2019-06-23 11:45:48",108
"2019-06-23 12:45:46",108
"2019-06-23 13:45:47",108
"2019-06-23 14:45:46",108
"2019-06-23 15:45:47",108
"2019-06-23 16:45:49",108
"2019-06-23 17:45:50",108
"2019-06-23 18:45:44",108
"2019-06-23 19:45:45",108
"2019-06-23 20:45:49",108
"2019-06-23 21:45:46",108
"2019-06-23 22:45:47",108
"2019-06-23 23:45:46",108
"2019-06-24 00:45:50",108
"2019-06-24 01:45:46",108
"2019-06-24 02:45:48",108
"2019-06-24 03:45:53",108
"2019-06-24 04:45:51",108
"2019-06-24 05:45:50",108
"2019-06-24 06:45:54",108
"2019-06-24 07:45:47",108
"2019-06-24 08:45:48",108
"2019-06-24 09:45:52",108
"2019-06-24 10:45:45",108
"2019-06-24 11:45:53",108
"2019-06-24 13:45:48",108
"2019-06-24 14:45:50",107
"2019-06-24 15:45:49",107
"2019-06-24 16:45:55",107
"2019-06-24 17:45:53",107
"2019-06-24 18:45:54",107
"2019-06-24 19:45:53",106
"2019-06-24 20:45:52",106
"2019-06-24 21:45:51",106
"2019-06-24 22:45:48",106
"2019-06-24 23:45:50",106
"2019-06-25 00:45:49",106
"2019-06-25 01:45:52",106
"2019-06-25 02:45:52",106
"2019-06-25 03:45:50",106
"2019-06-25 04:45:49",106
"2019-06-25 05:45:49",106
"2019-06-25 06:45:53",106
"2019-06-25 07:45:50",106
"2019-06-25 08:45:48",106
"2019-06-25 09:45:51",106
"2019-06-25 10:45:48",106
"2019-06-25 11:45:45",106
"2019-06-25 13:09:20",106
"2019-06-25 13:45:47",106
"2019-06-25 14:45:51",106
"2019-06-25 15:45:49",106
"2019-06-25 16:45:49",106
"2019-06-25 17:45:51",107
"2019-06-25 18:45:50",107
"2019-06-25 19:45:46",107
"2019-06-25 20:45:48",107
"2019-06-25 21:45:45",107
"2019-06-25 22:45:44",107
"2019-06-25 23:45:52",107
"2019-06-26 00:45:50",107
"2019-06-26 01:45:47",107
"2019-06-26 02:45:49",107
"2019-06-26 03:46:03",107
"2019-06-26 04:45:51",107
"2019-06-26 05:45:49",107
"2019-06-26 06:45:49",107
"2019-06-26 07:45:50",107
"2019-06-26 08:45:46",107
"2019-06-26 09:45:44",107
"2019-06-26 10:45:46",107
"2019-06-26 11:45:46",107
"2019-06-26 13:08:19",107
"2019-06-26 13:45:49",107
"2019-06-26 14:45:49",107
"2019-06-26 15:45:47",108
"2019-06-26 16:45:51",109
"2019-06-26 17:45:47",109
"2019-06-26 18:45:48",109
"2019-06-26 19:45:49",110
"2019-06-26 20:45:47",110
"2019-06-26 21:45:47",110
"2019-06-26 22:45:50",110
"2019-06-26 23:45:48",110
"2019-06-27 00:45:51",110
"2019-06-27 01:45:48",110
"2019-06-27 02:45:51",110
"2019-06-27 03:45:45",110
"2019-06-27 04:45:50",110
"2019-06-27 05:45:47",110
"2019-06-27 06:45:50",110
"2019-06-27 07:45:44",110
"2019-06-27 08:45:45",110
"2019-06-27 09:45:46",110
"2019-06-27 10:45:47",110
"2019-06-27 11:45:44",110
"2019-06-27 13:08:22",110
"2019-06-27 13:45:45",110
"2019-06-27 14:45:46",110
"2019-06-27 15:45:49",111
"2019-06-27 16:45:48",111
"2019-06-27 17:45:46",111
"2019-06-27 18:45:47",111
"2019-06-27 19:45:44",111
"2019-06-27 20:45:50",111
"2019-06-27 21:45:50",111
"2019-06-27 22:45:44",111
"2019-06-27 23:46:08",111
"2019-06-28 00:45:48",111
"2019-06-28 01:45:46",111
"2019-06-28 02:45:46",111
"2019-06-28 03:45:49",111
"2019-06-28 04:45:49",111
"2019-06-28 05:45:45",111
"2019-06-28 06:45:46",111
"2019-06-28 07:45:45",111
"2019-06-28 08:45:44",111
"2019-06-28 09:45:45",111
"2019-06-28 10:45:43",111
"2019-06-28 11:45:45",111
"2019-06-28 13:09:26",111
"2019-06-28 13:45:43",111
"2019-06-28 14:45:44",110
"2019-06-28 15:45:47",110
"2019-06-28 16:45:46",110
"2019-06-28 17:45:45",110
"2019-06-28 18:45:44",110
"2019-06-28 19:45:45",110
"2019-06-28 20:45:46",110
"2019-06-28 21:45:46",110
"2019-06-28 22:45:46",110
"2019-06-28 23:45:44",110
"2019-06-29 00:45:48",110
"2019-06-29 01:45:52",110
"2019-06-29 02:45:48",110
"2019-06-29 03:45:45",110
"2019-06-29 04:45:45",110
"2019-06-29 05:45:46",110
"2019-06-29 06:45:46",110
"2019-06-29 07:45:47",110
"2019-06-29 08:45:46",110
"2019-06-29 09:45:47",110
"2019-06-29 10:45:46",110
"2019-06-29 11:45:50",110
"2019-06-29 12:45:49",110
"2019-06-29 13:45:47",110
"2019-06-29 14:45:47",110
"2019-06-29 15:45:48",110
"2019-06-29 16:45:52",110
"2019-06-29 17:45:47",110
"2019-06-29 18:45:48",110
"2019-06-29 19:45:49",110
"2019-06-29 20:45:47",110
"2019-06-29 21:45:51",110
"2019-06-29 22:45:45",110
"2019-06-29 23:45:50",110
"2019-06-30 00:45:48",110
"2019-06-30 01:45:53",110
"2019-06-30 02:45:49",110
"2019-06-30 03:45:48",110
"2019-06-30 04:45:50",110
"2019-06-30 05:45:48",110
"2019-06-30 06:45:49",110
"2019-06-30 07:45:49",110
"2019-06-30 08:45:49",110
"2019-06-30 09:45:47",110
"2019-06-30 10:45:48",110
"2019-06-30 11:45:48",110
"2019-06-30 12:45:46",110
"2019-06-30 13:45:49",110
"2019-06-30 14:45:47",110
"2019-06-30 15:45:47",110
"2019-06-30 16:45:48",110
"2019-06-30 17:45:47",110
"2019-06-30 18:45:47",110
"2019-06-30 19:45:48",110
"2019-06-30 20:45:49",110
"2019-06-30 21:45:48",110
"2019-06-30 22:45:46",110
"2019-06-30 23:45:48",110
"2019-07-01 00:45:50",110
"2019-07-01 01:45:48",110
"2019-07-01 02:45:50",110
"2019-07-01 03:45:50",110
"2019-07-01 04:45:47",110
"2019-07-01 05:45:53",110
"2019-07-01 06:45:47",110
"2019-07-01 07:45:56",110
"2019-07-01 08:46:02",110
"2019-07-01 09:45:49",110
"2019-07-01 10:45:46",110
"2019-07-01 11:45:51",110
"2019-07-01 13:09:21",110
"2019-07-01 13:45:52",110
"2019-07-01 14:46:11",110
"2019-07-01 15:45:51",109
"2019-07-01 16:45:50",109
"2019-07-01 17:45:49",109
"2019-07-01 18:45:50",109
"2019-07-01 19:45:51",109
"2019-07-01 20:45:50",109
"2019-07-01 21:45:49",109
"2019-07-01 22:45:50",109
"2019-07-01 23:45:49",109
"2019-07-02 00:45:52",109
"2019-07-02 01:45:48",109
"2019-07-02 03:46:05",109
"2019-07-02 04:45:50",109
"2019-07-02 05:46:06",109
"2019-07-02 06:45:51",109
"2019-07-02 07:45:52",109
"2019-07-02 08:45:49",109
"2019-07-02 09:45:46",109
"2019-07-02 10:45:48",109
"2019-07-02 11:45:49",109
"2019-07-02 12:45:52",109
"2019-07-02 13:45:49",109
"2019-07-02 14:45:50",108
"2019-07-02 15:45:48",107
"2019-07-02 16:45:48",107
"2019-07-02 17:45:48",106
"2019-07-02 18:45:49",106
"2019-07-02 19:45:50",106
"2019-07-02 20:45:47",106
"2019-07-02 21:45:50",106
"2019-07-02 22:45:57",106
"2019-07-03 00:45:49",106
"2019-07-03 01:45:47",106
"2019-07-03 02:45:52",106
"2019-07-03 03:45:52",106
"2019-07-03 04:45:52",106
"2019-07-03 05:45:51",106
"2019-07-03 06:45:50",106
"2019-07-03 07:45:49",106
"2019-07-03 08:46:04",106
"2019-07-03 09:45:49",106
"2019-07-03 10:45:54",106
"2019-07-03 11:45:48",106
"2019-07-03 13:10:25",106
"2019-07-03 13:45:50",106
"2019-07-03 14:45:59",107
"2019-07-03 15:45:50",107
"2019-07-03 16:46:09",107
"2019-07-03 17:45:50",107
"2019-07-03 18:45:52",107
"2019-07-03 19:45:48",107
"2019-07-03 20:45:46",107
"2019-07-03 21:45:50",107
"2019-07-03 22:45:48",107
"2019-07-03 23:45:52",107
"2019-07-04 00:45:52",107
"2019-07-04 01:45:48",107
"2019-07-04 02:45:54",107
"2019-07-04 03:45:48",107
"2019-07-04 04:45:48",107
"2019-07-04 05:45:53",107
"2019-07-04 06:45:51",107
"2019-07-04 07:45:47",107
"2019-07-04 08:45:49",107
"2019-07-04 09:45:46",107
"2019-07-04 10:45:51",107
"2019-07-04 11:45:49",107
"2019-07-04 12:45:53",107
"2019-07-04 13:45:54",107
"2019-07-04 14:45:50",107
"2019-07-04 15:45:48",107
"2019-07-04 16:45:49",107
"2019-07-04 17:45:47",107
"2019-07-04 18:45:49",107
"2019-07-04 19:45:48",107
"2019-07-04 20:45:51",107
"2019-07-04 21:45:51",107
"2019-07-04 22:45:54",107
"2019-07-04 23:45:48",107
"2019-07-05 00:45:50",107
"2019-07-05 01:45:47",107
"2019-07-05 02:45:48",107
"2019-07-05 03:45:48",107
"2019-07-05 04:45:46",107
"2019-07-05 05:45:54",107
"2019-07-05 06:45:51",107
"2019-07-05 07:45:47",107
"2019-07-05 08:45:46",107
"2019-07-05 09:45:46",107
"2019-07-05 10:46:02",107
"2019-07-05 11:45:58",107
"2019-07-05 12:45:47",107
"2019-07-05 13:45:58",107
"2019-07-05 14:45:50",106
"2019-07-05 15:45:47",107
"2019-07-05 16:45:59",107
"2019-07-05 17:45:49",107
"2019-07-05 18:45:48",107
"2019-07-05 19:45:48",108
"2019-07-05 20:45:49",108
"2019-07-05 21:45:51",108
"2019-07-05 22:45:52",108
"2019-07-05 23:45:49",108
"2019-07-06 00:45:54",108
"2019-07-06 01:45:53",108
"2019-07-06 02:45:58",108
"2019-07-06 03:45:48",108
"2019-07-06 04:45:47",108
"2019-07-06 05:45:49",108
"2019-07-06 06:45:50",108
"2019-07-06 07:45:44",108
"2019-07-06 08:45:47",108
"2019-07-06 09:45:47",108
"2019-07-06 10:45:48",108
"2019-07-06 11:46:08",108
"2019-07-06 12:45:53",108
"2019-07-06 13:45:50",108
"2019-07-06 14:45:47",108
"2019-07-06 15:45:47",108
"2019-07-06 16:45:51",108
"2019-07-06 17:45:48",108
"2019-07-06 18:45:48",108
"2019-07-06 19:45:52",108
"2019-07-06 20:45:45",108
"2019-07-06 21:45:48",108
"2019-07-06 22:45:47",108
"2019-07-06 23:45:47",108
"2019-07-07 00:45:46",108
"2019-07-07 01:45:47",108
"2019-07-07 02:45:50",108
"2019-07-07 03:45:46",108
"2019-07-07 04:45:46",108
"2019-07-07 05:45:52",108
"2019-07-07 06:45:47",108
"2019-07-07 07:45:48",108
"2019-07-07 08:45:48",108
"2019-07-07 09:45:46",108
"2019-07-07 10:45:48",108
"2019-07-07 11:45:43",108
"2019-07-07 12:45:43",108
"2019-07-07 13:45:44",108
"2019-07-07 14:45:46",108
"2019-07-07 15:45:49",108
"2019-07-07 16:45:49",108
"2019-07-07 17:45:47",108
"2019-07-07 18:45:48",108
"2019-07-07 19:45:44",108
"2019-07-07 20:45:46",108
"2019-07-07 21:45:47",108
"2019-07-07 22:45:47",108
"2019-07-07 23:45:46",108
"2019-07-08 00:45:46",108
"2019-07-08 01:45:49",108
"2019-07-08 02:45:46",108
"2019-07-08 03:45:53",108
"2019-07-08 04:45:46",108
"2019-07-08 05:45:43",108
"2019-07-08 06:45:53",108
"2019-07-08 07:45:56",108
"2019-07-08 08:45:52",108
"2019-07-08 09:45:56",108
"2019-07-08 10:45:57",108
"2019-07-08 11:46:06",108
"2019-07-08 12:45:48",108
"2019-07-08 13:45:46",108
"2019-07-08 14:45:48",109
"2019-07-08 15:45:47",109
"2019-07-08 16:45:48",109
"2019-07-08 17:45:46",109
"2019-07-08 18:45:50",110
"2019-07-08 19:45:46",110
"2019-07-08 20:45:46",111
"2019-07-08 21:45:47",111
"2019-07-08 22:45:47",111
"2019-07-08 23:45:45",111
"2019-07-09 00:45:47",111
"2019-07-09 01:45:45",111
"2019-07-09 02:45:56",111
"2019-07-09 03:45:51",111
"2019-07-09 04:45:50",111
"2019-07-09 05:45:57",111
"2019-07-09 06:45:52",111
"2019-07-09 07:45:52",111
"2019-07-09 08:45:48",111
"2019-07-09 09:45:47",111
"2019-07-09 10:45:44",111
"2019-07-09 11:45:48",111
"2019-07-09 13:08:50",111
"2019-07-09 13:45:44",111
"2019-07-09 14:45:47",111
"2019-07-09 15:45:47",111
"2019-07-09 16:45:45",111
"2019-07-09 17:45:49",111
"2019-07-09 18:45:46",111
"2019-07-09 19:45:46",111
"2019-07-09 20:45:47",111
"2019-07-09 21:45:46",111
"2019-07-09 22:45:45",111
"2019-07-09 23:45:46",111
"2019-07-10 00:45:46",111
"2019-07-10 01:45:47",111
"2019-07-10 02:45:46",111
"2019-07-10 03:45:45",111
"2019-07-10 04:45:45",111
"2019-07-10 05:45:51",111
"2019-07-10 06:45:48",111
"2019-07-10 07:45:43",111
"2019-07-10 08:45:45",111
"2019-07-10 09:45:43",111
"2019-07-10 10:45:44",111
"2019-07-10 11:45:47",111
"2019-07-10 12:45:50",111
"2019-07-10 13:45:47",111
"2019-07-10 14:45:45",112
"2019-07-10 15:45:49",113
"2019-07-10 16:46:02",113
"2019-07-10 17:45:46",114
"2019-07-10 18:45:45",114
"2019-07-10 19:45:46",114
"2019-07-10 20:45:46",114
"2019-07-10 21:45:45",114
"2019-07-10 22:45:52",114
"2019-07-10 23:45:46",114
"2019-07-11 00:45:45",114
"2019-07-11 01:45:48",114
"2019-07-11 02:45:54",114
"2019-07-11 03:45:49",114
"2019-07-11 04:45:53",114
"2019-07-11 05:45:50",114
"2019-07-11 06:45:49",114
"2019-07-11 07:45:47",114
"2019-07-11 08:45:54",114
"2019-07-11 09:45:47",114
"2019-07-11 10:45:49",114
"2019-07-11 11:45:45",114
"2019-07-11 12:45:45",114
"2019-07-11 13:45:46",114
"2019-07-11 14:45:46",114
"2019-07-11 15:45:46",114
"2019-07-11 16:45:46",113
"2019-07-11 17:45:46",113
"2019-07-11 18:45:47",113
"2019-07-11 19:45:46",113
"2019-07-11 20:45:45",113
"2019-07-11 21:45:51",113
"2019-07-11 22:45:50",113
"2019-07-11 23:45:47",113
"2019-07-12 00:45:45",113
"2019-07-12 01:45:47",113
"2019-07-12 02:45:45",113
"2019-07-12 03:45:45",113
"2019-07-12 04:45:44",113
"2019-07-12 05:45:51",113
"2019-07-12 06:45:54",113
"2019-07-12 07:45:46",113
"2019-07-12 08:45:46",113
"2019-07-12 09:45:57",113
"2019-07-12 10:45:49",113
"2019-07-12 11:45:47",113
"2019-07-12 13:09:20",113
"2019-07-12 13:45:48",113
"2019-07-12 14:45:48",113
"2019-07-12 15:46:09",113
"2019-07-12 16:45:52",114
"2019-07-12 17:45:53",113
"2019-07-12 18:45:47",112
"2019-07-12 19:45:43",112
"2019-07-12 20:45:44",112
"2019-07-12 21:45:46",112
"2019-07-12 22:45:53",112
"2019-07-12 23:45:46",112
"2019-07-13 00:45:46",112
"2019-07-13 01:45:48",112
"2019-07-13 02:45:51",112
"2019-07-13 03:45:44",112
"2019-07-13 04:45:46",112
"2019-07-13 05:45:46",112
"2019-07-13 06:45:45",112
"2019-07-13 07:45:47",112
"2019-07-13 08:45:45",112
"2019-07-13 09:45:46",112
"2019-07-13 10:45:46",112
"2019-07-13 11:45:49",112
"2019-07-13 12:45:51",112
"2019-07-13 13:45:46",112
"2019-07-13 14:45:44",112
"2019-07-13 15:45:48",112
"2019-07-13 16:46:17",112
"2019-07-13 17:45:50",112
"2019-07-13 18:45:52",112
"2019-07-13 19:45:51",112
"2019-07-13 20:45:51",112
"2019-07-13 21:45:50",112
"2019-07-13 22:45:46",112
"2019-07-13 23:45:46",112
"2019-07-14 00:45:46",112
"2019-07-14 01:45:55",112
"2019-07-14 02:45:47",112
"2019-07-14 03:45:49",112
"2019-07-14 04:45:47",112
"2019-07-14 05:45:51",112
"2019-07-14 06:45:49",112
"2019-07-14 07:45:45",112
"2019-07-14 08:45:46",112
"2019-07-14 09:45:42",112
"2019-07-14 10:45:46",112
"2019-07-14 11:45:49",112
"2019-07-14 12:45:46",112
"2019-07-14 13:45:49",112
"2019-07-14 14:45:46",112
"2019-07-14 15:45:48",112
"2019-07-14 16:45:50",112
"2019-07-14 17:45:47",112
"2019-07-14 18:45:46",112
"2019-07-14 19:45:45",112
"2019-07-14 20:45:54",112
"2019-07-14 21:45:44",112
"2019-07-14 22:45:45",112
"2019-07-14 23:45:45",112
"2019-07-15 00:45:47",112
"2019-07-15 01:45:45",112
"2019-07-15 02:45:46",112
"2019-07-15 03:45:44",112
"2019-07-15 04:45:44",112
"2019-07-15 05:45:54",112
"2019-07-15 06:45:59",112
"2019-07-15 07:45:47",112
"2019-07-15 08:45:44",112
"2019-07-15 09:45:45",112
"2019-07-15 10:45:47",112
"2019-07-15 11:45:43",112
"2019-07-15 13:09:52",112
"2019-07-15 13:45:49",112
"2019-07-15 14:45:47",112
"2019-07-15 15:45:45",112
"2019-07-15 16:46:01",112
"2019-07-15 17:45:46",112
"2019-07-15 18:45:45",112
"2019-07-15 19:45:46",112
"2019-07-15 20:45:48",111
"2019-07-15 21:45:45",111
"2019-07-15 22:45:52",111
"2019-07-15 23:45:46",111
"2019-07-16 00:45:45",111
"2019-07-16 01:45:46",111
"2019-07-16 02:45:53",111
"2019-07-16 03:45:46",111
"2019-07-16 04:45:45",111
"2019-07-16 05:45:55",111
"2019-07-16 06:46:00",111
"2019-07-16 07:45:45",111
"2019-07-16 08:45:46",111
"2019-07-16 09:45:46",111
"2019-07-16 10:45:48",111
"2019-07-16 11:45:44",111
"2019-07-16 13:09:50",111
"2019-07-16 13:45:49",111
"2019-07-16 14:45:46",111
"2019-07-16 15:45:56",111
"2019-07-16 16:45:49",111
"2019-07-16 17:45:50",111
"2019-07-16 18:45:48",111
"2019-07-16 19:45:45",111
"2019-07-16 20:46:21",111
"2019-07-16 21:45:47",111
"2019-07-16 22:45:49",111
"2019-07-16 23:45:47",111
"2019-07-17 00:45:47",111
"2019-07-17 01:45:47",111
"2019-07-17 02:45:48",111
"2019-07-17 03:45:49",111
"2019-07-17 04:45:50",111
"2019-07-17 05:46:02",111
"2019-07-17 06:45:52",111
"2019-07-17 07:45:52",111
"2019-07-17 08:45:49",111
"2019-07-17 09:45:49",111
"2019-07-17 10:45:49",111
"2019-07-17 11:45:46",111
"2019-07-17 13:09:22",111
"2019-07-17 13:45:48",111
"2019-07-17 14:45:51",112
"2019-07-17 15:45:58",112
"2019-07-17 16:45:57",112
"2019-07-17 17:45:46",112
"2019-07-17 18:45:49",113
"2019-07-17 19:45:46",114
"2019-07-17 20:45:47",113
"2019-07-17 21:45:47",113
"2019-07-17 22:45:49",113
"2019-07-17 23:45:47",113
"2019-07-18 00:45:46",113
"2019-07-18 01:45:58",113
"2019-07-18 02:45:49",113
"2019-07-18 03:45:48",113
"2019-07-18 04:45:46",113
"2019-07-18 05:45:52",113
"2019-07-18 06:45:50",113
"2019-07-18 07:45:45",113
"2019-07-18 08:45:52",113
"2019-07-18 09:45:46",113
"2019-07-18 10:45:48",113
"2019-07-18 11:45:45",113
"2019-07-18 13:09:56",113
"2019-07-18 13:45:46",113
"2019-07-18 14:45:47",113
"2019-07-18 15:45:46",113
"2019-07-18 16:45:58",113
"2019-07-18 17:45:48",113
"2019-07-18 18:45:48",113
"2019-07-18 19:45:50",113
"2019-07-18 20:45:49",113
"2019-07-18 21:45:47",113
"2019-07-18 22:45:49",113
"2019-07-18 23:45:53",113
"2019-07-19 00:45:48",113
"2019-07-19 01:45:49",113
"2019-07-19 02:45:51",113
"2019-07-19 03:45:48",113
"2019-07-19 04:45:52",113
"2019-07-19 05:46:06",113
"2019-07-19 06:45:50",113
"2019-07-19 07:45:55",113
"2019-07-19 08:45:47",113
"2019-07-19 09:45:48",113
"2019-07-19 10:45:46",113
"2019-07-19 11:45:47",113
"2019-07-19 13:09:20",113
"2019-07-19 13:45:47",113
"2019-07-19 14:45:46",113
"2019-07-19 15:45:48",114
"2019-07-19 16:45:47",114
"2019-07-19 17:45:51",113
"2019-07-19 18:45:48",113
"2019-07-19 19:45:47",113
"2019-07-19 20:45:47",113
"2019-07-19 21:45:45",113
"2019-07-19 22:45:48",113
"2019-07-19 23:45:46",113
"2019-07-20 00:45:47",113
"2019-07-20 01:45:56",113
"2019-07-20 02:45:57",113
"2019-07-20 03:45:49",113
"2019-07-20 04:45:55",113
"2019-07-20 05:45:53",113
"2019-07-20 06:45:46",113
"2019-07-20 07:45:45",113
"2019-07-20 08:45:47",113
"2019-07-20 09:45:44",113
"2019-07-20 10:45:44",113
"2019-07-20 11:45:46",113
"2019-07-20 12:45:47",113
"2019-07-20 13:45:45",113
"2019-07-20 14:45:46",113
"2019-07-20 15:45:46",113
"2019-07-20 16:45:49",113
"2019-07-20 17:45:46",113
"2019-07-20 18:45:46",113
"2019-07-20 19:45:47",113
"2019-07-20 20:45:45",113
"2019-07-20 21:45:48",113
"2019-07-20 22:45:43",113
"2019-07-20 23:45:45",113
"2019-07-21 00:45:47",113
"2019-07-21 01:45:46",113
"2019-07-21 02:45:49",113
"2019-07-21 03:45:45",113
"2019-07-21 04:45:46",113
"2019-07-21 05:45:55",113
"2019-07-21 06:45:57",113
"2019-07-21 07:45:45",113
"2019-07-21 08:45:46",113
"2019-07-21 09:45:48",113
"2019-07-21 10:45:56",113
"2019-07-21 11:45:46",113
"2019-07-21 12:45:44",113
"2019-07-21 13:45:47",113
"2019-07-21 14:45:45",113
"2019-07-21 15:45:45",113
"2019-07-21 16:45:46",113
"2019-07-21 17:45:47",113
"2019-07-21 18:45:47",113
"2019-07-21 19:45:47",113
"2019-07-21 20:45:47",113
"2019-07-21 21:45:48",113
"2019-07-21 22:45:45",113
"2019-07-21 23:45:47",113
"2019-07-22 00:45:45",113
"2019-07-22 01:45:47",113
"2019-07-22 02:45:46",113
"2019-07-22 03:45:45",113
"2019-07-22 04:45:47",113
"2019-07-22 05:45:50",113
"2019-07-22 06:45:56",113
"2019-07-22 07:45:46",113
"2019-07-22 08:45:48",113
"2019-07-22 09:45:45",113
"2019-07-22 10:45:45",113
"2019-07-22 11:46:03",113
"2019-07-22 12:45:53",113
"2019-07-22 13:45:46",113
"2019-07-22 14:45:48",112
"2019-07-22 15:45:46",113
"2019-07-22 16:45:49",113
"2019-07-22 17:45:48",113
"2019-07-22 18:45:56",113
"2019-07-22 19:45:53",113
"2019-07-22 20:45:51",112
"2019-07-22 21:45:52",112
"2019-07-22 22:45:46",112
"2019-07-22 23:45:46",112
"2019-07-23 00:45:46",112
"2019-07-23 01:45:45",112
"2019-07-23 02:45:52",112
"2019-07-23 03:45:49",112
"2019-07-23 04:45:49",112
"2019-07-23 05:45:51",112
"2019-07-23 06:45:55",112
"2019-07-23 07:45:53",112
"2019-07-23 08:45:46",112
"2019-07-23 09:45:50",112
"2019-07-23 10:45:47",112
"2019-07-23 11:45:46",112
"2019-07-23 13:08:54",112
"2019-07-23 13:45:47",112
"2019-07-23 14:45:49",111
"2019-07-23 15:45:54",111
"2019-07-23 16:45:50",111
"2019-07-23 17:45:45",111
"2019-07-23 18:45:48",111
"2019-07-23 19:45:49",112
"2019-07-23 20:45:48",112
"2019-07-23 21:45:47",112
"2019-07-23 22:45:52",112
"2019-07-23 23:45:49",112
"2019-07-24 00:45:48",112
"2019-07-24 01:45:48",112
"2019-07-24 02:45:55",112
"2019-07-24 03:45:47",112
"2019-07-24 04:45:47",112
"2019-07-24 05:45:49",112
"2019-07-24 06:45:45",112
"2019-07-24 07:45:45",112
"2019-07-24 08:45:51",112
"2019-07-24 09:45:49",112
"2019-07-24 10:45:49",112
"2019-07-24 11:45:44",112
"2019-07-24 13:08:21",112
"2019-07-24 13:45:48",112
"2019-07-24 14:45:46",112
"2019-07-24 15:45:49",114
"2019-07-24 16:45:48",114
"2019-07-24 17:45:46",114
"2019-07-24 18:45:51",114
"2019-07-24 19:45:46",114
"2019-07-24 20:45:49",113
"2019-07-24 21:45:47",113
"2019-07-24 22:45:47",113
"2019-07-24 23:45:48",113
"2019-07-25 00:45:46",113
"2019-07-25 01:45:54",113
"2019-07-25 02:46:04",113
"2019-07-25 03:45:47",113
"2019-07-25 04:45:48",113
"2019-07-25 05:45:54",113
"2019-07-25 06:45:53",113
"2019-07-25 07:45:47",113
"2019-07-25 08:45:51",113
"2019-07-25 09:45:46",113
"2019-07-25 10:45:58",113
"2019-07-25 11:45:47",113
"2019-07-25 13:08:54",113
"2019-07-25 13:45:53",113
"2019-07-25 14:45:51",112
"2019-07-25 15:45:49",113
"2019-07-25 16:45:51",113
"2019-07-25 17:45:52",113
"2019-07-25 18:45:57",113
"2019-07-25 19:46:25",113
"2019-07-25 20:45:54",113
"2019-07-25 21:45:56",113
"2019-07-25 22:45:55",113
"2019-07-25 23:45:50",113
"2019-07-26 00:46:05",113
"2019-07-26 01:45:52",113
"2019-07-26 02:45:52",113
"2019-07-26 03:45:53",113
"2019-07-26 04:45:54",113
"2019-07-26 05:45:59",113
"2019-07-26 06:46:12",113
"2019-07-26 07:46:00",113
"2019-07-26 08:45:46",113
"2019-07-26 09:45:49",113
"2019-07-26 10:45:51",113
"2019-07-26 11:45:54",113
"2019-07-26 13:10:54",113
"2019-07-26 13:45:50",113
"2019-07-26 14:45:50",113
"2019-07-26 15:45:49",113
"2019-07-26 16:45:52",113
"2019-07-26 17:45:52",113
"2019-07-26 18:45:52",113
"2019-07-26 19:45:49",113
"2019-07-26 20:45:49",113
"2019-07-26 22:45:47",113
"2019-07-26 23:45:46",113
"2019-07-27 00:45:47",113
"2019-07-27 01:45:48",113
"2019-07-27 02:45:51",113
"2019-07-27 03:45:47",113
"2019-07-27 04:45:48",113
"2019-07-27 05:45:48",113
"2019-07-27 06:45:48",113
"2019-07-27 07:45:47",113
"2019-07-27 08:45:47",113
"2019-07-27 09:45:45",113
"2019-07-27 10:45:48",113
"2019-07-27 11:45:45",113
"2019-07-27 12:45:48",113
"2019-07-27 13:45:46",113
"2019-07-27 14:45:47",113
"2019-07-27 15:45:51",113
"2019-07-27 16:45:58",113
"2019-07-27 17:45:54",113
"2019-07-27 18:45:51",113
"2019-07-27 19:45:49",113
"2019-07-27 20:45:52",113
"2019-07-27 21:45:48",113
"2019-07-27 22:45:49",113
"2019-07-27 23:45:47",113
"2019-07-28 00:45:47",113
"2019-07-28 01:45:47",113
"2019-07-28 02:45:47",113
"2019-07-28 03:45:45",113
"2019-07-28 04:45:47",113
"2019-07-28 05:45:45",113
"2019-07-28 06:45:46",113
"2019-07-28 07:45:48",113
"2019-07-28 08:45:45",113
"2019-07-28 09:45:44",113
"2019-07-28 10:45:43",113
"2019-07-28 11:45:44",113
"2019-07-28 12:45:46",113
"2019-07-28 13:45:45",113
"2019-07-28 14:45:47",113
"2019-07-28 15:45:45",113
"2019-07-28 16:45:48",113
"2019-07-28 17:45:48",113
"2019-07-28 18:45:47",113
"2019-07-28 19:45:47",113
"2019-07-28 20:45:46",113
"2019-07-28 21:45:46",113
"2019-07-28 22:45:49",113
"2019-07-28 23:45:49",113
"2019-07-29 00:45:47",113
"2019-07-29 01:45:47",113
"2019-07-29 02:45:47",113
"2019-07-29 03:45:49",113
"2019-07-29 04:45:48",113
"2019-07-29 05:45:54",113
"2019-07-29 06:46:00",113
"2019-07-29 07:45:48",113
"2019-07-29 08:45:47",113
"2019-07-29 09:45:47",113
"2019-07-29 10:45:47",113
"2019-07-29 11:45:49",113
"2019-07-29 13:09:51",113
"2019-07-29 13:45:51",113
"2019-07-29 14:45:48",113
"2019-07-29 15:45:48",113
"2019-07-29 16:45:47",112
"2019-07-29 17:45:47",113
"2019-07-29 18:45:48",113
"2019-07-29 19:45:47",113
"2019-07-29 20:45:47",113
"2019-07-29 21:45:46",113
"2019-07-29 22:45:48",113
"2019-07-29 23:45:47",113
"2019-07-30 00:45:47",113
"2019-07-30 01:45:48",113
"2019-07-30 02:45:49",113
"2019-07-30 03:45:47",113
"2019-07-30 04:45:46",113
"2019-07-30 05:45:48",113
"2019-07-30 06:45:48",113
"2019-07-30 07:45:56",113
"2019-07-30 08:45:49",113
"2019-07-30 09:45:46",113
"2019-07-30 10:45:45",113
"2019-07-30 11:45:49",113
"2019-07-30 12:45:48",113
"2019-07-30 13:45:49",113
"2019-07-30 14:45:50",113
"2019-07-30 15:45:50",113
"2019-07-30 16:45:50",113
"2019-07-30 17:45:56",113
"2019-07-30 18:45:52",114
"2019-07-30 19:45:54",114
"2019-07-30 20:45:50",114
"2019-07-30 21:45:50",114
"2019-07-30 22:45:51",114
"2019-07-30 23:45:48",114
"2019-07-31 00:46:22",114
"2019-07-31 01:45:48",114
"2019-07-31 02:45:49",114
"2019-07-31 03:45:51",114
"2019-07-31 04:45:50",114
"2019-07-31 05:46:03",114
"2019-07-31 06:45:50",114
"2019-07-31 07:45:49",114
"2019-07-31 08:45:49",114
"2019-07-31 09:45:51",114
"2019-07-31 10:45:48",114
"2019-07-31 11:45:46",114
"2019-07-31 13:09:56",114
"2019-07-31 13:45:48",114
"2019-07-31 14:45:50",115
"2019-07-31 15:45:52",115
"2019-07-31 16:45:54",115
"2019-07-31 17:45:49",115
"2019-07-31 18:45:48",115
"2019-07-31 19:45:48",115
"2019-07-31 20:45:51",116
"2019-07-31 21:45:50",116
"2019-07-31 22:45:49",116
"2019-07-31 23:45:49",116
"2019-08-01 00:45:50",116
"2019-08-01 01:46:05",116
"2019-08-01 02:45:52",116
"2019-08-01 03:45:49",116
"2019-08-01 04:45:48",116
"2019-08-01 05:45:53",116
"2019-08-01 06:45:49",116
"2019-08-01 07:45:56",116
"2019-08-01 08:45:48",116
"2019-08-01 09:45:51",116
"2019-08-01 10:45:49",116
"2019-08-01 11:45:46",116
"2019-08-01 13:08:22",116
"2019-08-01 13:45:50",116
"2019-08-01 14:45:50",115
"2019-08-01 15:45:56",114
"2019-08-01 16:45:53",114
"2019-08-01 17:45:52",116
"2019-08-01 18:45:48",116
"2019-08-01 19:45:49",116
"2019-08-01 20:45:48",116
"2019-08-01 21:45:49",116
"2019-08-01 22:45:48",116
"2019-08-01 23:45:50",116
"2019-08-02 00:45:48",116
"2019-08-02 01:45:49",116
"2019-08-02 02:45:47",116
"2019-08-02 03:45:49",116
"2019-08-02 04:45:48",116
"2019-08-02 05:45:51",116
"2019-08-02 06:45:48",116
"2019-08-02 07:45:46",116
"2019-08-02 08:45:50",116
"2019-08-02 09:45:51",116
"2019-08-02 10:46:00",116
"2019-08-02 11:45:48",116
"2019-08-02 13:09:55",116
"2019-08-02 13:45:51",116
"2019-08-02 14:45:49",114
"2019-08-02 15:45:50",115
"2019-08-02 16:45:52",115
"2019-08-02 17:45:48",115
"2019-08-02 18:45:50",115
"2019-08-02 19:45:50",115
"2019-08-02 20:45:50",115
"2019-08-02 21:45:49",115
"2019-08-02 22:45:47",115
"2019-08-02 23:45:50",115
"2019-08-03 00:45:48",115
"2019-08-03 01:45:47",115
"2019-08-03 02:46:01",115
"2019-08-03 03:45:48",115
"2019-08-03 04:45:47",115
"2019-08-03 05:45:55",115
"2019-08-03 06:45:49",115
"2019-08-03 07:45:45",115
"2019-08-03 08:45:50",115
"2019-08-03 09:45:47",115
"2019-08-03 10:45:48",115
"2019-08-03 11:45:47",115
"2019-08-03 12:45:49",115
"2019-08-03 13:45:48",115
"2019-08-03 14:45:48",115
"2019-08-03 15:45:46",115
"2019-08-03 16:45:49",115
"2019-08-03 17:45:49",115
"2019-08-03 18:45:49",115
"2019-08-03 19:45:47",115
"2019-08-03 20:45:46",115
"2019-08-03 21:45:46",115
"2019-08-03 22:45:46",115
"2019-08-03 23:45:47",115
"2019-08-04 00:45:48",115
"2019-08-04 01:45:46",115
"2019-08-04 02:45:54",115
"2019-08-04 03:45:50",115
"2019-08-04 04:45:47",115
"2019-08-04 05:45:54",115
"2019-08-04 06:45:47",115
"2019-08-04 07:45:48",115
"2019-08-04 08:45:50",115
"2019-08-04 09:45:46",115
"2019-08-04 10:45:46",115
"2019-08-04 11:45:44",115
"2019-08-04 12:45:47",115
"2019-08-04 13:45:47",115
"2019-08-04 14:45:45",115
"2019-08-04 15:45:47",115
"2019-08-04 16:45:48",115
"2019-08-04 17:45:47",115
"2019-08-04 18:45:48",115
"2019-08-04 19:45:46",115
"2019-08-04 20:45:48",115
"2019-08-04 21:45:47",115
"2019-08-04 22:45:48",115
"2019-08-04 23:45:47",115
"2019-08-05 00:45:47",115
"2019-08-05 01:45:49",115
"2019-08-05 02:45:50",115
"2019-08-05 03:45:48",115
"2019-08-05 04:45:48",115
"2019-08-05 05:45:51",115
"2019-08-05 06:45:47",115
"2019-08-05 07:45:53",115
"2019-08-05 08:45:50",115
"2019-08-05 09:45:50",115
"2019-08-05 10:45:48",115
"2019-08-05 11:45:47",115
"2019-08-05 13:10:25",115
"2019-08-05 13:45:54",115
"2019-08-05 14:45:52",115
"2019-08-05 15:45:49",115
"2019-08-05 16:45:51",115
"2019-08-05 17:45:52",115
"2019-08-05 18:45:54",116
"2019-08-05 19:45:50",117
"2019-08-05 20:45:49",117
"2019-08-05 21:45:49",117
"2019-08-05 22:45:51",117
"2019-08-05 23:45:53",117
"2019-08-06 00:46:04",117
"2019-08-06 01:45:56",117
"2019-08-06 02:45:50",117
"2019-08-06 03:45:50",117
"2019-08-06 04:45:51",117
"2019-08-06 05:45:52",117
"2019-08-06 06:45:49",117
"2019-08-06 07:45:50",117
"2019-08-06 08:45:48",117
"2019-08-06 09:45:56",117
"2019-08-06 10:45:48",117
"2019-08-06 11:45:49",117
"2019-08-06 12:45:48",117
"2019-08-06 13:45:51",117
"2019-08-06 14:45:47",115
"2019-08-06 15:45:49",116
"2019-08-06 16:45:51",117
"2019-08-06 17:45:49",117
"2019-08-06 18:45:47",117
"2019-08-06 19:45:49",117
"2019-08-06 20:45:50",117
"2019-08-06 21:45:48",117
"2019-08-06 23:45:48",117
"2019-08-07 00:45:50",117
"2019-08-07 01:45:50",117
"2019-08-07 02:45:52",117
"2019-08-07 03:45:48",117
"2019-08-07 04:45:47",117
"2019-08-07 05:45:52",117
"2019-08-07 06:45:56",117
"2019-08-07 07:45:46",117
"2019-08-07 08:45:49",117
"2019-08-07 09:45:47",117
"2019-08-07 10:45:56",117
"2019-08-07 11:45:47",117
"2019-08-07 12:45:52",117
"2019-08-07 13:45:53",117
"2019-08-07 14:45:51",116
"2019-08-07 15:45:50",116
"2019-08-07 16:45:51",117
"2019-08-07 17:45:50",117
"2019-08-07 18:45:49",116
"2019-08-07 19:45:49",116
"2019-08-07 20:45:49",116
"2019-08-07 21:45:49",116
"2019-08-07 22:45:48",116
"2019-08-07 23:45:50",116
"2019-08-08 00:45:53",116
"2019-08-08 01:45:49",116
"2019-08-08 02:45:57",116
"2019-08-08 03:45:48",116
"2019-08-08 04:45:47",116
"2019-08-08 05:45:49",116
"2019-08-08 06:45:52",116
"2019-08-08 07:45:48",116
"2019-08-08 08:45:47",116
"2019-08-08 09:45:47",116
"2019-08-08 10:45:53",116
"2019-08-08 11:45:47",116
"2019-08-08 12:45:49",116
"2019-08-08 13:45:50",116
"2019-08-08 14:45:48",116
"2019-08-08 15:45:51",116
"2019-08-08 16:45:52",116
"2019-08-08 17:45:49",116
"2019-08-08 18:45:51",116
"2019-08-08 19:45:49",116
"2019-08-08 20:45:52",116
"2019-08-08 21:45:53",116
"2019-08-08 22:45:52",116
"2019-08-08 23:45:52",116
"2019-08-09 00:45:54",116
"2019-08-09 01:45:56",116
"2019-08-09 02:45:58",116
"2019-08-09 03:45:55",116
"2019-08-09 04:45:54",116
"2019-08-09 05:46:00",116
"2019-08-09 06:45:54",116
"2019-08-09 07:46:12",116
"2019-08-09 08:45:54",116
"2019-08-09 09:46:00",116
"2019-08-09 10:45:54",116
"2019-08-09 11:45:54",116
"2019-08-09 13:10:00",116
"2019-08-09 13:45:55",116
"2019-08-09 14:46:05",117
"2019-08-09 15:45:55",117
"2019-08-09 16:46:03",117
"2019-08-09 17:45:54",117
"2019-08-09 18:45:55",117
"2019-08-09 19:45:55",117
"2019-08-09 20:45:53",117
"2019-08-09 21:45:56",117
"2019-08-09 22:45:55",117
"2019-08-09 23:45:57",117
"2019-08-10 00:45:56",117
"2019-08-10 01:45:55",117
"2019-08-10 02:46:13",117
"2019-08-10 03:45:53",117
"2019-08-10 04:45:55",117
"2019-08-10 05:46:01",117
"2019-08-10 06:45:54",117
"2019-08-10 07:45:54",117
"2019-08-10 08:45:54",117
"2019-08-10 09:45:56",117
"2019-08-10 10:45:57",117
"2019-08-10 11:45:53",117
"2019-08-10 12:45:57",117
"2019-08-10 13:45:57",117
"2019-08-10 14:45:53",117
"2019-08-10 15:45:52",117
"2019-08-10 16:46:02",117
"2019-08-10 17:45:54",117
"2019-08-10 18:45:54",117
"2019-08-10 19:45:55",117
"2019-08-10 20:45:54",117
"2019-08-10 21:45:51",117
"2019-08-10 22:45:53",117
"2019-08-10 23:45:55",117
"2019-08-11 00:45:52",117
"2019-08-11 01:45:53",117
"2019-08-11 02:46:02",117
"2019-08-11 03:45:57",117
"2019-08-11 04:45:53",117
"2019-08-11 05:46:04",117
"2019-08-11 06:45:53",117
"2019-08-11 07:45:55",117
"2019-08-11 08:45:53",117
"2019-08-11 09:45:51",117
"2019-08-11 10:45:51",117
"2019-08-11 11:45:54",117
"2019-08-11 12:45:55",117
"2019-08-11 13:45:57",117
"2019-08-11 14:45:55",117
"2019-08-11 15:45:54",117
"2019-08-11 16:45:55",117
"2019-08-11 17:45:54",117
"2019-08-11 18:45:54",117
"2019-08-11 19:45:56",117
"2019-08-11 20:45:58",117
"2019-08-11 21:45:57",117
"2019-08-11 22:45:57",117
"2019-08-11 23:45:59",117
"2019-08-12 00:45:57",117
"2019-08-12 01:45:56",117
"2019-08-12 02:46:08",117
"2019-08-12 03:45:57",117
"2019-08-12 04:45:56",117
"2019-08-12 05:46:02",117
"2019-08-12 06:46:04",117
"2019-08-12 07:45:54",117
"2019-08-12 08:45:57",117
"2019-08-12 09:45:55",117
"2019-08-12 10:46:00",117
"2019-08-12 11:45:54",117
"2019-08-12 12:46:00",117
"2019-08-12 13:46:07",117
"2019-08-12 14:45:55",118
"2019-08-12 15:45:56",119
"2019-08-12 16:46:05",120
"2019-08-12 17:45:53",119
"2019-08-12 18:45:51",119
"2019-08-12 19:45:51",119
"2019-08-12 20:45:54",119
"2019-08-12 21:45:51",119
"2019-08-12 22:45:52",119
"2019-08-12 23:45:54",119
"2019-08-13 00:45:52",119
"2019-08-13 01:45:53",119
"2019-08-13 02:45:59",119
"2019-08-13 03:45:54",119
"2019-08-13 04:45:50",119
"2019-08-13 05:45:56",119
"2019-08-13 06:45:57",119
"2019-08-13 07:45:53",119
"2019-08-13 08:45:51",119
"2019-08-13 09:45:55",119
"2019-08-13 10:46:01",119
"2019-08-13 11:45:57",119
"2019-08-13 12:45:56",119
"2019-08-13 13:45:56",119
"2019-08-13 14:45:54",119
"2019-08-13 15:45:59",120
"2019-08-13 16:45:57",122
"2019-08-13 17:45:54",122
"2019-08-13 18:45:55",122
"2019-08-13 19:45:54",122
"2019-08-13 20:45:53",122
"2019-08-13 21:45:58",122
"2019-08-13 22:46:01",122
"2019-08-13 23:45:56",122
"2019-08-14 00:45:57",122
"2019-08-14 01:45:55",122
"2019-08-14 02:45:56",122
"2019-08-14 03:45:53",122
"2019-08-14 04:45:52",122
"2019-08-14 05:46:11",122
"2019-08-14 06:45:53",122
"2019-08-14 07:45:52",122
"2019-08-14 08:45:51",122
"2019-08-14 09:45:56",122
"2019-08-14 10:45:49",122
"2019-08-14 11:45:50",122
"2019-08-14 13:09:00",122
"2019-08-14 13:45:55",122
"2019-08-14 14:45:56",123
"2019-08-14 15:45:56",124
"2019-08-14 16:45:53",124
"2019-08-14 17:45:50",126
"2019-08-14 18:45:57",127
"2019-08-14 19:45:57",129
"2019-08-14 20:45:54",131
"2019-08-14 21:46:11",131
"2019-08-14 22:45:53",131
"2019-08-14 23:45:51",131
"2019-08-15 00:46:23",131
"2019-08-15 01:45:55",131
"2019-08-15 02:45:56",131
"2019-08-15 03:45:53",131
"2019-08-15 04:45:54",131
"2019-08-15 05:46:00",131
"2019-08-15 06:45:53",131
"2019-08-15 07:45:50",131
"2019-08-15 08:46:05",131
"2019-08-15 09:45:53",131
"2019-08-15 10:45:52",131
"2019-08-15 11:45:52",131
"2019-08-15 13:08:58",131
"2019-08-15 13:46:00",131
"2019-08-15 14:45:56",131
"2019-08-15 15:45:49",131
"2019-08-15 16:46:09",131
"2019-08-15 17:45:48",131
"2019-08-15 18:45:52",130
"2019-08-15 19:45:51",130
"2019-08-15 20:45:52",131
"2019-08-15 21:45:49",131
"2019-08-15 22:45:49",131
"2019-08-15 23:46:02",131
"2019-08-16 00:46:03",131
"2019-08-16 01:46:12",131
"2019-08-16 02:45:52",131
"2019-08-16 03:45:53",131
"2019-08-16 04:45:48",131
"2019-08-16 05:46:10",131
"2019-08-16 06:45:49",131
"2019-08-16 07:45:51",131
"2019-08-16 08:45:51",131
"2019-08-16 09:45:53",131
"2019-08-16 10:45:49",131
"2019-08-16 11:45:48",131
"2019-08-16 12:45:50",131
"2019-08-16 13:45:55",131
"2019-08-16 14:45:50",133
"2019-08-16 15:45:53",134
"2019-08-16 16:46:06",135
"2019-08-16 19:45:57",135
"2019-08-16 20:46:02",135
"2019-08-16 21:45:57",135
"2019-08-16 22:45:58",135
"2019-08-16 23:45:58",135
"2019-08-17 00:45:58",135
"2019-08-17 01:46:03",135
"2019-08-17 02:46:13",135
"2019-08-17 03:45:59",135
"2019-08-17 04:45:58",135
"2019-08-17 05:46:00",135
"2019-08-17 06:45:57",135
"2019-08-17 07:45:56",135
"2019-08-17 08:45:58",135
"2019-08-17 09:45:56",135
"2019-08-17 10:45:54",135
"2019-08-17 11:45:56",135
"2019-08-17 12:45:54",135
"2019-08-17 13:45:56",135
"2019-08-17 14:46:38",135
"2019-08-17 15:45:55",135
"2019-08-17 16:45:56",135
"2019-08-17 17:45:54",135
"2019-08-17 18:45:54",135
"2019-08-17 19:45:55",135
"2019-08-17 20:45:56",135
"2019-08-17 21:45:54",135
"2019-08-17 22:45:54",135
"2019-08-17 23:45:53",135
"2019-08-18 00:45:54",135
"2019-08-18 01:45:53",135
"2019-08-18 02:45:57",135
"2019-08-18 03:45:55",135
"2019-08-18 04:45:53",135
"2019-08-18 05:46:20",135
"2019-08-18 06:46:15",135
"2019-08-18 07:45:58",135
"2019-08-18 08:45:59",135
"2019-08-18 09:46:02",135
"2019-08-18 10:45:55",135
"2019-08-18 11:45:56",135
"2019-08-18 12:45:57",135
"2019-08-18 13:45:58",135
"2019-08-18 14:45:58",135
"2019-08-18 15:45:58",135
"2019-08-18 16:46:02",135
"2019-08-18 17:45:55",135
"2019-08-18 18:45:56",135
"2019-08-18 19:46:00",135
"2019-08-18 20:45:58",135
"2019-08-18 21:46:04",135
"2019-08-18 22:45:58",135
"2019-08-18 23:45:58",135
"2019-08-19 00:45:57",135
"2019-08-19 01:46:02",135
"2019-08-19 02:46:00",135
"2019-08-19 03:45:55",135
"2019-08-19 04:45:55",135
"2019-08-19 05:46:03",135
"2019-08-19 06:46:00",135
"2019-08-19 07:46:09",135
"2019-08-19 08:45:56",135
"2019-08-19 09:46:05",135
"2019-08-19 10:45:57",135
"2019-08-19 11:45:56",135
"2019-08-19 12:46:03",135
"2019-08-19 13:45:59",135
"2019-08-19 14:45:51",136
"2019-08-19 15:45:53",135
"2019-08-19 16:45:52",134
"2019-08-19 17:45:51",134
"2019-08-19 18:45:54",134
"2019-08-19 19:45:52",134
"2019-08-19 20:45:52",135
"2019-08-19 21:45:53",135
"2019-08-19 22:45:50",135
"2019-08-19 23:45:52",135
"2019-08-20 00:45:55",135
"2019-08-20 01:45:51",135
"2019-08-20 02:45:55",135
"2019-08-20 03:45:52",135
"2019-08-20 04:45:51",135
"2019-08-20 05:46:10",135
"2019-08-20 06:45:56",135
"2019-08-20 07:45:50",135
"2019-08-20 08:45:52",135
"2019-08-20 09:45:50",135
"2019-08-20 10:46:14",135
"2019-08-20 11:45:49",135
"2019-08-20 13:07:58",135
"2019-08-20 13:46:02",135
"2019-08-20 14:45:53",133
"2019-08-20 15:45:52",133
"2019-08-20 16:45:53",133
"2019-08-20 17:45:53",133
"2019-08-20 18:45:53",133
"2019-08-20 19:45:53",132
"2019-08-20 20:45:54",132
"2019-08-20 21:45:55",132
"2019-08-20 22:45:53",132
"2019-08-20 23:45:52",132
"2019-08-21 00:45:55",132
"2019-08-21 01:45:58",132
"2019-08-21 02:46:00",132
"2019-08-21 03:45:59",132
"2019-08-21 04:45:53",132
"2019-08-21 05:45:58",132
"2019-08-21 06:46:02",132
"2019-08-21 07:45:54",132
"2019-08-21 08:45:56",132
"2019-08-21 09:45:54",132
"2019-08-21 10:45:51",132
"2019-08-21 11:45:52",132
"2019-08-21 12:45:53",132
"2019-08-21 13:45:57",132
"2019-08-21 14:45:55",132
"2019-08-21 15:45:57",131
"2019-08-21 16:46:10",131
"2019-08-21 17:45:54",131
"2019-08-21 18:45:56",131
"2019-08-21 19:45:55",132
"2019-08-21 20:45:55",132
"2019-08-21 21:45:57",132
"2019-08-21 22:45:57",132
"2019-08-21 23:45:54",132
"2019-08-22 00:45:56",132
"2019-08-22 01:45:53",132
"2019-08-22 02:46:01",132
"2019-08-22 03:45:54",132
"2019-08-22 04:45:53",132
"2019-08-22 05:45:58",132
"2019-08-22 06:45:53",132
"2019-08-22 07:45:56",132
"2019-08-22 08:45:54",132
"2019-08-22 09:45:54",132
"2019-08-22 10:45:56",132
"2019-08-22 11:45:57",132
"2019-08-22 12:45:57",132
"2019-08-22 13:45:59",132
"2019-08-22 14:46:00",132
"2019-08-22 15:46:01",132
"2019-08-22 16:46:05",132
"2019-08-22 17:45:59",132
"2019-08-22 18:46:01",133
"2019-08-22 19:45:58",133
"2019-08-22 20:46:00",133
"2019-08-22 21:46:01",133
"2019-08-22 22:45:58",133
"2019-08-22 23:45:59",133
"2019-08-23 00:46:01",133
"2019-08-23 01:46:04",133
"2019-08-23 02:46:06",133
"2019-08-23 03:45:56",133
"2019-08-23 04:45:57",133
"2019-08-23 05:45:58",133
"2019-08-23 06:45:57",133
"2019-08-23 07:45:55",133
"2019-08-23 08:45:57",133
"2019-08-23 09:45:56",133
"2019-08-23 10:46:01",133
"2019-08-23 11:45:55",133
"2019-08-23 12:46:00",133
"2019-08-23 13:46:02",133
"2019-08-23 14:45:58",133
"2019-08-23 15:45:58",133
"2019-08-23 16:46:00",133
"2019-08-23 17:45:55",132
"2019-08-23 18:46:02",132
"2019-08-23 19:45:58",132
"2019-08-23 20:45:54",132
"2019-08-23 21:45:55",132
"2019-08-23 22:46:38",132
"2019-08-23 23:45:55",132
"2019-08-24 00:45:56",132
"2019-08-24 01:45:54",132
"2019-08-24 02:46:17",132
"2019-08-24 03:45:54",132
"2019-08-24 04:45:52",132
"2019-08-24 05:45:58",132
"2019-08-24 06:45:58",132
"2019-08-24 07:46:00",132
"2019-08-24 08:45:57",132
"2019-08-24 09:45:56",132
"2019-08-24 10:45:55",132
"2019-08-24 11:45:53",132
"2019-08-24 12:45:57",132
"2019-08-24 13:45:54",132
"2019-08-24 14:45:56",132
"2019-08-24 15:45:57",132
"2019-08-24 16:46:09",132
"2019-08-24 17:45:56",132
"2019-08-24 18:45:59",132
"2019-08-24 19:45:56",132
"2019-08-24 20:45:56",132
"2019-08-24 21:45:55",132
"2019-08-24 22:45:56",132
"2019-08-24 23:45:54",132
"2019-08-25 00:45:53",132
"2019-08-25 01:45:58",132
"2019-08-25 02:46:09",132
"2019-08-25 03:45:54",132
"2019-08-25 04:45:53",132
"2019-08-25 05:45:53",132
"2019-08-25 06:45:54",132
"2019-08-25 07:45:54",132
"2019-08-25 08:45:57",132
"2019-08-25 09:45:53",132
"2019-08-25 10:45:53",132
"2019-08-25 11:45:59",132
"2019-08-25 12:45:55",132
"2019-08-25 13:45:56",132
"2019-08-25 14:45:54",132
"2019-08-25 15:45:57",132
"2019-08-25 16:45:59",132
"2019-08-25 17:45:54",132
"2019-08-25 18:45:53",132
"2019-08-25 19:45:56",132
"2019-08-25 20:45:55",132
"2019-08-25 21:45:56",132
"2019-08-25 22:45:54",132
"2019-08-25 23:45:55",132
"2019-08-26 00:45:53",132
"2019-08-26 01:45:51",132
"2019-08-26 02:45:58",132
"2019-08-26 03:45:52",132
"2019-08-26 04:45:56",132
"2019-08-26 05:45:58",132
"2019-08-26 06:45:55",132
"2019-08-26 07:46:00",132
"2019-08-26 08:45:54",132
"2019-08-26 09:45:53",132
"2019-08-26 10:45:56",132
"2019-08-26 11:45:54",132
"2019-08-26 12:45:57",132
"2019-08-26 13:45:56",132
"2019-08-26 14:45:54",132
"2019-08-26 15:45:57",133
"2019-08-26 16:46:06",133
"2019-08-26 17:45:55",133
"2019-08-26 18:45:56",133
"2019-08-26 19:45:58",133
"2019-08-26 20:46:01",133
"2019-08-26 21:45:57",133
"2019-08-26 22:45:54",133
"2019-08-26 23:45:55",133
"2019-08-27 00:45:58",133
"2019-08-27 01:45:56",133
"2019-08-27 02:46:04",133
"2019-08-27 03:45:56",133
"2019-08-27 04:45:55",133
"2019-08-27 05:46:00",133
"2019-08-27 06:46:03",133
"2019-08-27 07:45:54",133
"2019-08-27 08:45:58",133
"2019-08-27 09:45:54",133
"2019-08-27 10:45:52",133
"2019-08-27 11:46:00",133
"2019-08-27 12:46:01",133
"2019-08-27 13:46:16",133
"2019-08-27 14:45:56",133
"2019-08-27 15:45:58",134
"2019-08-27 16:46:04",134
"2019-08-27 17:45:55",134
"2019-08-27 18:45:56",134
"2019-08-27 19:45:58",134
"2019-08-27 20:45:56",134
"2019-08-27 21:45:57",134
"2019-08-27 22:45:56",134
"2019-08-27 23:46:03",134
"2019-08-28 00:46:01",134
"2019-08-28 01:45:58",134
"2019-08-28 02:46:04",134
"2019-08-28 03:46:05",134
"2019-08-28 04:45:59",134
"2019-08-28 05:46:03",134
"2019-08-28 06:46:02",134
"2019-08-28 07:46:01",134
"2019-08-28 08:45:59",134
"2019-08-28 09:46:01",134
"2019-08-28 10:45:58",134
"2019-08-28 11:46:02",134
"2019-08-28 12:45:57",134
"2019-08-28 13:45:55",134
"2019-08-28 14:45:53",136
"2019-08-28 15:45:59",136
"2019-08-28 16:46:14",136
"2019-08-28 17:45:53",138
"2019-08-28 18:45:55",138
"2019-08-28 19:45:55",137
"2019-08-28 20:45:59",137
"2019-08-28 21:45:58",137
"2019-08-28 22:45:55",137
"2019-08-28 23:46:03",137
"2019-08-29 00:45:53",137
"2019-08-29 01:45:57",137
"2019-08-29 02:45:57",137
"2019-08-29 03:45:54",137
"2019-08-29 04:45:55",137
"2019-08-29 05:46:09",137
"2019-08-29 06:45:52",137
"2019-08-29 07:45:58",137
"2019-08-29 08:45:55",137
"2019-08-29 09:45:55",137
"2019-08-29 10:45:51",137
"2019-08-29 11:45:52",137
"2019-08-29 12:45:57",137
"2019-08-29 13:45:55",137
"2019-08-29 14:45:53",138
"2019-08-29 15:45:53",137
"2019-08-29 16:46:02",137
"2019-08-29 17:45:53",137
"2019-08-29 18:45:52",137
"2019-08-29 19:45:50",136
"2019-08-29 20:45:53",136
"2019-08-29 21:45:53",136
"2019-08-29 22:45:52",136
"2019-08-29 23:45:53",136
"2019-08-30 00:45:56",136
"2019-08-30 01:46:01",136
"2019-08-30 02:45:54",136
"2019-08-30 03:45:56",136
"2019-08-30 04:45:54",136
"2019-08-30 05:46:03",136
"2019-08-30 06:45:49",136
"2019-08-30 07:45:50",136
"2019-08-30 08:45:50",136
"2019-08-30 09:45:51",136
"2019-08-30 10:45:49",136
"2019-08-30 11:45:49",136
"2019-08-30 12:45:52",136
"2019-08-30 13:45:51",136
"2019-08-30 14:45:51",137
"2019-08-30 15:45:52",136
"2019-08-30 16:45:52",136
"2019-08-30 17:45:54",137
"2019-08-30 18:45:50",137
"2019-08-30 20:46:08",138
"2019-08-30 21:46:03",138
"2019-08-30 22:46:06",138
"2019-08-30 23:46:05",138
"2019-08-31 00:46:04",138
"2019-08-31 01:46:08",138
"2019-08-31 02:46:06",138
"2019-08-31 03:46:06",138
"2019-08-31 04:46:05",138
"2019-08-31 23:46:34",138
"2019-09-01 00:46:09",138
"2019-09-01 01:46:05",138
"2019-09-01 02:46:06",138
"2019-09-01 03:46:06",138
"2019-09-01 04:46:04",138
"2019-09-01 05:46:06",138
"2019-09-01 06:46:04",138
"2019-09-01 07:46:01",138
"2019-09-01 08:46:05",138
"2019-09-01 09:46:03",138
"2019-09-01 10:46:04",138
"2019-09-01 11:46:02",138
"2019-09-01 12:46:06",138
"2019-09-01 13:46:05",138
"2019-09-01 14:46:04",138
"2019-09-01 15:46:04",138
"2019-09-01 16:46:12",138
"2019-09-01 17:46:08",138
"2019-09-01 18:46:04",138
"2019-09-01 19:46:02",138
"2019-09-01 20:46:04",138
"2019-09-01 21:46:04",138
"2019-09-01 22:46:06",138
"2019-09-01 23:46:06",138
"2019-09-02 00:46:03",138
"2019-09-02 01:46:01",138
"2019-09-02 02:46:02",138
"2019-09-02 03:46:06",138
"2019-09-02 04:46:07",138
"2019-09-02 05:46:19",138
"2019-09-02 06:46:08",138
"2019-09-02 07:46:08",138
"2019-09-02 08:46:05",138
"2019-09-02 09:46:13",138
"2019-09-02 10:46:12",138
"2019-09-02 11:46:05",138
"2019-09-02 12:46:02",138
"2019-09-02 13:46:05",138
"2019-09-02 14:46:04",138
"2019-09-02 15:46:05",138
"2019-09-02 16:46:16",138
"2019-09-02 17:46:04",138
"2019-09-02 18:46:08",138
"2019-09-02 19:46:06",138
"2019-09-02 20:46:04",138
"2019-09-02 21:46:07",138
"2019-09-02 22:46:06",138
"2019-09-02 23:46:08",138
"2019-09-03 00:46:07",138
"2019-09-03 01:46:07",138
"2019-09-03 02:46:09",138
"2019-09-03 03:46:06",138
"2019-09-03 04:46:03",138
"2019-09-03 05:46:17",138
"2019-09-03 06:46:09",138
"2019-09-03 07:46:04",138
"2019-09-03 08:46:13",138
"2019-09-03 09:46:04",138
"2019-09-03 10:46:09",138
"2019-09-03 11:46:04",138
"2019-09-03 13:10:20",138
"2019-09-03 13:46:14",138
"2019-09-03 14:46:07",138
"2019-09-03 15:46:06",138
"2019-09-03 16:46:10",138
"2019-09-03 17:46:07",138
"2019-09-03 18:46:04",138
"2019-09-03 19:46:05",138
"2019-09-03 20:46:06",138
"2019-09-03 21:46:04",138
"2019-09-03 22:46:15",138
"2019-09-03 23:46:05",138
"2019-09-04 00:46:09",138
"2019-09-04 01:46:07",138
"2019-09-04 02:46:06",138
"2019-09-04 03:46:05",138
"2019-09-04 04:46:03",138
"2019-09-04 05:46:17",138
"2019-09-04 06:46:06",138
"2019-09-04 07:46:04",138
"2019-09-04 08:46:05",138
"2019-09-04 09:46:07",138
"2019-09-04 10:46:05",138
"2019-09-04 11:46:05",138
"2019-09-04 13:09:13",138
"2019-09-04 13:46:07",138
"2019-09-04 14:46:05",138
"2019-09-04 15:46:06",137
"2019-09-04 16:46:19",137
"2019-09-04 17:46:04",137
"2019-09-04 18:46:06",137
"2019-09-04 19:46:06",137
"2019-09-04 20:46:07",137
"2019-09-04 21:46:04",137
"2019-09-04 22:46:04",137
"2019-09-04 23:46:11",137
"2019-09-05 01:46:05",137
"2019-09-05 02:46:12",137
"2019-09-05 03:46:03",137
"2019-09-05 04:46:05",137
"2019-09-05 05:46:17",137
"2019-09-05 06:46:02",137
"2019-09-05 07:46:08",137
"2019-09-05 08:46:05",137
"2019-09-05 09:46:02",137
"2019-09-05 10:46:11",137
"2019-09-05 11:46:04",137
"2019-09-05 13:10:09",137
"2019-09-05 13:46:05",137
"2019-09-05 14:46:10",138
"2019-09-05 15:46:06",138
"2019-09-05 16:46:19",138
"2019-09-05 17:46:08",138
"2019-09-05 18:46:04",138
"2019-09-05 19:46:04",139
"2019-09-05 20:46:06",139
"2019-09-05 21:46:04",139
"2019-09-05 22:46:06",139
"2019-09-05 23:46:08",139
"2019-09-06 00:46:07",139
"2019-09-06 01:46:07",139
"2019-09-06 02:46:05",139
"2019-09-06 03:46:02",139
"2019-09-06 04:46:04",139
"2019-09-06 05:46:18",139
"2019-09-06 06:46:07",139
"2019-09-06 07:46:08",139
"2019-09-06 08:46:04",139
"2019-09-06 09:46:06",139
"2019-09-06 10:46:05",139
"2019-09-06 11:46:26",139
"2019-09-06 13:09:10",139
"2019-09-06 13:46:07",139
"2019-09-06 14:46:04",140
"2019-09-06 15:46:05",140
"2019-09-06 16:46:16",140
"2019-09-06 17:46:06",140
"2019-09-06 18:46:08",140
"2019-09-06 19:46:04",140
"2019-09-06 20:46:05",139
"2019-09-06 21:46:07",139
"2019-09-06 22:46:05",139
"2019-09-06 23:46:04",139
"2019-09-07 01:46:06",139
"2019-09-07 02:46:08",139
"2019-09-07 03:46:09",139
"2019-09-07 04:46:07",139
"2019-09-07 05:46:33",139
"2019-09-07 06:46:05",139
"2019-09-07 07:46:02",139
"2019-09-07 08:46:03",139
"2019-09-07 09:46:05",139
"2019-09-07 10:46:07",139
"2019-09-07 11:46:03",139
"2019-09-07 12:46:04",139
"2019-09-07 13:46:08",139
"2019-09-07 14:46:06",139
"2019-09-07 15:46:06",139
"2019-09-07 16:46:06",139
"2019-09-07 17:46:06",139
"2019-09-07 18:46:05",139
"2019-09-07 19:46:03",139
"2019-09-07 20:46:05",139
"2019-09-07 22:46:02",139
"2019-09-07 23:46:06",139
"2019-09-08 00:46:06",139
"2019-09-08 01:46:09",139
"2019-09-08 02:46:13",139
"2019-09-08 03:46:07",139
"2019-09-08 04:46:05",139
"2019-09-08 05:46:12",139
"2019-09-08 06:46:05",139
"2019-09-08 07:46:04",139
"2019-09-08 08:46:05",139
"2019-09-08 09:46:03",139
"2019-09-08 10:46:06",139
"2019-09-08 11:46:03",139
"2019-09-08 12:46:05",139
"2019-09-08 13:46:05",139
"2019-09-08 14:46:06",139
"2019-09-08 15:46:04",139
"2019-09-08 16:46:14",139
"2019-09-08 17:46:05",139
"2019-09-08 18:46:04",139
"2019-09-08 19:46:12",139
"2019-09-08 20:46:08",139
"2019-09-08 21:46:07",139
"2019-09-08 22:46:03",139
"2019-09-08 23:46:04",139
"2019-09-09 00:46:04",139
"2019-09-09 01:46:06",139
"2019-09-09 02:46:06",139
"2019-09-09 03:46:05",139
"2019-09-09 04:46:03",139
"2019-09-09 05:46:20",139
"2019-09-09 06:46:03",139
"2019-09-09 07:46:04",139
"2019-09-09 08:46:04",139
"2019-09-09 09:46:00",139
"2019-09-09 10:46:02",139
"2019-09-09 11:46:05",139
"2019-09-09 13:09:11",139
"2019-09-09 13:46:10",139
"2019-09-09 14:46:13",139
"2019-09-09 15:46:06",139
"2019-09-09 16:46:23",138
"2019-09-09 17:46:04",138
"2019-09-09 18:46:05",138
"2019-09-09 19:46:06",138
"2019-09-09 20:46:04",138
"2019-09-09 21:46:05",138
"2019-09-09 22:46:05",138
"2019-09-09 23:46:05",138
"2019-09-10 00:46:07",138
"2019-09-10 01:46:06",138
"2019-09-10 02:46:13",138
"2019-09-10 03:46:07",138
"2019-09-10 04:46:07",138
"2019-09-10 05:46:12",138
"2019-09-10 06:46:05",138
"2019-09-10 07:46:03",138
"2019-09-10 08:46:07",138
"2019-09-10 09:46:19",138
"2019-09-10 10:46:05",138
"2019-09-10 11:46:04",138
"2019-09-10 12:46:07",138
"2019-09-10 13:46:05",138
"2019-09-10 14:46:04",138
"2019-09-10 15:46:04",138
"2019-09-10 16:46:19",137
"2019-09-10 17:46:05",137
"2019-09-10 18:46:07",137
"2019-09-10 19:46:13",139
"2019-09-10 20:46:03",139
"2019-09-10 21:46:06",139
"2019-09-10 22:46:04",139
"2019-09-10 23:46:04",139
"2019-09-11 00:46:05",139
"2019-09-11 01:46:06",139
"2019-09-11 02:46:04",139
"2019-09-11 03:46:03",139
"2019-09-11 04:46:04",139
"2019-09-11 05:46:18",139
"2019-09-11 06:46:06",139
"2019-09-11 07:46:01",139
"2019-09-11 08:46:04",139
"2019-09-11 09:46:09",139
"2019-09-11 10:46:18",139
"2019-09-11 11:46:14",139
"2019-09-11 12:46:05",139
"2019-09-11 13:46:09",139
"2019-09-11 14:46:05",139
"2019-09-11 15:46:04",139
"2019-09-11 16:46:09",139
"2019-09-11 17:46:03",139
"2019-09-11 18:46:05",138
"2019-09-11 19:46:05",138
"2019-09-11 20:46:04",138
"2019-09-11 21:46:10",138
"2019-09-11 22:46:04",138
"2019-09-11 23:46:03",138
"2019-09-12 00:46:06",138
"2019-09-12 01:46:05",138
"2019-09-12 02:46:12",138
"2019-09-12 03:46:04",138
"2019-09-12 04:46:02",138
"2019-09-12 05:46:15",138
"2019-09-12 06:46:05",138
"2019-09-12 07:46:04",138
"2019-09-12 08:46:02",138
"2019-09-12 09:46:03",138
"2019-09-12 10:46:21",138
"2019-09-12 11:46:07",138
"2019-09-12 13:10:15",138
"2019-09-12 13:46:08",138
"2019-09-12 14:46:10",138
"2019-09-12 15:46:06",138
"2019-09-12 16:46:06",137
"2019-09-12 17:46:04",137
"2019-09-12 18:46:03",137
"2019-09-12 19:46:04",136
"2019-09-12 20:46:02",136
"2019-09-12 21:46:01",136
"2019-09-12 22:46:05",136
"2019-09-12 23:46:04",136
"2019-09-13 00:46:03",136
"2019-09-13 01:46:08",136
"2019-09-13 02:46:05",136
"2019-09-13 03:46:04",136
"2019-09-13 04:46:02",136
"2019-09-13 05:46:04",136
"2019-09-13 06:46:05",136
"2019-09-13 07:46:02",136
"2019-09-13 08:46:04",136
"2019-09-13 09:46:03",136
"2019-09-13 10:46:02",136
"2019-09-13 11:46:02",136
"2019-09-13 13:10:06",136
"2019-09-13 14:11:08",136
"2019-09-13 14:46:06",136
"2019-09-13 15:46:04",136
"2019-09-13 16:46:04",136
"2019-09-13 17:46:03",136
"2019-09-13 18:46:02",136
"2019-09-13 19:46:03",136
"2019-09-13 20:45:59",136
"2019-09-13 21:46:07",136
"2019-09-13 22:46:00",136
"2019-09-13 23:46:04",136
"2019-09-14 00:46:05",136
"2019-09-14 01:45:58",136
"2019-09-14 02:46:03",136
"2019-09-14 03:46:03",136
"2019-09-14 04:46:01",136
"2019-09-14 05:46:03",136
"2019-09-14 06:46:02",136
"2019-09-14 07:46:01",136
"2019-09-14 08:46:02",136
"2019-09-14 09:46:01",136
"2019-09-14 10:46:02",136
"2019-09-14 11:45:57",136
"2019-09-14 12:46:03",136
"2019-09-14 13:45:59",136
"2019-09-14 14:46:02",136
"2019-09-14 15:45:58",136
"2019-09-14 16:46:04",136
"2019-09-14 17:46:03",136
"2019-09-14 18:45:58",136
"2019-09-14 19:45:59",136
"2019-09-14 20:45:58",136
"2019-09-14 21:46:05",136
"2019-09-14 22:46:01",136
"2019-09-14 23:46:04",136
"2019-09-15 00:46:04",136
"2019-09-15 01:45:59",136
"2019-09-15 02:46:05",136
"2019-09-15 03:46:05",136
"2019-09-15 04:46:02",136
"2019-09-15 05:45:59",136
"2019-09-15 06:46:05",136
"2019-09-15 07:46:04",136
"2019-09-15 08:46:05",136
"2019-09-15 09:46:01",136
"2019-09-15 10:46:01",136
"2019-09-15 11:46:03",136
"2019-09-15 12:46:04",136
"2019-09-15 13:46:04",136
"2019-09-15 14:46:02",136
"2019-09-15 15:45:59",136
"2019-09-15 16:46:04",136
"2019-09-15 17:45:58",136
"2019-09-15 18:46:01",136
"2019-09-15 19:46:01",136
"2019-09-15 20:45:59",136
"2019-09-15 21:46:05",136
"2019-09-15 22:46:01",136
"2019-09-15 23:46:00",136
"2019-09-16 00:46:03",136
"2019-09-16 01:46:00",136
"2019-09-16 02:46:05",136
"2019-09-16 03:46:04",136
"2019-09-16 04:46:00",136
"2019-09-16 05:46:04",136
"2019-09-16 06:46:04",136
"2019-09-16 07:46:00",136
"2019-09-16 08:46:04",136
"2019-09-16 09:46:02",136
"2019-09-16 10:46:00",136
"2019-09-16 11:45:58",136
"2019-09-16 13:09:38",136
"2019-09-16 13:46:03",136
"2019-09-16 14:46:09",136
"2019-09-16 15:46:05",136
"2019-09-16 16:46:08",136
"2019-09-16 17:46:03",136
"2019-09-16 18:46:06",136
"2019-09-16 19:46:12",136
"2019-09-16 20:46:12",136
"2019-09-16 21:46:06",136
"2019-09-16 22:46:08",136
"2019-09-16 23:46:08",136
"2019-09-17 00:46:06",136
"2019-09-17 01:46:03",136
"2019-09-17 02:46:06",136
"2019-09-17 03:46:07",136
"2019-09-17 04:46:04",136
"2019-09-17 05:46:03",136
"2019-09-17 06:46:01",136
"2019-09-17 07:46:04",136
"2019-09-17 08:46:03",136
"2019-09-17 09:46:07",136
"2019-09-17 10:46:07",136
"2019-09-17 11:46:05",136
"2019-09-17 12:46:04",136
"2019-09-17 13:46:08",136
"2019-09-17 14:46:05",136
"2019-09-17 15:46:05",136
"2019-09-17 16:46:08",136
"2019-09-17 17:46:03",136
"2019-09-17 18:46:05",136
"2019-09-17 19:46:04",136
"2019-09-17 20:46:04",136
"2019-09-17 21:46:04",136
"2019-09-17 22:46:06",136
"2019-09-17 23:46:04",136
"2019-09-18 00:46:05",136
"2019-09-18 01:46:04",136
"2019-09-18 02:46:02",136
"2019-09-18 03:46:03",136
"2019-09-18 04:46:11",136
"2019-09-18 05:46:04",136
"2019-09-18 06:46:06",136
"2019-09-18 07:46:04",136
"2019-09-18 08:46:06",136
"2019-09-18 09:46:05",136
"2019-09-18 10:46:04",136
"2019-09-18 11:46:03",136
"2019-09-18 13:41:14",136
"2019-09-18 13:48:27",136
"2019-09-18 14:46:06",136
"2019-09-18 15:46:08",136
"2019-09-18 16:46:09",136
"2019-09-18 17:46:03",136
"2019-09-18 18:46:01",136
"2019-09-18 19:46:07",136
"2019-09-18 20:46:03",136
"2019-09-18 21:46:03",136
"2019-09-18 22:46:05",136
"2019-09-18 23:46:08",136
"2019-09-19 00:46:00",136
"2019-09-19 01:46:04",136
"2019-09-19 02:46:08",136
"2019-09-19 03:46:06",136
"2019-09-19 04:46:02",136
"2019-09-19 05:46:06",136
"2019-09-19 06:46:07",136
"2019-09-19 07:46:00",136
"2019-09-19 08:46:04",136
"2019-09-19 09:46:04",136
"2019-09-19 10:46:03",136
"2019-09-19 11:45:59",136
"2019-09-19 13:09:40",136
"2019-09-19 13:46:09",136
"2019-09-19 14:46:01",136
"2019-09-19 15:46:05",136
"2019-09-19 16:46:12",136
"2019-09-19 17:46:06",136
"2019-09-19 18:46:07",136
"2019-09-19 19:46:00",136
"2019-09-19 20:46:07",136
"2019-09-19 21:46:01",136
"2019-09-19 22:46:07",136
"2019-09-19 23:46:02",136
"2019-09-20 00:46:08",136
"2019-09-20 01:46:11",136
"2019-09-20 02:46:01",136
"2019-09-20 03:46:06",136
"2019-09-20 04:46:05",136
"2019-09-20 05:46:08",136
"2019-09-20 06:46:03",136
"2019-09-20 07:46:03",136
"2019-09-20 08:46:08",136
"2019-09-20 09:46:02",136
"2019-09-20 10:46:00",136
"2019-09-20 11:46:06",136
"2019-09-20 12:46:06",136
"2019-09-20 13:45:59",136
"2019-09-20 14:46:04",136
"2019-09-20 15:46:05",136
"2019-09-20 16:46:04",136
"2019-09-20 17:46:08",136
"2019-09-20 18:46:01",136
"2019-09-20 19:46:06",136
"2019-09-20 20:45:58",136
"2019-09-20 21:46:01",136
"2019-09-20 22:46:05",136
"2019-09-20 23:45:59",136
"2019-09-21 00:45:59",136
"2019-09-21 01:45:59",136
"2019-09-21 02:46:03",136
"2019-09-21 03:46:05",136
"2019-09-21 04:45:58",136
"2019-09-21 05:46:03",136
"2019-09-21 06:46:03",136
"2019-09-21 07:45:59",136
"2019-09-21 08:45:59",136
"2019-09-21 09:46:03",136
"2019-09-21 10:45:58",136
"2019-09-21 11:46:01",136
"2019-09-21 12:46:05",136
"2019-09-21 13:46:05",136
"2019-09-21 14:46:00",136
"2019-09-21 15:45:58",136
"2019-09-21 16:46:05",136
"2019-09-21 17:46:02",136
"2019-09-21 18:46:00",136
"2019-09-21 19:46:00",136
"2019-09-21 20:45:59",136
"2019-09-21 21:46:00",136
"2019-09-21 22:46:00",136
"2019-09-21 23:46:03",136
"2019-09-22 00:45:59",136
"2019-09-22 01:46:01",136
"2019-09-22 02:46:02",136
"2019-09-22 03:46:00",136
"2019-09-22 04:46:04",136
"2019-09-22 05:45:59",136
"2019-09-22 06:46:04",136
"2019-09-22 07:46:04",136
"2019-09-22 08:46:00",136
"2019-09-22 09:46:04",136
"2019-09-22 10:45:59",136
"2019-09-22 11:45:58",136
"2019-09-22 12:46:01",136
"2019-09-22 13:45:59",136
"2019-09-22 14:46:04",136
"2019-09-22 15:45:59",136
"2019-09-22 16:46:04",136
"2019-09-22 17:46:00",136
"2019-09-22 18:45:59",136
"2019-09-22 19:46:05",136
"2019-09-22 20:45:59",136
"2019-09-22 21:46:01",136
"2019-09-22 22:45:58",136
"2019-09-22 23:45:59",136
"2019-09-23 00:46:03",136
"2019-09-23 01:45:59",136
"2019-09-23 02:45:59",136
"2019-09-23 03:46:04",136
"2019-09-23 04:46:02",136
"2019-09-23 05:46:00",136
"2019-09-23 06:46:02",136
"2019-09-23 07:46:00",136
"2019-09-23 08:46:03",136
"2019-09-23 09:46:01",136
"2019-09-23 10:46:03",136
"2019-09-23 11:46:05",136
"2019-09-23 12:46:03",136
"2019-09-23 13:46:00",136
"2019-09-23 14:46:05",138
"2019-09-23 15:45:59",138
"2019-09-23 16:46:05",138
"2019-09-23 17:45:59",138
"2019-09-23 18:46:06",138
"2019-09-23 19:46:00",138
"2019-09-23 20:46:00",138
"2019-09-23 21:46:02",138
"2019-09-23 22:46:04",138
"2019-09-23 23:45:58",138
"2019-09-24 00:46:03",138
"2019-09-24 01:46:00",138
"2019-09-24 03:46:05",138
"2019-09-24 04:46:00",138
"2019-09-24 05:46:07",138
"2019-09-24 06:46:01",138
"2019-09-24 07:46:01",138
"2019-09-24 08:46:03",138
"2019-09-24 09:45:58",138
"2019-09-24 10:46:02",138
"2019-09-24 11:46:03",138
"2019-09-24 12:46:05",138
"2019-09-24 13:46:01",138
"2019-09-24 14:46:03",138
"2019-09-24 15:46:06",138
"2019-09-24 16:46:04",138
"2019-09-24 17:46:03",138
"2019-09-24 18:46:05",138
"2019-09-24 19:45:59",139
"2019-09-24 20:46:02",139
"2019-09-24 21:46:04",139
"2019-09-24 22:45:59",139
"2019-09-24 23:45:58",139
"2019-09-25 00:46:02",139
"2019-09-25 01:46:06",139
"2019-09-25 02:45:58",139
"2019-09-25 03:46:07",139
"2019-09-25 04:46:04",139
"2019-09-25 05:46:01",139
"2019-09-25 06:46:02",139
"2019-09-25 07:46:07",139
"2019-09-25 08:46:03",139
"2019-09-25 09:46:04",139
"2019-09-25 10:46:04",139
"2019-09-25 11:46:01",139
"2019-09-25 12:46:06",139
"2019-09-25 13:46:06",139
"2019-09-25 14:46:06",139
"2019-09-25 15:46:06",141
"2019-09-25 16:46:05",142
"2019-09-25 17:46:04",142
"2019-09-25 18:46:02",142
"2019-09-25 19:46:09",142
"2019-09-25 20:46:00",142
"2019-09-25 21:46:03",142
"2019-09-25 22:46:00",142
"2019-09-25 23:46:04",142
"2019-09-26 00:46:03",142
"2019-09-26 01:46:01",142
"2019-09-26 02:46:05",142
"2019-09-26 03:46:02",142
"2019-09-26 04:46:07",142
"2019-09-26 05:46:04",142
"2019-09-26 06:46:03",142
"2019-09-26 07:46:00",142
"2019-09-26 08:46:04",142
"2019-09-26 09:46:03",142
"2019-09-26 10:46:01",142
"2019-09-26 11:46:00",142
"2019-09-26 13:09:09",142
"2019-09-26 13:46:10",142
"2019-09-26 14:46:05",141
"2019-09-26 15:46:07",141
"2019-09-26 16:46:07",141
"2019-09-26 17:46:08",141
"2019-09-26 18:46:11",141
"2019-09-26 19:46:04",141
"2019-09-26 20:46:02",141
"2019-09-26 21:46:10",141
"2019-09-26 22:46:06",141
"2019-09-26 23:46:04",141
"2019-09-27 00:46:04",141
"2019-09-27 01:46:01",141
"2019-09-27 02:46:19",141
"2019-09-27 03:46:04",141
"2019-09-27 04:46:01",141
"2019-09-27 05:46:04",141
"2019-09-27 06:46:05",141
"2019-09-27 07:46:10",141
"2019-09-27 08:46:03",141
"2019-09-27 09:46:03",141
"2019-09-27 10:46:05",141
"2019-09-27 11:46:03",141
"2019-09-27 13:10:09",141
"2019-09-27 13:46:08",141
"2019-09-27 14:46:06",141
"2019-09-27 15:46:05",141
"2019-09-27 16:46:05",142
"2019-09-27 17:46:05",142
"2019-09-27 18:45:59",142
"2019-09-27 19:46:05",142
"2019-09-27 20:45:58",142
"2019-09-27 21:46:01",142
"2019-09-27 22:46:07",142
"2019-09-27 23:46:01",142
"2019-09-28 00:46:01",142
"2019-09-28 01:46:05",142
"2019-09-28 02:46:03",142
"2019-09-28 03:46:04",142
"2019-09-28 04:46:02",142
"2019-09-28 05:46:06",142
"2019-09-28 06:45:58",142
"2019-09-28 07:46:07",142
"2019-09-28 08:46:00",142
"2019-09-28 09:46:03",142
"2019-09-28 10:45:58",142
"2019-09-28 11:46:02",142
"2019-09-28 12:46:04",142
"2019-09-28 13:46:06",142
"2019-09-28 14:45:59",142
"2019-09-28 15:45:58",142
"2019-09-28 16:46:05",142
"2019-09-28 17:46:05",142
"2019-09-28 18:45:58",142
"2019-09-28 19:46:00",142
"2019-09-28 20:46:04",142
"2019-09-28 21:46:00",142
"2019-09-28 22:46:03",142
"2019-09-28 23:45:59",142
"2019-09-29 00:45:59",142
"2019-09-29 01:46:03",142
"2019-09-29 02:46:03",142
"2019-09-29 03:46:04",142
"2019-09-29 04:46:01",142
"2019-09-29 05:46:03",142
"2019-09-29 06:45:59",142
"2019-09-29 07:46:02",142
"2019-09-29 08:46:00",142
"2019-09-29 09:46:02",142
"2019-09-29 10:45:59",142
"2019-09-29 11:46:02",142
"2019-09-29 12:46:00",142
"2019-09-29 13:45:59",142
"2019-09-29 14:46:02",142
"2019-09-29 15:45:59",142
"2019-09-29 16:46:03",142
"2019-09-29 17:46:07",142
"2019-09-29 18:46:00",142
"2019-09-29 19:46:09",142
"2019-09-29 20:46:05",142
"2019-09-29 21:46:00",142
"2019-09-29 22:46:03",142
"2019-09-29 23:46:04",142
"2019-09-30 00:45:58",142
"2019-09-30 01:46:03",142
"2019-09-30 02:46:00",142
"2019-09-30 03:46:04",142
"2019-09-30 04:46:02",142
"2019-09-30 05:46:03",142
"2019-09-30 06:46:01",142
"2019-09-30 07:46:06",142
"2019-09-30 08:46:02",142
"2019-09-30 09:46:05",142
"2019-09-30 10:45:59",142
"2019-09-30 11:45:59",142
"2019-09-30 12:46:05",142
"2019-09-30 13:46:01",142
"2019-09-30 14:46:07",142
"2019-09-30 15:46:04",142
"2019-09-30 16:46:11",142
"2019-09-30 17:46:04",143
"2019-09-30 18:46:08",143
"2019-09-30 19:46:01",143
"2019-09-30 20:46:00",143
"2019-09-30 21:46:03",143
"2019-09-30 22:46:00",143
"2019-09-30 23:46:04",143
"2019-10-01 00:46:02",143
"2019-10-01 01:46:00",143
"2019-10-01 02:46:03",143
"2019-10-01 03:46:05",143
"2019-10-01 04:45:59",143
"2019-10-01 05:46:00",143
"2019-10-01 06:46:02",143
"2019-10-01 07:46:06",143
"2019-10-01 08:46:00",143
"2019-10-01 09:46:06",143
"2019-10-01 10:46:02",143
"2019-10-01 11:46:01",143
"2019-10-01 13:09:06",143
"2019-10-01 13:46:05",143
"2019-10-01 14:46:00",144
"2019-10-01 15:46:00",143
"2019-10-01 16:46:05",143
"2019-10-01 17:45:59",143
"2019-10-01 18:46:05",143
"2019-10-01 19:46:02",143
"2019-10-01 20:45:59",143
"2019-10-01 21:46:01",143
"2019-10-01 22:46:04",143
"2019-10-01 23:46:02",143
"2019-10-02 00:46:22",143
"2019-10-02 01:46:02",143
"2019-10-02 02:46:00",143
"2019-10-02 03:46:01",143
"2019-10-02 04:46:06",143
"2019-10-02 05:46:04",143
"2019-10-02 06:45:58",143
"2019-10-02 07:45:59",143
"2019-10-02 08:45:59",143
"2019-10-02 09:46:02",143
"2019-10-02 10:45:57",143
"2019-10-02 11:45:58",143
"2019-10-02 13:09:36",143
"2019-10-02 13:46:02",143
"2019-10-02 14:46:01",143
"2019-10-02 15:46:04",143
"2019-10-02 16:45:59",143
"2019-10-02 17:45:59",143
"2019-10-02 18:46:01",143
"2019-10-02 19:46:01",143
"2019-10-02 20:46:01",143
"2019-10-02 21:46:01",143
"2019-10-02 22:46:04",143
"2019-10-02 23:45:58",143
"2019-10-03 00:45:59",143
"2019-10-03 01:46:00",143
"2019-10-03 02:46:00",143
"2019-10-03 03:46:02",143
"2019-10-03 04:46:00",143
"2019-10-03 06:45:59",143
"2019-10-03 07:46:03",143
"2019-10-03 08:46:02",143
"2019-10-03 09:46:00",143
"2019-10-03 10:46:04",143
"2019-10-03 11:45:59",143
"2019-10-03 13:09:32",143
"2019-10-03 13:47:21",143
"2019-10-03 14:46:04",142
"2019-10-03 15:45:59",142
"2019-10-03 16:45:59",142
"2019-10-03 17:46:01",142
"2019-10-03 18:46:02",142
"2019-10-03 19:46:00",142
"2019-10-03 20:46:00",142
"2019-10-03 21:46:00",142
"2019-10-03 22:46:00",142
"2019-10-03 23:46:04",142
"2019-10-04 00:45:59",142
"2019-10-04 01:46:00",142
"2019-10-04 02:45:58",142
"2019-10-04 03:46:01",142
"2019-10-04 04:46:00",142
"2019-10-04 05:46:05",142
"2019-10-04 06:46:04",142
"2019-10-04 07:46:00",142
"2019-10-04 08:46:01",142
"2019-10-04 09:45:59",142
"2019-10-04 10:46:02",142
"2019-10-04 11:45:59",142
"2019-10-04 12:46:01",142
"2019-10-04 13:46:04",142
"2019-10-04 14:45:59",142
"2019-10-04 15:46:01",141
"2019-10-04 16:46:04",142
"2019-10-04 17:45:59",143
"2019-10-04 18:46:02",143
"2019-10-04 19:46:01",143
"2019-10-04 20:46:01",143
"2019-10-04 21:46:03",143
"2019-10-04 22:45:58",143
"2019-10-04 23:45:58",143
"2019-10-05 00:46:03",143
"2019-10-05 01:45:59",143
"2019-10-05 02:45:59",143
"2019-10-05 03:45:58",143
"2019-10-05 04:45:58",143
"2019-10-05 05:46:05",143
"2019-10-05 06:45:58",143
"2019-10-05 07:45:59",143
"2019-10-05 08:46:02",143
"2019-10-05 09:45:59",143
"2019-10-05 10:45:59",143
"2019-10-05 11:46:01",143
"2019-10-05 12:46:01",143
"2019-10-05 13:46:01",143
"2019-10-05 14:46:00",143
"2019-10-05 15:45:59",143
"2019-10-05 16:46:00",143
"2019-10-05 17:46:06",143
"2019-10-05 18:46:00",143
"2019-10-05 19:45:59",143
"2019-10-05 20:46:02",143
"2019-10-05 21:45:59",143
"2019-10-05 22:46:00",143
"2019-10-05 23:46:00",143
"2019-10-06 00:46:00",143
"2019-10-06 01:46:01",143
"2019-10-06 02:46:10",143
"2019-10-06 03:46:03",143
"2019-10-06 04:46:00",143
"2019-10-06 05:46:01",143
"2019-10-06 06:46:04",143
"2019-10-06 07:46:00",143
"2019-10-06 08:46:04",143
"2019-10-06 09:46:02",143
"2019-10-06 10:46:00",143
"2019-10-06 11:46:02",143
"2019-10-06 12:46:02",143
"2019-10-06 13:45:58",143
"2019-10-06 14:46:01",143
"2019-10-06 15:45:59",143
"2019-10-06 16:45:59",143
"2019-10-06 17:45:59",143
"2019-10-06 18:46:04",143
"2019-10-06 19:46:03",143
"2019-10-06 20:45:58",143
"2019-10-06 21:45:58",143
"2019-10-06 22:45:58",143
"2019-10-06 23:45:58",143
"2019-10-07 00:45:59",143
"2019-10-07 01:46:01",143
"2019-10-07 02:46:02",143
"2019-10-07 03:46:01",143
"2019-10-07 04:46:01",143
"2019-10-07 05:45:59",143
"2019-10-07 06:46:00",143
"2019-10-07 07:45:59",143
"2019-10-07 08:45:59",143
"2019-10-07 09:46:07",143
"2019-10-07 10:45:59",143
"2019-10-07 11:46:00",143
"2019-10-07 12:46:11",143
"2019-10-07 13:46:03",143
"2019-10-07 14:45:59",144
"2019-10-07 15:46:01",144
"2019-10-07 16:46:03",144
"2019-10-07 17:46:00",144
"2019-10-07 18:46:00",144
"2019-10-07 19:46:03",144
"2019-10-07 20:45:58",144
"2019-10-07 21:45:58",144
"2019-10-07 22:45:59",144
"2019-10-07 23:46:05",144
"2019-10-08 00:45:59",144
"2019-10-08 01:45:59",144
"2019-10-08 02:45:58",144
"2019-10-08 03:46:03",144
"2019-10-08 04:46:01",144
"2019-10-08 05:45:59",144
"2019-10-08 06:46:01",144
"2019-10-08 07:46:00",144
"2019-10-08 08:45:59",144
"2019-10-08 09:46:01",144
"2019-10-08 10:46:02",144
"2019-10-08 11:45:59",144
"2019-10-08 12:46:02",144
"2019-10-08 13:46:01",144
"2019-10-08 14:45:59",145
"2019-10-08 15:46:00",145
"2019-10-08 16:46:04",146
"2019-10-08 17:46:03",146
"2019-10-08 18:46:02",146
"2019-10-08 19:46:03",145
"2019-10-08 20:45:59",145
"2019-10-08 21:45:59",145
"2019-10-08 22:46:02",145
"2019-10-08 23:46:00",145
"2019-10-09 00:46:00",145
"2019-10-09 01:46:00",145
"2019-10-09 02:46:00",145
"2019-10-09 03:45:58",145
"2019-10-09 04:46:03",145
"2019-10-09 05:46:00",145
"2019-10-09 06:46:00",145
"2019-10-09 07:46:07",145
"2019-10-09 08:46:00",145
"2019-10-09 09:45:58",145
"2019-10-09 10:46:02",145
"2019-10-09 11:45:59",145
"2019-10-09 12:46:06",145
"2019-10-09 13:46:01",145
"2019-10-09 14:46:02",145
"2019-10-09 15:46:08",145
"2019-10-09 16:46:02",146
"2019-10-09 17:46:12",146
"2019-10-09 18:46:05",146
"2019-10-09 19:46:07",146
"2019-10-09 20:46:00",146
"2019-10-09 21:45:59",146
"2019-10-09 22:46:01",146
"2019-10-09 23:46:01",146
"2019-10-10 00:46:05",146
"2019-10-10 01:45:59",146
"2019-10-10 02:46:03",146
"2019-10-10 03:46:00",146
"2019-10-10 04:46:00",146
"2019-10-10 05:46:07",146
"2019-10-10 06:46:01",146
"2019-10-10 07:46:04",146
"2019-10-10 08:46:01",146
"2019-10-10 09:45:59",146
"2019-10-10 10:45:59",146
"2019-10-10 11:46:03",146
"2019-10-10 13:09:11",146
"2019-10-10 13:46:06",146
"2019-10-10 14:46:01",146
"2019-10-10 15:46:03",146
"2019-10-10 16:46:00",146
"2019-10-10 17:46:01",145
"2019-10-10 18:46:00",146
"2019-10-10 19:46:02",146
"2019-10-10 20:46:02",145
"2019-10-10 21:46:02",145
"2019-10-10 22:46:02",145
"2019-10-10 23:46:15",145
"2019-10-11 00:46:02",145
"2019-10-11 01:46:02",145
"2019-10-11 02:46:02",145
"2019-10-11 03:46:08",145
"2019-10-11 04:46:01",145
"2019-10-11 05:46:00",145
"2019-10-11 06:46:04",145
"2019-10-11 07:46:02",145
"2019-10-11 08:46:01",145
"2019-10-11 09:46:06",145
"2019-10-11 10:46:01",145
"2019-10-11 11:46:01",145
"2019-10-11 13:09:38",145
"2019-10-11 13:46:05",145
"2019-10-11 14:46:00",146
"2019-10-11 15:46:12",146
"2019-10-11 16:46:03",146
"2019-10-11 17:46:02",146
"2019-10-11 18:46:04",146
"2019-10-11 19:46:03",146
"2019-10-11 20:46:01",146
"2019-10-11 21:46:00",146
"2019-10-11 22:46:00",146
"2019-10-11 23:46:00",146
"2019-10-12 00:46:06",146
"2019-10-12 01:46:00",146
"2019-10-12 02:46:02",146
"2019-10-12 03:46:05",146
"2019-10-12 04:46:01",146
"2019-10-12 05:46:06",146
"2019-10-12 06:46:08",146
"2019-10-12 07:46:00",146
"2019-10-12 08:46:01",146
"2019-10-12 09:46:05",146
"2019-10-12 10:46:00",146
"2019-10-12 11:45:59",146
"2019-10-12 12:46:08",146
"2019-10-12 13:46:01",146
"2019-10-12 14:46:02",146
"2019-10-12 15:46:01",146
"2019-10-12 16:46:05",146
"2019-10-12 17:46:06",146
"2019-10-12 18:46:00",146
"2019-10-12 19:46:02",146
"2019-10-12 20:46:02",146
"2019-10-12 21:46:00",146
"2019-10-12 22:46:01",146
"2019-10-12 23:46:01",146
"2019-10-13 00:46:05",146
"2019-10-13 01:46:01",146
"2019-10-13 02:46:01",146
"2019-10-13 03:46:05",146
"2019-10-13 04:46:00",146
"2019-10-13 05:46:00",146
"2019-10-13 06:46:03",146
"2019-10-13 07:46:01",146
"2019-10-13 08:46:07",146
"2019-10-13 09:46:04",146
"2019-10-13 10:45:58",146
"2019-10-13 11:46:05",146
"2019-10-13 12:45:59",146
"2019-10-13 13:46:05",146
"2019-10-13 14:46:05",146
"2019-10-13 15:46:00",146
"2019-10-13 16:46:09",146
"2019-10-13 17:46:01",146
"2019-10-13 18:46:03",146
"2019-10-13 19:46:03",146
"2019-10-13 20:46:08",146
"2019-10-13 21:46:05",146
"2019-10-13 22:46:05",146
"2019-10-13 23:46:09",146
"2019-10-14 00:46:01",146
"2019-10-14 01:46:04",146
"2019-10-14 02:46:01",146
"2019-10-14 03:46:04",146
"2019-10-14 04:46:03",146
"2019-10-14 05:46:02",146
"2019-10-14 06:46:05",146
"2019-10-14 07:46:00",146
"2019-10-14 08:46:01",146
"2019-10-14 09:46:06",146
"2019-10-14 10:46:03",146
"2019-10-14 11:46:05",146
"2019-10-14 12:46:06",146
"2019-10-14 13:46:04",146
"2019-10-14 14:46:03",145
"2019-10-14 15:46:02",144
"2019-10-14 16:46:08",145
"2019-10-14 17:46:01",145
"2019-10-14 18:46:07",145
"2019-10-14 19:46:00",145
"2019-10-14 20:46:03",145
"2019-10-14 21:46:03",145
"2019-10-14 22:46:07",145
"2019-10-14 23:46:13",145
"2019-10-15 00:46:02",145
"2019-10-15 02:46:08",145
"2019-10-15 03:46:01",145
"2019-10-15 04:46:01",145
"2019-10-15 05:46:06",145
"2019-10-15 06:46:05",145
"2019-10-15 07:46:10",145
"2019-10-15 08:46:04",145
"2019-10-15 09:46:02",145
"2019-10-15 10:46:03",145
"2019-10-15 11:46:07",145
"2019-10-15 12:46:35",145
"2019-10-15 13:46:10",144
"2019-10-15 14:46:01",144
"2019-10-15 15:46:01",144
"2019-10-15 16:46:03",144
"2019-10-15 17:46:06",144
"2019-10-15 18:46:09",144
"2019-10-15 19:46:07",143
"2019-10-15 20:46:11",144
"2019-10-15 21:46:04",144
"2019-10-15 22:46:00",144
"2019-10-15 23:46:00",144
"2019-10-16 00:46:02",144
"2019-10-16 01:46:01",144
"2019-10-16 02:46:03",144
"2019-10-16 03:46:09",144
"2019-10-16 04:46:03",144
"2019-10-16 05:46:02",144
"2019-10-16 06:46:03",144
"2019-10-16 07:46:11",144
"2019-10-16 08:46:12",144
"2019-10-16 09:46:02",144
"2019-10-16 10:46:05",144
"2019-10-16 11:46:00",144
"2019-10-16 12:46:03",144
"2019-10-16 13:46:09",144
"2019-10-16 14:46:02",144
"2019-10-16 15:46:12",144
"2019-10-16 16:46:01",144
"2019-10-16 17:46:00",144
"2019-10-16 18:46:04",143
"2019-10-16 19:46:00",143
"2019-10-16 20:46:02",142
"2019-10-16 21:46:04",142
"2019-10-16 22:46:00",142
"2019-10-16 23:46:01",142
"2019-10-17 00:46:01",142
"2019-10-17 01:46:03",142
"2019-10-17 02:46:02",142
"2019-10-17 04:46:05",142
"2019-10-17 05:46:01",142
"2019-10-17 06:46:01",142
"2019-10-17 07:46:06",142
"2019-10-17 08:46:02",142
"2019-10-17 09:46:00",142
"2019-10-17 10:45:59",142
"2019-10-17 11:46:06",142
"2019-10-17 12:46:04",142
"2019-10-17 13:46:05",142
"2019-10-17 14:46:07",142
"2019-10-17 15:46:00",142
"2019-10-17 16:46:00",142
"2019-10-17 17:46:03",142
"2019-10-17 18:46:02",142
"2019-10-17 19:46:06",142
"2019-10-17 20:46:02",141
"2019-10-17 21:46:01",141
"2019-10-17 22:46:01",141
"2019-10-17 23:46:02",141
"2019-10-18 00:46:01",141
"2019-10-18 01:46:02",141
"2019-10-18 02:46:01",141
"2019-10-18 03:46:07",141
"2019-10-18 04:46:01",141
"2019-10-18 05:46:01",141
"2019-10-18 06:46:08",141
"2019-10-18 07:46:02",141
"2019-10-18 08:46:04",141
"2019-10-18 09:46:02",141
"2019-10-18 10:46:07",141
"2019-10-18 11:46:02",141
"2019-10-18 13:08:37",141
"2019-10-18 13:46:00",141
"2019-10-18 14:46:01",141
"2019-10-18 15:46:06",141
"2019-10-18 16:46:00",141
"2019-10-18 17:46:04",141
"2019-10-18 18:46:00",141
"2019-10-18 19:46:01",141
"2019-10-18 20:46:05",141
"2019-10-18 21:46:00",141
"2019-10-18 23:46:02",141
"2019-10-19 00:46:00",141
"2019-10-19 01:46:05",141
"2019-10-19 02:46:01",141
"2019-10-19 03:46:00",141
"2019-10-19 04:46:04",141
"2019-10-19 05:46:00",141
"2019-10-19 06:46:05",141
"2019-10-19 07:46:02",141
"2019-10-19 08:46:01",141
"2019-10-19 09:46:04",141
"2019-10-19 10:46:04",141
"2019-10-19 11:46:00",141
"2019-10-19 12:46:06",141
"2019-10-19 13:45:59",141
"2019-10-19 14:46:02",141
"2019-10-19 15:46:02",141
"2019-10-19 16:46:06",141
"2019-10-19 17:46:01",141
"2019-10-19 18:46:00",141
"2019-10-19 19:46:05",141
"2019-10-19 20:46:02",141
"2019-10-19 21:45:59",141
"2019-10-19 22:46:00",141
"2019-10-19 23:46:00",141
"2019-10-20 00:46:01",141
"2019-10-20 01:46:00",141
"2019-10-20 02:46:05",141
"2019-10-20 03:46:00",141
"2019-10-20 04:46:02",141
"2019-10-20 05:46:05",141
"2019-10-20 06:46:03",141
"2019-10-20 07:46:06",141
"2019-10-20 08:46:02",141
"2019-10-20 09:46:01",141
"2019-10-20 10:46:05",141
"2019-10-20 11:46:01",141
"2019-10-20 12:46:06",141
"2019-10-20 13:46:01",141
"2019-10-20 14:46:00",141
"2019-10-20 16:46:05",141
"2019-10-20 17:46:00",141
"2019-10-20 18:46:01",141
"2019-10-20 19:45:59",141
"2019-10-20 20:45:59",141
"2019-10-20 21:45:59",141
"2019-10-20 22:46:00",141
"2019-10-20 23:46:01",141
"2019-10-21 00:46:01",141
"2019-10-21 01:46:05",141
"2019-10-21 02:46:01",141
"2019-10-21 03:46:01",141
"2019-10-21 04:46:00",141
"2019-10-21 05:46:07",141
"2019-10-21 06:46:01",141
"2019-10-21 07:46:04",141
"2019-10-21 08:46:04",141
"2019-10-21 09:46:02",141
"2019-10-21 10:46:01",141
"2019-10-21 11:46:05",141
"2019-10-21 13:09:33",141
"2019-10-21 13:46:09",141
"2019-10-21 14:46:02",141
"2019-10-21 15:46:04",141
"2019-10-21 16:46:05",141
"2019-10-21 17:46:00",141
"2019-10-21 18:46:02",141
"2019-10-21 19:46:02",142
"2019-10-21 20:46:00",142
"2019-10-21 22:46:07",142
"2019-10-21 23:46:01",142
"2019-10-22 00:46:00",142
"2019-10-22 01:46:02",142
"2019-10-22 02:46:05",142
"2019-10-22 03:46:08",142
"2019-10-22 04:46:06",142
"2019-10-22 05:46:02",142
"2019-10-22 06:46:01",142
"2019-10-22 07:46:08",142
"2019-10-22 08:46:02",142
"2019-10-22 09:46:05",142
"2019-10-22 10:46:01",142
"2019-10-22 11:46:00",142
"2019-10-22 12:46:12",142
"2019-10-22 13:46:02",141
"2019-10-22 14:46:02",141
"2019-10-22 15:46:08",141
"2019-10-22 16:46:08",141
"2019-10-22 17:46:06",141
"2019-10-22 18:46:04",141
"2019-10-22 19:46:01",141
"2019-10-22 20:46:04",141
"2019-10-22 21:46:02",141
"2019-10-22 22:46:04",141
"2019-10-22 23:46:03",141
"2019-10-23 00:46:12",141
"2019-10-23 01:46:06",141
"2019-10-23 02:46:02",141
"2019-10-23 03:46:01",141
"2019-10-23 04:46:09",141
"2019-10-23 05:46:04",141
"2019-10-23 06:46:14",141
"2019-10-23 07:46:05",141
"2019-10-23 08:46:03",141
"2019-10-23 09:46:08",141
"2019-10-23 10:46:03",141
"2019-10-23 11:46:01",141
"2019-10-23 12:46:10",141
"2019-10-23 13:46:09",141
"2019-10-23 14:46:02",141
"2019-10-23 15:46:01",142
"2019-10-23 16:46:05",142
"2019-10-23 17:46:02",142
"2019-10-23 18:46:00",142
"2019-10-23 19:46:01",143
"2019-10-23 20:46:05",143
"2019-10-23 21:46:01",143
"2019-10-23 22:46:02",143
"2019-10-23 23:46:02",143
"2019-10-24 01:01:56",143
"2019-10-24 01:46:04",143
"2019-10-24 02:46:07",143
"2019-10-24 03:46:07",143
"2019-10-24 04:46:02",143
"2019-10-24 05:46:07",143
"2019-10-24 06:46:11",143
"2019-10-24 07:46:03",143
"2019-10-24 08:46:02",143
"2019-10-24 09:46:07",143
"2019-10-24 10:46:01",143
"2019-10-24 11:46:01",143
"2019-10-24 13:09:38",143
"2019-10-24 13:46:03",143
"2019-10-24 14:46:02",142
"2019-10-24 15:46:07",142
"2019-10-24 16:46:03",142
"2019-10-24 17:46:04",142
"2019-10-24 18:46:02",142
"2019-10-24 19:46:07",142
"2019-10-24 20:46:01",141
"2019-10-24 21:46:03",141
"2019-10-24 22:46:02",141
"2019-10-24 23:46:04",141
"2019-10-25 00:46:03",141
"2019-10-25 01:46:04",141
"2019-10-25 02:46:08",141
"2019-10-25 03:46:03",141
"2019-10-25 04:46:01",141
"2019-10-25 05:46:07",141
"2019-10-25 06:46:04",141
"2019-10-25 07:46:06",141
"2019-10-25 08:46:06",141
"2019-10-25 09:46:01",141
"2019-10-25 10:46:01",141
"2019-10-25 11:46:11",141
"2019-10-25 13:09:35",141
"2019-10-25 13:46:08",141
"2019-10-25 14:46:11",141
"2019-10-25 15:46:03",141
"2019-10-25 16:46:11",141
"2019-10-25 17:46:03",141
"2019-10-25 18:46:03",141
"2019-10-25 19:46:02",141
"2019-10-25 20:46:03",141
"2019-10-25 21:46:02",141
"2019-10-25 22:46:03",141
"2019-10-25 23:46:03",141
"2019-10-26 00:46:07",141
"2019-10-26 01:46:09",141
"2019-10-26 02:46:05",141
"2019-10-26 03:46:05",141
"2019-10-26 04:46:09",141
"2019-10-26 05:46:03",141
"2019-10-26 06:46:00",141
"2019-10-26 07:46:10",141
"2019-10-26 08:46:02",141
"2019-10-26 09:46:02",141
"2019-10-26 10:46:01",141
"2019-10-26 11:46:07",141
"2019-10-26 12:46:02",141
"2019-10-26 13:46:07",141
"2019-10-26 14:46:06",141
"2019-10-26 15:46:07",141
"2019-10-26 16:46:05",141
"2019-10-26 17:46:06",141
"2019-10-26 18:46:08",141
"2019-10-26 19:46:07",141
"2019-10-26 20:46:05",141
"2019-10-26 21:46:07",141
"2019-10-26 22:46:04",141
"2019-10-26 23:46:06",141
"2019-10-27 00:46:06",141
"2019-10-27 01:46:03",141
"2019-10-27 02:46:07",141
"2019-10-27 03:46:07",141
"2019-10-27 04:46:02",141
"2019-10-27 05:46:09",141
"2019-10-27 06:46:05",141
"2019-10-27 07:46:02",141
"2019-10-27 08:46:04",141
"2019-10-27 09:46:02",141
"2019-10-27 10:46:01",141
"2019-10-27 11:46:01",141
"2019-10-27 12:46:06",141
"2019-10-27 13:46:03",141
"2019-10-27 14:46:02",141
"2019-10-27 15:46:11",141
"2019-10-27 16:46:02",141
"2019-10-27 17:46:03",141
"2019-10-27 18:46:07",141
"2019-10-27 19:46:05",141
"2019-10-27 20:46:08",141
"2019-10-27 21:46:03",141
"2019-10-27 22:46:02",141
"2019-10-27 23:46:02",141
"2019-10-28 00:46:01",141
"2019-10-28 01:46:03",141
"2019-10-28 02:46:05",141
"2019-10-28 03:46:06",141
"2019-10-28 04:46:02",141
"2019-10-28 05:46:01",141
"2019-10-28 06:46:06",141
"2019-10-28 07:46:05",141
"2019-10-28 08:46:03",141
"2019-10-28 09:46:02",141
"2019-10-28 10:46:09",141
"2019-10-28 11:46:00",141
"2019-10-28 12:46:09",141
"2019-10-28 14:46:07",141
"2019-10-28 15:46:14",141
"2019-10-28 16:46:12",141
"2019-10-28 17:46:06",141
"2019-10-28 18:46:07",141
"2019-10-28 19:46:06",142
"2019-10-28 23:46:04",142
"2019-10-29 00:46:03",142
"2019-10-29 01:46:09",142
"2019-10-29 02:46:06",142
"2019-10-29 03:46:08",142
"2019-10-29 04:46:03",142
"2019-10-29 05:46:06",142
"2019-10-29 06:46:07",142
"2019-10-29 07:46:05",142
"2019-10-29 08:46:05",142
"2019-10-29 09:46:02",142
"2019-10-29 10:46:07",142
"2019-10-29 11:46:02",142
"2019-10-29 12:46:03",142
"2019-10-29 13:46:13",142
"2019-10-29 14:46:03",142
"2019-10-29 15:46:05",142
"2019-10-29 16:46:07",142
"2019-10-29 17:46:02",142
"2019-10-29 18:46:07",142
"2019-10-29 19:46:06",142
"2019-10-29 20:46:02",142
"2019-10-29 21:46:07",142
"2019-10-29 22:46:04",142
"2019-10-29 23:46:04",142
"2019-10-30 00:46:11",142
"2019-10-30 01:46:05",142
"2019-10-30 02:46:03",142
"2019-10-30 03:46:04",142
"2019-10-30 04:46:09",142
"2019-10-30 05:46:10",142
"2019-10-30 06:46:04",142
"2019-10-30 07:46:15",142
"2019-10-30 08:46:04",142
"2019-10-30 09:46:06",142
"2019-10-30 10:46:09",142
"2019-10-30 11:46:01",142
"2019-10-30 13:46:41",142
"2019-10-30 14:46:02",142
"2019-10-30 15:46:01",142
"2019-10-30 16:46:05",142
"2019-10-30 17:46:04",142
"2019-10-30 18:46:02",142
"2019-10-30 19:46:01",142
"2019-10-30 20:46:06",142
"2019-10-30 21:46:03",142
"2019-10-30 22:46:02",142
"2019-10-30 23:46:02",142
"2019-10-31 00:46:02",142
"2019-10-31 01:46:04",142
"2019-10-31 02:46:01",142
"2019-10-31 03:46:05",142
"2019-10-31 04:46:02",142
"2019-10-31 05:46:03",142
"2019-10-31 06:46:07",142
"2019-10-31 07:46:04",142
"2019-10-31 08:46:04",142
"2019-10-31 09:46:08",142
"2019-10-31 10:46:03",142
"2019-10-31 11:46:05",142
"2019-10-31 13:11:09",142
"2019-10-31 13:46:06",142
"2019-10-31 14:46:03",142
"2019-10-31 15:46:06",142
"2019-10-31 16:46:06",142
"2019-10-31 17:46:04",142
"2019-10-31 18:46:02",142
"2019-10-31 19:46:02",142
"2019-10-31 20:46:05",142
"2019-10-31 22:09:07",142
"2019-10-31 22:46:10",142
"2019-10-31 23:46:02",142
"2019-11-01 00:46:03",142
"2019-11-01 01:46:03",142
"2019-11-01 02:46:03",142
"2019-11-01 03:46:08",142
"2019-11-01 04:46:04",142
"2019-11-01 05:46:08",142
"2019-11-01 06:46:02",142
"2019-11-01 07:46:10",142
"2019-11-01 08:46:04",142
"2019-11-01 09:46:07",142
"2019-11-01 10:46:07",142
"2019-11-01 11:46:09",142
"2019-11-01 13:42:15",143
"2019-11-01 13:51:31",143
"2019-11-01 14:46:03",143
"2019-11-01 15:46:01",143
"2019-11-01 16:46:08",143
"2019-11-01 17:46:05",142
"2019-11-01 18:46:10",142
"2019-11-01 19:46:02",142
"2019-11-01 20:46:03",142
"2019-11-01 21:46:01",142
"2019-11-01 22:46:01",142
"2019-11-01 23:46:02",142
"2019-11-02 00:46:06",142
"2019-11-02 01:46:03",142
"2019-11-02 02:46:02",142
"2019-11-02 03:46:08",142
"2019-11-02 04:46:02",142
"2019-11-02 05:46:03",142
"2019-11-02 06:46:05",142
"2019-11-02 07:46:01",142
"2019-11-02 08:46:02",142
"2019-11-02 09:46:01",142
"2019-11-02 10:46:06",142
"2019-11-02 11:46:01",142
"2019-11-02 12:46:09",142
"2019-11-02 13:46:03",142
"2019-11-02 14:46:04",142
"2019-11-02 15:46:07",142
"2019-11-02 16:46:02",142
"2019-11-02 17:46:02",142
"2019-11-02 18:46:04",142
"2019-11-02 19:46:02",142
"2019-11-02 20:46:02",142
"2019-11-02 23:46:05",142
"2019-11-03 00:46:01",142
"2019-11-03 01:46:04",142
"2019-11-03 03:46:05",142
"2019-11-03 05:46:06",142
"2019-11-03 06:46:02",142
"2019-11-03 07:46:03",142
"2019-11-03 21:46:06",142
"2019-11-03 22:46:01",142
"2019-11-03 23:46:07",142
"2019-11-04 00:46:02",142
"2019-11-04 01:46:03",142
"2019-11-04 02:46:02",142
"2019-11-04 03:46:01",142
"2019-11-04 04:46:01",142
"2019-11-04 05:46:06",142
"2019-11-04 06:46:03",142
"2019-11-04 07:46:00",142
"2019-11-04 08:46:02",142
"2019-11-04 09:46:04",142
"2019-11-04 10:46:01",142
"2019-11-04 11:46:01",142
"2019-11-04 12:46:01",142
"2019-11-04 14:11:36",142
"2019-11-04 15:46:03",144
"2019-11-04 16:46:04",144
"2019-11-04 17:46:04",144
"2019-11-04 18:46:03",144
"2019-11-04 19:46:06",144
"2019-11-04 20:46:03",145
"2019-11-04 21:46:04",145
"2019-11-04 22:46:03",145
"2019-11-04 23:46:03",145
"2019-11-05 00:46:04",145
"2019-11-05 01:46:03",145
"2019-11-05 02:46:07",145
"2019-11-05 03:46:04",145
"2019-11-05 04:46:02",145
"2019-11-05 05:46:07",145
"2019-11-05 06:46:03",145
"2019-11-05 07:46:02",145
"2019-11-05 08:46:04",145
"2019-11-05 09:46:06",145
"2019-11-05 10:46:03",145
"2019-11-05 11:46:03",145
"2019-11-05 12:46:02",145
"2019-11-05 14:11:37",145
"2019-11-05 14:46:10",145
"2019-11-05 15:46:04",145
"2019-11-05 16:46:04",145
"2019-11-05 17:46:04",144
"2019-11-05 18:46:03",144
"2019-11-05 19:46:06",144
"2019-11-05 20:46:07",144
"2019-11-05 21:46:04",144
"2019-11-05 22:46:05",144
"2019-11-05 23:46:03",144
"2019-11-06 00:46:03",144
"2019-11-06 01:46:05",144
"2019-11-06 02:46:35",144
"2019-11-06 03:46:05",144
"2019-11-06 04:46:09",144
"2019-11-06 05:46:04",144
"2019-11-06 06:46:10",144
"2019-11-06 07:46:02",144
"2019-11-06 08:46:03",144
"2019-11-06 09:46:06",144
"2019-11-06 10:46:06",144
"2019-11-06 11:46:03",144
"2019-11-06 12:46:03",144
"2019-11-06 13:46:03",144
"2019-11-06 14:46:10",144
"2019-11-06 15:46:06",144
"2019-11-06 16:46:07",144
"2019-11-06 17:46:06",144
"2019-11-06 18:46:06",144
"2019-11-06 19:46:06",144
"2019-11-06 20:46:10",144
"2019-11-06 21:46:07",144
"2019-11-06 22:46:05",144
"2019-11-06 23:46:06",144
"2019-11-07 00:46:04",144
"2019-11-07 01:46:04",144
"2019-11-07 02:46:06",144
"2019-11-07 03:46:05",144
"2019-11-07 04:46:08",144
"2019-11-07 05:46:06",144
"2019-11-07 06:46:04",144
"2019-11-07 07:46:06",144
"2019-11-07 08:46:05",144
"2019-11-07 09:46:06",144
"2019-11-07 10:46:03",144
"2019-11-07 11:46:03",144
"2019-11-07 12:46:04",144
"2019-11-07 14:10:06",144
"2019-11-07 14:46:38",144
"2019-11-07 15:46:08",144
"2019-11-07 16:46:08",144
"2019-11-07 17:46:08",144
"2019-11-07 18:46:07",144
"2019-11-07 19:46:07",144
"2019-11-07 21:10:42",144
"2019-11-07 21:46:08",144
"2019-11-07 22:46:11",144
"2019-11-07 23:46:12",144
"2019-11-08 00:46:15",144
"2019-11-08 01:46:10",144
"2019-11-08 02:46:16",144
"2019-11-08 03:46:13",144
"2019-11-08 04:46:12",144
"2019-11-08 05:46:15",144
"2019-11-08 06:46:08",144
"2019-11-08 07:46:09",144
"2019-11-08 08:46:15",144
"2019-11-08 09:46:11",144
"2019-11-08 10:46:11",144
"2019-11-08 11:46:08",144
"2019-11-08 12:46:09",144
"2019-11-08 14:11:46",143
"2019-11-08 14:46:46",143
"2019-11-08 15:46:10",143
"2019-11-08 16:46:10",143
"2019-11-08 17:46:11",143
"2019-11-08 18:46:11",143
"2019-11-08 19:46:15",143
"2019-11-08 20:46:10",143
"2019-11-08 21:46:12",143
"2019-11-08 22:46:11",143
"2019-11-08 23:46:12",143
"2019-11-09 00:46:13",143
"2019-11-09 01:46:12",143
"2019-11-09 02:46:12",143
"2019-11-09 03:46:11",143
"2019-11-09 04:46:14",143
"2019-11-09 05:46:09",143
"2019-11-09 06:46:10",143
"2019-11-09 07:46:12",143
"2019-11-09 08:46:13",143
"2019-11-09 09:46:11",143
"2019-11-09 10:46:09",143
"2019-11-09 11:46:14",143
"2019-11-09 12:46:10",143
"2019-11-09 13:46:09",143
"2019-11-09 14:46:13",143
"2019-11-09 15:46:15",143
"2019-11-09 16:46:10",143
"2019-11-09 18:46:09",143
"2019-11-09 19:46:11",143
"2019-11-09 20:46:14",143
"2019-11-09 21:46:10",143
"2019-11-09 22:46:15",143
"2019-11-09 23:46:11",143
"2019-11-10 00:46:10",143
"2019-11-10 01:46:11",143
"2019-11-10 02:46:13",143
"2019-11-10 03:46:09",143
"2019-11-10 04:46:11",143
"2019-11-10 05:46:11",143
"2019-11-10 06:46:09",143
"2019-11-10 07:46:07",143
"2019-11-10 08:46:15",143
"2019-11-10 09:46:13",143
"2019-11-10 10:46:08",143
"2019-11-10 11:46:09",143
"2019-11-10 12:46:11",143
"2019-11-10 13:46:09",143
"2019-11-10 14:46:08",143
"2019-11-10 15:46:13",143
"2019-11-10 16:46:09",143
"2019-11-10 17:46:10",143
"2019-11-10 18:46:12",143
"2019-11-10 19:46:09",143
"2019-11-10 20:46:09",143
"2019-11-10 21:46:08",143
"2019-11-10 22:46:12",143
"2019-11-10 23:46:13",143
"2019-11-11 00:46:10",143
"2019-11-11 01:46:13",143
"2019-11-11 02:46:11",143
"2019-11-11 03:46:12",143
"2019-11-11 04:46:12",143
"2019-11-11 05:46:15",143
"2019-11-11 06:46:10",143
"2019-11-11 07:46:12",143
"2019-11-11 08:46:15",143
"2019-11-11 09:46:13",143
"2019-11-11 10:46:13",143
"2019-11-11 11:46:10",143
"2019-11-11 12:46:13",143
"2019-11-11 13:46:13",143
"2019-11-11 14:46:17",143
"2019-11-11 15:46:18",144
"2019-11-11 16:46:13",144
"2019-11-11 17:46:15",144
"2019-11-11 18:46:18",144
"2019-11-11 19:46:13",144
"2019-11-11 21:46:12",144
"2019-11-11 22:46:10",144
"2019-11-11 23:46:11",144
"2019-11-12 00:46:08",144
"2019-11-12 01:46:09",144
"2019-11-12 02:46:16",144
"2019-11-12 03:46:11",144
"2019-11-12 04:46:09",144
"2019-11-12 05:46:14",144
"2019-11-12 06:46:10",144
"2019-11-12 07:46:13",144
"2019-11-12 08:46:09",144
"2019-11-12 09:46:09",144
"2019-11-12 10:46:08",144
"2019-11-12 11:46:13",144
"2019-11-12 12:46:14",144
"2019-11-12 14:10:14",144
"2019-11-12 14:46:16",144
"2019-11-12 15:46:10",143
"2019-11-12 16:46:11",143
"2019-11-12 17:46:13",142
"2019-11-12 18:46:15",142
"2019-11-12 19:46:09",142
"2019-11-12 20:46:08",142
"2019-11-12 21:46:10",142
"2019-11-12 22:46:15",142
"2019-11-12 23:46:10",142
"2019-11-13 00:46:16",142
"2019-11-13 01:46:10",142
"2019-11-13 02:46:12",142
"2019-11-13 03:46:14",142
"2019-11-13 04:46:11",142
"2019-11-13 05:46:20",142
"2019-11-13 06:46:10",142
"2019-11-13 07:46:18",142
"2019-11-13 08:46:13",142
"2019-11-13 09:46:11",142
"2019-11-13 10:46:10",142
"2019-11-13 11:46:16",142
"2019-11-13 12:46:09",142
"2019-11-13 13:46:10",142
"2019-11-13 15:46:18",142
"2019-11-13 16:46:11",141
"2019-11-13 17:46:12",141
"2019-11-13 18:46:16",141
"2019-11-13 19:46:10",141
"2019-11-13 20:46:10",141
"2019-11-13 21:46:09",141
"2019-11-13 22:46:12",141
"2019-11-13 23:46:12",141
"2019-11-14 00:46:11",141
"2019-11-14 01:46:09",141
"2019-11-14 02:46:17",141
"2019-11-14 03:46:09",141
"2019-11-14 04:46:10",141
"2019-11-14 05:46:17",141
"2019-11-14 06:46:09",141
"2019-11-14 07:46:17",141
"2019-11-14 08:46:14",141
"2019-11-14 09:46:15",141
"2019-11-14 10:46:14",141
"2019-11-14 11:46:17",141
"2019-11-14 12:46:09",141
"2019-11-14 14:09:50",141
"2019-11-14 14:46:14",141
"2019-11-14 15:46:11",141
"2019-11-14 17:46:12",141
"2019-11-14 18:46:10",141
"2019-11-14 19:46:11",141
"2019-11-14 20:46:11",141
"2019-11-14 21:46:17",141
"2019-11-14 22:46:09",141
"2019-11-14 23:46:12",141
"2019-11-15 00:46:11",141
"2019-11-15 01:46:11",141
"2019-11-15 02:46:10",141
"2019-11-15 03:46:11",141
"2019-11-15 04:46:12",141
"2019-11-15 05:46:12",141
"2019-11-15 06:46:13",141
"2019-11-15 07:46:10",141
"2019-11-15 08:46:20",141
"2019-11-15 09:46:10",141
"2019-11-15 10:46:10",141
"2019-11-15 11:46:09",141
"2019-11-15 12:46:16",141
"2019-11-15 14:12:43",141
"2019-11-15 15:46:19",143
"2019-11-15 16:46:09",143
"2019-11-15 17:46:11",144
"2019-11-15 18:46:19",144
"2019-11-15 19:46:13",144
"2019-11-15 20:46:15",144
"2019-11-15 21:46:08",144
"2019-11-15 22:46:11",144
"2019-11-15 23:46:11",144
"2019-11-16 00:46:13",144
"2019-11-16 01:46:09",144
"2019-11-16 02:46:12",144
"2019-11-16 03:46:09",144
"2019-11-16 04:46:12",144
"2019-11-16 05:46:10",144
"2019-11-16 06:46:12",144
"2019-11-16 07:46:10",144
"2019-11-16 08:46:12",144
"2019-11-16 09:46:16",144
"2019-11-16 10:46:08",144
"2019-11-16 11:46:09",144
"2019-11-16 12:46:15",144
"2019-11-16 13:46:13",144
"2019-11-16 14:46:11",144
"2019-11-16 15:46:10",144
"2019-11-16 16:46:10",144
"2019-11-16 17:46:12",144
"2019-11-16 18:46:09",144
"2019-11-16 19:46:09",144
"2019-11-16 20:46:07",144
"2019-11-16 21:46:08",144
"2019-11-16 22:46:09",144
"2019-11-16 23:46:07",144
"2019-11-17 00:46:08",144
"2019-11-17 01:46:06",144
"2019-11-17 02:46:13",144
"2019-11-17 03:46:08",144
"2019-11-17 04:46:10",144
"2019-11-17 05:46:10",144
"2019-11-17 06:46:11",144
"2019-11-17 07:46:12",144
"2019-11-17 08:46:09",144
"2019-11-17 10:46:16",144
"2019-11-17 11:46:13",144
"2019-11-17 12:46:09",144
"2019-11-17 13:46:10",144
"2019-11-17 14:46:08",144
"2019-11-17 15:46:07",144
"2019-11-17 16:46:10",144
"2019-11-17 17:46:06",144
"2019-11-17 18:46:07",144
"2019-11-17 19:46:08",144
"2019-11-17 20:46:12",144
"2019-11-17 21:46:13",144
"2019-11-17 22:46:09",144
"2019-11-17 23:46:12",144
"2019-11-18 00:46:07",144
"2019-11-18 01:46:07",144
"2019-11-18 02:46:10",144
"2019-11-18 03:46:08",144
"2019-11-18 04:46:07",144
"2019-11-18 05:46:10",144
"2019-11-18 06:46:06",144
"2019-11-18 07:46:09",144
"2019-11-18 08:46:15",144
"2019-11-18 09:46:15",144
"2019-11-18 10:46:11",144
"2019-11-18 11:46:08",144
"2019-11-18 12:46:11",144
"2019-11-18 14:11:16",144
"2019-11-18 14:46:10",144
"2019-11-18 15:46:15",144
"2019-11-18 16:46:12",145
"2019-11-18 17:46:15",145
"2019-11-18 18:46:14",145
"2019-11-18 19:46:10",145
"2019-11-18 20:46:14",145
"2019-11-18 21:46:12",145
"2019-11-18 22:46:08",145
"2019-11-18 23:46:12",145
"2019-11-19 00:46:10",145
"2019-11-19 01:46:10",145
"2019-11-19 02:46:09",145
"2019-11-19 03:46:09",145
"2019-11-19 04:46:11",145
"2019-11-19 05:46:07",145
"2019-11-19 06:46:11",145
"2019-11-19 07:46:09",145
"2019-11-19 08:46:10",145
"2019-11-19 09:46:15",145
"2019-11-19 10:46:09",145
"2019-11-19 11:46:08",145
"2019-11-19 12:46:09",145
"2019-11-19 14:11:15",145
"2019-11-19 14:46:12",145
"2019-11-19 15:46:12",144
"2019-11-19 16:46:09",142
"2019-11-19 17:46:17",142
"2019-11-19 18:46:08",142
"2019-11-19 19:46:12",142
"2019-11-19 20:46:11",142
"2019-11-19 21:46:14",142
"2019-11-19 22:46:10",142
"2019-11-19 23:46:11",142
"2019-11-20 00:46:12",142
"2019-11-20 01:46:11",142
"2019-11-20 02:46:12",142
"2019-11-20 03:46:12",142
"2019-11-20 04:46:10",142
"2019-11-20 05:46:12",142
"2019-11-20 06:46:12",142
"2019-11-20 07:46:13",142
"2019-11-20 08:46:18",142
"2019-11-20 09:46:21",142
"2019-11-20 10:46:21",142
"2019-11-20 11:46:19",142
"2019-11-20 12:46:19",142
"2019-11-20 14:10:50",142
"2019-11-20 14:46:20",142
"2019-11-20 15:46:17",142
"2019-11-20 16:46:17",143
"2019-11-20 22:46:15",144
"2019-11-20 23:46:09",144
"2019-11-21 00:46:08",144
"2019-11-21 01:46:09",144
"2019-11-21 02:46:12",144
"2019-11-21 03:46:10",144
"2019-11-21 04:46:08",144
"2019-11-21 05:46:10",144
"2019-11-21 06:46:12",144
"2019-11-21 07:46:07",144
"2019-11-21 08:46:08",144
"2019-11-21 09:46:10",144
"2019-11-21 10:46:10",144
"2019-11-21 11:46:09",144
"2019-11-21 12:46:08",144
"2019-11-21 14:10:12",144
"2019-11-21 14:46:15",144
"2019-11-21 15:46:08",143
"2019-11-21 16:46:10",143
"2019-11-21 17:46:11",143
"2019-11-21 18:46:07",143
"2019-11-21 19:46:08",143
"2019-11-21 20:46:08",143
"2019-11-21 21:46:09",143
"2019-11-21 22:46:09",143
"2019-11-21 23:46:10",143
"2019-11-22 00:46:10",143
"2019-11-22 01:46:14",143
"2019-11-22 02:46:09",143
"2019-11-22 03:46:09",143
"2019-11-22 04:46:08",143
"2019-11-22 05:46:13",143
"2019-11-22 06:46:10",143
"2019-11-22 07:46:13",143
"2019-11-22 08:46:16",143
"2019-11-22 09:46:16",143
"2019-11-22 10:46:14",143
"2019-11-22 11:46:10",143
"2019-11-22 12:47:09",143
"2019-11-22 13:46:07",143
"2019-11-22 14:46:11",143
"2019-11-22 15:46:06",142
"2019-11-22 16:46:07",142
"2019-11-22 17:46:12",142
"2019-11-22 18:46:12",142
"2019-11-22 19:46:08",142
"2019-11-22 20:46:09",142
"2019-11-22 21:46:08",142
"2019-11-22 22:46:07",142
"2019-11-22 23:46:10",142
"2019-11-23 00:46:16",142
"2019-11-23 01:46:08",142
"2019-11-23 02:46:07",142
"2019-11-23 03:46:07",142
"2019-11-23 04:46:13",142
"2019-11-23 05:46:08",142
"2019-11-23 06:46:10",142
"2019-11-23 07:46:10",142
"2019-11-23 08:46:10",142
"2019-11-23 09:46:11",142
"2019-11-23 10:46:11",142
"2019-11-23 11:46:06",142
"2019-11-23 12:46:07",142
"2019-11-23 13:46:07",142
"2019-11-23 14:46:08",142
"2019-11-23 15:46:08",142
"2019-11-23 16:46:07",142
"2019-11-23 17:46:09",142
"2019-11-23 18:46:08",142
"2019-11-23 19:46:09",142
"2019-11-23 20:46:05",142
"2019-11-23 21:46:09",142
"2019-11-23 22:46:05",142
"2019-11-23 23:46:06",142
"2019-11-24 00:46:10",142
"2019-11-24 01:46:06",142
"2019-11-24 02:46:06",142
"2019-11-24 03:46:06",142
"2019-11-24 04:46:05",142
"2019-11-24 05:46:06",142
"2019-11-24 06:46:07",142
"2019-11-24 07:46:04",142
"2019-11-24 08:46:08",142
"2019-11-24 09:46:12",142
"2019-11-24 10:46:10",142
"2019-11-24 11:46:08",142
"2019-11-24 12:46:05",142
"2019-11-24 13:46:05",142
"2019-11-24 14:46:07",142
"2019-11-24 15:46:08",142
"2019-11-24 16:46:07",142
"2019-11-24 17:46:06",142
"2019-11-24 18:46:09",142
"2019-11-24 19:46:06",142
"2019-11-24 20:46:09",142
"2019-11-24 21:46:06",142
"2019-11-24 22:46:11",142
"2019-11-24 23:46:07",142
"2019-11-25 00:46:08",142
"2019-11-25 01:46:11",142
"2019-11-25 02:46:08",142
"2019-11-25 04:46:06",142
"2019-11-25 05:46:08",142
"2019-11-25 06:46:07",142
"2019-11-25 07:46:08",142
"2019-11-25 08:46:14",142
"2019-11-25 09:46:14",142
"2019-11-25 10:46:13",142
"2019-11-25 11:46:11",142
"2019-11-25 12:46:12",142
"2019-11-25 13:46:07",142
"2019-11-25 14:46:09",142
"2019-11-25 15:46:12",143
"2019-11-25 16:46:08",143
"2019-11-25 17:46:14",143
"2019-11-25 18:46:07",143
"2019-11-25 19:46:10",143
"2019-11-25 20:46:10",142
"2019-11-25 21:46:07",142
"2019-11-25 22:46:15",142
"2019-11-25 23:46:08",142
"2019-11-26 00:46:10",142
"2019-11-26 01:46:09",142
"2019-11-26 02:46:11",142
"2019-11-26 03:46:10",142
"2019-11-26 04:46:08",142
"2019-11-26 05:46:14",142
"2019-11-26 06:46:19",142
"2019-11-26 07:46:10",142
"2019-11-26 08:46:13",142
"2019-11-26 20:46:14",142
"2019-11-26 21:46:11",142
"2019-11-26 22:46:16",142
"2019-11-26 23:46:10",142
"2019-11-27 00:46:14",142
"2019-11-27 01:46:10",142
"2019-11-27 02:46:08",142
"2019-11-27 03:46:11",142
"2019-11-27 04:46:09",142
"2019-11-27 05:46:11",142
"2019-11-27 06:46:11",142
"2019-11-27 07:46:10",142
"2019-11-27 08:46:18",142
"2019-11-27 09:46:18",142
"2019-11-27 10:46:08",142
"2019-11-27 11:46:06",142
"2019-11-27 12:46:16",142
"2019-11-27 13:46:08",142
"2019-11-27 14:46:12",142
"2019-11-27 15:46:17",143
"2019-11-27 16:46:12",143
"2019-11-27 17:46:10",143
"2019-11-27 18:46:12",143
"2019-11-27 19:46:12",143
"2019-11-27 20:46:09",143
"2019-11-27 21:46:09",143
"2019-11-27 22:46:12",143
"2019-11-27 23:46:11",143
"2019-11-28 00:46:11",143
"2019-11-28 01:46:12",143
"2019-11-28 02:46:16",143
"2019-11-28 03:46:13",143
"2019-11-28 04:46:12",143
"2019-11-28 05:46:09",143
"2019-11-28 06:46:10",143
"2019-11-28 07:46:13",143
"2019-11-28 08:46:11",143
"2019-11-28 09:46:18",143
"2019-11-28 10:46:14",143
"2019-11-28 11:46:10",143
"2019-11-28 12:46:09",143
"2019-11-28 13:46:08",143
"2019-11-28 14:46:09",143
"2019-11-28 15:46:10",143
"2019-11-28 16:46:09",143
"2019-11-28 17:46:11",143
"2019-11-28 18:46:10",143
"2019-11-28 19:46:08",143
"2019-11-28 20:46:07",143
"2019-11-28 21:46:09",143
"2019-11-28 22:46:08",143
"2019-11-28 23:46:10",143
"2019-11-29 00:46:09",143
"2019-11-29 01:46:09",143
"2019-11-29 02:46:09",143
"2019-11-29 04:46:13",143
"2019-11-29 05:46:12",143
"2019-11-29 06:46:09",143
"2019-11-29 07:46:12",143
"2019-11-29 08:46:21",143
"2019-11-29 09:46:24",143
"2019-11-29 10:46:32",143
"2019-11-29 11:46:16",143
"2019-11-29 12:46:16",143
"2019-11-29 13:46:20",143
"2019-11-29 14:46:21",143
"2019-11-29 15:46:18",143
"2019-11-29 16:46:21",143
"2019-11-29 17:46:24",143
"2019-11-29 18:46:19",143
"2019-11-29 20:46:17",143
"2019-11-29 21:46:09",143
"2019-11-29 22:46:19",143
"2019-11-29 23:46:15",143
"2019-11-30 00:46:11",143
"2019-11-30 01:46:10",143
"2019-11-30 02:46:12",143
"2019-11-30 03:46:13",143
"2019-11-30 04:46:14",143
"2019-11-30 05:46:17",143
"2019-11-30 06:46:15",143
"2019-11-30 07:46:15",143
"2019-11-30 08:46:13",143
"2019-11-30 21:46:41",143
"2019-11-30 22:46:20",143
"2019-11-30 23:46:14",143
"2019-12-01 00:46:16",143
"2019-12-01 01:46:10",143
"2019-12-01 02:46:19",143
"2019-12-01 22:46:24",143
"2019-12-01 23:46:10",143
"2019-12-02 00:46:08",143
"2019-12-02 01:46:15",143
"2019-12-02 02:46:13",143
"2019-12-02 06:20:16",143
"2019-12-02 06:48:52",143
"2019-12-02 07:48:57",143
"2019-12-02 08:48:48",143
"2019-12-02 09:48:48",143
"2019-12-02 10:48:50",143
"2019-12-02 11:48:50",143
"2019-12-02 12:48:44",143
"2019-12-02 14:10:57",143
"2019-12-02 14:48:54",143
"2019-12-02 15:48:58",143
"2019-12-02 16:48:50",144
"2019-12-02 17:49:17",144
"2019-12-02 18:49:14",144
"2019-12-02 19:49:16",144
"2019-12-02 20:49:10",144
"2019-12-02 21:49:14",145
"2019-12-02 22:49:40",145
"2019-12-02 23:49:16",145
"2019-12-03 00:48:57",145
"2019-12-03 01:49:16",145
"2019-12-03 02:49:11",145
"2019-12-03 03:49:14",145
"2019-12-03 04:49:15",145
"2019-12-03 05:49:17",145
"2019-12-03 06:48:51",145
"2019-12-03 07:48:48",145
"2019-12-03 08:48:48",145
"2019-12-03 09:49:09",145
"2019-12-03 10:49:14",145
"2019-12-03 11:48:58",145
"2019-12-03 12:48:45",145
"2019-12-03 13:48:42",145
"2019-12-03 14:49:15",145
"2019-12-03 15:48:48",146
"2019-12-03 16:49:14",146
"2019-12-03 17:49:11",146
"2019-12-03 18:49:10",146
"2019-12-03 19:49:09",146
"2019-12-03 20:49:11",146
"2019-12-03 21:49:45",146
"2019-12-03 22:49:14",146
"2019-12-03 23:49:35",146
"2019-12-04 00:49:53",146
"2019-12-04 01:49:57",146
"2019-12-04 02:49:37",146
"2019-12-04 03:49:23",146
"2019-12-04 04:49:20",146
"2019-12-04 06:49:24",146
"2019-12-04 07:49:21",146
"2019-12-04 08:48:59",146
"2019-12-04 09:49:00",146
"2019-12-04 10:48:55",146
"2019-12-04 11:48:59",146
"2019-12-04 12:48:57",146
"2019-12-04 14:10:29",146
"2019-12-04 14:49:32",146
"2019-12-04 15:49:28",147
"2019-12-04 16:49:21",147
"2019-12-04 17:49:22",147
"2019-12-04 18:49:21",147
"2019-12-04 19:49:23",147
"2019-12-04 20:49:19",147
"2019-12-04 21:49:15",147
"2019-12-04 22:49:14",147
"2019-12-04 23:49:16",147
"2019-12-05 00:49:20",147
"2019-12-05 01:49:20",147
"2019-12-05 02:49:19",147
"2019-12-05 03:49:19",147
"2019-12-05 04:49:18",147
"2019-12-05 06:49:18",147
"2019-12-05 07:48:51",147
"2019-12-05 08:49:15",147
"2019-12-05 09:48:46",147
"2019-12-05 10:48:46",147
"2019-12-05 11:48:47",147
"2019-12-05 12:48:45",147
"2019-12-05 13:49:13",147
"2019-12-05 14:49:20",147
"2019-12-05 15:49:14",148
"2019-12-05 16:49:14",148
"2019-12-05 17:49:14",148
"2019-12-05 18:49:15",148
"2019-12-05 20:11:00",148
"2019-12-05 20:49:28",148
"2019-12-05 21:49:14",148
"2019-12-05 22:49:15",148
"2019-12-05 23:48:54",148
"2019-12-06 00:49:16",148
"2019-12-06 01:49:14",148
"2019-12-06 02:49:22",148
"2019-12-06 03:49:17",148
"2019-12-06 04:49:13",148
"2019-12-06 05:49:29",148
"2019-12-06 06:49:28",148
"2019-12-06 07:49:20",148
"2019-12-06 08:49:17",148
"2019-12-06 09:49:08",148
"2019-12-06 10:49:16",148
"2019-12-06 11:49:08",148
"2019-12-06 12:48:57",148
"2019-12-06 13:50:30",148
"2019-12-06 14:49:26",148
"2019-12-06 15:49:52",148
"2019-12-06 16:49:19",147
"2019-12-06 17:49:15",147
"2019-12-06 18:49:15",146
"2019-12-06 19:49:18",146
"2019-12-06 20:49:16",146
"2019-12-06 21:48:47",146
"2019-12-06 22:48:50",146
"2019-12-06 23:48:54",146
"2019-12-07 00:49:03",146
"2019-12-07 01:49:56",146
"2019-12-07 02:49:19",146
"2019-12-07 03:49:17",146
"2019-12-07 04:48:58",146
"2019-12-07 05:49:43",146
"2019-12-07 06:48:52",146
"2019-12-07 07:48:55",146
"2019-12-07 08:48:51",146
"2019-12-07 09:48:50",146
"2019-12-07 10:48:49",146
"2019-12-07 11:48:49",146
"2019-12-07 12:49:06",146
"2019-12-07 13:49:43",146
"2019-12-07 14:49:21",146
"2019-12-07 15:49:22",146
"2019-12-07 16:49:17",146
"2019-12-07 17:49:22",146
"2019-12-07 18:49:17",146
"2019-12-07 19:48:53",146
"2019-12-07 20:49:17",146
"2019-12-07 21:49:23",146
"2019-12-07 22:48:56",146
"2019-12-07 23:48:52",146
"2019-12-08 00:49:13",146
"2019-12-08 01:48:50",146
"2019-12-08 02:49:21",146
"2019-12-08 03:49:18",146
"2019-12-08 04:49:13",146
"2019-12-08 05:49:21",146
"2019-12-08 06:49:20",146
"2019-12-08 07:49:17",146
"2019-12-08 08:49:16",146
"2019-12-08 09:49:15",146
"2019-12-08 10:49:17",146
"2019-12-08 11:48:50",146
"2019-12-08 12:48:58",146
"2019-12-08 13:49:12",146
"2019-12-08 14:49:12",146
"2019-12-08 15:48:53",146
"2019-12-08 16:49:16",146
"2019-12-08 17:49:20",146
"2019-12-08 18:48:50",146
"2019-12-08 19:49:11",146
"2019-12-08 20:49:13",146
"2019-12-08 21:49:19",146
"2019-12-08 22:49:19",146
"2019-12-08 23:49:18",146
"2019-12-09 00:49:17",146
"2019-12-09 01:48:50",146
"2019-12-09 02:49:14",146
"2019-12-09 03:49:25",146
"2019-12-09 04:48:54",146
"2019-12-09 05:48:58",146
"2019-12-09 06:49:17",146
"2019-12-09 07:48:55",146
"2019-12-09 08:48:54",146
"2019-12-09 09:48:47",146
"2019-12-09 10:48:50",146
"2019-12-09 11:48:45",146
"2019-12-09 12:48:56",146
"2019-12-09 14:11:29",146
"2019-12-09 14:49:05",146
"2019-12-09 15:49:06",146
"2019-12-09 16:49:30",146
"2019-12-09 17:49:37",146
"2019-12-09 18:49:05",146
"2019-12-09 19:48:50",146
"2019-12-09 20:49:28",147
"2019-12-09 21:49:22",147
"2019-12-09 22:48:52",147
"2019-12-09 23:49:13",147
"2019-12-10 00:49:28",147
"2019-12-10 01:49:15",147
"2019-12-10 02:49:21",147
"2019-12-10 03:49:26",147
"2019-12-10 04:49:19",147
"2019-12-10 05:49:28",147
"2019-12-10 06:49:23",147
"2019-12-10 07:49:18",147
"2019-12-10 08:49:23",147
"2019-12-10 09:48:53",147
"2019-12-10 10:48:53",147
"2019-12-10 11:48:51",147
"2019-12-10 12:49:26",147
"2019-12-10 13:48:50",147
"2019-12-10 14:48:57",147
"2019-12-10 15:48:57",146
"2019-12-10 16:49:31",146
"2019-12-10 17:49:16",146
"2019-12-10 18:49:14",146
"2019-12-10 19:48:55",146
"2019-12-10 20:49:17",146
"2019-12-10 21:49:15",146
"2019-12-10 22:49:24",146
"2019-12-10 23:49:30",146
"2019-12-11 00:49:30",146
"2019-12-11 01:49:33",146
"2019-12-11 02:49:45",146
"2019-12-11 03:49:21",146
"2019-12-11 04:49:29",146
"2019-12-11 05:49:28",146
"2019-12-11 06:49:04",146
"2019-12-11 07:49:03",146
"2019-12-11 08:49:18",146
"2019-12-11 09:49:01",146
"2019-12-11 10:49:05",146
"2019-12-11 11:49:12",146
"2019-12-11 12:49:26",146
"2019-12-11 13:49:12",146
"2019-12-11 14:49:56",146
"2019-12-11 15:49:09",146
"2019-12-11 16:49:30",146
"2019-12-11 17:49:37",145
"2019-12-11 18:49:30",145
"2019-12-11 19:49:38",145
"2019-12-11 20:49:35",145
"2019-12-11 21:49:22",145
"2019-12-11 22:49:26",145
"2019-12-11 23:49:31",145
"2019-12-12 00:49:08",145
"2019-12-12 01:49:52",145
"2019-12-12 02:49:30",145
"2019-12-12 03:49:08",145
"2019-12-12 04:49:29",145
"2019-12-12 05:49:27",144
"2019-12-12 06:49:33",144
"2019-12-12 07:49:25",144
"2019-12-12 08:49:04",144
"2019-12-12 09:49:21",144
"2019-12-12 10:49:21",144
"2019-12-12 11:49:05",144
"2019-12-12 12:49:01",144
"2019-12-12 14:09:59",144
"2019-12-12 15:49:12",144
"2019-12-12 16:49:31",144
"2019-12-12 17:49:07",144
"2019-12-12 18:49:06",144
"2019-12-12 19:49:11",144
"2019-12-12 20:49:16",144
"2019-12-12 21:49:06",144
"2019-12-12 22:49:05",144
"2019-12-12 23:49:14",144
"2019-12-13 00:50:16",144
"2019-12-13 01:50:43",144
"2019-12-13 02:50:36",144
"2019-12-13 03:50:50",144
"2019-12-13 04:50:37",144
"2019-12-13 05:50:57",144
"2019-12-13 06:51:09",144
"2019-12-13 08:50:18",144
"2019-12-13 09:50:28",144
"2019-12-13 10:49:54",144
"2019-12-13 11:50:07",144
"2019-12-13 12:50:23",144
"2019-12-13 14:42:08",144
"2019-12-13 14:51:20",144
"2019-12-13 15:50:54",144
"2019-12-13 16:50:30",144
"2019-12-13 17:50:38",144
"2019-12-13 18:50:38",144
"2019-12-13 19:50:27",144
"2019-12-13 20:51:04",144
"2019-12-13 21:50:22",144
"2019-12-13 22:50:23",144
"2019-12-13 23:50:04",144
"2019-12-14 00:50:24",144
"2019-12-14 01:50:18",144
"2019-12-14 02:50:26",144
"2019-12-14 03:50:15",144
"2019-12-14 04:50:29",144
"2019-12-14 05:50:32",144
"2019-12-14 06:50:24",144
"2019-12-14 07:49:49",144
"2019-12-14 08:50:13",144
"2019-12-14 09:49:59",144
"2019-12-14 10:49:55",144
"2019-12-14 11:50:02",144
"2019-12-14 12:49:59",144
"2019-12-14 13:50:47",144
"2019-12-14 14:50:19",144
"2019-12-14 15:50:30",144
"2019-12-14 16:50:37",144
"2019-12-14 17:50:19",144
"2019-12-14 18:50:37",144
"2019-12-14 19:50:15",144
"2019-12-14 22:50:34",144
"2019-12-14 23:50:15",144
"2019-12-15 00:50:25",144
"2019-12-15 01:50:49",144
"2019-12-15 02:50:35",144
"2019-12-15 03:50:24",144
"2019-12-15 04:50:38",144
"2019-12-15 05:49:57",144
"2019-12-15 06:50:25",144
"2019-12-15 07:50:04",144
"2019-12-15 08:50:03",144
"2019-12-15 09:49:45",144
"2019-12-15 10:49:51",144
"2019-12-15 11:50:10",144
"2019-12-15 13:50:04",144
"2019-12-15 14:49:56",144
"2019-12-15 15:50:42",144
"2019-12-15 16:50:22",144
"2019-12-15 17:50:32",144
"2019-12-15 19:50:20",144
"2019-12-15 20:50:24",144
"2019-12-15 21:50:15",144
"2019-12-15 22:50:05",144
"2019-12-15 23:50:30",144
"2019-12-16 00:50:20",144
"2019-12-16 01:50:44",144
"2019-12-16 02:50:15",144
"2019-12-16 04:51:12",144
"2019-12-16 05:50:39",144
"2019-12-16 06:50:37",144
"2019-12-16 07:50:03",144
"2019-12-16 08:49:50",144
"2019-12-16 09:50:02",144
"2019-12-16 10:49:58",144
"2019-12-16 11:50:13",144
"2019-12-16 12:50:13",144
"2019-12-16 13:50:16",144
"2019-12-16 14:52:42",144
"2019-12-16 16:09:29",144
"2019-12-16 16:51:09",144
"2019-12-16 17:50:45",144
"2019-12-16 18:50:55",144
"2019-12-16 19:50:31",144
"2019-12-16 20:50:35",144
"2019-12-16 21:50:27",144
"2019-12-16 22:50:29",144
"2019-12-16 23:50:11",144
"2019-12-17 00:50:08",144
"2019-12-17 01:50:27",144
"2019-12-17 02:50:50",144
"2019-12-17 03:50:32",144
"2019-12-17 05:50:38",144
"2019-12-17 06:50:46",144
"2019-12-17 07:50:15",144
"2019-12-17 08:50:40",144
"2019-12-17 09:49:54",144
"2019-12-17 10:50:06",144
"2019-12-17 11:49:52",144
"2019-12-17 12:49:54",144
"2019-12-17 14:10:59",144
"2019-12-17 14:51:27",144
"2019-12-17 15:51:04",144
"2019-12-17 16:50:35",144
"2019-12-17 17:50:46",144
"2019-12-17 18:50:32",143
"2019-12-17 19:50:55",142
"2019-12-17 20:50:52",142
"2019-12-17 21:50:15",142
"2019-12-17 22:50:27",142
"2019-12-17 23:50:33",142
"2019-12-18 01:51:13",142
"2019-12-18 02:50:44",142
"2019-12-18 03:50:27",142
"2019-12-18 04:50:00",142
"2019-12-18 05:50:31",142
"2019-12-18 06:50:17",142
"2019-12-18 07:50:04",142
"2019-12-18 08:50:26",142
"2019-12-18 09:50:00",142
"2019-12-18 10:50:00",142
"2019-12-18 11:50:07",142
"2019-12-18 12:50:00",142
"2019-12-18 14:09:59",142
"2019-12-18 14:51:34",142
"2019-12-18 15:50:43",142
"2019-12-18 16:50:40",142
"2019-12-18 17:50:53",142
"2019-12-18 18:50:40",142
"2019-12-18 19:50:28",142
"2019-12-18 20:50:37",143
"2019-12-18 21:50:13",143
"2019-12-18 22:50:26",143
"2019-12-18 23:50:19",143
"2019-12-19 00:50:31",143
"2019-12-19 01:50:18",143
"2019-12-19 02:50:43",143
"2019-12-19 03:50:15",143
"2019-12-19 04:50:23",143
"2019-12-19 05:50:06",143
"2019-12-19 06:50:43",143
"2019-12-19 07:50:20",143
"2019-12-19 08:50:00",143
"2019-12-19 09:49:59",143
"2019-12-19 10:49:48",143
"2019-12-19 11:49:47",143
"2019-12-19 12:50:09",143
"2019-12-19 14:11:31",143
"2019-12-19 14:51:14",143
"2019-12-19 15:51:42",143
"2019-12-19 16:51:09",144
"2019-12-19 17:51:01",144
"2019-12-19 18:50:47",144
"2019-12-19 19:50:49",145
"2019-12-19 21:11:33",145
"2019-12-19 21:50:44",145
"2019-12-19 22:50:49",145
"2019-12-19 23:50:56",145
"2019-12-20 00:50:48",145
"2019-12-20 01:50:42",145
"2019-12-20 02:50:42",145
"2019-12-20 03:50:45",145
"2019-12-20 04:51:01",145
"2019-12-20 05:50:41",145
"2019-12-20 06:51:05",145
"2019-12-20 07:50:46",145
"2019-12-20 08:50:41",145
"2019-12-20 09:50:34",145
"2019-12-20 10:49:47",145
"2019-12-20 11:50:23",145
"2019-12-20 12:50:37",145
"2019-12-20 14:10:30",145
"2019-12-20 14:52:02",145
"2019-12-20 15:51:45",145
"2019-12-20 16:51:39",145
"2019-12-20 17:51:33",145
"2019-12-20 18:51:16",145
"2019-12-20 19:51:32",145
"2019-12-20 20:51:31",145
"2019-12-20 21:50:52",145
"2019-12-20 22:50:46",145
"2019-12-20 23:50:55",145
"2019-12-21 00:50:40",145
"2019-12-21 01:50:53",145
"2019-12-21 02:51:18",145
"2019-12-21 03:50:38",145
"2019-12-21 04:51:01",145
"2019-12-21 05:50:21",145
"2019-12-21 06:50:35",145
"2019-12-21 07:50:34",145
"2019-12-21 08:50:25",145
"2019-12-21 09:49:59",145
"2019-12-21 10:50:01",145
"2019-12-21 11:49:45",145
"2019-12-21 12:50:16",145
"2019-12-21 13:50:14",145
"2019-12-21 14:50:25",145
"2019-12-21 15:50:21",145
"2019-12-21 16:50:55",145
"2019-12-21 17:50:21",145
"2019-12-21 18:50:16",145
"2019-12-21 19:50:22",145
"2019-12-21 20:50:15",145
"2019-12-21 22:50:56",145
"2019-12-21 23:49:58",145
"2019-12-22 00:50:12",145
"2019-12-22 01:50:09",145
"2019-12-22 02:50:18",145
"2019-12-22 04:50:32",145
"2019-12-22 05:50:11",145
"2019-12-22 06:49:51",145
"2019-12-22 07:50:06",145
"2019-12-22 08:50:08",145
"2019-12-22 09:49:51",145
"2019-12-22 10:49:54",145
"2019-12-22 11:49:40",145
"2019-12-22 12:49:56",145
"2019-12-22 13:50:09",145
"2019-12-22 14:50:16",145
"2019-12-22 15:50:43",145
"2019-12-22 16:50:26",145
"2019-12-22 17:50:15",145
"2019-12-22 18:50:15",145
"2019-12-22 19:50:48",145
"2019-12-22 20:50:42",145
"2019-12-22 22:50:12",145
"2019-12-22 23:50:35",145
"2019-12-23 00:50:44",145
"2019-12-23 01:50:51",145
"2019-12-23 02:50:32",145
"2019-12-23 03:50:42",145
"2019-12-23 04:50:53",145
"2019-12-23 05:50:31",145
"2019-12-23 06:50:32",145
"2019-12-23 07:50:01",145
"2019-12-23 08:50:08",145
"2019-12-23 09:49:47",145
"2019-12-23 10:49:54",145
"2019-12-23 11:50:09",145
"2019-12-23 12:50:15",145
"2019-12-23 14:11:34",145
"2019-12-23 14:52:02",145
"2019-12-23 15:50:52",145
"2019-12-23 16:50:39",145
"2019-12-23 17:51:02",145
"2019-12-23 18:50:57",145
"2019-12-23 19:51:00",145
"2019-12-23 20:51:05",145
"2019-12-23 21:50:52",145
"2019-12-23 22:50:34",145
"2019-12-23 23:50:47",145
"2019-12-24 00:50:20",145
"2019-12-24 01:50:29",145
"2019-12-24 02:50:56",145
"2019-12-24 03:51:06",145
"2019-12-24 04:50:57",145
"2019-12-24 05:50:25",145
"2019-12-24 06:50:53",145
"2019-12-24 07:50:08",145
"2019-12-24 08:50:22",145
"2019-12-24 09:50:08",145
"2019-12-24 10:49:44",145
"2019-12-24 11:50:05",145
"2019-12-24 12:49:57",145
"2019-12-24 13:50:07",145
"2019-12-24 14:51:47",145
"2019-12-24 15:50:42",144
"2019-12-24 16:50:24",144
"2019-12-24 17:50:26",144
"2019-12-24 18:50:18",143
"2019-12-24 20:50:09",143
"2019-12-24 21:50:07",143
"2019-12-24 22:50:54",143
"2019-12-24 23:50:26",143
"2019-12-25 00:50:40",143
"2019-12-25 01:50:01",143
"2019-12-25 02:50:01",143
"2019-12-25 03:50:28",143
"2019-12-25 04:50:40",143
"2019-12-25 05:50:36",143
"2019-12-25 06:50:24",143
"2019-12-25 07:50:18",143
"2019-12-25 08:50:41",143
"2019-12-25 09:50:09",143
"2019-12-25 10:49:59",143
"2019-12-25 11:49:54",143
"2019-12-25 12:49:51",143
"2019-12-25 13:49:59",143
"2019-12-25 14:50:21",143
"2019-12-25 15:50:37",143
"2019-12-25 16:50:21",143
"2019-12-25 17:50:37",143
"2019-12-25 18:50:07",143
"2019-12-25 19:50:08",143
"2019-12-25 20:50:09",143
"2019-12-25 21:50:13",143
"2019-12-25 22:50:11",143
"2019-12-25 23:50:15",143
"2019-12-26 00:50:28",143
"2019-12-26 01:50:34",143
"2019-12-26 02:50:48",143
"2019-12-26 03:50:53",143
"2019-12-26 04:50:59",143
"2019-12-26 05:50:27",143
"2019-12-26 06:50:39",143
"2019-12-26 07:50:32",143
"2019-12-26 08:49:57",143
"2019-12-26 09:49:53",143
"2019-12-26 10:50:04",143
"2019-12-26 11:49:47",143
"2019-12-26 12:49:47",143
"2019-12-26 13:50:26",143
"2019-12-26 14:51:12",143
"2019-12-26 15:50:58",142
"2019-12-26 16:50:39",141
"2019-12-26 17:51:16",140
"2019-12-26 18:50:38",140
"2019-12-26 19:50:28",140
"2019-12-26 20:51:26",140
"2019-12-26 21:50:52",140
"2019-12-26 23:50:39",140
"2019-12-27 00:50:16",140
"2019-12-27 01:51:05",140
"2019-12-27 02:51:18",140
"2019-12-27 03:50:35",140
"2019-12-27 04:51:03",140
"2019-12-27 05:51:03",140
"2019-12-27 06:51:01",140
"2019-12-27 07:50:24",140
"2019-12-27 08:50:39",140
"2019-12-27 09:50:04",140
"2019-12-27 10:49:49",140
"2019-12-27 11:49:57",140
"2019-12-27 12:50:06",140
"2019-12-27 14:11:31",140
"2019-12-27 14:51:22",140
"2019-12-27 15:50:52",140
"2019-12-27 16:50:41",140
"2019-12-27 17:50:42",140
"2019-12-27 18:50:53",140
"2019-12-27 19:51:28",140
"2019-12-27 20:50:41",140
"2019-12-27 21:51:17",140
"2019-12-27 22:50:51",140
"2019-12-27 23:50:17",140
"2019-12-28 00:50:53",140
"2019-12-28 01:50:31",140
"2019-12-28 02:50:31",140
"2019-12-28 03:50:28",140
"2019-12-28 04:50:46",140
"2019-12-28 05:50:53",140
"2019-12-28 06:50:51",140
"2019-12-28 07:50:29",140
"2019-12-28 08:50:41",140
"2019-12-28 09:50:11",140
"2019-12-28 10:50:23",140
"2019-12-28 11:50:03",140
"2019-12-28 12:49:50",140
"2019-12-28 13:50:11",140
"2019-12-28 14:50:42",140
"2019-12-28 15:51:00",140
"2019-12-28 16:50:33",140
"2019-12-28 17:50:53",140
"2019-12-28 18:50:30",140
"2019-12-28 19:50:29",140
"2019-12-28 20:51:01",140
"2019-12-28 21:50:21",140
"2019-12-28 22:50:25",140
"2019-12-28 23:50:33",140
"2019-12-29 00:50:26",140
"2019-12-29 01:51:02",140
"2019-12-29 02:50:41",140
"2019-12-29 03:51:11",140
"2019-12-29 05:50:57",140
"2019-12-29 06:50:55",140
"2019-12-29 07:50:21",140
"2019-12-29 08:50:46",140
"2019-12-29 09:50:12",140
"2019-12-29 10:50:18",140
"2019-12-29 11:49:56",140
"2019-12-29 12:50:03",140
"2019-12-29 13:50:16",140
"2019-12-29 14:50:37",140
"2019-12-29 15:50:46",140
"2019-12-29 16:50:34",140
"2019-12-29 17:50:18",140
"2019-12-29 18:50:47",140
"2019-12-29 19:50:47",140
"2019-12-29 20:50:21",140
"2019-12-29 21:51:29",140
"2019-12-29 22:50:24",140
"2019-12-29 23:50:20",140
"2019-12-30 00:50:15",140
"2019-12-30 01:50:54",140
"2019-12-30 02:51:26",140
"2019-12-30 03:50:22",140
"2019-12-30 04:51:01",140
"2019-12-30 05:50:40",140
"2019-12-30 06:50:09",140
"2019-12-30 07:49:54",140
"2019-12-30 08:50:22",140
"2019-12-30 09:50:24",140
"2019-12-30 10:49:43",140
"2019-12-30 11:50:24",140
"2019-12-30 12:50:05",140
"2019-12-30 14:11:28",140
"2019-12-30 14:52:02",140
"2019-12-30 15:50:56",140
"2019-12-30 16:50:43",140
"2019-12-30 17:50:40",140
"2019-12-30 18:50:58",140
"2019-12-30 19:50:55",141
"2019-12-30 20:50:35",141
"2019-12-30 21:50:25",141
"2019-12-30 23:50:32",141
"2019-12-31 00:50:26",141
"2019-12-31 01:50:29",141
"2019-12-31 02:50:41",141
"2019-12-31 03:50:51",141
"2019-12-31 04:50:18",141
"2019-12-31 05:50:09",141
"2019-12-31 06:50:29",141
"2019-12-31 07:50:22",141
"2019-12-31 08:50:43",141
"2019-12-31 09:50:27",141
"2019-12-31 10:50:47",141
"2019-12-31 11:50:35",141
"2019-12-31 12:50:16",141
"2019-12-31 14:12:32",141
"2019-12-31 14:51:42",141
"2019-12-31 15:51:16",141
"2019-12-31 16:50:37",141
"2019-12-31 17:50:35",141
"2019-12-31 18:50:36",141
"2019-12-31 19:50:48",141
"2019-12-31 20:50:32",141
"2019-12-31 21:50:22",141
"2019-12-31 22:50:28",141
"2019-12-31 23:50:22",141
"2020-01-01 00:50:13",141
"2020-01-01 01:50:17",141
"2020-01-01 02:50:22",141
"2020-01-01 03:50:31",141
"2020-01-01 04:50:04",141
"2020-01-01 05:50:54",141
"2020-01-01 06:50:45",141
"2020-01-01 07:50:25",141
"2020-01-01 08:50:20",141
"2020-01-01 09:49:53",141
"2020-01-01 10:49:50",141
"2020-01-01 11:50:03",141
"2020-01-01 12:49:59",141
"2020-01-01 13:50:01",141
"2020-01-01 14:50:03",141
"2020-01-01 15:50:16",141
"2020-01-01 16:50:27",141
"2020-01-01 17:50:19",141
"2020-01-01 18:50:26",141
"2020-01-01 19:50:18",141
"2020-01-01 20:50:31",141
"2020-01-01 21:50:28",141
"2020-01-01 22:50:48",141
"2020-01-01 23:51:06",141
"2020-01-02 00:51:06",141
"2020-01-02 01:50:56",141
"2020-01-02 02:51:34",141
"2020-01-02 03:50:46",141
"2020-01-02 04:50:37",141
"2020-01-02 05:50:30",141
"2020-01-02 06:50:19",141
"2020-01-02 07:50:14",141
"2020-01-02 08:50:27",141
"2020-01-02 09:50:03",141
"2020-01-02 10:50:01",141
"2020-01-02 11:50:12",141
"2020-01-02 12:50:16",141
"2020-01-02 14:13:00",141
"2020-01-02 14:52:34",141
"2020-01-02 15:51:12",141
"2020-01-02 16:50:57",140
"2020-01-02 17:51:04",140
"2020-01-02 18:51:09",140
"2020-01-02 19:50:58",141
"2020-01-02 20:51:12",141
"2020-01-02 21:50:29",141
"2020-01-02 22:51:28",141
"2020-01-02 23:50:24",141
"2020-01-03 00:50:59",141
"2020-01-03 01:50:36",141
"2020-01-03 02:50:59",141
"2020-01-03 03:50:41",141
"2020-01-03 04:50:37",141
"2020-01-03 05:50:36",141
"2020-01-03 06:50:44",141
"2020-01-03 07:50:27",141
"2020-01-03 08:50:53",141
"2020-01-03 09:50:21",141
"2020-01-03 10:50:15",141
"2020-01-03 11:50:14",141
"2020-01-03 12:50:00",141
"2020-01-03 14:12:59",141
"2020-01-03 14:55:26",141
"2020-01-03 15:50:48",139
"2020-01-03 16:51:03",139
"2020-01-03 17:51:34",139
"2020-01-03 18:50:50",139
"2020-01-03 19:50:39",138
"2020-01-03 20:51:03",138
"2020-01-03 21:50:24",138
"2020-01-03 22:50:24",138
"2020-01-03 23:50:30",138
"2020-01-04 00:50:34",138
"2020-01-04 01:50:34",138
"2020-01-04 02:50:28",138
"2020-01-04 03:51:06",138
"2020-01-04 04:50:46",138
"2020-01-04 05:50:33",138
"2020-01-04 06:50:22",138
"2020-01-04 07:50:03",138
"2020-01-04 08:50:17",138
"2020-01-04 09:49:50",138
"2020-01-04 10:50:03",138
"2020-01-04 11:49:47",138
"2020-01-04 12:50:19",138
"2020-01-04 13:50:14",138
"2020-01-04 14:50:23",138
"2020-01-04 15:50:34",138
"2020-01-04 16:50:42",138
"2020-01-04 17:50:45",138
"2020-01-04 19:50:43",138
"2020-01-04 20:50:47",138
"2020-01-04 21:51:19",138
"2020-01-04 22:50:51",138
"2020-01-04 23:51:01",138
"2020-01-05 00:50:16",138
"2020-01-05 01:51:39",138
"2020-01-05 02:51:08",138
"2020-01-05 03:50:44",138
"2020-01-05 04:50:20",138
"2020-01-05 05:50:31",138
"2020-01-05 06:50:21",138
"2020-01-05 07:50:05",138
"2020-01-05 08:49:50",138
"2020-01-05 09:49:52",138
"2020-01-05 10:49:48",138
"2020-01-05 11:50:18",138
"2020-01-05 12:49:47",138
"2020-01-05 13:50:21",138
"2020-01-05 14:50:07",138
"2020-01-05 15:49:51",138
"2020-01-05 16:50:28",138
"2020-01-05 17:51:51",138
"2020-01-05 18:50:50",138
"2020-01-05 20:50:33",138
"2020-01-05 21:50:47",138
"2020-01-05 22:50:29",138
"2020-01-05 23:50:30",138
"2020-01-06 00:50:42",138
"2020-01-06 01:50:43",138
"2020-01-06 02:51:02",138
"2020-01-06 03:51:07",138
"2020-01-06 04:51:24",138
"2020-01-06 05:50:58",138
"2020-01-06 06:50:56",138
"2020-01-06 07:50:18",138
"2020-01-06 08:50:25",138
"2020-01-16 06:50:04",135
"2020-01-16 07:50:04",135
"2020-01-16 08:50:03",135
"2020-01-16 09:49:41",135
"2020-01-16 10:49:44",135
"2020-01-16 11:49:44",135
"2020-01-16 12:49:56",135
"2020-01-16 14:13:01",135
"2020-01-16 15:50:14",134
"2020-01-16 16:50:22",135
"2020-01-16 17:50:19",136
"2020-01-16 18:50:02",137
"2020-01-16 19:50:15",137
"2020-01-16 20:50:18",137
"2020-01-16 21:49:56",137
"2020-01-16 22:50:21",137
"2020-01-16 23:50:15",137
"2020-01-17 00:50:47",137
"2020-01-17 01:50:58",137
"2020-01-17 02:49:51",137
"2020-01-17 03:49:43",137
"2020-01-17 04:49:47",137
"2020-01-17 05:49:59",137
"2020-01-17 06:49:50",137
"2020-01-17 07:49:22",137
"2020-01-17 08:49:18",137
"2020-01-17 09:50:42",137
"2020-01-17 10:49:15",137
"2020-01-17 11:49:20",137
"2020-01-17 12:49:41",137
"2020-01-17 14:11:03",137
"2020-01-17 14:50:24",137
"2020-01-17 15:50:06",137
"2020-01-17 16:50:00",137
"2020-01-17 17:49:54",137
"2020-01-17 18:49:55",137
"2020-01-17 19:49:57",137
"2020-01-17 20:49:48",137
"2020-01-17 21:49:36",137
"2020-01-17 22:49:43",137
"2020-01-17 23:49:33",137
"2020-01-18 00:50:44",137
"2020-01-18 01:49:53",137
"2020-01-18 02:49:56",137
"2020-01-18 03:49:53",137
"2020-01-18 04:49:39",137
"2020-01-18 05:49:46",137
"2020-01-18 06:49:22",137
"2020-01-18 07:49:38",137
"2020-01-18 08:49:39",137
"2020-01-18 09:49:24",137
"2020-01-18 10:49:25",137
"2020-01-18 11:49:14",137
"2020-01-18 12:49:36",137
"2020-01-18 13:49:36",137
"2020-01-18 14:49:40",137
"2020-01-18 15:49:47",137
"2020-01-18 16:49:25",137
"2020-01-18 17:49:57",137
"2020-01-18 18:49:50",137
"2020-01-18 19:50:17",137
"2020-01-18 20:49:46",137
"2020-01-18 21:49:53",137
"2020-01-18 23:49:56",137
"2020-01-19 00:49:23",137
"2020-01-19 01:49:51",137
"2020-01-19 02:49:54",137
"2020-01-19 03:49:45",137
"2020-01-19 04:49:46",137
"2020-01-19 05:49:35",137
"2020-01-19 06:49:38",137
"2020-01-19 07:49:28",137
"2020-01-19 08:50:08",137
"2020-01-19 09:49:27",137
"2020-01-19 10:49:13",137
"2020-01-19 11:49:12",137
"2020-01-19 12:49:29",137
"2020-01-19 13:49:32",137
"2020-01-19 14:50:18",137
"2020-01-19 15:50:27",137
"2020-01-19 16:49:25",137
"2020-01-19 17:49:37",137
"2020-01-19 18:49:32",137
"2020-01-19 19:50:38",137
"2020-01-19 20:49:42",137
"2020-01-19 21:49:42",137
"2020-01-19 23:51:05",137
"2020-01-20 00:50:43",137
"2020-01-20 01:50:28",137
"2020-01-20 02:50:11",137
"2020-01-20 03:50:37",137
"2020-01-20 04:50:40",137
"2020-01-20 05:49:39",137
"2020-01-20 06:50:40",137
"2020-01-20 07:49:29",137
"2020-01-20 08:50:39",137
"2020-01-20 09:55:53",137
"2020-01-20 10:50:05",137
"2020-01-20 11:49:13",137
"2020-01-20 12:49:32",137
"2020-01-20 13:50:28",137
"2020-01-20 14:49:53",137
"2020-01-20 15:50:38",137
"2020-01-20 16:49:35",137
"2020-01-20 17:50:25",137
"2020-01-20 18:49:30",137
"2020-01-20 19:50:21",137
"2020-01-20 21:50:53",137
"2020-01-20 22:50:41",137
"2020-01-20 23:50:35",137
"2020-01-21 00:50:46",137
"2020-01-21 01:50:18",137
"2020-01-21 02:50:42",137
"2020-01-21 03:49:35",137
"2020-01-21 04:49:40",137
"2020-01-21 05:49:32",137
"2020-01-21 06:49:23",137
"2020-01-21 07:49:18",137
"2020-01-21 08:49:39",137
"2020-01-21 10:04:27",137
"2020-01-21 10:50:35",137
"2020-01-21 11:49:34",137
"2020-01-21 12:49:32",137
"2020-01-21 13:49:35",137
"2020-01-21 15:50:56",138
"2020-01-21 16:50:15",138
"2020-01-21 17:50:42",138
"2020-01-21 18:50:10",138
"2020-01-21 19:50:50",138
"2020-01-21 20:49:55",138
"2020-01-21 21:50:53",138
"2020-01-21 22:50:34",138
"2020-01-21 23:50:09",138
"2020-01-22 00:49:54",138
"2020-01-22 01:50:17",138
"2020-01-22 02:50:35",138
"2020-01-22 03:49:50",138
"2020-01-22 04:49:56",138
"2020-01-22 05:49:47",138
"2020-01-22 06:49:33",138
"2020-01-22 07:49:35",138
"2020-01-22 08:49:41",138
"2020-01-22 10:00:37",138
"2020-01-22 10:49:18",138
"2020-01-22 11:49:20",138
"2020-01-22 12:50:05",138
"2020-01-22 13:50:05",138
"2020-01-22 14:50:53",138
"2020-01-22 15:50:24",138
"2020-01-22 16:50:55",138
"2020-01-22 17:50:45",138
"2020-01-22 18:50:09",138
"2020-01-22 19:50:56",138
"2020-01-22 20:50:46",138
"2020-01-22 21:50:49",138
"2020-01-22 22:50:26",138
"2020-01-22 23:50:38",138
"2020-01-23 00:50:30",138
"2020-01-23 01:50:54",138
"2020-01-23 02:50:05",138
"2020-01-23 03:50:01",138
"2020-01-23 04:49:53",138
"2020-01-23 05:49:24",138
"2020-01-23 06:49:45",138
"2020-01-23 07:49:45",138
"2020-01-23 08:49:36",138
"2020-01-23 10:49:27",138
"2020-01-23 11:49:32",138
"2020-01-23 12:49:42",138
"2020-01-23 14:12:34",138
"2020-01-23 14:50:40",138
"2020-01-23 15:50:11",138
"2020-01-23 16:49:57",138
"2020-01-23 17:49:43",138
"2020-01-23 18:50:10",138
"2020-01-23 19:49:49",138
"2020-01-23 20:50:08",138
"2020-01-23 21:50:08",138
"2020-01-23 22:49:40",138
"2020-01-23 23:49:39",138
"2020-01-24 00:49:40",138
"2020-01-24 01:50:00",138
"2020-01-24 02:50:33",138
"2020-01-24 03:49:35",138
"2020-01-24 04:49:47",138
"2020-01-24 05:50:03",138
"2020-01-24 06:49:19",138
"2020-01-24 07:49:55",138
"2020-01-24 08:49:22",138
"2020-01-24 09:58:42",138
"2020-01-24 10:49:34",138
"2020-01-24 11:49:26",138
"2020-01-24 12:49:32",138
"2020-01-24 14:11:33",138
"2020-01-24 14:50:16",138
"2020-01-24 15:50:13",138
"2020-01-24 16:49:59",138
"2020-01-24 17:49:47",138
"2020-01-24 18:49:43",138
"2020-01-24 19:50:07",138
"2020-01-24 20:50:09",138
"2020-01-24 21:49:38",138
"2020-01-24 22:49:35",138
"2020-01-24 23:49:43",138
"2020-01-25 00:49:39",138
"2020-01-25 01:49:46",138
"2020-01-25 02:50:10",138
"2020-01-25 03:50:05",138
"2020-01-25 04:49:41",138
"2020-01-25 05:49:49",138
"2020-01-25 07:49:44",138
"2020-01-25 08:49:43",138
"2020-01-25 09:59:07",138
"2020-01-25 10:49:17",138
"2020-01-25 11:49:25",138
"2020-01-25 12:49:39",138
"2020-01-25 14:49:42",138
"2020-01-25 15:49:29",138
"2020-01-25 16:49:49",138
"2020-01-25 17:49:43",138
"2020-01-25 18:49:41",138
"2020-01-25 19:49:46",138
"2020-01-25 20:49:41",138
"2020-01-25 21:49:37",138
"2020-01-25 22:49:44",138
"2020-01-25 23:49:37",138
"2020-01-26 00:49:56",138
"2020-01-26 01:49:39",138
"2020-01-26 02:49:54",138
"2020-01-26 03:49:43",138
"2020-01-26 04:49:32",138
"2020-01-26 06:49:15",138
"2020-01-26 07:49:20",138
"2020-01-27 02:49:56",138
"2020-01-27 03:49:50",138
"2020-01-27 04:49:50",138
"2020-01-27 05:49:49",138
"2020-01-27 06:49:49",138
"2020-01-27 07:49:37",138
"2020-01-27 08:49:41",138
"2020-01-27 09:49:53",138
"2020-01-27 10:49:36",138
"2020-01-27 11:49:41",138
"2020-01-27 12:49:04",138
"2020-01-27 13:49:55",138
"2020-01-27 14:51:27",138
"2020-01-27 15:50:34",140
"2020-01-27 16:50:06",141
"2020-01-27 17:50:18",141
"2020-01-27 18:50:18",141
"2020-01-27 19:50:24",141
"2020-01-27 20:50:16",141
"2020-01-27 21:50:17",141
"2020-01-27 22:51:02",141
"2020-01-27 23:50:25",141
"2020-01-28 00:49:36",141
"2020-01-28 01:50:26",141
"2020-01-28 02:50:23",141
"2020-01-28 03:50:01",141
"2020-01-28 04:50:07",141
"2020-01-28 05:49:43",141
"2020-01-28 06:49:20",141
"2020-01-28 07:49:32",141
"2020-01-28 08:49:53",141
"2020-01-28 09:50:26",141
"2020-01-28 10:49:38",141
"2020-01-28 11:49:28",141
"2020-01-28 12:49:36",141
"2020-01-28 14:12:06",141
"2020-01-28 14:51:00",141
"2020-01-28 15:50:16",141
"2020-01-28 16:50:33",141
"2020-01-28 17:50:01",140
"2020-01-28 18:50:15",140
"2020-01-28 19:50:07",140
"2020-01-28 21:50:53",140
"2020-01-28 22:50:18",140
"2020-01-28 23:49:50",140
"2020-01-29 00:49:56",140
"2020-01-29 01:50:13",140
"2020-01-29 02:50:38",140
"2020-01-29 03:50:05",140
"2020-01-29 04:50:10",140
"2020-01-29 05:50:15",140
"2020-01-29 06:49:59",140
"2020-01-29 07:49:37",140
"2020-01-29 08:49:43",140
"2020-01-29 09:49:55",140
"2020-01-29 10:49:19",140
"2020-01-29 11:49:32",140
"2020-01-29 12:49:44",140
"2020-01-29 13:50:12",140
"2020-01-29 14:50:55",140
"2020-01-29 15:50:24",140
"2020-01-29 16:50:22",140
"2020-01-29 17:50:48",140
"2020-01-29 18:50:28",141
"2020-01-29 19:50:36",141
"2020-01-29 20:50:29",141
"2020-01-29 21:50:20",141
"2020-01-29 22:49:58",141
"2020-01-29 23:49:54",141
"2020-01-30 00:50:06",141
"2020-01-30 01:50:22",141
"2020-01-30 02:50:20",141
"2020-01-30 03:49:57",141
"2020-01-30 04:50:37",141
"2020-01-30 05:50:36",141
"2020-01-30 06:49:50",141
"2020-01-30 07:49:33",141
"2020-01-30 08:49:48",141
"2020-01-30 09:49:53",141
"2020-01-30 10:49:23",141
"2020-01-30 11:49:39",141
"2020-01-30 12:49:44",141
"2020-01-30 13:49:46",141
"2020-01-30 14:50:51",141
"2020-01-30 15:50:33",141
"2020-01-30 16:50:33",141
"2020-01-30 17:50:25",141
"2020-01-30 18:50:20",141
"2020-01-30 19:50:35",142
"2020-01-30 20:49:59",142
"2020-01-30 21:50:20",142
"2020-01-30 22:49:31",142
"2020-01-30 23:49:41",142
"2020-01-31 00:49:50",142
"2020-01-31 01:50:21",142
"2020-01-31 02:49:56",142
"2020-01-31 03:50:14",142
"2020-01-31 04:49:58",142
"2020-01-31 05:49:43",142
"2020-01-31 06:49:36",142
"2020-01-31 07:49:47",142
"2020-01-31 08:50:07",142
"2020-01-31 09:50:13",142
"2020-01-31 10:49:39",142
"2020-01-31 11:49:34",142
"2020-01-31 12:49:33",142
"2020-01-31 13:49:58",142
"2020-01-31 14:50:22",142
"2020-01-31 15:50:12",142
"2020-01-31 16:50:06",142
"2020-01-31 17:50:06",143
"2020-01-31 18:49:59",143
"2020-01-31 19:50:24",143
"2020-01-31 20:50:08",143
"2020-01-31 21:49:33",143
"2020-01-31 22:49:42",143
"2020-01-31 23:49:46",143
"2020-02-01 00:49:37",143
"2020-02-01 01:50:26",143
"2020-02-01 02:50:00",143
"2020-02-01 03:49:48",143
"2020-02-01 04:49:53",143
"2020-02-01 05:50:07",143
"2020-02-01 06:50:17",143
"2020-02-01 07:49:37",143
"2020-02-01 08:49:48",143
"2020-02-01 09:50:04",143
"2020-02-01 10:49:23",143
"2020-02-01 11:49:45",143
"2020-02-01 12:49:27",143
"2020-02-01 13:49:45",143
"2020-02-01 14:49:56",143
"2020-02-01 15:49:58",143
"2020-02-01 16:49:43",143
"2020-02-01 17:49:58",143
"2020-02-01 18:49:45",143
"2020-02-01 19:49:52",143
"2020-02-01 20:50:07",143
"2020-02-01 21:50:19",143
"2020-02-01 22:50:09",143
"2020-02-01 23:50:19",143
"2020-02-02 00:50:15",143
"2020-02-02 01:50:22",143
"2020-02-02 02:50:10",143
"2020-02-02 03:50:14",143
"2020-02-02 04:49:57",143
"2020-02-02 05:50:00",143
"2020-02-02 06:50:00",143
"2020-02-02 07:49:59",143
"2020-02-02 08:50:07",143
"2020-02-02 09:49:55",143
"2020-02-02 10:49:45",143
"2020-02-02 11:49:52",143
"2020-02-02 12:50:00",143
"2020-02-02 13:50:05",143
"2020-02-02 14:49:55",143
"2020-02-02 15:49:56",143
"2020-02-02 16:50:15",143
"2020-02-02 17:50:26",143
"2020-02-02 18:49:57",143
"2020-02-02 19:50:11",143
"2020-02-02 20:50:17",143
"2020-02-02 21:50:07",143
"2020-02-02 22:50:11",143
"2020-02-02 23:50:24",143
"2020-02-03 00:50:50",143
"2020-02-03 01:50:32",143
"2020-02-03 02:50:17",143
"2020-02-03 03:50:22",143
"2020-02-03 04:50:22",143
"2020-02-03 05:50:23",143
"2020-02-03 06:50:00",143
"2020-02-03 07:49:57",143
"2020-02-03 08:50:04",143
"2020-02-03 09:50:04",143
"2020-02-03 10:49:51",143
"2020-02-03 11:49:51",143
"2020-02-03 12:49:39",143
"2020-02-03 14:48:47",144
"2020-02-03 14:56:31",144
"2020-02-03 15:50:46",144
"2020-02-03 16:50:24",144
"2020-02-03 17:50:30",144
"2020-02-03 18:50:35",144
"2020-02-03 19:50:29",144
"2020-02-03 20:50:25",144
"2020-02-03 21:50:21",145
"2020-02-03 22:50:15",145
"2020-02-03 23:50:25",145
"2020-02-04 00:50:16",145
"2020-02-04 01:50:30",145
"2020-02-04 02:50:31",145
"2020-02-04 03:50:34",145
"2020-02-04 04:50:33",145
"2020-02-04 05:50:37",145
"2020-02-04 06:50:05",145
"2020-02-04 07:50:23",145
"2020-02-04 08:49:42",145
"2020-02-04 09:50:22",145
"2020-02-04 10:49:49",145
"2020-02-04 11:50:10",145
"2020-02-04 12:50:14",145
"2020-02-04 14:15:40",145
"2020-02-04 15:50:40",146
"2020-02-04 16:50:33",145
"2020-02-04 17:50:29",145
"2020-02-04 18:50:13",145
"2020-02-04 19:50:19",145
"2020-02-04 20:50:23",145
"2020-02-04 21:50:15",145
"2020-02-04 22:50:14",145
"2020-02-04 23:50:18",145
"2020-02-05 00:50:30",145
"2020-02-05 01:50:19",145
"2020-02-05 02:50:36",145
"2020-02-05 03:50:30",145
"2020-02-05 04:51:21",145
"2020-02-05 05:50:17",145
"2020-02-05 06:50:19",145
"2020-02-05 07:50:21",145
"2020-02-05 08:50:06",145
"2020-02-05 09:49:59",145
"2020-02-05 10:50:14",145
"2020-02-05 11:50:05",145
"2020-02-05 12:50:21",145
"2020-02-05 14:09:42",145
"2020-02-05 14:51:07",145
"2020-02-05 15:50:57",145
"2020-02-05 16:50:40",145
"2020-02-05 17:50:34",145
"2020-02-05 18:50:38",145
"2020-02-05 19:50:38",145
"2020-02-05 20:50:45",145
"2020-02-05 21:50:22",145
"2020-02-05 22:50:24",145
"2020-02-05 23:50:19",145
"2020-02-06 00:50:36",145
"2020-02-06 01:50:34",145
"2020-02-06 02:50:46",145
"2020-02-06 03:50:59",145
"2020-02-06 04:50:44",145
"2020-02-06 05:50:30",145
"2020-02-06 06:50:11",145
"2020-02-06 07:50:26",145
"2020-02-06 08:50:14",145
"2020-02-06 09:50:11",145
"2020-02-06 10:50:06",145
"2020-02-06 11:50:06",145
"2020-02-06 12:50:02",145
"2020-02-06 13:50:03",145
"2020-02-06 14:50:57",145
"2020-02-06 15:50:50",145
"2020-02-06 16:50:34",145
"2020-02-06 17:50:37",145
"2020-02-06 18:50:35",145
"2020-02-06 19:50:38",145
"2020-02-06 20:50:35",145
"2020-02-06 21:50:23",145
"2020-02-06 22:50:31",145
"2020-02-06 23:50:14",145
"2020-02-07 00:50:35",145
"2020-02-07 01:50:33",145
"2020-02-07 02:50:12",145
"2020-02-07 03:50:32",145
"2020-02-07 04:50:24",145
"2020-02-07 05:50:39",145
"2020-02-07 06:50:39",145
"2020-02-07 07:50:34",145
"2020-02-07 08:50:20",145
"2020-02-07 09:50:27",145
"2020-02-07 10:50:07",145
"2020-02-07 11:50:08",145
"2020-02-07 12:50:17",145
"2020-02-07 14:11:12",145
"2020-02-07 14:50:59",145
"2020-02-07 15:50:40",145
"2020-02-07 16:50:41",144
"2020-02-07 17:50:55",144
"2020-02-07 18:50:39",144
"2020-02-07 19:50:33",144
"2020-02-07 20:50:44",144
"2020-02-07 21:50:19",144
"2020-02-07 22:50:36",144
"2020-02-07 23:49:59",144
"2020-02-08 00:50:19",144
"2020-02-08 01:50:15",144
"2020-02-08 02:50:24",144
"2020-02-08 03:50:19",144
"2020-02-08 04:50:31",144
"2020-02-08 05:50:18",144
"2020-02-08 06:50:10",144
"2020-02-08 07:50:19",144
"2020-02-08 08:50:03",144
"2020-02-08 09:50:07",144
"2020-02-08 10:49:52",144
"2020-02-08 11:49:59",144
"2020-02-08 12:50:02",144
"2020-02-08 13:49:57",144
"2020-02-08 14:50:33",144
"2020-02-08 15:50:17",144
"2020-02-08 16:50:24",144
"2020-02-08 17:50:19",144
"2020-02-08 18:53:10",144
"2020-02-08 19:50:09",144
"2020-02-08 20:50:14",144
"2020-02-08 21:50:24",144
"2020-02-08 22:50:33",144
"2020-02-08 23:50:18",144
"2020-02-09 00:50:08",144
"2020-02-09 01:50:25",144
"2020-02-09 02:50:16",144
"2020-02-09 03:50:16",144
"2020-02-09 04:50:13",144
"2020-02-09 05:50:17",144
"2020-02-09 06:50:07",144
"2020-02-09 07:50:11",144
"2020-02-09 08:50:07",144
"2020-02-09 09:50:16",144
"2020-02-09 10:50:14",144
"2020-02-09 11:50:17",144
"2020-02-09 12:50:10",144
"2020-02-09 13:50:10",144
"2020-02-09 14:50:11",144
"2020-02-09 15:50:25",144
"2020-02-09 16:50:11",144
"2020-02-09 17:50:24",144
"2020-02-09 18:50:23",144
"2020-02-09 19:50:20",144
"2020-02-09 20:50:17",144
"2020-02-09 21:50:38",144
"2020-02-09 22:50:15",144
"2020-02-09 23:51:06",144
"2020-02-10 00:50:23",144
"2020-02-10 01:50:34",144
"2020-02-10 02:50:17",144
"2020-02-10 03:50:15",144
"2020-02-10 04:50:20",144
"2020-02-10 05:50:24",144
"2020-02-10 06:50:16",144
"2020-02-10 07:50:18",144
"2020-02-10 08:50:12",144
"2020-02-10 09:50:30",144
"2020-02-10 10:50:07",144
"2020-02-10 11:50:12",144
"2020-02-10 12:49:58",144
"2020-02-10 13:50:15",144
"2020-02-10 14:50:42",144
"2020-02-10 15:50:52",144
"2020-02-10 16:50:41",144
"2020-02-10 17:50:31",144
"2020-02-10 18:50:33",144
"2020-02-10 19:50:38",144
"2020-02-10 20:50:49",144
"2020-02-10 21:50:31",143
"2020-02-10 22:50:25",143
"2020-02-10 23:50:20",143
"2020-02-11 00:50:23",143
"2020-02-11 01:50:54",143
"2020-02-11 02:50:33",143
"2020-02-11 03:50:23",143
"2020-02-11 04:50:32",143
"2020-02-11 05:50:31",143
"2020-02-11 06:50:17",143
"2020-02-11 07:50:15",143
"2020-02-11 08:50:22",143
"2020-02-11 09:50:21",143
"2020-02-11 10:49:58",143
"2020-02-11 11:50:13",143
"2020-02-11 12:49:54",143
"2020-02-11 14:11:39",144
"2020-02-11 14:50:57",144
"2020-02-11 15:50:50",144
"2020-02-11 16:50:44",144
"2020-02-11 17:50:34",144
"2020-02-11 18:50:36",144
"2020-02-11 19:50:30",144
"2020-02-11 20:50:43",144
"2020-02-11 21:55:05",144
"2020-02-11 22:50:49",144
"2020-02-11 23:50:26",144
"2020-02-12 00:50:58",144
"2020-02-12 01:50:33",144
"2020-02-12 02:51:10",144
"2020-02-12 03:50:21",144
"2020-02-12 04:50:30",144
"2020-02-12 05:50:13",144
"2020-02-12 06:50:16",144
"2020-02-12 07:50:08",144
"2020-02-12 08:50:17",144
"2020-02-12 09:50:33",144
"2020-02-12 10:50:08",144
"2020-02-12 11:50:09",144
"2020-02-12 12:50:07",144
"2020-02-12 14:11:41",144
"2020-02-12 14:50:57",144
"2020-02-12 15:50:42",144
"2020-02-12 16:50:35",144
"2020-02-12 17:50:45",144
"2020-02-12 18:50:39",144
"2020-02-12 19:50:31",144
"2020-02-12 20:50:46",143
"2020-02-12 21:50:30",143
"2020-02-12 22:49:55",143
"2020-02-12 23:49:35",143
"2020-02-13 00:50:20",143
"2020-02-13 01:50:06",143
"2020-02-13 02:50:52",143
"2020-02-13 03:50:43",143
"2020-02-13 04:50:27",143
"2020-02-13 05:50:19",143
"2020-02-13 06:50:22",143
"2020-02-13 07:49:59",143
"2020-02-13 08:50:09",143
"2020-02-13 09:49:55",143
"2020-02-13 10:49:34",143
"2020-02-13 11:50:19",143
"2020-02-13 12:49:52",143
"2020-02-13 14:11:36",143
"2020-02-13 14:50:30",143
"2020-02-13 15:50:28",143
"2020-02-13 16:50:27",144
"2020-02-13 17:50:50",144
"2020-02-13 18:50:42",144
"2020-02-13 19:50:32",143
"2020-02-13 20:50:15",143
"2020-02-13 21:50:30",143
"2020-02-13 22:50:01",143
"2020-02-13 23:49:56",143
"2020-02-14 00:49:53",143
"2020-02-14 01:50:17",143
"2020-02-14 02:50:25",143
"2020-02-14 03:50:07",143
"2020-02-14 04:50:11",143
"2020-02-14 05:50:15",143
"2020-02-14 06:49:41",143
"2020-02-14 07:49:34",143
"2020-02-14 08:50:01",143
"2020-02-14 09:49:46",143
"2020-02-14 10:49:52",143
"2020-02-14 11:49:41",143
"2020-02-14 12:49:54",143
"2020-02-14 13:50:00",143
"2020-02-14 14:50:30",143
"2020-02-14 15:50:57",143
"2020-02-14 16:50:09",143
"2020-02-14 17:50:10",143
"2020-02-14 18:50:09",143
"2020-02-14 19:50:12",143
"2020-02-14 20:50:37",143
"2020-02-14 21:50:04",143
"2020-02-14 22:49:51",143
"2020-02-14 23:50:20",143
"2020-02-15 00:49:53",143
"2020-02-15 01:50:10",143
"2020-02-15 02:50:17",143
"2020-02-15 03:50:14",143
"2020-02-15 04:50:01",143
"2020-02-15 05:48:56",143
"2020-02-15 06:49:10",143
"2020-02-15 07:48:58",143
"2020-02-15 08:48:59",143
"2020-02-15 09:49:05",143
"2020-02-15 10:48:52",143
"2020-02-15 11:48:58",143
"2020-02-15 12:49:06",143
"2020-02-15 13:48:57",143
"2020-02-15 14:49:04",143
"2020-02-15 15:49:02",143
"2020-02-15 16:48:59",143
"2020-02-15 17:48:55",143
"2020-02-15 18:49:23",143
"2020-02-15 19:48:57",143
"2020-02-15 20:48:59",143
"2020-02-15 21:48:56",143
"2020-02-15 22:48:57",143
"2020-02-15 23:48:56",143
"2020-02-16 00:48:57",143
"2020-02-16 01:48:57",143
"2020-02-16 02:49:03",143
"2020-02-16 03:48:58",143
"2020-02-16 04:49:01",143
"2020-02-16 05:48:59",143
"2020-02-16 06:48:55",143
"2020-02-16 07:48:56",143
"2020-02-16 08:48:54",143
"2020-02-16 09:49:02",143
"2020-02-16 10:48:54",143
"2020-02-16 11:48:55",143
"2020-02-16 12:48:59",143
"2020-02-16 13:48:56",143
"2020-02-16 14:49:02",143
"2020-02-16 15:49:23",143
"2020-02-16 16:49:10",143
"2020-02-16 17:48:58",143
"2020-02-16 18:49:00",143
"2020-02-16 19:48:57",143
"2020-02-16 20:48:59",143
"2020-02-16 21:48:57",143
"2020-02-16 22:48:58",143
"2020-02-16 23:48:59",143
"2020-02-17 00:48:55",143
"2020-02-17 01:48:55",143
"2020-02-17 02:49:01",143
"2020-02-17 03:48:59",143
"2020-02-17 04:48:57",143
"2020-02-17 05:48:57",143
"2020-02-17 06:49:00",143
"2020-02-17 07:48:52",143
"2020-02-17 08:48:59",143
"2020-02-17 09:49:03",143
"2020-02-17 10:48:55",143
"2020-02-17 11:48:52",143
"2020-02-17 12:49:12",143
"2020-02-17 13:48:53",143
"2020-02-17 14:48:50",143
"2020-02-17 15:48:55",143
"2020-02-17 16:49:17",143
"2020-02-17 17:48:55",143
"2020-02-17 18:49:01",143
"2020-02-17 19:48:52",143
"2020-02-17 20:48:52",143
"2020-02-17 22:49:17",143
"2020-02-17 23:49:23",143
"2020-02-18 00:48:51",143
"2020-02-18 01:49:01",143
"2020-02-18 02:49:03",143
"2020-02-18 03:49:05",143
"2020-02-18 04:48:58",143
"2020-02-18 05:49:55",143
"2020-02-18 06:49:29",143
"2020-02-18 07:49:52",143
"2020-02-18 08:49:58",143
"2020-02-18 09:49:53",143
"2020-02-18 10:49:45",143
"2020-02-18 11:49:38",143
"2020-02-18 12:50:21",143
"2020-02-18 14:12:05",143
"2020-02-18 14:50:41",143
"2020-02-18 15:50:30",143
"2020-02-18 16:50:25",143
"2020-02-18 18:50:19",144
"2020-02-18 19:50:19",144
"2020-02-18 20:50:01",144
"2020-02-18 21:49:53",144
"2020-02-18 22:49:45",144
"2020-02-18 23:50:01",144
"2020-02-19 01:49:55",144
"2020-02-19 02:50:12",144
"2020-02-19 03:50:14",144
"2020-02-19 04:50:13",144
"2020-02-19 05:49:36",144
"2020-02-19 06:50:14",144
"2020-02-19 07:49:59",144
"2020-02-19 08:49:47",144
"2020-02-19 09:50:13",144
"2020-02-19 10:49:35",144
"2020-02-19 11:49:32",144
"2020-02-19 12:49:51",144
"2020-02-19 14:13:36",144
"2020-02-19 14:50:42",144
"2020-02-19 15:50:25",145
"2020-02-19 16:50:03",144
"2020-02-19 17:50:16",144
"2020-02-19 18:50:06",144
"2020-02-19 19:49:58",144
"2020-02-19 20:50:09",144
"2020-02-19 21:50:40",144
"2020-02-19 22:50:07",144
"2020-02-19 23:49:57",144
"2020-02-20 00:50:20",144
"2020-02-20 01:50:15",144
"2020-02-20 02:50:22",144
"2020-02-20 03:50:20",144
"2020-02-20 04:50:20",144
"2020-02-20 05:50:22",144
"2020-02-20 06:50:43",144
"2020-02-20 07:50:33",144
"2020-02-20 08:50:33",144
"2020-02-20 09:50:07",144
"2020-02-20 10:50:02",144
"2020-02-20 11:50:19",144
"2020-02-20 12:50:23",144
"2020-02-20 13:50:34",144
"2020-02-20 14:49:36",144
"2020-02-20 15:49:50",144
"2020-02-20 16:49:28",144
"2020-02-20 17:50:17",145
"2020-02-20 18:50:44",145
"2020-02-20 19:51:15",144
"2020-02-20 20:50:54",144
"2020-02-20 21:50:51",144
"2020-02-20 22:51:01",144
"2020-02-20 23:50:32",144
"2020-02-21 01:50:48",144
"2020-02-21 02:51:02",144
"2020-02-21 03:51:36",144
"2020-02-21 04:51:43",144
"2020-02-21 05:50:56",144
"2020-02-21 06:50:52",144
"2020-02-21 07:51:07",144
"2020-02-21 08:50:43",144
"2020-02-21 09:51:38",144
"2020-02-21 10:52:32",144
"2020-02-21 11:51:39",144
"2020-02-21 12:51:23",144
"2020-02-21 13:51:38",144
"2020-02-21 14:51:38",144
"2020-02-21 15:52:07",145
"2020-02-21 16:52:48",147
"2020-02-21 17:52:28",147
"2020-02-21 18:51:48",148
"2020-02-21 19:50:55",149
"2020-02-21 20:50:56",150
"2020-02-21 21:51:43",150
"2020-02-21 22:51:09",150
"2020-02-21 23:54:13",150
"2020-02-22 00:52:14",150
"2020-02-22 01:51:19",150
"2020-02-22 02:51:09",150
"2020-02-22 03:52:17",150
"2020-02-22 04:51:26",150
"2020-02-22 05:50:25",150
"2020-02-22 06:49:31",150
"2020-02-22 07:50:16",150
"2020-02-22 08:51:07",150
"2020-02-22 09:49:33",150
"2020-02-22 10:50:02",150
"2020-02-22 11:49:34",150
"2020-02-22 12:50:34",150
"2020-02-22 13:53:03",150
"2020-02-22 14:49:35",150
"2020-02-22 15:49:52",150
"2020-02-22 16:52:00",150
"2020-02-22 17:50:46",150
"2020-02-22 18:49:44",150
"2020-02-22 19:49:39",150
"2020-02-22 20:50:32",150
"2020-02-22 21:52:18",150
"2020-02-22 22:51:04",150
"2020-02-22 23:49:36",150
"2020-02-23 00:49:49",150
"2020-02-23 01:49:59",150
"2020-02-23 02:50:20",150
"2020-02-23 03:49:47",150
"2020-02-23 04:50:33",150
"2020-02-23 05:50:32",150
"2020-02-23 06:49:51",150
"2020-02-23 07:49:58",150
"2020-02-23 08:51:07",150
"2020-02-23 09:49:44",150
"2020-02-23 10:49:52",150
"2020-02-23 11:49:58",150
"2020-02-23 12:49:52",150
"2020-02-23 13:49:51",150
"2020-02-23 14:50:38",150
"2020-02-23 15:49:50",150
"2020-02-23 16:49:56",150
"2020-02-23 17:49:34",150
"2020-02-23 18:49:53",150
"2020-02-23 19:49:54",150
"2020-02-23 20:49:47",150
"2020-02-23 21:50:36",150
"2020-02-23 22:49:30",150
"2020-02-23 23:50:00",150
"2020-02-24 00:50:51",150
"2020-02-24 01:49:42",150
"2020-02-24 02:50:46",150
"2020-02-24 03:49:49",150
"2020-02-24 04:50:09",150
"2020-02-24 05:51:55",150
"2020-02-24 06:50:53",150
"2020-02-24 07:50:43",150
"2020-02-24 08:50:51",150
"2020-02-24 09:59:58",150
"2020-02-24 10:50:29",150
"2020-02-24 11:51:39",150
"2020-02-24 12:50:37",150
"2020-02-24 13:51:28",150
"2020-02-24 14:52:32",153
"2020-02-24 15:51:00",153
"2020-02-24 16:52:01",154
"2020-02-24 17:51:11",155
"2020-02-24 18:51:21",155
"2020-02-24 19:52:11",156
"2020-02-24 20:52:17",156
"2020-02-24 21:51:56",156
"2020-02-24 22:51:56",156
"2020-02-24 23:50:42",156
"2020-02-25 00:50:58",156
"2020-02-25 01:50:53",156
"2020-02-25 02:51:27",156
"2020-02-25 03:51:15",156
"2020-02-25 04:51:15",156
"2020-02-25 05:52:33",156
"2020-02-25 06:51:20",156
"2020-02-25 07:51:17",156
"2020-02-25 08:51:34",156
"2020-02-25 10:00:43",156
"2020-02-25 10:51:33",156
"2020-02-25 11:50:47",156
"2020-02-25 12:51:20",156
"2020-02-25 14:13:00",156
"2020-02-25 14:51:26",156
"2020-02-25 15:51:19",154
"2020-02-25 16:51:20",155
"2020-02-25 17:51:09",155
"2020-02-25 18:51:46",154
"2020-02-25 19:51:12",154
"2020-02-25 20:52:11",154
"2020-02-25 21:52:01",154
"2020-02-25 22:51:12",154
"2020-02-25 23:51:05",154
"2020-02-26 00:51:01",154
"2020-02-26 01:51:15",154
"2020-02-26 02:51:24",154
"2020-02-26 03:50:59",154
"2020-02-26 04:52:23",154
"2020-02-26 05:51:56",154
"2020-02-26 06:51:49",154
"2020-02-26 07:52:46",154
"2020-02-26 08:51:40",154
"2020-02-26 09:51:18",154
"2020-02-26 10:50:52",154
"2020-02-26 11:51:28",154
"2020-02-26 12:50:54",154
"2020-02-26 13:51:57",154
"2020-02-26 14:52:33",154
"2020-02-26 15:52:11",154
"2020-02-26 16:51:21",154
"2020-02-26 17:51:15",154
"2020-02-26 18:51:27",155
"2020-02-26 19:51:58",155
"2020-02-26 20:51:54",155
"2020-02-26 21:51:51",155
"2020-02-26 22:51:54",155
"2020-02-26 23:51:53",155
"2020-02-27 00:50:54",155
"2020-02-27 01:51:28",155
"2020-02-27 02:50:48",155
"2020-02-27 03:52:19",155
"2020-02-27 04:51:03",155
"2020-02-27 05:51:06",155
"2020-02-27 06:51:12",155
"2020-02-27 07:50:48",155
"2020-02-27 08:51:37",155
"2020-02-27 09:51:08",155
"2020-02-27 10:52:01",155
"2020-02-27 11:51:24",155
"2020-02-27 12:51:51",155
"2020-02-27 14:11:32",155
"2020-02-27 14:52:48",155
"2020-02-27 15:51:54",154
"2020-02-27 16:52:07",153
"2020-02-27 17:51:31",153
"2020-02-27 18:51:43",153
"2020-02-27 19:50:54",153
"2020-02-27 20:51:29",153
"2020-02-27 21:51:09",152
"2020-02-27 22:51:50",152
"2020-02-27 23:51:07",152
"2020-02-28 00:52:10",152
"2020-02-28 01:50:58",152
"2020-02-28 02:51:03",152
"2020-02-28 03:52:03",152
"2020-02-28 04:52:20",152
"2020-02-28 05:52:04",152
"2020-02-28 06:51:23",152
"2020-02-28 07:51:49",152
"2020-02-28 08:52:17",152
"2020-02-28 09:52:01",152
"2020-02-28 10:50:54",152
"2020-02-28 11:51:19",152
"2020-02-28 12:51:44",152
"2020-02-28 14:12:07",152
"2020-02-28 14:51:34",152
"2020-02-28 15:51:20",153
"2020-02-28 16:51:25",153
"2020-02-28 17:51:21",153
"2020-02-28 18:51:22",153
"2020-02-28 19:52:19",152
"2020-02-28 20:51:13",152
"2020-02-28 21:51:04",154
"2020-02-28 22:51:53",154
"2020-02-28 23:51:06",154
"2020-02-29 00:51:20",154
"2020-02-29 01:51:12",154
"2020-02-29 02:51:05",154
"2020-02-29 03:50:58",154
"2020-02-29 04:51:30",154
"2020-02-29 05:50:59",154
"2020-02-29 06:50:37",154
"2020-02-29 07:52:20",154
"2020-02-29 09:52:19",154
"2020-02-29 10:49:47",154
"2020-02-29 11:49:42",154
"2020-02-29 12:52:23",154
"2020-02-29 13:52:24",154
"2020-02-29 14:50:03",154
"2020-02-29 15:49:59",154
"2020-02-29 16:50:52",154
"2020-02-29 17:50:36",154
"2020-02-29 18:49:56",154
"2020-02-29 19:49:51",154
"2020-02-29 20:49:40",154
"2020-02-29 21:50:22",154
"2020-02-29 22:53:17",154
"2020-02-29 23:52:14",154
"2020-03-01 00:52:18",154
"2020-03-01 01:52:19",154
"2020-03-01 02:49:59",154
"2020-03-01 03:52:15",154
"2020-03-01 04:49:49",154
"2020-03-01 05:50:41",154
"2020-03-01 06:49:55",154
"2020-03-01 07:50:30",154
"2020-03-01 08:49:42",154
"2020-03-01 09:52:19",154
"2020-03-01 10:52:09",154
"2020-03-01 11:50:25",154
"2020-03-01 12:50:40",154
"2020-03-01 13:49:43",154
"2020-03-01 14:49:38",154
"2020-03-01 15:52:25",154
"2020-03-01 16:50:48",154
"2020-03-01 17:52:11",154
"2020-03-01 18:52:27",154
"2020-03-01 19:52:30",154
"2020-03-01 20:52:26",154
"2020-03-01 21:49:48",154
"2020-03-01 22:49:51",154
"2020-03-01 23:52:22",154
"2020-03-02 00:49:34",154
"2020-03-02 01:50:45",154
"2020-03-02 02:52:17",154
"2020-03-02 03:53:16",154
"2020-03-02 04:50:47",154
"2020-03-02 05:53:52",154
"2020-03-02 07:51:04",154
"2020-03-02 08:53:40",154
"2020-03-02 09:53:09",154
"2020-03-02 10:51:29",154
"2020-03-02 11:51:01",154
"2020-03-02 12:51:54",154
"2020-03-02 13:53:41",154
"2020-03-02 18:50:49",155
"2020-03-03 00:51:58",155
"2020-03-03 01:52:21",155
"2020-03-03 02:51:54",155
"2020-03-03 03:52:48",155
"2020-03-03 04:53:45",155
"2020-03-03 06:54:37",155
"2020-03-03 07:51:44",155
"2020-03-03 08:54:34",155
"2020-03-03 09:54:49",155
"2020-03-03 10:51:54",155
"2020-03-03 11:55:34",155
"2020-03-03 12:51:47",155
"2020-03-03 13:54:57",155
"2020-03-03 14:53:49",155
"2020-03-03 16:55:49",155
"2020-03-03 17:55:04",155
"2020-03-03 18:51:09",155
"2020-03-03 19:51:10",155
"2020-03-03 20:52:17",155
"2020-03-03 21:51:53",155
"2020-03-03 22:55:54",155
"2020-03-03 23:53:36",155
"2020-03-04 00:54:32",155
"2020-03-04 01:53:52",155
"2020-03-04 02:51:17",155
"2020-03-04 03:51:53",155
"2020-03-04 04:54:26",155
"2020-03-04 05:51:24",155
"2020-03-04 06:54:33",155
"2020-03-04 07:51:44",155
"2020-03-04 08:53:46",155
"2020-03-04 09:51:37",155
"2020-03-04 10:50:50",155
"2020-03-04 11:54:27",155
"2020-03-04 12:54:11",155
"2020-03-04 13:52:59",155
"2020-03-04 14:51:13",155
"2020-03-04 15:54:44",155
"2020-03-04 16:51:17",156
"2020-03-04 17:51:58",158
"2020-03-04 18:53:46",157
"2020-03-04 19:59:12",156
"2020-03-04 20:53:58",156
"2020-03-04 21:50:58",156
"2020-03-04 22:53:44",156
"2020-03-04 23:51:24",156
"2020-03-05 00:51:33",156
"2020-03-05 01:52:03",156
"2020-03-05 02:51:14",156
"2020-03-05 03:51:20",156
"2020-03-05 04:51:49",156
"2020-03-05 05:51:56",156
"2020-03-05 06:51:27",156
"2020-03-05 07:51:07",156
"2020-03-05 08:52:50",156
"2020-03-05 09:51:56",156
"2020-03-05 10:51:09",156
"2020-03-05 11:54:28",156
"2020-03-05 12:51:51",156
"2020-03-05 13:51:50",156
"2020-03-05 14:54:06",156
"2020-03-05 15:52:06",157
"2020-03-05 16:54:00",157
"2020-03-05 17:51:09",156
"2020-03-05 18:51:28",156
"2020-03-05 19:51:23",157
"2020-03-05 20:51:20",157
"2020-03-05 21:51:07",158
"2020-03-05 22:53:40",158
"2020-03-05 23:53:44",158
"2020-03-06 00:51:11",158
"2020-03-06 01:51:15",158
"2020-03-06 02:55:24",158
"2020-03-06 03:53:47",158
"2020-03-06 04:53:50",158
"2020-03-06 05:53:56",158
"2020-03-06 06:54:30",158
"2020-03-06 07:53:31",158
"2020-03-06 08:51:31",157
"2020-03-06 09:53:54",157
"2020-03-06 10:51:07",157
"2020-03-06 11:54:23",157
"2020-03-06 12:51:21",157
"2020-03-06 13:50:48",157
"2020-03-06 14:55:16",157
"2020-03-06 15:52:12",158
"2020-03-06 16:52:12",157
"2020-03-06 17:51:37",156
"2020-03-06 18:51:04",156
"2020-03-06 19:51:52",158
"2020-03-06 20:51:25",158
"2020-03-06 21:51:05",159
"2020-03-06 22:51:11",159
"2020-03-06 23:52:02",159
"2020-03-07 00:51:03",159
"2020-03-07 01:51:59",159
"2020-03-07 02:51:12",159
"2020-03-07 03:54:26",159
"2020-03-07 04:54:40",159
"2020-03-07 05:53:57",159
"2020-03-07 06:53:43",159
"2020-03-07 07:52:03",159
"2020-03-07 08:53:32",159
"2020-03-07 09:51:29",159
"2020-03-07 10:51:52",159
"2020-03-07 11:53:33",159
"2020-03-07 12:51:53",159
"2020-03-07 13:50:56",159
"2020-03-07 14:51:21",159
"2020-03-07 15:50:55",159
"2020-03-07 16:51:14",159
"2020-03-07 17:52:00",159
"2020-03-07 18:51:18",159
"2020-03-07 19:51:26",159
"2020-03-07 20:53:50",159
"2020-03-07 21:54:46",159
"2020-03-07 22:53:54",159
"2020-03-07 23:53:47",159
"2020-03-08 00:51:10",159
"2020-03-08 01:52:01",159
"2020-03-08 02:52:08",159
"2020-03-08 03:53:58",159
"2020-03-08 04:53:47",159
"2020-03-08 05:53:48",159
"2020-03-08 06:52:35",159
"2020-03-08 07:53:39",159
"2020-03-08 08:53:48",159
"2020-03-08 09:51:55",159
"2020-03-08 10:53:44",159
"2020-03-08 11:51:50",159
"2020-03-08 12:54:25",159
"2020-03-08 13:54:38",159
"2020-03-08 14:51:15",159
"2020-03-08 15:53:50",159
"2020-03-08 16:51:05",159
"2020-03-08 17:51:23",159
"2020-03-08 18:54:53",159
"2020-03-08 19:52:41",159
"2020-03-08 20:52:11",159
"2020-03-08 21:51:09",159
"2020-03-08 22:53:34",159
"2020-03-08 23:51:18",159
"2020-03-09 00:54:21",159
"2020-03-09 01:51:09",159
"2020-03-09 02:54:24",159
"2020-03-09 03:54:07",159
"2020-03-09 04:53:46",159
"2020-03-09 05:51:16",159
"2020-03-09 06:51:05",159
"2020-03-09 07:51:24",159
"2020-03-09 08:50:57",159
"2020-03-09 09:51:40",159
"2020-03-09 10:53:27",159
"2020-03-09 11:53:39",159
"2020-03-09 12:52:39",159
"2020-03-09 13:50:23",159
"2020-03-09 14:53:22",159
"2020-03-09 15:51:43",160
"2020-03-09 16:51:08",159
"2020-03-09 17:50:07",159
"2020-03-09 18:50:26",159
"2020-03-09 19:51:13",158
"2020-03-09 20:51:23",159
"2020-03-09 21:53:46",159
"2020-03-09 22:53:33",159
"2020-03-09 23:54:34",159
"2020-03-10 00:50:58",159
"2020-03-10 01:53:41",159
"2020-03-10 02:51:50",159
"2020-03-10 03:54:20",159
"2020-03-10 04:51:51",159
"2020-03-10 06:54:23",159
"2020-03-10 07:54:09",159
"2020-03-10 08:51:21",159
"2020-03-10 09:53:24",159
"2020-03-10 10:53:09",159
"2020-03-10 11:53:34",159
"2020-03-10 12:51:48",159
"2020-03-10 13:52:20",159
"2020-03-10 14:54:40",155
"2020-03-10 15:54:47",155
"2020-03-10 16:51:00",155
"2020-03-10 17:54:01",155
"2020-03-10 18:53:54",154
"2020-03-10 19:54:04",155
"2020-03-10 20:56:41",155
"2020-03-10 21:54:30",155
"2020-03-10 22:53:37",155
"2020-03-10 23:51:48",155
"2020-03-11 00:54:09",155
"2020-03-11 01:54:18",155
"2020-03-11 02:54:43",155
"2020-03-11 03:51:54",155
"2020-03-11 04:52:07",155
"2020-03-11 05:54:23",155
"2020-03-11 06:53:34",155
"2020-03-11 07:51:04",155
"2020-03-11 08:51:54",155
"2020-03-11 09:50:48",155
"2020-03-11 10:51:02",155
"2020-03-11 11:53:55",155
"2020-03-11 12:54:16",155
"2020-03-11 13:53:52",155
"2020-03-11 14:52:03",152
"2020-03-11 15:51:21",152
"2020-03-11 16:54:28",152
"2020-03-11 17:52:03",152
"2020-03-11 18:51:19",152
"2020-03-11 19:54:41",152
"2020-03-11 20:54:43",150
"2020-03-11 21:51:58",150
"2020-03-11 22:52:05",150
"2020-03-11 23:52:28",150
"2020-03-12 00:51:03",150
"2020-03-12 01:53:56",150
"2020-03-12 02:51:49",150
"2020-03-12 03:53:59",150
"2020-03-12 04:54:30",150
"2020-03-12 05:52:07",150
"2020-03-12 06:51:37",149
"2020-03-12 07:51:50",149
"2020-03-12 08:53:58",149
"2020-03-12 09:52:35",149
"2020-03-12 10:53:46",149
"2020-03-12 11:53:46",149
"2020-03-12 12:53:43",149
"2020-03-12 13:54:58",149
"2020-03-12 14:51:05",147
"2020-03-12 15:51:00",146
"2020-03-12 16:51:26",145
"2020-03-12 17:51:15",145
"2020-03-12 18:54:37",145
"2020-03-12 19:52:10",143
"2020-03-12 20:51:22",143
"2020-03-12 21:54:57",143
"2020-03-12 22:51:11",143
"2020-03-12 23:54:24",143
"2020-03-13 00:54:47",143
"2020-03-13 01:51:06",143
"2020-03-13 02:53:55",143
"2020-03-13 03:54:00",143
"2020-03-13 04:51:49",143
"2020-03-13 05:52:38",143
"2020-03-13 06:55:43",143
"2020-03-13 07:55:10",143
"2020-03-13 08:55:17",143
"2020-03-13 09:55:24",143
"2020-03-13 10:51:53",143
"2020-03-13 11:53:37",143
"2020-03-13 13:11:40",143
"2020-03-13 13:52:47",143
"2020-03-13 14:52:24",143
"2020-03-13 15:52:15",144
"2020-03-13 16:54:06",144
"2020-03-13 17:53:54",144
"2020-03-13 18:54:46",144
"2020-03-13 19:54:05",144
"2020-03-13 20:51:30",144
"2020-03-13 21:51:58",144
"2020-03-13 22:51:13",144
"2020-03-13 23:53:40",144
"2020-03-14 00:52:07",144
"2020-03-14 01:54:32",144
"2020-03-14 02:54:03",144
"2020-03-14 03:51:50",144
"2020-03-14 04:54:42",144
"2020-03-14 05:54:05",144
"2020-03-14 06:52:12",144
"2020-03-14 07:54:35",144
"2020-03-14 08:53:48",144
"2020-03-14 09:53:50",143
"2020-03-14 10:51:39",143
"2020-03-14 11:51:27",143
"2020-03-14 12:51:44",143
"2020-03-14 13:51:12",143
"2020-03-14 14:53:59",143
"2020-03-14 15:51:13",143
"2020-03-14 16:53:47",143
"2020-03-14 17:51:56",143
"2020-03-14 18:53:58",143
"2020-03-14 19:52:10",143
"2020-03-14 20:54:25",143
"2020-03-14 21:53:49",143
"2020-03-14 22:54:47",143
"2020-03-14 23:53:40",143
"2020-03-15 00:51:43",143
"2020-03-15 01:51:56",143
"2020-03-15 02:54:33",143
"2020-03-15 03:54:43",143
"2020-03-15 04:51:21",143
"2020-03-15 05:54:36",143
"2020-03-15 06:52:12",143
"2020-03-15 07:54:47",143
"2020-03-15 09:04:34",143
"2020-03-15 09:52:43",143
"2020-03-15 10:53:30",143
"2020-03-15 11:54:38",143
"2020-03-15 12:53:46",143
"2020-03-15 13:51:23",143
"2020-03-15 14:52:37",143
"2020-03-15 15:51:48",143
"2020-03-15 16:53:45",143
"2020-03-15 17:52:14",143
"2020-03-15 18:54:31",143
"2020-03-15 19:53:55",143
"2020-03-15 20:52:02",143
"2020-03-15 21:52:06",143
"2020-03-15 22:53:53",143
"2020-03-15 23:53:42",143
"2020-03-16 00:51:18",143
"2020-03-16 01:51:20",143
"2020-03-16 02:51:12",143
"2020-03-16 03:53:02",143
"2020-03-16 04:53:55",143
"2020-03-16 05:54:47",143
"2020-03-16 06:52:02",143
"2020-03-16 07:54:33",143
"2020-03-16 09:03:09",143
"2020-03-16 09:53:47",143
"2020-03-16 10:52:02",143
"2020-03-16 11:53:30",143
"2020-03-16 13:13:19",143
"2020-03-16 14:51:56",143
"2020-03-16 15:53:43",143
"2020-03-16 16:51:29",143
"2020-03-16 17:52:05",142
"2020-03-16 18:51:27",142
"2020-03-16 19:54:41",142
"2020-03-16 20:51:09",142
"2020-03-16 21:52:13",142
"2020-03-16 22:51:32",142
"2020-03-16 23:54:11",142
"2020-03-17 00:54:02",142
"2020-03-17 01:51:24",142
"2020-03-17 02:53:56",142
"2020-03-17 20:15:05",137
"2020-03-17 20:23:59",137
"2020-03-17 20:52:11",137
"2020-03-17 21:51:34",137
"2020-03-17 22:51:16",137
"2020-03-17 23:51:43",137
"2020-03-18 00:52:11",137
"2020-03-18 01:52:20",137
"2020-03-18 02:52:13",137
"2020-03-18 03:52:30",137
"2020-03-18 04:52:18",137
"2020-03-18 05:52:31",137
"2020-03-18 06:51:44",137
"2020-03-18 07:52:28",137
"2020-03-18 08:50:58",137
"2020-03-18 09:51:54",137
"2020-03-18 10:51:21",137
"2020-03-18 11:51:23",137
"2020-03-18 13:13:11",137
"2020-03-18 13:52:42",137
"2020-03-18 14:51:53",137
"2020-03-18 15:51:57",137
"2020-03-18 16:51:44",136
"2020-03-18 17:52:31",136
"2020-03-18 18:51:36",136
"2020-03-18 19:52:17",133
"2020-03-18 20:51:38",133
"2020-03-18 21:51:32",133
"2020-03-18 22:51:25",133
"2020-03-18 23:51:59",133
"2020-03-19 00:51:39",133
"2020-03-19 01:52:16",133
"2020-03-19 02:51:24",133
"2020-03-19 03:51:18",133
"2020-03-19 04:51:33",133
"2020-03-19 05:54:43",133
"2020-03-19 06:51:44",133
"2020-03-19 07:51:50",133
"2020-03-19 08:51:26",133
"2020-03-19 09:52:02",133
"2020-03-19 10:51:03",133
"2020-03-19 11:51:18",133
"2020-03-19 12:51:08",133
"2020-03-19 13:51:46",133
"2020-03-19 14:51:48",131
"2020-03-19 15:51:46",131
"2020-03-19 16:51:48",131
"2020-03-19 17:51:44",130
"2020-03-19 18:51:15",131
"2020-03-19 19:51:59",131
"2020-03-19 20:52:32",131
"2020-03-19 21:52:04",131
"2020-03-19 22:51:25",131
"2020-03-19 23:52:55",131
"2020-03-20 00:51:25",131
"2020-03-20 01:51:17",131
"2020-03-20 02:53:11",131
"2020-03-20 03:51:39",131
"2020-03-20 04:51:44",131
"2020-03-20 06:52:14",131
"2020-03-20 07:51:46",131
"2020-03-20 08:53:00",131
"2020-03-20 09:52:12",131
"2020-03-20 10:51:36",131
"2020-03-20 11:51:23",131
"2020-03-20 13:12:05",131
"2020-03-20 13:52:41",131
"2020-03-20 14:51:41",130
"2020-03-20 15:51:30",130
"2020-03-20 16:51:36",130
"2020-03-20 17:51:39",130
"2020-03-20 18:51:26",129
"2020-03-20 19:51:46",129
"2020-03-20 20:51:39",130
"2020-03-20 21:51:17",130
"2020-03-20 22:52:19",130
"2020-03-20 23:52:30",130
"2020-03-21 00:51:49",130
"2020-03-21 01:51:37",130
"2020-03-21 02:52:14",130
"2020-03-21 03:52:20",130
"2020-03-21 04:51:22",130
"2020-03-21 05:51:16",130
"2020-03-21 06:51:30",130
"2020-03-21 07:52:01",130
"2020-03-21 09:14:31",130
"2020-03-21 09:51:31",130
"2020-03-21 10:51:36",130
"2020-03-21 11:51:52",130
"2020-03-21 12:51:11",130
"2020-03-21 13:51:25",130
"2020-03-21 14:52:48",130
"2020-03-21 15:52:11",130
"2020-03-21 16:51:59",130
"2020-03-21 17:52:34",130
"2020-03-21 18:51:40",130
"2020-03-21 19:51:44",130
"2020-03-21 20:51:12",130
"2020-03-21 21:51:40",130
"2020-03-21 22:51:21",130
"2020-03-21 23:51:26",130
"2020-03-22 00:51:15",130
"2020-03-22 01:52:04",130
"2020-03-22 02:51:21",130
"2020-03-22 03:52:37",130
"2020-03-22 04:51:43",130
"2020-03-22 05:51:43",130
"2020-03-22 06:52:14",130
"2020-03-22 07:52:08",130
"2020-03-22 09:18:46",130
"2020-03-22 09:51:31",130
"2020-03-22 10:52:03",130
"2020-03-22 11:51:16",130
"2020-03-22 12:52:01",130
"2020-03-22 22:01:23",130
"2020-03-22 22:52:14",130
"2020-03-22 23:51:38",130
"2020-03-23 00:53:15",130
"2020-03-23 01:52:19",130
"2020-03-23 02:51:17",130
"2020-03-23 03:51:27",130
"2020-03-23 04:52:25",130
"2020-03-23 05:52:10",130
"2020-03-23 06:51:59",130
"2020-03-23 07:51:28",130
"2020-03-23 08:51:36",130
"2020-03-23 09:52:19",130
"2020-03-23 10:51:32",130
"2020-03-23 11:52:09",130
"2020-03-23 13:11:34",130
"2020-03-23 13:52:00",130
"2020-03-23 14:52:19",130
"2020-03-23 15:51:52",131
"2020-03-23 16:52:32",131
"2020-03-23 17:51:42",131
"2020-03-23 18:51:30",132
"2020-03-23 19:52:13",131
"2020-03-23 20:52:16",133
"2020-03-23 21:51:38",133
"2020-03-23 22:51:37",133
"2020-03-23 23:51:39",133
"2020-03-24 00:51:27",133
"2020-03-24 01:51:28",133
"2020-03-24 02:51:17",133
"2020-03-24 03:51:44",133
"2020-03-24 04:52:14",133
"2020-03-24 05:54:36",133
"2020-03-24 06:52:36",133
"2020-03-24 07:52:48",133
"2020-03-24 09:13:05",133
"2020-03-24 09:51:04",133
"2020-03-24 10:51:10",133
"2020-03-24 11:51:15",133
"2020-03-24 12:50:47",133
"2020-03-24 13:53:24",133
"2020-03-24 14:53:46",134
"2020-03-24 15:53:00",135
"2020-03-24 16:53:04",134
"2020-03-24 17:52:26",134
"2020-03-24 18:52:21",134
"2020-03-24 19:51:49",134
"2020-03-24 20:51:25",133
"2020-03-24 21:51:10",133
"2020-03-24 22:52:13",133
"2020-03-24 23:52:02",133
"2020-03-25 00:51:32",133
"2020-03-25 01:51:40",133
"2020-03-25 02:51:22",133
"2020-03-25 03:51:24",133
"2020-03-25 04:51:02",133
"2020-03-25 06:52:42",133
"2020-03-25 07:51:25",133
"2020-03-25 09:53:12",133
"2020-03-25 10:51:33",133
"2020-03-25 11:52:09",133
"2020-03-25 12:52:08",133
"2020-03-25 13:52:47",133
"2020-03-25 14:52:38",133
"2020-03-25 15:53:06",133
"2020-03-25 16:52:36",133
"2020-03-25 17:53:24",133
"2020-03-25 18:51:35",133
"2020-03-25 19:51:39",133
"2020-03-25 20:51:52",133
"2020-03-25 21:51:18",133
"2020-03-25 22:51:24",133
"2020-03-25 23:51:33",133
"2020-03-26 02:09:58",133
"2020-03-26 02:51:35",133
"2020-03-26 03:52:07",133
"2020-03-26 04:53:08",133
"2020-03-26 05:51:50",133
"2020-03-26 06:51:55",133
"2020-03-26 07:51:56",133
"2020-03-26 08:51:24",133
"2020-03-26 09:52:06",133
"2020-03-26 10:51:09",133
"2020-03-26 11:51:39",133
"2020-03-26 12:51:40",133
"2020-03-26 13:51:47",133
"2020-03-26 14:52:05",132
"2020-03-26 15:51:58",133
"2020-03-26 16:51:43",133
"2020-03-26 17:52:13",134
"2020-03-26 18:51:32",134
"2020-03-26 19:51:34",134
"2020-03-26 20:51:39",134
"2020-03-26 21:52:02",134
"2020-03-26 22:51:22",134
"2020-03-26 23:52:19",134
"2020-03-27 00:51:39",134
"2020-03-27 01:51:55",134
"2020-03-27 02:52:13",134
"2020-03-27 03:51:42",134
"2020-03-27 04:52:01",134
"2020-03-27 05:51:37",134
"2020-03-27 06:52:11",134
"2020-03-27 07:52:41",134
"2020-03-27 08:55:10",134
"2020-03-27 09:52:47",134
"2020-03-27 10:51:51",134
"2020-03-27 11:51:24",134
"2020-03-27 12:51:18",134
"2020-03-27 13:52:16",134
"2020-03-27 14:51:35",134
"2020-03-27 15:51:40",133
"2020-03-27 16:52:01",133
"2020-03-27 17:51:40",133
"2020-03-27 18:52:29",133
"2020-03-27 19:51:39",133
"2020-03-27 20:51:35",133
"2020-03-27 21:52:26",133
"2020-03-27 22:51:39",133
"2020-03-27 23:51:56",133
"2020-03-28 00:52:10",133
"2020-03-28 01:51:07",133
"2020-03-28 02:51:20",133
"2020-03-28 03:51:41",133
"2020-03-28 04:51:30",133
"2020-03-28 05:53:01",133
"2020-03-28 06:51:43",133
"2020-03-28 07:51:07",133
"2020-03-28 08:51:24",133
"2020-03-28 09:51:58",133
"2020-03-28 10:52:26",133
"2020-03-28 11:51:28",133
"2020-03-28 12:52:09",133
"2020-03-28 13:52:07",133
"2020-03-28 14:51:37",133
"2020-03-28 15:51:32",133
"2020-03-28 16:51:18",133
"2020-03-28 17:51:36",133
"2020-03-28 18:51:49",133
"2020-03-28 19:51:19",133
"2020-03-28 20:51:39",133
"2020-03-28 21:51:11",133
"2020-03-28 22:52:51",133
"2020-03-28 23:51:38",133
"2020-03-29 00:51:52",133
"2020-03-29 01:52:13",133
"2020-03-29 02:52:51",133
"2020-03-29 03:53:06",133
"2020-03-29 04:52:11",133
"2020-03-29 05:51:51",133
"2020-03-29 06:53:06",133
"2020-03-29 07:52:00",133
"2020-03-29 08:51:33",133
"2020-03-29 09:51:30",133
"2020-03-29 10:52:28",133
"2020-03-29 11:51:37",133
"2020-03-29 12:51:22",133
"2020-03-29 13:51:21",133
"2020-03-29 14:51:23",133
"2020-03-29 15:51:22",133
"2020-03-29 16:51:35",133
"2020-03-29 17:52:09",133
"2020-03-29 18:51:30",133
"2020-03-29 19:51:23",133
"2020-03-29 20:51:21",133
"2020-03-29 21:52:51",133
"2020-03-29 22:51:39",133
"2020-03-29 23:51:46",133
"2020-03-30 00:51:38",133
"2020-03-30 01:51:31",133
"2020-03-30 02:52:31",133
"2020-03-30 03:51:35",133
"2020-03-30 04:52:25",133
"2020-03-30 05:51:22",133
"2020-03-30 06:51:46",133
"2020-03-30 07:52:20",133
"2020-03-30 08:51:26",133
"2020-03-30 09:51:09",133
"2020-03-30 10:51:18",133
"2020-03-30 11:50:50",133
"2020-03-30 12:51:19",133
"2020-03-30 13:52:37",133
"2020-03-30 14:51:32",135
"2020-03-30 15:52:18",135
"2020-03-30 16:51:44",135
"2020-03-30 17:52:10",135
"2020-03-30 18:51:46",135
"2020-03-30 19:52:23",135
"2020-03-30 20:51:29",136
"2020-03-30 21:52:07",136
"2020-03-30 22:51:20",136
"2020-03-30 23:51:15",136
"2020-03-31 00:51:04",136
"2020-03-31 01:51:21",136
"2020-03-31 02:51:21",136
"2020-03-31 03:51:53",136
"2020-03-31 04:51:24",136
"2020-03-31 05:51:26",136
"2020-03-31 06:51:23",136
"2020-03-31 07:51:36",136
"2020-03-31 08:51:30",136
"2020-03-31 09:51:26",136
"2020-03-31 10:51:21",136
"2020-03-31 11:52:07",136
"2020-03-31 13:10:37",136
"2020-03-31 13:51:46",136
"2020-03-31 14:52:43",136
"2020-03-31 15:51:29",136
"2020-03-31 16:52:39",136
"2020-03-31 17:51:36",136
"2020-03-31 18:52:04",136
"2020-03-31 19:51:25",137
"2020-03-31 20:52:14",137
"2020-03-31 21:51:26",137
"2020-03-31 22:51:32",137
"2020-03-31 23:50:41",137
"2020-04-01 00:50:05",137
"2020-04-01 01:50:05",137
"2020-04-01 02:50:01",137
"2020-04-01 03:50:12",137
"2020-04-01 04:50:35",137
"2020-04-01 05:50:58",137
"2020-04-01 06:50:18",137
"2020-04-01 07:50:54",137
"2020-04-01 08:50:02",137
"2020-04-01 09:50:24",137
"2020-04-01 10:49:39",137
"2020-04-01 11:51:19",137
"2020-04-01 13:13:38",137
"2020-04-01 13:50:04",137
"2020-04-01 14:51:21",136
"2020-04-01 15:50:45",136
"2020-04-01 16:49:47",135
"2020-04-01 17:49:43",135
"2020-04-01 18:49:51",135
"2020-04-01 19:50:02",135
"2020-04-01 20:50:07",135
"2020-04-01 21:49:49",135
"2020-04-01 22:49:50",135
"2020-04-01 23:50:53",135
"2020-04-02 00:49:59",135
"2020-04-02 01:50:48",135
"2020-04-02 02:49:56",135
"2020-04-02 03:50:43",135
"2020-04-02 04:50:02",135
"2020-04-02 05:50:14",135
"2020-04-02 06:49:34",135
"2020-04-02 07:50:45",135
"2020-04-02 08:51:43",135
"2020-04-02 09:50:42",135
"2020-04-02 10:50:06",135
"2020-04-02 11:49:54",135
"2020-04-02 13:14:40",135
"2020-04-02 13:50:58",135
"2020-04-02 14:49:47",135
"2020-04-02 15:50:13",134
"2020-04-02 16:49:39",134
"2020-04-02 17:49:50",134
"2020-04-02 19:49:52",133
"2020-04-02 20:50:32",133
"2020-04-02 21:51:30",133
"2020-04-02 22:50:59",133
"2020-04-02 23:49:51",133
"2020-04-03 00:50:14",133
"2020-04-03 01:50:45",133
"2020-04-03 02:50:06",133
"2020-04-03 03:49:52",133
"2020-04-03 04:50:32",133
"2020-04-03 05:50:47",133
"2020-04-03 06:50:00",133
"2020-04-03 08:50:02",133
"2020-04-03 09:50:01",133
"2020-04-03 10:50:42",133
"2020-04-03 11:49:53",133
"2020-04-03 13:15:40",133
"2020-04-03 13:50:14",133
"2020-04-03 14:50:19",133
"2020-04-03 15:50:51",133
"2020-04-03 16:50:47",133
"2020-04-03 17:50:50",133
"2020-04-03 18:50:52",133
"2020-04-03 19:49:57",133
"2020-04-03 20:49:53",132
"2020-04-03 21:50:12",132
"2020-04-03 22:51:23",132
"2020-04-03 23:50:04",132
"2020-04-04 00:49:48",132
"2020-04-04 01:50:41",132
"2020-04-04 02:50:09",132
"2020-04-04 03:50:14",132
"2020-04-04 04:50:28",132
"2020-04-04 05:50:42",132
"2020-04-04 06:49:49",132
"2020-04-04 07:50:55",132
"2020-04-04 08:50:32",132
"2020-04-04 09:50:30",132
"2020-04-04 10:50:01",132
"2020-04-04 11:49:59",132
"2020-04-04 12:49:57",132
"2020-04-04 13:49:53",132
"2020-04-04 14:50:25",132
"2020-04-04 15:49:43",132
"2020-04-04 16:50:00",132
"2020-04-04 17:50:02",132
"2020-04-04 18:49:54",132
"2020-04-04 19:49:58",132
"2020-04-04 20:49:47",132
"2020-04-04 21:49:53",132
"2020-04-04 22:50:53",132
"2020-04-04 23:49:50",132
"2020-04-05 00:51:13",132
"2020-04-05 01:50:41",132
"2020-04-05 02:49:46",132
"2020-04-05 03:50:01",132
"2020-04-05 04:50:42",132
"2020-04-05 05:50:27",132
"2020-04-05 06:50:35",132
"2020-04-05 07:50:02",132
"2020-04-05 08:50:11",132
"2020-04-05 09:49:54",132
"2020-04-05 10:50:53",132
"2020-04-05 11:50:41",132
"2020-04-05 12:49:49",132
"2020-04-05 13:50:48",132
"2020-04-05 14:50:00",132
"2020-04-05 15:49:45",132
"2020-04-05 16:50:43",132
"2020-04-05 17:49:40",132
"2020-04-05 18:50:04",132
"2020-04-05 19:49:50",132
"2020-04-05 20:50:02",132
"2020-04-05 21:50:08",132
"2020-04-05 22:50:35",132
"2020-04-05 23:49:51",132
"2020-04-06 00:49:47",132
"2020-04-06 01:50:07",132
"2020-04-06 02:50:33",132
"2020-04-06 03:51:30",132
"2020-04-06 04:49:33",132
"2020-04-06 05:50:20",132
"2020-04-06 06:50:23",132
"2020-04-06 07:49:58",132
"2020-04-06 08:50:42",132
"2020-04-06 09:49:51",132
"2020-04-06 10:50:21",132
"2020-04-06 11:49:40",132
"2020-04-06 12:50:17",132
"2020-04-06 13:50:03",132
"2020-04-06 14:50:00",132
"2020-04-06 15:50:02",132
"2020-04-06 16:49:48",132
"2020-04-06 17:49:47",132
"2020-04-06 18:53:16",133
"2020-04-06 19:50:40",134
"2020-04-06 20:49:53",134
"2020-04-06 21:49:42",134
"2020-04-06 22:50:02",134
"2020-04-06 23:50:24",134
"2020-04-07 00:50:03",134
"2020-04-07 01:50:20",134
"2020-04-07 02:50:05",134
"2020-04-07 03:49:51",134
"2020-04-07 04:49:55",134
"2020-04-07 05:49:42",134
"2020-04-07 06:50:16",134
"2020-04-07 07:50:02",134
"2020-04-07 08:50:35",134
"2020-04-07 09:49:50",134
"2020-04-07 10:49:33",134
"2020-04-07 11:49:48",134
"2020-04-07 12:49:49",134
"2020-04-07 13:49:58",134
"2020-04-07 14:49:28",134
"2020-04-07 15:49:43",134
"2020-04-07 16:50:08",135
"2020-04-07 17:49:36",134
"2020-04-07 18:49:41",134
"2020-04-07 19:49:39",134
"2020-04-07 20:49:57",134
"2020-04-07 21:50:07",134
"2020-04-07 22:49:45",134
"2020-04-07 23:49:52",134
"2020-04-08 00:50:04",134
"2020-04-08 01:49:43",134
"2020-04-08 02:49:24",134
"2020-04-08 03:50:06",134
"2020-04-08 04:49:34",134
"2020-04-08 06:49:58",134
"2020-04-08 07:50:14",134
"2020-04-08 09:12:01",134
"2020-04-08 09:49:52",134
"2020-04-08 10:49:44",134
"2020-04-08 11:49:39",134
"2020-04-08 12:49:39",134
"2020-04-08 13:49:50",134
"2020-04-08 14:49:33",135
"2020-04-08 15:49:55",134
"2020-04-08 16:49:40",134
"2020-04-08 17:50:15",135
"2020-04-08 18:49:39",135
"2020-04-08 19:50:12",135
"2020-04-08 20:49:52",135
"2020-04-08 21:49:41",135
"2020-04-08 22:49:32",135
"2020-04-08 23:49:47",135
"2020-04-09 00:49:38",135
"2020-04-09 02:49:46",135
"2020-04-09 03:49:39",135
"2020-04-09 04:50:19",135
"2020-04-09 05:49:54",135
"2020-04-09 06:50:25",135
"2020-04-09 07:49:28",135
"2020-04-09 08:49:33",135
"2020-04-09 09:49:30",135
"2020-04-09 10:49:42",135
"2020-04-09 11:49:41",135
"2020-04-09 12:49:37",135
"2020-04-09 13:50:00",135
"2020-04-09 14:49:59",135
"2020-04-09 15:49:22",135
"2020-04-09 16:49:42",136
"2020-04-09 17:49:41",135
"2020-04-09 18:49:19",135
"2020-04-09 19:50:13",135
"2020-04-09 20:49:41",135
"2020-04-09 21:49:37",135
"2020-04-09 22:49:35",135
"2020-04-09 23:49:32",135
"2020-04-10 00:49:43",135
"2020-04-10 01:49:29",135
"2020-04-10 02:49:51",135
"2020-04-10 03:49:43",135
"2020-04-10 04:49:35",135
"2020-04-10 05:49:54",135
"2020-04-10 06:49:33",135
"2020-04-10 07:49:35",135
"2020-04-10 08:49:53",135
"2020-04-10 09:49:38",135
"2020-04-10 10:49:45",135
"2020-04-10 11:49:43",135
"2020-04-10 12:49:39",135
"2020-04-10 13:49:47",135
"2020-04-10 14:50:03",135
"2020-04-10 15:49:42",135
"2020-04-10 16:49:28",135
"2020-04-10 17:49:39",135
"2020-04-10 18:49:40",135
"2020-04-10 19:49:41",135
"2020-04-10 20:50:17",135
"2020-04-10 21:49:11",135
"2020-04-10 22:49:07",135
"2020-04-10 23:49:10",135
"2020-04-11 00:49:19",135
"2020-04-11 01:49:00",135
"2020-04-11 02:49:09",135
"2020-04-11 03:49:09",135
"2020-04-11 04:49:18",135
"2020-04-11 05:49:04",135
"2020-04-11 06:49:10",135
"2020-04-11 07:49:07",135
"2020-04-11 08:48:56",135
"2020-04-11 09:48:59",135
"2020-04-11 10:49:19",135
"2020-04-11 11:48:58",135
"2020-04-11 12:49:07",135
"2020-04-11 13:49:19",135
"2020-04-11 14:48:57",135
"2020-04-11 15:49:21",135
"2020-04-11 16:49:14",135
"2020-04-11 17:49:15",135
"2020-04-11 18:49:12",135
"2020-04-11 19:49:06",135
"2020-04-11 20:48:56",135
"2020-04-11 21:49:07",135
"2020-04-11 22:49:06",135
"2020-04-11 23:49:07",135
"2020-04-12 00:49:21",135
"2020-04-12 01:49:06",135
"2020-04-12 02:49:05",135
"2020-04-12 03:49:00",135
"2020-04-12 04:49:27",135
"2020-04-12 05:49:13",135
"2020-04-12 06:49:12",135
"2020-04-12 07:49:02",135
"2020-04-12 08:49:04",135
"2020-04-12 09:49:11",135
"2020-04-12 10:49:11",135
"2020-04-12 11:49:01",135
"2020-04-12 12:49:08",135
"2020-04-12 13:49:18",135
"2020-04-12 14:49:10",135
"2020-04-12 15:49:08",135
"2020-04-12 16:49:06",135
"2020-04-12 17:48:58",135
"2020-04-12 18:49:15",135
"2020-04-12 19:49:08",135
"2020-04-12 20:49:32",135
"2020-04-12 21:49:15",135
"2020-04-12 22:49:21",135
"2020-04-12 23:49:32",135
"2020-04-13 00:49:46",135
"2020-04-13 01:49:24",135
"2020-04-13 02:49:30",135
"2020-04-13 03:49:54",135
"2020-04-13 04:49:35",135
"2020-04-13 05:49:30",135
"2020-04-13 06:49:08",135
"2020-04-13 07:48:56",135
"2020-04-13 08:49:10",135
"2020-04-13 09:49:04",135
"2020-04-13 10:49:03",135
"2020-04-13 11:49:17",135
"2020-04-13 13:12:30",135
"2020-04-13 13:49:02",135
"2020-04-13 14:49:00",135
"2020-04-13 15:49:04",135
"2020-04-13 16:49:11",135
"2020-04-13 17:49:25",135
"2020-04-13 18:48:57",135
"2020-04-13 19:49:01",135
"2020-04-13 20:49:09",135
"2020-04-13 21:49:13",135
"2020-04-13 22:48:59",135
"2020-04-13 23:49:11",135
"2020-04-14 00:49:49",135
"2020-04-14 01:49:43",135
"2020-04-14 02:49:33",135
"2020-04-14 03:49:36",135
"2020-04-14 04:49:35",135
"2020-04-14 05:49:43",135
"2020-04-14 06:49:19",135
"2020-04-14 07:49:10",135
"2020-04-14 08:49:13",135
"2020-04-14 09:49:11",135
"2020-04-14 10:49:11",135
"2020-04-14 11:49:11",135
"2020-04-14 12:49:08",135
"2020-04-14 13:49:15",135
"2020-04-14 14:49:29",135
"2020-04-14 15:49:31",135
"2020-04-14 16:49:35",134
"2020-04-14 17:48:58",134
"2020-04-14 18:49:40",134
"2020-04-14 19:49:08",134
"2020-04-14 20:49:06",134
"2020-04-14 21:49:10",134
"2020-04-14 22:49:07",134
"2020-04-14 23:49:27",134
"2020-04-15 00:49:29",134
"2020-04-15 01:49:31",134
"2020-04-15 02:49:27",134
"2020-04-15 03:49:26",134
"2020-04-15 04:49:26",134
"2020-04-15 05:49:03",134
"2020-04-15 06:48:59",134
"2020-04-15 07:49:09",134
"2020-04-15 08:49:14",134
"2020-04-15 09:49:09",134
"2020-04-15 10:49:00",134
"2020-04-15 11:48:58",134
"2020-04-15 13:15:35",134
"2020-04-15 14:49:11",134
"2020-04-15 15:49:02",134
"2020-04-15 16:49:21",134
"2020-04-15 17:49:03",135
"2020-04-15 18:49:08",135
"2020-04-15 19:49:20",135
"2020-04-15 20:49:06",135
"2020-04-15 21:49:17",135
"2020-04-15 22:49:18",135
"2020-04-15 23:49:23",135
"2020-04-16 00:49:29",135
"2020-04-16 01:49:37",135
"2020-04-16 02:49:40",135
"2020-04-16 03:49:40",135
"2020-04-16 04:49:42",135
"2020-04-16 05:49:16",135
"2020-04-16 06:49:32",135
"2020-04-16 07:49:13",135
"2020-04-16 08:49:12",134
"2020-04-16 09:49:03",134
"2020-04-16 10:49:12",134
"2020-04-16 11:49:11",134
"2020-04-16 12:49:11",134
"2020-04-16 13:49:12",134
"2020-04-16 14:49:07",134
"2020-04-16 15:49:39",135
"2020-04-16 16:49:40",133
"2020-04-16 17:49:15",133
"2020-04-16 18:49:35",133
"2020-04-16 19:49:06",133
"2020-04-16 20:49:18",133
"2020-04-16 21:49:42",133
"2020-04-16 22:49:14",133
"2020-04-16 23:49:42",133
"2020-04-17 00:49:30",133
"2020-04-17 01:49:31",133
"2020-04-17 02:49:40",133
"2020-04-17 03:49:20",133
"2020-04-17 04:49:14",133
"2020-04-17 05:49:20",133
"2020-04-17 06:49:20",133
"2020-04-17 07:49:34",133
"2020-04-17 08:49:17",133
"2020-04-17 09:49:12",133
"2020-04-17 10:49:16",133
"2020-04-17 11:49:03",133
"2020-04-17 13:12:35",133
"2020-04-17 13:49:33",133
"2020-04-17 14:49:16",133
"2020-04-17 15:49:22",134
"2020-04-17 16:49:01",134
"2020-04-17 17:49:10",134
"2020-04-17 18:49:39",134
"2020-04-17 19:49:30",134
"2020-04-17 20:49:39",134
"2020-04-17 21:49:34",134
"2020-04-17 22:49:23",134
"2020-04-17 23:49:35",134
"2020-04-18 00:49:32",134
"2020-04-18 01:49:28",134
"2020-04-18 02:49:22",134
"2020-04-18 03:49:23",134
"2020-04-18 04:49:38",134
"2020-04-18 05:49:36",134
"2020-04-18 06:49:13",134
"2020-04-18 07:49:06",134
"2020-04-18 08:49:34",134
"2020-04-18 09:48:57",134
"2020-04-18 10:49:11",134
"2020-04-18 11:49:16",134
"2020-04-18 12:48:58",134
"2020-04-18 13:49:27",134
"2020-04-18 14:49:07",134
"2020-04-18 15:49:19",134
"2020-04-18 16:48:58",134
"2020-04-18 17:49:16",134
"2020-04-18 18:49:16",134
"2020-04-18 19:49:10",134
"2020-04-18 20:49:17",134
"2020-04-18 21:49:07",134
"2020-04-18 22:49:25",134
"2020-04-18 23:49:46",134
"2020-04-19 00:49:46",134
"2020-04-19 01:50:05",134
"2020-04-19 02:49:36",134
"2020-04-19 03:49:39",134
"2020-04-19 04:50:07",134
"2020-04-19 05:49:29",134
"2020-04-19 06:49:37",134
"2020-04-19 07:49:26",134
"2020-04-19 08:49:13",134
"2020-04-19 09:49:11",134
"2020-04-19 10:49:11",134
"2020-04-19 11:48:59",134
"2020-04-19 12:49:03",134
"2020-04-19 13:49:32",134
"2020-04-19 14:49:02",134
"2020-04-19 15:49:19",134
"2020-04-19 16:49:19",134
"2020-04-19 17:49:43",134
"2020-04-19 18:49:13",134
"2020-04-19 19:49:09",134
"2020-04-19 20:49:01",134
"2020-04-19 21:49:55",134
"2020-04-19 22:49:43",134
"2020-04-19 23:49:30",134
"2020-04-20 00:49:55",134
"2020-04-20 01:49:43",134
"2020-04-20 02:49:59",134
"2020-04-20 03:49:59",134
"2020-04-20 04:49:33",134
"2020-04-20 05:49:56",134
"2020-04-20 06:49:39",134
"2020-04-20 07:49:11",134
"2020-04-20 08:49:08",134
"2020-04-20 09:49:09",134
"2020-04-20 10:49:09",134
"2020-04-20 11:49:07",134
"2020-04-20 12:49:08",134
"2020-04-20 13:49:06",134
"2020-04-20 14:49:48",134
"2020-04-20 15:49:16",133
"2020-04-20 16:49:26",134
"2020-04-20 17:49:25",134
"2020-04-20 18:49:38",134
"2020-04-20 20:50:28",134
"2020-04-20 21:50:16",134
"2020-04-20 22:50:45",134
"2020-04-20 23:49:38",134
"2020-04-21 00:49:56",134
"2020-04-21 01:49:41",134
"2020-04-21 02:49:37",134
"2020-04-21 03:51:56",134
"2020-04-21 04:52:32",134
"2020-04-21 05:52:35",134
"2020-04-21 06:49:38",134
"2020-04-21 07:49:23",134
"2020-04-21 08:49:19",134
"2020-04-21 09:49:15",134
"2020-04-21 10:49:13",134
"2020-04-21 11:49:12",134
"2020-04-21 12:49:14",134
"2020-04-21 13:49:49",134
"2020-04-21 14:49:38",134
"2020-04-21 15:48:58",133
"2020-04-21 16:48:57",133
"2020-04-21 17:49:37",133
"2020-04-21 18:48:58",133
"2020-04-21 19:49:09",133
"2020-04-21 20:49:48",133
"2020-04-21 21:49:55",133
"2020-04-21 22:49:47",133
"2020-04-21 23:49:09",133
"2020-04-22 00:49:33",133
"2020-04-22 01:49:47",133
"2020-04-22 02:49:50",133
"2020-04-22 03:49:32",133
"2020-04-22 04:49:08",133
"2020-04-22 05:49:12",133
"2020-04-22 06:49:40",133
"2020-04-22 07:49:27",133
"2020-04-22 08:49:04",133
"2020-04-22 09:49:20",133
"2020-04-22 10:49:54",133
"2020-04-22 11:49:04",133
"2020-04-22 12:49:13",133
"2020-04-22 13:49:01",133
"2020-04-22 14:49:33",133
"2020-04-22 15:49:05",133
"2020-04-22 16:49:43",133
"2020-04-22 17:49:55",133
"2020-04-22 18:49:32",133
"2020-04-22 19:49:08",133
"2020-04-22 20:49:20",133
"2020-04-22 21:49:37",133
"2020-04-22 22:49:30",133
"2020-04-22 23:49:37",133
"2020-04-23 00:49:07",133
"2020-04-23 01:49:34",133
"2020-04-23 02:49:44",133
"2020-04-23 03:49:43",133
"2020-04-23 04:49:24",133
"2020-04-23 05:48:59",133
"2020-04-23 06:49:10",133
"2020-04-23 07:49:16",133
"2020-04-23 08:49:08",133
"2020-04-23 09:48:56",133
"2020-04-23 10:49:07",133
"2020-04-23 11:49:22",133
"2020-04-23 12:49:01",133
"2020-04-23 13:49:00",133
"2020-04-23 14:49:03",133
"2020-04-23 15:49:10",132
"2020-04-23 16:49:37",132
"2020-04-23 17:49:01",132
"2020-04-23 18:49:18",132
"2020-04-23 19:49:06",132
"2020-04-23 20:49:45",132
"2020-04-23 21:49:14",132
"2020-04-23 22:49:07",132
"2020-04-23 23:49:18",132
"2020-04-24 00:49:32",132
"2020-04-24 01:50:05",132
"2020-04-24 02:48:58",132
"2020-04-24 03:49:47",132
"2020-04-24 04:49:26",132
"2020-04-24 05:49:01",132
"2020-04-24 06:49:03",132
"2020-04-24 07:48:55",132
"2020-04-24 08:49:17",132
"2020-04-24 09:49:06",132
"2020-04-24 10:49:04",132
"2020-04-24 11:48:56",132
"2020-04-24 13:13:37",132
"2020-04-24 13:49:38",132
"2020-04-24 14:49:17",132
"2020-04-24 15:49:06",132
"2020-04-24 16:49:09",133
"2020-04-24 17:49:15",133
"2020-04-24 18:50:27",133
"2020-04-24 19:49:08",133
"2020-04-24 20:49:19",133
"2020-04-24 21:49:55",133
"2020-04-24 22:49:54",133
"2020-04-24 23:49:20",133
"2020-04-25 00:49:43",133
"2020-04-25 01:49:48",133
"2020-04-25 02:49:41",133
"2020-04-25 03:49:47",133
"2020-04-25 04:49:43",133
"2020-04-25 05:49:55",133
"2020-04-25 06:49:23",133
"2020-04-25 07:49:10",133
"2020-04-25 08:49:22",133
"2020-04-25 09:49:16",133
"2020-04-25 10:49:04",133
"2020-04-25 11:49:14",133
"2020-04-25 12:49:10",133
"2020-04-25 13:49:31",133
"2020-04-25 14:49:16",133
"2020-04-25 15:49:22",133
"2020-04-25 16:49:29",133
"2020-04-25 17:49:24",133
"2020-04-25 18:49:09",133
"2020-04-25 19:49:22",133
"2020-04-25 20:49:12",133
"2020-04-25 21:49:10",133
"2020-04-25 22:49:17",133
"2020-04-25 23:49:19",133
"2020-04-26 00:49:15",133
"2020-04-26 01:49:39",133
"2020-04-26 02:49:36",133
"2020-04-26 03:49:48",133
"2020-04-26 04:49:07",133
"2020-04-26 05:49:52",133
"2020-04-26 06:49:25",133
"2020-04-26 07:49:18",133
"2020-04-26 08:49:14",133
"2020-04-26 09:49:13",133
"2020-04-26 10:49:05",133
"2020-04-26 11:49:19",133
"2020-04-26 12:49:14",133
"2020-04-26 13:49:02",133
"2020-04-26 14:49:08",133
"2020-04-26 15:49:19",133
"2020-04-26 16:49:16",133
"2020-04-26 17:49:14",133
"2020-04-26 18:49:12",133
"2020-04-26 19:49:03",133
"2020-04-26 20:49:09",133
"2020-04-26 21:49:24",133
"2020-04-26 22:49:35",133
"2020-04-26 23:49:59",133
"2020-04-27 00:49:57",133
"2020-04-27 01:49:56",133
"2020-04-27 02:49:44",133
"2020-04-27 03:49:47",133
"2020-04-27 04:49:50",133
"2020-04-27 05:49:23",133
"2020-04-27 06:49:19",133
"2020-04-27 07:49:07",133
"2020-04-27 08:49:20",133
"2020-04-27 09:49:21",133
"2020-04-27 10:49:22",133
"2020-04-27 11:48:58",133
"2020-04-27 12:49:12",133
"2020-04-27 13:49:59",133
"2020-04-27 14:49:24",134
"2020-04-27 15:49:16",134
"2020-04-27 16:49:00",134
"2020-04-27 17:49:17",133
"2020-04-27 18:49:10",133
"2020-04-27 19:49:08",133
"2020-04-27 20:49:09",133
"2020-04-27 21:49:24",133
"2020-04-27 22:49:07",133
"2020-04-27 23:49:39",133
"2020-04-28 00:50:23",133
"2020-04-28 01:49:20",133
"2020-04-28 02:49:57",133
"2020-04-28 03:49:53",133
"2020-04-28 04:49:44",133
"2020-04-28 05:49:14",133
"2020-04-28 06:49:10",133
"2020-04-28 07:49:52",133
"2020-04-28 08:49:39",133
"2020-04-28 09:49:18",133
"2020-04-28 10:49:00",133
"2020-04-28 11:49:17",133
"2020-04-28 12:49:20",133
"2020-04-28 13:49:13",133
"2020-04-28 14:49:58",134
"2020-04-28 15:49:46",133
"2020-04-28 16:49:05",132
"2020-04-28 17:49:12",132
"2020-04-28 18:49:10",132
"2020-04-28 19:49:10",132
"2020-04-28 20:49:13",132
"2020-04-28 21:49:20",132
"2020-04-28 22:49:01",132
"2020-04-28 23:49:29",132
"2020-04-29 00:50:00",132
"2020-04-29 01:50:01",132
"2020-04-29 02:49:52",132
"2020-04-29 03:49:10",132
"2020-04-29 04:49:16",132
"2020-04-29 05:49:04",132
"2020-04-29 06:49:21",132
"2020-04-29 07:49:18",132
"2020-04-29 08:49:15",132
"2020-04-29 09:49:40",132
"2020-04-29 10:49:17",132
"2020-04-29 11:48:58",132
"2020-04-29 13:11:29",132
"2020-04-29 13:49:19",132
"2020-04-29 14:49:04",132
"2020-04-29 15:49:02",132
"2020-04-29 16:49:20",132
"2020-04-29 17:49:23",132
"2020-04-29 18:49:53",131
"2020-04-29 19:49:58",131
"2020-04-29 20:49:13",131
"2020-04-29 21:49:48",131
"2020-04-29 22:49:56",131
"2020-04-29 23:49:29",131
"2020-04-30 00:49:54",131
"2020-04-30 01:50:00",131
"2020-04-30 02:50:41",131
"2020-04-30 03:50:30",131
"2020-04-30 04:49:40",131
"2020-04-30 05:49:31",131
"2020-04-30 06:49:18",131
"2020-04-30 07:49:16",131
"2020-04-30 08:49:20",131
"2020-04-30 09:49:12",131
"2020-04-30 10:49:00",131
"2020-04-30 11:49:38",131
"2020-04-30 12:49:12",131
"2020-04-30 13:49:10",131
"2020-04-30 14:49:37",131
"2020-04-30 15:49:13",131
"2020-04-30 16:49:09",131
"2020-04-30 17:53:01",131
"2020-04-30 18:49:28",131
"2020-04-30 20:49:14",131
"2020-04-30 21:49:19",131
"2020-04-30 22:49:25",131
"2020-04-30 23:49:16",131
"2020-05-01 00:50:00",131
"2020-05-01 01:49:52",131
"2020-05-01 02:49:16",131
"2020-05-01 03:49:05",131
"2020-05-01 04:49:21",131
"2020-05-01 05:49:28",131
"2020-05-01 06:49:21",131
"2020-05-01 07:49:23",131
"2020-05-01 08:49:14",131
"2020-05-01 09:49:18",131
"2020-05-01 10:49:11",131
"2020-05-01 11:49:10",131
"2020-05-01 13:12:33",131
"2020-05-01 13:50:04",131
"2020-05-01 14:49:07",131
"2020-05-01 15:49:06",131
"2020-05-01 16:49:07",132
"2020-05-01 17:49:07",132
"2020-05-01 18:49:06",132
"2020-05-01 19:49:22",132
"2020-05-01 20:49:17",132
"2020-05-01 21:49:41",132
"2020-05-01 22:49:09",132
"2020-05-01 23:49:08",132
"2020-05-02 00:49:10",132
"2020-05-02 01:49:33",132
"2020-05-02 02:49:22",132
"2020-05-02 03:49:40",132
"2020-05-02 04:49:16",132
"2020-05-02 05:49:34",132
"2020-05-02 06:49:17",132
"2020-05-02 07:49:24",132
"2020-05-02 08:49:21",132
"2020-05-02 09:49:15",132
"2020-05-02 10:49:04",132
"2020-05-02 11:49:17",132
"2020-05-02 12:49:03",132
"2020-05-02 13:49:18",132
"2020-05-02 14:49:17",132
"2020-05-02 15:49:27",132
"2020-05-02 16:49:17",132
"2020-05-02 17:49:14",132
"2020-05-02 18:49:26",132
"2020-05-02 19:49:19",132
"2020-05-02 20:49:35",132
"2020-05-02 21:49:18",132
"2020-05-02 22:49:02",132
"2020-05-02 23:49:45",132
"2020-05-03 00:49:17",132
"2020-05-03 01:49:48",132
"2020-05-03 02:49:44",132
"2020-05-03 03:49:44",132
"2020-05-03 04:49:28",132
"2020-05-03 05:49:10",132
"2020-05-03 06:49:12",132
"2020-05-03 07:49:21",132
"2020-05-03 08:49:16",132
"2020-05-03 09:50:03",132
"2020-05-03 10:49:19",132
"2020-05-03 11:49:16",132
"2020-05-03 12:49:14",132
"2020-05-03 13:49:17",132
"2020-05-03 14:49:24",132
"2020-05-03 15:49:19",132
"2020-05-03 16:49:49",132
"2020-05-03 17:49:58",132
"2020-05-03 18:49:06",132
"2020-05-03 19:50:27",132
"2020-05-03 20:49:52",132
"2020-05-03 21:49:41",132
"2020-05-03 22:49:50",132
"2020-05-03 23:49:53",132
"2020-05-04 00:49:47",132
"2020-05-04 01:49:49",132
"2020-05-04 02:49:50",132
"2020-05-04 03:49:52",132
"2020-05-04 04:49:14",132
"2020-05-04 05:49:15",132
"2020-05-04 06:49:27",132
"2020-05-04 09:35:21",132
"2020-05-04 10:52:37",132
"2020-05-04 11:00:21",132
"2020-05-04 11:07:57",132
"2020-05-04 11:49:29",132
"2020-05-04 13:11:39",132
"2020-05-04 13:49:13",132
"2020-05-04 14:49:24",132
"2020-05-04 15:49:14",132
"2020-05-04 16:49:17",132
"2020-05-04 17:49:14",132
"2020-05-04 18:50:03",132
"2020-05-04 19:49:50",132
"2020-05-04 20:49:46",132
"2020-05-04 21:49:47",132
"2020-05-04 22:49:06",132
"2020-05-04 23:49:10",132
"2020-05-05 00:49:06",132
"2020-05-05 01:49:39",132
"2020-05-05 02:49:04",132
"2020-05-05 03:49:58",132
"2020-05-05 04:49:16",132
"2020-05-05 05:49:16",132
"2020-05-05 06:49:19",132
"2020-05-05 07:49:29",132
"2020-05-05 08:49:43",132
"2020-05-05 09:49:04",132
"2020-05-05 10:49:03",132
"2020-05-05 11:49:39",132
"2020-05-05 12:49:26",132
"2020-05-05 13:49:18",132
"2020-05-05 14:49:17",133
"2020-05-05 15:49:13",132
"2020-05-05 16:49:24",132
"2020-05-05 17:49:11",133
"2020-05-05 18:49:04",132
"2020-05-05 19:49:56",133
"2020-05-05 20:49:24",134
"2020-05-05 21:49:00",134
"2020-05-05 22:49:03",134
"2020-05-05 23:49:51",134
"2020-05-06 00:49:20",134
"2020-05-06 01:49:22",134
"2020-05-06 02:49:12",134
"2020-05-06 03:49:02",134
"2020-05-06 04:49:21",134
"2020-05-06 05:49:15",134
"2020-05-06 06:49:03",134
"2020-05-06 17:49:50",134
"2020-05-06 18:49:56",134
"2020-05-06 19:49:07",134
"2020-05-06 20:49:46",135
"2020-05-06 21:49:47",135
"2020-05-06 22:49:56",135
"2020-05-06 23:49:59",135
"2020-05-07 00:49:20",135
"2020-05-07 01:49:27",135
"2020-05-07 02:49:00",135
"2020-05-07 03:49:19",135
"2020-05-07 04:49:25",135
"2020-05-07 05:49:08",135
"2020-05-07 06:49:18",135
"2020-05-07 08:49:23",135
"2020-05-07 09:49:14",135
"2020-05-07 10:49:42",135
"2020-05-07 11:49:23",135
"2020-05-07 12:49:21",135
"2020-05-07 13:49:30",135
"2020-05-07 14:49:42",135
"2020-05-07 15:49:13",135
"2020-05-07 16:49:24",136
"2020-05-07 17:49:13",137
"2020-05-07 18:49:03",137
"2020-05-07 19:50:11",137
"2020-05-07 20:49:02",137
"2020-05-07 21:49:00",137
"2020-05-07 22:49:00",137
"2020-05-07 23:49:20",137
"2020-05-08 00:49:12",137
"2020-05-08 01:49:01",137
"2020-05-08 02:49:10",137
"2020-05-08 03:49:20",137
"2020-05-08 04:49:04",137
"2020-05-08 05:49:05",137
"2020-05-08 06:49:06",137
"2020-05-08 07:49:16",137
"2020-05-08 08:49:29",137
"2020-05-08 09:49:15",137
"2020-05-08 10:49:12",137
"2020-05-08 11:49:20",137
"2020-05-08 13:11:33",137
"2020-05-08 13:49:30",137
"2020-05-08 14:49:17",137
"2020-05-08 15:49:17",137
"2020-05-08 16:49:51",137
"2020-05-08 17:49:53",138
"2020-05-08 18:49:21",137
"2020-05-08 19:49:08",137
"2020-05-08 20:49:21",137
"2020-05-08 21:49:14",137
"2020-05-08 22:49:25",137
"2020-05-08 23:49:16",137
"2020-05-09 00:49:11",137
"2020-05-09 01:49:28",137
"2020-05-09 02:49:18",137
"2020-05-09 03:50:05",137
"2020-05-09 04:49:13",137
"2020-05-09 05:49:21",137
"2020-05-09 06:49:31",137
"2020-05-09 07:49:09",137
"2020-05-09 08:49:33",137
"2020-05-09 09:49:17",137
"2020-05-09 10:49:17",137
"2020-05-09 11:49:05",137
"2020-05-09 12:49:09",137
"2020-05-09 13:49:13",137
"2020-05-09 14:49:07",137
"2020-05-09 15:49:17",137
"2020-05-09 16:49:05",137
"2020-05-09 17:49:17",137
"2020-05-09 18:49:18",137
"2020-05-09 19:49:13",137
"2020-05-09 20:49:08",137
"2020-05-09 21:49:27",137
"2020-05-09 22:49:19",137
"2020-05-09 23:49:10",137
"2020-05-10 00:49:46",137
"2020-05-10 01:49:10",137
"2020-05-10 02:49:56",137
"2020-05-10 03:49:23",137
"2020-05-10 04:49:26",137
"2020-05-10 05:49:34",137
"2020-05-10 06:49:16",137
"2020-05-10 07:49:29",137
"2020-05-10 08:49:18",137
"2020-05-10 09:49:22",137
"2020-05-10 10:49:21",137
"2020-05-10 11:49:28",137
"2020-05-10 12:49:13",137
"2020-05-10 13:49:25",137
"2020-05-10 14:49:06",137
"2020-05-10 15:49:18",137
"2020-05-10 16:49:13",137
"2020-05-10 17:49:10",137
"2020-05-10 18:49:23",137
"2020-05-10 19:49:14",137
"2020-05-10 20:49:30",137
"2020-05-10 21:49:15",137
"2020-05-10 22:49:18",137
"2020-05-10 23:49:20",137
"2020-05-11 00:49:21",137
"2020-05-11 01:49:06",137
"2020-05-11 02:49:20",137
"2020-05-11 03:50:01",137
"2020-05-11 04:49:17",137
"2020-05-11 05:49:13",137
"2020-05-11 06:49:19",137
"2020-05-11 07:49:29",137
"2020-05-11 08:49:37",137
"2020-05-11 09:49:13",137
"2020-05-11 10:49:16",137
"2020-05-11 11:49:05",137
"2020-05-11 13:10:32",137
"2020-05-11 13:49:30",137
"2020-05-11 14:49:22",137
"2020-05-11 15:49:55",137
"2020-05-11 16:49:22",137
"2020-05-11 17:49:23",137
"2020-05-11 18:49:22",137
"2020-05-11 19:49:10",137
"2020-05-11 20:49:13",138
"2020-05-11 21:49:16",138
"2020-05-11 22:49:00",138
"2020-05-11 23:49:29",138
"2020-05-12 00:49:19",138
"2020-05-12 01:49:20",138
"2020-05-12 02:49:12",138
"2020-05-12 03:49:05",138
"2020-05-12 04:49:13",138
"2020-05-12 05:49:08",138
"2020-05-12 06:49:25",138
"2020-05-12 07:49:12",138
"2020-05-12 08:49:12",138
"2020-05-12 09:50:34",138
"2020-05-12 10:49:23",138
"2020-05-12 11:49:04",138
"2020-05-12 13:16:32",138
"2020-05-12 17:49:05",138
"2020-05-12 18:49:06",138
"2020-05-12 19:49:41",138
"2020-05-12 20:49:43",138
"2020-05-12 21:49:26",138
"2020-05-12 22:49:05",138
"2020-05-12 23:49:05",138
"2020-05-13 00:49:40",138
"2020-05-13 01:49:18",138
"2020-05-13 02:49:51",138
"2020-05-13 03:49:43",138
"2020-05-13 06:49:11",138
"2020-05-13 07:49:36",138
"2020-05-13 08:49:36",138
"2020-05-13 09:49:03",138
"2020-05-13 10:49:11",138
"2020-05-13 11:49:04",138
"2020-05-13 12:49:05",138
"2020-05-13 13:49:30",138
"2020-05-13 14:49:05",138
"2020-05-13 15:49:15",138
"2020-05-13 16:49:40",139
"2020-05-13 17:49:09",139
"2020-05-13 18:49:31",139
"2020-05-13 19:49:11",139
"2020-05-13 20:49:07",139
"2020-05-13 21:49:06",139
"2020-05-13 22:49:13",139
"2020-05-13 23:49:19",139
"2020-05-14 00:49:41",139
"2020-05-14 01:49:14",139
"2020-05-14 02:49:07",139
"2020-05-14 03:49:17",139
"2020-05-14 04:49:08",139
"2020-05-14 05:49:14",139
"2020-05-14 06:49:26",139
"2020-05-14 07:49:12",139
"2020-05-14 08:49:27",139
"2020-05-14 09:49:05",139
"2020-05-14 10:49:17",139
"2020-05-14 11:49:24",139
"2020-05-14 12:49:16",139
"2020-05-14 13:49:22",139
"2020-05-14 14:49:18",139
"2020-05-14 15:49:13",139
"2020-05-14 16:49:01",139
"2020-05-14 17:49:05",140
"2020-05-14 18:49:31",140
"2020-05-14 19:49:27",140
"2020-05-14 20:49:05",140
"2020-05-14 21:49:13",140
"2020-05-14 22:49:33",140
"2020-05-14 23:49:22",140
"2020-05-15 00:49:38",140
"2020-05-15 01:49:37",140
"2020-05-15 02:49:47",140
"2020-05-15 03:49:47",140
"2020-05-15 04:49:49",140
"2020-05-15 05:49:15",140
"2020-05-15 06:49:38",140
"2020-05-15 07:49:05",140
"2020-05-15 08:49:20",140
"2020-05-15 09:49:26",140
"2020-05-15 10:49:06",140
"2020-05-15 11:49:12",140
"2020-05-15 12:49:08",140
"2020-05-15 13:49:17",140
"2020-05-15 14:49:04",139
"2020-05-15 15:49:13",139
"2020-05-15 16:49:02",139
"2020-05-15 17:49:27",139
"2020-05-15 18:49:06",139
"2020-05-15 19:49:21",139
"2020-05-15 20:49:14",139
"2020-05-15 21:49:17",139
"2020-05-15 22:49:02",139
"2020-05-15 23:49:01",139
"2020-05-16 00:49:38",139
"2020-05-16 01:49:27",139
"2020-05-16 02:50:01",139
"2020-05-16 03:49:27",139
"2020-05-16 04:49:12",139
"2020-05-16 05:49:10",139
"2020-05-16 06:49:51",139
"2020-05-16 07:49:46",139
"2020-05-16 08:49:11",139
"2020-05-16 09:49:24",139
"2020-05-16 10:49:07",139
"2020-05-16 11:49:03",139
"2020-05-16 12:49:19",139
"2020-05-16 13:49:12",139
"2020-05-16 14:49:04",139
"2020-05-16 15:49:17",139
"2020-05-16 16:49:11",139
"2020-05-16 17:49:07",139
"2020-05-16 18:49:13",139
"2020-05-16 19:49:08",139
"2020-05-16 20:49:17",139
"2020-05-16 21:49:14",139
"2020-05-16 22:49:17",139
"2020-05-16 23:49:16",139
"2020-05-17 00:49:34",139
"2020-05-17 01:49:23",139
"2020-05-18 10:05:30",139
"2020-05-18 10:07:19",139
"2020-05-18 10:07:46",139
"2020-05-18 10:08:21",139
"2020-05-18 10:08:38",139
"2020-05-18 10:18:10",139
"2020-05-18 10:18:15",139
"2020-05-18 10:18:22",139
"2020-05-18 10:19:43",139
"2020-05-18 10:26:44",139
"2020-05-18 10:27:23",139
"2020-05-18 10:27:43",139
"2020-05-18 10:28:16",139
"2020-05-18 10:28:49",139
"2020-05-18 10:29:04",139
"2020-05-18 10:32:10",139
"2020-05-18 10:37:48",139
"2020-05-18 10:41:08",139
"2020-05-18 10:42:29",139
"2020-05-18 10:43:08",139
"2020-05-18 11:00:59",139
"2020-05-18 11:05:31",139
"2020-05-18 11:15:10",139
"2020-05-18 11:20:34",139
"2020-05-18 11:23:46",139
"2020-05-18 11:29:57",139
"2020-05-18 11:32:42",139
"2020-05-18 11:34:01",139
"2020-05-18 11:38:36",139
"2020-05-18 11:39:42",139
"2020-05-18 11:48:12",139
"2020-05-18 11:55:48",139
"2020-05-18 12:03:25",139
"2020-05-18 12:11:03",139
"2020-05-18 13:11:02",139
"2020-05-18 13:49:21",139
"2020-05-18 14:49:12",139
"2020-05-18 15:49:57",139
"2020-05-18 16:50:12",139
"2020-05-18 17:49:12",140
"2020-05-18 18:49:50",140
"2020-05-18 19:49:43",140
"2020-05-18 20:49:19",140
"2020-05-18 21:49:48",140
"2020-05-18 22:49:57",140
"2020-05-18 23:49:59",140
"2020-05-19 01:49:06",140
"2020-05-19 02:49:29",140
"2020-05-19 03:49:24",140
"2020-05-19 04:49:14",140
"2020-05-19 05:49:22",140
"2020-05-19 06:49:20",140
"2020-05-19 07:49:22",140
"2020-05-19 08:49:37",140
"2020-05-19 09:50:08",140
"2020-05-19 10:49:19",140
"2020-05-19 11:49:37",140
"2020-05-19 13:11:35",140
"2020-05-19 13:49:23",140
"2020-05-19 14:49:13",140
"2020-05-19 15:49:09",140
"2020-05-19 16:49:22",140
"2020-05-19 17:49:10",140
"2020-05-19 18:49:21",140
"2020-05-19 19:49:19",139
"2020-05-19 20:49:25",139
"2020-05-19 21:49:26",139
"2020-05-19 22:49:43",139
"2020-05-19 23:49:17",139
"2020-05-20 00:49:52",139
"2020-05-20 01:50:03",139
"2020-05-20 02:49:53",139
"2020-05-20 03:49:54",139
"2020-05-20 04:49:28",139
"2020-05-20 05:49:18",139
"2020-05-20 06:49:13",139
"2020-05-20 07:49:34",139
"2020-05-20 08:49:12",139
"2020-05-20 09:49:22",139
"2020-05-20 10:49:11",139
"2020-05-20 11:49:12",139
"2020-05-20 12:49:07",139
"2020-05-20 13:49:22",139
"2020-05-20 14:49:12",140
"2020-05-20 15:50:03",140
"2020-05-20 16:49:11",140
"2020-05-20 17:49:53",140
"2020-05-20 18:49:19",140
"2020-05-20 19:49:19",140
"2020-05-20 20:49:08",140
"2020-05-20 21:49:24",140
"2020-05-20 22:49:02",140
"2020-05-20 23:49:14",140
"2020-05-21 00:49:51",140
"2020-05-21 01:49:07",140
"2020-05-21 02:49:19",140
"2020-05-21 03:49:19",140
"2020-05-21 04:49:11",140
"2020-05-21 05:49:16",140
"2020-05-21 06:49:17",140
"2020-05-21 07:49:24",140
"2020-05-21 08:49:23",140
"2020-05-21 09:49:08",140
"2020-05-21 10:49:16",140
"2020-05-21 11:49:20",140
"2020-05-21 12:49:15",140
"2020-05-21 13:49:21",140
"2020-05-21 14:49:21",139
"2020-05-21 15:49:10",139
"2020-05-21 16:49:34",139
"2020-05-21 17:49:24",139
"2020-05-21 18:49:20",139
"2020-05-21 19:49:09",139
"2020-05-21 20:49:20",139
"2020-05-21 21:49:23",139
"2020-05-21 22:49:25",139
"2020-05-21 23:49:52",139
"2020-05-22 00:50:53",139
"2020-05-22 01:49:22",139
"2020-05-22 02:49:23",139
"2020-05-22 03:50:00",139
"2020-05-22 04:49:23",139
"2020-05-22 05:49:29",139
"2020-05-22 06:49:15",139
"2020-05-22 07:49:20",139
"2020-05-22 08:49:39",139
"2020-05-22 09:49:23",139
"2020-05-22 10:49:18",139
"2020-05-22 11:49:15",139
"2020-05-22 12:49:21",139
"2020-05-22 13:49:29",139
"2020-05-22 14:49:12",139
"2020-05-22 15:49:13",139
"2020-05-22 16:49:17",139
"2020-05-22 17:49:17",139
"2020-05-22 18:49:50",139
"2020-05-22 19:49:15",139
"2020-05-22 20:49:06",139
"2020-05-22 21:49:10",139
"2020-05-22 22:49:17",139
"2020-05-22 23:49:09",139
"2020-05-23 00:49:22",139
"2020-05-23 01:49:10",139
"2020-05-23 02:49:29",139
"2020-05-23 03:49:20",139
"2020-05-23 04:49:34",139
"2020-05-23 05:49:18",139
"2020-05-23 06:49:31",139
"2020-05-23 07:49:31",139
"2020-05-23 08:49:31",139
"2020-05-23 09:49:23",139
"2020-05-23 10:49:12",139
"2020-05-23 11:49:33",139
"2020-05-23 12:49:17",139
"2020-05-23 13:49:25",139
"2020-05-23 14:49:19",139
"2020-05-23 15:49:09",139
"2020-05-23 16:49:29",139
"2020-05-23 17:49:21",139
"2020-05-23 18:49:32",139
"2020-05-23 19:49:15",139
"2020-05-23 20:49:06",139
"2020-05-23 21:49:09",139
"2020-05-23 22:49:17",139
"2020-05-23 23:49:15",139
"2020-05-24 00:49:29",139
"2020-05-24 01:49:31",139
"2020-05-24 02:49:10",139
"2020-05-24 03:49:17",139
"2020-05-24 04:49:19",139
"2020-05-24 05:49:09",139
"2020-05-24 06:49:13",139
"2020-05-24 07:49:12",139
"2020-05-24 08:49:23",139
"2020-05-24 09:49:08",139
"2020-05-24 10:49:29",139
"2020-05-24 11:49:23",139
"2020-05-24 12:49:16",139
"2020-05-24 13:49:26",139
"2020-05-24 14:49:20",139
"2020-05-24 15:49:05",139
"2020-05-24 16:49:28",139
"2020-05-24 17:49:23",139
"2020-05-24 18:49:27",139
"2020-05-24 19:49:21",139
"2020-05-24 20:49:20",139
"2020-05-24 21:49:38",139
"2020-05-24 22:49:25",139
"2020-05-24 23:49:08",139
"2020-05-25 00:49:12",139
"2020-05-25 01:49:37",139
"2020-05-25 02:49:23",139
"2020-05-25 03:49:43",139
"2020-05-25 04:49:16",139
"2020-05-25 06:50:38",139
"2020-05-25 07:49:24",139
"2020-05-25 08:49:33",139
"2020-05-25 09:49:20",139
"2020-05-25 10:49:17",139
"2020-05-25 11:49:32",139
"2020-05-25 12:49:17",139
"2020-05-25 13:49:08",139
"2020-05-25 14:49:29",139
"2020-05-25 15:49:16",139
"2020-05-25 16:49:04",139
"2020-05-25 17:49:17",139
"2020-05-25 18:49:18",139
"2020-05-25 19:49:24",139
"2020-05-25 20:49:23",139
"2020-05-25 21:49:06",139
"2020-05-25 22:49:05",139
"2020-05-25 23:49:07",139
"2020-05-26 00:49:21",139
"2020-05-26 01:49:08",139
"2020-05-26 02:49:04",139
"2020-05-26 03:49:22",139
"2020-05-26 04:49:30",139
"2020-05-26 05:49:16",139
"2020-05-26 06:49:22",139
"2020-05-26 07:49:28",139
"2020-05-26 08:49:30",139
"2020-05-26 09:49:20",139
"2020-05-26 10:49:17",139
"2020-05-26 11:49:25",139
"2020-05-26 12:49:16",139
"2020-05-26 13:49:24",139
"2020-05-26 14:49:19",140
"2020-05-26 15:49:15",140
"2020-05-26 16:49:12",140
"2020-05-26 17:49:20",140
"2020-05-26 18:49:09",140
"2020-05-26 19:49:12",140
"2020-05-26 20:49:21",140
"2020-05-26 21:49:37",140
"2020-05-26 22:49:11",140
"2020-05-26 23:49:13",140
"2020-05-27 00:50:07",140
"2020-05-27 01:49:10",140
"2020-05-27 02:49:13",140
"2020-05-27 03:49:18",140
"2020-05-27 04:49:18",140
"2020-05-27 05:49:14",140
"2020-05-27 06:49:24",140
"2020-05-27 07:49:21",140
"2020-05-27 08:49:13",140
"2020-05-27 09:49:08",140
"2020-05-27 10:49:12",140
"2020-05-27 11:49:04",140
"2020-05-27 13:12:04",140
"2020-05-27 13:49:34",140
"2020-05-27 14:49:20",140
"2020-05-27 15:49:09",140
"2020-05-27 16:49:10",139
"2020-05-27 17:49:08",139
"2020-05-27 18:49:07",138
"2020-05-27 19:49:22",138
"2020-05-27 20:49:17",138
"2020-05-27 21:49:12",138
"2020-05-27 22:49:14",138
"2020-05-27 23:49:10",138
"2020-05-28 00:49:22",138
"2020-05-28 01:49:28",138
"2020-05-28 02:49:13",138
"2020-05-28 03:49:14",138
"2020-05-28 04:49:15",138
"2020-05-28 05:49:09",138
"2020-05-28 06:49:15",138
"2020-05-28 07:49:31",138
"2020-05-28 08:49:24",138
"2020-05-28 09:49:11",138
"2020-05-28 10:49:28",138
"2020-05-28 11:49:34",138
"2020-05-28 13:12:39",138
"2020-05-28 13:49:23",138
"2020-05-28 14:49:29",138
"2020-05-28 15:49:22",138
"2020-05-28 16:49:39",138
"2020-05-28 17:49:18",138
"2020-05-28 18:49:18",138
"2020-05-28 19:49:14",138
"2020-05-28 20:49:36",138
"2020-05-28 21:49:40",138
"2020-05-28 22:49:15",138
"2020-05-28 23:49:39",138
"2020-05-29 00:49:23",138
"2020-05-29 01:49:24",138
"2020-05-29 02:50:03",138
"2020-05-29 03:49:18",138
"2020-05-29 04:49:26",138
"2020-05-29 05:49:37",138
"2020-05-29 06:49:37",138
"2020-05-29 07:49:45",138
"2020-05-29 08:49:33",138
"2020-05-29 09:55:04",138
"2020-05-29 10:49:26",138
"2020-05-29 11:49:22",138
"2020-05-29 12:49:58",138
"2020-05-29 13:49:37",138
"2020-05-29 14:49:23",138
"2020-05-29 15:49:19",138
"2020-05-29 16:49:10",138
"2020-05-29 17:49:27",136
"2020-05-29 18:49:28",136
"2020-05-29 19:49:20",136
"2020-05-29 20:49:39",136
"2020-05-29 21:49:17",136
"2020-05-29 22:49:21",136
"2020-05-29 23:49:35",136
"2020-05-30 00:49:15",136
"2020-05-30 01:49:10",136
"2020-05-30 02:49:19",136
"2020-05-30 03:49:23",136
"2020-05-30 04:49:17",136
"2020-05-30 05:49:23",136
"2020-05-30 06:49:27",136
"2020-05-30 07:49:56",136
"2020-05-30 09:31:14",136
"2020-05-30 09:49:16",136
"2020-05-30 10:49:26",136
"2020-05-30 11:49:24",136
"2020-05-30 12:49:21",136
"2020-05-30 13:49:20",136
"2020-05-30 14:49:12",136
"2020-05-30 15:49:15",136
"2020-05-30 16:49:39",136
"2020-05-30 17:49:23",136
"2020-05-30 18:49:19",136
"2020-05-30 19:49:30",136
"2020-05-30 20:49:17",136
"2020-05-30 21:49:30",136
"2020-05-30 22:49:19",136
"2020-05-30 23:49:30",136
"2020-05-31 00:49:28",136
"2020-05-31 01:49:32",136
"2020-05-31 02:49:25",136
"2020-05-31 03:49:25",136
"2020-05-31 04:49:17",136
"2020-05-31 05:49:29",136
"2020-05-31 06:49:26",136
"2020-05-31 07:49:30",136
"2020-05-31 09:33:09",136
"2020-05-31 09:49:20",136
"2020-05-31 13:15:10",136
"2020-05-31 13:24:18",136
"2020-05-31 13:25:45",136
"2020-06-01 05:26:01",136
"2020-06-01 05:41:42",136
"2020-06-01 05:41:45",136
"2020-06-01 05:42:20",136
"2020-06-01 05:56:14",136
"2020-06-01 06:06:36",136
"2020-06-01 06:07:21",136
"2020-06-01 06:11:32",136
"2020-06-01 06:16:58",136
"2020-06-01 06:21:00",136
"2020-06-01 06:23:06",136
"2020-06-01 06:24:16",136
"2020-06-01 06:30:48",136
"2020-06-01 06:33:01",136
"2020-06-01 06:34:46",136
"2020-06-01 06:41:39",136
"2020-06-01 06:49:15",136
"2020-06-01 06:56:51",136
"2020-06-01 07:49:23",136
"2020-06-01 08:49:38",136
"2020-06-01 09:49:42",136
"2020-06-01 10:49:16",136
"2020-06-01 11:49:20",136
"2020-06-01 13:10:40",136
"2020-06-01 13:50:21",136
"2020-06-01 14:49:27",138
"2020-06-01 15:49:22",138
"2020-06-01 16:50:06",138
"2020-06-01 17:49:58",138
"2020-06-01 18:49:55",138
"2020-06-01 19:49:29",138
"2020-06-01 20:49:26",138
"2020-06-01 21:49:20",138
"2020-06-01 22:49:13",138
"2020-06-01 23:49:26",138
"2020-06-02 00:49:27",138
"2020-06-02 01:49:13",138
"2020-06-02 02:49:13",138
"2020-06-02 03:49:22",138
"2020-06-02 04:49:19",138
"2020-06-02 05:49:23",138
"2020-06-02 06:49:35",138
"2020-06-02 07:49:26",138
"2020-06-02 08:49:36",138
"2020-06-02 09:49:18",138
"2020-06-02 10:49:33",138
"2020-06-02 11:49:21",138
"2020-06-02 12:49:31",138
"2020-06-02 13:49:34",138
"2020-06-02 14:50:09",138
"2020-06-02 15:50:03",137
"2020-06-02 16:49:21",137
"2020-06-02 17:50:02",137
"2020-06-02 18:49:14",137
"2020-06-02 19:49:43",137
"2020-06-02 20:50:05",137
"2020-06-02 21:49:11",137
"2020-06-02 22:49:26",137
"2020-06-02 23:49:12",137
"2020-06-03 00:49:35",137
"2020-06-03 01:50:07",137
"2020-06-03 02:49:09",137
"2020-06-03 03:49:51",137
"2020-06-03 04:49:46",137
"2020-06-03 05:49:11",137
"2020-06-03 06:49:20",137
"2020-06-03 07:49:58",137
"2020-06-03 09:25:30",137
"2020-06-03 09:49:24",137
"2020-06-03 10:49:22",137
"2020-06-03 11:49:25",137
"2020-06-03 13:14:11",137
"2020-06-03 13:49:25",137
"2020-06-03 14:49:15",137
"2020-06-03 15:50:07",137
"2020-06-03 16:49:57",137
"2020-06-03 17:49:56",137
"2020-06-03 18:50:16",137
"2020-06-03 19:49:47",138
"2020-06-03 20:49:22",138
"2020-06-03 21:49:20",138
"2020-06-03 22:49:20",138
"2020-06-03 23:49:11",138
"2020-06-04 00:49:58",138
"2020-06-04 01:49:32",138
"2020-06-04 02:49:21",138
"2020-06-04 03:49:29",138
"2020-06-04 04:49:28",138
"2020-06-04 05:49:22",138
"2020-06-04 06:49:22",138
"2020-06-04 07:49:36",138
"2020-06-04 08:49:45",138
"2020-06-04 09:49:31",138
"2020-06-04 10:49:19",138
"2020-06-04 11:49:34",138
"2020-06-04 12:49:18",138
"2020-06-04 13:50:06",138
"2020-06-04 14:50:30",139
"2020-06-04 15:50:08",139
"2020-06-04 17:12:44",139
"2020-06-04 17:49:31",139
"2020-06-04 18:49:55",139
"2020-06-04 19:49:20",139
"2020-06-04 20:50:04",140
"2020-06-04 21:50:00",140
"2020-06-04 22:49:21",140
"2020-06-04 23:49:25",140
"2020-06-05 00:49:33",140
"2020-06-05 01:49:18",140
"2020-06-05 02:49:14",140
"2020-06-05 03:49:21",140
"2020-06-05 04:49:30",140
"2020-06-05 05:49:31",140
"2020-06-05 06:49:26",140
"2020-06-05 07:49:26",140
"2020-06-05 09:29:12",140
"2020-06-05 09:49:15",140
"2020-06-05 10:49:17",140
"2020-06-05 11:49:20",140
"2020-06-05 13:15:12",140
"2020-06-05 13:49:53",140
"2020-06-05 14:49:24",140
"2020-06-05 15:49:27",140
"2020-06-05 16:50:12",140
"2020-06-05 17:49:27",141
"2020-06-05 18:49:30",141
"2020-06-05 19:49:28",141
"2020-06-05 20:50:07",141
"2020-06-05 21:49:27",141
"2020-06-05 22:49:26",141
"2020-06-05 23:49:29",141
"2020-06-06 00:49:33",141
"2020-06-06 01:49:17",141
"2020-06-06 02:49:23",141
"2020-06-06 03:49:35",141
"2020-06-06 04:49:33",141
"2020-06-06 05:49:40",141
"2020-06-06 06:49:29",141
"2020-06-06 07:50:22",141
"2020-06-06 08:49:36",141
"2020-06-06 09:58:27",141
"2020-06-06 10:49:19",141
"2020-06-06 11:49:27",141
"2020-06-06 12:49:31",141
"2020-06-06 13:49:18",141
"2020-06-06 14:50:11",141
"2020-06-06 15:49:25",141
"2020-06-06 16:49:59",141
"2020-06-06 18:49:27",141
"2020-06-06 19:49:15",141
"2020-06-06 20:49:24",141
"2020-06-06 21:49:22",141
"2020-06-06 22:49:23",141
"2020-06-06 23:49:36",141
"2020-06-07 00:49:43",141
"2020-06-07 01:49:22",141
"2020-06-07 02:49:26",141
"2020-06-07 03:49:26",141
"2020-06-07 04:49:27",141
"2020-06-07 05:49:27",141
"2020-06-07 06:49:24",141
"2020-06-07 07:49:34",141
"2020-06-07 08:49:33",141
"2020-06-08 04:49:17",141
"2020-06-08 05:49:12",141
"2020-06-08 06:49:43",141
"2020-06-08 07:49:08",141
"2020-06-08 08:49:27",141
"2020-06-08 09:49:19",141
"2020-06-08 10:49:17",141
"2020-06-08 11:49:22",141
"2020-06-08 12:50:11",141
"2020-06-08 13:49:28",141
"2020-06-08 14:50:23",141
"2020-06-08 15:49:22",141
"2020-06-08 16:49:44",141
"2020-06-08 17:49:42",140
"2020-06-08 18:50:19",140
"2020-06-08 19:50:18",140
"2020-06-08 20:49:51",140
"2020-06-08 21:49:37",140
"2020-06-08 22:49:35",140
"2020-06-08 23:49:30",140
"2020-06-09 00:49:35",140
"2020-06-09 01:49:47",140
"2020-06-09 02:49:49",140
"2020-06-09 03:49:20",140
"2020-06-09 04:50:10",140
"2020-06-09 05:50:19",140
"2020-06-09 06:50:26",140
"2020-06-09 07:49:50",140
"2020-06-09 08:50:43",140
"2020-06-09 09:49:57",140
"2020-06-09 10:49:47",140
"2020-06-09 11:49:44",140
"2020-06-09 12:50:22",140
"2020-06-09 13:50:16",140
"2020-06-09 14:49:54",140
"2020-06-09 15:50:14",140
"2020-06-09 16:50:17",140
"2020-06-09 17:49:35",140
"2020-06-09 18:50:37",140
"2020-06-09 19:50:45",140
"2020-06-09 20:50:45",140
"2020-06-09 21:50:04",140
"2020-06-09 22:50:15",140
"2020-06-09 23:50:18",140
"2020-06-10 00:50:23",140
"2020-06-10 01:49:59",140
"2020-06-10 02:50:13",140
"2020-06-10 03:50:20",140
"2020-06-10 04:49:57",140
"2020-06-10 05:50:13",140
"2020-06-10 06:49:47",140
"2020-06-10 07:49:20",140
"2020-06-10 08:49:37",140
"2020-06-10 09:49:20",140
"2020-06-10 10:49:23",140
"2020-06-10 11:49:34",140
"2020-06-10 12:49:51",140
"2020-06-10 13:50:23",140
"2020-06-10 15:49:42",139
"2020-06-10 16:49:48",139
"2020-06-10 17:49:48",139
"2020-06-10 18:49:50",139
"2020-06-10 19:49:43",139
"2020-06-10 20:49:32",140
"2020-06-10 21:50:02",140
"2020-06-10 22:49:24",140
"2020-06-10 23:50:05",140
"2020-06-11 00:51:27",140
"2020-06-11 01:49:27",140
"2020-06-11 02:50:34",140
"2020-06-11 03:50:37",140
"2020-06-11 04:49:42",140
"2020-06-11 05:50:34",140
"2020-06-11 06:49:52",140
"2020-06-11 07:50:18",140
"2020-06-11 08:49:36",140
"2020-06-11 09:49:43",140
"2020-06-11 10:49:41",140
"2020-06-11 11:49:23",140
"2020-06-11 12:49:48",140
"2020-06-11 13:50:29",140
"2020-06-11 14:49:47",141
"2020-06-11 15:50:17",141
"2020-06-11 16:50:52",141
"2020-06-11 17:50:00",141
"2020-06-11 18:50:14",141
"2020-06-11 19:50:04",142
"2020-06-11 20:49:31",142
"2020-06-11 21:49:22",142
"2020-06-11 22:49:18",142
"2020-06-11 23:49:14",142
"2020-06-12 00:49:31",142
"2020-06-12 01:49:33",142
"2020-06-12 02:49:29",142
"2020-06-12 03:49:31",142
"2020-06-12 04:49:28",142
"2020-06-12 05:49:21",142
"2020-06-12 06:49:40",142
"2020-06-12 07:49:35",142
"2020-06-12 08:49:24",142
"2020-06-12 09:49:41",142
"2020-06-12 10:49:43",142
"2020-06-12 11:49:31",142
"2020-06-12 14:14:48",142
"2020-06-12 14:22:45",142
"2020-06-12 14:50:08",142
"2020-06-12 15:49:30",142
"2020-06-12 16:49:41",142
"2020-06-12 17:49:47",142
"2020-06-12 18:49:37",142
"2020-06-12 19:50:02",142
"2020-06-12 20:49:59",143
"2020-06-12 21:49:46",143
"2020-06-12 22:49:19",143
"2020-06-12 23:49:22",143
"2020-06-13 00:49:15",143
"2020-06-13 01:49:20",143
"2020-06-13 02:49:23",143
"2020-06-13 03:49:22",143
"2020-06-13 04:49:23",143
"2020-06-13 05:49:16",143
"2020-06-13 06:49:25",143
"2020-06-13 07:49:27",143
"2020-06-13 08:49:16",143
"2020-06-13 09:49:21",143
"2020-06-13 10:49:20",143
"2020-06-13 11:49:15",143
"2020-06-13 12:49:15",143
"2020-06-13 13:49:12",143
"2020-06-13 14:49:23",143
"2020-06-13 15:49:20",143
"2020-06-13 16:49:39",143
"2020-06-13 17:49:22",143
"2020-06-13 18:49:25",143
"2020-06-13 19:49:15",143
"2020-06-13 20:49:22",143
"2020-06-13 21:49:33",143
"2020-06-13 22:49:29",143
"2020-06-13 23:49:29",143
"2020-06-14 00:49:25",143
"2020-06-14 01:49:16",143
"2020-06-14 02:49:27",143
"2020-06-14 03:49:33",143
"2020-06-14 04:49:09",143
"2020-06-14 05:49:46",143
"2020-06-14 06:49:24",143
"2020-06-14 07:49:24",143
"2020-06-14 08:49:18",143
"2020-06-14 09:49:21",143
"2020-06-14 10:49:24",143
"2020-06-14 11:49:13",143
"2020-06-14 12:49:20",143
"2020-06-14 13:49:21",143
"2020-06-14 14:49:41",143
"2020-06-14 15:49:40",143
"2020-06-14 16:49:18",143
"2020-06-14 17:49:24",143
"2020-06-14 18:49:33",143
"2020-06-14 19:49:25",143
"2020-06-14 20:49:27",143
"2020-06-14 21:49:38",143
"2020-06-14 22:49:19",143
"2020-06-14 23:49:25",143
"2020-06-15 00:49:48",143
"2020-06-15 01:49:36",143
"2020-06-15 02:49:29",143
"2020-06-15 03:49:28",143
"2020-06-15 04:49:50",143
"2020-06-15 05:50:04",143
"2020-06-15 06:49:25",143
"2020-06-15 07:49:23",143
"2020-06-15 08:50:12",143
"2020-06-15 09:49:30",143
"2020-06-15 10:49:16",143
"2020-06-15 11:49:20",143
"2020-06-15 12:49:33",143
"2020-06-15 13:50:31",143
"2020-06-15 14:50:17",143
"2020-06-15 15:49:39",143
"2020-06-15 16:49:59",143
"2020-06-15 17:49:42",144
"2020-06-15 18:45:42",144
"2020-06-15 18:53:21",144
"2020-06-15 19:01:01",144
"2020-06-15 19:08:43",144
"2020-06-15 19:16:34",144
"2020-06-15 19:24:17",144
"2020-06-15 19:31:59",144
"2020-06-15 19:39:38",144
"2020-06-15 19:47:17",144
"2020-06-15 19:54:59",144
"2020-06-15 20:02:47",144
"2020-06-15 20:15:29",144
"2020-06-15 20:23:07",144
"2020-06-15 20:30:47",144
"2020-06-15 20:38:24",144
"2020-06-15 20:46:02",144
"2020-06-15 20:53:41",144
"2020-06-15 21:01:23",144
"2020-06-15 21:09:04",144
"2020-06-15 21:16:44",144
"2020-06-15 21:24:21",144
"2020-06-15 21:31:58",144
"2020-06-15 21:39:35",144
"2020-06-15 21:47:13",144
"2020-06-15 21:54:53",144
"2020-06-15 22:49:28",144
"2020-06-15 23:49:18",144
"2020-06-16 00:49:25",144
"2020-06-16 01:49:17",144
"2020-06-16 02:50:18",144
"2020-06-16 03:49:23",144
"2020-06-16 04:49:16",144
"2020-06-16 05:49:24",144
"2020-06-16 06:50:16",144
"2020-06-16 07:50:02",144
"2020-06-16 08:49:20",144
"2020-06-16 09:49:17",144
"2020-06-16 10:49:25",144
"2020-06-16 11:49:17",144
"2020-06-16 12:49:32",144
"2020-06-16 13:49:31",144
"2020-06-16 14:50:00",144
"2020-06-16 15:49:33",144
"2020-06-16 16:49:31",144
"2020-06-16 17:50:21",144
"2020-06-16 18:49:29",145
"2020-06-16 19:49:33",145
"2020-06-16 20:49:36",146
"2020-06-16 21:49:24",146
"2020-06-16 22:49:11",146
"2020-06-16 23:49:13",146
"2020-06-17 00:49:24",146
"2020-06-17 01:49:53",146
"2020-06-17 02:49:32",146
"2020-06-17 03:50:06",146
"2020-06-17 04:49:31",146
"2020-06-17 05:49:26",146
"2020-06-17 06:49:53",146
"2020-06-17 07:49:23",146
"2020-06-17 08:49:22",146
"2020-06-17 09:49:14",146
"2020-06-17 10:49:12",146
"2020-06-17 11:49:27",146
"2020-06-17 12:49:29",146
"2020-06-17 13:49:40",146
"2020-06-17 14:49:27",146
"2020-06-17 15:49:29",145
"2020-06-17 16:49:37",145
"2020-06-17 17:49:35",145
"2020-06-17 18:49:52",145
"2020-06-17 19:50:06",146
"2020-06-17 20:50:09",146
"2020-06-17 21:49:50",146
"2020-06-17 22:49:25",146
"2020-06-17 23:49:28",146
"2020-06-18 00:49:15",146
"2020-06-18 01:49:28",146
"2020-06-18 02:49:13",146
"2020-06-18 03:49:42",146
"2020-06-18 04:49:26",146
"2020-06-18 05:49:13",146
"2020-06-18 06:49:27",146
"2020-06-18 07:49:47",146
"2020-06-18 08:49:26",146
"2020-06-18 09:49:21",146
"2020-06-18 10:49:13",146
"2020-06-18 11:49:44",146
"2020-06-18 12:49:29",146
"2020-06-18 13:49:54",146
"2020-06-18 14:49:52",146
"2020-06-18 17:11:19",146
"2020-06-18 17:49:23",146
"2020-06-18 18:49:46",146
"2020-06-18 19:49:44",146
"2020-06-18 20:49:34",146
"2020-06-18 21:49:50",146
"2020-06-18 22:49:24",146
"2020-06-18 23:49:30",146
"2020-06-19 00:49:59",146
"2020-06-19 01:49:26",146
"2020-06-19 02:49:21",146
"2020-06-19 03:50:06",146
"2020-06-19 04:51:56",146
"2020-06-19 05:49:22",146
"2020-06-19 06:49:19",146
"2020-06-19 07:49:54",146
"2020-06-19 08:50:14",146
"2020-06-19 09:49:55",146
"2020-06-19 10:49:23",146
"2020-06-19 11:49:25",146
"2020-06-19 13:12:42",146
"2020-06-19 13:50:15",146
"2020-06-19 14:49:32",145
"2020-06-19 15:49:38",145
"2020-06-19 16:49:24",145
"2020-06-19 17:49:58",145
"2020-06-19 18:49:25",145
"2020-06-19 19:49:31",145
"2020-06-19 20:49:29",145
"2020-06-19 21:49:26",145
"2020-06-19 22:49:32",145
"2020-06-19 23:49:53",145
"2020-06-20 00:49:31",145
"2020-06-20 01:49:47",145
"2020-06-20 02:49:37",145
"2020-06-20 03:49:20",145
"2020-06-20 04:49:09",145
"2020-06-20 05:49:24",145
"2020-06-20 06:49:19",145
"2020-06-20 07:49:25",145
"2020-06-20 08:49:24",145
"2020-06-20 09:49:24",145
"2020-06-20 10:49:22",145
"2020-06-20 11:49:28",145
"2020-06-20 12:49:25",145
"2020-06-20 13:49:28",145
"2020-06-20 14:49:25",145
"2020-06-20 15:49:13",145
"2020-06-20 16:49:59",145
"2020-06-20 17:49:19",145
"2020-06-20 18:49:20",145
"2020-06-20 19:49:44",145
"2020-06-20 20:49:23",145
"2020-06-20 21:49:27",145
"2020-06-20 22:49:35",145
"2020-06-20 23:49:35",145
"2020-06-21 00:49:34",145
"2020-06-21 01:49:24",145
"2020-06-21 02:49:27",145
"2020-06-21 03:50:05",145
"2020-06-21 04:49:23",145
"2020-06-21 05:50:07",145
"2020-06-21 06:49:26",145
"2020-06-21 07:49:25",145
"2020-06-21 08:49:16",145
"2020-06-21 09:49:14",145
"2020-06-21 10:49:10",145
"2020-06-21 11:49:25",145
"2020-06-21 12:49:36",145
"2020-06-21 13:49:34",145
"2020-06-21 14:50:14",145
"2020-06-21 15:49:25",145
"2020-06-21 16:49:15",145
"2020-06-21 17:49:18",145
"2020-06-21 18:49:27",145
"2020-06-21 19:49:29",145
"2020-06-21 20:49:26",145
"2020-06-21 21:49:31",145
"2020-06-21 22:50:00",145
"2020-06-21 23:49:37",145
"2020-06-22 00:49:17",145
"2020-06-22 01:50:02",145
"2020-06-22 02:49:32",145
"2020-06-22 03:49:23",145
"2020-06-22 04:49:32",145
"2020-06-22 05:50:04",145
"2020-06-22 06:49:27",145
"2020-06-22 07:49:14",145
"2020-06-22 08:49:33",145
"2020-06-22 09:49:30",145
"2020-06-22 10:49:57",145
"2020-06-22 11:49:20",145
"2020-06-22 12:49:31",145
"2020-06-22 13:49:33",145
"2020-06-22 14:49:36",145
"2020-06-22 15:50:00",147
"2020-06-22 16:49:35",147
"2020-06-22 17:51:09",147
"2020-06-22 18:49:24",147
"2020-06-22 20:49:20",148
"2020-06-22 21:50:39",148
"2020-06-22 22:49:15",148
"2020-06-22 23:49:24",148
"2020-06-23 00:49:19",148
"2020-06-23 01:49:26",148
"2020-06-23 02:49:39",148
"2020-06-23 03:49:38",148
"2020-06-23 04:49:51",148
"2020-06-23 05:49:46",148
"2020-06-23 06:49:19",148
"2020-06-23 07:49:38",148
"2020-06-23 08:50:33",148
"2020-06-23 09:49:22",148
"2020-06-23 10:49:37",148
"2020-06-23 11:49:30",148
"2020-06-23 12:49:36",148
"2020-06-23 13:49:46",148
"2020-06-23 14:49:35",149
"2020-06-23 15:49:49",149
"2020-06-23 16:49:32",149
"2020-06-23 17:49:42",149
"2020-06-23 18:50:01",149
"2020-06-23 19:49:18",149
"2020-06-23 20:49:33",149
"2020-06-23 21:49:21",149
"2020-06-23 22:49:57",149
"2020-06-23 23:50:05",149
"2020-06-24 00:50:05",149
"2020-06-24 01:50:00",149
"2020-06-24 02:50:18",149
"2020-06-24 03:49:24",149
"2020-06-24 04:49:56",149
"2020-06-24 05:50:10",149
"2020-06-24 06:49:37",149
"2020-06-24 07:49:25",149
"2020-06-24 08:49:59",149
"2020-06-24 09:49:35",149
"2020-06-24 10:49:40",149
"2020-06-24 11:49:20",149
"2020-06-24 12:49:28",149
"2020-06-24 13:49:35",149
"2020-06-24 14:49:27",149
"2020-06-24 15:49:23",149
"2020-06-24 16:49:43",149
"2020-06-24 17:49:59",149
"2020-06-24 18:49:56",149
"2020-06-24 19:50:01",149
"2020-06-24 20:49:29",149
"2020-06-24 21:49:41",149
"2020-06-24 22:49:41",149
"2020-06-24 23:49:29",149
"2020-06-25 00:49:52",149
"2020-06-25 01:49:30",149
"2020-06-25 02:49:15",149
"2020-06-25 03:49:23",149
"2020-06-25 04:49:30",149
"2020-06-25 05:49:28",149
"2020-06-25 06:49:37",149
"2020-06-25 07:49:38",149
"2020-06-25 08:49:40",149
"2020-06-25 09:50:03",149
"2020-06-25 10:49:21",149
"2020-06-25 11:50:24",149
"2020-06-25 13:11:46",149
"2020-06-25 13:50:00",149
"2020-06-25 14:50:37",149
"2020-06-25 15:50:16",149
"2020-06-25 16:50:07",149
"2020-06-25 17:50:15",149
"2020-06-25 18:49:43",149
"2020-06-25 19:49:39",149
"2020-06-25 20:49:29",149
"2020-06-25 21:50:02",149
"2020-06-25 22:50:10",149
"2020-06-25 23:49:22",149
"2020-06-26 00:50:17",149
"2020-06-26 01:49:38",149
"2020-06-26 02:49:39",149
"2020-06-26 03:49:58",149
"2020-06-26 04:49:20",149
"2020-06-26 05:49:35",149
"2020-06-26 06:49:38",149
"2020-06-26 07:49:53",149
"2020-06-26 08:49:48",149
"2020-06-26 09:49:34",149
"2020-06-26 10:49:24",149
"2020-06-26 11:49:31",149
"2020-06-26 12:49:39",149
"2020-06-26 13:50:35",149
"2020-06-26 14:49:40",149
"2020-06-26 15:49:28",149
"2020-06-26 16:49:41",149
"2020-06-26 17:49:29",149
"2020-06-26 18:49:39",149
"2020-06-26 19:49:43",149
"2020-06-26 20:49:26",150
"2020-06-26 21:49:31",150
"2020-06-26 22:50:02",150
"2020-06-26 23:49:21",150
"2020-06-27 00:50:35",150
"2020-06-27 01:49:58",150
"2020-06-27 02:49:56",150
"2020-06-27 03:49:54",150
"2020-06-27 04:50:07",150
"2020-06-27 05:49:17",150
"2020-06-27 06:49:29",150
"2020-06-27 07:49:31",150
"2020-06-27 08:49:26",150
"2020-06-27 09:49:25",150
"2020-06-27 10:49:29",150
"2020-06-27 11:49:16",150
"2020-06-27 12:49:43",150
"2020-06-27 13:49:33",150
"2020-06-27 14:49:14",150
"2020-06-27 15:50:05",150
"2020-06-27 16:49:30",150
"2020-06-27 17:49:27",150
"2020-06-27 18:49:25",150
"2020-06-27 19:49:28",150
"2020-06-27 20:49:18",150
"2020-06-27 21:49:24",150
"2020-06-27 22:49:30",150
"2020-06-27 23:49:20",150
"2020-06-28 00:49:40",150
"2020-06-28 01:49:18",150
"2020-06-28 02:49:33",150
"2020-06-28 03:49:19",150
"2020-06-28 04:49:17",150
"2020-06-28 05:49:26",150
"2020-06-28 06:49:27",150
"2020-06-28 07:49:46",150
"2020-06-28 08:49:38",150
"2020-06-28 09:49:23",150
"2020-06-28 10:49:26",150
"2020-06-28 11:49:18",150
"2020-06-28 12:49:29",150
"2020-06-28 13:49:30",150
"2020-06-28 14:49:19",150
"2020-06-28 15:49:34",150
"2020-06-28 16:49:27",150
"2020-06-28 17:49:26",150
"2020-06-28 18:49:37",150
"2020-06-28 19:49:33",150
"2020-06-28 20:49:17",150
"2020-06-28 21:49:36",150
"2020-06-28 22:49:47",150
"2020-06-28 23:49:38",150
"2020-06-29 00:49:47",150
"2020-06-29 01:49:17",150
"2020-06-29 02:49:34",150
"2020-06-29 03:49:27",150
"2020-06-29 04:49:35",150
"2020-06-29 05:49:24",150
"2020-06-29 06:49:42",150
"2020-06-29 07:49:47",150
"2020-06-29 08:49:33",150
"2020-06-29 09:49:35",150
"2020-06-29 10:49:29",150
"2020-06-29 11:49:25",150
"2020-06-29 12:49:40",150
"2020-06-29 13:49:56",150
"2020-06-29 14:50:12",153
"2020-06-29 15:49:41",151
"2020-06-29 16:49:33",151
"2020-06-29 17:49:30",152
"2020-06-29 18:49:29",152
"2020-06-29 19:49:41",152
"2020-06-29 20:49:37",152
"2020-06-29 21:49:37",152
"2020-06-29 22:49:27",152
"2020-06-29 23:49:42",152
"2020-06-30 00:50:03",152
"2020-06-30 01:49:37",152
"2020-06-30 02:50:22",152
"2020-06-30 03:49:28",152
"2020-06-30 04:50:11",152
"2020-06-30 05:49:39",152
"2020-06-30 06:49:56",152
"2020-06-30 07:49:30",152
"2020-06-30 08:49:30",152
"2020-06-30 09:49:40",152
"2020-06-30 10:51:36",152
"2020-06-30 11:49:31",152
"2020-06-30 12:49:29",152
"2020-06-30 13:50:46",152
"2020-06-30 14:49:45",152
"2020-06-30 15:50:01",152
"2020-06-30 16:50:32",152
"2020-06-30 17:49:39",152
"2020-06-30 18:50:02",152
"2020-06-30 19:49:34",152
"2020-06-30 20:49:51",152
"2020-06-30 21:50:15",152
"2020-06-30 22:49:22",152
"2020-06-30 23:49:28",152
"2020-07-01 00:50:51",152
"2020-07-01 01:49:35",152
"2020-07-01 02:50:13",152
"2020-07-01 03:49:41",152
"2020-07-01 04:49:39",152
"2020-07-01 05:49:49",152
"2020-07-01 06:49:39",152
"2020-07-01 07:49:39",152
"2020-07-01 08:50:16",152
"2020-07-01 09:50:40",152
"2020-07-01 10:50:22",152
"2020-07-01 11:49:46",152
"2020-07-01 13:11:22",152
"2020-07-01 13:50:36",152
"2020-07-01 14:50:40",151
"2020-07-01 15:50:38",151
"2020-07-01 16:50:24",151
"2020-07-01 17:50:14",151
"2020-07-01 18:50:18",151
"2020-07-01 19:50:36",152
"2020-07-01 20:50:18",152
"2020-07-01 21:49:36",152
"2020-07-01 22:50:15",152
"2020-07-01 23:49:39",152
"2020-07-02 00:51:35",152
"2020-07-02 01:49:41",152
"2020-07-02 02:49:48",152
"2020-07-02 03:49:56",152
"2020-07-02 04:49:46",152
"2020-07-02 05:49:50",152
"2020-07-02 06:49:40",152
"2020-07-02 07:49:32",152
"2020-07-02 08:49:40",152
"2020-07-02 09:49:59",152
"2020-07-02 10:49:43",152
"2020-07-02 11:49:49",152
"2020-07-02 13:14:20",152
"2020-07-02 13:50:16",152
"2020-07-02 14:49:55",152
"2020-07-02 15:49:58",152
"2020-07-02 16:50:08",152
"2020-07-02 17:49:56",152
"2020-07-02 18:50:01",152
"2020-07-02 19:50:09",152
"2020-07-02 20:49:28",152
"2020-07-02 21:49:47",152
"2020-07-02 22:49:36",152
"2020-07-02 23:49:27",152
"2020-07-03 00:50:15",152
"2020-07-03 01:49:49",152
"2020-07-03 02:50:06",152
"2020-07-03 03:49:33",152
"2020-07-03 04:50:17",152
"2020-07-03 05:49:38",152
"2020-07-03 06:49:39",152
"2020-07-03 07:49:40",152
"2020-07-03 08:49:37",152
"2020-07-03 09:50:04",152
"2020-07-03 10:49:43",152
"2020-07-03 11:49:32",152
"2020-07-03 12:49:32",152
"2020-07-03 13:49:38",152
"2020-07-03 14:49:44",152
"2020-07-03 15:49:36",152
"2020-07-03 16:49:36",152
"2020-07-03 17:49:36",152
"2020-07-03 18:49:50",152
"2020-07-03 19:49:40",152
"2020-07-03 20:49:45",152
"2020-07-03 21:49:41",152
"2020-07-03 22:49:32",152
"2020-07-03 23:49:46",152
"2020-07-04 00:49:31",152
"2020-07-04 01:49:57",152
"2020-07-04 02:50:07",152
"2020-07-04 03:49:29",152
"2020-07-04 04:49:24",152
"2020-07-04 05:49:38",152
"2020-07-04 06:49:47",152
"2020-07-04 07:49:35",152
"2020-07-04 08:49:42",152
"2020-07-04 09:49:42",152
"2020-07-04 11:41:20",152
"2020-07-04 11:49:37",152
"2020-07-04 12:49:46",152
"2020-07-04 13:49:40",152
"2020-07-04 14:49:52",152
"2020-07-04 15:49:21",152
"2020-07-04 16:50:05",152
"2020-07-04 17:49:31",152
"2020-07-04 18:49:42",152
"2020-07-04 19:49:29",152
"2020-07-04 20:49:39",152
"2020-07-04 21:49:41",152
"2020-07-04 22:49:27",152
"2020-07-04 23:49:52",152
"2020-07-05 00:49:44",152
"2020-07-05 01:49:43",152
"2020-07-05 02:49:23",152
"2020-07-05 03:49:33",152
"2020-07-05 04:49:29",152
"2020-07-05 05:49:43",152
"2020-07-05 06:49:47",152
"2020-07-05 07:49:48",152
"2020-07-05 08:49:41",152
"2020-07-05 11:41:01",152
"2020-07-05 11:42:50",152
"2020-07-05 11:50:31",152
"2020-07-05 12:49:30",152
"2020-07-05 13:49:40",152
"2020-07-05 14:49:28",152
"2020-07-05 15:49:57",152
"2020-07-05 16:49:39",152
"2020-07-05 17:49:31",152
"2020-07-05 18:49:28",152
"2020-07-05 19:49:52",152
"2020-07-05 20:49:36",152
"2020-07-05 21:49:42",152
"2020-07-05 22:49:26",152
"2020-07-05 23:49:29",152
"2020-07-06 00:49:39",152
"2020-07-06 01:49:47",152
"2020-07-06 02:49:38",152
"2020-07-06 03:49:36",152
"2020-07-06 04:49:31",152
"2020-07-06 05:49:17",152
"2020-07-06 06:49:48",152
"2020-07-06 07:50:08",152
