timestamp,users_holding
"2018-05-02 04:56:15",317
"2018-05-02 06:41:26",317
"2018-05-03 00:38:23",314
"2018-05-03 06:36:38",314
"2018-05-03 06:51:37",314
"2018-05-03 07:09:57",314
"2018-05-03 07:37:07",314
"2018-05-03 07:46:22",314
"2018-05-03 11:22:07",314
"2018-05-03 12:45:31",314
"2018-05-03 13:45:31",314
"2018-05-03 14:45:32",312
"2018-05-03 15:45:32",312
"2018-05-03 16:45:32",312
"2018-05-03 17:45:32",309
"2018-05-03 18:45:31",308
"2018-05-03 19:45:31",308
"2018-05-03 20:45:31",308
"2018-05-03 21:45:31",308
"2018-05-03 22:45:32",308
"2018-05-03 23:45:31",308
"2018-05-04 00:45:31",308
"2018-05-04 01:45:32",308
"2018-05-04 02:45:33",308
"2018-05-04 03:45:31",308
"2018-05-04 04:45:31",308
"2018-05-04 05:45:31",308
"2018-05-04 06:45:32",308
"2018-05-04 07:45:31",308
"2018-05-04 08:45:33",308
"2018-05-04 09:45:32",308
"2018-05-04 10:45:32",308
"2018-05-04 11:45:31",308
"2018-05-04 12:45:30",308
"2018-05-04 20:50:15",306
"2018-05-04 20:56:15",306
"2018-05-04 21:02:15",306
"2018-05-04 21:08:14",306
"2018-05-04 21:14:14",306
"2018-05-04 21:20:13",306
"2018-05-04 21:26:13",306
"2018-05-04 21:32:13",306
"2018-05-04 21:45:30",306
"2018-05-04 22:45:31",306
"2018-05-04 23:45:32",306
"2018-05-05 00:45:30",306
"2018-05-05 01:45:32",306
"2018-05-05 02:45:31",306
"2018-05-05 03:45:32",306
"2018-05-05 04:45:32",306
"2018-05-05 05:45:30",306
"2018-05-05 06:45:32",306
"2018-05-05 07:45:32",306
"2018-05-05 08:45:32",306
"2018-05-05 09:45:30",306
"2018-05-05 10:45:32",306
"2018-05-05 11:45:31",306
"2018-05-05 12:45:32",306
"2018-05-05 13:45:33",306
"2018-05-05 14:45:32",306
"2018-05-05 15:45:33",306
"2018-05-05 16:45:32",306
"2018-05-05 17:45:32",306
"2018-05-05 18:45:31",306
"2018-05-05 19:45:31",306
"2018-05-05 20:45:32",306
"2018-05-05 21:45:30",306
"2018-05-05 22:45:32",306
"2018-05-05 23:45:30",306
"2018-05-06 00:45:31",306
"2018-05-06 01:45:31",306
"2018-05-06 02:45:32",306
"2018-05-06 03:45:31",306
"2018-05-06 04:45:31",306
"2018-05-06 05:45:32",306
"2018-05-06 06:45:31",306
"2018-05-06 07:45:35",306
"2018-05-06 08:45:30",306
"2018-05-06 09:45:30",306
"2018-05-06 10:45:30",306
"2018-05-06 11:45:32",306
"2018-05-06 12:45:30",306
"2018-05-06 13:45:32",306
"2018-05-06 14:45:31",306
"2018-05-06 15:45:31",306
"2018-05-06 16:45:31",306
"2018-05-06 17:45:31",306
"2018-05-06 18:45:32",306
"2018-05-06 19:45:31",306
"2018-05-06 20:45:32",306
"2018-05-06 21:45:32",306
"2018-05-06 22:45:31",306
"2018-05-06 23:45:31",306
"2018-05-07 00:45:31",306
"2018-05-07 01:45:31",306
"2018-05-07 01:59:07",306
"2018-05-07 02:45:32",306
"2018-05-07 03:45:32",306
"2018-05-07 04:45:31",306
"2018-05-07 05:45:31",306
"2018-05-07 06:45:30",306
"2018-05-07 07:45:31",306
"2018-05-07 08:45:33",306
"2018-05-07 09:45:31",306
"2018-05-07 10:45:31",306
"2018-05-07 11:45:30",306
"2018-05-07 12:45:30",306
"2018-05-07 13:45:43",306
"2018-05-07 14:45:31",304
"2018-05-07 15:45:32",304
"2018-05-07 16:45:37",304
"2018-05-07 22:45:31",304
"2018-05-07 23:45:31",304
"2018-05-08 00:45:33",304
"2018-05-08 01:45:37",304
"2018-05-08 02:45:31",304
"2018-05-08 03:45:31",304
"2018-05-08 04:45:32",304
"2018-05-08 05:45:30",304
"2018-05-08 06:45:32",304
"2018-05-08 07:45:31",304
"2018-05-08 08:45:31",304
"2018-05-08 09:45:30",304
"2018-05-08 10:45:30",304
"2018-05-08 11:45:29",304
"2018-05-08 12:45:30",304
"2018-05-08 13:45:31",304
"2018-05-08 14:45:33",305
"2018-05-08 15:45:32",305
"2018-05-08 16:45:31",307
"2018-05-08 17:45:31",307
"2018-05-08 18:45:33",307
"2018-05-08 19:45:32",307
"2018-05-08 20:45:31",306
"2018-05-08 21:45:31",306
"2018-05-08 22:45:32",306
"2018-05-08 23:45:37",306
"2018-05-09 00:45:33",306
"2018-05-09 01:45:32",306
"2018-05-09 02:45:32",306
"2018-05-09 03:45:31",306
"2018-05-09 04:45:32",306
"2018-05-09 05:45:33",306
"2018-05-09 06:45:32",306
"2018-05-09 07:45:32",306
"2018-05-09 08:45:32",306
"2018-05-09 09:45:30",306
"2018-05-09 10:45:31",306
"2018-05-09 11:45:31",306
"2018-05-09 12:45:31",306
"2018-05-09 13:45:34",306
"2018-05-09 14:45:32",306
"2018-05-09 15:45:32",307
"2018-05-09 16:45:32",306
"2018-05-09 17:45:33",306
"2018-05-09 18:45:32",305
"2018-05-09 19:45:33",305
"2018-05-09 20:45:30",307
"2018-05-09 21:45:33",307
"2018-05-09 22:45:31",307
"2018-05-09 23:45:31",307
"2018-05-10 00:45:32",307
"2018-05-10 01:45:32",307
"2018-05-10 02:45:33",307
"2018-05-10 03:45:34",307
"2018-05-10 04:45:34",307
"2018-05-10 05:45:33",307
"2018-05-10 06:45:33",307
"2018-05-10 07:45:35",307
"2018-05-10 08:45:33",307
"2018-05-10 09:45:32",307
"2018-05-10 10:45:33",307
"2018-05-10 11:45:33",307
"2018-05-10 12:45:33",307
"2018-05-10 13:45:44",307
"2018-05-10 14:45:34",306
"2018-05-10 15:45:34",306
"2018-05-10 16:45:33",306
"2018-05-10 17:45:34",306
"2018-05-10 18:45:33",306
"2018-05-10 19:45:34",303
"2018-05-10 20:45:33",302
"2018-05-10 21:45:33",302
"2018-05-10 22:45:33",302
"2018-05-10 23:45:34",302
"2018-05-11 00:45:34",302
"2018-05-11 01:45:34",302
"2018-05-11 02:45:33",302
"2018-05-11 03:45:33",302
"2018-05-11 04:45:33",302
"2018-05-11 05:45:35",302
"2018-05-11 06:45:33",302
"2018-05-11 07:45:33",302
"2018-05-11 08:45:33",302
"2018-05-11 09:45:32",302
"2018-05-11 10:45:32",302
"2018-05-11 11:45:33",302
"2018-05-11 12:45:32",302
"2018-05-11 13:45:35",302
"2018-05-11 14:45:34",303
"2018-05-11 15:45:34",303
"2018-05-11 16:45:33",303
"2018-05-11 17:45:34",303
"2018-05-11 18:45:34",303
"2018-05-11 19:45:34",303
"2018-05-11 20:45:32",303
"2018-05-11 21:45:33",303
"2018-05-11 22:45:32",303
"2018-05-11 23:45:33",303
"2018-05-12 00:45:33",303
"2018-05-12 01:45:33",303
"2018-05-12 02:45:35",303
"2018-05-12 03:45:33",303
"2018-05-12 04:45:33",303
"2018-05-12 05:45:33",303
"2018-05-12 06:45:34",303
"2018-05-12 07:45:33",303
"2018-05-12 08:45:33",303
"2018-05-12 09:45:32",303
"2018-05-12 10:45:33",303
"2018-05-12 11:45:33",303
"2018-05-12 12:45:33",303
"2018-05-12 13:45:34",303
"2018-05-12 14:45:33",303
"2018-05-12 15:45:35",303
"2018-05-12 16:45:33",303
"2018-05-12 17:45:34",303
"2018-05-12 18:45:32",303
"2018-05-12 19:45:34",303
"2018-05-12 20:45:33",303
"2018-05-12 21:45:32",303
"2018-05-12 22:45:33",303
"2018-05-12 23:45:33",303
"2018-05-13 00:45:34",303
"2018-05-13 01:45:33",303
"2018-05-13 02:45:32",303
"2018-05-13 03:45:32",303
"2018-05-13 04:45:34",303
"2018-05-13 05:45:33",303
"2018-05-13 06:45:34",303
"2018-05-13 07:45:33",303
"2018-05-13 08:45:32",303
"2018-05-13 09:45:33",303
"2018-05-13 10:45:31",303
"2018-05-13 11:45:31",303
"2018-05-13 12:45:33",303
"2018-05-13 13:45:33",303
"2018-05-13 14:45:33",303
"2018-05-13 15:45:33",303
"2018-05-13 16:45:34",303
"2018-05-13 17:45:33",303
"2018-05-13 18:45:34",303
"2018-05-13 19:45:32",303
"2018-05-13 20:45:34",303
"2018-05-13 21:45:33",303
"2018-05-13 22:45:34",303
"2018-05-13 23:45:34",303
"2018-05-14 00:45:33",303
"2018-05-14 01:45:34",303
"2018-05-14 02:45:34",303
"2018-05-14 03:45:33",303
"2018-05-14 04:45:34",303
"2018-05-14 05:45:33",303
"2018-05-14 06:45:32",303
"2018-05-14 07:45:33",303
"2018-05-14 08:45:32",303
"2018-05-14 09:45:32",303
"2018-05-14 10:45:32",303
"2018-05-14 11:45:33",303
"2018-05-14 12:45:31",303
"2018-05-14 13:45:36",303
"2018-05-14 14:45:34",302
"2018-05-14 15:45:33",302
"2018-05-14 16:45:32",302
"2018-05-14 17:45:33",303
"2018-05-14 18:45:35",303
"2018-05-14 19:45:32",303
"2018-05-14 20:45:33",303
"2018-05-14 21:45:32",303
"2018-05-14 22:45:33",303
"2018-05-14 23:45:34",303
"2018-05-15 00:45:34",303
"2018-05-15 01:45:34",303
"2018-05-15 02:45:34",303
"2018-05-15 03:45:33",303
"2018-05-15 04:45:34",303
"2018-05-15 05:45:33",303
"2018-05-15 06:45:32",303
"2018-05-15 07:45:32",303
"2018-05-15 08:45:33",303
"2018-05-15 09:45:32",303
"2018-05-15 10:45:34",303
"2018-05-15 11:45:32",303
"2018-05-15 12:45:32",303
"2018-05-15 13:45:34",303
"2018-05-15 14:45:33",303
"2018-05-15 15:45:33",302
"2018-05-15 16:45:33",302
"2018-05-15 17:45:32",303
"2018-05-15 18:45:37",303
"2018-05-15 19:45:32",304
"2018-05-15 20:45:31",305
"2018-05-15 21:45:30",305
"2018-05-15 22:45:32",305
"2018-05-15 23:45:32",305
"2018-05-16 00:45:32",305
"2018-05-16 01:45:33",305
"2018-05-16 02:45:32",305
"2018-05-16 03:45:33",305
"2018-05-16 04:45:34",305
"2018-05-16 05:45:32",305
"2018-05-16 06:45:32",305
"2018-05-16 07:45:33",305
"2018-05-16 08:45:34",305
"2018-05-16 09:45:31",305
"2018-05-16 10:45:31",305
"2018-05-16 11:45:33",305
"2018-05-16 12:45:34",305
"2018-05-16 13:45:33",305
"2018-05-16 14:45:32",303
"2018-05-16 15:45:32",304
"2018-05-16 16:45:32",305
"2018-05-16 17:45:34",305
"2018-05-16 18:45:31",305
"2018-05-16 19:45:31",306
"2018-05-16 20:45:31",307
"2018-05-16 21:45:31",307
"2018-05-16 22:45:32",307
"2018-05-16 23:45:31",307
"2018-05-17 00:45:34",307
"2018-05-17 01:45:31",307
"2018-05-17 02:45:32",307
"2018-05-17 03:45:32",307
"2018-05-17 04:45:33",307
"2018-05-17 05:45:33",307
"2018-05-17 06:45:34",307
"2018-05-17 07:45:33",307
"2018-05-17 08:45:36",307
"2018-05-17 09:45:33",307
"2018-05-17 10:45:31",307
"2018-05-17 11:45:33",307
"2018-05-17 12:45:31",307
"2018-05-17 13:45:34",307
"2018-05-17 14:45:32",308
"2018-05-17 15:45:33",308
"2018-05-18 07:45:33",310
"2018-05-18 08:45:33",310
"2018-05-18 09:45:32",310
"2018-05-18 10:45:30",310
"2018-05-18 11:45:31",310
"2018-05-18 12:45:32",310
"2018-05-18 13:45:34",310
"2018-05-18 14:45:33",310
"2018-05-18 15:45:33",311
"2018-05-18 16:45:33",312
"2018-05-18 17:45:32",311
"2018-05-18 18:45:32",312
"2018-05-18 19:45:33",312
"2018-05-18 20:45:34",311
"2018-05-18 21:45:31",311
"2018-05-18 22:45:33",311
"2018-05-18 23:45:32",311
"2018-05-19 00:45:32",311
"2018-05-19 01:45:34",311
"2018-05-19 02:45:34",311
"2018-05-19 03:45:34",311
"2018-05-19 04:45:33",311
"2018-05-19 05:45:34",311
"2018-05-19 06:45:35",311
"2018-05-19 07:45:31",311
"2018-05-19 08:45:33",311
"2018-05-19 09:45:33",311
"2018-05-19 10:45:31",311
"2018-05-19 11:45:32",311
"2018-05-19 12:45:33",311
"2018-05-19 13:45:34",311
"2018-05-19 14:45:34",311
"2018-05-19 15:45:34",311
"2018-05-19 16:45:33",311
"2018-05-19 17:45:33",311
"2018-05-19 18:45:33",311
"2018-05-19 19:45:33",311
"2018-05-19 20:45:33",311
"2018-05-19 21:45:33",311
"2018-05-19 22:45:32",311
"2018-05-19 23:45:32",311
"2018-05-20 00:45:33",311
"2018-05-20 01:45:34",311
"2018-05-20 02:45:32",311
"2018-05-20 03:45:32",311
"2018-05-20 04:45:33",311
"2018-05-20 05:45:33",311
"2018-05-20 06:45:31",311
"2018-05-20 07:45:32",311
"2018-05-20 08:45:33",311
"2018-05-20 09:45:33",311
"2018-05-20 10:45:32",311
"2018-05-20 11:45:32",311
"2018-05-20 12:45:32",311
"2018-05-20 13:45:32",311
"2018-05-20 14:45:35",311
"2018-05-20 15:45:33",311
"2018-05-20 16:45:32",311
"2018-05-20 17:45:34",311
"2018-05-20 18:45:33",311
"2018-05-20 19:45:32",311
"2018-05-20 20:45:33",311
"2018-05-20 21:45:32",311
"2018-05-20 22:45:33",311
"2018-05-20 23:45:32",311
"2018-05-21 00:45:34",311
"2018-05-21 01:45:48",311
"2018-05-21 02:45:42",311
"2018-05-21 03:45:34",311
"2018-05-21 04:45:39",311
"2018-05-21 05:45:32",311
"2018-05-21 06:45:33",311
"2018-05-21 07:45:33",311
"2018-05-21 08:45:36",311
"2018-05-21 09:45:33",311
"2018-05-21 10:45:31",311
"2018-05-21 11:45:32",311
"2018-05-21 12:45:37",311
"2018-05-21 13:45:33",311
"2018-05-21 14:45:33",311
"2018-05-21 15:45:32",309
"2018-05-21 16:45:32",309
"2018-05-21 17:45:31",309
"2018-05-21 18:45:32",309
"2018-05-21 19:45:32",309
"2018-05-21 20:45:32",309
"2018-05-21 21:45:32",309
"2018-05-21 22:45:31",309
"2018-05-21 23:45:31",309
"2018-05-22 00:45:32",309
"2018-05-22 01:45:33",309
"2018-05-22 02:45:32",309
"2018-05-22 03:45:33",309
"2018-05-22 04:45:33",309
"2018-05-22 05:45:31",309
"2018-05-22 06:45:31",309
"2018-05-22 07:45:32",309
"2018-05-22 08:45:38",309
"2018-05-22 09:45:31",309
"2018-05-22 10:45:32",309
"2018-05-22 11:45:31",309
"2018-05-22 12:45:33",309
"2018-05-22 13:45:36",309
"2018-05-22 14:45:34",309
"2018-05-22 15:45:34",309
"2018-05-22 16:45:33",309
"2018-05-22 17:45:32",309
"2018-05-22 18:45:32",309
"2018-05-22 19:45:33",309
"2018-05-22 20:45:34",310
"2018-05-22 21:45:32",310
"2018-05-22 22:45:33",310
"2018-05-22 23:45:33",310
"2018-05-23 00:45:32",310
"2018-05-23 01:45:33",310
"2018-05-23 02:45:32",310
"2018-05-23 03:45:34",310
"2018-05-23 04:45:33",310
"2018-05-23 05:45:34",310
"2018-05-23 06:45:34",310
"2018-05-23 07:45:37",310
"2018-05-23 08:45:33",310
"2018-05-23 09:45:33",310
"2018-05-23 10:45:34",310
"2018-05-23 11:45:33",310
"2018-05-23 12:45:31",310
"2018-05-23 13:45:34",310
"2018-05-23 14:45:33",310
"2018-05-23 15:45:33",310
"2018-05-23 16:45:35",310
"2018-05-23 17:45:33",310
"2018-05-23 18:45:32",310
"2018-05-23 19:45:33",310
"2018-05-23 20:45:34",310
"2018-05-23 21:45:33",310
"2018-05-23 22:45:32",310
"2018-05-23 23:45:31",310
"2018-05-24 00:45:32",310
"2018-05-24 01:45:32",310
"2018-05-24 02:45:33",310
"2018-05-24 03:45:31",310
"2018-05-24 04:45:32",310
"2018-05-24 06:45:32",310
"2018-05-24 07:45:33",310
"2018-05-24 08:45:32",310
"2018-05-24 09:45:32",310
"2018-05-24 10:45:33",310
"2018-05-24 11:45:32",310
"2018-05-24 12:45:32",310
"2018-05-24 20:14:40",308
"2018-05-24 20:45:32",308
"2018-05-24 21:45:33",308
"2018-05-24 22:45:33",308
"2018-05-24 23:45:33",308
"2018-05-25 00:45:33",308
"2018-05-25 01:45:34",308
"2018-05-25 02:45:33",308
"2018-05-25 03:45:33",308
"2018-05-25 04:45:34",308
"2018-05-25 05:45:34",308
"2018-05-25 06:45:33",308
"2018-05-25 07:45:33",308
"2018-05-25 08:45:33",308
"2018-05-25 09:45:32",308
"2018-05-25 10:45:33",308
"2018-05-25 11:45:33",308
"2018-05-25 12:45:33",308
"2018-05-25 13:45:33",308
"2018-05-25 14:45:33",308
"2018-05-25 15:45:33",308
"2018-05-25 16:45:34",309
"2018-05-25 17:45:32",310
"2018-05-25 18:45:33",310
"2018-05-25 19:45:33",311
"2018-05-25 20:45:32",312
"2018-05-25 21:45:32",312
"2018-05-25 22:45:32",312
"2018-05-25 23:45:33",312
"2018-05-26 00:45:33",312
"2018-05-26 01:45:33",312
"2018-05-26 02:45:33",312
"2018-05-26 03:45:32",312
"2018-05-26 04:45:32",312
"2018-05-26 05:45:33",312
"2018-05-26 06:45:32",312
"2018-05-26 07:45:33",312
"2018-05-26 08:45:34",312
"2018-05-26 09:45:31",312
"2018-05-26 10:45:32",312
"2018-05-26 11:45:32",312
"2018-05-26 12:45:33",312
"2018-05-26 13:45:34",312
"2018-05-26 14:45:33",312
"2018-05-26 15:45:33",312
"2018-05-26 16:45:33",312
"2018-05-26 17:45:33",312
"2018-05-26 18:45:34",312
"2018-05-26 19:45:37",312
"2018-05-26 20:45:33",312
"2018-05-26 21:45:32",312
"2018-05-26 22:45:33",312
"2018-05-26 23:45:33",312
"2018-05-27 00:45:33",312
"2018-05-27 01:45:34",312
"2018-05-27 02:45:33",312
"2018-05-27 03:45:32",312
"2018-05-27 04:45:33",312
"2018-05-27 05:45:34",312
"2018-05-27 06:45:33",312
"2018-05-27 07:45:32",312
"2018-05-27 08:45:32",312
"2018-05-27 09:45:32",312
"2018-05-27 10:45:32",312
"2018-05-27 11:45:32",312
"2018-05-27 12:45:32",312
"2018-05-27 13:45:34",312
"2018-05-27 14:45:33",312
"2018-05-27 15:45:33",312
"2018-05-27 16:45:32",312
"2018-05-27 17:45:32",312
"2018-05-27 18:45:33",312
"2018-05-27 19:45:32",312
"2018-05-27 20:45:33",312
"2018-05-27 21:45:34",312
"2018-05-27 22:45:34",312
"2018-05-27 23:45:34",312
"2018-05-28 00:45:33",312
"2018-05-28 01:45:32",312
"2018-05-28 02:45:33",312
"2018-05-28 03:45:33",312
"2018-05-28 04:45:32",312
"2018-05-28 05:45:32",312
"2018-05-28 06:45:33",312
"2018-05-28 07:45:32",312
"2018-05-28 08:45:32",312
"2018-05-28 09:45:33",312
"2018-05-28 10:45:32",312
"2018-05-28 11:45:33",312
"2018-05-28 12:45:32",312
"2018-05-28 13:45:32",312
"2018-05-28 14:45:32",312
"2018-05-28 15:45:33",312
"2018-05-28 16:45:32",312
"2018-05-28 17:45:33",312
"2018-05-28 18:45:33",312
"2018-05-28 19:45:33",312
"2018-05-28 20:45:33",312
"2018-05-28 21:45:32",312
"2018-05-28 22:45:33",312
"2018-05-28 23:45:33",312
"2018-05-29 00:45:32",312
"2018-05-29 01:45:31",312
"2018-05-29 02:45:33",312
"2018-05-29 03:45:33",312
"2018-05-29 04:45:33",312
"2018-05-29 05:45:33",312
"2018-05-29 06:45:33",312
"2018-05-29 07:45:32",312
"2018-05-29 08:45:39",312
"2018-05-29 09:45:33",312
"2018-05-29 10:45:31",312
"2018-05-29 11:45:31",312
"2018-05-29 12:45:31",312
"2018-05-30 19:56:13",308
"2018-05-30 20:45:33",309
"2018-05-30 21:45:33",309
"2018-05-30 22:45:32",309
"2018-05-30 23:45:33",309
"2018-05-31 00:45:33",309
"2018-05-31 01:45:35",309
"2018-05-31 02:45:33",309
"2018-05-31 03:45:37",309
"2018-05-31 04:45:32",309
"2018-05-31 05:45:32",309
"2018-05-31 06:45:33",309
"2018-05-31 07:45:33",309
"2018-05-31 08:45:33",309
"2018-05-31 09:45:32",309
"2018-05-31 10:45:33",309
"2018-05-31 11:45:32",309
"2018-05-31 12:45:33",309
"2018-05-31 13:45:35",309
"2018-05-31 14:45:33",310
"2018-05-31 15:45:33",309
"2018-05-31 16:45:32",309
"2018-05-31 17:45:33",309
"2018-05-31 18:45:34",310
"2018-05-31 19:45:33",309
"2018-05-31 20:45:34",310
"2018-05-31 21:45:32",310
"2018-05-31 22:45:33",310
"2018-05-31 23:45:33",310
"2018-06-01 00:45:33",310
"2018-06-01 01:45:33",310
"2018-06-01 02:45:33",310
"2018-06-01 03:45:33",310
"2018-06-01 04:45:32",310
"2018-06-01 05:45:32",310
"2018-06-01 06:45:33",310
"2018-06-01 07:45:35",310
"2018-06-01 08:45:35",310
"2018-06-01 09:45:33",310
"2018-06-01 10:45:32",310
"2018-06-01 11:45:33",310
"2018-06-01 12:45:32",310
"2018-06-01 13:45:42",310
"2018-06-01 14:45:34",309
"2018-06-01 15:45:35",309
"2018-06-01 16:45:35",308
"2018-06-01 17:45:35",307
"2018-06-01 18:45:34",307
"2018-06-01 19:45:35",307
"2018-06-01 20:45:34",308
"2018-06-01 21:45:34",308
"2018-06-01 22:45:35",308
"2018-06-01 23:45:34",308
"2018-06-02 00:45:34",308
"2018-06-02 01:45:34",308
"2018-06-02 02:45:35",308
"2018-06-02 03:45:35",308
"2018-06-02 04:45:34",308
"2018-06-02 05:45:35",308
"2018-06-02 06:45:33",308
"2018-06-02 07:45:34",308
"2018-06-02 08:45:33",308
"2018-06-02 09:45:36",308
"2018-06-02 10:45:33",308
"2018-06-02 11:45:33",308
"2018-06-02 12:45:35",308
"2018-06-02 13:45:35",308
"2018-06-02 14:45:35",308
"2018-06-02 15:45:35",308
"2018-06-02 16:45:35",308
"2018-06-02 17:45:34",308
"2018-06-02 18:45:33",308
"2018-06-02 19:45:35",308
"2018-06-02 20:45:35",308
"2018-06-02 21:45:35",308
"2018-06-02 22:45:34",308
"2018-06-02 23:45:35",308
"2018-06-03 00:45:33",308
"2018-06-03 01:45:34",308
"2018-06-03 02:45:34",308
"2018-06-03 03:45:33",308
"2018-06-03 04:45:33",308
"2018-06-03 05:45:34",308
"2018-06-03 06:45:34",308
"2018-06-03 19:47:50",308
"2018-06-03 20:45:35",308
"2018-06-03 21:45:34",308
"2018-06-03 22:45:34",308
"2018-06-03 23:45:34",308
"2018-06-04 00:45:34",308
"2018-06-04 01:45:34",308
"2018-06-04 02:45:34",308
"2018-06-04 03:45:33",308
"2018-06-04 04:45:36",308
"2018-06-04 05:45:34",308
"2018-06-04 06:45:34",308
"2018-06-04 07:45:34",308
"2018-06-04 08:45:34",308
"2018-06-04 09:45:34",308
"2018-06-04 10:45:24",308
"2018-06-04 11:45:24",308
"2018-06-04 12:45:24",308
"2018-06-04 13:45:26",308
"2018-06-04 14:45:26",310
"2018-06-04 15:45:26",309
"2018-06-04 16:45:25",309
"2018-06-04 17:45:25",309
"2018-06-04 18:45:26",310
"2018-06-04 19:45:28",310
"2018-06-04 20:45:27",310
"2018-06-04 21:45:27",310
"2018-06-04 22:45:29",310
"2018-06-04 23:45:29",310
"2018-06-05 00:45:29",310
"2018-06-05 01:45:29",310
"2018-06-05 02:45:29",310
"2018-06-05 03:45:28",310
"2018-06-05 04:45:30",310
"2018-06-05 05:45:29",310
"2018-06-05 06:45:29",310
"2018-06-05 07:45:28",310
"2018-06-05 08:45:28",310
"2018-06-05 09:45:28",310
"2018-06-05 10:45:28",310
"2018-06-05 11:45:27",310
"2018-06-05 12:45:26",310
"2018-06-05 13:46:08",310
"2018-06-05 14:45:31",310
"2018-06-05 15:45:29",310
"2018-06-05 16:45:28",310
"2018-06-05 17:45:27",309
"2018-06-05 18:45:28",310
"2018-06-05 19:45:29",310
"2018-06-05 20:45:29",310
"2018-06-05 21:45:29",310
"2018-06-05 22:45:29",310
"2018-06-05 23:45:29",310
"2018-06-06 00:45:29",310
"2018-06-06 01:45:29",310
"2018-06-06 02:45:29",310
"2018-06-06 03:45:30",310
"2018-06-06 04:45:29",310
"2018-06-06 05:45:29",310
"2018-06-06 06:45:28",310
"2018-06-06 07:45:28",310
"2018-06-06 08:45:29",310
"2018-06-06 09:45:28",310
"2018-06-06 10:45:28",310
"2018-06-06 11:45:28",310
"2018-06-06 12:45:29",310
"2018-06-06 13:45:30",310
"2018-06-06 14:45:29",311
"2018-06-06 15:45:30",310
"2018-06-06 16:45:30",310
"2018-06-06 17:45:29",310
"2018-06-06 18:45:30",311
"2018-06-06 19:45:29",310
"2018-06-06 20:45:28",310
"2018-06-06 21:45:30",310
"2018-06-06 22:45:32",310
"2018-06-06 23:45:34",310
"2018-06-07 00:45:34",310
"2018-06-07 01:45:34",310
"2018-06-07 02:45:34",310
"2018-06-07 03:45:33",310
"2018-06-07 04:45:34",310
"2018-06-07 05:45:36",310
"2018-06-07 06:45:34",310
"2018-06-07 07:45:34",310
"2018-06-07 08:45:34",310
"2018-06-07 09:45:34",310
"2018-06-07 10:45:33",310
"2018-06-07 11:45:34",310
"2018-06-07 12:45:34",310
"2018-06-07 13:45:35",310
"2018-06-07 14:45:39",310
"2018-06-07 15:45:34",309
"2018-06-07 16:45:35",309
"2018-06-07 17:45:35",309
"2018-06-07 18:45:33",310
"2018-06-07 19:45:34",310
"2018-06-07 20:45:34",310
"2018-06-07 21:45:33",310
"2018-06-07 22:45:34",310
"2018-06-07 23:45:34",310
"2018-06-08 00:45:34",310
"2018-06-08 01:45:33",310
"2018-06-08 02:45:34",310
"2018-06-08 03:45:34",310
"2018-06-08 04:45:36",310
"2018-06-08 05:45:33",310
"2018-06-08 06:45:36",310
"2018-06-08 07:45:35",310
"2018-06-08 08:45:33",310
"2018-06-08 09:45:33",310
"2018-06-08 10:45:34",310
"2018-06-08 11:45:33",310
"2018-06-08 12:45:35",310
"2018-06-08 13:45:35",310
"2018-06-08 14:45:34",311
"2018-06-08 15:45:33",310
"2018-06-08 16:45:34",310
"2018-06-08 17:45:34",310
"2018-06-08 18:45:34",310
"2018-06-08 19:45:34",310
"2018-06-08 20:45:35",310
"2018-06-08 21:45:33",310
"2018-06-08 22:45:33",310
"2018-06-08 23:45:33",310
"2018-06-09 00:45:33",310
"2018-06-09 01:45:34",310
"2018-06-09 02:45:33",310
"2018-06-09 03:45:34",310
"2018-06-09 04:45:35",310
"2018-06-09 05:45:33",310
"2018-06-09 06:45:36",310
"2018-06-09 07:45:33",310
"2018-06-09 08:45:33",310
"2018-06-09 09:45:34",310
"2018-06-09 10:45:34",310
"2018-06-09 11:45:35",310
"2018-06-09 12:45:35",310
"2018-06-09 13:45:35",310
"2018-06-09 14:45:34",310
"2018-06-09 15:45:37",310
"2018-06-09 16:45:34",310
"2018-06-09 17:45:36",310
"2018-06-09 18:45:36",310
"2018-06-09 19:45:35",310
"2018-06-09 20:45:35",310
"2018-06-09 21:45:35",310
"2018-06-09 22:45:33",310
"2018-06-09 23:45:33",310
"2018-06-10 00:45:34",310
"2018-06-10 01:45:34",310
"2018-06-10 02:45:34",310
"2018-06-10 03:45:34",310
"2018-06-10 04:45:35",310
"2018-06-10 05:45:33",310
"2018-06-10 06:45:34",310
"2018-06-10 07:45:35",310
"2018-06-10 08:45:34",310
"2018-06-10 09:45:34",310
"2018-06-10 10:45:35",310
"2018-06-10 11:45:34",310
"2018-06-10 12:45:33",310
"2018-06-10 13:45:33",310
"2018-06-10 14:45:35",310
"2018-06-10 15:45:33",310
"2018-06-10 16:45:35",310
"2018-06-10 17:45:34",310
"2018-06-10 18:45:35",310
"2018-06-10 19:45:34",310
"2018-06-10 20:45:33",310
"2018-06-10 21:45:33",310
"2018-06-10 22:45:35",310
"2018-06-10 23:45:34",310
"2018-06-11 00:45:34",310
"2018-06-11 01:45:33",310
"2018-06-11 02:45:33",310
"2018-06-11 03:45:34",310
"2018-06-11 04:45:34",310
"2018-06-11 06:45:33",310
"2018-06-11 07:45:33",310
"2018-06-11 08:45:34",310
"2018-06-11 09:45:33",310
"2018-06-11 10:45:34",310
"2018-06-11 11:45:33",310
"2018-06-11 12:45:34",310
"2018-06-11 13:45:35",310
"2018-06-11 14:45:34",310
"2018-06-11 15:45:34",310
"2018-06-11 16:45:34",310
"2018-06-11 17:45:33",310
"2018-06-11 18:45:34",310
"2018-06-11 19:45:33",310
"2018-06-11 20:45:34",310
"2018-06-11 21:45:33",310
"2018-06-11 22:45:32",310
"2018-06-11 23:45:33",310
"2018-06-12 00:45:34",310
"2018-06-12 01:45:35",310
"2018-06-12 02:45:34",310
"2018-06-12 03:45:35",310
"2018-06-12 04:45:34",310
"2018-06-12 05:45:34",310
"2018-06-12 06:45:34",310
"2018-06-12 07:45:35",310
"2018-06-12 08:45:34",310
"2018-06-12 09:45:33",310
"2018-06-12 10:45:33",310
"2018-06-12 11:45:33",310
"2018-06-12 12:45:34",310
"2018-06-12 13:45:37",310
"2018-06-12 14:45:34",310
"2018-06-12 15:45:33",310
"2018-06-12 16:45:34",309
"2018-06-12 17:45:33",309
"2018-06-12 18:45:34",309
"2018-06-12 19:45:34",309
"2018-06-12 20:45:33",309
"2018-06-12 21:45:33",309
"2018-06-12 22:45:32",309
"2018-06-12 23:45:34",309
"2018-06-13 00:45:34",309
"2018-06-13 01:45:33",309
"2018-06-13 02:45:33",309
"2018-06-13 03:45:34",309
"2018-06-13 04:45:35",309
"2018-06-13 05:45:34",309
"2018-06-13 06:45:35",309
"2018-06-13 07:45:34",309
"2018-06-13 08:45:36",309
"2018-06-13 09:45:33",309
"2018-06-13 10:45:33",309
"2018-06-13 11:45:33",309
"2018-06-13 12:45:34",309
"2018-06-13 13:45:36",309
"2018-06-13 14:45:35",311
"2018-06-13 15:45:34",311
"2018-06-13 16:45:34",310
"2018-06-13 17:45:34",310
"2018-06-13 18:45:35",309
"2018-06-13 19:45:34",309
"2018-06-13 20:45:34",309
"2018-06-13 21:45:35",309
"2018-06-13 22:45:33",309
"2018-06-13 23:45:33",309
"2018-06-14 00:45:34",309
"2018-06-14 01:45:35",309
"2018-06-14 02:45:34",309
"2018-06-14 03:45:35",309
"2018-06-14 04:45:34",309
"2018-06-14 05:45:36",309
"2018-06-14 06:45:34",309
"2018-06-14 07:45:34",309
"2018-06-14 08:45:34",309
"2018-06-14 09:45:32",309
"2018-06-14 10:45:33",309
"2018-06-14 11:45:35",309
"2018-06-14 12:45:36",309
"2018-06-14 13:45:36",309
"2018-06-14 14:45:35",311
"2018-06-14 15:45:36",312
"2018-06-14 16:45:34",312
"2018-06-14 17:45:34",311
"2018-06-14 18:45:35",311
"2018-06-14 19:45:36",311
"2018-06-14 20:45:35",311
"2018-06-14 21:45:35",311
"2018-06-14 22:45:36",311
"2018-06-14 23:45:35",311
"2018-06-15 00:45:34",311
"2018-06-15 01:45:34",311
"2018-06-15 02:45:35",311
"2018-06-15 03:45:35",311
"2018-06-15 04:45:36",311
"2018-06-15 05:45:37",311
"2018-06-15 06:45:36",311
"2018-06-15 07:45:34",311
"2018-06-15 08:45:34",311
"2018-06-15 09:45:34",311
"2018-06-15 10:45:35",311
"2018-06-15 11:45:34",311
"2018-06-15 12:45:34",311
"2018-06-15 13:45:37",311
"2018-06-15 14:45:36",309
"2018-06-15 15:45:36",308
"2018-06-15 16:45:35",308
"2018-06-15 17:45:34",308
"2018-06-15 18:45:36",308
"2018-06-15 19:45:34",308
"2018-06-15 20:45:35",308
"2018-06-15 21:45:34",308
"2018-06-15 22:45:34",308
"2018-06-15 23:45:35",308
"2018-06-16 00:45:35",308
"2018-06-16 01:45:35",308
"2018-06-16 02:45:39",308
"2018-06-16 03:45:35",308
"2018-06-16 04:45:38",308
"2018-06-16 05:45:38",308
"2018-06-16 06:45:36",308
"2018-06-16 07:45:34",308
"2018-06-16 08:45:35",308
"2018-06-16 09:45:35",308
"2018-06-16 10:45:34",308
"2018-06-16 11:45:36",308
"2018-06-16 12:45:35",308
"2018-06-16 13:45:36",308
"2018-06-16 14:45:36",308
"2018-06-16 15:45:35",308
"2018-06-16 16:45:36",308
"2018-06-16 17:45:35",308
"2018-06-16 18:45:35",308
"2018-06-16 19:45:35",308
"2018-06-16 20:45:35",308
"2018-06-16 21:45:35",308
"2018-06-16 22:45:36",308
"2018-06-16 23:45:35",308
"2018-06-17 00:45:35",308
"2018-06-17 01:45:35",308
"2018-06-17 02:45:38",308
"2018-06-17 03:45:35",308
"2018-06-17 04:45:35",308
"2018-06-17 05:45:35",308
"2018-06-17 06:45:34",308
"2018-06-17 07:45:34",308
"2018-06-17 08:45:35",308
"2018-06-17 09:45:33",308
"2018-06-17 10:45:33",308
"2018-06-17 11:45:34",308
"2018-06-17 12:45:35",308
"2018-06-17 13:45:35",308
"2018-06-17 14:45:36",308
"2018-06-17 15:45:34",308
"2018-06-17 16:45:34",308
"2018-06-17 17:45:35",308
"2018-06-17 18:45:33",308
"2018-06-17 19:45:37",308
"2018-06-17 20:45:36",308
"2018-06-17 21:45:35",308
"2018-06-17 22:45:35",308
"2018-06-17 23:45:35",308
"2018-06-18 00:45:37",308
"2018-06-18 01:45:36",308
"2018-06-18 02:45:36",308
"2018-06-18 03:45:35",308
"2018-06-18 04:45:35",308
"2018-06-18 05:45:36",308
"2018-06-18 06:45:34",308
"2018-06-18 07:45:34",308
"2018-06-18 08:45:41",308
"2018-06-18 09:45:35",308
"2018-06-18 10:45:34",308
"2018-06-18 11:45:36",308
"2018-06-18 12:45:34",308
"2018-06-18 13:45:37",308
"2018-06-18 14:45:35",307
"2018-06-18 15:45:35",307
"2018-06-18 16:45:35",307
"2018-06-18 17:45:34",307
"2018-06-18 18:45:37",307
"2018-06-18 19:45:35",307
"2018-06-18 20:45:36",307
"2018-06-18 21:45:34",307
"2018-06-18 22:45:34",307
"2018-06-18 23:45:35",307
"2018-06-19 00:45:35",307
"2018-06-19 01:45:34",307
"2018-06-19 02:45:36",307
"2018-06-19 03:45:36",307
"2018-06-19 04:45:35",307
"2018-06-19 05:45:36",307
"2018-06-19 06:45:35",307
"2018-06-19 07:45:38",307
"2018-06-19 08:45:36",307
"2018-06-19 09:45:34",307
"2018-06-19 10:45:35",307
"2018-06-19 11:45:34",307
"2018-06-19 12:45:35",307
"2018-06-19 13:45:38",307
"2018-06-19 14:45:36",306
"2018-06-19 15:45:35",306
"2018-06-19 16:45:35",306
"2018-06-19 17:45:35",306
"2018-06-19 18:45:35",306
"2018-06-19 19:45:35",306
"2018-06-19 20:45:34",306
"2018-06-19 21:45:35",306
"2018-06-19 22:45:34",306
"2018-06-19 23:45:36",306
"2018-06-20 00:45:45",306
"2018-06-20 01:45:38",306
"2018-06-20 02:45:34",306
"2018-06-20 03:45:36",306
"2018-06-20 04:45:35",306
"2018-06-20 05:45:34",306
"2018-06-20 06:45:34",306
"2018-06-20 07:45:35",306
"2018-06-20 08:45:35",306
"2018-06-20 09:45:34",306
"2018-06-20 10:45:35",306
"2018-06-20 11:45:34",306
"2018-06-20 12:45:35",306
"2018-06-20 14:10:10",305
"2018-06-20 14:45:37",305
"2018-06-20 15:45:37",305
"2018-06-20 16:45:36",305
"2018-06-20 17:45:35",305
"2018-06-20 18:45:35",304
"2018-06-20 19:45:36",303
"2018-06-20 20:45:34",303
"2018-06-20 21:45:35",303
"2018-06-20 22:45:34",303
"2018-06-20 23:45:35",303
"2018-06-21 00:45:35",303
"2018-06-21 01:45:35",303
"2018-06-21 02:45:35",303
"2018-06-21 03:45:35",303
"2018-06-21 04:45:36",303
"2018-06-21 05:45:38",303
"2018-06-21 06:45:34",303
"2018-06-21 07:45:35",303
"2018-06-21 08:45:38",303
"2018-06-21 09:45:33",303
"2018-06-21 10:45:35",303
"2018-06-21 11:45:34",303
"2018-06-21 12:45:35",303
"2018-06-21 13:45:36",303
"2018-06-21 14:45:36",305
"2018-06-21 15:45:36",306
"2018-06-21 16:45:35",306
"2018-06-21 17:45:35",306
"2018-06-21 18:45:35",306
"2018-06-21 19:45:36",306
"2018-06-21 20:45:36",306
"2018-06-21 21:45:37",306
"2018-06-21 22:45:36",306
"2018-06-21 23:45:35",306
"2018-06-22 00:45:36",306
"2018-06-22 01:45:35",306
"2018-06-22 02:45:36",306
"2018-06-22 03:45:36",306
"2018-06-22 04:45:36",306
"2018-06-22 05:45:38",306
"2018-06-22 06:45:36",306
"2018-06-22 07:45:35",306
"2018-06-22 08:45:37",306
"2018-06-22 09:45:35",306
"2018-06-22 10:45:34",306
"2018-06-22 11:45:34",306
"2018-06-22 12:45:36",306
"2018-06-22 13:45:38",306
"2018-06-22 15:09:39",305
"2018-06-22 15:45:37",305
"2018-06-22 16:45:37",305
"2018-06-22 17:45:37",305
"2018-06-22 18:45:36",305
"2018-06-22 19:45:38",305
"2018-06-22 20:45:35",305
"2018-06-22 21:45:36",305
"2018-06-22 22:45:36",305
"2018-06-22 23:45:36",305
"2018-06-23 00:46:08",305
"2018-06-23 01:46:51",305
"2018-06-23 02:45:36",305
"2018-06-23 03:45:37",305
"2018-06-23 04:45:36",305
"2018-06-23 05:45:36",305
"2018-06-23 06:45:36",305
"2018-06-23 07:45:36",305
"2018-06-23 08:45:36",305
"2018-06-23 09:45:35",305
"2018-06-23 10:45:36",305
"2018-06-23 11:45:37",305
"2018-06-23 12:45:35",305
"2018-06-23 13:45:36",305
"2018-06-23 14:45:36",305
"2018-06-23 15:45:37",305
"2018-06-23 16:45:36",305
"2018-06-23 17:45:36",305
"2018-06-23 18:45:36",305
"2018-06-23 19:45:37",305
"2018-06-23 20:45:37",305
"2018-06-23 21:45:36",305
"2018-06-23 22:45:36",305
"2018-06-23 23:45:35",305
"2018-06-24 00:45:55",305
"2018-06-24 01:45:35",305
"2018-06-24 02:45:35",305
"2018-06-24 03:45:41",305
"2018-06-24 04:45:36",305
"2018-06-24 05:45:36",305
"2018-06-24 06:45:37",305
"2018-06-24 07:45:36",305
"2018-06-24 08:45:36",305
"2018-06-24 09:45:36",305
"2018-06-24 10:46:28",305
"2018-06-24 11:45:35",305
"2018-06-24 12:45:40",305
"2018-06-24 13:45:35",305
"2018-06-24 14:45:56",305
"2018-06-24 15:46:05",305
"2018-06-24 16:45:35",305
"2018-06-24 17:45:36",305
"2018-06-24 18:45:36",305
"2018-06-24 19:45:36",305
"2018-06-24 20:45:36",305
"2018-06-24 21:45:36",305
"2018-06-24 22:45:35",305
"2018-06-24 23:45:37",305
"2018-06-25 00:45:36",305
"2018-06-25 01:45:36",305
"2018-06-25 02:45:37",305
"2018-06-25 03:45:48",305
"2018-06-25 04:45:47",305
"2018-06-25 05:45:39",305
"2018-06-25 06:45:35",305
"2018-06-25 07:45:35",305
"2018-06-25 08:45:37",305
"2018-06-25 09:45:37",305
"2018-06-25 10:45:36",305
"2018-06-25 11:45:36",305
"2018-06-25 12:45:35",305
"2018-06-25 13:45:39",305
"2018-06-25 14:45:36",306
"2018-06-25 15:45:36",306
"2018-06-25 16:45:35",306
"2018-06-25 17:45:36",306
"2018-06-25 18:45:36",304
"2018-06-25 19:45:37",304
"2018-06-25 20:45:37",304
"2018-06-25 21:45:37",304
"2018-06-25 22:45:35",304
"2018-06-26 01:14:02",304
"2018-06-26 01:45:36",304
"2018-06-26 02:45:36",304
"2018-06-26 03:45:55",304
"2018-06-26 04:45:52",304
"2018-06-26 05:45:39",304
"2018-06-26 06:45:36",304
"2018-06-26 07:45:39",304
"2018-06-26 08:45:37",304
"2018-06-26 09:45:38",304
"2018-06-26 10:45:41",304
"2018-06-26 11:45:49",304
"2018-06-26 12:45:56",304
"2018-06-26 13:45:38",304
"2018-06-26 14:45:36",303
"2018-06-26 15:46:02",303
"2018-06-26 16:45:37",304
"2018-06-26 17:45:36",304
"2018-06-26 18:45:36",304
"2018-06-26 19:45:38",305
"2018-06-26 20:45:37",305
"2018-06-26 21:45:36",305
"2018-06-26 22:45:35",305
"2018-06-26 23:45:35",305
"2018-06-27 00:45:37",305
"2018-06-27 01:45:35",305
"2018-06-27 02:45:36",305
"2018-06-27 03:45:40",305
"2018-06-27 04:45:46",305
"2018-06-27 05:45:38",305
"2018-06-27 06:45:37",305
"2018-06-27 07:45:35",305
"2018-06-27 08:45:35",305
"2018-06-27 09:45:36",305
"2018-06-27 10:45:35",305
"2018-06-27 11:45:35",305
"2018-06-27 12:45:36",305
"2018-06-27 13:46:06",305
"2018-06-27 14:46:04",304
"2018-06-27 15:46:04",304
"2018-06-27 16:45:38",304
"2018-06-27 17:45:36",305
"2018-06-27 18:45:37",305
"2018-06-27 19:45:39",305
"2018-06-27 20:45:36",306
"2018-06-27 21:45:35",306
"2018-06-27 22:45:35",306
"2018-06-27 23:45:36",306
"2018-06-28 00:45:37",306
"2018-06-28 01:45:36",306
"2018-06-28 02:45:49",306
"2018-06-28 03:45:59",306
"2018-06-28 04:45:55",306
"2018-06-28 05:45:50",306
"2018-06-28 06:45:37",306
"2018-06-28 07:45:37",306
"2018-06-28 08:45:37",306
"2018-06-28 09:45:35",306
"2018-06-28 10:45:36",306
"2018-06-28 11:45:35",306
"2018-06-28 12:45:35",306
"2018-06-28 13:45:39",306
"2018-06-28 14:45:55",305
"2018-06-28 15:46:03",305
"2018-06-28 16:45:35",305
"2018-06-28 17:45:38",305
"2018-06-28 18:45:35",305
"2018-06-28 19:45:41",305
"2018-06-28 20:45:36",305
"2018-06-28 21:45:36",305
"2018-06-28 22:45:35",305
"2018-06-28 23:45:37",305
"2018-06-29 00:45:37",305
"2018-06-29 01:45:36",305
"2018-06-29 02:45:36",305
"2018-06-29 03:45:48",305
"2018-06-29 04:45:41",305
"2018-06-29 05:45:40",305
"2018-06-29 06:45:38",305
"2018-06-29 07:45:38",305
"2018-06-29 08:45:38",305
"2018-06-29 09:45:36",305
"2018-06-29 10:45:35",305
"2018-06-29 11:45:37",305
"2018-06-29 12:45:47",305
"2018-06-29 13:45:38",305
"2018-06-29 14:45:37",305
"2018-06-29 15:45:37",305
"2018-06-29 16:45:36",305
"2018-06-29 17:45:35",307
"2018-06-29 18:45:37",308
"2018-06-29 19:45:42",308
"2018-06-29 20:45:36",308
"2018-06-29 21:45:40",308
"2018-06-29 22:45:38",308
"2018-06-29 23:45:41",308
"2018-06-30 00:45:39",308
"2018-06-30 01:45:35",308
"2018-06-30 02:45:37",308
"2018-06-30 03:45:51",308
"2018-06-30 04:45:45",308
"2018-06-30 05:45:44",308
"2018-06-30 06:45:42",308
"2018-06-30 07:45:37",308
"2018-06-30 08:45:36",308
"2018-06-30 09:45:35",308
"2018-06-30 10:45:38",308
"2018-06-30 11:45:39",308
"2018-06-30 12:45:47",308
"2018-06-30 13:46:01",308
"2018-06-30 14:45:41",308
"2018-06-30 15:46:00",308
"2018-06-30 16:45:41",308
"2018-06-30 17:45:36",308
"2018-06-30 18:45:36",308
"2018-06-30 19:45:47",308
"2018-06-30 20:45:36",308
"2018-06-30 21:45:36",308
"2018-06-30 22:45:36",308
"2018-06-30 23:45:36",308
"2018-07-01 00:45:36",308
"2018-07-01 01:45:36",308
"2018-07-01 02:45:36",308
"2018-07-01 03:45:36",308
"2018-07-01 04:45:35",308
"2018-07-01 05:45:36",308
"2018-07-01 06:45:36",308
"2018-07-01 07:45:35",308
"2018-07-01 08:45:36",308
"2018-07-01 09:45:37",308
"2018-07-01 10:45:36",308
"2018-07-01 11:45:36",308
"2018-07-01 12:45:37",308
"2018-07-01 13:45:36",308
"2018-07-01 14:45:36",308
"2018-07-01 15:45:37",308
"2018-07-01 16:45:41",308
"2018-07-01 17:45:37",308
"2018-07-01 18:45:36",308
"2018-07-01 19:45:39",308
"2018-07-01 20:45:37",308
"2018-07-01 21:45:37",308
"2018-07-01 22:45:35",308
"2018-07-01 23:45:36",308
"2018-07-02 00:45:37",308
"2018-07-02 01:45:38",308
"2018-07-02 02:45:37",308
"2018-07-02 03:45:36",308
"2018-07-02 04:45:35",308
"2018-07-02 05:45:37",308
"2018-07-02 06:45:37",308
"2018-07-02 07:45:36",308
"2018-07-02 08:45:37",308
"2018-07-02 09:45:37",308
"2018-07-02 10:45:36",308
"2018-07-02 11:45:35",308
"2018-07-02 12:45:35",308
"2018-07-02 13:45:38",308
"2018-07-02 14:45:36",307
"2018-07-02 15:45:37",307
"2018-07-02 16:45:38",307
"2018-07-02 17:45:37",307
"2018-07-02 18:45:37",307
"2018-07-02 19:45:39",306
"2018-07-02 20:45:36",306
"2018-07-02 21:45:35",306
"2018-07-02 22:45:37",306
"2018-07-02 23:45:37",306
"2018-07-03 00:55:12",306
"2018-07-03 01:45:37",306
"2018-07-03 02:45:36",306
"2018-07-03 03:45:36",306
"2018-07-03 04:45:37",306
"2018-07-03 05:45:36",306
"2018-07-03 06:45:35",306
"2018-07-03 07:45:36",306
"2018-07-03 08:45:36",306
"2018-07-03 09:45:37",306
"2018-07-03 10:45:35",306
"2018-07-03 11:45:36",306
"2018-07-03 12:45:35",306
"2018-07-03 13:45:38",306
"2018-07-03 14:45:36",308
"2018-07-03 15:45:36",306
"2018-07-03 16:45:36",306
"2018-07-03 17:45:37",306
"2018-07-03 18:45:35",306
"2018-07-03 19:45:44",306
"2018-07-03 20:45:36",306
"2018-07-03 21:45:36",306
"2018-07-03 22:45:36",306
"2018-07-03 23:45:35",306
"2018-07-04 00:45:35",306
"2018-07-04 01:45:37",306
"2018-07-04 02:45:37",306
"2018-07-04 03:45:37",306
"2018-07-04 04:45:35",306
"2018-07-04 05:45:36",306
"2018-07-04 06:45:37",306
"2018-07-04 07:45:36",306
"2018-07-04 08:45:39",306
"2018-07-04 09:45:36",306
"2018-07-04 10:45:36",306
"2018-07-04 11:45:35",306
"2018-07-04 12:45:35",306
"2018-07-04 13:45:37",306
"2018-07-04 14:45:36",306
"2018-07-04 15:45:35",306
"2018-07-04 16:45:36",306
"2018-07-04 17:45:36",306
"2018-07-04 18:45:36",306
"2018-07-04 19:45:37",306
"2018-07-04 20:45:37",306
"2018-07-04 21:45:36",306
"2018-07-04 22:45:35",306
"2018-07-04 23:45:36",306
"2018-07-05 00:45:35",306
"2018-07-05 01:45:35",306
"2018-07-05 02:45:37",306
"2018-07-05 03:45:37",306
"2018-07-05 04:45:36",306
"2018-07-05 05:45:35",306
"2018-07-05 06:45:35",306
"2018-07-05 07:45:36",306
"2018-07-05 08:45:37",306
"2018-07-05 09:45:36",306
"2018-07-05 10:45:36",306
"2018-07-05 11:45:37",306
"2018-07-05 12:45:36",306
"2018-07-05 13:45:37",306
"2018-07-05 14:45:36",306
"2018-07-05 15:45:37",307
"2018-07-05 16:45:36",307
"2018-07-05 17:45:38",307
"2018-07-05 18:45:35",305
"2018-07-05 19:45:45",305
"2018-07-05 20:45:35",305
"2018-07-05 21:45:37",305
"2018-07-05 22:45:36",305
"2018-07-05 23:45:36",305
"2018-07-06 00:45:36",305
"2018-07-06 01:45:37",305
"2018-07-06 02:45:36",305
"2018-07-06 03:45:37",305
"2018-07-06 04:45:37",305
"2018-07-06 05:45:36",305
"2018-07-06 06:45:36",305
"2018-07-06 07:45:36",305
"2018-07-06 08:45:37",305
"2018-07-06 09:45:36",305
"2018-07-06 10:45:37",305
"2018-07-06 11:45:41",305
"2018-07-06 12:45:37",305
"2018-07-06 13:45:42",305
"2018-07-06 14:45:39",304
"2018-07-06 15:45:40",304
"2018-07-06 16:45:39",305
"2018-07-06 17:45:38",305
"2018-07-06 18:45:36",305
"2018-07-06 19:45:43",305
"2018-07-06 20:45:37",305
"2018-07-06 21:45:36",305
"2018-07-06 22:45:36",305
"2018-07-06 23:45:36",305
"2018-07-07 00:45:36",305
"2018-07-07 01:45:36",305
"2018-07-07 02:45:38",305
"2018-07-07 03:45:37",305
"2018-07-07 04:45:37",305
"2018-07-07 05:45:36",305
"2018-07-07 06:45:36",305
"2018-07-07 07:45:36",305
"2018-07-07 08:45:37",305
"2018-07-07 09:45:36",305
"2018-07-07 10:45:36",305
"2018-07-07 11:45:36",305
"2018-07-07 12:45:37",305
"2018-07-07 13:45:37",305
"2018-07-07 14:45:37",305
"2018-07-07 15:45:36",305
"2018-07-07 16:45:38",305
"2018-07-07 17:45:38",305
"2018-07-07 18:45:39",305
"2018-07-07 19:45:44",305
"2018-07-07 20:45:37",305
"2018-07-07 21:45:36",305
"2018-07-07 22:45:38",305
"2018-07-07 23:45:37",305
"2018-07-08 00:45:37",305
"2018-07-08 01:45:37",305
"2018-07-08 02:45:38",305
"2018-07-08 03:45:38",305
"2018-07-08 04:45:39",305
"2018-07-08 05:45:37",305
"2018-07-08 06:45:37",305
"2018-07-08 07:45:37",305
"2018-07-08 08:45:36",305
"2018-07-08 09:45:37",305
"2018-07-08 10:45:35",305
"2018-07-08 11:45:37",305
"2018-07-08 12:45:38",305
"2018-07-08 13:45:36",305
"2018-07-08 14:45:36",305
"2018-07-08 15:45:37",305
"2018-07-08 16:45:37",305
"2018-07-08 17:45:36",305
"2018-07-08 18:45:38",305
"2018-07-08 19:45:48",305
"2018-07-08 20:45:38",305
"2018-07-08 21:45:37",305
"2018-07-08 22:45:36",305
"2018-07-08 23:45:36",305
"2018-07-09 00:45:37",305
"2018-07-09 01:45:37",305
"2018-07-09 02:45:37",305
"2018-07-09 03:45:39",305
"2018-07-09 04:45:36",305
"2018-07-09 05:45:37",305
"2018-07-09 06:45:35",305
"2018-07-09 07:45:36",305
"2018-07-09 08:45:38",305
"2018-07-09 09:45:37",305
"2018-07-09 10:45:37",305
"2018-07-09 11:45:36",305
"2018-07-09 12:45:37",305
"2018-07-09 13:45:45",305
"2018-07-09 14:45:37",307
"2018-07-09 15:45:38",306
"2018-07-09 16:45:38",306
"2018-07-09 17:45:37",306
"2018-07-09 18:45:39",306
"2018-07-09 19:46:02",306
"2018-07-09 20:45:37",306
"2018-07-09 21:45:37",306
"2018-07-09 22:45:37",306
"2018-07-09 23:45:37",306
"2018-07-10 00:45:36",306
"2018-07-10 01:45:39",306
"2018-07-10 02:45:37",306
"2018-07-10 03:45:38",306
"2018-07-10 04:45:38",306
"2018-07-10 05:45:38",306
"2018-07-10 06:45:37",306
"2018-07-10 07:45:36",306
"2018-07-10 08:45:37",306
"2018-07-10 09:45:37",306
"2018-07-10 10:45:36",306
"2018-07-10 11:45:37",306
"2018-07-10 12:45:36",306
"2018-07-10 13:45:47",306
"2018-07-10 14:45:44",307
"2018-07-10 15:45:40",308
"2018-07-10 16:45:39",308
"2018-07-10 17:45:41",309
"2018-07-10 18:45:38",309
"2018-07-10 19:45:46",309
"2018-07-10 20:45:38",308
"2018-07-10 21:45:38",308
"2018-07-10 22:45:45",308
"2018-07-10 23:45:39",308
"2018-07-11 00:45:40",308
"2018-07-11 01:45:40",308
"2018-07-11 02:45:39",308
"2018-07-11 03:45:39",308
"2018-07-11 04:45:39",308
"2018-07-11 05:45:39",308
"2018-07-11 06:45:39",308
"2018-07-11 07:45:38",308
"2018-07-11 08:45:38",308
"2018-07-11 09:45:38",308
"2018-07-11 10:45:36",308
"2018-07-11 11:45:36",308
"2018-07-11 12:45:37",308
"2018-07-11 13:45:41",308
"2018-07-11 14:45:41",308
"2018-07-11 15:45:40",308
"2018-07-11 16:45:38",307
"2018-07-11 17:45:38",308
"2018-07-11 18:45:38",308
"2018-07-11 19:45:41",309
"2018-07-11 20:45:38",309
"2018-07-11 21:45:37",309
"2018-07-11 22:45:38",309
"2018-07-11 23:45:38",309
"2018-07-12 00:45:39",309
"2018-07-12 01:45:37",309
"2018-07-12 02:45:39",309
"2018-07-12 03:45:38",309
"2018-07-12 04:45:40",309
"2018-07-12 05:45:40",309
"2018-07-12 06:45:39",309
"2018-07-12 07:45:38",309
"2018-07-12 08:45:38",309
"2018-07-12 09:45:39",309
"2018-07-12 10:45:37",309
"2018-07-12 11:45:37",309
"2018-07-12 12:45:38",309
"2018-07-12 13:45:43",309
"2018-07-12 14:45:42",309
"2018-07-12 15:45:41",310
"2018-07-12 16:45:43",310
"2018-07-12 17:45:41",310
"2018-07-12 18:45:41",311
"2018-07-12 19:45:55",311
"2018-07-12 20:45:37",312
"2018-07-12 21:45:38",312
"2018-07-12 22:45:39",312
"2018-07-12 23:45:39",312
"2018-07-13 00:45:39",312
"2018-07-13 01:45:39",312
"2018-07-13 02:45:39",312
"2018-07-13 03:45:39",312
"2018-07-13 04:45:39",312
"2018-07-13 05:45:40",312
"2018-07-13 06:45:39",312
"2018-07-13 07:45:37",312
"2018-07-13 08:45:39",312
"2018-07-13 09:45:37",312
"2018-07-13 10:45:36",312
"2018-07-13 11:45:37",312
"2018-07-13 12:45:38",312
"2018-07-13 13:45:47",312
"2018-07-13 14:45:41",311
"2018-07-13 15:45:41",311
"2018-07-13 16:45:39",312
"2018-07-13 17:45:39",312
"2018-07-13 18:45:41",312
"2018-07-13 19:45:41",312
"2018-07-13 20:45:38",312
"2018-07-13 21:45:36",312
"2018-07-13 22:45:38",312
"2018-07-13 23:45:39",312
"2018-07-14 00:45:38",312
"2018-07-14 01:45:37",312
"2018-07-14 02:45:38",312
"2018-07-14 03:45:38",312
"2018-07-14 04:45:38",312
"2018-07-14 05:45:38",312
"2018-07-14 06:45:38",312
"2018-07-14 07:45:37",312
"2018-07-14 08:45:38",312
"2018-07-14 09:45:38",312
"2018-07-14 10:45:38",312
"2018-07-14 11:45:38",312
"2018-07-14 12:45:38",312
"2018-07-14 13:45:39",312
"2018-07-14 14:45:39",312
"2018-07-14 15:45:38",312
"2018-07-14 16:45:39",312
"2018-07-14 17:45:38",312
"2018-07-14 18:45:39",312
"2018-07-14 19:45:42",312
"2018-07-14 20:45:38",312
"2018-07-14 21:45:39",312
"2018-07-14 22:45:39",312
"2018-07-14 23:45:39",312
"2018-07-15 00:45:37",312
"2018-07-15 01:45:38",312
"2018-07-15 02:45:39",312
"2018-07-15 03:45:38",312
"2018-07-15 04:45:37",312
"2018-07-15 05:45:37",312
"2018-07-15 06:45:38",312
"2018-07-15 07:45:37",312
"2018-07-15 08:45:38",312
"2018-07-15 09:45:38",312
"2018-07-15 10:45:37",312
"2018-07-15 11:45:37",312
"2018-07-15 12:45:37",312
"2018-07-15 13:45:38",312
"2018-07-15 14:45:37",312
"2018-07-15 15:45:39",312
"2018-07-15 16:45:39",312
"2018-07-15 17:45:38",312
"2018-07-15 18:45:37",312
"2018-07-15 19:45:51",312
"2018-07-15 20:45:39",312
"2018-07-15 21:45:53",312
"2018-07-15 22:45:39",312
"2018-07-15 23:45:39",312
"2018-07-16 00:45:38",312
"2018-07-16 01:45:38",312
"2018-07-16 02:45:38",312
"2018-07-16 03:45:39",312
"2018-07-16 04:45:40",312
"2018-07-16 05:45:38",312
"2018-07-16 06:45:39",312
"2018-07-16 07:45:47",312
"2018-07-16 08:45:40",312
"2018-07-16 09:45:37",312
"2018-07-16 10:45:37",312
"2018-07-16 11:45:37",312
"2018-07-16 12:45:37",312
"2018-07-16 13:45:57",312
"2018-07-16 14:45:39",310
"2018-07-16 15:45:42",310
"2018-07-16 16:45:41",310
"2018-07-16 17:45:42",310
"2018-07-16 18:45:41",309
"2018-07-16 19:46:25",308
"2018-07-16 20:45:40",309
"2018-07-16 21:45:40",309
"2018-07-16 22:45:39",309
"2018-07-16 23:45:40",309
"2018-07-17 00:45:56",309
"2018-07-17 01:45:40",309
"2018-07-17 02:45:40",309
"2018-07-17 03:45:39",309
"2018-07-17 04:45:40",309
"2018-07-17 05:45:41",309
"2018-07-17 06:45:40",309
"2018-07-17 07:45:51",309
"2018-07-17 08:45:38",309
"2018-07-17 09:45:37",309
"2018-07-17 10:45:38",309
"2018-07-17 11:45:37",309
"2018-07-17 12:45:38",309
"2018-07-17 13:45:45",309
"2018-07-17 14:45:42",309
"2018-07-17 15:45:40",309
"2018-07-17 16:45:41",309
"2018-07-17 17:45:39",309
"2018-07-17 18:45:41",309
"2018-07-17 19:46:05",309
"2018-07-17 20:45:38",309
"2018-07-17 21:45:38",309
"2018-07-17 22:45:37",309
"2018-07-17 23:45:42",309
"2018-07-18 00:45:45",309
"2018-07-18 01:45:42",309
"2018-07-18 02:45:54",309
"2018-07-18 03:45:45",309
"2018-07-18 04:45:43",309
"2018-07-18 05:45:46",309
"2018-07-18 06:45:43",309
"2018-07-18 07:45:42",309
"2018-07-18 08:45:47",309
"2018-07-18 09:45:42",309
"2018-07-18 10:45:42",309
"2018-07-18 11:45:42",309
"2018-07-18 12:45:42",309
"2018-07-18 13:45:48",309
"2018-07-18 14:45:46",310
"2018-07-18 15:45:44",310
"2018-07-18 16:45:44",310
"2018-07-18 17:45:45",310
"2018-07-18 18:45:44",310
"2018-07-18 19:45:54",310
"2018-07-18 20:45:42",309
"2018-07-18 21:45:43",309
"2018-07-18 22:45:44",309
"2018-07-18 23:45:43",309
"2018-07-19 00:45:44",309
"2018-07-19 01:45:44",309
"2018-07-19 02:45:44",309
"2018-07-19 03:45:53",309
"2018-07-19 04:45:52",309
"2018-07-19 05:45:48",309
"2018-07-19 06:45:50",309
"2018-07-19 07:45:55",309
"2018-07-19 08:45:44",309
"2018-07-19 09:45:44",309
"2018-07-19 10:45:43",309
"2018-07-19 11:45:43",309
"2018-07-19 12:45:42",309
"2018-07-19 13:45:48",309
"2018-07-19 14:45:46",310
"2018-07-19 15:45:47",310
"2018-07-19 16:45:45",310
"2018-07-19 17:45:46",310
"2018-07-19 18:45:47",310
"2018-07-19 19:45:50",309
"2018-07-19 20:45:45",310
"2018-07-19 21:45:44",310
"2018-07-19 22:45:46",310
"2018-07-19 23:45:48",310
"2018-07-20 00:45:45",310
"2018-07-20 01:45:45",310
"2018-07-20 02:45:46",310
"2018-07-20 03:45:51",310
"2018-07-20 04:45:52",310
"2018-07-20 05:45:51",310
"2018-07-20 06:45:50",310
"2018-07-20 07:45:49",310
"2018-07-20 08:45:43",310
"2018-07-20 09:45:56",310
"2018-07-20 10:45:42",310
"2018-07-20 11:45:42",310
"2018-07-20 12:45:42",310
"2018-07-20 14:09:19",310
"2018-07-20 14:45:46",310
"2018-07-20 15:45:48",310
"2018-07-20 16:45:46",311
"2018-07-20 17:45:45",311
"2018-07-20 18:45:47",313
"2018-07-20 19:45:57",313
"2018-07-20 20:45:43",313
"2018-07-20 21:45:44",313
"2018-07-20 22:45:42",313
"2018-07-20 23:45:46",313
"2018-07-21 00:45:45",313
"2018-07-21 01:45:45",313
"2018-07-21 02:45:47",313
"2018-07-21 03:45:53",313
"2018-07-21 04:45:45",313
"2018-07-21 05:45:43",313
"2018-07-21 06:45:44",313
"2018-07-21 07:45:43",313
"2018-07-21 08:45:42",313
"2018-07-21 09:45:45",313
"2018-07-21 10:45:43",313
"2018-07-21 11:45:42",313
"2018-07-21 12:45:43",313
"2018-07-21 13:45:45",313
"2018-07-21 14:45:44",313
"2018-07-21 15:45:45",313
"2018-07-21 16:45:47",313
"2018-07-21 17:45:44",313
"2018-07-21 18:45:47",313
"2018-07-21 19:45:50",313
"2018-07-21 20:45:43",313
"2018-07-21 21:45:43",313
"2018-07-21 22:45:43",313
"2018-07-21 23:45:44",313
"2018-07-22 00:45:44",313
"2018-07-22 01:45:43",313
"2018-07-22 02:45:44",313
"2018-07-22 03:45:46",313
"2018-07-22 04:45:44",313
"2018-07-22 05:45:43",313
"2018-07-22 06:45:59",313
"2018-07-22 07:45:55",313
"2018-07-22 08:45:44",313
"2018-07-22 09:45:42",313
"2018-07-22 10:45:42",313
"2018-07-22 11:45:43",313
"2018-07-22 12:45:45",313
"2018-07-22 13:45:44",313
"2018-07-22 14:45:49",313
"2018-07-22 15:45:44",313
"2018-07-22 16:45:44",313
"2018-07-22 17:45:42",313
"2018-07-22 18:45:43",313
"2018-07-22 19:45:54",313
"2018-07-22 20:45:44",313
"2018-07-22 21:45:43",313
"2018-07-22 22:45:43",313
"2018-07-22 23:45:43",313
"2018-07-23 00:45:44",313
"2018-07-23 01:45:43",313
"2018-07-23 02:45:45",313
"2018-07-23 03:45:44",313
"2018-07-23 04:45:43",313
"2018-07-23 05:45:42",313
"2018-07-23 06:45:42",313
"2018-07-23 07:45:43",313
"2018-07-23 08:45:45",313
"2018-07-23 09:45:49",313
"2018-07-23 23:45:58",313
"2018-07-24 00:45:44",313
"2018-07-24 01:45:44",313
"2018-07-24 02:45:45",313
"2018-07-24 03:45:44",313
"2018-07-24 04:45:43",313
"2018-07-24 05:45:43",313
"2018-07-24 06:45:44",313
"2018-07-24 07:45:42",313
"2018-07-24 08:45:43",313
"2018-07-24 09:45:42",313
"2018-07-24 10:45:41",313
"2018-07-24 11:45:42",313
"2018-07-24 12:45:43",313
"2018-07-24 13:45:58",313
"2018-07-24 14:45:45",314
"2018-07-24 15:45:44",317
"2018-07-24 16:45:46",317
"2018-07-24 17:45:44",317
"2018-07-24 18:45:43",317
"2018-07-24 19:45:45",317
"2018-07-24 20:45:42",317
"2018-07-24 21:45:42",317
"2018-07-24 22:45:43",317
"2018-07-24 23:45:43",317
"2018-07-25 00:45:44",317
"2018-07-25 01:45:43",317
"2018-07-25 02:45:43",317
"2018-07-25 03:45:44",317
"2018-07-25 04:45:44",317
"2018-07-25 05:45:43",317
"2018-07-25 06:45:43",317
"2018-07-25 07:45:42",317
"2018-07-25 08:45:44",317
"2018-07-25 09:45:43",317
"2018-07-25 10:45:42",317
"2018-07-25 11:45:42",317
"2018-07-25 12:45:43",317
"2018-07-25 13:45:52",317
"2018-07-25 14:45:46",319
"2018-07-25 15:45:47",319
"2018-07-25 16:45:46",320
"2018-07-25 17:45:52",320
"2018-07-25 18:45:47",321
"2018-07-25 19:45:47",321
"2018-07-25 20:45:46",321
"2018-07-25 21:45:46",321
"2018-07-25 22:45:44",321
"2018-07-25 23:45:43",321
"2018-07-26 00:45:43",321
"2018-07-26 01:45:44",321
"2018-07-26 02:45:45",321
"2018-07-26 03:45:45",321
"2018-07-26 04:45:44",321
"2018-07-26 05:45:46",321
"2018-07-26 06:45:44",321
"2018-07-26 07:45:43",321
"2018-07-26 08:45:43",321
"2018-07-26 09:45:44",321
"2018-07-26 10:45:43",321
"2018-07-26 11:45:43",321
"2018-07-26 12:45:44",321
"2018-07-26 14:45:48",323
"2018-07-26 15:45:46",324
"2018-07-26 16:45:46",325
"2018-07-26 17:45:45",325
"2018-07-26 18:45:46",325
"2018-07-26 19:45:47",325
"2018-07-26 20:45:45",326
"2018-07-26 21:45:43",326
"2018-07-26 22:45:43",326
"2018-07-26 23:45:44",326
"2018-07-27 00:45:44",326
"2018-07-27 01:45:45",326
"2018-07-27 02:45:43",326
"2018-07-27 03:45:44",326
"2018-07-27 04:45:45",326
"2018-07-27 05:45:47",326
"2018-07-27 06:45:44",326
"2018-07-27 07:45:44",326
"2018-07-27 08:45:43",326
"2018-07-27 09:45:42",326
"2018-07-27 10:45:43",326
"2018-07-27 11:45:43",326
"2018-07-27 12:45:43",326
"2018-07-27 13:45:55",326
"2018-07-27 14:45:48",324
"2018-07-27 15:45:45",322
"2018-07-27 16:45:45",321
"2018-07-27 17:45:46",322
"2018-07-27 18:45:45",322
"2018-07-27 19:45:46",323
"2018-07-27 20:45:44",322
"2018-07-27 21:45:44",322
"2018-07-27 22:45:43",323
"2018-07-27 23:45:44",323
"2018-07-28 00:45:44",323
"2018-07-28 01:45:44",323
"2018-07-28 02:45:44",323
"2018-07-28 03:45:45",323
"2018-07-28 04:45:44",323
"2018-07-28 05:45:45",323
"2018-07-28 06:45:45",323
"2018-07-28 07:45:44",323
"2018-07-28 08:45:44",323
"2018-07-28 09:45:45",323
"2018-07-28 10:45:43",323
"2018-07-28 11:45:43",323
"2018-07-28 12:45:44",323
"2018-07-28 13:45:43",323
"2018-07-28 14:45:44",323
"2018-07-28 15:45:45",323
"2018-07-28 16:45:45",323
"2018-07-28 17:45:45",323
"2018-07-28 18:45:45",323
"2018-07-28 19:46:10",323
"2018-07-28 20:45:58",323
"2018-07-28 21:45:45",323
"2018-07-28 22:45:44",323
"2018-07-28 23:45:45",323
"2018-07-29 00:45:44",323
"2018-07-29 01:45:46",323
"2018-07-29 02:45:44",323
"2018-07-29 03:45:44",323
"2018-07-29 04:45:45",323
"2018-07-29 05:45:45",323
"2018-07-29 06:45:45",323
"2018-07-29 07:45:43",323
"2018-07-29 08:45:44",323
"2018-07-29 09:45:45",323
"2018-07-29 10:45:44",323
"2018-07-29 11:45:43",323
"2018-07-29 12:45:45",323
"2018-07-29 13:45:46",323
"2018-07-29 14:45:44",323
"2018-07-29 15:45:43",323
"2018-07-29 16:45:46",323
"2018-07-29 17:45:45",323
"2018-07-29 18:45:44",323
"2018-07-29 19:45:46",323
"2018-07-29 20:45:45",323
"2018-07-29 21:45:46",323
"2018-07-29 22:45:46",323
"2018-07-29 23:45:45",323
"2018-07-30 00:45:45",323
"2018-07-30 01:45:46",323
"2018-07-30 02:45:44",323
"2018-07-30 03:45:45",323
"2018-07-30 04:45:44",323
"2018-07-30 05:45:44",323
"2018-07-30 06:45:43",323
"2018-07-30 07:45:44",323
"2018-07-30 08:45:45",323
"2018-07-30 09:45:45",323
"2018-07-30 10:45:43",323
"2018-07-30 11:45:44",323
"2018-07-30 12:45:44",323
"2018-07-30 13:45:54",323
"2018-07-30 14:45:48",323
"2018-07-30 15:45:47",323
"2018-07-30 16:45:48",323
"2018-07-30 17:45:47",324
"2018-07-30 18:45:44",323
"2018-07-30 19:45:48",323
"2018-07-30 20:45:44",323
"2018-07-30 21:45:45",323
"2018-07-30 22:45:46",323
"2018-07-30 23:45:43",323
"2018-07-31 00:45:46",323
"2018-07-31 01:45:45",323
"2018-07-31 02:45:45",323
"2018-07-31 03:45:45",323
"2018-07-31 04:45:44",323
"2018-07-31 05:45:44",323
"2018-07-31 06:45:45",323
"2018-07-31 07:45:45",323
"2018-07-31 08:46:18",323
"2018-07-31 09:52:41",323
"2018-07-31 10:45:44",323
"2018-07-31 11:45:43",323
"2018-07-31 12:45:43",323
"2018-07-31 13:45:55",323
"2018-07-31 14:45:47",322
"2018-07-31 15:45:46",321
"2018-07-31 16:45:47",320
"2018-07-31 17:45:45",320
"2018-07-31 18:45:46",321
"2018-07-31 19:45:47",321
"2018-07-31 20:45:46",321
"2018-07-31 21:45:44",321
"2018-07-31 22:45:45",321
"2018-07-31 23:45:46",321
"2018-08-01 00:45:46",321
"2018-08-01 01:45:44",321
"2018-08-01 02:45:44",321
"2018-08-01 03:45:45",321
"2018-08-01 04:45:45",321
"2018-08-01 05:45:45",321
"2018-08-01 06:45:44",321
"2018-08-01 07:45:44",321
"2018-08-01 08:45:45",321
"2018-08-01 09:45:45",321
"2018-08-01 10:45:42",321
"2018-08-01 11:45:44",321
"2018-08-01 12:45:43",321
"2018-08-01 14:10:54",319
"2018-08-01 14:45:47",319
"2018-08-01 15:45:47",319
"2018-08-01 16:45:47",318
"2018-08-01 17:45:47",318
"2018-08-01 18:45:45",317
"2018-08-01 19:47:16",317
"2018-08-01 20:45:44",317
"2018-08-01 21:45:44",317
"2018-08-01 22:45:44",317
"2018-08-01 23:45:44",317
"2018-08-02 00:45:46",317
"2018-08-02 01:45:45",317
"2018-08-02 02:45:45",317
"2018-08-02 03:45:45",317
"2018-08-02 04:45:46",317
"2018-08-02 05:45:44",317
"2018-08-02 06:45:44",317
"2018-08-02 07:45:44",317
"2018-08-02 08:45:44",317
"2018-08-02 09:45:45",317
"2018-08-02 10:45:44",317
"2018-08-02 11:45:44",317
"2018-08-02 12:45:44",317
"2018-08-02 13:45:52",317
"2018-08-02 14:45:52",318
"2018-08-02 15:45:49",318
"2018-08-02 16:45:46",318
"2018-08-02 17:45:48",318
"2018-08-02 18:45:46",318
"2018-08-02 19:45:47",319
"2018-08-02 20:45:45",320
"2018-08-02 21:45:44",320
"2018-08-02 22:45:45",320
"2018-08-02 23:45:44",320
"2018-08-03 00:45:44",320
"2018-08-03 01:45:48",320
"2018-08-03 02:45:45",320
"2018-08-03 03:45:45",320
"2018-08-03 04:45:45",320
"2018-08-03 05:45:45",320
"2018-08-03 06:45:45",320
"2018-08-03 07:45:43",320
"2018-08-03 08:45:45",320
"2018-08-03 09:45:45",320
"2018-08-03 10:45:45",320
"2018-08-03 11:47:46",320
"2018-08-03 13:10:44",320
"2018-08-03 13:45:53",320
"2018-08-03 14:45:46",324
"2018-08-03 15:45:45",325
"2018-08-03 16:45:46",325
"2018-08-03 17:45:45",325
"2018-08-03 18:45:45",325
"2018-08-03 19:45:45",325
"2018-08-03 20:45:46",325
"2018-08-03 21:45:43",325
"2018-08-03 22:45:44",325
"2018-08-03 23:45:44",325
"2018-08-04 00:45:44",325
"2018-08-04 01:45:44",325
"2018-08-04 02:45:45",325
"2018-08-04 03:45:45",325
"2018-08-04 04:45:44",325
"2018-08-04 05:45:45",325
"2018-08-04 06:45:45",325
"2018-08-04 07:45:45",325
"2018-08-04 08:45:44",325
"2018-08-04 09:45:45",325
"2018-08-04 10:45:45",325
"2018-08-04 11:45:43",325
"2018-08-04 12:45:43",325
"2018-08-04 13:45:46",325
"2018-08-04 14:45:43",325
"2018-08-04 15:45:45",325
"2018-08-04 16:45:44",325
"2018-08-04 17:45:44",325
"2018-08-04 18:45:45",325
"2018-08-04 19:45:45",325
"2018-08-04 20:45:44",325
"2018-08-04 21:45:43",325
"2018-08-04 22:45:43",325
"2018-08-04 23:45:46",325
"2018-08-05 00:45:43",325
"2018-08-05 01:45:44",325
"2018-08-05 02:45:46",325
"2018-08-05 03:45:44",325
"2018-08-05 04:45:44",325
"2018-08-05 05:45:44",325
"2018-08-05 06:45:45",325
"2018-08-05 07:45:44",325
"2018-08-05 08:45:44",325
"2018-08-05 09:45:44",325
"2018-08-05 10:45:44",325
"2018-08-05 11:45:44",325
"2018-08-05 12:45:44",325
"2018-08-05 13:45:44",325
"2018-08-05 14:45:45",325
"2018-08-05 15:45:45",325
"2018-08-05 16:45:45",325
"2018-08-05 17:45:44",325
"2018-08-05 18:45:44",325
"2018-08-05 19:45:45",325
"2018-08-05 20:45:44",325
"2018-08-05 21:45:45",325
"2018-08-05 22:45:43",325
"2018-08-05 23:45:46",325
"2018-08-06 00:45:45",325
"2018-08-06 01:45:43",325
"2018-08-06 02:45:44",325
"2018-08-06 03:45:44",325
"2018-08-06 04:45:43",325
"2018-08-06 05:45:43",325
"2018-08-06 06:45:43",325
"2018-08-06 07:45:45",325
"2018-08-06 08:45:44",325
"2018-08-06 09:45:44",325
"2018-08-06 10:45:45",325
"2018-08-06 11:45:43",325
"2018-08-06 12:45:44",325
"2018-08-06 13:45:49",325
"2018-08-06 14:45:46",323
"2018-08-06 15:45:45",326
"2018-08-06 16:46:18",327
"2018-08-06 17:45:47",327
"2018-08-06 18:45:47",327
"2018-08-06 19:45:46",327
"2018-08-06 20:45:46",327
"2018-08-06 21:45:48",327
"2018-08-06 22:45:46",327
"2018-08-06 23:45:45",327
"2018-08-07 00:45:46",327
"2018-08-07 01:45:46",327
"2018-08-07 02:45:47",327
"2018-08-07 03:45:49",327
"2018-08-07 04:45:46",327
"2018-08-07 05:45:45",327
"2018-08-07 06:45:45",327
"2018-08-07 07:45:46",327
"2018-08-07 08:45:44",327
"2018-08-07 09:45:44",327
"2018-08-07 10:45:44",327
"2018-08-07 11:45:45",327
"2018-08-07 12:45:45",327
"2018-08-07 13:45:54",327
"2018-08-07 14:45:47",327
"2018-08-07 15:45:47",326
"2018-08-07 16:45:46",326
"2018-08-07 17:45:49",326
"2018-08-07 18:45:47",325
"2018-08-07 19:45:49",325
"2018-08-07 20:45:46",326
"2018-08-07 21:45:46",326
"2018-08-07 22:45:45",326
"2018-08-07 23:45:45",326
"2018-08-08 00:45:46",326
"2018-08-08 01:45:49",326
"2018-08-08 02:45:47",326
"2018-08-08 03:45:46",326
"2018-08-08 04:45:45",326
"2018-08-08 05:45:47",326
"2018-08-08 06:45:47",326
"2018-08-08 07:45:47",326
"2018-08-08 08:45:47",326
"2018-08-08 09:45:47",326
"2018-08-08 10:45:47",326
"2018-08-08 11:45:47",326
"2018-08-08 12:45:47",326
"2018-08-08 13:45:52",326
"2018-08-08 14:45:47",326
"2018-08-08 15:45:48",326
"2018-08-08 16:45:48",326
"2018-08-08 17:45:47",326
"2018-08-08 18:45:46",325
"2018-08-08 19:45:48",325
"2018-08-08 20:45:45",325
"2018-08-08 21:45:45",325
"2018-08-08 22:45:44",325
"2018-08-10 00:24:02",330
"2018-08-10 00:45:51",330
"2018-08-10 01:45:53",330
"2018-08-10 02:45:52",330
"2018-08-10 03:45:46",330
"2018-08-10 04:45:51",330
"2018-08-10 05:45:53",330
"2018-08-10 06:45:49",330
"2018-08-10 07:45:50",330
"2018-08-10 08:45:50",330
"2018-08-10 09:45:49",330
"2018-08-10 10:45:49",330
"2018-08-10 11:45:49",330
"2018-08-10 12:45:48",330
"2018-08-10 13:45:54",330
"2018-08-10 14:45:52",331
"2018-08-10 15:45:51",330
"2018-08-10 16:45:52",330
"2018-08-10 17:45:50",331
"2018-08-10 18:45:49",331
"2018-08-10 19:45:50",331
"2018-08-10 20:45:50",332
"2018-08-10 21:45:50",332
"2018-08-10 22:45:49",332
"2018-08-10 23:45:50",332
"2018-08-11 00:45:50",332
"2018-08-11 01:45:50",332
"2018-08-11 02:45:50",332
"2018-08-11 03:45:51",332
"2018-08-11 04:45:49",332
"2018-08-11 05:45:50",332
"2018-08-11 06:45:49",332
"2018-08-11 07:45:49",332
"2018-08-11 08:45:48",332
"2018-08-11 09:45:49",332
"2018-08-11 10:45:49",332
"2018-08-11 11:45:49",332
"2018-08-11 12:45:48",332
"2018-08-11 13:45:49",332
"2018-08-11 14:45:49",332
"2018-08-11 15:45:50",332
"2018-08-11 16:45:49",332
"2018-08-11 17:45:49",332
"2018-08-11 18:45:51",332
"2018-08-11 19:45:49",332
"2018-08-11 20:45:49",332
"2018-08-11 21:45:50",332
"2018-08-11 22:45:49",332
"2018-08-11 23:45:49",332
"2018-08-12 00:45:50",332
"2018-08-12 01:45:49",332
"2018-08-12 02:45:49",332
"2018-08-12 03:45:48",332
"2018-08-12 04:45:50",332
"2018-08-12 05:45:49",332
"2018-08-12 06:45:48",332
"2018-08-12 07:45:48",332
"2018-08-12 08:45:48",332
"2018-08-12 09:45:47",332
"2018-08-12 10:45:48",332
"2018-08-12 11:45:48",332
"2018-08-12 12:45:49",332
"2018-08-12 13:45:50",332
"2018-08-12 14:45:50",332
"2018-08-12 15:45:51",332
"2018-08-12 16:45:51",332
"2018-08-12 17:45:50",332
"2018-08-12 18:45:50",332
"2018-08-12 19:45:49",332
"2018-08-12 20:45:50",332
"2018-08-12 21:45:49",332
"2018-08-12 22:45:49",332
"2018-08-12 23:45:49",332
"2018-08-13 00:45:48",332
"2018-08-13 01:45:50",332
"2018-08-13 02:45:50",332
"2018-08-13 03:45:50",332
"2018-08-13 04:45:51",332
"2018-08-13 05:45:48",332
"2018-08-13 06:45:49",332
"2018-08-13 07:45:49",332
"2018-08-13 08:45:51",332
"2018-08-13 09:45:50",332
"2018-08-13 10:45:49",332
"2018-08-13 11:45:49",332
"2018-08-13 12:45:49",332
"2018-08-13 13:45:53",332
"2018-08-13 14:45:52",331
"2018-08-13 15:45:53",330
"2018-08-13 16:45:52",329
"2018-08-13 17:45:50",329
"2018-08-13 18:45:50",330
"2018-08-13 19:45:52",328
"2018-08-13 20:45:50",327
"2018-08-13 21:45:50",327
"2018-08-13 22:45:49",327
"2018-08-13 23:45:49",327
"2018-08-14 00:45:51",327
"2018-08-14 01:45:51",327
"2018-08-14 02:45:50",327
"2018-08-14 03:45:49",327
"2018-08-14 04:45:51",327
"2018-08-14 05:45:49",327
"2018-08-14 06:45:50",327
"2018-08-14 07:45:51",327
"2018-08-14 08:45:50",327
"2018-08-14 09:45:49",327
"2018-08-14 10:45:50",327
"2018-08-14 11:45:49",327
"2018-08-14 12:45:49",327
"2018-08-14 13:45:52",327
"2018-08-14 14:45:50",326
"2018-08-14 15:45:52",325
"2018-08-14 16:45:50",326
"2018-08-14 17:45:48",326
"2018-08-14 18:45:50",325
"2018-08-14 19:45:50",326
"2018-08-14 20:45:50",326
"2018-08-14 21:45:49",326
"2018-08-14 22:45:49",326
"2018-08-14 23:45:49",326
"2018-08-15 00:45:50",326
"2018-08-15 01:45:50",326
"2018-08-15 02:45:51",326
"2018-08-15 03:45:51",326
"2018-08-15 04:45:50",326
"2018-08-15 05:45:49",326
"2018-08-15 06:45:51",326
"2018-08-15 07:45:48",326
"2018-08-15 08:45:50",326
"2018-08-15 09:45:50",326
"2018-08-15 10:45:49",326
"2018-08-15 11:45:48",326
"2018-08-15 12:45:49",326
"2018-08-15 14:11:26",326
"2018-08-15 14:45:50",326
"2018-08-15 15:45:52",326
"2018-08-15 16:45:53",326
"2018-08-15 17:45:49",326
"2018-08-15 18:45:49",326
"2018-08-15 19:45:49",326
"2018-08-15 20:45:48",325
"2018-08-15 21:45:48",325
"2018-08-15 22:45:49",325
"2018-08-15 23:45:50",325
"2018-08-16 00:45:51",325
"2018-08-16 01:45:50",325
"2018-08-16 02:45:51",325
"2018-08-16 03:45:51",325
"2018-08-16 04:45:50",325
"2018-08-16 05:45:49",325
"2018-08-16 06:45:48",325
"2018-08-16 07:45:50",325
"2018-08-16 08:45:49",325
"2018-08-16 09:45:48",325
"2018-08-16 10:45:49",325
"2018-08-16 11:45:48",325
"2018-08-16 12:45:48",325
"2018-08-16 13:45:54",325
"2018-08-16 14:45:51",325
"2018-08-16 15:45:52",327
"2018-08-16 16:45:50",326
"2018-08-16 17:45:50",326
"2018-08-16 18:45:50",326
"2018-08-16 19:45:52",325
"2018-08-16 20:45:49",325
"2018-08-16 21:45:49",325
"2018-08-16 22:45:48",325
"2018-08-16 23:45:49",325
"2018-08-17 00:45:49",325
"2018-08-17 01:45:49",325
"2018-08-17 02:45:51",325
"2018-08-17 03:45:50",325
"2018-08-17 04:45:51",325
"2018-08-17 05:45:48",325
"2018-08-17 06:45:48",325
"2018-08-17 07:45:48",325
"2018-08-17 08:45:49",325
"2018-08-17 09:45:48",325
"2018-08-17 10:45:48",325
"2018-08-17 11:45:48",325
"2018-08-17 12:45:47",325
"2018-08-17 13:45:53",325
"2018-08-17 14:45:52",324
"2018-08-17 15:45:51",323
"2018-08-17 16:45:49",323
"2018-08-17 17:45:48",323
"2018-08-17 18:45:50",323
"2018-08-17 19:45:50",323
"2018-08-17 20:47:18",323
"2018-08-17 21:45:49",323
"2018-08-17 22:45:49",323
"2018-08-17 23:45:47",323
"2018-08-18 00:45:49",323
"2018-08-18 01:45:50",323
"2018-08-18 02:45:49",323
"2018-08-18 03:45:50",323
"2018-08-18 04:45:48",323
"2018-08-18 05:45:48",323
"2018-08-18 06:45:49",323
"2018-08-18 07:45:48",323
"2018-08-18 08:45:48",323
"2018-08-18 09:45:48",323
"2018-08-18 10:45:47",323
"2018-08-18 11:45:48",323
"2018-08-18 12:45:51",323
"2018-08-18 13:45:51",323
"2018-08-18 14:45:50",323
"2018-08-18 15:45:50",323
"2018-08-18 16:45:49",323
"2018-08-18 17:45:49",323
"2018-08-18 18:45:49",323
"2018-08-18 19:45:49",323
"2018-08-18 20:45:49",323
"2018-08-18 21:45:49",323
"2018-08-18 22:45:48",323
"2018-08-18 23:45:47",323
"2018-08-19 00:45:48",323
"2018-08-19 01:45:48",323
"2018-08-19 02:45:49",323
"2018-08-19 03:45:48",323
"2018-08-19 04:45:49",323
"2018-08-19 05:45:48",323
"2018-08-19 06:45:48",323
"2018-08-19 07:45:49",323
"2018-08-19 08:45:48",323
"2018-08-19 09:45:48",323
"2018-08-19 10:45:48",323
"2018-08-19 11:45:48",323
"2018-08-19 12:45:49",323
"2018-08-19 13:45:49",323
"2018-08-19 14:45:48",323
"2018-08-19 15:45:49",323
"2018-08-19 16:45:47",323
"2018-08-19 17:45:49",323
"2018-08-19 18:45:49",323
"2018-08-19 19:45:49",323
"2018-08-19 20:45:50",323
"2018-08-19 21:45:51",323
"2018-08-19 22:45:49",323
"2018-08-19 23:45:51",323
"2018-08-20 00:45:50",323
"2018-08-20 01:45:50",323
"2018-08-20 02:45:49",323
"2018-08-20 03:45:48",323
"2018-08-20 04:45:48",323
"2018-08-20 05:45:48",323
"2018-08-20 06:45:49",323
"2018-08-20 07:45:48",323
"2018-08-20 08:45:52",323
"2018-08-20 09:45:47",323
"2018-08-20 10:45:49",323
"2018-08-20 11:45:49",323
"2018-08-20 12:45:48",323
"2018-08-20 13:45:55",323
"2018-08-20 14:45:54",320
"2018-08-20 15:45:52",319
"2018-08-20 16:45:51",319
"2018-08-20 17:45:49",319
"2018-08-20 18:45:50",319
"2018-08-20 19:45:50",318
"2018-08-20 20:45:49",317
"2018-08-20 21:45:48",317
"2018-08-20 22:45:48",317
"2018-08-20 23:45:48",317
"2018-08-21 00:45:49",317
"2018-08-21 01:45:50",317
"2018-08-21 02:45:50",317
"2018-08-21 03:45:50",317
"2018-08-21 04:45:50",317
"2018-08-21 05:45:48",317
"2018-08-21 06:45:49",317
"2018-08-21 07:45:48",317
"2018-08-21 08:45:49",317
"2018-08-21 09:45:48",317
"2018-08-21 10:45:49",317
"2018-08-21 11:45:48",317
"2018-08-21 12:45:48",317
"2018-08-21 13:45:55",317
"2018-08-21 14:45:51",318
"2018-08-21 15:45:50",317
"2018-08-21 16:45:48",317
"2018-08-21 17:45:47",315
"2018-08-21 18:45:49",316
"2018-08-21 19:45:50",316
"2018-08-21 20:45:48",316
"2018-08-21 21:45:47",316
"2018-08-21 22:45:48",317
"2018-08-21 23:45:49",317
"2018-08-22 00:45:48",317
"2018-08-22 01:45:48",317
"2018-08-22 02:45:49",317
"2018-08-22 03:45:49",317
"2018-08-22 04:45:49",317
"2018-08-22 05:45:48",317
"2018-08-22 06:45:47",317
"2018-08-22 07:45:47",317
"2018-08-22 08:45:47",317
"2018-08-22 09:45:48",317
"2018-08-22 10:45:47",317
"2018-08-22 11:45:48",317
"2018-08-22 12:45:47",317
"2018-08-22 13:45:56",317
"2018-08-22 14:45:49",318
"2018-08-22 15:45:49",318
"2018-08-22 16:45:49",318
"2018-08-22 17:45:48",319
"2018-08-22 18:45:49",319
"2018-08-22 19:45:49",319
"2018-08-22 20:45:46",320
"2018-08-22 21:45:47",320
"2018-08-22 22:45:48",320
"2018-08-22 23:45:48",320
"2018-08-23 00:45:48",320
"2018-08-23 01:45:49",320
"2018-08-23 02:45:48",320
"2018-08-23 03:45:49",320
"2018-08-23 04:45:49",320
"2018-08-23 05:45:48",320
"2018-08-23 06:45:47",320
"2018-08-23 07:45:47",320
"2018-08-23 08:45:48",320
"2018-08-23 09:45:47",320
"2018-08-23 10:45:47",320
"2018-08-23 11:45:48",320
"2018-08-23 12:45:48",320
"2018-08-23 13:45:55",320
"2018-08-23 14:45:49",320
"2018-08-23 15:45:50",320
"2018-08-23 16:45:50",320
"2018-08-23 17:45:47",320
"2018-08-23 18:45:50",320
"2018-08-23 19:45:50",319
"2018-08-23 20:45:50",319
"2018-08-23 21:45:47",319
"2018-08-23 22:45:48",319
"2018-08-23 23:45:48",319
"2018-08-24 00:45:48",319
"2018-08-24 01:45:49",319
"2018-08-24 02:45:48",319
"2018-08-24 03:45:48",319
"2018-08-24 20:04:08",318
"2018-08-24 20:45:49",318
"2018-08-24 21:45:49",318
"2018-08-24 22:45:48",318
"2018-08-24 23:45:48",318
"2018-08-25 00:45:48",318
"2018-08-25 01:45:48",318
"2018-08-25 02:45:49",318
"2018-08-25 03:45:49",318
"2018-08-25 04:45:48",318
"2018-08-25 05:45:48",318
"2018-08-25 06:45:47",318
"2018-08-25 07:45:46",318
"2018-08-25 08:45:48",318
"2018-08-25 09:45:46",318
"2018-08-25 10:45:48",318
"2018-08-25 11:45:47",318
"2018-08-25 12:45:48",318
"2018-08-25 13:45:49",318
"2018-08-25 14:45:49",318
"2018-08-25 15:45:48",318
"2018-08-25 16:45:48",318
"2018-08-25 17:45:50",318
"2018-08-25 18:45:49",318
"2018-08-25 19:45:48",318
"2018-08-25 20:45:48",318
"2018-08-25 21:45:48",318
"2018-08-25 22:45:49",318
"2018-08-25 23:45:48",318
"2018-08-26 00:45:48",318
"2018-08-26 01:45:48",318
"2018-08-26 02:45:50",318
"2018-08-26 03:45:48",318
"2018-08-26 04:45:48",318
"2018-08-26 05:45:47",318
"2018-08-26 06:45:48",318
"2018-08-26 07:45:48",318
"2018-08-26 08:45:47",318
"2018-08-26 09:45:47",318
"2018-08-26 10:45:47",318
"2018-08-26 11:45:48",318
"2018-08-26 12:45:49",318
"2018-08-26 13:45:48",318
"2018-08-26 14:45:47",318
"2018-08-26 15:45:47",318
"2018-08-26 16:45:48",318
"2018-08-26 17:45:47",318
"2018-08-26 18:45:48",318
"2018-08-26 19:45:48",318
"2018-08-26 20:45:49",318
"2018-08-26 21:45:47",318
"2018-08-26 22:45:49",318
"2018-08-26 23:45:48",318
"2018-08-27 00:45:49",318
"2018-08-27 01:45:49",318
"2018-08-27 02:45:48",318
"2018-08-27 03:45:48",318
"2018-08-27 04:45:48",318
"2018-08-27 05:45:49",318
"2018-08-27 06:45:48",318
"2018-08-27 07:45:47",318
"2018-08-27 08:45:48",318
"2018-08-27 09:45:47",318
"2018-08-27 10:45:47",318
"2018-08-27 11:45:47",318
"2018-08-27 12:45:47",318
"2018-08-27 14:09:56",324
"2018-08-27 14:45:51",324
"2018-08-27 15:45:49",324
"2018-08-27 16:45:51",324
"2018-08-27 17:45:50",324
"2018-08-27 18:45:49",324
"2018-08-27 19:45:51",324
"2018-08-27 20:45:49",324
"2018-08-27 21:45:48",324
"2018-08-27 22:45:49",324
"2018-08-27 23:45:48",324
"2018-08-28 00:45:49",324
"2018-08-28 01:45:49",324
"2018-08-28 02:45:47",324
"2018-08-28 03:45:48",324
"2018-08-28 04:45:50",324
"2018-08-28 05:45:48",324
"2018-08-28 06:45:48",324
"2018-08-28 07:45:48",324
"2018-08-28 08:45:47",324
"2018-08-28 09:45:48",324
"2018-08-28 10:45:48",324
"2018-08-28 11:45:48",324
"2018-08-28 12:45:48",324
"2018-08-28 13:46:08",324
"2018-08-28 14:46:01",326
"2018-08-28 15:46:02",328
"2018-08-28 16:46:02",329
"2018-08-28 17:46:01",330
"2018-08-28 18:46:04",330
"2018-08-28 19:46:01",330
"2018-08-28 20:46:00",330
"2018-08-28 21:46:00",330
"2018-08-28 22:46:01",330
"2018-08-28 23:46:00",330
"2018-08-29 00:46:02",330
"2018-08-29 01:46:02",330
"2018-08-29 02:46:00",330
"2018-08-29 03:46:00",330
"2018-08-29 04:46:00",330
"2018-08-29 05:45:59",330
"2018-08-29 06:45:59",330
"2018-08-29 07:46:00",330
"2018-08-29 08:46:00",330
"2018-08-29 09:45:59",330
"2018-08-29 10:45:58",330
"2018-08-29 11:45:58",330
"2018-08-29 12:46:00",330
"2018-08-29 14:09:42",329
"2018-08-29 14:46:04",329
"2018-08-29 15:46:04",329
"2018-08-29 16:46:02",329
"2018-08-29 17:46:05",329
"2018-08-29 18:46:06",328
"2018-08-29 19:46:03",328
"2018-08-29 20:46:00",328
"2018-08-29 21:46:01",328
"2018-08-29 22:46:00",328
"2018-08-29 23:46:01",328
"2018-08-30 00:46:47",328
"2018-08-30 01:46:46",328
"2018-08-30 02:46:02",328
"2018-08-30 03:46:02",328
"2018-08-30 04:46:01",328
"2018-08-30 05:46:01",328
"2018-08-30 06:46:01",328
"2018-08-30 07:46:01",328
"2018-08-30 08:46:05",328
"2018-08-30 09:46:01",328
"2018-08-30 10:46:01",328
"2018-08-30 11:46:00",328
"2018-08-30 12:45:59",328
"2018-08-30 13:46:12",328
"2018-08-30 14:46:03",328
"2018-08-30 15:46:01",328
"2018-08-30 16:46:04",328
"2018-08-30 17:46:02",329
"2018-08-30 18:46:03",329
"2018-08-30 19:46:03",329
"2018-08-30 20:45:59",329
"2018-08-30 21:46:00",329
"2018-08-30 22:45:59",329
"2018-08-30 23:46:00",329
"2018-08-31 00:46:06",329
"2018-08-31 01:46:02",329
"2018-08-31 02:46:00",329
"2018-08-31 03:46:01",329
"2018-08-31 04:46:01",329
"2018-08-31 05:46:02",329
"2018-08-31 06:46:01",329
"2018-08-31 07:46:01",329
"2018-08-31 08:46:00",329
"2018-08-31 09:46:01",329
"2018-08-31 10:46:00",329
"2018-08-31 11:46:02",329
"2018-08-31 12:46:02",329
"2018-08-31 13:46:08",330
"2018-08-31 14:46:03",329
"2018-08-31 15:46:03",329
"2018-08-31 16:46:01",329
"2018-08-31 17:46:03",329
"2018-08-31 18:46:02",329
"2018-08-31 19:46:03",329
"2018-08-31 20:46:02",329
"2018-08-31 21:46:00",329
"2018-08-31 22:46:00",329
"2018-08-31 23:46:00",329
"2018-09-01 00:46:01",329
"2018-09-01 01:46:01",329
"2018-09-01 02:46:02",329
"2018-09-01 03:46:01",329
"2018-09-01 04:46:03",329
"2018-09-01 05:46:02",329
"2018-09-01 06:46:02",329
"2018-09-01 07:46:01",329
"2018-09-01 08:46:01",329
"2018-09-01 09:46:00",329
"2018-09-01 10:46:01",329
"2018-09-01 11:46:01",329
"2018-09-01 12:46:02",329
"2018-09-01 13:46:02",329
"2018-09-01 14:46:05",329
"2018-09-01 15:46:01",329
"2018-09-01 16:46:01",329
"2018-09-01 17:46:00",329
"2018-09-01 18:46:02",329
"2018-09-01 19:46:00",329
"2018-09-01 20:46:00",329
"2018-09-01 21:46:01",329
"2018-09-01 22:46:38",329
"2018-09-01 23:46:01",329
"2018-09-02 00:46:02",329
"2018-09-02 01:46:01",329
"2018-09-02 02:46:01",329
"2018-09-02 03:46:03",329
"2018-09-02 04:46:02",329
"2018-09-02 05:46:01",329
"2018-09-02 06:46:01",329
"2018-09-02 07:46:00",329
"2018-09-02 08:46:01",329
"2018-09-02 09:45:59",329
"2018-09-02 10:46:00",329
"2018-09-02 11:46:01",329
"2018-09-02 12:46:00",329
"2018-09-02 13:46:01",329
"2018-09-02 14:46:03",329
"2018-09-02 15:46:02",329
"2018-09-02 16:46:02",329
"2018-09-02 17:46:02",329
"2018-09-02 18:46:00",329
"2018-09-02 19:46:00",329
"2018-09-02 20:46:00",329
"2018-09-02 21:46:01",329
"2018-09-02 22:46:02",329
"2018-09-02 23:46:02",329
"2018-09-03 00:46:01",329
"2018-09-03 01:46:02",329
"2018-09-03 02:46:02",329
"2018-09-03 03:46:01",329
"2018-09-03 04:46:01",329
"2018-09-03 05:46:01",329
"2018-09-03 06:46:00",329
"2018-09-03 07:46:01",329
"2018-09-03 08:46:04",329
"2018-09-03 09:46:01",329
"2018-09-03 10:46:00",329
"2018-09-03 11:46:02",329
"2018-09-03 12:46:00",329
"2018-09-03 13:46:02",329
"2018-09-03 14:46:00",329
"2018-09-03 15:45:59",329
"2018-09-03 16:46:00",329
"2018-09-03 17:46:00",329
"2018-09-03 18:46:01",329
"2018-09-03 19:45:59",329
"2018-09-03 20:46:02",329
"2018-09-03 21:46:00",329
"2018-09-03 22:46:01",329
"2018-09-03 23:45:59",329
"2018-09-04 00:46:01",329
"2018-09-04 01:46:01",329
"2018-09-04 02:46:02",329
"2018-09-04 03:46:02",329
"2018-09-04 04:46:00",329
"2018-09-04 05:46:01",329
"2018-09-04 06:46:01",329
"2018-09-04 07:46:02",329
"2018-09-04 08:46:01",329
"2018-09-04 09:46:00",329
"2018-09-04 10:46:02",329
"2018-09-04 11:45:59",329
"2018-09-04 12:46:01",329
"2018-09-04 13:46:11",329
"2018-09-04 14:46:03",329
"2018-09-04 15:46:03",329
"2018-09-04 16:46:06",329
"2018-09-04 17:46:03",328
"2018-09-04 18:46:05",327
"2018-09-04 19:46:06",327
"2018-09-04 20:46:44",328
"2018-09-04 21:46:00",328
"2018-09-04 22:46:01",328
"2018-09-04 23:46:01",328
"2018-09-05 00:46:01",328
"2018-09-05 01:46:01",328
"2018-09-05 02:46:02",328
"2018-09-05 03:46:00",328
"2018-09-05 04:46:01",328
"2018-09-05 05:46:01",328
"2018-09-05 06:46:00",328
"2018-09-05 07:46:01",328
"2018-09-05 08:46:01",328
"2018-09-05 09:46:01",328
"2018-09-05 10:45:59",328
"2018-09-05 11:46:04",328
"2018-09-05 12:46:02",328
"2018-09-05 13:46:16",328
"2018-09-05 14:46:09",328
"2018-09-05 15:46:02",329
"2018-09-05 16:46:03",329
"2018-09-05 17:46:04",328
"2018-09-05 18:46:04",328
"2018-09-05 19:46:03",329
"2018-09-05 20:46:00",328
"2018-09-05 21:46:00",328
"2018-09-05 22:46:00",327
"2018-09-05 23:46:02",327
"2018-09-06 00:46:02",327
"2018-09-06 01:46:01",327
"2018-09-06 02:46:02",327
"2018-09-06 03:46:02",327
"2018-09-06 04:46:02",327
"2018-09-06 05:46:03",327
"2018-09-06 06:46:01",327
"2018-09-06 07:46:00",327
"2018-09-06 08:46:01",327
"2018-09-06 09:46:00",327
"2018-09-06 10:45:59",327
"2018-09-06 11:46:00",327
"2018-09-06 13:11:05",327
"2018-09-06 13:46:10",327
"2018-09-06 14:46:03",324
"2018-09-06 15:46:03",324
"2018-09-06 16:46:03",325
"2018-09-06 17:46:01",325
"2018-09-06 18:46:02",325
"2018-09-06 19:46:02",325
"2018-09-06 20:46:00",324
"2018-09-06 21:45:59",324
"2018-09-06 22:46:00",324
"2018-09-06 23:46:02",324
"2018-09-07 00:46:01",324
"2018-09-07 01:46:01",324
"2018-09-07 02:46:02",324
"2018-09-07 03:46:01",324
"2018-09-07 04:46:01",324
"2018-09-07 05:46:06",324
"2018-09-07 06:46:07",324
"2018-09-07 08:46:05",324
"2018-09-07 09:46:05",324
"2018-09-07 10:46:05",324
"2018-09-07 11:46:02",324
"2018-09-07 12:46:01",324
"2018-09-07 13:46:12",324
"2018-09-07 14:46:01",324
"2018-09-07 15:46:03",323
"2018-09-07 16:46:04",323
"2018-09-07 17:46:03",323
"2018-09-07 18:46:09",323
"2018-09-07 19:46:02",323
"2018-09-07 20:46:01",324
"2018-09-07 21:46:00",324
"2018-09-07 22:46:00",324
"2018-09-07 23:46:00",324
"2018-09-08 00:46:00",324
"2018-09-08 01:46:00",324
"2018-09-08 02:46:02",324
"2018-09-08 03:46:01",324
"2018-09-08 04:46:01",324
"2018-09-08 05:46:01",324
"2018-09-08 06:46:01",324
"2018-09-08 07:45:59",324
"2018-09-08 08:46:00",324
"2018-09-08 09:45:59",324
"2018-09-08 10:45:59",324
"2018-09-08 11:46:00",324
"2018-09-08 12:46:01",324
"2018-09-08 13:46:02",324
"2018-09-08 14:46:00",324
"2018-09-08 15:46:01",324
"2018-09-08 16:46:01",324
"2018-09-08 17:46:01",324
"2018-09-08 18:46:01",324
"2018-09-08 19:46:02",324
"2018-09-08 20:46:01",324
"2018-09-08 21:46:01",324
"2018-09-08 22:46:01",324
"2018-09-08 23:46:02",324
"2018-09-09 00:46:00",324
"2018-09-09 01:46:02",324
"2018-09-09 02:46:02",324
"2018-09-09 03:46:01",324
"2018-09-09 04:46:01",324
"2018-09-09 05:46:00",324
"2018-09-09 06:46:00",324
"2018-09-09 07:46:00",324
"2018-09-09 08:46:01",324
"2018-09-09 09:46:01",324
"2018-09-09 10:46:01",324
"2018-09-09 11:46:01",324
"2018-09-09 12:46:01",324
"2018-09-09 13:46:02",324
"2018-09-09 14:46:02",324
"2018-09-09 15:46:00",324
"2018-09-09 16:46:01",324
"2018-09-09 17:46:01",324
"2018-09-09 18:46:02",324
"2018-09-09 19:46:01",324
"2018-09-09 20:46:00",324
"2018-09-09 21:46:01",324
"2018-09-09 22:46:00",324
"2018-09-09 23:46:01",324
"2018-09-10 00:46:02",324
"2018-09-10 01:46:03",324
"2018-09-10 02:46:03",324
"2018-09-10 03:46:02",324
"2018-09-10 04:46:01",324
"2018-09-10 05:46:00",324
"2018-09-10 06:46:00",324
"2018-09-10 07:45:59",324
"2018-09-10 08:46:00",324
"2018-09-10 09:46:00",324
"2018-09-10 10:46:00",324
"2018-09-10 11:46:00",324
"2018-09-10 12:46:00",324
"2018-09-10 13:46:09",323
"2018-09-10 14:46:02",322
"2018-09-10 15:46:04",322
"2018-09-10 16:46:05",321
"2018-09-10 17:46:02",321
"2018-09-10 18:46:05",321
"2018-09-10 19:46:02",322
"2018-09-10 20:46:01",322
"2018-09-10 21:45:59",322
"2018-09-10 22:46:01",322
"2018-09-10 23:46:01",322
"2018-09-11 00:46:02",322
"2018-09-11 01:46:02",322
"2018-09-11 02:46:03",322
"2018-09-11 03:46:02",322
"2018-09-11 04:46:01",322
"2018-09-11 05:46:03",322
"2018-09-11 06:46:01",322
"2018-09-11 07:46:01",322
"2018-09-11 08:46:01",322
"2018-09-11 09:46:00",322
"2018-09-11 10:46:01",322
"2018-09-11 11:45:59",322
"2018-09-11 12:46:01",322
"2018-09-11 13:46:09",322
"2018-09-11 14:46:03",322
"2018-09-11 15:46:03",323
"2018-09-11 16:46:02",323
"2018-09-11 17:46:02",323
"2018-09-11 18:46:03",324
"2018-09-11 19:46:04",324
"2018-09-11 20:46:00",324
"2018-09-11 21:46:00",324
"2018-09-11 22:45:59",324
"2018-09-11 23:46:01",324
"2018-09-12 00:46:02",324
"2018-09-12 01:46:03",324
"2018-09-12 20:46:06",325
"2018-09-12 21:46:01",325
"2018-09-12 22:46:00",325
"2018-09-12 23:46:00",325
"2018-09-13 00:46:01",325
"2018-09-13 01:46:01",325
"2018-09-13 02:46:06",325
"2018-09-13 03:46:01",325
"2018-09-13 04:46:01",325
"2018-09-13 05:46:02",325
"2018-09-13 06:46:14",325
"2018-09-13 07:46:01",325
"2018-09-13 08:46:01",325
"2018-09-13 09:45:59",325
"2018-09-13 10:46:00",325
"2018-09-13 11:46:00",325
"2018-09-13 12:46:01",325
"2018-09-13 14:46:03",325
"2018-09-13 15:46:04",324
"2018-09-13 16:46:08",325
"2018-09-13 17:46:01",324
"2018-09-13 18:46:03",325
"2018-09-13 19:46:02",325
"2018-09-13 20:46:01",325
"2018-09-13 21:46:00",324
"2018-09-13 22:46:01",324
"2018-09-13 23:46:01",324
"2018-09-14 00:46:02",324
"2018-09-14 01:46:01",324
"2018-09-14 02:46:02",324
"2018-09-14 03:46:02",324
"2018-09-14 04:46:02",324
"2018-09-14 05:46:01",324
"2018-09-14 06:46:00",324
"2018-09-14 07:46:14",324
"2018-09-14 08:46:04",324
"2018-09-14 09:46:03",324
"2018-09-14 10:46:02",324
"2018-09-14 11:45:59",324
"2018-09-14 12:46:06",324
"2018-09-14 13:46:13",324
"2018-09-14 14:46:09",323
"2018-09-14 15:46:10",324
"2018-09-14 16:46:05",324
"2018-09-14 17:46:05",324
"2018-09-14 18:46:03",325
"2018-09-14 19:46:02",327
"2018-09-14 20:46:00",331
"2018-09-14 21:46:00",331
"2018-09-14 22:46:00",331
"2018-09-14 23:46:00",331
"2018-09-15 00:46:02",331
"2018-09-15 01:46:02",331
"2018-09-15 02:46:02",331
"2018-09-15 03:46:01",331
"2018-09-15 04:46:00",331
"2018-09-15 05:46:00",331
"2018-09-15 06:45:59",331
"2018-09-15 07:46:01",331
"2018-09-15 08:45:59",331
"2018-09-15 09:46:00",331
"2018-09-15 10:46:00",331
"2018-09-15 11:45:59",331
"2018-09-15 12:46:03",331
"2018-09-15 13:46:01",331
"2018-09-15 14:46:00",331
"2018-09-15 15:46:01",331
"2018-09-15 16:46:00",331
"2018-09-15 17:45:59",331
"2018-09-15 18:45:59",331
"2018-09-15 19:46:01",331
"2018-09-15 20:46:01",331
"2018-09-15 21:45:59",331
"2018-09-15 22:46:00",331
"2018-09-15 23:45:59",331
"2018-09-16 00:46:00",331
"2018-09-16 01:46:02",331
"2018-09-16 02:46:02",331
"2018-09-16 03:46:00",331
"2018-09-16 04:46:01",331
"2018-09-16 05:46:00",331
"2018-09-16 06:46:01",331
"2018-09-16 07:45:59",331
"2018-09-16 08:46:00",331
"2018-09-16 09:46:00",331
"2018-09-16 10:45:59",331
"2018-09-16 11:46:00",331
"2018-09-16 12:46:00",331
"2018-09-16 13:46:00",331
"2018-09-16 14:46:00",331
"2018-09-16 15:46:01",331
"2018-09-16 16:46:02",331
"2018-09-16 17:46:00",331
"2018-09-16 18:46:01",331
"2018-09-16 19:46:00",331
"2018-09-16 20:46:01",331
"2018-09-16 21:46:00",331
"2018-09-16 22:46:00",331
"2018-09-16 23:46:01",331
"2018-09-17 00:46:02",331
"2018-09-17 01:46:01",331
"2018-09-17 02:46:01",331
"2018-09-17 03:46:01",331
"2018-09-17 04:46:01",331
"2018-09-17 05:46:00",331
"2018-09-17 06:45:59",331
"2018-09-17 07:46:01",331
"2018-09-17 08:46:01",331
"2018-09-17 09:46:00",331
"2018-09-17 10:46:00",331
"2018-09-17 11:46:01",331
"2018-09-17 12:45:59",331
"2018-09-17 13:46:10",331
"2018-09-17 14:46:03",334
"2018-09-17 15:46:08",333
"2018-09-17 16:46:03",334
"2018-09-17 17:46:01",335
"2018-09-17 18:46:01",335
"2018-09-17 19:46:02",335
"2018-09-17 20:46:01",336
"2018-09-17 21:46:01",335
"2018-09-17 22:46:00",335
"2018-09-17 23:46:00",335
"2018-09-18 00:46:00",335
"2018-09-18 01:46:01",335
"2018-09-18 02:46:01",335
"2018-09-18 03:46:01",335
"2018-09-18 04:46:02",335
"2018-09-18 05:46:01",335
"2018-09-18 06:46:01",335
"2018-09-18 07:45:59",335
"2018-09-18 08:46:00",335
"2018-09-18 09:46:00",335
"2018-09-18 10:46:00",335
"2018-09-18 11:45:59",335
"2018-09-18 12:46:01",335
"2018-09-18 13:46:07",335
"2018-09-18 14:46:05",337
"2018-09-18 15:46:02",336
"2018-09-18 16:46:03",340
"2018-09-18 17:46:04",342
"2018-09-18 18:46:08",341
"2018-09-18 19:46:07",340
"2018-09-18 20:46:01",341
"2018-09-18 21:46:00",342
"2018-09-18 22:46:00",342
"2018-09-18 23:46:00",342
"2018-09-19 00:46:03",342
"2018-09-19 01:46:02",342
"2018-09-19 02:46:02",342
"2018-09-19 03:46:02",342
"2018-09-19 04:46:01",342
"2018-09-19 05:46:01",342
"2018-09-19 06:46:02",342
"2018-09-19 07:46:00",342
"2018-09-19 08:46:00",342
"2018-09-19 09:46:00",342
"2018-09-19 10:46:00",342
"2018-09-19 11:46:00",342
"2018-09-19 12:46:00",342
"2018-09-19 13:47:26",344
"2018-09-19 14:46:10",344
"2018-09-19 15:46:09",343
"2018-09-19 16:46:03",343
"2018-09-19 17:46:04",342
"2018-09-19 18:46:02",341
"2018-09-19 19:46:15",343
"2018-09-19 20:46:01",342
"2018-09-19 21:46:02",343
"2018-09-19 22:46:01",343
"2018-09-19 23:46:02",343
"2018-09-20 00:46:02",343
"2018-09-20 01:46:07",343
"2018-09-20 02:46:05",343
"2018-09-20 03:46:07",343
"2018-09-20 04:46:03",343
"2018-09-20 05:46:03",343
"2018-09-20 06:46:02",343
"2018-09-20 07:46:00",343
"2018-09-20 08:46:07",343
"2018-09-20 09:46:47",343
"2018-09-20 10:46:01",343
"2018-09-20 11:46:01",343
"2018-09-20 13:12:09",343
"2018-09-20 14:46:13",344
"2018-09-20 15:46:06",344
"2018-09-20 16:46:03",345
"2018-09-20 17:46:04",345
"2018-09-20 18:46:04",345
"2018-09-20 19:46:05",343
"2018-09-20 20:46:04",342
"2018-09-20 21:46:01",342
"2018-09-20 22:46:01",342
"2018-09-20 23:46:02",342
"2018-09-21 00:46:03",342
"2018-09-21 01:46:03",342
"2018-09-21 02:46:03",342
"2018-09-21 03:46:02",342
"2018-09-21 04:46:04",342
"2018-09-21 06:46:02",342
"2018-09-21 07:46:33",342
"2018-09-21 08:46:02",342
"2018-09-21 09:46:02",342
"2018-09-21 10:46:01",342
"2018-09-21 11:46:03",342
"2018-09-21 13:13:36",342
"2018-09-21 13:46:13",342
"2018-09-21 14:46:04",341
"2018-09-21 15:46:05",343
"2018-09-21 16:46:05",344
"2018-09-21 17:46:04",343
"2018-09-21 18:46:34",343
"2018-09-21 19:46:05",341
"2018-09-21 20:46:02",341
"2018-09-21 21:46:01",341
"2018-09-21 22:46:00",341
"2018-09-21 23:46:02",341
"2018-09-22 00:46:01",341
"2018-09-22 01:46:02",341
"2018-09-22 02:46:01",341
"2018-09-22 03:46:02",341
"2018-09-22 04:46:03",341
"2018-09-22 05:46:02",341
"2018-09-22 06:46:01",341
"2018-09-22 07:46:02",341
"2018-09-22 08:46:00",341
"2018-09-22 09:46:01",341
"2018-09-22 10:46:02",341
"2018-09-22 11:46:02",341
"2018-09-22 12:46:01",341
"2018-09-22 13:46:02",341
"2018-09-22 14:46:03",341
"2018-09-22 15:46:03",341
"2018-09-22 16:46:02",341
"2018-09-22 17:46:03",341
"2018-09-22 18:46:02",341
"2018-09-22 19:46:03",341
"2018-09-22 20:46:02",341
"2018-09-22 21:46:01",341
"2018-09-22 22:46:01",341
"2018-09-22 23:46:02",341
"2018-09-23 00:46:33",341
"2018-09-23 01:46:02",341
"2018-09-23 02:46:02",341
"2018-09-23 03:46:03",341
"2018-09-23 04:46:04",341
"2018-09-23 05:46:02",341
"2018-09-23 06:46:01",341
"2018-09-23 07:46:03",341
"2018-09-23 08:46:01",341
"2018-09-23 09:46:01",341
"2018-09-23 10:46:01",341
"2018-09-23 11:46:03",341
"2018-09-23 12:46:01",341
"2018-09-23 13:46:02",341
"2018-09-23 14:46:03",341
"2018-09-23 15:46:02",341
"2018-09-23 16:46:03",341
"2018-09-23 17:46:01",341
"2018-09-23 18:46:02",341
"2018-09-23 19:46:02",341
"2018-09-23 20:46:01",341
"2018-09-23 21:46:03",341
"2018-09-23 22:46:02",341
"2018-09-23 23:46:03",341
"2018-09-24 00:46:02",341
"2018-09-24 01:46:04",341
"2018-09-24 02:46:02",341
"2018-09-24 03:46:02",341
"2018-09-24 04:46:04",341
"2018-09-24 05:46:02",341
"2018-09-24 06:46:01",341
"2018-09-24 07:46:02",341
"2018-09-24 08:46:01",341
"2018-09-24 09:46:01",341
"2018-09-24 10:46:01",341
"2018-09-24 11:46:02",341
"2018-09-24 12:46:02",341
"2018-09-24 13:46:13",341
"2018-09-24 14:46:05",345
"2018-09-24 15:46:02",347
"2018-09-24 16:46:03",348
"2018-09-24 17:46:03",348
"2018-09-24 18:46:04",349
"2018-09-24 19:46:04",350
"2018-09-24 20:46:03",350
"2018-09-24 21:46:01",350
"2018-09-24 22:46:02",350
"2018-09-24 23:46:02",350
"2018-09-25 00:46:03",350
"2018-09-25 01:46:01",350
"2018-09-25 02:46:01",350
"2018-09-25 03:46:02",350
"2018-09-25 04:46:05",350
"2018-09-25 05:46:02",350
"2018-09-25 06:46:02",350
"2018-09-25 07:46:03",350
"2018-09-25 08:46:02",350
"2018-09-25 09:46:01",350
"2018-09-25 10:46:01",350
"2018-09-25 11:46:02",350
"2018-09-25 12:46:03",350
"2018-09-25 13:46:10",350
"2018-09-25 14:46:07",351
"2018-09-25 15:46:04",356
"2018-09-25 16:46:05",362
"2018-09-25 17:46:03",365
"2018-09-25 18:46:06",368
"2018-09-25 19:46:04",368
"2018-09-25 20:46:03",369
"2018-09-25 21:46:03",369
"2018-09-25 22:46:03",369
"2018-09-25 23:46:03",369
"2018-09-26 00:46:06",369
"2018-09-26 01:46:09",369
"2018-09-26 02:46:07",369
"2018-09-26 03:46:07",369
"2018-09-26 04:46:04",369
"2018-09-26 05:46:04",369
"2018-09-26 06:46:03",369
"2018-09-26 07:46:02",369
"2018-09-26 08:46:04",369
"2018-09-26 09:46:03",369
"2018-09-26 10:46:01",369
"2018-09-26 11:46:01",369
"2018-09-26 13:12:39",369
"2018-09-26 13:46:13",369
"2018-09-26 14:46:05",369
"2018-09-26 15:46:05",367
"2018-09-26 16:46:07",368
"2018-09-26 17:46:04",368
"2018-09-26 18:46:06",371
"2018-09-26 19:46:04",373
"2018-09-26 20:46:03",374
"2018-09-26 21:46:03",374
"2018-09-26 22:46:02",374
"2018-09-26 23:46:03",374
"2018-09-27 00:46:04",374
"2018-09-27 01:46:02",374
"2018-09-27 02:46:04",374
"2018-09-27 03:46:03",374
"2018-09-27 04:46:03",374
"2018-09-27 05:46:03",374
"2018-09-27 06:46:03",374
"2018-09-27 07:46:02",374
"2018-09-27 08:46:02",374
"2018-09-27 09:46:03",374
"2018-09-27 10:46:02",374
"2018-09-27 11:46:02",374
"2018-09-27 12:46:03",374
"2018-09-27 13:46:09",374
"2018-09-27 14:46:05",376
"2018-09-27 15:46:05",376
"2018-09-27 17:11:48",376
"2018-09-27 17:46:06",376
"2018-09-27 18:46:11",378
"2018-09-27 19:46:08",378
"2018-09-27 20:46:06",380
"2018-09-27 21:46:04",380
"2018-09-27 22:46:03",380
"2018-09-27 23:46:05",380
"2018-09-28 00:46:07",380
"2018-09-28 01:46:04",380
"2018-09-28 02:46:03",380
"2018-09-28 03:46:05",380
"2018-09-28 04:46:03",380
"2018-09-28 05:46:03",380
"2018-09-28 06:46:05",380
"2018-09-28 07:46:05",380
"2018-09-28 08:46:03",380
"2018-09-28 09:46:06",380
"2018-09-28 10:46:05",380
"2018-09-28 11:46:04",380
"2018-09-28 12:46:04",380
"2018-09-28 13:46:11",380
"2018-09-28 14:46:07",382
"2018-09-28 15:46:13",382
"2018-09-28 16:46:09",383
"2018-09-28 17:46:09",383
"2018-09-28 18:46:09",383
"2018-09-28 19:46:09",383
"2018-09-28 20:46:06",383
"2018-09-28 21:46:05",383
"2018-09-28 22:46:05",383
"2018-09-28 23:46:02",383
"2018-09-29 00:46:02",383
"2018-09-29 01:46:10",383
"2018-09-29 02:46:11",383
"2018-09-29 03:46:05",383
"2018-09-29 04:46:03",383
"2018-09-29 05:46:02",383
"2018-09-29 06:46:02",383
"2018-09-29 07:46:04",383
"2018-09-29 08:46:03",383
"2018-09-29 09:46:03",383
"2018-09-29 10:46:04",383
"2018-09-29 11:46:04",383
"2018-09-29 12:46:04",383
"2018-09-29 13:46:05",383
"2018-09-29 14:46:05",383
"2018-09-29 15:46:05",383
"2018-09-29 16:46:03",383
"2018-09-29 17:46:04",383
"2018-09-29 18:46:05",383
"2018-09-29 19:46:04",383
"2018-09-29 20:46:05",383
"2018-09-29 21:46:05",383
"2018-09-29 22:46:03",383
"2018-09-29 23:46:03",383
"2018-09-30 00:46:04",383
"2018-09-30 01:46:04",383
"2018-09-30 02:46:01",383
"2018-09-30 03:46:04",383
"2018-09-30 04:46:03",383
"2018-09-30 05:46:01",383
"2018-09-30 06:46:02",383
"2018-09-30 07:46:01",383
"2018-09-30 08:46:02",383
"2018-09-30 09:46:01",383
"2018-09-30 10:46:02",383
"2018-09-30 11:46:02",383
"2018-09-30 12:46:02",383
"2018-09-30 13:46:03",383
"2018-09-30 14:46:01",383
"2018-09-30 15:46:02",383
"2018-09-30 16:46:02",383
"2018-09-30 17:46:01",383
"2018-09-30 18:46:02",383
"2018-09-30 19:46:03",383
"2018-09-30 20:46:02",383
"2018-09-30 21:46:01",383
"2018-09-30 22:46:04",383
"2018-09-30 23:46:05",383
"2018-10-01 00:46:06",383
"2018-10-01 01:46:04",383
"2018-10-01 02:46:06",383
"2018-10-01 03:46:04",383
"2018-10-01 04:46:04",383
"2018-10-01 05:46:05",383
"2018-10-01 06:46:04",383
"2018-10-01 07:46:04",383
"2018-10-01 08:46:05",383
"2018-10-01 09:46:02",383
"2018-10-01 10:46:02",383
"2018-10-01 11:46:02",383
"2018-10-01 12:46:02",383
"2018-10-01 14:11:22",386
"2018-10-01 14:46:08",386
"2018-10-01 15:46:04",388
"2018-10-01 16:46:05",388
"2018-10-01 17:46:09",391
"2018-10-01 18:46:05",394
"2018-10-01 19:46:09",392
"2018-10-01 20:46:04",397
"2018-10-01 21:46:03",399
"2018-10-01 22:46:02",399
"2018-10-01 23:46:06",399
"2018-10-02 00:46:09",399
"2018-10-02 01:46:04",399
"2018-10-02 02:46:04",399
"2018-10-02 03:46:03",399
"2018-10-02 04:46:04",399
"2018-10-02 05:46:02",399
"2018-10-02 06:46:03",399
"2018-10-02 07:46:04",399
"2018-10-02 08:46:02",399
"2018-10-02 09:46:02",399
"2018-10-02 10:46:01",399
"2018-10-02 11:46:03",399
"2018-10-02 12:46:02",399
"2018-10-02 13:46:10",400
"2018-10-02 14:46:37",440
"2018-10-02 15:46:06",447
"2018-10-02 16:46:05",448
"2018-10-02 17:46:05",451
"2018-10-02 18:46:05",451
"2018-10-02 19:46:05",449
"2018-10-02 20:46:04",449
"2018-10-02 21:46:03",449
"2018-10-02 22:46:02",450
"2018-10-02 23:46:03",450
"2018-10-03 00:46:02",450
"2018-10-03 01:46:02",450
"2018-10-03 02:46:35",450
"2018-10-03 03:46:05",450
"2018-10-03 04:46:09",450
"2018-10-03 05:46:06",450
"2018-10-03 06:46:03",450
"2018-10-03 07:46:06",450
"2018-10-03 08:46:05",450
"2018-10-03 09:46:06",450
"2018-10-03 10:46:05",450
"2018-10-03 11:46:06",450
"2018-10-03 12:46:05",450
"2018-10-03 13:47:22",450
"2018-10-03 15:11:15",452
"2018-10-03 15:46:07",452
"2018-10-03 16:46:09",452
"2018-10-03 17:46:09",453
"2018-10-03 18:46:07",452
"2018-10-03 19:46:05",453
"2018-10-03 20:46:04",456
"2018-10-03 21:46:04",456
"2018-10-03 22:46:05",456
"2018-10-03 23:46:04",456
"2018-10-04 00:47:25",456
"2018-10-04 01:46:06",456
"2018-10-04 02:46:03",456
"2018-10-04 03:46:02",456
"2018-10-04 04:46:03",456
"2018-10-04 05:46:04",456
"2018-10-04 06:46:02",456
"2018-10-04 07:46:03",456
"2018-10-04 08:46:01",456
"2018-10-04 09:46:02",456
"2018-10-04 10:46:02",456
"2018-10-04 11:46:01",456
"2018-10-04 12:46:03",456
"2018-10-04 14:12:16",457
"2018-10-04 14:46:06",457
"2018-10-04 15:46:05",454
"2018-10-04 16:46:08",452
"2018-10-04 17:46:08",450
"2018-10-04 18:46:06",448
"2018-10-04 19:46:08",448
"2018-10-04 20:46:04",447
"2018-10-04 21:46:04",447
"2018-10-04 22:46:04",447
"2018-10-04 23:46:03",447
"2018-10-05 00:46:04",447
"2018-10-05 01:46:05",447
"2018-10-05 02:46:04",447
"2018-10-05 03:46:05",447
"2018-10-05 04:46:05",447
"2018-10-05 05:46:06",447
"2018-10-05 06:46:04",447
"2018-10-05 07:46:04",447
"2018-10-05 08:46:02",447
"2018-10-05 09:46:04",447
"2018-10-05 10:46:04",447
"2018-10-05 11:46:04",447
"2018-10-05 12:46:04",447
"2018-10-05 13:46:14",447
"2018-10-05 14:46:06",446
"2018-10-05 15:46:08",446
"2018-10-05 16:46:11",444
"2018-10-05 17:46:11",441
"2018-10-05 18:46:09",437
"2018-10-05 19:46:06",436
"2018-10-05 20:46:04",436
"2018-10-05 21:46:03",436
"2018-10-05 22:46:04",436
"2018-10-05 23:46:03",436
"2018-10-06 00:46:05",436
"2018-10-06 01:46:05",436
"2018-10-06 02:46:06",436
"2018-10-06 03:46:05",436
"2018-10-06 04:46:04",436
"2018-10-06 05:46:04",436
"2018-10-06 06:46:05",436
"2018-10-06 07:46:05",436
"2018-10-06 08:46:03",436
"2018-10-06 09:46:04",436
"2018-10-06 10:46:05",436
"2018-10-06 11:46:03",436
"2018-10-06 12:46:04",436
"2018-10-06 13:46:03",436
"2018-10-06 14:46:05",436
"2018-10-06 15:46:05",436
"2018-10-06 16:46:04",436
"2018-10-06 17:46:04",436
"2018-10-06 18:46:04",436
"2018-10-06 19:46:06",436
"2018-10-06 20:46:04",436
"2018-10-06 21:46:35",436
"2018-10-06 22:46:04",436
"2018-10-06 23:46:04",436
"2018-10-07 00:46:03",436
"2018-10-07 01:46:04",436
"2018-10-07 02:46:05",436
"2018-10-07 03:46:04",436
"2018-10-07 04:46:04",436
"2018-10-07 05:46:05",436
"2018-10-07 06:46:05",436
"2018-10-07 07:46:06",436
"2018-10-07 08:46:03",436
"2018-10-07 09:46:03",436
"2018-10-07 10:46:04",436
"2018-10-07 11:46:03",436
"2018-10-07 12:46:04",436
"2018-10-07 13:46:05",436
"2018-10-07 14:46:06",436
"2018-10-07 15:46:05",436
"2018-10-07 16:46:05",436
"2018-10-07 17:46:05",436
"2018-10-07 18:46:05",436
"2018-10-07 19:46:05",436
"2018-10-07 20:46:05",436
"2018-10-07 21:46:04",436
"2018-10-07 22:46:05",436
"2018-10-07 23:46:04",436
"2018-10-08 00:46:03",436
"2018-10-08 01:46:03",436
"2018-10-08 02:46:06",436
"2018-10-08 03:46:03",436
"2018-10-08 04:46:03",436
"2018-10-08 05:46:03",436
"2018-10-08 06:46:05",436
"2018-10-08 07:46:02",436
"2018-10-08 08:46:02",436
"2018-10-08 09:46:02",436
"2018-10-08 10:46:03",436
"2018-10-08 11:46:02",436
"2018-10-08 12:46:03",436
"2018-10-08 13:46:18",436
"2018-10-08 14:46:10",433
"2018-10-08 15:46:38",428
"2018-10-08 16:46:08",426
"2018-10-08 17:46:07",425
"2018-10-08 18:46:07",426
"2018-10-08 19:46:08",428
"2018-10-08 20:46:03",426
"2018-10-08 21:46:04",426
"2018-10-08 22:46:01",426
"2018-10-08 23:46:06",426
"2018-10-09 00:46:03",426
"2018-10-09 01:46:34",426
"2018-10-09 02:46:03",426
"2018-10-09 03:46:07",426
"2018-10-09 04:46:02",426
"2018-10-09 05:46:02",426
"2018-10-09 06:46:02",426
"2018-10-09 07:46:02",426
"2018-10-09 08:46:01",426
"2018-10-09 09:46:01",426
"2018-10-09 10:46:02",426
"2018-10-09 11:46:03",426
"2018-10-09 12:46:02",426
"2018-10-09 13:46:13",426
"2018-10-09 14:46:09",427
"2018-10-09 15:46:07",428
"2018-10-09 16:46:03",430
"2018-10-09 17:46:04",432
"2018-10-09 18:46:03",431
"2018-10-09 19:46:02",430
"2018-10-09 21:46:01",429
"2018-10-09 22:46:03",429
"2018-10-09 23:46:02",429
"2018-10-10 00:46:02",429
"2018-10-10 01:46:02",429
"2018-10-10 02:46:03",429
"2018-10-10 03:46:12",429
"2018-10-10 04:46:03",429
"2018-10-10 05:46:03",429
"2018-10-10 06:46:02",429
"2018-10-10 07:46:03",429
"2018-10-10 08:46:04",429
"2018-10-10 09:46:02",429
"2018-10-10 10:46:03",429
"2018-10-10 11:46:02",429
"2018-10-10 12:46:02",429
"2018-10-10 13:46:11",429
"2018-10-10 14:46:08",429
"2018-10-10 15:46:10",422
"2018-10-10 16:46:04",420
"2018-10-10 17:46:04",419
"2018-10-10 18:46:11",420
"2018-10-10 19:46:12",420
"2018-10-10 20:46:06",421
"2018-10-10 21:46:03",421
"2018-10-10 22:46:04",421
"2018-10-10 23:46:04",421
"2018-10-11 00:46:06",421
"2018-10-11 01:46:03",421
"2018-10-11 02:46:02",421
"2018-10-11 03:46:02",421
"2018-10-11 04:46:01",421
"2018-10-11 05:46:01",421
"2018-10-11 06:46:02",421
"2018-10-11 07:46:00",421
"2018-10-11 08:46:03",421
"2018-10-11 09:46:03",421
"2018-10-11 10:46:04",421
"2018-10-11 11:46:02",421
"2018-10-11 12:46:02",421
"2018-10-11 13:46:12",421
"2018-10-11 14:46:03",419
"2018-10-11 15:46:05",419
"2018-10-11 16:46:07",418
"2018-10-11 17:46:05",418
"2018-10-11 18:46:11",418
"2018-10-11 19:46:07",418
"2018-10-11 20:46:04",418
"2018-10-11 21:46:04",418
"2018-10-11 22:46:02",418
"2018-10-11 23:46:05",418
"2018-10-12 00:46:02",418
"2018-10-12 01:46:02",418
"2018-10-12 02:46:05",418
"2018-10-12 03:46:02",418
"2018-10-12 04:46:03",418
"2018-10-12 05:46:01",418
"2018-10-12 06:46:01",418
"2018-10-12 07:46:02",418
"2018-10-12 08:46:01",418
"2018-10-12 09:46:03",418
"2018-10-12 10:46:02",418
"2018-10-12 11:46:03",418
"2018-10-12 12:46:04",418
"2018-10-12 13:46:13",418
"2018-10-12 14:46:05",420
"2018-10-12 15:46:07",420
"2018-10-12 16:46:08",419
"2018-10-12 17:46:03",419
"2018-10-12 18:46:02",418
"2018-10-12 19:46:05",418
"2018-10-12 20:46:02",419
"2018-10-12 21:46:02",419
"2018-10-12 22:46:02",419
"2018-10-12 23:46:02",419
"2018-10-13 00:46:02",419
"2018-10-13 01:46:04",419
"2018-10-13 02:46:04",419
"2018-10-13 03:46:04",419
"2018-10-13 04:46:04",419
"2018-10-13 05:46:01",419
"2018-10-13 06:46:02",419
"2018-10-13 07:46:04",419
"2018-10-13 08:46:04",419
"2018-10-13 09:46:03",419
"2018-10-13 10:46:02",419
"2018-10-13 11:46:01",419
"2018-10-13 12:46:03",419
"2018-10-13 13:46:02",419
"2018-10-13 14:46:03",419
"2018-10-13 15:46:02",419
"2018-10-13 16:46:02",419
"2018-10-13 17:46:02",419
"2018-10-13 18:46:02",419
"2018-10-13 19:46:03",419
"2018-10-13 20:46:04",419
"2018-10-13 21:46:03",419
"2018-10-13 22:46:06",419
"2018-10-13 23:46:03",419
"2018-10-14 00:46:06",419
"2018-10-14 01:46:03",419
"2018-10-14 02:46:03",419
"2018-10-14 03:46:03",419
"2018-10-14 04:46:04",419
"2018-10-14 05:46:01",419
"2018-10-14 06:46:02",419
"2018-10-14 07:46:02",419
"2018-10-14 08:46:01",419
"2018-10-14 09:46:02",419
"2018-10-14 10:46:02",419
"2018-10-14 11:46:02",419
"2018-10-14 12:46:03",419
"2018-10-14 13:46:01",419
"2018-10-14 14:46:02",419
"2018-10-14 15:46:03",419
"2018-10-14 16:46:01",419
"2018-10-14 17:46:02",419
"2018-10-14 18:46:03",419
"2018-10-14 19:46:02",419
"2018-10-14 20:46:02",419
"2018-10-14 21:46:03",419
"2018-10-14 22:46:02",419
"2018-10-14 23:46:02",419
"2018-10-15 00:46:05",419
"2018-10-15 01:46:02",419
"2018-10-15 02:46:02",419
"2018-10-15 03:46:03",419
"2018-10-15 04:46:02",419
"2018-10-15 05:46:03",419
"2018-10-15 06:46:05",419
"2018-10-15 07:46:03",419
"2018-10-15 08:46:15",419
"2018-10-15 09:46:02",419
"2018-10-15 10:46:02",419
"2018-10-15 11:46:01",419
"2018-10-15 12:46:01",419
"2018-10-15 13:46:10",419
"2018-10-15 14:46:06",417
"2018-10-15 15:46:06",419
"2018-10-15 16:46:07",419
"2018-10-15 17:46:07",419
"2018-10-15 18:46:04",421
"2018-10-15 19:46:07",423
"2018-10-15 20:46:07",423
"2018-10-15 21:46:07",423
"2018-10-15 22:46:03",423
"2018-10-15 23:46:05",423
"2018-10-16 00:46:07",423
"2018-10-16 01:46:08",423
"2018-10-16 02:46:05",423
"2018-10-16 03:46:04",423
"2018-10-16 04:46:05",423
"2018-10-16 09:46:02",423
"2018-10-16 10:46:03",423
"2018-10-16 11:46:01",423
"2018-10-16 12:46:02",423
"2018-10-16 13:46:12",423
"2018-10-16 14:46:07",423
"2018-10-16 15:46:10",423
"2018-10-16 16:46:04",424
"2018-10-16 17:46:10",426
"2018-10-16 18:46:09",427
"2018-10-16 19:46:10",424
"2018-10-16 20:46:05",423
"2018-10-16 21:46:04",423
"2018-10-16 22:46:05",423
"2018-10-16 23:46:05",423
"2018-10-17 00:46:04",423
"2018-10-17 01:46:05",423
"2018-10-17 02:46:05",423
"2018-10-17 03:46:04",423
"2018-10-17 04:46:04",423
"2018-10-17 05:46:04",423
"2018-10-17 06:46:04",423
"2018-10-17 07:46:04",423
"2018-10-17 08:46:03",423
"2018-10-17 09:46:04",423
"2018-10-17 10:46:02",423
"2018-10-17 11:46:03",423
"2018-10-17 12:46:03",423
"2018-10-17 14:12:10",424
"2018-10-17 14:46:05",424
"2018-10-17 15:46:09",425
"2018-10-17 16:46:06",428
"2018-10-17 17:46:08",429
"2018-10-17 18:46:07",429
"2018-10-17 19:46:06",431
"2018-10-17 20:46:06",431
"2018-10-17 21:46:05",431
"2018-10-17 22:46:04",431
"2018-10-17 23:46:03",431
"2018-10-18 00:46:06",431
"2018-10-18 01:46:05",431
"2018-10-18 02:46:05",431
"2018-10-18 03:46:06",431
"2018-10-18 04:46:01",431
"2018-10-18 05:46:02",431
"2018-10-18 06:46:01",431
"2018-10-18 07:46:02",431
"2018-10-18 08:46:01",431
"2018-10-18 09:46:01",431
"2018-10-18 10:46:02",431
"2018-10-18 11:46:00",431
"2018-10-18 13:11:05",431
"2018-10-18 13:46:09",431
"2018-10-18 14:46:09",439
"2018-10-18 15:46:10",439
"2018-10-18 16:46:05",439
"2018-10-18 17:46:05",439
"2018-10-18 18:46:04",439
"2018-10-18 19:46:04",438
"2018-10-18 20:46:05",436
"2018-10-18 21:46:05",436
"2018-10-18 22:46:03",436
"2018-10-18 23:46:03",436
"2018-10-19 00:46:05",436
"2018-10-19 01:46:06",436
"2018-10-19 02:46:04",436
"2018-10-19 03:46:05",436
"2018-10-19 04:46:04",436
"2018-10-19 05:46:02",436
"2018-10-19 06:46:04",436
"2018-10-19 07:46:05",436
"2018-10-19 08:46:02",436
"2018-10-19 09:46:03",436
"2018-10-19 10:46:02",436
"2018-10-19 11:46:03",436
"2018-10-19 13:10:39",436
"2018-10-19 13:46:11",436
"2018-10-19 14:46:06",438
"2018-10-19 15:46:06",435
"2018-10-19 16:46:05",432
"2018-10-19 17:46:04",429
"2018-10-19 18:46:05",429
"2018-10-19 19:46:06",429
"2018-10-19 20:46:05",429
"2018-10-19 21:46:03",429
"2018-10-19 22:46:03",429
"2018-10-19 23:46:33",429
"2018-10-20 00:46:03",429
"2018-10-20 01:46:05",429
"2018-10-20 02:46:02",429
"2018-10-20 03:46:02",429
"2018-10-20 04:46:03",429
"2018-10-20 05:46:05",429
"2018-10-20 06:46:04",429
"2018-10-20 07:46:02",429
"2018-10-20 08:46:03",429
"2018-10-20 09:46:02",429
"2018-10-20 10:46:04",429
"2018-10-20 11:46:03",429
"2018-10-20 12:46:03",429
"2018-10-20 13:46:05",429
"2018-10-20 14:46:07",429
"2018-10-20 15:46:05",429
"2018-10-20 16:46:04",429
"2018-10-20 17:46:04",429
"2018-10-20 18:46:03",429
"2018-10-20 19:46:04",429
"2018-10-20 20:46:05",429
"2018-10-20 21:46:06",429
"2018-10-20 22:46:04",429
"2018-10-20 23:46:04",429
"2018-10-21 00:46:04",429
"2018-10-21 01:46:05",429
"2018-10-21 02:46:03",429
"2018-10-21 03:46:05",429
"2018-10-21 04:46:03",429
"2018-10-21 05:46:04",429
"2018-10-21 06:46:02",429
"2018-10-21 07:46:08",429
"2018-10-21 08:46:03",429
"2018-10-21 09:46:02",429
"2018-10-21 10:46:01",429
"2018-10-21 11:46:02",429
"2018-10-21 12:46:02",429
"2018-10-21 13:46:10",429
"2018-10-21 14:46:06",429
"2018-10-21 15:46:05",429
"2018-10-21 16:46:03",429
"2018-10-21 17:46:04",429
"2018-10-21 18:46:05",429
"2018-10-21 19:46:03",429
"2018-10-21 20:46:03",429
"2018-10-21 21:46:03",429
"2018-10-21 22:46:05",429
"2018-10-21 23:46:04",429
"2018-10-22 00:46:08",429
"2018-10-22 01:46:09",429
"2018-10-22 02:46:07",429
"2018-10-22 03:46:08",429
"2018-10-22 04:46:08",429
"2018-10-22 05:46:05",429
"2018-10-22 06:46:04",429
"2018-10-22 07:46:09",429
"2018-10-22 08:46:03",429
"2018-10-22 09:46:04",429
"2018-10-22 10:46:06",429
"2018-10-22 11:46:05",429
"2018-10-22 12:46:06",429
"2018-10-22 13:46:10",429
"2018-10-22 14:46:10",427
"2018-10-22 15:46:07",427
"2018-10-22 16:46:05",428
"2018-10-22 17:46:06",428
"2018-10-22 18:46:03",429
"2018-10-22 19:46:06",429
"2018-10-22 20:46:05",429
"2018-10-22 21:46:05",429
"2018-10-22 22:46:05",429
"2018-10-22 23:46:05",429
"2018-10-23 00:46:07",429
"2018-10-23 01:46:05",429
"2018-10-23 02:46:05",429
"2018-10-23 03:46:04",429
"2018-10-23 04:46:03",429
"2018-10-23 05:46:03",429
"2018-10-23 06:46:03",429
"2018-10-23 07:46:06",429
"2018-10-23 08:46:02",429
"2018-10-23 09:46:03",429
"2018-10-23 10:46:03",429
"2018-10-23 11:46:03",429
"2018-10-23 12:46:02",429
"2018-10-23 13:46:10",429
"2018-10-23 14:46:06",430
"2018-10-23 15:46:04",430
"2018-10-23 16:46:05",431
"2018-10-23 17:46:04",433
"2018-10-23 18:46:05",433
"2018-10-23 19:46:05",432
"2018-10-23 20:46:04",432
"2018-10-23 21:46:06",432
"2018-10-23 22:46:04",432
"2018-10-23 23:46:04",432
"2018-10-24 00:46:04",432
"2018-10-24 01:46:05",432
"2018-10-24 02:46:06",432
"2018-10-24 03:46:05",432
"2018-10-24 04:46:06",432
"2018-10-24 05:46:06",432
"2018-10-24 06:46:08",432
"2018-10-24 07:46:06",432
"2018-10-24 08:46:04",432
"2018-10-24 09:46:03",432
"2018-10-24 10:46:03",432
"2018-10-24 11:46:03",432
"2018-10-24 12:46:02",432
"2018-10-24 13:46:08",432
"2018-10-24 14:46:08",431
"2018-10-24 15:46:07",431
"2018-10-24 16:46:05",432
"2018-10-24 17:46:04",433
"2018-10-24 18:46:05",433
"2018-10-24 19:46:06",434
"2018-10-24 20:46:09",436
"2018-10-24 21:46:06",436
"2018-10-24 22:46:04",436
"2018-10-24 23:46:02",436
"2018-10-25 00:46:04",436
"2018-10-25 01:46:04",436
"2018-10-25 02:46:05",436
"2018-10-25 03:46:03",436
"2018-10-25 04:46:04",436
"2018-10-25 05:46:05",436
"2018-10-25 06:46:05",436
"2018-10-25 07:46:05",436
"2018-10-25 08:46:06",436
"2018-10-25 09:46:04",436
"2018-10-25 10:46:04",436
"2018-10-25 11:46:06",436
"2018-10-25 14:12:17",429
"2018-10-25 14:46:09",429
"2018-10-25 15:46:09",428
"2018-10-25 16:46:05",428
"2018-10-25 17:46:07",426
"2018-10-25 18:46:09",426
"2018-10-25 19:46:05",426
"2018-10-25 20:46:05",426
"2018-10-25 21:46:06",426
"2018-10-25 22:46:05",426
"2018-10-25 23:46:07",426
"2018-10-26 00:46:05",426
"2018-10-26 01:46:05",426
"2018-10-26 02:46:07",426
"2018-10-26 03:46:09",426
"2018-10-26 04:46:08",426
"2018-10-26 05:46:03",426
"2018-10-26 06:46:03",426
"2018-10-26 07:46:03",426
"2018-10-26 08:46:03",426
"2018-10-26 09:46:04",426
"2018-10-26 10:46:03",426
"2018-10-26 11:46:03",426
"2018-10-26 12:46:03",426
"2018-10-26 13:46:05",426
"2018-10-26 14:46:06",427
"2018-10-26 15:46:05",428
"2018-10-26 16:46:05",429
"2018-10-26 17:46:04",428
"2018-10-26 18:46:03",429
"2018-10-26 19:46:03",428
"2018-10-26 20:46:04",427
"2018-10-26 21:46:03",427
"2018-10-26 22:46:03",427
"2018-10-26 23:46:02",427
"2018-10-27 00:46:03",427
"2018-10-27 01:46:03",427
"2018-10-27 02:46:02",427
"2018-10-27 03:46:02",427
"2018-10-27 04:46:02",427
"2018-10-27 05:46:02",427
"2018-10-27 06:46:03",427
"2018-10-27 07:46:04",427
"2018-10-27 08:46:04",427
"2018-10-27 09:46:03",427
"2018-10-27 10:46:03",427
"2018-10-27 11:46:03",427
"2018-10-27 12:46:03",427
"2018-10-27 13:46:02",427
"2018-10-27 14:46:03",427
"2018-10-27 15:46:04",427
"2018-10-27 16:46:03",427
"2018-10-27 17:46:03",427
"2018-10-27 18:46:03",427
"2018-10-27 19:46:03",427
"2018-10-27 20:46:02",427
"2018-10-27 21:46:02",427
"2018-10-27 22:46:02",427
"2018-10-27 23:46:02",427
"2018-10-28 00:46:02",427
"2018-10-28 01:46:03",427
"2018-10-28 02:46:02",427
"2018-10-28 03:46:03",427
"2018-10-28 04:46:02",427
"2018-10-28 05:46:03",427
"2018-10-28 06:46:03",427
"2018-10-28 07:46:01",427
"2018-10-28 08:46:02",427
"2018-10-28 09:46:04",427
"2018-10-28 10:46:02",427
"2018-10-28 11:46:01",427
"2018-10-28 12:46:01",427
"2018-10-28 13:46:03",427
"2018-10-28 14:46:02",427
"2018-10-28 15:46:01",427
"2018-10-28 16:46:03",427
"2018-10-28 17:46:02",427
"2018-10-28 18:46:02",427
"2018-10-28 19:46:01",427
"2018-10-28 20:46:02",427
"2018-10-28 21:46:02",427
"2018-10-28 22:46:02",427
"2018-10-28 23:46:01",427
"2018-10-29 00:46:02",427
"2018-10-29 01:46:03",427
"2018-10-29 02:46:03",427
"2018-10-29 03:46:01",427
"2018-10-29 04:46:04",427
"2018-10-29 05:46:02",427
"2018-10-29 06:46:03",427
"2018-10-29 07:46:01",427
"2018-10-29 08:46:03",427
"2018-10-29 09:46:03",427
"2018-10-29 10:46:02",427
"2018-10-29 11:46:02",427
"2018-10-29 12:46:02",427
"2018-10-29 13:46:09",426
"2018-10-29 14:46:08",429
"2018-10-29 15:46:03",429
"2018-10-29 16:46:06",429
"2018-10-29 17:46:05",428
"2018-10-29 18:46:05",427
"2018-10-29 19:46:07",427
"2018-10-29 20:46:04",425
"2018-10-29 21:46:03",425
"2018-10-29 22:46:04",425
"2018-10-29 23:46:03",425
"2018-10-30 00:46:03",425
"2018-10-30 01:46:02",425
"2018-10-30 02:46:04",425
"2018-10-30 03:46:03",425
"2018-10-30 04:46:04",425
"2018-10-30 05:46:02",425
"2018-10-30 06:46:02",425
"2018-10-30 07:46:01",425
"2018-10-30 08:46:02",425
"2018-10-30 09:46:02",425
"2018-10-30 10:46:03",425
"2018-10-30 11:46:03",425
"2018-10-30 12:46:02",425
"2018-10-30 13:46:10",425
"2018-10-30 14:46:10",424
"2018-10-30 15:46:09",425
"2018-10-30 16:46:06",425
"2018-10-30 17:46:03",426
"2018-10-30 18:46:05",426
"2018-10-30 19:46:04",425
"2018-10-30 20:46:04",427
"2018-10-30 21:46:04",426
"2018-10-30 22:46:04",426
"2018-10-30 23:46:03",426
"2018-10-31 00:46:04",426
"2018-10-31 01:46:06",426
"2018-10-31 02:46:05",426
"2018-10-31 03:46:03",426
"2018-10-31 04:46:04",426
"2018-10-31 05:46:04",426
"2018-10-31 06:46:03",426
"2018-10-31 07:46:02",426
"2018-10-31 08:46:04",426
"2018-10-31 09:46:03",426
"2018-10-31 10:46:03",426
"2018-10-31 11:46:04",426
"2018-10-31 12:46:05",426
"2018-10-31 14:12:40",423
"2018-10-31 14:46:06",423
"2018-10-31 15:46:05",424
"2018-10-31 16:46:06",424
"2018-10-31 17:46:03",424
"2018-10-31 18:46:05",424
"2018-10-31 19:46:04",425
"2018-10-31 20:46:03",424
"2018-10-31 21:46:03",424
"2018-10-31 22:46:03",424
"2018-10-31 23:46:04",424
"2018-11-01 00:46:04",424
"2018-11-01 01:46:03",424
"2018-11-01 02:46:03",424
"2018-11-01 03:46:03",424
"2018-11-01 04:46:04",424
"2018-11-01 05:46:03",424
"2018-11-01 06:46:04",424
"2018-11-01 07:46:03",424
"2018-11-01 08:46:04",424
"2018-11-01 09:46:05",424
"2018-11-01 10:46:05",424
"2018-11-01 11:46:03",424
"2018-11-01 12:46:04",424
"2018-11-01 13:46:06",424
"2018-11-01 14:46:10",423
"2018-11-01 15:46:09",423
"2018-11-01 16:46:08",423
"2018-11-01 17:46:05",421
"2018-11-01 18:46:10",421
"2018-11-01 19:46:11",419
"2018-11-01 20:46:11",416
"2018-11-01 21:46:06",416
"2018-11-01 22:46:06",416
"2018-11-01 23:46:05",416
"2018-11-02 00:46:04",416
"2018-11-02 01:46:04",416
"2018-11-02 02:46:05",416
"2018-11-02 03:46:08",416
"2018-11-02 04:46:05",416
"2018-11-02 05:46:04",416
"2018-11-02 06:46:03",416
"2018-11-02 07:46:04",416
"2018-11-02 08:46:04",416
"2018-11-02 09:46:05",416
"2018-11-02 10:46:03",416
"2018-11-02 11:46:02",416
"2018-11-02 12:46:04",416
"2018-11-02 14:10:42",415
"2018-11-02 14:46:09",415
"2018-11-02 15:46:08",414
"2018-11-02 16:46:08",414
"2018-11-02 17:46:11",414
"2018-11-02 18:46:05",413
"2018-11-02 19:46:06",413
"2018-11-02 20:46:07",413
"2018-11-02 21:46:05",413
"2018-11-02 22:46:05",413
"2018-11-02 23:46:05",413
"2018-11-03 00:46:07",413
"2018-11-03 01:46:05",413
"2018-11-03 02:46:08",413
"2018-11-03 03:46:05",413
"2018-11-03 04:46:04",413
"2018-11-03 05:46:05",413
"2018-11-03 06:46:03",413
"2018-11-03 07:46:03",413
"2018-11-03 08:46:05",413
"2018-11-03 09:46:05",413
"2018-11-03 10:46:03",413
"2018-11-03 11:46:05",413
"2018-11-03 12:46:04",413
"2018-11-03 13:46:03",413
"2018-11-03 14:46:05",413
"2018-11-03 15:46:04",413
"2018-11-03 16:46:04",413
"2018-11-03 17:46:14",413
"2018-11-03 18:46:11",413
"2018-11-03 19:46:05",413
"2018-11-03 20:46:29",413
"2018-11-03 21:47:07",413
"2018-11-03 22:46:04",413
"2018-11-03 23:46:05",413
"2018-11-04 00:46:06",413
"2018-11-04 01:46:05",413
"2018-11-04 02:46:05",413
"2018-11-04 03:46:05",413
"2018-11-04 04:46:07",413
"2018-11-04 05:46:04",413
"2018-11-04 06:46:05",413
"2018-11-04 07:46:04",413
"2018-11-04 08:46:06",413
"2018-11-04 09:46:03",413
"2018-11-04 10:46:03",413
"2018-11-04 11:46:04",413
"2018-11-04 12:46:04",413
"2018-11-04 13:46:04",413
"2018-11-04 14:46:04",413
"2018-11-04 15:46:04",413
"2018-11-04 16:46:04",413
"2018-11-04 17:46:05",413
"2018-11-04 18:46:05",413
"2018-11-04 19:46:05",413
"2018-11-04 20:46:04",413
"2018-11-04 21:46:04",413
"2018-11-04 22:46:06",413
"2018-11-04 23:46:05",413
"2018-11-05 00:46:04",413
"2018-11-05 01:46:05",413
"2018-11-05 02:46:04",413
"2018-11-05 03:46:52",413
"2018-11-05 04:46:07",413
"2018-11-05 05:46:07",413
"2018-11-05 06:46:03",413
"2018-11-05 07:46:07",413
"2018-11-05 08:46:04",413
"2018-11-05 09:46:04",413
"2018-11-05 10:46:04",413
"2018-11-05 11:46:03",413
"2018-11-05 12:46:03",413
"2018-11-05 13:46:04",413
"2018-11-05 14:46:14",413
"2018-11-05 15:46:07",414
"2018-11-05 16:46:13",413
"2018-11-05 17:46:05",413
"2018-11-05 18:46:03",412
"2018-11-05 19:46:05",412
"2018-11-05 20:46:07",412
"2018-11-05 21:46:08",412
"2018-11-05 22:46:08",413
"2018-11-05 23:46:04",413
"2018-11-06 00:46:03",413
"2018-11-06 01:46:04",413
"2018-11-06 02:46:04",413
"2018-11-06 03:46:06",413
"2018-11-06 04:46:05",413
"2018-11-06 05:46:05",413
"2018-11-06 06:46:05",413
"2018-11-06 07:46:06",413
"2018-11-06 08:46:05",413
"2018-11-06 09:46:05",413
"2018-11-06 10:46:07",413
"2018-11-06 11:46:05",413
"2018-11-06 12:46:05",413
"2018-11-06 13:46:06",413
"2018-11-06 14:46:13",413
"2018-11-06 15:46:16",416
"2018-11-06 16:46:10",413
"2018-11-06 17:46:18",411
"2018-11-06 18:46:10",411
"2018-11-06 19:46:06",411
"2018-11-06 20:46:09",411
"2018-11-06 21:46:06",413
"2018-11-06 22:46:08",413
"2018-11-06 23:46:06",413
"2018-11-07 00:46:08",413
"2018-11-07 01:46:05",413
"2018-11-07 02:46:07",413
"2018-11-07 03:46:06",413
"2018-11-07 04:46:05",413
"2018-11-07 05:46:06",413
"2018-11-07 06:46:05",413
"2018-11-07 07:46:06",413
"2018-11-07 08:46:05",413
"2018-11-07 09:46:04",413
"2018-11-07 10:46:05",413
"2018-11-07 11:46:06",413
"2018-11-07 12:46:06",413
"2018-11-07 13:46:05",413
"2018-11-07 14:46:14",413
"2018-11-07 15:46:08",412
"2018-11-07 16:46:06",411
"2018-11-07 17:46:12",411
"2018-11-07 18:46:11",412
"2018-11-07 19:46:11",412
"2018-11-07 20:46:10",413
"2018-11-07 21:46:06",413
"2018-11-07 22:46:07",413
"2018-11-07 23:46:06",413
"2018-11-08 00:46:05",413
"2018-11-08 01:46:07",413
"2018-11-08 02:46:06",413
"2018-11-08 03:46:06",413
"2018-11-08 04:46:06",413
"2018-11-08 05:46:06",413
"2018-11-08 06:46:19",413
"2018-11-08 07:46:06",413
"2018-11-08 08:46:06",413
"2018-11-08 09:46:05",413
"2018-11-08 10:46:05",413
"2018-11-08 11:46:05",413
"2018-11-08 12:46:06",413
"2018-11-08 13:46:05",413
"2018-11-08 14:46:12",413
"2018-11-08 15:46:11",414
"2018-11-08 16:46:10",413
"2018-11-08 17:46:07",414
"2018-11-08 18:46:05",415
"2018-11-08 19:46:07",416
"2018-11-08 20:46:12",415
"2018-11-08 21:46:09",415
"2018-11-08 22:46:06",415
"2018-11-08 23:46:05",415
"2018-11-09 00:46:07",415
"2018-11-09 01:46:06",415
"2018-11-09 02:46:07",415
"2018-11-09 03:46:07",415
"2018-11-09 04:46:08",415
"2018-11-09 05:46:08",415
"2018-11-09 06:46:05",415
"2018-11-09 07:46:06",415
"2018-11-09 08:46:06",415
"2018-11-09 09:46:06",415
"2018-11-09 10:46:05",415
"2018-11-09 11:46:05",415
"2018-11-09 12:46:06",415
"2018-11-09 13:46:04",415
"2018-11-09 15:10:11",412
"2018-11-09 15:46:09",412
"2018-11-09 16:46:09",411
"2018-11-09 17:46:08",413
"2018-11-09 18:46:07",413
"2018-11-09 19:46:38",413
"2018-11-09 20:46:10",413
"2018-11-09 21:46:08",413
"2018-11-09 22:46:08",413
"2018-11-09 23:46:06",412
"2018-11-10 00:46:06",412
"2018-11-10 01:46:07",412
"2018-11-10 02:46:06",412
"2018-11-10 03:46:06",412
"2018-11-10 04:46:06",412
"2018-11-10 05:46:05",412
"2018-11-10 06:46:05",412
"2018-11-10 07:46:05",412
"2018-11-10 08:46:06",412
"2018-11-10 09:46:06",412
"2018-11-10 10:46:04",412
"2018-11-10 11:46:06",412
"2018-11-10 12:46:04",412
"2018-11-10 13:46:05",412
"2018-11-10 14:46:06",412
"2018-11-10 15:46:10",412
"2018-11-10 16:46:07",412
"2018-11-10 17:46:07",412
"2018-11-10 18:46:10",412
"2018-11-10 19:46:09",412
"2018-11-10 20:46:06",412
"2018-11-10 21:46:07",412
"2018-11-10 22:46:08",412
"2018-11-10 23:46:07",412
"2018-11-11 00:46:07",412
"2018-11-11 01:46:07",412
"2018-11-11 02:46:05",412
"2018-11-11 03:46:08",412
"2018-11-11 04:46:06",412
"2018-11-11 05:46:07",412
"2018-11-11 06:46:05",412
"2018-11-11 07:46:07",412
"2018-11-11 08:46:05",412
"2018-11-11 09:46:08",412
"2018-11-11 10:46:07",412
"2018-11-11 11:46:05",412
"2018-11-11 12:46:07",412
"2018-11-11 13:46:05",412
"2018-11-11 14:46:07",412
"2018-11-11 15:46:07",412
"2018-11-11 16:46:06",412
"2018-11-11 17:46:07",412
"2018-11-11 18:46:06",412
"2018-11-11 19:46:05",412
"2018-11-11 20:46:07",412
"2018-11-11 21:46:05",412
"2018-11-11 22:46:07",412
"2018-11-11 23:46:05",412
"2018-11-12 00:46:08",412
"2018-11-12 01:46:04",412
"2018-11-12 02:46:07",412
"2018-11-12 03:46:07",412
"2018-11-12 04:46:07",412
"2018-11-12 05:46:07",412
"2018-11-12 06:46:08",412
"2018-11-12 07:46:06",412
"2018-11-12 08:46:07",412
"2018-11-12 09:46:06",412
"2018-11-12 10:46:07",412
"2018-11-12 11:46:08",412
"2018-11-12 12:46:05",412
"2018-11-12 13:46:06",412
"2018-11-12 14:46:10",412
"2018-11-12 15:46:08",418
"2018-11-12 16:46:09",416
"2018-11-12 17:46:05",415
"2018-11-12 18:46:06",415
"2018-11-12 19:46:09",415
"2018-11-12 20:46:07",415
"2018-11-12 21:46:06",416
"2018-11-12 22:46:51",416
"2018-11-12 23:46:05",417
"2018-11-13 00:46:08",417
"2018-11-13 01:46:06",417
"2018-11-13 02:46:08",417
"2018-11-13 03:46:07",417
"2018-11-13 04:46:06",417
"2018-11-13 05:46:06",417
"2018-11-13 06:46:06",417
"2018-11-13 07:46:07",417
"2018-11-13 08:46:09",417
"2018-11-13 09:46:07",417
"2018-11-13 10:46:08",417
"2018-11-13 11:46:07",417
"2018-11-13 12:46:06",417
"2018-11-13 13:46:05",417
"2018-11-13 14:46:12",417
"2018-11-13 15:46:08",415
"2018-11-13 16:46:07",414
"2018-11-13 17:46:07",414
"2018-11-13 18:46:05",413
"2018-11-13 19:46:06",411
"2018-11-13 20:46:06",410
"2018-11-13 21:46:06",410
"2018-11-13 22:46:06",410
"2018-11-13 23:46:06",410
"2018-11-14 00:46:06",410
"2018-11-14 01:46:06",410
"2018-11-14 02:46:05",410
"2018-11-14 03:46:06",410
"2018-11-14 04:46:05",410
"2018-11-14 05:46:07",410
"2018-11-14 06:46:06",410
"2018-11-14 07:46:06",410
"2018-11-14 08:46:06",410
"2018-11-14 09:46:07",410
"2018-11-14 10:46:06",410
"2018-11-14 11:46:08",410
"2018-11-14 12:46:06",410
"2018-11-14 13:46:06",410
"2018-11-14 14:46:10",410
"2018-11-14 15:46:10",412
"2018-11-14 16:46:11",412
"2018-11-14 17:46:09",411
"2018-11-14 18:46:13",412
"2018-11-14 19:46:09",412
"2018-11-14 20:46:09",412
"2018-11-14 21:46:11",413
"2018-11-14 22:46:10",413
"2018-11-14 23:46:08",413
"2018-11-15 00:46:07",413
"2018-11-15 01:46:07",413
"2018-11-15 02:46:07",413
"2018-11-15 03:46:06",413
"2018-11-15 04:46:07",413
"2018-11-15 05:46:07",413
"2018-11-15 06:46:06",413
"2018-11-15 07:46:04",413
"2018-11-15 08:46:06",413
"2018-11-15 09:46:06",413
"2018-11-15 10:46:06",413
"2018-11-15 11:46:06",413
"2018-11-15 12:46:06",413
"2018-11-15 13:46:07",413
"2018-11-15 14:46:10",414
"2018-11-15 15:46:09",411
"2018-11-15 16:46:07",410
"2018-11-15 17:46:13",409
"2018-11-15 18:46:07",409
"2018-11-15 19:46:05",409
"2018-11-15 20:46:11",408
"2018-11-15 21:46:13",411
"2018-11-15 22:46:10",411
"2018-11-15 23:46:07",411
"2018-11-16 00:46:06",411
"2018-11-16 01:46:06",411
"2018-11-16 02:46:06",411
"2018-11-16 03:46:06",411
"2018-11-16 04:46:06",411
"2018-11-16 05:46:05",411
"2018-11-16 06:46:07",411
"2018-11-16 07:46:07",411
"2018-11-16 08:46:06",411
"2018-11-16 09:46:06",411
"2018-11-16 10:46:06",411
"2018-11-16 11:46:05",411
"2018-11-16 12:46:05",411
"2018-11-16 13:46:06",411
"2018-11-16 14:46:12",411
"2018-11-16 15:46:08",409
"2018-11-16 16:46:08",408
"2018-11-16 17:46:07",407
"2018-11-16 18:46:06",407
"2018-11-16 19:46:06",407
"2018-11-16 20:46:19",407
"2018-11-16 21:46:09",407
"2018-11-16 22:46:10",407
"2018-11-16 23:46:08",407
"2018-11-17 00:46:09",407
"2018-11-17 01:46:06",407
"2018-11-17 02:46:05",407
"2018-11-17 03:46:10",407
"2018-11-17 04:46:06",407
"2018-11-17 05:46:08",407
"2018-11-17 06:46:08",407
"2018-11-17 07:46:05",407
"2018-11-17 08:46:06",407
"2018-11-17 09:46:06",407
"2018-11-17 10:46:07",407
"2018-11-17 11:46:06",407
"2018-11-17 12:46:07",407
"2018-11-17 13:46:07",407
"2018-11-17 14:46:10",407
"2018-11-17 15:46:08",407
"2018-11-17 16:46:05",407
"2018-11-17 17:46:09",407
"2018-11-17 18:46:06",407
"2018-11-17 19:46:06",407
"2018-11-17 20:46:06",407
"2018-11-17 21:46:06",407
"2018-11-17 22:46:05",407
"2018-11-17 23:46:06",407
"2018-11-18 00:46:05",407
"2018-11-18 01:46:06",407
"2018-11-18 02:46:06",407
"2018-11-18 03:46:08",407
"2018-11-18 04:46:05",407
"2018-11-18 05:46:05",407
"2018-11-18 06:46:07",407
"2018-11-18 07:46:06",407
"2018-11-18 08:46:05",407
"2018-11-18 09:46:06",407
"2018-11-18 10:46:05",407
"2018-11-18 11:46:06",407
"2018-11-18 12:46:05",407
"2018-11-18 13:46:05",407
"2018-11-18 14:46:06",407
"2018-11-18 15:46:06",407
"2018-11-18 16:46:06",407
"2018-11-18 17:46:06",407
"2018-11-18 18:46:06",407
"2018-11-18 19:46:05",407
"2018-11-18 20:46:06",407
"2018-11-18 21:46:06",407
"2018-11-18 22:46:06",407
"2018-11-18 23:46:07",407
"2018-11-19 00:46:06",407
"2018-11-19 01:46:06",407
"2018-11-19 02:46:06",407
"2018-11-19 03:46:06",407
"2018-11-19 04:46:06",407
"2018-11-19 05:46:05",407
"2018-11-19 06:46:06",407
"2018-11-19 07:46:06",407
"2018-11-19 08:46:05",407
"2018-11-19 09:46:05",407
"2018-11-19 10:46:07",407
"2018-11-19 12:46:07",407
"2018-11-19 13:46:06",407
"2018-11-19 14:46:10",407
"2018-11-19 15:46:06",408
"2018-11-19 16:46:12",406
"2018-11-19 17:46:10",406
"2018-11-19 18:46:09",402
"2018-11-19 19:46:08",402
"2018-11-19 20:46:08",402
"2018-11-19 21:46:07",402
"2018-11-19 22:46:08",402
"2018-11-19 23:46:07",402
"2018-11-20 00:46:07",402
"2018-11-20 01:46:07",402
"2018-11-20 02:46:08",402
"2018-11-20 03:46:08",402
"2018-11-20 04:46:06",402
"2018-11-20 05:46:06",402
"2018-11-20 06:46:07",402
"2018-11-20 07:46:06",402
"2018-11-20 08:46:07",402
"2018-11-20 09:46:07",402
"2018-11-20 10:46:06",402
"2018-11-20 11:46:05",402
"2018-11-20 12:46:06",402
"2018-11-20 13:46:09",402
"2018-11-20 14:46:12",402
"2018-11-20 15:46:14",402
"2018-11-20 16:46:07",401
"2018-11-20 17:46:07",399
"2018-11-20 18:46:12",399
"2018-11-20 19:46:08",399
"2018-11-20 20:46:09",399
"2018-11-20 21:46:13",399
"2018-11-20 22:46:07",399
"2018-11-20 23:46:06",399
"2018-11-21 00:46:04",399
"2018-11-21 01:46:05",399
"2018-11-21 02:46:05",399
"2018-11-21 03:46:06",399
"2018-11-21 04:46:06",399
"2018-11-21 05:46:08",399
"2018-11-21 06:46:08",399
"2018-11-21 07:46:08",399
"2018-11-21 08:46:07",399
"2018-11-21 09:46:06",399
"2018-11-21 10:46:05",399
"2018-11-21 11:46:05",399
"2018-11-21 12:46:05",399
"2018-11-21 13:46:04",399
"2018-11-21 14:46:10",399
"2018-11-21 16:46:11",400
"2018-11-21 17:46:12",400
"2018-11-21 18:46:06",400
"2018-11-21 19:46:08",400
"2018-11-21 20:46:09",400
"2018-11-21 21:46:07",400
"2018-11-21 22:46:08",400
"2018-11-21 23:46:05",400
"2018-11-22 00:46:05",400
"2018-11-22 01:46:06",400
"2018-11-22 02:46:07",400
"2018-11-22 03:46:06",400
"2018-11-22 04:46:08",400
"2018-11-22 05:46:05",400
"2018-11-22 06:46:06",400
"2018-11-22 07:46:06",400
"2018-11-22 08:46:05",400
"2018-11-22 09:46:05",400
"2018-11-22 10:46:06",400
"2018-11-22 11:46:07",400
"2018-11-22 12:46:06",400
"2018-11-22 13:46:06",400
"2018-11-22 14:46:05",400
"2018-11-22 15:46:06",400
"2018-11-22 16:46:04",400
"2018-11-22 17:46:07",400
"2018-11-22 18:46:05",400
"2018-11-22 19:46:05",400
"2018-11-22 20:46:06",400
"2018-11-22 21:46:06",400
"2018-11-22 22:46:06",400
"2018-11-22 23:46:05",400
"2018-11-23 00:46:05",400
"2018-11-23 01:46:05",400
"2018-11-23 02:46:05",400
"2018-11-23 03:46:07",400
"2018-11-23 04:46:06",400
"2018-11-23 05:46:06",400
"2018-11-23 06:46:06",400
"2018-11-23 07:46:06",400
"2018-11-23 08:46:06",400
"2018-11-23 09:46:06",400
"2018-11-23 10:46:06",400
"2018-11-23 11:46:08",400
"2018-11-23 12:46:06",400
"2018-11-23 13:46:05",400
"2018-11-23 14:46:07",400
"2018-11-23 15:46:07",400
"2018-11-23 16:46:05",402
"2018-11-23 17:46:05",402
"2018-11-23 18:46:05",402
"2018-11-23 19:46:06",402
"2018-11-23 20:46:06",402
"2018-11-23 21:46:08",402
"2018-11-23 22:46:06",402
"2018-11-23 23:46:07",402
"2018-11-24 00:46:05",402
"2018-11-24 01:46:07",402
"2018-11-24 02:46:09",402
"2018-11-24 03:46:07",402
"2018-11-24 04:46:08",402
"2018-11-24 05:46:08",402
"2018-11-24 06:46:07",402
"2018-11-24 07:46:06",402
"2018-11-24 08:46:07",402
"2018-11-24 09:46:06",402
"2018-11-24 10:46:05",402
"2018-11-24 11:46:07",402
"2018-11-24 12:46:06",402
"2018-11-24 13:46:05",402
"2018-11-24 14:46:07",402
"2018-11-24 15:46:07",402
"2018-11-24 16:46:06",402
"2018-11-24 17:46:07",402
"2018-11-24 18:46:06",402
"2018-11-24 19:46:05",402
"2018-11-24 20:46:07",402
"2018-11-24 21:46:06",402
"2018-11-24 22:46:06",402
"2018-11-24 23:46:07",402
"2018-11-25 00:46:07",402
"2018-11-25 01:46:06",402
"2018-11-25 02:46:06",402
"2018-11-25 03:46:06",402
"2018-11-25 04:46:07",402
"2018-11-25 05:46:06",402
"2018-11-25 06:46:06",402
"2018-11-25 07:46:06",402
"2018-11-25 08:46:05",402
"2018-11-25 09:46:06",402
"2018-11-25 10:46:06",402
"2018-11-25 11:46:07",402
"2018-11-25 12:46:05",402
"2018-11-25 13:46:06",402
"2018-11-25 14:46:07",402
"2018-11-25 15:46:06",402
"2018-11-25 16:46:07",402
"2018-11-25 17:46:07",402
"2018-11-25 18:46:07",402
"2018-11-25 19:46:08",402
"2018-11-25 20:46:06",402
"2018-11-25 21:46:06",402
"2018-11-25 22:46:06",402
"2018-11-25 23:46:06",402
"2018-11-26 00:46:05",402
"2018-11-26 01:46:07",402
"2018-11-26 02:46:08",402
"2018-11-26 03:46:06",402
"2018-11-26 04:46:06",402
"2018-11-26 05:46:06",402
"2018-11-26 06:46:05",402
"2018-11-26 07:46:05",402
"2018-11-26 08:46:05",402
"2018-11-26 09:46:06",402
"2018-11-26 10:46:06",402
"2018-11-26 11:46:06",402
"2018-11-26 12:46:06",402
"2018-11-26 13:46:06",402
"2018-11-26 14:46:13",402
"2018-11-26 15:46:07",401
"2018-11-26 16:46:07",399
"2018-11-26 17:46:07",400
"2018-11-26 18:46:07",399
"2018-11-26 19:46:06",399
"2018-11-26 20:46:08",399
"2018-11-26 21:46:04",400
"2018-11-26 22:46:12",400
"2018-11-26 23:46:11",400
"2018-11-27 00:46:09",400
"2018-11-27 01:46:08",400
"2018-11-27 02:46:09",400
"2018-11-27 03:46:05",400
"2018-11-27 04:46:07",400
"2018-11-27 05:46:06",400
"2018-11-27 06:46:06",400
"2018-11-27 07:46:05",400
"2018-11-27 08:46:05",400
"2018-11-27 09:46:05",400
"2018-11-27 11:46:05",400
"2018-11-27 12:46:05",400
"2018-11-27 13:46:07",400
"2018-11-27 14:46:12",400
"2018-11-27 15:46:08",401
"2018-11-27 16:46:12",401
"2018-11-27 17:46:10",400
"2018-11-27 18:46:09",400
"2018-11-27 19:46:09",400
"2018-11-27 20:46:08",400
"2018-11-27 21:46:11",400
"2018-11-27 22:46:10",400
"2018-11-27 23:46:09",400
"2018-11-28 00:46:08",400
"2018-11-28 01:46:09",400
"2018-11-28 02:46:08",400
"2018-11-28 03:46:10",400
"2018-11-28 04:46:11",400
"2018-11-28 05:46:08",400
"2018-11-28 06:46:07",400
"2018-11-28 07:46:06",400
"2018-11-28 08:46:09",400
"2018-11-28 09:46:10",400
"2018-11-28 10:46:08",400
"2018-11-28 11:46:06",400
"2018-11-28 12:46:07",400
"2018-11-28 14:11:10",400
"2018-11-28 14:46:10",400
"2018-11-28 15:46:16",401
"2018-11-28 16:46:11",401
"2018-11-28 17:46:14",401
"2018-11-28 18:46:13",402
"2018-11-28 19:46:09",402
"2018-11-28 20:46:12",402
"2018-11-28 21:46:07",402
"2018-11-28 22:46:06",402
"2018-11-28 23:46:04",402
"2018-11-29 00:46:06",402
"2018-11-29 01:46:08",402
"2018-11-29 02:46:07",402
"2018-11-29 03:46:06",402
"2018-11-29 04:46:05",402
"2018-11-29 05:46:07",402
"2018-11-29 06:46:06",402
"2018-11-29 07:46:05",402
"2018-11-29 08:46:04",402
"2018-11-29 09:46:06",402
"2018-11-29 10:46:06",402
"2018-11-29 11:46:05",402
"2018-11-29 12:46:06",402
"2018-11-29 13:46:08",402
"2018-11-29 15:11:18",403
"2018-11-29 15:46:07",403
"2018-11-29 16:46:08",404
"2018-11-29 17:46:13",404
"2018-11-29 18:46:13",404
"2018-11-29 19:46:09",403
"2018-11-29 20:46:06",403
"2018-11-29 21:46:08",403
"2018-11-29 22:46:09",403
"2018-11-29 23:46:09",403
"2018-11-30 00:46:10",403
"2018-11-30 01:46:10",403
"2018-11-30 02:46:06",403
"2018-11-30 03:46:10",403
"2018-11-30 04:46:07",403
"2018-11-30 05:46:11",403
"2018-11-30 06:46:09",403
"2018-11-30 07:46:07",403
"2018-11-30 08:46:06",403
"2018-11-30 09:46:09",403
"2018-11-30 10:46:08",403
"2018-11-30 11:46:06",403
"2018-11-30 12:46:07",403
"2018-11-30 13:46:05",403
"2018-11-30 14:46:12",403
"2018-11-30 15:46:09",405
"2018-11-30 16:46:09",404
"2018-11-30 17:46:09",404
"2018-11-30 18:46:06",404
"2018-11-30 19:46:07",404
"2018-11-30 20:46:08",404
"2018-11-30 21:46:07",404
"2018-11-30 22:46:11",404
"2018-11-30 23:46:08",404
"2018-12-01 00:46:06",404
"2018-12-01 01:46:06",404
"2018-12-01 02:46:05",404
"2018-12-01 03:46:06",404
"2018-12-01 04:46:05",404
"2018-12-01 05:46:08",404
"2018-12-01 06:46:05",404
"2018-12-01 07:46:05",404
"2018-12-01 08:46:05",404
"2018-12-01 09:46:05",404
"2018-12-01 10:46:05",404
"2018-12-01 11:46:06",404
"2018-12-01 12:46:06",404
"2018-12-01 13:46:06",404
"2018-12-01 14:46:06",404
"2018-12-01 15:46:06",404
"2018-12-01 16:46:06",404
"2018-12-01 17:46:05",404
"2018-12-01 18:46:06",404
"2018-12-01 19:46:05",404
"2018-12-01 20:46:07",404
"2018-12-01 21:46:05",404
"2018-12-01 22:46:11",404
"2018-12-01 23:46:07",404
"2018-12-02 00:46:04",404
"2018-12-02 01:46:05",404
"2018-12-02 02:46:05",404
"2018-12-02 03:46:06",404
"2018-12-02 04:46:06",404
"2018-12-02 05:46:06",404
"2018-12-02 06:46:06",404
"2018-12-02 07:46:09",404
"2018-12-02 08:46:08",404
"2018-12-02 09:46:06",404
"2018-12-02 10:46:07",404
"2018-12-02 11:46:06",404
"2018-12-02 12:46:04",404
"2018-12-02 13:46:05",404
"2018-12-02 14:46:04",404
"2018-12-02 15:46:06",404
"2018-12-02 16:46:05",404
"2018-12-02 17:46:05",404
"2018-12-02 18:46:05",404
"2018-12-02 19:46:05",404
"2018-12-02 20:46:05",404
"2018-12-02 21:46:05",404
"2018-12-02 22:46:04",404
"2018-12-02 23:46:05",404
"2018-12-03 00:46:06",404
"2018-12-03 01:46:05",404
"2018-12-03 02:46:05",404
"2018-12-03 03:46:06",404
"2018-12-03 04:46:08",404
"2018-12-03 05:46:04",404
"2018-12-03 06:46:08",404
"2018-12-03 07:46:06",404
"2018-12-03 08:46:05",404
"2018-12-03 09:46:08",404
"2018-12-03 10:46:06",404
"2018-12-03 11:46:06",404
"2018-12-03 12:46:04",404
"2018-12-03 13:46:05",404
"2018-12-03 14:46:15",404
"2018-12-03 15:46:07",405
"2018-12-03 16:46:11",408
"2018-12-03 17:46:10",407
"2018-12-03 18:46:08",404
"2018-12-03 19:46:05",403
"2018-12-03 20:46:06",403
"2018-12-03 21:46:06",403
"2018-12-03 22:46:09",403
"2018-12-03 23:46:12",403
"2018-12-04 00:46:08",403
"2018-12-04 01:46:06",403
"2018-12-04 02:46:07",403
"2018-12-04 03:46:07",403
"2018-12-04 04:46:06",403
"2018-12-04 05:46:11",403
"2018-12-04 06:46:09",403
"2018-12-04 07:46:07",403
"2018-12-04 08:46:07",403
"2018-12-04 09:46:05",403
"2018-12-04 10:46:04",403
"2018-12-04 11:46:05",403
"2018-12-04 12:46:06",403
"2018-12-04 13:46:06",403
"2018-12-04 15:12:41",403
"2018-12-04 15:46:09",403
"2018-12-04 16:46:07",401
"2018-12-04 17:46:08",401
"2018-12-04 18:46:08",400
"2018-12-04 19:46:10",400
"2018-12-04 20:46:10",400
"2018-12-04 21:46:10",400
"2018-12-04 22:46:13",400
"2018-12-04 23:46:12",400
"2018-12-05 00:46:11",400
"2018-12-05 01:46:11",400
"2018-12-05 02:46:10",400
"2018-12-05 03:46:10",400
"2018-12-05 04:46:15",400
"2018-12-05 05:46:14",400
"2018-12-05 06:46:09",400
"2018-12-05 07:46:07",400
"2018-12-05 08:46:07",400
"2018-12-05 09:46:06",400
"2018-12-05 10:46:08",400
"2018-12-05 11:46:07",400
"2018-12-05 12:46:06",400
"2018-12-05 13:46:06",400
"2018-12-05 14:46:06",400
"2018-12-05 15:46:10",400
"2018-12-05 16:46:07",400
"2018-12-05 17:46:08",400
"2018-12-05 18:46:07",400
"2018-12-05 19:46:11",400
"2018-12-05 20:46:09",400
"2018-12-05 21:46:10",400
"2018-12-05 22:46:11",400
"2018-12-05 23:46:11",400
"2018-12-06 00:46:10",400
"2018-12-06 01:46:09",400
"2018-12-06 02:46:07",400
"2018-12-06 03:46:08",400
"2018-12-06 04:46:05",400
"2018-12-06 05:46:07",400
"2018-12-06 06:46:07",400
"2018-12-06 07:46:05",400
"2018-12-06 08:46:10",400
"2018-12-06 09:46:09",400
"2018-12-06 10:46:06",400
"2018-12-06 11:46:08",400
"2018-12-06 12:46:09",400
"2018-12-06 13:46:09",400
"2018-12-06 14:46:12",400
"2018-12-06 15:46:09",400
"2018-12-06 16:46:09",401
"2018-12-06 17:46:11",401
"2018-12-06 18:46:08",400
"2018-12-06 19:46:08",400
"2018-12-06 20:46:07",400
"2018-12-06 21:46:08",400
"2018-12-06 22:46:06",400
"2018-12-06 23:46:14",400
"2018-12-07 00:46:17",400
"2018-12-07 01:46:15",400
"2018-12-07 02:46:12",400
"2018-12-07 03:46:15",400
"2018-12-07 04:46:17",400
"2018-12-07 05:46:14",400
"2018-12-07 06:46:15",400
"2018-12-07 07:46:16",400
"2018-12-07 08:46:12",400
"2018-12-07 09:46:13",400
"2018-12-07 10:46:12",400
"2018-12-07 11:46:12",400
"2018-12-07 12:46:14",400
"2018-12-07 14:11:14",400
"2018-12-07 14:46:20",400
"2018-12-07 16:11:20",399
"2018-12-07 16:46:13",399
"2018-12-07 17:46:15",399
"2018-12-07 18:46:15",398
"2018-12-07 19:46:18",398
"2018-12-07 20:46:17",398
"2018-12-07 21:46:15",398
"2018-12-07 22:46:17",398
"2018-12-07 23:46:19",398
"2018-12-08 00:46:15",398
"2018-12-08 01:46:13",398
"2018-12-08 03:46:18",398
"2018-12-08 04:46:15",398
"2018-12-08 05:46:16",398
"2018-12-08 06:46:13",398
"2018-12-08 07:46:15",398
"2018-12-08 08:46:14",398
"2018-12-08 09:46:13",398
"2018-12-08 10:46:14",398
"2018-12-08 11:46:14",398
"2018-12-08 12:46:15",398
"2018-12-08 13:46:13",398
"2018-12-08 14:46:14",398
"2018-12-08 15:46:14",398
"2018-12-08 16:46:15",398
"2018-12-08 17:46:15",398
"2018-12-08 18:46:13",398
"2018-12-08 19:46:14",398
"2018-12-08 20:46:21",398
"2018-12-08 21:46:19",398
"2018-12-08 22:46:14",398
"2018-12-08 23:46:17",398
"2018-12-09 00:46:14",398
"2018-12-09 01:46:17",398
"2018-12-09 02:46:16",398
"2018-12-09 03:46:14",398
"2018-12-09 04:46:13",398
"2018-12-09 05:46:13",398
"2018-12-09 06:46:15",398
"2018-12-09 07:46:17",398
"2018-12-09 08:46:15",398
"2018-12-09 09:46:19",398
"2018-12-09 10:46:14",398
"2018-12-09 11:46:17",398
"2018-12-09 12:46:14",398
"2018-12-09 13:46:14",398
"2018-12-09 14:46:13",398
"2018-12-09 15:46:15",398
"2018-12-09 16:46:13",398
"2018-12-09 17:46:14",398
"2018-12-09 18:46:14",398
"2018-12-09 19:46:13",398
"2018-12-09 20:46:14",398
"2018-12-09 21:46:13",398
"2018-12-09 22:46:20",398
"2018-12-09 23:46:16",398
"2018-12-10 00:46:16",398
"2018-12-10 01:46:14",398
"2018-12-10 02:46:13",398
"2018-12-10 03:46:14",398
"2018-12-10 04:46:18",398
"2018-12-10 05:46:13",398
"2018-12-10 06:46:20",398
"2018-12-10 07:46:19",398
"2018-12-10 08:46:15",398
"2018-12-10 09:46:14",398
"2018-12-10 10:46:15",398
"2018-12-10 11:46:13",398
"2018-12-10 12:46:15",398
"2018-12-10 13:46:20",398
"2018-12-10 15:09:52",398
"2018-12-10 15:46:12",398
"2018-12-10 16:46:15",398
"2018-12-10 17:46:17",397
"2018-12-10 18:46:15",397
"2018-12-10 19:46:15",397
"2018-12-10 20:46:12",397
"2018-12-10 21:46:15",397
"2018-12-10 22:46:13",397
"2018-12-10 23:46:15",397
"2018-12-11 00:46:14",397
"2018-12-11 01:46:12",397
"2018-12-11 02:46:14",397
"2018-12-11 03:46:14",397
"2018-12-11 04:46:12",397
"2018-12-11 05:46:16",397
"2018-12-11 06:46:15",397
"2018-12-11 07:46:14",397
"2018-12-11 08:46:14",397
"2018-12-11 09:46:13",397
"2018-12-11 10:46:13",397
"2018-12-11 11:46:14",397
"2018-12-11 12:46:14",397
"2018-12-11 13:46:12",397
"2018-12-11 15:10:48",397
"2018-12-11 15:46:14",397
"2018-12-11 16:46:15",397
"2018-12-11 17:46:14",397
"2018-12-11 18:46:14",397
"2018-12-11 19:46:15",397
"2018-12-11 20:46:14",397
"2018-12-11 21:46:18",397
"2018-12-11 22:46:15",397
"2018-12-11 23:46:15",397
"2018-12-12 00:46:12",397
"2018-12-12 01:46:12",397
"2018-12-12 02:46:14",397
"2018-12-12 03:46:13",397
"2018-12-12 04:46:13",397
"2018-12-12 05:46:12",397
"2018-12-12 06:46:13",397
"2018-12-12 07:46:13",397
"2018-12-12 08:46:14",397
"2018-12-12 09:46:13",397
"2018-12-12 10:46:13",397
"2018-12-12 11:46:17",397
"2018-12-12 12:46:19",397
"2018-12-12 14:11:53",397
"2018-12-12 14:46:19",397
"2018-12-12 15:46:15",397
"2018-12-12 16:46:16",395
"2018-12-12 17:46:17",395
"2018-12-12 18:46:14",394
"2018-12-12 19:46:15",394
"2018-12-12 20:46:14",394
"2018-12-12 21:46:14",393
"2018-12-12 22:46:16",393
"2018-12-12 23:46:16",393
"2018-12-13 00:46:13",393
"2018-12-13 01:46:14",393
"2018-12-13 02:46:16",393
"2018-12-13 03:46:13",393
"2018-12-13 04:46:22",393
"2018-12-13 05:46:18",393
"2018-12-13 06:46:17",393
"2018-12-13 07:46:15",393
"2018-12-13 08:46:12",393
"2018-12-13 09:46:14",393
"2018-12-13 10:46:13",393
"2018-12-13 11:46:13",393
"2018-12-13 12:46:12",393
"2018-12-13 14:10:18",393
"2018-12-13 14:46:16",393
"2018-12-13 15:46:17",393
"2018-12-13 16:46:14",393
"2018-12-13 17:46:18",393
"2018-12-13 18:46:17",393
"2018-12-13 19:46:17",393
"2018-12-13 20:46:16",393
"2018-12-13 21:46:14",394
"2018-12-13 22:46:16",394
"2018-12-13 23:46:14",394
"2018-12-14 00:46:13",394
"2018-12-14 01:46:14",394
"2018-12-14 02:46:13",394
"2018-12-14 03:46:13",394
"2018-12-14 04:46:18",394
"2018-12-14 05:46:14",394
"2018-12-14 06:46:15",394
"2018-12-14 07:46:15",394
"2018-12-14 08:46:14",394
"2018-12-14 09:46:14",394
"2018-12-14 10:46:14",394
"2018-12-14 11:46:14",394
"2018-12-14 12:46:14",394
"2018-12-14 14:10:17",394
"2018-12-14 14:46:19",394
"2018-12-14 15:46:15",394
"2018-12-14 16:46:14",395
"2018-12-14 17:46:16",395
"2018-12-14 18:46:20",395
"2018-12-14 19:46:19",395
"2018-12-14 20:46:20",395
"2018-12-14 21:46:14",395
"2018-12-14 22:46:18",395
"2018-12-14 23:46:15",395
"2018-12-15 00:46:15",395
"2018-12-15 01:46:16",395
"2018-12-15 02:46:13",395
"2018-12-15 03:46:15",395
"2018-12-15 04:46:14",395
"2018-12-15 05:46:17",395
"2018-12-15 06:46:15",395
"2018-12-15 07:46:14",395
"2018-12-15 08:46:13",395
"2018-12-15 09:46:13",395
"2018-12-15 10:46:14",395
"2018-12-15 11:46:14",395
"2018-12-15 12:46:15",395
"2018-12-15 13:46:13",395
"2018-12-15 14:46:14",395
"2018-12-15 15:46:15",395
"2018-12-15 16:46:14",395
"2018-12-15 17:46:17",395
"2018-12-15 18:46:15",395
"2018-12-15 19:46:14",395
"2018-12-15 20:46:14",395
"2018-12-15 21:46:13",395
"2018-12-15 22:46:14",395
"2018-12-15 23:46:13",395
"2018-12-16 00:46:14",395
"2018-12-16 01:46:14",395
"2018-12-16 02:46:13",395
"2018-12-16 03:46:15",395
"2018-12-16 04:46:19",395
"2018-12-16 05:46:13",395
"2018-12-16 06:46:17",395
"2018-12-16 07:46:15",395
"2018-12-16 08:46:13",395
"2018-12-16 09:46:17",395
"2018-12-16 10:46:14",395
"2018-12-16 11:46:14",395
"2018-12-16 12:46:13",395
"2018-12-16 13:46:13",395
"2018-12-16 14:46:14",395
"2018-12-16 15:46:13",395
"2018-12-16 16:46:13",395
"2018-12-16 17:46:19",395
"2018-12-16 18:46:13",395
"2018-12-16 19:46:15",395
"2018-12-16 20:46:15",395
"2018-12-16 21:46:13",395
"2018-12-16 22:46:18",395
"2018-12-16 23:46:17",395
"2018-12-17 00:46:16",395
"2018-12-17 01:46:13",395
"2018-12-17 02:46:15",395
"2018-12-17 03:46:13",395
"2018-12-17 04:46:21",395
"2018-12-17 05:46:13",395
"2018-12-17 06:46:16",395
"2018-12-17 07:46:14",395
"2018-12-17 08:46:13",395
"2018-12-17 09:46:14",395
"2018-12-17 10:46:14",395
"2018-12-17 11:46:14",395
"2018-12-17 12:46:14",395
"2018-12-17 13:46:19",395
"2018-12-17 14:46:21",395
"2018-12-17 15:46:17",396
"2018-12-17 16:46:16",396
"2018-12-17 17:46:14",396
"2018-12-17 18:46:15",398
"2018-12-17 20:11:49",398
"2018-12-17 20:46:16",398
"2018-12-17 21:46:17",398
"2018-12-17 22:46:17",398
"2018-12-17 23:46:14",398
"2018-12-18 00:46:14",398
"2018-12-18 01:46:15",398
"2018-12-18 02:46:13",398
"2018-12-18 03:46:14",398
"2018-12-18 04:46:13",398
"2018-12-18 05:46:14",398
"2018-12-18 06:46:13",398
"2018-12-18 07:46:13",398
"2018-12-18 08:46:13",398
"2018-12-18 09:46:12",398
"2018-12-18 10:46:13",398
"2018-12-18 11:46:12",398
"2018-12-18 12:46:13",398
"2018-12-18 13:46:14",398
"2018-12-18 14:46:15",398
"2018-12-18 15:46:14",396
"2018-12-18 16:46:13",396
"2018-12-18 17:46:14",396
"2018-12-18 18:46:13",396
"2018-12-18 19:46:13",396
"2018-12-18 20:46:17",396
"2018-12-18 21:46:16",396
"2018-12-18 22:46:22",396
"2018-12-18 23:46:16",396
"2018-12-19 00:46:14",396
"2018-12-19 01:46:15",396
"2018-12-19 02:46:14",396
"2018-12-19 03:46:18",396
"2018-12-19 04:46:17",396
"2018-12-19 05:46:18",396
"2018-12-19 06:46:16",396
"2018-12-19 07:46:15",396
"2018-12-19 08:46:13",396
"2018-12-19 09:46:15",396
"2018-12-19 11:46:14",396
"2018-12-19 12:46:13",396
"2018-12-19 13:46:13",396
"2018-12-19 14:46:16",396
"2018-12-19 15:46:15",397
"2018-12-19 16:46:14",397
"2018-12-19 17:46:12",397
"2018-12-19 18:46:16",398
"2018-12-19 19:46:14",398
"2018-12-19 20:46:15",398
"2018-12-19 21:46:23",399
"2018-12-19 22:46:21",399
"2018-12-19 23:46:21",399
"2018-12-20 00:46:20",399
"2018-12-20 01:46:20",399
"2018-12-20 02:46:18",399
"2018-12-20 03:46:18",399
"2018-12-20 04:46:20",399
"2018-12-20 05:46:14",399
"2018-12-20 06:46:15",399
"2018-12-20 07:46:20",399
"2018-12-20 08:46:18",399
"2018-12-20 09:46:13",399
"2018-12-20 10:46:15",399
"2018-12-20 11:46:14",399
"2018-12-20 12:46:13",399
"2018-12-20 13:46:15",399
"2018-12-20 14:46:19",399
"2018-12-20 15:46:17",400
"2018-12-20 16:46:23",400
"2018-12-20 17:46:18",400
"2018-12-20 18:46:16",400
"2018-12-20 19:46:15",399
"2018-12-20 20:46:20",398
"2018-12-20 21:46:19",398
"2018-12-20 22:46:20",398
"2018-12-20 23:46:20",398
"2018-12-21 00:46:17",398
"2018-12-21 01:46:19",398
"2018-12-21 02:46:19",398
"2018-12-21 03:46:17",398
"2018-12-21 04:46:21",398
"2018-12-21 05:46:15",398
"2018-12-21 06:46:18",398
"2018-12-21 07:46:14",398
"2018-12-21 08:46:14",398
"2018-12-21 09:46:14",398
"2018-12-21 10:46:13",398
"2018-12-21 11:46:15",398
"2018-12-21 12:46:15",398
"2018-12-21 13:46:15",398
"2018-12-21 14:46:19",398
"2018-12-21 15:46:18",398
"2018-12-21 16:46:19",397
"2018-12-21 17:46:20",397
"2018-12-21 18:46:23",397
"2018-12-21 19:46:16",397
"2018-12-21 20:46:24",397
"2018-12-21 21:46:19",397
"2018-12-21 22:46:20",397
"2018-12-21 23:46:17",397
"2018-12-22 00:46:22",397
"2018-12-22 01:46:20",397
"2018-12-22 02:46:23",397
"2018-12-22 03:46:15",397
"2018-12-22 04:46:21",397
"2018-12-22 05:46:15",397
"2018-12-22 06:46:20",397
"2018-12-22 07:46:19",397
"2018-12-22 08:46:14",397
"2018-12-22 09:46:14",397
"2018-12-22 10:46:16",397
"2018-12-22 11:46:14",397
"2018-12-22 12:46:14",397
"2018-12-22 13:46:13",397
"2018-12-22 14:46:15",397
"2018-12-22 15:46:16",397
"2018-12-22 16:46:13",397
"2018-12-22 17:46:15",397
"2018-12-22 18:46:14",397
"2018-12-22 19:46:20",397
"2018-12-22 20:46:17",397
"2018-12-22 21:46:18",397
"2018-12-22 22:46:19",397
"2018-12-22 23:46:16",397
"2018-12-23 00:46:15",397
"2018-12-23 01:46:17",397
"2018-12-23 02:46:14",397
"2018-12-23 03:46:49",397
"2018-12-23 04:46:17",397
"2018-12-23 05:46:15",397
"2018-12-23 06:46:21",397
"2018-12-23 07:46:16",397
"2018-12-23 08:46:18",397
"2018-12-23 09:46:15",397
"2018-12-23 10:46:23",397
"2018-12-23 11:46:19",397
"2018-12-23 12:46:15",397
"2018-12-23 13:46:17",397
"2018-12-23 14:46:18",397
"2018-12-23 15:46:20",397
"2018-12-23 16:46:21",397
"2018-12-23 17:46:22",397
"2018-12-23 18:46:19",397
"2018-12-23 19:46:18",397
"2018-12-23 20:46:22",397
"2018-12-23 21:46:20",397
"2018-12-23 22:46:17",397
"2018-12-23 23:46:15",397
"2018-12-24 00:46:17",397
"2018-12-24 01:46:21",397
"2018-12-24 02:46:22",397
"2018-12-24 03:46:21",397
"2018-12-24 04:46:14",397
"2018-12-24 05:46:17",397
"2018-12-24 06:46:16",397
"2018-12-24 07:46:21",397
"2018-12-24 08:46:15",397
"2018-12-24 09:46:22",397
"2018-12-24 10:46:16",397
"2018-12-24 11:46:18",397
"2018-12-24 12:46:15",397
"2018-12-24 13:46:19",397
"2018-12-24 15:10:00",399
"2018-12-24 15:46:21",399
"2018-12-24 16:46:19",398
"2018-12-24 17:46:20",398
"2018-12-24 18:46:22",397
"2018-12-24 19:46:23",397
"2018-12-24 20:46:22",397
"2018-12-24 21:46:15",397
"2018-12-24 22:46:15",397
"2018-12-24 23:46:14",397
"2018-12-25 00:46:17",397
"2018-12-25 01:46:14",397
"2018-12-25 02:46:20",397
"2018-12-25 03:46:18",397
"2018-12-25 04:46:16",397
"2018-12-25 05:46:17",397
"2018-12-25 06:46:19",397
"2018-12-25 07:46:16",397
"2018-12-25 08:46:16",397
"2018-12-25 09:46:14",397
"2018-12-25 10:46:14",397
"2018-12-25 11:46:14",397
"2018-12-25 12:46:15",397
"2018-12-25 13:46:15",397
"2018-12-25 14:46:15",397
"2018-12-25 15:46:15",397
"2018-12-25 16:46:14",397
"2018-12-25 17:46:18",397
"2018-12-25 18:46:15",397
"2018-12-25 19:46:16",397
"2018-12-25 20:46:16",397
"2018-12-25 21:46:14",397
"2018-12-25 22:46:16",397
"2018-12-25 23:46:15",397
"2018-12-26 00:46:16",397
"2018-12-26 01:46:15",397
"2018-12-26 02:46:16",397
"2018-12-26 03:46:15",397
"2018-12-26 04:46:14",397
"2018-12-26 05:46:14",397
"2018-12-26 06:46:21",397
"2018-12-26 07:46:18",397
"2018-12-26 08:46:19",397
"2018-12-26 09:46:14",397
"2018-12-26 10:46:17",397
"2018-12-26 11:46:14",397
"2018-12-26 12:46:15",397
"2018-12-26 13:46:24",397
"2018-12-26 15:11:28",398
"2018-12-26 15:46:19",398
"2018-12-26 16:46:18",398
"2018-12-26 17:46:20",398
"2018-12-26 18:46:16",398
"2018-12-26 19:46:18",398
"2018-12-26 20:46:22",398
"2018-12-26 21:46:20",398
"2018-12-26 22:46:22",398
"2018-12-26 23:46:20",398
"2018-12-27 00:46:20",398
"2018-12-27 01:46:21",398
"2018-12-27 02:46:21",398
"2018-12-27 03:46:21",398
"2018-12-27 04:46:16",398
"2018-12-27 05:46:19",398
"2018-12-27 06:46:17",398
"2018-12-27 07:46:19",398
"2018-12-27 08:46:15",398
"2018-12-27 09:46:16",398
"2018-12-27 10:46:18",398
"2018-12-27 11:46:15",398
"2018-12-27 12:46:15",398
"2018-12-27 13:46:13",398
"2018-12-27 14:46:18",398
"2018-12-27 15:46:15",398
"2018-12-27 16:46:15",398
"2018-12-27 17:46:21",398
"2018-12-27 18:46:23",398
"2018-12-27 19:46:21",398
"2018-12-27 20:46:18",398
"2018-12-27 21:46:18",397
"2018-12-27 22:46:27",397
"2018-12-27 23:46:29",397
"2018-12-28 00:46:27",397
"2018-12-28 01:46:23",397
"2018-12-28 02:46:24",397
"2018-12-28 03:46:18",397
"2018-12-28 04:46:19",397
"2018-12-28 05:46:16",397
"2018-12-28 06:46:28",397
"2018-12-28 07:46:26",397
"2018-12-28 08:46:22",397
"2018-12-28 09:46:21",397
"2018-12-28 10:46:16",397
"2018-12-28 11:46:18",397
"2018-12-28 12:46:15",397
"2018-12-28 13:46:16",397
"2018-12-28 14:46:18",397
"2018-12-28 16:11:54",398
"2018-12-28 16:46:17",398
"2018-12-28 17:46:24",398
"2018-12-28 18:46:21",398
"2018-12-28 19:46:16",398
"2018-12-28 20:46:20",398
"2018-12-28 21:46:23",398
"2018-12-28 22:46:15",398
"2018-12-28 23:46:18",398
"2018-12-29 00:46:18",398
"2018-12-29 01:46:15",398
"2018-12-29 02:46:17",398
"2018-12-29 03:46:15",398
"2018-12-29 04:46:16",398
"2018-12-29 05:46:17",398
"2018-12-29 06:46:14",398
"2018-12-29 07:46:26",398
"2018-12-29 08:46:23",398
"2018-12-29 09:46:19",398
"2018-12-29 10:46:18",398
"2018-12-29 11:46:16",398
"2018-12-29 12:46:15",398
"2018-12-29 13:46:17",398
"2018-12-29 14:46:14",398
"2018-12-29 15:46:15",398
"2018-12-29 16:46:18",398
"2018-12-29 17:46:15",398
"2018-12-29 18:46:21",398
"2018-12-29 19:46:23",398
"2018-12-29 20:46:16",398
"2018-12-29 21:46:22",398
"2018-12-29 22:46:17",398
"2018-12-29 23:46:23",398
"2018-12-30 00:46:16",398
"2018-12-30 01:46:18",398
"2018-12-30 02:46:14",398
"2018-12-30 03:46:17",398
"2018-12-30 04:46:15",398
"2018-12-30 05:46:14",398
"2018-12-30 06:46:14",398
"2018-12-30 07:46:14",398
"2018-12-30 08:46:14",398
"2018-12-30 09:46:14",398
"2018-12-30 10:46:13",398
"2018-12-30 11:46:15",398
"2018-12-30 12:46:15",398
"2018-12-30 13:46:15",398
"2018-12-30 14:46:14",398
"2018-12-30 15:46:14",398
"2018-12-30 16:46:14",398
"2018-12-30 17:46:16",398
"2018-12-30 18:46:13",398
"2018-12-30 19:46:15",398
"2018-12-30 20:46:15",398
"2018-12-30 21:46:16",398
"2018-12-30 22:46:19",398
"2018-12-30 23:46:17",398
"2018-12-31 00:46:16",398
"2018-12-31 01:46:14",398
"2018-12-31 02:46:13",398
"2018-12-31 03:46:19",398
"2018-12-31 04:46:17",398
"2018-12-31 05:46:18",398
"2018-12-31 06:46:16",398
"2018-12-31 07:46:15",398
"2018-12-31 08:46:15",398
"2018-12-31 09:46:19",398
"2018-12-31 10:46:18",398
"2018-12-31 11:46:15",398
"2018-12-31 12:46:14",398
"2018-12-31 13:46:14",398
"2018-12-31 14:46:26",398
"2018-12-31 15:46:15",397
"2018-12-31 16:46:16",398
"2018-12-31 17:46:18",398
"2018-12-31 18:46:17",398
"2018-12-31 19:46:18",398
"2018-12-31 20:46:18",398
"2018-12-31 21:46:17",397
"2018-12-31 22:46:17",397
"2018-12-31 23:46:14",397
"2019-01-01 00:46:15",397
"2019-01-01 01:46:18",397
"2019-01-01 02:46:15",397
"2019-01-01 03:46:14",397
"2019-01-01 04:46:16",397
"2019-01-01 05:46:14",397
"2019-01-01 06:46:15",397
"2019-01-01 07:46:14",397
"2019-01-01 08:46:15",397
"2019-01-01 09:46:13",397
"2019-01-01 10:46:14",397
"2019-01-01 11:46:14",397
"2019-01-01 12:46:14",397
"2019-01-01 13:46:14",397
"2019-01-01 14:46:15",397
"2019-01-01 15:46:14",397
"2019-01-01 16:46:14",397
"2019-01-01 17:46:15",397
"2019-01-01 18:46:13",397
"2019-01-01 19:46:14",397
"2019-01-01 20:46:13",397
"2019-01-01 21:46:15",397
"2019-01-01 22:46:19",397
"2019-01-01 23:46:14",397
"2019-01-02 00:46:15",397
"2019-01-02 01:46:14",397
"2019-01-02 02:46:17",397
"2019-01-02 03:46:15",397
"2019-01-02 04:46:14",397
"2019-01-02 05:46:19",397
"2019-01-02 06:46:15",397
"2019-01-02 07:46:16",397
"2019-01-02 08:46:15",397
"2019-01-02 09:46:15",397
"2019-01-02 10:46:18",397
"2019-01-02 11:46:13",397
"2019-01-02 12:46:13",397
"2019-01-02 13:46:14",397
"2019-01-02 15:11:24",396
"2019-01-02 15:46:18",396
"2019-01-02 16:46:14",396
"2019-01-02 17:46:14",396
"2019-01-02 18:46:18",396
"2019-01-02 19:46:20",396
"2019-01-02 20:46:17",395
"2019-01-02 21:46:14",395
"2019-01-02 22:46:16",395
"2019-01-02 23:46:22",395
"2019-01-03 00:46:17",395
"2019-01-03 01:46:14",395
"2019-01-03 02:46:16",395
"2019-01-03 03:46:14",395
"2019-01-03 05:46:19",395
"2019-01-03 06:46:15",395
"2019-01-03 07:46:16",395
"2019-01-03 08:46:14",395
"2019-01-03 09:46:15",395
"2019-01-03 10:46:15",395
"2019-01-03 11:46:14",395
"2019-01-03 12:46:15",395
"2019-01-03 13:46:13",395
"2019-01-03 14:46:21",395
"2019-01-03 15:46:22",395
"2019-01-03 16:46:21",394
"2019-01-03 17:46:23",393
"2019-01-03 18:46:18",393
"2019-01-03 19:46:20",393
"2019-01-03 20:46:15",393
"2019-01-03 21:46:19",393
"2019-01-03 22:46:23",393
"2019-01-03 23:46:15",393
"2019-01-04 00:46:19",393
"2019-01-04 01:46:17",393
"2019-01-04 02:46:23",393
"2019-01-04 03:46:16",393
"2019-01-04 04:46:16",393
"2019-01-04 05:46:19",393
"2019-01-04 06:46:21",393
"2019-01-04 07:46:15",393
"2019-01-04 08:46:18",393
"2019-01-04 09:46:19",393
"2019-01-04 10:46:15",393
"2019-01-04 11:46:16",393
"2019-01-04 12:46:15",393
"2019-01-04 13:46:15",393
"2019-01-04 15:11:12",391
"2019-01-04 15:46:22",391
"2019-01-04 16:46:19",391
"2019-01-04 17:46:18",390
"2019-01-04 18:46:20",389
"2019-01-04 19:46:23",389
"2019-01-04 20:46:19",389
"2019-01-04 21:46:20",388
"2019-01-04 22:46:15",388
"2019-01-04 23:46:18",388
"2019-01-05 00:46:21",388
"2019-01-05 01:46:17",388
"2019-01-05 02:46:19",388
"2019-01-05 03:46:16",388
"2019-01-05 04:46:16",388
"2019-01-05 05:46:16",388
"2019-01-05 06:46:15",388
"2019-01-05 07:46:15",388
"2019-01-05 08:46:20",388
"2019-01-05 09:46:19",388
"2019-01-05 10:46:16",388
"2019-01-05 11:46:15",388
"2019-01-05 12:46:15",388
"2019-01-05 13:46:16",388
"2019-01-05 14:46:15",388
"2019-01-05 15:46:16",388
"2019-01-05 16:46:15",388
"2019-01-05 17:46:16",388
"2019-01-05 18:46:16",388
"2019-01-05 19:46:23",388
"2019-01-05 20:46:18",388
"2019-01-05 21:46:18",388
"2019-01-05 22:46:15",388
"2019-01-05 23:46:15",388
"2019-01-06 00:46:16",388
"2019-01-06 01:46:15",388
"2019-01-06 02:46:15",388
"2019-01-06 03:46:16",388
"2019-01-06 04:46:16",388
"2019-01-06 05:46:16",388
"2019-01-06 06:46:14",388
"2019-01-06 07:46:17",388
"2019-01-06 08:46:14",388
"2019-01-06 09:46:14",388
"2019-01-06 10:46:14",388
"2019-01-06 11:46:15",388
"2019-01-06 12:46:16",388
"2019-01-06 13:46:15",388
"2019-01-06 14:46:15",388
"2019-01-06 15:46:15",388
"2019-01-06 16:46:15",388
"2019-01-06 17:46:16",388
"2019-01-06 18:46:15",388
"2019-01-06 19:46:15",388
"2019-01-06 20:46:15",388
"2019-01-06 21:46:15",388
"2019-01-06 22:46:15",388
"2019-01-06 23:46:16",388
"2019-01-07 00:46:14",388
"2019-01-07 01:46:14",388
"2019-01-07 02:46:17",388
"2019-01-07 03:46:17",388
"2019-01-07 04:46:16",388
"2019-01-07 05:46:15",388
"2019-01-07 06:46:16",388
"2019-01-07 07:46:15",388
"2019-01-07 08:46:15",388
"2019-01-07 09:46:17",388
"2019-01-07 10:46:20",388
"2019-01-07 11:46:17",388
"2019-01-07 12:46:17",388
"2019-01-07 14:11:48",388
"2019-01-07 14:46:19",388
"2019-01-07 15:46:21",390
"2019-01-07 16:46:22",390
"2019-01-07 17:46:22",389
"2019-01-07 18:46:19",389
"2019-01-07 19:46:16",388
"2019-01-07 20:46:21",388
"2019-01-07 21:46:19",388
"2019-01-07 22:46:17",388
"2019-01-07 23:46:23",388
"2019-01-08 00:46:14",388
"2019-01-08 01:46:17",388
"2019-01-08 02:46:20",388
"2019-01-08 03:46:19",388
"2019-01-08 04:46:17",388
"2019-01-08 05:46:18",388
"2019-01-08 06:46:16",388
"2019-01-08 07:46:16",388
"2019-01-08 08:46:17",388
"2019-01-08 09:46:16",388
"2019-01-08 10:46:18",388
"2019-01-08 11:46:19",388
"2019-01-08 12:46:18",388
"2019-01-08 13:46:20",388
"2019-01-08 14:46:22",388
"2019-01-08 15:46:22",388
"2019-01-08 16:46:19",388
"2019-01-08 17:46:17",388
"2019-01-08 18:46:18",388
"2019-01-08 19:46:17",388
"2019-01-08 20:46:15",388
"2019-01-08 21:46:19",388
"2019-01-08 22:46:16",388
"2019-01-08 23:46:19",388
"2019-01-09 00:46:20",388
"2019-01-09 01:46:17",388
"2019-01-09 02:47:11",388
"2019-01-09 04:46:21",388
"2019-01-09 05:46:20",388
"2019-01-09 06:46:17",388
"2019-01-09 07:46:26",388
"2019-01-09 08:46:25",388
"2019-01-09 09:46:17",388
"2019-01-09 10:46:18",388
"2019-01-09 11:46:15",388
"2019-01-09 12:46:15",388
"2019-01-09 14:11:49",388
"2019-01-09 14:46:23",388
"2019-01-09 15:46:20",388
"2019-01-09 16:46:22",387
"2019-01-09 17:46:19",387
"2019-01-09 18:46:19",388
"2019-01-09 19:46:19",388
"2019-01-09 20:46:26",387
"2019-01-09 21:46:19",386
"2019-01-09 22:46:18",386
"2019-01-09 23:46:17",386
"2019-01-10 00:46:14",386
"2019-01-10 01:46:15",386
"2019-01-10 02:46:16",386
"2019-01-10 03:46:14",386
"2019-01-10 04:46:14",386
"2019-01-10 05:46:15",386
"2019-01-10 06:46:14",386
"2019-01-10 07:46:16",386
"2019-01-10 08:46:15",386
"2019-01-10 09:46:15",386
"2019-01-10 10:46:14",386
"2019-01-10 11:46:14",386
"2019-01-10 12:46:14",386
"2019-01-10 13:46:17",386
"2019-01-10 15:10:55",386
"2019-01-10 15:46:21",386
"2019-01-10 16:46:19",386
"2019-01-10 17:46:19",385
"2019-01-10 18:46:16",385
"2019-01-10 19:46:16",386
"2019-01-10 20:46:22",386
"2019-01-10 21:46:19",387
"2019-01-10 22:46:16",387
"2019-01-10 23:46:17",387
"2019-01-11 00:46:17",387
"2019-01-11 01:46:16",387
"2019-01-11 02:46:18",387
"2019-01-11 03:46:17",387
"2019-01-11 04:46:18",387
"2019-01-11 05:46:18",387
"2019-01-11 06:46:15",387
"2019-01-11 07:46:22",387
"2019-01-11 08:46:17",387
"2019-01-11 09:46:17",387
"2019-01-11 10:46:16",387
"2019-01-11 11:46:16",387
"2019-01-11 12:46:16",387
"2019-01-11 13:46:16",387
"2019-01-11 14:46:22",387
"2019-01-11 15:46:21",387
"2019-01-11 16:46:16",387
"2019-01-11 17:46:18",388
"2019-01-11 18:46:16",388
"2019-01-11 19:46:22",388
"2019-01-11 20:46:20",387
"2019-01-11 21:46:14",387
"2019-01-11 22:46:17",387
"2019-01-11 23:46:15",387
"2019-01-12 00:46:16",387
"2019-01-12 01:46:19",387
"2019-01-12 02:46:15",387
"2019-01-12 03:46:17",387
"2019-01-12 04:46:13",387
"2019-01-12 05:46:13",387
"2019-01-12 06:46:16",387
"2019-01-12 07:46:12",387
"2019-01-12 08:46:14",387
"2019-01-12 09:46:15",387
"2019-01-12 10:46:14",387
"2019-01-12 11:46:14",387
"2019-01-12 12:46:13",387
"2019-01-12 13:46:13",387
"2019-01-12 14:46:14",387
"2019-01-12 15:46:14",387
"2019-01-12 16:46:17",387
"2019-01-12 17:46:16",387
"2019-01-12 18:46:13",387
"2019-01-12 19:46:19",387
"2019-01-12 20:46:16",387
"2019-01-12 21:46:14",387
"2019-01-12 22:46:15",387
"2019-01-12 23:46:22",387
"2019-01-13 00:46:15",387
"2019-01-13 01:46:14",387
"2019-01-13 02:46:15",387
"2019-01-13 03:46:14",387
"2019-01-13 04:46:17",387
"2019-01-13 05:46:15",387
"2019-01-13 06:46:15",387
"2019-01-13 07:46:15",387
"2019-01-13 08:46:14",387
"2019-01-13 09:46:16",387
"2019-01-13 10:46:26",387
"2019-01-13 11:46:19",387
"2019-01-13 12:46:14",387
"2019-01-13 13:46:15",387
"2019-01-13 14:46:13",387
"2019-01-13 15:46:15",387
"2019-01-13 16:46:14",387
"2019-01-13 17:46:15",387
"2019-01-13 18:46:14",387
"2019-01-13 19:46:15",387
"2019-01-13 20:46:17",387
"2019-01-13 21:46:15",387
"2019-01-13 22:46:16",387
"2019-01-13 23:46:15",387
"2019-01-14 00:46:14",387
"2019-01-14 01:46:16",387
"2019-01-14 02:46:15",387
"2019-01-14 03:46:14",387
"2019-01-14 04:46:16",387
"2019-01-14 05:46:16",387
"2019-01-14 06:46:14",387
"2019-01-14 07:46:13",387
"2019-01-14 08:46:14",387
"2019-01-14 09:46:15",387
"2019-01-14 10:46:16",387
"2019-01-14 11:46:14",387
"2019-01-14 12:46:14",387
"2019-01-14 13:46:16",387
"2019-01-14 14:46:17",387
"2019-01-14 15:46:20",386
"2019-01-14 16:46:17",386
"2019-01-14 17:46:15",387
"2019-01-14 18:46:17",388
"2019-01-14 19:46:20",388
"2019-01-14 20:46:14",388
"2019-01-14 21:46:15",388
"2019-01-14 22:46:14",388
"2019-01-14 23:46:14",388
"2019-01-15 00:46:15",388
"2019-01-15 01:46:13",388
"2019-01-15 02:46:14",388
"2019-01-15 03:46:15",388
"2019-01-15 04:46:21",388
"2019-01-15 05:46:14",388
"2019-01-15 06:46:13",388
"2019-01-15 07:46:14",388
"2019-01-15 08:46:14",388
"2019-01-15 09:46:13",388
"2019-01-15 10:46:14",388
"2019-01-15 11:46:13",388
"2019-01-15 12:46:14",388
"2019-01-15 13:46:13",388
"2019-01-15 14:46:22",388
"2019-01-15 15:46:18",390
"2019-01-15 16:46:20",390
"2019-01-15 17:46:14",390
"2019-01-15 18:46:15",389
"2019-01-15 19:46:14",389
"2019-01-15 20:46:17",389
"2019-01-15 21:46:16",390
"2019-01-15 22:46:17",390
"2019-01-15 23:46:18",390
"2019-01-16 00:46:15",390
"2019-01-16 01:46:26",390
"2019-01-16 02:46:15",390
"2019-01-16 03:46:13",390
"2019-01-16 04:46:14",390
"2019-01-16 05:46:13",390
"2019-01-16 06:46:14",390
"2019-01-16 07:46:14",390
"2019-01-16 08:46:12",390
"2019-01-16 09:46:14",390
"2019-01-16 10:46:13",390
"2019-01-16 11:46:12",390
"2019-01-16 12:46:12",390
"2019-01-16 14:12:48",390
"2019-01-16 15:11:50",391
"2019-01-16 15:46:17",391
"2019-01-16 16:46:16",391
"2019-01-16 17:46:15",391
"2019-01-16 18:46:22",391
"2019-01-16 19:46:17",391
"2019-01-16 20:46:15",391
"2019-01-16 21:46:16",391
"2019-01-16 22:46:14",391
"2019-01-16 23:46:13",391
"2019-01-17 00:46:15",391
"2019-01-17 01:46:15",391
"2019-01-17 02:46:20",391
"2019-01-17 03:46:16",391
"2019-01-17 04:46:17",391
"2019-01-17 05:46:15",391
"2019-01-17 06:46:15",391
"2019-01-17 07:46:14",391
"2019-01-17 08:46:14",391
"2019-01-17 09:46:15",391
"2019-01-17 10:46:15",391
"2019-01-17 11:46:15",391
"2019-01-17 12:46:14",391
"2019-01-17 13:46:13",391
"2019-01-17 15:12:22",393
"2019-01-17 15:46:19",393
"2019-01-17 16:46:15",393
"2019-01-17 17:46:14",393
"2019-01-17 18:46:15",394
"2019-01-17 19:46:20",394
"2019-01-17 20:46:18",394
"2019-01-17 21:46:14",394
"2019-01-17 22:46:15",394
"2019-01-17 23:46:14",394
"2019-01-18 00:46:15",394
"2019-01-18 01:46:16",394
"2019-01-18 02:46:14",394
"2019-01-18 03:46:19",394
"2019-01-18 04:46:16",394
"2019-01-18 05:46:15",394
"2019-01-18 06:46:14",394
"2019-01-18 07:46:15",394
"2019-01-18 08:46:14",394
"2019-01-18 09:46:15",394
"2019-01-18 10:46:15",394
"2019-01-18 11:46:14",394
"2019-01-18 12:46:15",394
"2019-01-18 13:46:15",394
"2019-01-18 14:46:21",394
"2019-01-18 15:46:20",394
"2019-01-18 16:46:19",394
"2019-01-18 17:46:18",393
"2019-01-18 18:46:17",394
"2019-01-18 19:46:14",394
"2019-01-18 20:46:18",395
"2019-01-18 21:46:15",397
"2019-01-18 22:46:14",398
"2019-01-18 23:46:15",398
"2019-01-19 00:46:15",398
"2019-01-19 01:46:15",398
"2019-01-19 02:46:15",398
"2019-01-19 03:46:15",398
"2019-01-19 04:46:16",398
"2019-01-19 05:46:15",398
"2019-01-19 06:46:14",398
"2019-01-19 07:46:14",398
"2019-01-19 08:46:14",398
"2019-01-19 09:46:15",398
"2019-01-19 10:46:15",398
"2019-01-19 11:46:14",398
"2019-01-19 12:46:13",398
"2019-01-19 13:46:15",398
"2019-01-19 14:46:14",398
"2019-01-19 15:46:16",398
"2019-01-19 16:46:14",398
"2019-01-19 17:46:14",398
"2019-01-19 18:46:13",398
"2019-01-19 19:46:14",398
"2019-01-19 20:46:14",398
"2019-01-19 21:46:14",398
"2019-01-19 22:46:14",398
"2019-01-19 23:46:15",398
"2019-01-20 00:46:16",398
"2019-01-20 01:46:14",398
"2019-01-20 02:46:15",398
"2019-01-20 03:46:15",398
"2019-01-20 04:46:18",398
"2019-01-20 05:46:15",398
"2019-01-20 06:46:15",398
"2019-01-20 07:46:14",398
"2019-01-20 08:46:14",398
"2019-01-20 09:46:14",398
"2019-01-20 10:46:13",398
"2019-01-20 11:46:14",398
"2019-01-20 12:46:14",398
"2019-01-20 13:46:14",398
"2019-01-20 14:46:14",398
"2019-01-20 15:46:15",398
"2019-01-20 16:46:15",398
"2019-01-20 17:46:15",398
"2019-01-20 18:46:14",398
"2019-01-20 19:46:15",398
"2019-01-20 20:46:15",398
"2019-01-20 21:46:14",398
"2019-01-20 22:46:14",398
"2019-01-20 23:46:15",398
"2019-01-21 00:46:15",398
"2019-01-21 01:46:15",398
"2019-01-21 02:46:15",398
"2019-01-21 03:46:14",398
"2019-01-21 04:46:15",398
"2019-01-21 05:46:15",398
"2019-01-21 06:46:14",398
"2019-01-21 07:46:13",398
"2019-01-21 08:46:14",398
"2019-01-21 09:46:15",398
"2019-01-21 10:46:15",398
"2019-01-21 11:46:14",398
"2019-01-21 12:46:14",398
"2019-01-21 13:46:13",398
"2019-01-21 14:46:13",398
"2019-01-21 15:46:13",398
"2019-01-21 16:46:13",398
"2019-01-21 17:46:14",398
"2019-01-21 18:46:13",398
"2019-01-21 19:46:13",398
"2019-01-21 20:46:14",398
"2019-01-21 21:46:13",398
"2019-01-21 22:46:14",398
"2019-01-21 23:46:13",398
"2019-01-22 00:46:15",398
"2019-01-22 01:46:13",398
"2019-01-22 02:46:14",398
"2019-01-22 03:46:14",398
"2019-01-22 04:46:18",398
"2019-01-22 05:46:16",398
"2019-01-22 06:46:13",398
"2019-01-22 07:46:14",398
"2019-01-22 08:46:14",398
"2019-01-22 09:46:13",398
"2019-01-22 10:46:13",398
"2019-01-22 11:46:13",398
"2019-01-22 12:46:13",398
"2019-01-22 13:46:14",398
"2019-01-22 14:46:14",398
"2019-01-22 15:46:14",398
"2019-01-22 16:46:14",396
"2019-01-22 17:46:14",396
"2019-01-22 18:46:14",396
"2019-01-22 19:46:17",397
"2019-01-22 20:46:16",397
"2019-01-22 21:46:16",396
"2019-01-22 22:46:13",396
"2019-01-22 23:46:14",396
"2019-01-23 00:46:14",396
"2019-01-23 01:46:15",396
"2019-01-23 02:46:14",396
"2019-01-23 03:46:16",396
"2019-01-23 04:46:15",396
"2019-01-23 05:46:15",396
"2019-01-23 06:46:17",396
"2019-01-23 07:46:17",396
"2019-01-23 08:46:16",396
"2019-01-23 09:46:18",396
"2019-01-23 10:46:16",396
"2019-01-23 11:46:13",396
"2019-01-23 12:46:14",396
"2019-01-23 13:46:14",396
"2019-01-23 15:10:18",397
"2019-01-23 15:46:14",397
"2019-01-23 16:46:14",396
"2019-01-23 17:46:14",396
"2019-01-23 18:46:14",396
"2019-01-23 19:46:14",396
"2019-01-23 20:46:13",396
"2019-01-23 21:46:14",397
"2019-01-23 22:46:14",397
"2019-01-23 23:46:14",397
"2019-01-30 08:24:21",398
"2019-01-30 08:52:38",398
"2019-01-30 08:52:41",398
"2019-01-30 09:52:30",398
"2019-01-30 09:52:41",398
"2019-01-30 10:52:35",398
"2019-01-30 10:52:38",398
"2019-01-30 11:52:32",398
"2019-01-30 11:52:43",398
"2019-01-30 12:52:34",398
"2019-01-30 12:52:45",398
"2019-01-30 13:52:33",398
"2019-01-30 13:52:37",398
"2019-01-30 14:52:32",398
"2019-01-30 14:52:42",398
"2019-01-30 15:52:38",396
"2019-01-30 15:52:41",396
"2019-01-30 16:52:35",396
"2019-01-30 16:52:38",396
"2019-01-30 17:52:33",396
"2019-01-30 17:52:44",396
"2019-01-30 18:52:32",397
"2019-01-30 18:52:41",397
"2019-01-30 19:52:43",397
"2019-01-30 19:52:46",397
"2019-01-30 20:47:25",398
"2019-01-30 21:52:36",398
"2019-01-30 21:52:40",398
"2019-01-30 22:52:37",398
"2019-01-30 22:52:40",398
"2019-01-30 23:52:40",398
"2019-01-30 23:52:43",398
"2019-01-31 00:52:40",398
"2019-01-31 00:52:43",398
"2019-01-31 01:52:37",398
"2019-01-31 01:52:40",398
"2019-01-31 02:52:38",398
"2019-01-31 02:52:41",398
"2019-01-31 03:52:38",398
"2019-01-31 03:52:40",398
"2019-01-31 04:52:36",398
"2019-01-31 04:52:40",398
"2019-01-31 05:52:38",398
"2019-01-31 05:52:41",398
"2019-01-31 06:52:38",398
"2019-01-31 06:52:41",398
"2019-01-31 08:19:46",398
"2019-01-31 08:46:21",398
"2019-01-31 10:09:54",398
"2019-01-31 10:46:21",398
"2019-01-31 11:46:20",398
"2019-01-31 12:46:18",398
"2019-01-31 13:46:21",398
"2019-01-31 15:46:22",398
"2019-01-31 16:46:26",399
"2019-01-31 17:46:23",400
"2019-01-31 18:46:24",401
"2019-01-31 19:46:25",401
"2019-01-31 20:46:24",401
"2019-01-31 21:46:21",401
"2019-01-31 22:46:19",401
"2019-01-31 23:46:19",401
"2019-02-01 00:46:20",401
"2019-02-01 01:46:21",401
"2019-02-01 02:46:25",401
"2019-02-01 03:46:23",401
"2019-02-01 04:46:21",401
"2019-02-01 05:46:20",401
"2019-02-01 06:46:22",401
"2019-02-01 07:46:24",401
"2019-02-01 08:46:21",401
"2019-02-01 09:46:21",401
"2019-02-01 10:46:20",401
"2019-02-01 11:46:21",401
"2019-02-01 12:46:19",401
"2019-02-01 13:46:22",401
"2019-02-01 14:46:23",401
"2019-02-01 15:46:22",403
"2019-02-01 16:46:24",402
"2019-02-01 17:46:21",402
"2019-02-01 18:46:29",402
"2019-02-01 19:46:24",401
"2019-02-01 20:46:21",402
"2019-02-01 21:46:26",405
"2019-02-01 22:46:24",405
"2019-02-02 00:11:26",405
"2019-02-02 00:46:22",405
"2019-02-02 01:46:22",405
"2019-02-02 02:46:21",405
"2019-02-02 03:46:20",405
"2019-02-02 04:46:21",405
"2019-02-02 05:46:21",405
"2019-02-02 06:46:21",405
"2019-02-02 07:46:21",405
"2019-02-02 08:46:19",405
"2019-02-02 09:46:20",405
"2019-02-02 10:46:19",405
"2019-02-02 11:46:19",405
"2019-02-02 12:46:21",405
"2019-02-02 13:46:22",405
"2019-02-02 14:46:23",405
"2019-02-02 15:46:20",405
"2019-02-02 16:46:27",405
"2019-02-02 17:46:24",405
"2019-02-02 18:46:23",405
"2019-02-02 19:46:21",405
"2019-02-02 20:46:23",405
"2019-02-02 21:46:21",405
"2019-02-02 22:46:22",405
"2019-02-02 23:46:22",405
"2019-02-03 00:46:22",405
"2019-02-03 01:46:21",405
"2019-02-03 02:46:23",405
"2019-02-03 03:46:23",405
"2019-02-03 04:46:22",405
"2019-02-03 05:46:18",405
"2019-02-03 06:46:21",405
"2019-02-03 07:46:21",405
"2019-02-03 08:46:20",405
"2019-02-03 09:46:20",405
"2019-02-03 10:46:19",405
"2019-02-03 11:46:22",405
"2019-02-03 12:46:22",405
"2019-02-03 13:46:22",405
"2019-02-03 14:46:23",405
"2019-02-03 15:46:20",405
"2019-02-03 16:46:21",405
"2019-02-03 17:46:22",405
"2019-02-03 18:46:25",405
"2019-02-03 19:46:20",405
"2019-02-03 20:46:22",405
"2019-02-03 21:46:26",405
"2019-02-03 22:46:24",405
"2019-02-03 23:46:24",405
"2019-02-04 00:46:23",405
"2019-02-04 01:46:21",405
"2019-02-04 02:46:25",405
"2019-02-04 03:46:23",405
"2019-02-04 04:46:23",405
"2019-02-04 05:46:20",405
"2019-02-04 06:46:20",405
"2019-02-04 07:46:20",405
"2019-02-04 08:46:20",405
"2019-02-04 09:46:21",405
"2019-02-04 10:46:22",405
"2019-02-04 11:46:22",405
"2019-02-04 12:46:19",405
"2019-02-04 13:46:21",405
"2019-02-04 14:46:24",406
"2019-02-04 15:46:25",408
"2019-02-04 16:46:23",407
"2019-02-04 17:46:24",407
"2019-02-04 18:46:25",408
"2019-02-04 19:46:22",408
"2019-02-04 20:46:26",407
"2019-02-04 21:46:25",407
"2019-02-04 22:46:25",407
"2019-02-04 23:46:24",407
"2019-02-05 00:46:23",407
"2019-02-05 01:46:29",407
"2019-02-05 02:46:26",407
"2019-02-05 03:46:25",407
"2019-02-05 04:46:41",407
"2019-02-05 05:46:24",407
"2019-02-05 06:46:24",407
"2019-02-05 07:46:23",407
"2019-02-05 08:46:27",407
"2019-02-05 09:46:24",407
"2019-02-05 10:46:24",407
"2019-02-05 11:46:22",407
"2019-02-05 12:46:21",407
"2019-02-05 13:46:23",407
"2019-02-05 14:46:25",407
"2019-02-05 15:46:23",407
"2019-02-05 16:46:28",407
"2019-02-05 17:46:25",406
"2019-02-05 18:46:29",406
"2019-02-05 19:46:28",406
"2019-02-05 20:46:26",406
"2019-02-05 21:46:25",406
"2019-02-05 22:46:26",406
"2019-02-05 23:46:29",406
"2019-02-06 00:46:25",406
"2019-02-06 01:46:24",406
"2019-02-06 02:46:24",406
"2019-02-06 03:46:26",406
"2019-02-06 04:46:25",406
"2019-02-06 05:46:25",406
"2019-02-06 06:46:29",406
"2019-02-06 07:46:26",406
"2019-02-06 08:46:19",406
"2019-02-06 09:46:19",406
"2019-02-07 02:46:35",407
"2019-02-07 03:46:23",407
"2019-02-07 04:46:22",407
"2019-02-07 05:46:23",407
"2019-02-07 06:46:21",407
"2019-02-07 07:46:21",407
"2019-02-07 08:46:21",407
"2019-02-07 09:46:22",407
"2019-02-07 10:46:27",407
"2019-02-07 11:46:28",407
"2019-02-07 12:46:25",407
"2019-02-07 13:46:26",407
"2019-02-07 15:09:58",406
"2019-02-07 15:46:28",406
"2019-02-07 16:46:29",407
"2019-02-07 17:46:26",406
"2019-02-07 18:46:32",406
"2019-02-07 19:46:31",406
"2019-02-07 20:46:28",406
"2019-02-07 21:46:26",406
"2019-02-07 22:46:25",406
"2019-02-07 23:46:26",406
"2019-02-08 00:46:57",406
"2019-02-08 01:46:25",406
"2019-02-08 02:46:26",406
"2019-02-08 03:46:32",406
"2019-02-08 04:46:26",406
"2019-02-08 05:46:25",406
"2019-02-08 06:46:23",406
"2019-02-08 07:46:24",406
"2019-02-08 08:46:23",406
"2019-02-08 09:46:26",406
"2019-02-08 10:46:25",406
"2019-02-08 11:46:27",406
"2019-02-08 12:46:28",406
"2019-02-08 13:46:27",406
"2019-02-08 15:10:59",409
"2019-02-08 15:46:24",409
"2019-02-08 16:46:26",410
"2019-02-08 17:46:29",410
"2019-02-08 18:46:31",410
"2019-02-08 19:46:32",410
"2019-02-08 20:46:29",409
"2019-02-08 21:46:28",410
"2019-02-08 22:46:26",410
"2019-02-08 23:46:25",410
"2019-02-09 00:46:26",410
"2019-02-09 01:46:25",410
"2019-02-09 02:46:26",410
"2019-02-09 03:46:25",410
"2019-02-09 04:46:29",410
"2019-02-09 05:46:27",410
"2019-02-09 06:46:26",410
"2019-02-09 07:46:25",410
"2019-02-09 08:46:23",410
"2019-02-09 09:46:24",410
"2019-02-09 10:46:25",410
"2019-02-09 11:46:23",410
"2019-02-09 12:46:27",410
"2019-02-09 13:46:25",410
"2019-02-09 14:46:26",410
"2019-02-09 15:46:29",410
"2019-02-09 16:46:28",410
"2019-02-09 17:46:28",410
"2019-02-09 18:46:26",410
"2019-02-09 19:46:28",410
"2019-02-09 20:46:27",410
"2019-02-09 21:46:28",410
"2019-02-09 22:46:26",410
"2019-02-09 23:46:28",410
"2019-02-10 00:46:26",410
"2019-02-10 01:46:28",410
"2019-02-10 02:46:27",410
"2019-02-10 03:46:26",410
"2019-02-10 04:46:32",410
"2019-02-10 05:46:32",410
"2019-02-10 06:46:31",410
"2019-02-10 07:46:26",410
"2019-02-10 08:46:26",410
"2019-02-10 09:46:26",410
"2019-02-10 10:46:24",410
"2019-02-10 11:46:25",410
"2019-02-10 12:46:25",410
"2019-02-10 13:46:27",410
"2019-02-10 14:46:28",410
"2019-02-10 15:46:31",410
"2019-02-10 16:46:31",410
"2019-02-10 17:46:29",410
"2019-02-10 18:46:28",410
"2019-02-10 19:46:31",410
"2019-02-10 20:46:29",410
"2019-02-10 21:46:27",410
"2019-02-10 22:46:29",410
"2019-02-10 23:46:31",410
"2019-02-11 00:46:30",410
"2019-02-11 01:46:29",410
"2019-02-11 02:46:33",410
"2019-02-11 03:46:31",410
"2019-02-11 04:46:34",410
"2019-02-11 05:46:31",410
"2019-02-11 06:46:31",410
"2019-02-11 07:46:26",410
"2019-02-11 08:46:26",410
"2019-02-11 09:46:26",410
"2019-02-11 10:46:31",410
"2019-02-11 11:46:25",410
"2019-02-11 12:46:25",410
"2019-02-11 13:46:26",410
"2019-02-11 14:46:26",410
"2019-02-11 15:46:25",412
"2019-02-11 16:46:27",411
"2019-02-11 17:46:28",410
"2019-02-11 18:46:28",410
"2019-02-11 19:46:26",410
"2019-02-11 20:46:26",410
"2019-02-11 21:46:25",410
"2019-02-11 22:46:24",410
"2019-02-11 23:46:26",410
"2019-02-12 00:46:25",410
"2019-02-12 01:46:23",410
"2019-02-12 02:46:31",410
"2019-02-12 03:46:26",410
"2019-02-12 04:46:28",410
"2019-02-12 05:46:27",410
"2019-02-12 06:46:26",410
"2019-02-12 07:46:27",410
"2019-02-12 08:46:26",410
"2019-02-12 09:46:27",410
"2019-02-12 10:46:28",410
"2019-02-12 11:46:28",410
"2019-02-12 12:46:26",410
"2019-02-12 13:46:28",410
"2019-02-12 14:46:27",410
"2019-02-12 15:46:32",411
"2019-02-12 16:46:27",410
"2019-02-12 17:46:27",412
"2019-02-12 18:46:27",411
"2019-02-12 19:46:29",412
"2019-02-12 20:46:27",413
"2019-02-12 21:46:28",412
"2019-02-12 22:46:28",412
"2019-02-12 23:46:27",412
"2019-02-13 00:46:28",412
"2019-02-13 01:46:30",412
"2019-02-13 02:46:29",412
"2019-02-13 03:46:29",412
"2019-02-13 04:46:29",412
"2019-02-13 05:46:30",412
"2019-02-13 06:46:28",412
"2019-02-13 07:46:27",412
"2019-02-13 08:46:25",412
"2019-02-13 09:46:25",412
"2019-02-13 10:46:27",412
"2019-02-13 11:46:26",412
"2019-02-13 12:46:28",412
"2019-02-13 13:46:26",412
"2019-02-13 14:46:26",412
"2019-02-13 15:46:28",412
"2019-02-13 16:46:25",410
"2019-02-13 17:46:29",410
"2019-02-13 18:46:24",410
"2019-02-13 19:46:24",410
"2019-02-13 20:46:25",409
"2019-02-13 21:46:24",410
"2019-02-13 22:46:30",410
"2019-02-13 23:46:29",410
"2019-02-14 00:46:26",410
"2019-02-14 01:46:30",410
"2019-02-14 02:46:29",410
"2019-02-14 03:46:31",410
"2019-02-14 04:46:27",410
"2019-02-14 05:46:30",410
"2019-02-14 06:46:26",410
"2019-02-14 07:46:27",410
"2019-02-14 08:46:24",410
"2019-02-14 09:46:23",410
"2019-02-14 10:46:25",410
"2019-02-14 11:46:28",410
"2019-02-14 12:46:26",410
"2019-02-14 13:46:27",410
"2019-02-14 14:46:28",410
"2019-02-14 15:46:28",412
"2019-02-14 16:46:24",411
"2019-02-14 17:46:27",411
"2019-02-14 18:46:27",410
"2019-02-14 19:46:28",411
"2019-02-14 20:46:29",413
"2019-02-14 21:46:27",413
"2019-02-14 22:46:30",413
"2019-02-15 00:46:30",413
"2019-02-15 01:46:32",413
"2019-02-15 02:46:33",413
"2019-02-15 03:46:34",413
"2019-02-15 04:46:34",413
"2019-02-15 05:46:27",413
"2019-02-15 06:46:25",413
"2019-02-15 07:46:29",413
"2019-02-15 08:46:26",413
"2019-02-15 09:46:28",413
"2019-02-15 10:46:27",413
"2019-02-15 11:46:29",413
"2019-02-15 12:46:27",413
"2019-02-15 14:11:31",413
"2019-02-15 14:46:30",413
"2019-02-15 15:46:41",412
"2019-02-15 16:46:33",413
"2019-02-15 17:46:28",414
"2019-02-15 18:46:34",415
"2019-02-15 19:46:31",415
"2019-02-15 20:46:28",415
"2019-02-15 21:46:30",415
"2019-02-15 22:46:32",415
"2019-02-15 23:46:32",415
"2019-02-16 00:46:33",415
"2019-02-16 01:46:39",415
"2019-02-16 02:46:37",415
"2019-02-16 03:46:34",415
"2019-02-16 04:46:29",415
"2019-02-16 05:46:32",415
"2019-02-16 06:46:28",415
"2019-02-16 07:46:27",415
"2019-02-16 08:46:27",415
"2019-02-16 09:46:30",415
"2019-02-16 10:46:29",415
"2019-02-16 11:46:28",415
"2019-02-16 12:46:28",415
"2019-02-16 13:46:35",415
"2019-02-16 14:46:31",415
"2019-02-16 15:46:37",415
"2019-02-16 16:46:27",415
"2019-02-16 17:46:28",415
"2019-02-16 18:46:28",415
"2019-02-16 19:46:26",415
"2019-02-16 20:46:30",415
"2019-02-16 21:46:28",415
"2019-02-16 22:46:27",415
"2019-02-16 23:46:26",415
"2019-02-17 00:46:28",415
"2019-02-17 01:46:26",415
"2019-02-17 02:46:24",415
"2019-02-17 03:46:33",415
"2019-02-17 04:46:26",415
"2019-02-17 05:46:30",415
"2019-02-17 06:46:27",415
"2019-02-17 07:46:27",415
"2019-02-17 08:46:26",415
"2019-02-17 09:46:23",415
"2019-02-17 10:46:27",415
"2019-02-17 11:46:25",415
"2019-02-17 12:46:23",415
"2019-02-17 13:46:27",415
"2019-02-17 14:46:26",415
"2019-02-17 15:46:31",415
"2019-02-17 16:46:27",415
"2019-02-17 17:46:28",415
"2019-02-17 18:46:28",415
"2019-02-17 19:46:29",415
"2019-02-17 20:46:30",415
"2019-02-17 21:46:25",415
"2019-02-17 22:46:26",415
"2019-02-17 23:46:25",415
"2019-02-18 00:46:26",415
"2019-02-18 01:46:29",415
"2019-02-18 02:46:30",415
"2019-02-18 03:46:30",415
"2019-02-18 04:46:26",415
"2019-02-18 05:46:27",415
"2019-02-18 06:46:25",415
"2019-02-18 07:46:26",415
"2019-02-18 08:46:26",415
"2019-02-18 09:46:28",415
"2019-02-18 10:46:25",415
"2019-02-18 11:46:25",415
"2019-02-18 12:46:26",415
"2019-02-18 13:46:29",415
"2019-02-18 14:46:29",415
"2019-02-18 15:46:30",415
"2019-02-18 16:46:29",415
"2019-02-18 17:46:31",415
"2019-02-18 18:46:29",415
"2019-02-18 19:46:28",415
"2019-02-18 20:46:31",415
"2019-02-18 21:46:26",415
"2019-02-18 22:46:26",415
"2019-02-18 23:46:26",415
"2019-02-19 00:46:27",415
"2019-02-19 01:46:30",415
"2019-02-19 02:46:28",415
"2019-02-19 03:46:28",415
"2019-02-19 04:46:28",415
"2019-02-19 05:46:28",415
"2019-02-19 06:46:26",415
"2019-02-19 07:46:25",415
"2019-02-19 08:46:26",415
"2019-02-19 09:46:24",415
"2019-02-19 10:46:23",415
"2019-02-19 11:46:21",415
"2019-02-19 12:46:21",415
"2019-02-19 14:10:57",415
"2019-02-19 14:46:27",415
"2019-02-19 15:46:31",421
"2019-02-19 16:46:28",421
"2019-02-19 17:46:30",423
"2019-02-19 18:46:34",424
"2019-02-19 19:46:31",424
"2019-02-19 20:46:35",423
"2019-02-19 21:46:32",423
"2019-02-19 22:46:34",423
"2019-02-19 23:46:32",423
"2019-02-20 00:46:40",423
"2019-02-20 01:46:34",423
"2019-02-20 02:46:34",423
"2019-02-20 03:46:42",423
"2019-02-20 04:46:35",423
"2019-02-20 05:46:30",423
"2019-02-20 06:46:30",423
"2019-02-20 07:46:27",423
"2019-02-20 08:46:31",423
"2019-02-20 09:46:30",423
"2019-02-20 10:46:27",423
"2019-02-20 11:46:30",423
"2019-02-20 12:46:31",423
"2019-02-20 13:46:30",423
"2019-02-20 14:46:33",423
"2019-02-20 15:46:35",423
"2019-02-20 16:46:32",423
"2019-02-20 17:46:32",423
"2019-02-20 18:46:32",423
"2019-02-20 19:46:34",423
"2019-02-20 20:46:36",423
"2019-02-20 21:46:34",424
"2019-02-20 22:46:34",424
"2019-02-20 23:46:30",424
"2019-02-21 00:46:31",424
"2019-02-21 01:46:33",424
"2019-02-21 02:46:36",424
"2019-02-21 03:46:34",424
"2019-02-21 04:46:31",424
"2019-02-21 05:46:32",424
"2019-02-21 06:46:29",424
"2019-02-21 07:46:29",424
"2019-02-21 08:46:26",424
"2019-02-21 09:46:28",424
"2019-02-21 10:46:29",424
"2019-02-21 11:46:29",424
"2019-02-21 12:46:27",424
"2019-02-21 13:46:27",424
"2019-02-21 14:46:31",424
"2019-02-21 15:46:34",423
"2019-02-21 17:10:30",423
"2019-02-21 17:46:27",423
"2019-02-21 18:46:27",424
"2019-02-21 19:46:28",425
"2019-02-21 20:46:32",425
"2019-02-21 21:46:26",425
"2019-02-21 22:46:30",425
"2019-02-21 23:46:28",425
"2019-02-22 00:46:29",425
"2019-02-22 01:46:33",425
"2019-02-22 02:46:31",425
"2019-02-22 03:46:31",425
"2019-02-22 04:46:30",425
"2019-02-22 05:46:28",425
"2019-02-22 06:46:28",425
"2019-02-22 07:46:33",425
"2019-02-22 08:46:32",425
"2019-02-22 09:46:30",425
"2019-02-22 10:46:28",425
"2019-02-22 11:46:29",425
"2019-02-22 12:46:28",425
"2019-02-22 13:46:26",425
"2019-02-22 14:46:31",425
"2019-02-22 15:46:31",427
"2019-02-22 16:46:30",429
"2019-02-22 17:46:29",429
"2019-02-22 18:46:31",430
"2019-02-22 19:46:28",430
"2019-02-22 20:46:27",430
"2019-02-22 21:46:33",430
"2019-02-22 22:46:28",430
"2019-02-22 23:46:33",430
"2019-02-23 00:46:27",430
"2019-02-23 01:46:32",430
"2019-02-23 02:46:35",430
"2019-02-23 03:46:35",430
"2019-02-23 04:46:32",430
"2019-02-23 05:46:31",430
"2019-02-23 06:46:27",430
"2019-02-23 07:46:28",430
"2019-02-23 08:46:29",430
"2019-02-23 09:46:27",430
"2019-02-23 10:46:28",430
"2019-02-23 11:46:29",430
"2019-02-23 12:46:28",430
"2019-02-23 13:46:27",430
"2019-02-23 14:46:29",430
"2019-02-23 15:46:30",430
"2019-02-23 16:46:27",430
"2019-02-23 17:46:28",430
"2019-02-23 18:46:30",430
"2019-02-23 19:46:29",430
"2019-02-23 20:46:30",430
"2019-02-23 21:46:31",430
"2019-02-23 22:46:28",430
"2019-02-23 23:46:29",430
"2019-02-24 00:46:30",430
"2019-02-24 01:46:30",430
"2019-02-24 02:46:29",430
"2019-02-24 03:46:31",430
"2019-02-24 04:46:29",430
"2019-02-24 05:46:31",430
"2019-02-24 06:46:28",430
"2019-02-24 07:46:29",430
"2019-02-24 08:46:28",430
"2019-02-24 09:46:28",430
"2019-02-24 10:46:26",430
"2019-02-24 11:46:27",430
"2019-02-24 12:46:27",430
"2019-02-24 13:46:27",430
"2019-02-24 14:46:26",430
"2019-02-24 15:46:28",430
"2019-02-24 16:46:29",430
"2019-02-24 17:46:32",430
"2019-02-24 18:46:29",430
"2019-02-24 19:46:30",430
"2019-02-24 20:46:27",430
"2019-02-24 21:46:27",430
"2019-02-24 22:46:30",430
"2019-02-24 23:46:29",430
"2019-02-25 00:46:30",430
"2019-02-25 01:46:28",430
"2019-02-25 02:46:29",430
"2019-02-25 03:46:30",430
"2019-02-25 04:46:29",430
"2019-02-25 05:46:27",430
"2019-02-25 06:46:26",430
"2019-02-25 07:46:28",430
"2019-02-25 08:46:28",430
"2019-02-25 09:46:28",430
"2019-02-25 10:46:27",430
"2019-02-25 11:46:29",430
"2019-02-25 12:46:28",430
"2019-02-25 14:11:32",430
"2019-02-25 14:46:29",430
"2019-02-25 15:46:32",432
"2019-02-25 16:46:29",431
"2019-02-25 17:46:31",430
"2019-02-25 18:46:34",430
"2019-02-25 19:46:28",431
"2019-02-25 20:46:30",431
"2019-02-25 21:46:30",431
"2019-02-25 22:46:28",431
"2019-02-25 23:46:30",431
"2019-02-26 00:46:31",431
"2019-02-26 01:46:29",431
"2019-02-26 02:46:33",431
"2019-02-26 03:46:34",431
"2019-02-26 04:46:34",431
"2019-02-26 05:46:29",431
"2019-02-26 06:46:34",431
"2019-02-26 07:46:33",431
"2019-02-26 08:46:30",431
"2019-02-26 09:46:29",431
"2019-02-26 10:46:25",431
"2019-02-26 11:46:29",431
"2019-02-26 12:46:26",431
"2019-02-26 13:46:29",431
"2019-02-26 14:46:31",431
"2019-02-26 15:46:36",431
"2019-02-26 16:46:32",431
"2019-02-26 17:46:31",431
"2019-02-26 18:46:28",431
"2019-02-26 19:46:36",432
"2019-02-26 20:46:32",432
"2019-02-26 21:46:29",428
"2019-02-26 22:46:35",428
"2019-02-26 23:46:32",428
"2019-02-27 00:46:36",428
"2019-02-27 01:46:35",428
"2019-02-27 03:47:05",428
"2019-02-27 04:46:35",428
"2019-02-27 05:46:32",428
"2019-02-27 06:46:34",428
"2019-02-27 07:46:31",428
"2019-02-27 08:46:29",428
"2019-02-27 09:46:26",428
"2019-02-27 10:46:28",428
"2019-02-27 11:46:32",428
"2019-02-27 12:46:34",428
"2019-02-27 13:46:29",428
"2019-02-27 14:46:34",428
"2019-02-27 15:46:37",429
"2019-02-27 16:46:29",429
"2019-02-27 17:46:29",430
"2019-02-27 18:46:34",430
"2019-02-27 19:46:32",430
"2019-02-27 20:46:30",430
"2019-02-27 21:46:31",430
"2019-02-27 22:46:33",430
"2019-02-27 23:46:29",430
"2019-02-28 01:46:29",430
"2019-02-28 02:46:33",430
"2019-02-28 04:46:31",430
"2019-02-28 05:46:30",430
"2019-02-28 06:46:26",430
"2019-02-28 07:46:29",430
"2019-02-28 08:46:30",430
"2019-02-28 09:46:29",430
"2019-02-28 10:46:30",430
"2019-02-28 11:46:31",430
"2019-02-28 12:46:30",430
"2019-02-28 13:46:31",430
"2019-02-28 15:10:38",430
"2019-02-28 15:46:25",430
"2019-02-28 16:46:33",431
"2019-02-28 17:46:33",431
"2019-02-28 18:46:37",433
"2019-02-28 19:46:34",434
"2019-02-28 20:46:29",434
"2019-02-28 21:46:29",434
"2019-02-28 22:46:32",434
"2019-02-28 23:46:30",434
"2019-03-01 00:46:29",434
"2019-03-01 01:46:32",434
"2019-03-01 02:46:34",434
"2019-03-01 03:46:37",434
"2019-03-01 04:46:33",434
"2019-03-01 05:46:33",434
"2019-03-01 06:46:31",434
"2019-03-01 07:46:33",434
"2019-03-01 08:46:31",434
"2019-03-01 09:46:27",434
"2019-03-01 10:46:30",434
"2019-03-01 11:46:28",434
"2019-03-01 12:46:27",434
"2019-03-01 13:46:37",434
"2019-03-01 14:46:37",434
"2019-03-01 15:46:33",434
"2019-03-01 16:46:33",434
"2019-03-01 17:46:31",430
"2019-03-01 18:46:33",429
"2019-03-01 19:46:34",428
"2019-03-01 20:46:36",429
"2019-03-01 21:46:38",429
"2019-03-01 22:46:37",429
"2019-03-01 23:46:37",429
"2019-03-02 07:46:33",429
"2019-03-02 08:46:32",429
"2019-03-02 09:46:28",429
"2019-03-02 10:46:27",429
"2019-03-02 11:46:32",429
"2019-03-02 15:46:38",429
"2019-03-02 16:46:33",429
"2019-03-02 17:46:31",429
"2019-03-04 02:46:35",429
"2019-03-04 07:46:34",429
"2019-03-04 10:46:29",429
"2019-03-04 11:46:28",429
"2019-03-04 12:46:24",429
"2019-03-04 13:46:22",429
"2019-03-04 14:46:33",429
"2019-03-04 15:46:29",434
"2019-03-04 16:46:32",436
"2019-03-04 17:46:32",438
"2019-03-04 18:46:29",439
"2019-03-04 19:46:35",441
"2019-03-04 20:46:33",441
"2019-03-04 21:46:31",443
"2019-03-04 22:46:33",443
"2019-03-04 23:46:32",443
"2019-03-05 00:46:34",443
"2019-03-05 01:46:31",443
"2019-03-05 02:46:35",443
"2019-03-05 03:46:36",443
"2019-03-05 04:46:33",443
"2019-03-05 05:46:31",443
"2019-03-05 06:46:29",443
"2019-03-05 07:46:29",443
"2019-03-05 08:46:28",443
"2019-03-05 09:46:30",443
"2019-03-05 10:46:27",443
"2019-03-05 11:46:24",443
"2019-03-05 12:46:28",443
"2019-03-05 14:11:42",443
"2019-03-05 14:46:31",443
"2019-03-05 15:46:37",447
"2019-03-05 16:46:34",448
"2019-03-05 17:46:34",450
"2019-03-05 18:46:33",450
"2019-03-05 19:46:32",451
"2019-03-05 20:46:33",452
"2019-03-05 21:46:33",454
"2019-03-05 22:46:35",454
"2019-03-05 23:46:35",454
"2019-03-06 00:46:35",454
"2019-03-06 01:46:34",454
"2019-03-06 02:46:33",454
"2019-03-06 03:46:36",454
"2019-03-06 04:46:38",454
"2019-03-06 05:46:34",454
"2019-03-06 06:46:37",454
"2019-03-06 07:46:31",454
"2019-03-06 08:46:29",454
"2019-03-06 09:46:30",454
"2019-03-06 10:46:34",454
"2019-03-06 11:47:41",454
"2019-03-06 12:47:02",454
"2019-03-06 14:11:44",454
"2019-03-06 14:47:15",454
"2019-03-06 15:47:09",449
"2019-03-06 16:46:28",450
"2019-03-06 17:46:39",451
"2019-03-06 18:46:36",457
"2019-03-06 19:46:34",460
"2019-03-06 20:46:33",462
"2019-03-06 21:46:33",467
"2019-03-06 22:46:33",468
"2019-03-06 23:46:33",468
"2019-03-07 00:46:33",468
"2019-03-07 01:46:36",468
"2019-03-07 02:46:37",468
"2019-03-07 04:46:45",468
"2019-03-07 05:46:37",468
"2019-03-07 06:46:31",468
"2019-03-07 07:46:33",468
"2019-03-07 08:46:35",468
"2019-03-07 09:46:33",468
"2019-03-07 10:46:30",468
"2019-03-07 11:46:33",468
"2019-03-07 12:46:31",468
"2019-03-07 13:46:32",468
"2019-03-07 14:46:36",468
"2019-03-07 15:46:30",461
"2019-03-07 16:46:33",537
"2019-03-07 17:46:37",585
"2019-03-07 18:46:35",623
"2019-03-07 20:11:07",667
"2019-03-07 20:46:32",667
"2019-03-07 21:46:36",691
"2019-03-07 22:46:41",694
"2019-03-07 23:46:30",700
"2019-03-08 00:46:34",700
"2019-03-08 01:46:34",700
"2019-03-08 02:46:32",700
"2019-03-08 04:46:32",700
"2019-03-08 05:46:32",700
"2019-03-08 06:46:32",700
"2019-03-08 07:46:31",700
"2019-03-08 08:46:30",700
"2019-03-08 09:46:30",700
"2019-03-08 10:46:29",700
"2019-03-08 11:46:29",700
"2019-03-08 12:46:31",700
"2019-03-08 14:11:37",700
"2019-03-08 14:46:29",700
"2019-03-08 15:46:37",780
"2019-03-08 16:46:30",787
"2019-03-08 17:46:29",807
"2019-03-08 18:46:34",809
"2019-03-08 19:46:34",805
"2019-03-08 20:46:27",797
"2019-03-08 21:46:38",796
"2019-03-08 22:46:29",798
"2019-03-08 23:46:35",799
"2019-03-09 00:46:41",799
"2019-03-09 01:46:35",799
"2019-03-09 02:46:31",799
"2019-03-09 03:46:35",799
"2019-03-09 04:46:33",799
"2019-03-09 05:46:31",799
"2019-03-09 06:46:30",799
"2019-03-09 07:46:30",799
"2019-03-09 08:46:28",799
"2019-03-09 09:46:24",799
"2019-03-09 10:46:28",799
"2019-03-09 11:46:26",799
"2019-03-09 12:46:29",799
"2019-03-09 13:46:27",799
"2019-03-09 14:46:31",799
"2019-03-09 15:46:33",799
"2019-03-09 16:46:31",799
"2019-03-09 17:46:30",799
"2019-03-09 18:46:31",799
"2019-03-09 19:46:30",799
"2019-03-09 20:46:30",799
"2019-03-09 21:46:27",799
"2019-03-09 22:46:31",799
"2019-03-09 23:46:30",799
"2019-03-10 00:46:31",799
"2019-03-10 01:46:31",799
"2019-03-10 02:46:33",799
"2019-03-10 03:46:30",799
"2019-03-10 04:46:28",799
"2019-03-10 05:46:29",799
"2019-03-10 06:46:30",799
"2019-03-10 07:46:27",799
"2019-03-10 08:46:25",799
"2019-03-10 09:46:28",799
"2019-03-10 10:46:26",799
"2019-03-10 11:46:27",799
"2019-03-10 12:46:28",799
"2019-03-10 13:46:27",799
"2019-03-10 14:46:27",799
"2019-03-10 15:46:35",799
"2019-03-10 16:46:30",799
"2019-03-10 17:46:34",799
"2019-03-10 18:46:37",799
"2019-03-10 19:46:30",799
"2019-03-10 20:46:29",799
"2019-03-10 21:46:28",799
"2019-03-10 22:46:27",799
"2019-03-10 23:46:29",799
"2019-03-11 00:46:31",799
"2019-03-11 01:46:32",799
"2019-03-11 02:46:30",799
"2019-03-11 03:46:29",799
"2019-03-11 04:46:30",799
"2019-03-11 05:46:30",799
"2019-03-11 06:46:28",799
"2019-03-11 07:46:29",799
"2019-03-11 08:46:25",799
"2019-03-11 09:46:29",799
"2019-03-11 10:46:29",799
"2019-03-11 11:46:27",799
"2019-03-11 12:46:33",799
"2019-03-11 13:46:32",799
"2019-03-11 14:46:33",778
"2019-03-11 15:46:29",753
"2019-03-11 16:46:30",750
"2019-03-11 17:46:30",750
"2019-03-11 18:46:31",750
"2019-03-11 19:46:30",748
"2019-03-11 20:46:29",747
"2019-03-11 21:46:32",747
"2019-03-11 22:46:29",747
"2019-03-11 23:46:34",747
"2019-03-12 00:46:36",747
"2019-03-12 01:46:31",747
"2019-03-12 02:46:30",747
"2019-03-12 03:46:34",747
"2019-03-12 04:46:31",747
"2019-03-12 05:46:33",747
"2019-03-12 06:46:32",747
"2019-03-12 07:46:28",747
"2019-03-12 08:46:28",747
"2019-03-12 09:46:27",747
"2019-03-12 10:46:32",747
"2019-03-12 11:46:28",747
"2019-03-12 12:46:31",747
"2019-03-12 13:46:31",747
"2019-03-12 14:46:30",736
"2019-03-12 15:46:30",738
"2019-03-12 16:46:30",737
"2019-03-12 17:46:29",744
"2019-03-12 18:46:30",749
"2019-03-12 19:46:28",752
"2019-03-12 20:46:30",755
"2019-03-12 21:46:29",756
"2019-03-12 22:46:32",756
"2019-03-12 23:46:35",756
"2019-03-13 00:46:33",756
"2019-03-13 01:46:33",756
"2019-03-13 02:46:30",756
"2019-03-13 03:46:33",756
"2019-03-13 04:46:34",756
"2019-03-13 05:46:32",756
"2019-03-13 06:46:29",756
"2019-03-13 07:46:33",756
"2019-03-13 08:46:29",756
"2019-03-13 09:46:29",756
"2019-03-13 10:46:27",756
"2019-03-13 11:46:26",756
"2019-03-13 13:10:31",756
"2019-03-13 13:46:30",756
"2019-03-13 14:46:29",764
"2019-03-13 15:46:30",765
"2019-03-13 16:46:34",760
"2019-03-13 17:46:32",760
"2019-03-13 18:46:26",756
"2019-03-13 19:46:31",753
"2019-03-13 20:46:30",747
"2019-03-13 21:46:31",749
"2019-03-13 22:46:28",748
"2019-03-13 23:46:31",748
"2019-03-14 00:46:29",748
"2019-03-14 01:46:32",748
"2019-03-14 02:46:33",748
"2019-03-14 03:46:29",748
"2019-03-14 04:46:31",748
"2019-03-14 05:46:28",748
"2019-03-14 06:46:30",748
"2019-03-14 07:46:29",748
"2019-03-14 08:46:26",748
"2019-03-14 09:46:26",748
"2019-03-14 10:46:32",748
"2019-03-14 11:46:29",748
"2019-03-14 13:11:04",748
"2019-03-14 13:46:29",748
"2019-03-14 14:46:32",735
"2019-03-14 15:46:32",735
"2019-03-14 16:46:30",722
"2019-03-14 17:46:31",715
"2019-03-14 18:46:29",711
"2019-03-14 19:46:37",709
"2019-03-14 20:46:31",704
"2019-03-14 21:46:33",705
"2019-03-14 22:46:35",705
"2019-03-14 23:46:35",704
"2019-03-15 00:46:32",704
"2019-03-15 01:46:32",704
"2019-03-15 02:46:33",704
"2019-03-15 03:46:33",704
"2019-03-15 04:46:31",704
"2019-03-15 05:46:29",704
"2019-03-15 06:46:26",704
"2019-03-15 07:46:30",704
"2019-03-15 08:46:33",704
"2019-03-15 09:46:33",704
"2019-03-15 10:46:35",704
"2019-03-15 11:46:32",704
"2019-03-15 12:46:32",704
"2019-03-15 13:46:35",704
"2019-03-15 14:46:32",707
"2019-03-15 15:46:37",702
"2019-03-15 16:46:36",700
"2019-03-15 17:46:36",697
"2019-03-15 18:46:33",691
"2019-03-15 19:46:33",691
"2019-03-15 20:46:33",691
"2019-03-15 21:46:31",690
"2019-03-15 22:46:30",690
"2019-03-15 23:46:35",690
"2019-03-16 00:46:33",690
"2019-03-16 01:46:30",690
"2019-03-16 02:46:33",690
"2019-03-16 03:46:35",690
"2019-03-16 04:46:36",690
"2019-03-16 05:46:35",690
"2019-03-16 06:46:32",690
"2019-03-16 07:46:32",690
"2019-03-16 08:46:35",690
"2019-03-16 09:46:31",690
"2019-03-16 10:46:30",690
"2019-03-16 11:46:31",690
"2019-03-16 12:46:31",690
"2019-03-16 13:46:34",690
"2019-03-16 14:46:30",690
"2019-03-16 15:46:33",690
"2019-03-16 16:46:32",690
"2019-03-16 17:46:31",690
"2019-03-16 18:46:31",690
"2019-03-16 19:46:30",690
"2019-03-16 20:46:34",690
"2019-03-16 21:46:36",690
"2019-03-16 22:46:34",690
"2019-03-16 23:46:31",690
"2019-03-17 00:46:34",690
"2019-03-17 01:46:32",690
"2019-03-17 02:46:38",690
"2019-03-17 03:46:35",690
"2019-03-17 04:46:34",690
"2019-03-17 05:46:34",690
"2019-03-17 06:46:31",690
"2019-03-17 07:46:31",690
"2019-03-17 08:46:28",690
"2019-03-17 09:46:32",690
"2019-03-17 10:46:28",690
"2019-03-17 11:46:29",690
"2019-03-17 12:46:28",690
"2019-03-17 13:46:28",690
"2019-03-17 14:46:29",690
"2019-03-17 15:46:28",690
"2019-03-17 16:46:27",690
"2019-03-17 17:46:28",690
"2019-03-17 18:46:30",690
"2019-03-17 19:46:30",690
"2019-03-17 20:46:28",690
"2019-03-17 21:46:27",690
"2019-03-17 22:46:28",690
"2019-03-17 23:46:30",690
"2019-03-18 00:46:30",690
"2019-03-18 01:46:28",690
"2019-03-18 02:46:30",690
"2019-03-18 03:46:31",690
"2019-03-18 04:46:31",690
"2019-03-18 05:46:27",690
"2019-03-18 06:46:28",690
"2019-03-18 07:46:30",690
"2019-03-18 08:46:28",690
"2019-03-18 09:46:28",690
"2019-03-18 10:46:28",690
"2019-03-18 11:46:26",690
"2019-03-18 12:46:32",690
"2019-03-18 13:46:34",690
"2019-03-18 14:46:32",689
"2019-03-18 15:46:38",690
"2019-03-18 16:46:30",693
"2019-03-18 17:46:36",693
"2019-03-18 18:46:36",692
"2019-03-18 19:46:34",687
"2019-03-18 20:46:33",688
"2019-03-18 21:46:34",685
"2019-03-18 22:46:37",685
"2019-03-18 23:46:34",685
"2019-03-19 00:46:39",685
"2019-03-19 01:46:36",685
"2019-03-19 02:46:36",685
"2019-03-19 03:46:33",685
"2019-03-19 04:46:31",685
"2019-03-19 05:46:29",685
"2019-03-19 06:46:39",685
"2019-03-19 07:46:33",685
"2019-03-19 08:46:30",685
"2019-03-19 09:46:32",685
"2019-03-19 10:46:35",685
"2019-03-19 11:46:32",685
"2019-03-19 12:46:34",685
"2019-03-19 13:46:33",684
"2019-03-19 14:46:34",677
"2019-03-19 15:46:36",672
"2019-03-19 16:46:32",665
"2019-03-19 17:46:40",659
"2019-03-19 18:46:34",661
"2019-03-19 19:46:40",662
"2019-03-19 20:46:37",661
"2019-03-19 21:46:44",661
"2019-03-19 22:46:41",661
"2019-03-19 23:46:35",661
"2019-03-20 00:46:43",661
"2019-03-20 01:46:40",661
"2019-03-20 02:46:41",661
"2019-03-20 03:46:43",661
"2019-03-20 04:46:38",661
"2019-03-20 05:46:36",661
"2019-03-20 06:46:43",661
"2019-03-20 07:46:44",661
"2019-03-20 08:46:39",661
"2019-03-20 09:46:36",661
"2019-03-20 10:46:38",661
"2019-03-20 11:46:38",661
"2019-03-20 13:10:47",661
"2019-03-20 13:46:38",661
"2019-03-20 14:46:39",658
"2019-03-20 15:46:42",654
"2019-03-20 16:46:36",658
"2019-03-20 17:46:37",655
"2019-03-20 18:46:36",655
"2019-03-20 19:46:35",654
"2019-03-20 20:46:32",654
"2019-03-20 21:46:31",654
"2019-03-20 22:46:32",654
"2019-03-20 23:46:32",654
"2019-03-21 00:46:33",654
"2019-03-21 01:46:31",654
"2019-03-21 02:46:35",654
"2019-03-21 03:46:37",654
"2019-03-21 04:46:33",654
"2019-03-21 05:46:37",654
"2019-03-21 06:46:30",654
"2019-03-21 07:46:30",654
"2019-03-21 08:46:27",654
"2019-03-21 09:46:30",654
"2019-03-21 10:46:33",654
"2019-03-21 11:46:31",654
"2019-03-21 13:11:32",654
"2019-03-21 13:46:30",654
"2019-03-21 14:46:31",656
"2019-03-21 15:46:31",653
"2019-03-21 16:46:28",653
"2019-03-21 17:46:30",649
"2019-03-21 18:46:34",645
"2019-03-21 19:46:31",644
"2019-03-21 20:46:24",642
"2019-03-21 21:46:27",642
"2019-03-21 22:46:26",641
"2019-03-21 23:46:28",641
"2019-03-22 00:46:27",641
"2019-03-22 01:46:27",641
"2019-03-22 02:46:36",641
"2019-03-22 03:46:28",641
"2019-03-22 04:46:26",641
"2019-03-22 05:46:27",641
"2019-03-22 06:46:24",641
"2019-03-22 07:46:25",641
"2019-03-22 08:46:37",641
"2019-03-22 09:46:27",641
"2019-03-22 10:46:26",641
"2019-03-22 11:46:24",641
"2019-03-22 12:46:36",641
"2019-03-22 13:46:25",641
"2019-03-22 14:46:26",639
"2019-03-22 15:46:27",636
"2019-03-22 16:46:27",635
"2019-03-22 17:46:31",626
"2019-03-22 18:46:27",626
"2019-03-22 19:46:25",628
"2019-03-22 20:46:27",629
"2019-03-22 21:46:25",629
"2019-03-22 22:46:26",629
"2019-03-22 23:46:25",629
"2019-03-23 00:46:27",629
"2019-03-23 01:46:36",629
"2019-03-23 02:46:27",629
"2019-03-23 03:46:26",629
"2019-03-23 04:46:25",629
"2019-03-23 05:46:25",629
"2019-03-23 06:46:25",629
"2019-03-23 07:46:32",629
"2019-03-23 08:46:24",629
"2019-03-23 09:46:26",629
"2019-03-23 10:46:24",629
"2019-03-23 11:46:25",629
"2019-03-23 12:46:26",629
"2019-03-23 13:46:30",629
"2019-03-23 14:46:26",629
"2019-03-23 15:46:27",629
"2019-03-23 16:46:25",629
"2019-03-23 17:46:26",629
"2019-03-23 18:46:27",629
"2019-03-23 19:46:32",629
"2019-03-23 20:46:27",629
"2019-03-23 21:46:27",629
"2019-03-23 22:46:25",629
"2019-03-23 23:46:26",629
"2019-03-24 00:46:27",629
"2019-03-24 01:46:28",629
"2019-03-24 02:46:27",629
"2019-03-24 03:46:29",629
"2019-03-24 04:46:36",629
"2019-03-24 05:46:28",629
"2019-03-24 06:46:28",629
"2019-03-24 07:46:27",629
"2019-03-24 08:46:26",629
"2019-03-24 09:46:34",629
"2019-03-24 10:46:30",629
"2019-03-24 11:46:23",629
"2019-03-24 12:46:24",629
"2019-03-24 13:46:31",629
"2019-03-24 14:46:26",629
"2019-03-24 15:46:26",629
"2019-03-24 16:46:25",629
"2019-03-24 17:46:26",629
"2019-03-24 18:46:27",629
"2019-03-24 19:46:26",629
"2019-03-24 20:46:29",629
"2019-03-24 21:46:36",629
"2019-03-24 22:46:29",629
"2019-03-24 23:46:28",629
"2019-03-25 00:46:27",629
"2019-03-25 01:46:28",629
"2019-03-25 02:46:30",629
"2019-03-25 03:46:40",629
"2019-03-25 04:46:28",629
"2019-03-25 05:46:29",629
"2019-03-25 06:46:27",629
"2019-03-25 07:46:28",629
"2019-03-25 08:46:29",629
"2019-03-25 09:46:26",629
"2019-03-25 10:46:28",629
"2019-03-25 11:46:40",629
"2019-03-25 13:10:33",629
"2019-03-25 13:46:36",629
"2019-03-25 14:46:28",632
"2019-03-25 15:46:28",632
"2019-03-25 16:46:28",633
"2019-03-25 17:46:30",630
"2019-03-25 18:46:31",630
"2019-03-25 19:46:36",630
"2019-03-25 20:46:29",628
"2019-03-25 21:46:27",628
"2019-03-25 22:46:44",628
"2019-03-25 23:46:41",628
"2019-03-26 00:46:31",628
"2019-03-26 01:46:30",628
"2019-03-26 02:46:35",628
"2019-03-26 03:46:30",628
"2019-03-26 04:46:29",628
"2019-03-26 05:46:31",628
"2019-03-26 06:46:26",628
"2019-03-26 07:46:27",628
"2019-03-26 08:46:25",628
"2019-03-26 09:46:26",628
"2019-03-26 10:46:32",628
"2019-03-26 11:46:28",628
"2019-03-26 12:46:31",628
"2019-03-26 13:46:39",628
"2019-03-26 14:46:26",629
"2019-03-26 15:46:38",628
"2019-03-26 16:46:35",627
"2019-03-26 17:46:30",624
"2019-03-26 18:46:34",623
"2019-03-26 19:46:42",623
"2019-03-26 20:46:31",621
"2019-03-26 21:46:29",621
"2019-03-26 22:46:29",620
"2019-03-26 23:46:30",620
"2019-03-27 00:46:37",620
"2019-03-27 01:46:29",620
"2019-03-27 02:46:27",620
"2019-03-27 03:46:39",620
"2019-03-27 04:46:34",620
"2019-03-27 05:46:30",620
"2019-03-27 06:46:40",620
"2019-03-27 07:46:27",620
"2019-03-27 08:46:28",620
"2019-03-27 09:46:29",620
"2019-03-27 10:46:36",620
"2019-03-27 11:46:27",620
"2019-03-27 13:11:15",620
"2019-03-27 13:46:31",620
"2019-03-27 14:46:39",618
"2019-03-27 15:46:29",617
"2019-03-27 16:46:32",619
"2019-03-27 17:46:44",619
"2019-03-27 18:46:29",620
"2019-03-27 19:46:26",621
"2019-03-27 20:46:33",619
"2019-03-27 21:46:31",619
"2019-03-27 22:46:46",619
"2019-03-27 23:46:34",619
"2019-03-28 00:46:32",619
"2019-03-28 01:46:30",619
"2019-03-28 02:46:45",619
"2019-03-28 03:46:33",619
"2019-03-28 04:46:37",619
"2019-03-28 05:46:29",619
"2019-03-28 06:46:26",619
"2019-03-28 07:46:27",619
"2019-03-28 08:46:26",619
"2019-03-28 09:46:27",619
"2019-03-28 10:46:27",619
"2019-03-28 11:46:25",619
"2019-03-28 13:11:04",619
"2019-03-28 13:46:35",619
"2019-03-28 14:46:29",618
"2019-03-28 15:46:31",616
"2019-03-28 16:46:34",615
"2019-03-28 17:46:30",615
"2019-03-28 18:46:31",614
"2019-03-28 19:46:29",613
"2019-03-28 20:46:34",612
"2019-03-28 21:46:31",612
"2019-03-28 22:46:29",612
"2019-03-28 23:46:30",612
"2019-03-29 00:46:29",612
"2019-03-29 01:46:49",612
"2019-03-29 02:46:38",612
"2019-03-29 03:46:44",612
"2019-03-29 04:46:35",612
"2019-03-29 05:46:29",612
"2019-03-29 06:46:25",612
"2019-03-29 07:46:28",612
"2019-03-29 08:46:35",612
"2019-03-29 09:46:29",612
"2019-03-29 10:46:30",612
"2019-03-29 11:46:33",612
"2019-03-29 13:11:32",612
"2019-03-29 13:46:32",612
"2019-03-29 14:46:33",610
"2019-03-29 15:46:31",610
"2019-03-29 16:46:24",611
"2019-03-29 17:46:36",611
"2019-03-29 18:46:52",614
"2019-03-29 19:46:35",615
"2019-03-29 20:46:35",613
"2019-03-29 21:46:33",613
"2019-03-29 22:46:42",613
"2019-03-29 23:46:49",613
"2019-03-30 00:46:41",613
"2019-03-30 01:46:38",613
"2019-03-30 02:46:43",613
"2019-03-30 03:46:40",613
"2019-03-30 04:46:41",613
"2019-03-30 05:46:33",613
"2019-03-30 06:46:33",613
"2019-03-30 07:46:34",613
"2019-03-30 08:46:59",613
"2019-03-30 09:46:35",613
"2019-03-30 10:46:35",613
"2019-03-30 11:46:33",613
"2019-03-30 12:46:44",613
"2019-03-30 13:46:26",613
"2019-03-30 14:46:26",613
"2019-03-30 15:46:26",613
"2019-03-30 16:46:26",613
"2019-03-30 17:46:37",613
"2019-03-30 18:46:25",613
"2019-03-30 19:46:27",613
"2019-03-30 20:46:26",613
"2019-03-30 21:46:27",613
"2019-03-30 22:46:36",613
"2019-03-30 23:46:27",613
"2019-03-31 00:46:28",613
"2019-03-31 01:46:32",613
"2019-03-31 02:46:38",613
"2019-03-31 03:46:30",613
"2019-03-31 04:46:27",613
"2019-03-31 05:46:26",613
"2019-03-31 06:46:37",613
"2019-03-31 07:46:28",613
"2019-03-31 08:46:25",613
"2019-03-31 09:46:26",613
"2019-03-31 10:46:31",613
"2019-03-31 11:46:26",613
"2019-03-31 12:46:28",613
"2019-03-31 13:46:33",613
"2019-03-31 14:46:26",613
"2019-03-31 15:46:27",613
"2019-03-31 16:46:30",613
"2019-03-31 17:46:42",613
"2019-03-31 18:46:28",613
"2019-03-31 19:46:27",613
"2019-03-31 20:46:27",613
"2019-03-31 21:46:28",613
"2019-03-31 22:46:27",613
"2019-03-31 23:46:32",613
"2019-04-01 00:46:40",613
"2019-04-01 01:46:33",613
"2019-04-01 02:46:38",613
"2019-04-01 03:46:51",613
"2019-04-01 04:46:31",613
"2019-04-01 05:46:31",613
"2019-04-01 06:46:33",613
"2019-04-01 07:46:36",613
"2019-04-01 08:46:30",613
"2019-04-01 09:46:32",613
"2019-04-01 10:46:39",613
"2019-04-01 11:46:38",613
"2019-04-01 13:47:31",613
"2019-04-01 14:46:40",610
"2019-04-01 15:46:52",610
"2019-04-01 16:46:44",610
"2019-04-01 17:46:35",610
"2019-04-01 18:46:30",609
"2019-04-01 19:46:47",609
"2019-04-01 20:46:32",614
"2019-04-01 21:46:27",614
"2019-04-01 22:46:35",614
"2019-04-01 23:46:33",614
"2019-04-02 00:46:42",614
"2019-04-02 01:47:01",614
"2019-04-02 02:46:34",614
"2019-04-02 03:46:44",614
"2019-04-02 04:46:34",614
"2019-04-02 05:46:30",614
"2019-04-02 06:46:29",614
"2019-04-02 07:46:37",614
"2019-04-02 08:46:30",614
"2019-04-02 09:46:40",614
"2019-04-02 10:46:29",614
"2019-04-02 11:46:28",614
"2019-04-02 13:11:12",615
"2019-04-02 13:46:32",615
"2019-04-02 14:46:29",615
"2019-04-02 15:46:43",614
"2019-04-02 16:46:32",614
"2019-04-02 17:46:41",614
"2019-04-02 18:46:34",612
"2019-04-02 19:46:37",612
"2019-04-02 20:46:44",611
"2019-04-02 21:46:34",611
"2019-04-02 22:46:32",611
"2019-04-02 23:46:34",611
"2019-04-03 00:46:57",611
"2019-04-03 01:46:35",611
"2019-04-03 02:46:35",611
"2019-04-03 03:46:36",611
"2019-04-03 04:46:38",611
"2019-04-03 05:46:36",611
"2019-04-03 06:46:42",611
"2019-04-03 07:46:32",611
"2019-04-03 08:46:34",611
"2019-04-03 09:46:51",611
"2019-04-03 10:46:47",611
"2019-04-03 11:46:36",611
"2019-04-03 13:11:14",611
"2019-04-03 13:46:37",611
"2019-04-03 14:46:42",609
"2019-04-03 15:46:45",611
"2019-04-03 16:46:30",610
"2019-04-03 17:46:29",610
"2019-04-03 18:46:30",609
"2019-04-03 19:46:36",609
"2019-04-03 20:46:34",609
"2019-04-03 21:46:30",609
"2019-04-03 22:46:27",609
"2019-04-03 23:46:38",609
"2019-04-04 00:46:27",609
"2019-04-04 01:46:31",609
"2019-04-04 02:46:30",609
"2019-04-04 03:46:38",609
"2019-04-04 04:46:26",609
"2019-04-04 05:46:26",609
"2019-04-04 06:46:25",609
"2019-04-04 07:46:29",609
"2019-04-04 08:46:36",609
"2019-04-04 09:46:27",609
"2019-04-04 10:46:28",609
"2019-04-04 11:46:37",609
"2019-04-04 12:46:29",609
"2019-04-04 13:46:29",610
"2019-04-04 14:46:41",607
"2019-04-04 15:46:32",610
"2019-04-04 16:46:42",611
"2019-04-04 17:46:28",612
"2019-04-04 18:46:36",611
"2019-04-04 19:46:29",611
"2019-04-04 20:46:28",609
"2019-04-04 21:46:34",609
"2019-04-04 22:46:45",609
"2019-04-04 23:46:29",609
"2019-04-05 00:46:31",609
"2019-04-05 01:46:29",609
"2019-04-05 02:46:28",609
"2019-04-05 03:46:47",609
"2019-04-05 04:46:30",609
"2019-04-05 05:46:28",609
"2019-04-05 06:46:28",609
"2019-04-05 07:46:29",609
"2019-04-05 08:46:44",609
"2019-04-05 09:46:30",609
"2019-04-05 10:46:39",609
"2019-04-05 11:46:29",609
"2019-04-05 13:10:41",609
"2019-04-05 13:46:34",609
"2019-04-05 14:46:34",609
"2019-04-05 15:46:40",608
"2019-04-05 16:46:28",607
"2019-04-05 17:46:30",607
"2019-04-05 18:46:33",607
"2019-04-05 19:46:32",607
"2019-04-05 20:46:31",607
"2019-04-05 21:46:39",607
"2019-04-05 22:46:32",607
"2019-04-05 23:46:36",607
"2019-04-06 00:46:35",607
"2019-04-06 01:46:51",607
"2019-04-06 02:46:38",607
"2019-04-06 03:46:39",607
"2019-04-06 04:46:44",607
"2019-04-06 05:46:34",607
"2019-04-06 06:46:33",607
"2019-04-06 07:46:35",607
"2019-04-06 08:46:47",607
"2019-04-06 09:46:32",607
"2019-04-06 10:46:33",607
"2019-04-06 11:46:36",607
"2019-04-06 12:46:34",607
"2019-04-06 13:46:30",607
"2019-04-06 14:46:29",607
"2019-04-06 15:46:41",607
"2019-04-06 16:46:30",607
"2019-04-06 17:46:30",607
"2019-04-06 18:46:32",607
"2019-04-06 19:46:30",607
"2019-04-06 20:46:28",607
"2019-04-06 21:46:44",607
"2019-04-06 22:46:32",607
"2019-04-06 23:46:31",607
"2019-04-07 00:46:30",607
"2019-04-07 01:46:28",607
"2019-04-07 02:46:35",607
"2019-04-07 03:46:42",607
"2019-04-07 04:46:33",607
"2019-04-07 05:46:34",607
"2019-04-07 06:46:36",607
"2019-04-07 07:46:46",607
"2019-04-07 08:46:34",607
"2019-04-07 09:46:39",607
"2019-04-07 10:46:30",607
"2019-04-07 11:46:40",607
"2019-04-07 12:46:35",607
"2019-04-07 13:46:42",607
"2019-04-07 14:46:31",607
"2019-04-07 15:46:36",607
"2019-04-07 16:46:41",607
"2019-04-07 17:46:32",607
"2019-04-07 18:46:32",607
"2019-04-07 19:46:32",607
"2019-04-07 20:46:41",607
"2019-04-07 21:46:30",607
"2019-04-07 22:46:31",607
"2019-04-07 23:46:29",607
"2019-04-08 00:46:45",607
"2019-04-08 01:46:37",607
"2019-04-08 02:46:32",607
"2019-04-08 03:46:32",607
"2019-04-08 04:46:26",607
"2019-04-08 05:46:41",607
"2019-04-08 06:46:27",607
"2019-04-08 07:46:26",607
"2019-04-08 08:46:27",607
"2019-04-08 09:46:31",607
"2019-04-08 10:46:29",607
"2019-04-08 11:46:46",607
"2019-04-08 12:46:29",607
"2019-04-08 13:46:41",608
"2019-04-08 14:46:28",608
"2019-04-08 15:46:35",610
"2019-04-08 16:46:52",617
"2019-04-08 17:46:32",616
"2019-04-08 18:46:32",615
"2019-04-08 19:46:32",614
"2019-04-08 20:46:31",613
"2019-04-08 21:46:34",613
"2019-04-08 22:46:33",613
"2019-04-08 23:46:31",613
"2019-04-09 00:46:42",613
"2019-04-09 01:46:34",613
"2019-04-09 02:46:35",613
"2019-04-09 03:46:34",613
"2019-04-09 04:46:32",613
"2019-04-09 05:46:39",613
"2019-04-09 06:46:32",613
"2019-04-09 07:46:30",613
"2019-04-09 08:46:35",613
"2019-04-09 09:46:50",613
"2019-04-09 10:46:31",613
"2019-04-09 11:46:34",613
"2019-04-09 13:11:54",613
"2019-04-09 13:46:32",613
"2019-04-09 14:46:32",609
"2019-04-09 15:46:50",609
"2019-04-09 16:46:35",609
"2019-04-09 17:46:33",610
"2019-04-09 18:46:34",609
"2019-04-09 19:46:33",610
"2019-04-09 20:46:34",607
"2019-04-09 21:46:33",607
"2019-04-09 22:46:33",607
"2019-04-09 23:46:44",607
"2019-04-10 00:46:34",607
"2019-04-10 01:46:37",607
"2019-04-10 02:46:37",607
"2019-04-10 03:46:40",607
"2019-04-10 04:46:45",607
"2019-04-10 05:46:32",607
"2019-04-10 06:46:32",607
"2019-04-10 07:46:33",607
"2019-04-10 08:46:44",607
"2019-04-10 09:46:34",607
"2019-04-10 10:46:33",607
"2019-04-10 11:46:38",607
"2019-04-10 12:46:50",607
"2019-04-10 13:46:50",607
"2019-04-10 14:46:35",608
"2019-04-10 15:46:38",609
"2019-04-10 16:46:36",609
"2019-04-10 17:46:47",608
"2019-04-10 18:46:40",607
"2019-04-10 19:46:37",606
"2019-04-10 20:46:33",607
"2019-04-10 21:46:29",606
"2019-04-10 22:46:31",606
"2019-04-10 23:46:45",606
"2019-04-11 00:46:33",606
"2019-04-11 01:46:30",606
"2019-04-11 02:46:34",606
"2019-04-11 03:46:38",606
"2019-04-11 04:46:38",606
"2019-04-11 05:46:35",606
"2019-04-11 06:46:32",606
"2019-04-11 18:46:43",607
"2019-04-11 19:46:56",607
"2019-04-11 20:46:34",606
"2019-04-11 21:46:33",606
"2019-04-11 22:46:32",606
"2019-04-11 23:46:34",606
"2019-04-12 00:46:33",606
"2019-04-12 01:46:36",606
"2019-04-12 02:46:44",606
"2019-04-12 03:46:36",606
"2019-04-12 04:46:33",606
"2019-04-12 05:46:34",606
"2019-04-12 06:46:31",606
"2019-04-12 07:46:32",606
"2019-04-12 08:46:33",606
"2019-04-12 09:46:40",606
"2019-04-12 10:46:32",606
"2019-04-12 11:46:31",606
"2019-04-12 13:10:19",606
"2019-04-12 13:46:35",606
"2019-04-12 14:46:32",606
"2019-04-12 15:46:41",603
"2019-04-12 16:46:38",603
"2019-04-12 17:46:33",604
"2019-04-12 18:46:32",604
"2019-04-12 19:46:33",604
"2019-04-12 20:46:32",602
"2019-04-12 21:46:32",601
"2019-04-12 22:46:46",601
"2019-04-12 23:46:31",601
"2019-04-13 00:46:35",601
"2019-04-13 01:46:34",601
"2019-04-13 02:46:36",601
"2019-04-13 03:46:52",601
"2019-04-13 04:46:37",601
"2019-04-13 05:46:33",601
"2019-04-13 06:46:35",601
"2019-04-13 07:46:29",601
"2019-04-13 08:46:34",601
"2019-04-13 09:46:39",601
"2019-04-13 10:46:30",601
"2019-04-13 11:46:34",601
"2019-04-13 12:46:32",601
"2019-04-13 13:46:35",601
"2019-04-13 14:46:37",601
"2019-04-13 15:46:38",601
"2019-04-13 16:46:35",601
"2019-04-13 17:46:31",601
"2019-04-13 18:46:34",601
"2019-04-13 19:46:34",601
"2019-04-13 20:46:32",601
"2019-04-13 21:46:41",601
"2019-04-13 22:46:32",601
"2019-04-13 23:46:31",601
"2019-04-14 00:46:34",601
"2019-04-14 01:46:37",601
"2019-04-14 02:46:32",601
"2019-04-14 03:46:35",601
"2019-04-14 04:46:44",601
"2019-04-14 05:46:32",601
"2019-04-14 06:46:33",601
"2019-04-14 07:46:37",601
"2019-04-14 08:46:32",601
"2019-04-14 09:46:35",601
"2019-04-14 10:46:29",601
"2019-04-14 11:46:38",601
"2019-04-14 12:46:30",601
"2019-04-14 13:46:35",601
"2019-04-14 14:46:43",601
"2019-04-14 15:46:37",601
"2019-04-14 16:46:38",601
"2019-04-14 17:46:35",601
"2019-04-14 18:47:05",601
"2019-04-14 19:46:38",601
"2019-04-14 20:46:40",601
"2019-04-14 21:46:48",601
"2019-04-14 22:46:34",601
"2019-04-14 23:46:36",601
"2019-04-15 00:46:34",601
"2019-04-15 01:46:33",601
"2019-04-15 02:46:34",601
"2019-04-15 03:46:50",601
"2019-04-15 04:46:35",601
"2019-04-15 05:46:35",601
"2019-04-15 06:46:30",601
"2019-04-15 07:46:33",601
"2019-04-15 08:46:39",601
"2019-04-15 09:46:30",601
"2019-04-15 10:46:30",601
"2019-04-15 11:46:32",601
"2019-04-15 13:12:17",601
"2019-04-15 13:46:31",601
"2019-04-15 14:46:36",602
"2019-04-15 15:46:43",602
"2019-04-15 16:46:34",601
"2019-04-15 17:46:42",602
"2019-04-15 18:46:40",601
"2019-04-15 19:47:02",601
"2019-04-15 20:46:33",599
"2019-04-15 21:46:35",599
"2019-04-15 22:46:36",599
"2019-04-15 23:46:41",599
"2019-04-16 00:46:37",599
"2019-04-16 01:46:34",599
"2019-04-16 02:46:37",599
"2019-04-16 03:46:44",599
"2019-04-16 04:46:35",599
"2019-04-16 05:46:33",599
"2019-04-16 06:46:33",599
"2019-04-16 07:46:31",599
"2019-04-16 08:46:48",599
"2019-04-16 09:46:32",599
"2019-04-16 10:46:43",599
"2019-04-16 11:46:31",599
"2019-04-16 13:10:35",599
"2019-04-16 13:46:36",599
"2019-04-16 14:46:39",596
"2019-04-16 15:46:32",597
"2019-04-16 16:46:31",596
"2019-04-16 17:46:29",597
"2019-04-16 18:46:43",599
"2019-04-16 19:46:33",599
"2019-04-16 20:46:33",600
"2019-04-16 21:46:29",600
"2019-04-16 22:46:30",600
"2019-04-16 23:46:30",600
"2019-04-17 00:46:32",600
"2019-04-17 01:46:39",600
"2019-04-17 02:46:41",600
"2019-04-17 03:46:31",600
"2019-04-17 04:46:32",600
"2019-04-17 05:46:32",600
"2019-04-17 06:46:51",600
"2019-04-17 07:46:34",600
"2019-04-17 08:46:31",600
"2019-04-17 09:46:41",600
"2019-04-17 10:46:31",600
"2019-04-17 11:46:32",600
"2019-04-17 13:11:42",600
"2019-04-17 13:46:35",600
"2019-04-17 14:46:33",601
"2019-04-17 15:47:15",599
"2019-04-17 16:46:34",597
"2019-04-17 17:46:41",597
"2019-04-17 18:46:32",598
"2019-04-17 19:46:32",597
"2019-04-17 20:46:33",598
"2019-04-17 21:46:31",598
"2019-04-17 22:46:34",598
"2019-04-18 00:46:34",598
"2019-04-18 01:46:34",598
"2019-04-18 02:46:31",598
"2019-04-18 03:46:45",598
"2019-04-18 04:46:35",598
"2019-04-18 05:46:41",598
"2019-04-18 06:46:31",598
"2019-04-18 07:46:30",598
"2019-04-18 08:46:40",598
"2019-04-18 09:46:31",598
"2019-04-18 10:46:33",598
"2019-04-18 11:46:37",598
"2019-04-18 13:11:35",598
"2019-04-18 13:46:35",598
"2019-04-18 14:46:43",598
"2019-04-18 15:46:34",600
"2019-04-18 16:46:39",600
"2019-04-18 17:46:42",601
"2019-04-18 18:46:34",602
"2019-04-18 19:46:31",602
"2019-04-18 20:46:32",604
"2019-04-18 21:46:35",604
"2019-04-18 22:46:34",604
"2019-04-18 23:46:41",604
"2019-04-19 00:49:08",604
"2019-04-19 02:46:33",604
"2019-04-19 03:46:46",604
"2019-04-19 04:46:32",604
"2019-04-19 05:46:31",604
"2019-04-19 06:46:33",604
"2019-04-19 07:46:41",604
"2019-04-19 08:46:36",604
"2019-04-19 09:46:31",604
"2019-04-19 10:46:35",604
"2019-04-19 11:46:29",604
"2019-04-19 12:46:33",604
"2019-04-19 13:46:36",604
"2019-04-19 14:46:39",604
"2019-04-19 15:46:30",604
"2019-04-19 16:46:36",604
"2019-04-19 17:46:45",604
"2019-04-19 18:46:33",604
"2019-04-19 19:46:32",604
"2019-04-19 20:46:31",604
"2019-04-19 21:46:32",604
"2019-04-19 22:46:32",604
"2019-04-19 23:46:35",604
"2019-04-20 00:46:42",604
"2019-04-20 01:46:36",604
"2019-04-20 02:46:35",604
"2019-04-20 03:46:32",604
"2019-04-20 04:46:41",604
"2019-04-20 05:46:33",604
"2019-04-20 06:46:32",604
"2019-04-20 07:46:37",604
"2019-04-20 08:46:33",604
"2019-04-20 09:46:40",604
"2019-04-20 10:46:33",604
"2019-04-20 11:46:29",604
"2019-04-20 12:46:48",604
"2019-04-20 13:47:59",604
"2019-04-20 14:46:32",604
"2019-04-20 15:46:30",604
"2019-04-20 16:46:37",604
"2019-04-20 17:46:37",604
"2019-04-20 18:46:31",604
"2019-04-20 19:46:32",604
"2019-04-20 20:46:31",604
"2019-04-20 21:46:30",604
"2019-04-20 22:46:32",604
"2019-04-20 23:46:43",604
"2019-04-21 00:46:31",604
"2019-04-21 01:46:31",604
"2019-04-21 02:46:35",604
"2019-04-21 03:46:34",604
"2019-04-21 04:46:38",604
"2019-04-21 05:46:31",604
"2019-04-21 06:46:29",604
"2019-04-21 07:46:40",604
"2019-04-21 08:46:29",604
"2019-04-21 09:46:30",604
"2019-04-21 10:46:33",604
"2019-04-21 11:46:35",604
"2019-04-21 12:46:31",604
"2019-04-21 13:46:31",604
"2019-04-21 14:46:42",604
"2019-04-21 15:46:32",604
"2019-04-21 16:46:33",604
"2019-04-21 17:46:33",604
"2019-04-21 18:46:30",604
"2019-04-21 19:46:41",604
"2019-04-21 20:46:30",604
"2019-04-21 21:46:31",604
"2019-04-21 22:46:29",604
"2019-04-21 23:46:30",604
"2019-04-22 00:46:30",604
"2019-04-22 01:46:40",604
"2019-04-22 02:46:43",604
"2019-04-22 03:46:32",604
"2019-04-22 04:46:28",604
"2019-04-22 05:46:31",604
"2019-04-22 06:46:37",604
"2019-04-22 07:46:34",604
"2019-04-22 08:46:30",604
"2019-04-22 09:46:29",604
"2019-04-22 10:46:38",604
"2019-04-22 11:46:36",604
"2019-04-22 13:12:08",604
"2019-04-22 13:46:37",604
"2019-04-22 14:46:39",612
"2019-04-22 15:46:33",616
"2019-04-22 16:46:33",617
"2019-04-22 17:46:35",616
"2019-04-22 18:46:40",614
"2019-04-22 19:46:36",614
"2019-04-22 20:46:32",616
"2019-04-22 21:46:33",616
"2019-04-22 22:46:33",616
"2019-04-22 23:46:39",616
"2019-04-23 00:46:37",616
"2019-04-23 01:46:32",616
"2019-04-23 02:46:33",616
"2019-04-23 03:46:37",616
"2019-04-23 04:46:40",616
"2019-04-23 05:46:33",616
"2019-04-23 06:47:11",616
"2019-04-23 07:46:32",616
"2019-04-23 08:46:29",616
"2019-04-23 09:46:32",616
"2019-04-23 10:46:36",616
"2019-04-23 11:46:37",616
"2019-04-23 13:12:39",616
"2019-04-23 13:46:32",616
"2019-04-23 14:46:32",618
"2019-04-23 15:46:39",618
"2019-04-23 16:46:34",619
"2019-04-23 17:46:34",620
"2019-04-23 18:46:31",621
"2019-04-23 19:46:35",620
"2019-04-23 20:46:46",619
"2019-04-23 21:46:35",619
"2019-04-23 22:46:32",619
"2019-04-23 23:46:34",619
"2019-04-24 00:46:31",619
"2019-04-24 01:46:34",619
"2019-04-24 02:46:42",619
"2019-04-24 03:46:35",619
"2019-04-24 04:46:32",619
"2019-04-24 05:46:30",619
"2019-04-24 06:46:35",619
"2019-04-24 07:46:42",619
"2019-04-24 08:46:32",619
"2019-04-24 09:46:33",619
"2019-04-24 10:46:40",619
"2019-04-24 11:46:40",619
"2019-04-24 12:46:31",619
"2019-04-24 13:46:54",619
"2019-04-24 14:46:39",619
"2019-04-24 15:46:39",622
"2019-04-24 16:46:38",623
"2019-04-24 17:46:38",622
"2019-04-24 18:46:53",622
"2019-04-24 19:46:36",622
"2019-04-24 20:46:37",621
"2019-04-24 21:46:36",621
"2019-04-24 22:46:34",621
"2019-04-24 23:46:47",621
"2019-04-25 00:46:37",621
"2019-04-25 01:46:35",621
"2019-04-25 02:46:34",621
"2019-04-25 03:46:46",621
"2019-04-25 04:46:33",621
"2019-04-25 05:46:33",621
"2019-04-25 06:46:40",621
"2019-04-25 07:46:34",621
"2019-04-25 08:46:37",621
"2019-04-25 09:46:32",621
"2019-04-25 10:46:38",621
"2019-04-25 11:46:37",621
"2019-04-25 13:11:10",621
"2019-04-25 13:46:33",621
"2019-04-25 14:46:43",622
"2019-04-25 15:46:33",623
"2019-04-25 16:46:40",626
"2019-04-25 17:46:30",626
"2019-04-25 18:46:30",628
"2019-04-25 19:46:38",631
"2019-04-25 20:46:30",631
"2019-04-25 21:46:40",631
"2019-04-25 22:46:30",631
"2019-04-25 23:46:30",631
"2019-04-26 00:46:34",631
"2019-04-26 01:46:43",631
"2019-04-26 02:46:33",631
"2019-04-26 03:46:33",631
"2019-04-26 04:46:36",631
"2019-04-26 05:46:40",631
"2019-04-26 06:46:36",631
"2019-04-26 07:46:32",631
"2019-04-26 08:46:41",631
"2019-04-26 09:46:29",631
"2019-04-26 10:46:44",631
"2019-04-26 11:46:31",631
"2019-04-26 12:46:32",631
"2019-04-26 13:46:38",631
"2019-04-26 14:46:31",631
"2019-04-26 15:46:39",631
"2019-04-26 16:46:30",632
"2019-04-26 17:46:46",632
"2019-04-26 18:46:31",633
"2019-04-26 19:46:31",633
"2019-04-26 20:46:38",632
"2019-04-26 21:46:30",632
"2019-04-26 22:46:29",632
"2019-04-26 23:46:31",632
"2019-04-27 00:46:32",632
"2019-04-27 01:46:38",632
"2019-04-27 02:46:30",632
"2019-04-27 03:46:29",632
"2019-04-27 04:46:27",632
"2019-04-27 05:46:32",632
"2019-04-27 06:46:37",632
"2019-04-27 07:46:28",632
"2019-04-27 08:46:28",632
"2019-04-27 09:46:34",632
"2019-04-27 10:46:31",632
"2019-04-27 11:46:26",632
"2019-04-27 12:46:28",632
"2019-04-27 13:46:34",632
"2019-04-27 14:46:28",632
"2019-04-27 15:46:26",632
"2019-04-27 16:46:31",632
"2019-04-27 17:46:39",632
"2019-04-27 18:46:30",632
"2019-04-27 19:46:26",632
"2019-04-27 20:46:30",632
"2019-04-27 21:46:32",632
"2019-04-27 22:46:28",632
"2019-04-27 23:46:28",632
"2019-04-28 00:46:29",632
"2019-04-28 01:46:31",632
"2019-04-28 02:46:30",632
"2019-04-28 03:46:29",632
"2019-04-28 04:46:39",632
"2019-04-28 05:46:29",632
"2019-04-28 06:46:28",632
"2019-04-28 07:46:26",632
"2019-04-28 08:46:33",632
"2019-04-28 09:46:28",632
"2019-04-28 10:46:33",632
"2019-04-28 11:46:31",632
"2019-04-28 12:46:27",632
"2019-04-28 13:46:28",632
"2019-04-28 14:46:35",632
"2019-04-28 15:46:29",632
"2019-04-28 16:46:27",632
"2019-04-28 17:46:30",632
"2019-04-28 18:46:30",632
"2019-04-28 20:46:29",632
"2019-04-28 21:46:30",632
"2019-04-28 22:46:28",632
"2019-04-28 23:46:33",632
"2019-04-29 00:46:36",632
"2019-04-29 01:46:26",632
"2019-04-29 02:46:27",632
"2019-04-29 03:46:30",632
"2019-04-29 04:46:35",632
"2019-04-29 05:46:28",632
"2019-04-29 06:46:28",632
"2019-04-29 07:46:30",632
"2019-04-29 08:46:35",632
"2019-04-29 09:46:33",632
"2019-04-29 10:46:27",632
"2019-04-29 11:46:28",632
"2019-04-29 12:46:37",632
"2019-04-29 13:46:28",632
"2019-04-29 14:46:37",638
"2019-04-29 15:46:28",634
"2019-04-29 16:46:33",635
"2019-04-29 17:46:31",636
"2019-04-29 18:46:32",635
"2019-04-29 19:46:34",633
"2019-04-29 20:46:43",633
"2019-04-29 21:46:30",633
"2019-04-29 22:46:28",633
"2019-04-29 23:46:32",633
"2019-04-30 00:46:29",633
"2019-04-30 01:46:36",633
"2019-04-30 02:46:37",633
"2019-04-30 03:46:39",633
"2019-04-30 04:46:33",633
"2019-04-30 05:46:34",633
"2019-04-30 06:46:32",633
"2019-04-30 07:46:31",633
"2019-04-30 08:46:35",633
"2019-04-30 09:46:39",633
"2019-04-30 10:46:36",633
"2019-04-30 11:46:31",633
"2019-04-30 13:10:36",632
"2019-04-30 13:46:36",632
"2019-04-30 14:46:36",629
"2019-04-30 15:46:36",629
"2019-04-30 16:46:36",630
"2019-04-30 17:46:43",629
"2019-04-30 18:46:32",629
"2019-04-30 19:46:38",627
"2019-04-30 20:46:32",627
"2019-04-30 21:46:32",627
"2019-04-30 22:46:29",627
"2019-04-30 23:46:38",627
"2019-05-01 00:46:29",627
"2019-05-01 01:46:41",627
"2019-05-01 02:46:34",627
"2019-05-01 03:46:44",627
"2019-05-01 04:46:41",627
"2019-05-01 05:46:38",627
"2019-05-01 06:46:29",627
"2019-05-01 07:46:37",627
"2019-05-01 08:46:35",627
"2019-05-01 09:46:36",627
"2019-05-01 10:46:29",627
"2019-05-01 11:46:35",627
"2019-05-01 13:10:34",626
"2019-05-01 13:46:37",626
"2019-05-01 14:46:27",628
"2019-05-01 15:46:38",629
"2019-05-01 16:46:34",629
"2019-05-01 17:46:28",629
"2019-05-01 18:46:37",629
"2019-05-01 19:46:43",628
"2019-05-01 20:46:41",629
"2019-05-01 21:46:35",629
"2019-05-01 22:46:40",629
"2019-05-01 23:46:40",629
"2019-05-02 00:46:42",629
"2019-05-02 01:46:35",629
"2019-05-02 02:46:44",629
"2019-05-02 03:46:36",629
"2019-05-02 04:46:45",629
"2019-05-02 05:46:45",629
"2019-05-02 06:46:43",629
"2019-05-02 07:46:39",629
"2019-05-02 08:46:40",629
"2019-05-02 09:46:34",629
"2019-05-02 10:46:41",629
"2019-05-02 11:46:34",629
"2019-05-02 13:46:49",627
"2019-05-02 14:46:35",624
"2019-05-02 15:46:36",627
"2019-05-02 16:46:43",626
"2019-05-02 17:46:36",625
"2019-05-02 18:46:37",626
"2019-05-02 19:46:46",625
"2019-05-02 20:46:36",626
"2019-05-02 21:46:44",626
"2019-05-02 22:46:49",626
"2019-05-02 23:46:33",626
"2019-05-03 00:46:36",626
"2019-05-03 01:46:50",626
"2019-05-03 02:46:37",626
"2019-05-03 03:46:47",626
"2019-05-03 04:46:36",626
"2019-05-03 05:46:58",626
"2019-05-03 06:46:41",626
"2019-05-03 07:46:42",626
"2019-05-03 08:46:42",626
"2019-05-03 09:46:40",626
"2019-05-03 10:46:46",626
"2019-05-03 11:46:39",626
"2019-05-03 13:09:50",626
"2019-05-03 13:46:55",626
"2019-05-03 14:46:47",628
"2019-05-03 15:46:43",626
"2019-05-03 16:46:41",625
"2019-05-03 17:46:45",624
"2019-05-03 18:46:56",625
"2019-05-03 19:46:51",624
"2019-05-03 20:46:37",623
"2019-05-03 21:46:52",623
"2019-05-03 22:46:38",623
"2019-05-03 23:46:48",623
"2019-05-04 00:46:42",623
"2019-05-04 01:46:46",623
"2019-05-04 02:46:51",623
"2019-05-04 03:46:55",623
"2019-05-04 04:46:47",623
"2019-05-04 05:46:44",623
"2019-05-04 06:46:45",623
"2019-05-04 07:46:46",623
"2019-05-04 08:46:36",623
"2019-05-04 09:46:40",623
"2019-05-04 10:46:35",623
"2019-05-04 11:46:42",623
"2019-05-04 12:46:46",623
"2019-05-04 13:46:47",623
"2019-05-04 14:46:37",623
"2019-05-04 15:46:39",623
"2019-05-04 16:46:42",623
"2019-05-04 17:46:36",623
"2019-05-04 18:46:39",623
"2019-05-04 19:46:41",623
"2019-05-04 20:46:35",623
"2019-05-04 21:46:38",623
"2019-05-04 22:46:41",623
"2019-05-04 23:46:43",623
"2019-05-05 00:46:39",623
"2019-05-05 01:46:45",623
"2019-05-05 02:46:39",623
"2019-05-05 03:46:43",623
"2019-05-05 04:46:44",623
"2019-05-05 05:46:46",623
"2019-05-05 06:46:45",623
"2019-05-05 07:46:38",623
"2019-05-05 08:46:33",623
"2019-05-05 09:46:34",623
"2019-05-05 10:46:37",623
"2019-05-05 11:46:40",623
"2019-05-05 12:46:37",623
"2019-05-05 13:46:39",623
"2019-05-05 14:46:39",623
"2019-05-05 15:46:37",623
"2019-05-05 16:46:36",623
"2019-05-05 17:46:46",623
"2019-05-05 18:46:37",623
"2019-05-05 19:46:35",623
"2019-05-05 20:46:37",623
"2019-05-05 21:46:38",623
"2019-05-05 22:46:40",623
"2019-05-05 23:46:41",623
"2019-05-06 00:46:36",623
"2019-05-06 01:46:36",623
"2019-05-06 02:46:36",623
"2019-05-06 03:46:43",623
"2019-05-06 04:46:33",623
"2019-05-06 05:46:32",623
"2019-05-06 06:46:33",623
"2019-05-06 07:46:38",623
"2019-05-06 08:46:33",623
"2019-05-06 09:46:30",623
"2019-05-06 10:46:38",623
"2019-05-06 11:46:38",623
"2019-05-06 13:11:57",623
"2019-05-06 13:47:01",623
"2019-05-06 14:46:59",620
"2019-05-06 15:46:34",620
"2019-05-06 16:46:39",620
"2019-05-06 17:38:30",620
"2019-05-06 17:46:34",620
"2019-05-06 18:46:38",622
"2019-05-06 19:46:39",625
"2019-05-06 20:46:32",625
"2019-05-06 21:46:31",625
"2019-05-06 22:46:36",625
"2019-05-06 23:46:30",625
"2019-05-07 00:46:33",625
"2019-05-07 01:46:47",625
"2019-05-07 02:46:33",625
"2019-05-07 03:46:36",625
"2019-05-07 04:46:36",625
"2019-05-07 05:46:32",625
"2019-05-07 06:46:30",625
"2019-05-07 07:46:34",625
"2019-05-07 08:46:28",625
"2019-05-07 09:46:34",625
"2019-05-07 10:46:31",625
"2019-05-07 11:46:28",625
"2019-05-07 12:46:38",625
"2019-05-07 13:46:38",625
"2019-05-07 14:46:31",628
"2019-05-07 15:46:29",628
"2019-05-07 16:46:39",630
"2019-05-07 17:46:36",627
"2019-05-07 18:46:36",632
"2019-05-07 19:46:38",634
"2019-05-07 20:46:33",636
"2019-05-07 21:46:31",635
"2019-05-07 22:46:32",635
"2019-05-07 23:46:37",635
"2019-05-08 00:46:32",635
"2019-05-08 01:46:33",635
"2019-05-08 02:46:33",635
"2019-05-08 03:46:39",635
"2019-05-08 04:46:34",635
"2019-05-08 05:46:35",635
"2019-05-08 06:46:34",635
"2019-05-08 07:46:32",635
"2019-05-08 08:46:31",635
"2019-05-08 09:46:42",635
"2019-05-08 10:46:31",635
"2019-05-08 11:46:36",635
"2019-05-08 13:10:39",635
"2019-05-08 13:46:36",635
"2019-05-08 14:46:40",637
"2019-05-08 15:46:39",633
"2019-05-08 16:46:36",638
"2019-05-08 17:46:38",638
"2019-05-08 18:46:45",640
"2019-05-08 19:46:35",640
"2019-05-08 20:46:32",640
"2019-05-08 21:46:35",640
"2019-05-08 22:46:33",639
"2019-05-08 23:46:47",639
"2019-05-09 00:46:34",639
"2019-05-09 01:46:36",639
"2019-05-09 02:46:39",639
"2019-05-09 03:46:46",639
"2019-05-09 04:46:45",639
"2019-05-09 05:46:35",639
"2019-05-09 06:46:41",639
"2019-05-09 07:46:39",639
"2019-05-09 08:46:37",639
"2019-05-09 09:46:46",639
"2019-05-09 10:46:35",639
"2019-05-09 11:46:40",639
"2019-05-09 13:10:10",639
"2019-05-09 13:46:36",639
"2019-05-09 14:46:39",640
"2019-05-09 15:46:39",638
"2019-05-09 16:46:37",637
"2019-05-09 17:46:45",639
"2019-05-09 18:46:35",639
"2019-05-09 19:46:38",639
"2019-05-09 20:46:36",638
"2019-05-09 21:46:32",638
"2019-05-09 22:46:46",638
"2019-05-09 23:46:33",638
"2019-05-10 00:46:36",638
"2019-05-10 01:46:39",638
"2019-05-10 02:46:52",638
"2019-05-10 03:46:34",638
"2019-05-10 04:46:47",638
"2019-05-10 05:46:34",638
"2019-05-10 06:47:07",638
"2019-05-10 07:46:33",638
"2019-05-10 08:46:40",638
"2019-05-10 09:46:34",638
"2019-05-10 10:46:37",638
"2019-05-10 11:46:34",638
"2019-05-10 12:46:45",638
"2019-05-10 13:46:35",638
"2019-05-10 14:46:39",638
"2019-05-10 15:46:33",640
"2019-05-10 16:46:35",641
"2019-05-10 17:46:35",643
"2019-05-10 18:46:44",641
"2019-05-10 19:46:36",641
"2019-05-10 20:46:33",641
"2019-05-10 21:46:33",641
"2019-05-10 22:46:40",641
"2019-05-10 23:46:38",641
"2019-05-11 00:46:47",641
"2019-05-11 01:46:33",641
"2019-05-11 02:46:46",641
"2019-05-11 03:46:33",641
"2019-05-11 04:46:34",641
"2019-05-11 05:46:49",641
"2019-05-11 06:46:31",641
"2019-05-11 07:46:31",641
"2019-05-11 08:46:40",641
"2019-05-11 09:46:31",641
"2019-05-11 10:46:46",641
"2019-05-11 11:46:32",641
"2019-05-11 12:46:33",641
"2019-05-11 13:46:40",641
"2019-05-11 14:46:33",641
"2019-05-11 15:46:36",641
"2019-05-11 16:46:47",641
"2019-05-11 17:46:34",641
"2019-05-11 18:46:37",641
"2019-05-11 19:46:36",641
"2019-05-11 20:46:34",641
"2019-05-11 21:46:40",641
"2019-05-11 22:46:39",641
"2019-05-11 23:46:35",641
"2019-05-12 00:46:32",641
"2019-05-12 01:46:34",641
"2019-05-12 02:46:35",641
"2019-05-12 03:46:44",641
"2019-05-12 04:46:34",641
"2019-05-12 05:46:36",641
"2019-05-12 06:46:33",641
"2019-05-12 07:46:40",641
"2019-05-12 08:46:31",641
"2019-05-12 09:46:37",641
"2019-05-12 10:46:32",641
"2019-05-12 11:46:31",641
"2019-05-12 12:46:31",641
"2019-05-12 13:46:38",641
"2019-05-12 14:46:32",641
"2019-05-12 15:46:32",641
"2019-05-12 16:46:36",641
"2019-05-12 17:46:41",641
"2019-05-12 18:46:33",641
"2019-05-12 19:46:33",641
"2019-05-12 20:46:32",641
"2019-05-12 21:46:31",641
"2019-05-12 22:46:42",641
"2019-05-12 23:46:33",641
"2019-05-13 00:46:35",641
"2019-05-13 01:46:30",641
"2019-05-13 02:46:30",641
"2019-05-13 03:46:38",641
"2019-05-13 04:46:29",641
"2019-05-13 05:46:29",641
"2019-05-13 06:46:37",641
"2019-05-13 07:46:28",641
"2019-05-13 08:46:31",641
"2019-05-13 09:46:32",641
"2019-05-13 10:46:38",641
"2019-05-13 11:46:33",641
"2019-05-13 13:10:07",640
"2019-05-13 13:46:32",640
"2019-05-13 14:46:32",636
"2019-05-13 15:46:41",635
"2019-05-13 16:46:33",635
"2019-05-13 17:46:33",634
"2019-05-13 18:46:35",632
"2019-05-13 19:46:38",631
"2019-05-13 20:46:31",628
"2019-05-13 21:46:34",629
"2019-05-13 22:46:32",629
"2019-05-13 23:46:33",629
"2019-05-14 00:46:58",629
"2019-05-14 01:46:32",629
"2019-05-14 02:46:35",629
"2019-05-14 03:46:42",629
"2019-05-14 04:46:33",629
"2019-05-14 05:46:32",629
"2019-05-14 06:46:42",629
"2019-05-14 07:46:34",629
"2019-05-14 08:46:34",629
"2019-05-14 09:46:41",629
"2019-05-14 10:46:32",629
"2019-05-14 11:46:32",629
"2019-05-14 13:09:40",629
"2019-05-14 13:46:37",629
"2019-05-14 14:46:33",628
"2019-05-14 15:46:38",629
"2019-05-14 16:46:35",631
"2019-05-14 17:46:40",631
"2019-05-14 18:46:35",631
"2019-05-14 19:46:31",631
"2019-05-14 20:46:32",630
"2019-05-14 21:46:31",630
"2019-05-14 22:46:40",630
"2019-05-14 23:46:35",630
"2019-05-15 00:46:33",630
"2019-05-15 01:46:35",630
"2019-05-15 02:46:34",630
"2019-05-15 03:46:41",630
"2019-05-15 04:46:36",630
"2019-05-15 05:46:37",630
"2019-05-15 06:46:39",630
"2019-05-15 07:46:35",630
"2019-05-15 08:46:37",630
"2019-05-15 09:46:45",630
"2019-05-15 10:46:45",630
"2019-05-15 11:46:33",630
"2019-05-15 13:10:40",630
"2019-05-15 13:46:36",630
"2019-05-15 14:46:37",631
"2019-05-15 15:46:33",631
"2019-05-15 16:46:43",630
"2019-05-15 17:46:36",629
"2019-05-15 18:46:41",630
"2019-05-15 19:46:36",630
"2019-05-15 20:46:37",630
"2019-05-15 21:46:38",630
"2019-05-15 22:46:34",630
"2019-05-15 23:46:34",630
"2019-05-16 00:46:33",630
"2019-05-16 01:46:45",630
"2019-05-16 02:46:39",630
"2019-05-16 03:46:33",630
"2019-05-16 04:46:35",630
"2019-05-16 05:46:41",630
"2019-05-16 06:46:38",630
"2019-05-16 07:46:45",630
"2019-05-16 08:46:44",630
"2019-05-16 09:46:44",630
"2019-05-16 10:47:03",630
"2019-05-16 11:46:38",630
"2019-05-16 13:09:45",630
"2019-05-16 13:46:55",630
"2019-05-16 14:46:37",633
"2019-05-16 15:46:38",631
"2019-05-16 16:46:45",631
"2019-05-16 17:46:37",631
"2019-05-16 18:46:41",630
"2019-05-16 19:46:41",629
"2019-05-16 20:46:37",629
"2019-05-16 21:46:42",629
"2019-05-16 22:46:45",629
"2019-05-16 23:46:46",629
"2019-05-17 00:46:54",629
"2019-05-17 01:46:44",629
"2019-05-17 02:46:39",629
"2019-05-17 03:46:36",629
"2019-05-17 04:46:37",629
"2019-05-17 05:46:39",629
"2019-05-17 06:46:47",629
"2019-05-17 07:46:39",629
"2019-05-17 08:46:49",629
"2019-05-17 09:46:46",629
"2019-05-17 10:46:38",629
"2019-05-17 11:46:45",629
"2019-05-17 13:11:15",629
"2019-05-17 13:46:56",629
"2019-05-17 14:46:40",629
"2019-05-17 15:46:37",627
"2019-05-17 16:46:42",626
"2019-05-17 17:46:37",626
"2019-05-17 18:46:37",626
"2019-05-17 19:46:45",628
"2019-05-17 20:46:36",629
"2019-05-17 21:46:37",629
"2019-05-17 22:46:38",629
"2019-05-17 23:46:37",629
"2019-05-18 00:46:37",629
"2019-05-18 01:46:41",629
"2019-05-18 02:46:41",629
"2019-05-18 04:46:33",629
"2019-05-18 05:46:26",629
"2019-05-18 06:46:31",629
"2019-05-18 07:46:27",629
"2019-05-18 08:46:27",629
"2019-05-18 09:46:26",629
"2019-05-18 10:46:26",629
"2019-05-18 11:46:31",629
"2019-05-18 12:46:26",629
"2019-05-18 13:46:29",629
"2019-05-18 14:46:27",629
"2019-05-18 15:46:32",629
"2019-05-18 16:46:26",629
"2019-05-18 17:46:29",629
"2019-05-18 18:46:25",629
"2019-05-18 19:46:26",629
"2019-05-18 20:46:26",629
"2019-05-18 21:46:27",629
"2019-05-18 22:46:26",629
"2019-05-18 23:46:25",629
"2019-05-19 00:46:24",629
"2019-05-19 01:46:26",629
"2019-05-19 02:46:25",629
"2019-05-19 03:46:25",629
"2019-05-19 04:46:30",629
"2019-05-19 05:46:25",629
"2019-05-19 06:46:26",629
"2019-05-19 07:46:25",629
"2019-05-19 08:46:24",629
"2019-05-19 09:46:25",629
"2019-05-19 10:46:25",629
"2019-05-19 11:46:27",629
"2019-05-19 12:46:28",629
"2019-05-19 13:46:28",629
"2019-05-19 14:46:25",629
"2019-05-19 15:46:25",629
"2019-05-19 16:46:29",629
"2019-05-19 17:46:28",629
"2019-05-19 18:46:25",629
"2019-05-19 19:46:26",629
"2019-05-19 20:46:28",629
"2019-05-19 21:46:27",629
"2019-05-19 22:46:26",629
"2019-05-19 23:46:28",629
"2019-05-20 00:46:27",629
"2019-05-20 01:46:27",629
"2019-05-20 02:46:30",629
"2019-05-20 03:46:27",629
"2019-05-20 04:46:30",629
"2019-05-20 05:46:28",629
"2019-05-20 06:46:27",629
"2019-05-20 07:46:28",629
"2019-05-20 08:46:28",629
"2019-05-20 09:46:28",629
"2019-05-20 10:46:27",629
"2019-05-20 11:46:29",629
"2019-05-20 12:46:33",629
"2019-05-20 13:46:30",629
"2019-05-20 14:46:28",629
"2019-05-20 15:46:25",630
"2019-05-20 16:46:29",629
"2019-05-20 17:46:27",630
"2019-05-20 18:46:24",630
"2019-05-20 19:46:26",630
"2019-05-20 20:46:25",630
"2019-05-20 21:46:26",630
"2019-05-20 22:46:26",631
"2019-05-20 23:46:33",631
"2019-05-21 00:46:26",631
"2019-05-21 01:46:29",631
"2019-05-21 02:46:26",631
"2019-05-21 03:46:26",631
"2019-05-21 04:46:29",631
"2019-05-21 05:46:27",631
"2019-05-21 06:46:25",631
"2019-05-21 07:46:28",631
"2019-05-21 08:46:27",631
"2019-05-21 09:46:24",631
"2019-05-21 10:46:28",631
"2019-05-21 11:46:25",631
"2019-05-21 13:10:29",631
"2019-05-21 13:46:26",631
"2019-05-21 14:46:28",630
"2019-05-21 15:46:25",629
"2019-05-21 16:46:25",631
"2019-05-21 17:46:25",630
"2019-05-21 18:46:26",629
"2019-05-21 19:46:27",628
"2019-05-21 20:46:26",628
"2019-05-21 21:46:25",628
"2019-05-21 22:46:31",628
"2019-05-21 23:46:28",628
"2019-05-22 00:46:26",628
"2019-05-22 01:46:26",628
"2019-05-22 02:46:25",628
"2019-05-22 03:46:26",628
"2019-05-22 04:46:29",628
"2019-05-22 05:46:27",628
"2019-05-22 06:46:25",628
"2019-05-22 07:46:27",628
"2019-05-22 08:46:34",628
"2019-05-22 09:46:34",628
"2019-05-22 10:46:25",628
"2019-05-22 11:46:28",628
"2019-05-22 12:46:27",628
"2019-05-22 13:46:28",628
"2019-05-22 14:46:26",625
"2019-05-22 15:46:32",625
"2019-05-22 16:46:28",624
"2019-05-22 17:46:25",622
"2019-05-22 18:46:27",619
"2019-05-22 19:46:25",618
"2019-05-22 20:46:25",620
"2019-05-22 21:46:26",620
"2019-05-22 22:46:25",620
"2019-05-22 23:46:24",620
"2019-05-23 00:46:27",620
"2019-05-23 01:46:26",620
"2019-05-23 02:46:29",620
"2019-05-23 03:46:28",620
"2019-05-23 04:46:30",620
"2019-05-23 05:46:27",620
"2019-05-23 06:46:27",620
"2019-05-23 07:46:29",620
"2019-05-23 08:46:28",620
"2019-05-23 09:46:27",620
"2019-05-23 10:46:27",620
"2019-05-23 11:46:26",620
"2019-05-23 12:46:31",620
"2019-05-23 13:46:27",620
"2019-05-23 14:46:28",619
"2019-05-23 15:46:25",622
"2019-05-23 16:46:25",618
"2019-05-23 17:46:26",617
"2019-05-23 18:46:26",618
"2019-05-23 19:46:29",618
"2019-05-23 20:46:27",619
"2019-05-23 21:46:26",619
"2019-05-23 22:46:26",619
"2019-05-23 23:46:28",619
"2019-05-24 00:46:28",619
"2019-05-24 01:46:27",619
"2019-05-24 02:46:26",619
"2019-05-24 03:46:25",619
"2019-05-24 04:46:27",619
"2019-05-24 05:46:31",619
"2019-05-24 06:46:25",619
"2019-05-24 07:46:25",619
"2019-05-24 08:46:26",619
"2019-05-24 09:46:28",619
"2019-05-24 10:46:30",619
"2019-05-24 11:46:27",619
"2019-05-24 13:10:31",619
"2019-05-24 13:46:27",619
"2019-05-24 14:46:26",618
"2019-05-24 15:46:26",615
"2019-05-24 16:46:26",614
"2019-05-24 17:46:27",615
"2019-05-24 18:46:30",615
"2019-05-24 19:46:27",615
"2019-05-24 20:46:29",616
"2019-05-24 21:46:32",616
"2019-05-24 22:46:28",616
"2019-05-24 23:46:33",616
"2019-05-25 00:46:29",616
"2019-05-25 01:46:27",616
"2019-05-25 04:46:31",616
"2019-05-26 04:46:33",616
"2019-05-26 05:46:29",616
"2019-05-26 06:46:28",616
"2019-05-26 07:46:31",616
"2019-05-26 08:46:27",616
"2019-05-26 09:46:28",616
"2019-05-26 10:46:29",616
"2019-05-26 11:46:29",616
"2019-05-26 12:46:27",616
"2019-05-26 13:46:27",616
"2019-05-26 14:46:30",616
"2019-05-26 15:46:26",616
"2019-05-26 16:46:27",616
"2019-05-26 17:46:32",616
"2019-05-26 18:46:29",616
"2019-05-26 19:47:17",616
"2019-05-26 20:46:27",616
"2019-05-26 21:46:29",616
"2019-05-26 22:46:29",616
"2019-05-26 23:46:26",616
"2019-05-27 00:46:27",616
"2019-05-27 01:46:28",616
"2019-05-27 02:46:29",616
"2019-05-27 03:46:30",616
"2019-05-27 04:46:31",616
"2019-05-27 05:46:29",616
"2019-05-27 06:46:29",616
"2019-05-27 07:46:34",616
"2019-05-27 08:46:34",616
"2019-05-27 09:46:34",616
"2019-05-27 10:46:31",616
"2019-05-27 11:46:27",616
"2019-05-27 12:46:27",616
"2019-05-27 13:46:29",616
"2019-05-27 14:46:28",616
"2019-05-27 15:46:29",616
"2019-05-27 16:46:27",616
"2019-05-27 17:46:33",616
"2019-05-27 18:46:27",616
"2019-05-27 19:46:26",616
"2019-05-27 20:46:27",616
"2019-05-27 21:46:27",616
"2019-05-27 22:46:25",616
"2019-05-27 23:46:26",616
"2019-05-28 00:46:26",616
"2019-05-28 01:46:28",616
"2019-05-28 02:46:31",616
"2019-05-28 03:46:28",616
"2019-05-28 04:46:27",616
"2019-05-28 05:46:28",616
"2019-05-28 06:46:33",616
"2019-05-28 07:46:29",616
"2019-05-28 08:46:27",616
"2019-05-28 09:46:30",616
"2019-05-28 10:46:26",616
"2019-05-28 11:46:26",616
"2019-05-28 12:46:26",616
"2019-05-28 13:46:28",616
"2019-05-28 14:46:28",615
"2019-05-28 15:46:27",617
"2019-05-28 16:46:28",617
"2019-05-28 17:46:32",617
"2019-05-28 18:46:29",618
"2019-05-28 19:46:27",618
"2019-05-28 20:46:27",617
"2019-05-28 21:46:27",617
"2019-05-28 22:46:28",617
"2019-05-28 23:46:29",617
"2019-05-29 00:46:29",617
"2019-05-29 01:46:27",617
"2019-05-29 02:46:27",617
"2019-05-29 03:46:26",617
"2019-05-29 04:46:27",617
"2019-05-29 05:46:31",617
"2019-05-29 06:46:28",617
"2019-05-29 07:46:31",617
"2019-05-29 08:46:28",617
"2019-05-29 09:46:37",617
"2019-05-29 10:46:28",617
"2019-05-29 11:46:27",617
"2019-05-29 13:09:32",617
"2019-05-29 13:46:30",617
"2019-05-29 14:46:30",615
"2019-05-29 15:46:28",617
"2019-05-29 16:46:27",617
"2019-05-29 17:46:29",617
"2019-05-29 18:46:29",617
"2019-05-29 19:46:31",615
"2019-05-29 20:46:26",616
"2019-05-29 21:46:28",616
"2019-05-29 22:46:28",616
"2019-05-29 23:46:29",616
"2019-05-30 00:46:27",616
"2019-05-30 01:46:29",616
"2019-05-30 02:46:30",616
"2019-05-30 03:46:29",616
"2019-05-30 04:46:29",616
"2019-05-30 05:46:31",616
"2019-05-30 06:46:27",616
"2019-05-30 07:46:27",616
"2019-05-30 08:46:36",616
"2019-05-30 09:46:28",616
"2019-05-30 10:46:26",616
"2019-05-30 11:46:28",616
"2019-05-30 12:46:32",616
"2019-05-30 13:46:27",616
"2019-05-30 14:46:31",612
"2019-05-30 15:46:29",611
"2019-05-30 16:46:26",610
"2019-05-30 17:46:29",609
"2019-05-30 18:46:27",610
"2019-05-30 19:46:27",610
"2019-05-30 20:46:26",610
"2019-05-30 21:46:26",610
"2019-05-30 22:46:30",610
"2019-05-30 23:46:27",610
"2019-05-31 00:46:26",610
"2019-05-31 01:46:28",610
"2019-05-31 02:46:25",610
"2019-05-31 03:46:26",610
"2019-05-31 04:46:26",610
"2019-05-31 05:46:27",610
"2019-05-31 06:46:29",610
"2019-05-31 07:46:25",610
"2019-05-31 08:46:28",610
"2019-05-31 09:46:29",610
"2019-05-31 10:46:27",610
"2019-05-31 11:46:26",610
"2019-05-31 12:47:13",610
"2019-05-31 13:46:30",610
"2019-05-31 14:46:27",608
"2019-05-31 15:46:28",607
"2019-05-31 16:46:27",606
"2019-05-31 17:46:32",606
"2019-05-31 18:46:26",606
"2019-05-31 19:46:25",607
"2019-05-31 20:46:27",607
"2019-05-31 21:46:28",607
"2019-05-31 22:46:24",607
"2019-05-31 23:46:27",607
"2019-06-01 00:46:26",607
"2019-06-01 01:46:26",607
"2019-06-01 02:46:26",607
"2019-06-01 03:46:26",607
"2019-06-01 04:46:26",607
"2019-06-01 05:46:26",607
"2019-06-01 06:46:32",607
"2019-06-01 07:46:25",607
"2019-06-01 08:46:28",607
"2019-06-01 09:46:26",607
"2019-06-01 10:46:28",607
"2019-06-01 11:46:26",607
"2019-06-01 12:46:26",607
"2019-06-01 13:46:26",607
"2019-06-01 14:46:33",607
"2019-06-01 15:46:29",607
"2019-06-01 16:46:26",607
"2019-06-01 17:46:28",607
"2019-06-01 18:46:26",607
"2019-06-01 19:46:28",607
"2019-06-01 20:46:25",607
"2019-06-01 21:46:29",607
"2019-06-01 22:46:27",607
"2019-06-01 23:46:28",607
"2019-06-02 00:46:30",607
"2019-06-02 01:46:33",607
"2019-06-02 02:46:29",607
"2019-06-02 03:46:28",607
"2019-06-02 04:46:27",607
"2019-06-02 05:46:32",607
"2019-06-02 06:46:27",607
"2019-06-02 07:46:26",607
"2019-06-02 08:46:26",607
"2019-06-02 09:46:26",607
"2019-06-02 10:46:27",607
"2019-06-02 11:46:25",607
"2019-06-02 12:46:32",607
"2019-06-02 13:46:27",607
"2019-06-02 14:46:29",607
"2019-06-02 15:46:24",607
"2019-06-02 16:46:26",607
"2019-06-02 17:46:28",607
"2019-06-02 18:46:28",607
"2019-06-02 19:46:28",607
"2019-06-02 20:46:26",607
"2019-06-02 21:46:27",607
"2019-06-02 22:46:27",607
"2019-06-02 23:46:26",607
"2019-06-03 00:46:26",607
"2019-06-03 01:46:31",607
"2019-06-03 02:46:27",607
"2019-06-03 03:46:26",607
"2019-06-03 04:46:26",607
"2019-06-03 05:46:26",607
"2019-06-03 06:46:28",607
"2019-06-03 07:46:26",607
"2019-06-03 08:46:28",607
"2019-06-03 09:46:27",607
"2019-06-03 10:46:29",607
"2019-06-03 11:46:30",607
"2019-06-03 12:46:26",607
"2019-06-03 13:46:30",607
"2019-06-03 14:46:30",606
"2019-06-03 15:46:27",606
"2019-06-03 16:46:26",607
"2019-06-03 17:46:26",607
"2019-06-03 18:46:28",606
"2019-06-03 19:46:29",606
"2019-06-03 20:46:26",606
"2019-06-03 21:46:28",606
"2019-06-03 22:46:27",606
"2019-06-03 23:46:31",606
"2019-06-04 00:46:26",606
"2019-06-04 01:46:28",606
"2019-06-04 02:46:28",606
"2019-06-04 03:47:17",606
"2019-06-04 04:46:29",606
"2019-06-04 05:46:26",606
"2019-06-04 06:46:26",606
"2019-06-04 07:46:26",606
"2019-06-04 08:46:32",606
"2019-06-04 09:46:26",606
"2019-06-04 10:46:29",606
"2019-06-04 11:46:26",606
"2019-06-04 13:09:00",606
"2019-06-04 13:46:27",606
"2019-06-04 14:46:32",605
"2019-06-04 15:46:28",604
"2019-06-04 16:46:28",603
"2019-06-04 17:46:30",603
"2019-06-04 18:46:28",604
"2019-06-04 19:46:28",604
"2019-06-04 20:46:28",604
"2019-06-04 21:46:25",604
"2019-06-04 22:46:27",604
"2019-06-04 23:46:31",604
"2019-06-05 00:46:26",604
"2019-06-05 01:46:28",604
"2019-06-05 02:46:30",604
"2019-06-05 03:46:30",604
"2019-06-05 04:46:32",604
"2019-06-05 05:46:27",604
"2019-06-05 06:46:27",604
"2019-06-05 07:46:27",604
"2019-06-05 08:46:35",604
"2019-06-05 09:46:27",604
"2019-06-05 10:46:26",604
"2019-06-05 11:46:32",604
"2019-06-05 13:10:32",604
"2019-06-05 13:46:27",604
"2019-06-05 14:46:27",607
"2019-06-05 15:46:29",608
"2019-06-05 16:46:28",608
"2019-06-05 17:46:29",608
"2019-06-05 18:46:28",608
"2019-06-05 19:46:33",608
"2019-06-05 20:46:28",607
"2019-06-05 21:46:27",607
"2019-06-05 22:46:28",607
"2019-06-05 23:46:28",607
"2019-06-06 00:46:28",607
"2019-06-06 01:46:26",607
"2019-06-06 02:46:29",607
"2019-06-06 03:46:29",607
"2019-06-06 04:46:36",607
"2019-06-06 05:46:28",607
"2019-06-06 06:46:31",607
"2019-06-06 07:46:28",607
"2019-06-06 08:46:37",607
"2019-06-06 09:46:31",607
"2019-06-06 10:46:36",607
"2019-06-06 11:46:27",607
"2019-06-06 13:10:31",607
"2019-06-06 13:46:29",607
"2019-06-06 14:46:29",607
"2019-06-06 15:46:31",607
"2019-06-06 16:46:28",606
"2019-06-06 17:46:31",606
"2019-06-06 18:46:33",606
"2019-06-06 19:46:31",606
"2019-06-06 20:46:27",605
"2019-06-06 21:46:30",605
"2019-06-06 22:46:27",605
"2019-06-06 23:46:26",605
"2019-06-07 00:46:32",605
"2019-06-07 01:46:30",605
"2019-06-07 02:46:31",605
"2019-06-07 03:46:30",605
"2019-06-07 04:46:34",605
"2019-06-07 05:46:28",605
"2019-06-07 06:46:32",605
"2019-06-07 07:46:29",605
"2019-06-07 08:46:30",605
"2019-06-07 09:46:32",605
"2019-06-07 10:46:28",605
"2019-06-07 11:46:30",605
"2019-06-07 13:10:36",605
"2019-06-07 13:46:33",605
"2019-06-07 14:46:32",607
"2019-06-07 15:46:31",607
"2019-06-07 16:46:30",608
"2019-06-07 17:46:29",609
"2019-06-07 18:46:29",608
"2019-06-07 19:46:27",608
"2019-06-07 20:46:28",608
"2019-06-07 21:46:30",608
"2019-06-07 22:46:27",608
"2019-06-07 23:46:34",608
"2019-06-08 00:46:29",608
"2019-06-08 01:46:35",608
"2019-06-08 02:46:31",608
"2019-06-08 03:46:34",608
"2019-06-08 04:46:30",608
"2019-06-08 05:46:37",608
"2019-06-08 06:46:33",608
"2019-06-08 07:46:35",608
"2019-06-08 08:46:29",608
"2019-06-08 09:46:31",608
"2019-06-08 10:46:32",608
"2019-06-08 11:46:31",608
"2019-06-08 12:46:30",608
"2019-06-08 13:46:28",608
"2019-06-08 14:46:26",608
"2019-06-08 15:46:32",608
"2019-06-08 16:46:31",608
"2019-06-08 17:46:30",608
"2019-06-08 18:46:31",608
"2019-06-08 19:46:27",608
"2019-06-08 20:46:29",608
"2019-06-08 21:46:27",608
"2019-06-08 22:46:30",608
"2019-06-08 23:46:32",608
"2019-06-09 00:46:28",608
"2019-06-09 01:46:29",608
"2019-06-09 02:46:35",608
"2019-06-09 03:46:37",608
"2019-06-09 04:46:28",608
"2019-06-09 05:46:34",608
"2019-06-09 06:46:27",608
"2019-06-09 07:46:33",608
"2019-06-09 08:46:28",608
"2019-06-09 09:46:30",608
"2019-06-09 10:46:29",608
"2019-06-09 11:46:30",608
"2019-06-09 12:46:32",608
"2019-06-09 13:46:30",608
"2019-06-09 14:46:28",608
"2019-06-09 15:46:31",608
"2019-06-09 16:46:30",608
"2019-06-09 17:46:33",608
"2019-06-09 18:46:28",608
"2019-06-09 19:46:29",608
"2019-06-09 20:46:28",608
"2019-06-09 21:46:29",608
"2019-06-09 22:46:35",608
"2019-06-09 23:46:31",608
"2019-06-10 00:46:30",608
"2019-06-10 01:46:34",608
"2019-06-10 02:46:29",608
"2019-06-10 03:46:35",608
"2019-06-10 04:46:30",608
"2019-06-10 05:46:33",608
"2019-06-10 06:46:28",608
"2019-06-10 07:46:35",608
"2019-06-10 08:46:28",608
"2019-06-10 09:46:28",608
"2019-06-10 10:46:36",608
"2019-06-10 11:46:31",608
"2019-06-10 12:46:39",608
"2019-06-10 13:46:36",608
"2019-06-10 14:46:30",609
"2019-06-10 15:46:33",611
"2019-06-10 16:46:35",612
"2019-06-10 17:46:33",612
"2019-06-10 18:46:35",612
"2019-06-10 19:46:33",611
"2019-06-10 20:46:32",611
"2019-06-10 21:46:31",611
"2019-06-10 22:46:34",611
"2019-06-10 23:46:34",611
"2019-06-11 00:46:34",611
"2019-06-11 01:46:37",611
"2019-06-11 02:46:35",611
"2019-06-11 03:46:34",611
"2019-06-11 04:46:33",611
"2019-06-11 05:46:34",611
"2019-06-11 06:46:32",611
"2019-06-11 07:46:32",611
"2019-06-11 08:46:32",611
"2019-06-11 09:46:35",611
"2019-06-11 10:46:33",611
"2019-06-11 11:46:34",611
"2019-06-11 13:10:09",611
"2019-06-11 13:46:38",611
"2019-06-11 14:46:32",611
"2019-06-11 15:46:33",613
"2019-06-11 16:46:38",613
"2019-06-11 17:46:33",613
"2019-06-11 18:46:35",613
"2019-06-11 19:46:33",613
"2019-06-11 20:46:34",612
"2019-06-11 21:46:33",612
"2019-06-11 22:46:33",612
"2019-06-11 23:46:30",612
"2019-06-12 00:46:37",612
"2019-06-12 01:46:36",612
"2019-06-12 02:46:35",612
"2019-06-12 03:46:40",612
"2019-06-12 04:46:36",612
"2019-06-12 05:46:35",612
"2019-06-12 06:46:35",612
"2019-06-12 07:46:38",612
"2019-06-12 08:46:36",612
"2019-06-12 09:46:40",612
"2019-06-12 10:46:36",612
"2019-06-12 11:46:38",612
"2019-06-12 13:09:40",612
"2019-06-12 13:46:33",612
"2019-06-12 14:46:34",614
"2019-06-12 15:46:35",614
"2019-06-12 16:46:34",613
"2019-06-12 17:46:33",613
"2019-06-12 18:46:34",612
"2019-06-12 19:46:38",612
"2019-06-12 20:46:36",613
"2019-06-12 21:46:36",613
"2019-06-12 22:46:33",613
"2019-06-12 23:46:34",613
"2019-06-13 00:46:34",613
"2019-06-13 01:46:37",613
"2019-06-13 02:46:52",613
"2019-06-13 03:46:33",613
"2019-06-13 04:46:35",613
"2019-06-13 05:46:39",613
"2019-06-13 06:46:35",613
"2019-06-13 07:46:31",613
"2019-06-13 08:46:32",613
"2019-06-13 09:46:32",613
"2019-06-13 10:46:39",613
"2019-06-13 11:46:31",613
"2019-06-13 13:10:35",613
"2019-06-13 13:46:36",613
"2019-06-13 14:46:35",613
"2019-06-13 15:46:35",615
"2019-06-13 16:46:36",614
"2019-06-13 17:46:32",613
"2019-06-13 18:46:32",613
"2019-06-13 19:46:34",612
"2019-06-13 20:46:29",612
"2019-06-13 21:46:31",613
"2019-06-13 22:46:32",613
"2019-06-13 23:46:32",613
"2019-06-14 00:46:33",613
"2019-06-14 01:46:34",613
"2019-06-14 02:46:37",613
"2019-06-14 03:46:34",613
"2019-06-14 04:46:34",613
"2019-06-14 05:46:35",613
"2019-06-14 06:46:42",613
"2019-06-14 07:46:37",613
"2019-06-14 08:46:36",613
"2019-06-14 09:46:34",613
"2019-06-14 10:46:37",613
"2019-06-14 11:46:37",613
"2019-06-14 12:46:36",613
"2019-06-14 13:46:33",615
"2019-06-14 14:46:36",620
"2019-06-14 15:46:37",620
"2019-06-14 16:46:36",619
"2019-06-14 17:46:34",618
"2019-06-14 18:46:34",617
"2019-06-14 19:46:33",616
"2019-06-14 20:46:32",616
"2019-06-14 21:46:35",616
"2019-06-14 22:46:32",616
"2019-06-14 23:46:35",616
"2019-06-15 00:46:37",616
"2019-06-15 01:46:36",616
"2019-06-15 02:46:33",616
"2019-06-15 03:46:34",616
"2019-06-15 04:46:35",616
"2019-06-15 05:46:37",616
"2019-06-15 06:46:34",616
"2019-06-15 07:46:36",616
"2019-06-15 08:46:35",616
"2019-06-15 09:46:34",616
"2019-06-15 10:46:37",616
"2019-06-15 11:46:35",616
"2019-06-15 12:46:38",616
"2019-06-15 13:46:42",616
"2019-06-15 14:46:33",616
"2019-06-15 15:46:33",616
"2019-06-15 16:46:34",616
"2019-06-15 17:46:34",616
"2019-06-15 18:46:37",616
"2019-06-15 19:46:35",616
"2019-06-15 20:46:35",616
"2019-06-15 21:46:41",616
"2019-06-15 22:46:41",616
"2019-06-15 23:46:34",616
"2019-06-16 00:46:34",616
"2019-06-16 01:46:40",616
"2019-06-16 02:46:37",616
"2019-06-16 03:46:35",616
"2019-06-16 04:46:39",616
"2019-06-16 05:46:35",616
"2019-06-16 06:46:38",616
"2019-06-16 07:46:41",616
"2019-06-16 08:46:35",616
"2019-06-16 09:46:32",616
"2019-06-16 10:46:32",616
"2019-06-16 11:46:32",616
"2019-06-16 12:46:34",616
"2019-06-16 13:46:32",616
"2019-06-16 14:46:35",616
"2019-06-16 15:46:36",616
"2019-06-16 16:46:39",616
"2019-06-16 17:46:38",616
"2019-06-16 18:46:39",616
"2019-06-16 19:46:35",616
"2019-06-16 20:46:34",616
"2019-06-16 21:46:39",616
"2019-06-16 22:46:36",616
"2019-06-16 23:46:38",616
"2019-06-17 00:46:34",616
"2019-06-17 01:46:34",616
"2019-06-17 02:46:40",616
"2019-06-17 03:46:41",616
"2019-06-17 04:46:38",616
"2019-06-17 05:46:36",616
"2019-06-17 06:46:34",616
"2019-06-17 07:46:32",616
"2019-06-17 08:46:35",616
"2019-06-17 09:46:34",616
"2019-06-17 10:46:36",616
"2019-06-17 11:46:36",616
"2019-06-17 13:11:09",616
"2019-06-17 13:46:33",616
"2019-06-17 14:46:35",615
"2019-06-17 15:46:37",614
"2019-06-17 16:46:48",614
"2019-06-17 17:46:39",614
"2019-06-17 18:46:41",611
"2019-06-17 19:46:36",610
"2019-06-17 20:46:38",609
"2019-06-17 21:46:34",609
"2019-06-17 22:46:36",609
"2019-06-17 23:46:33",609
"2019-06-18 00:46:34",609
"2019-06-18 01:46:32",609
"2019-06-18 02:46:48",609
"2019-06-18 03:46:36",609
"2019-06-18 04:46:36",609
"2019-06-18 05:46:37",609
"2019-06-18 06:46:35",609
"2019-06-18 07:46:35",609
"2019-06-18 08:46:46",609
"2019-06-18 09:46:32",609
"2019-06-18 10:46:32",609
"2019-06-18 11:46:33",609
"2019-06-18 13:09:07",609
"2019-06-18 13:46:36",609
"2019-06-18 14:46:34",610
"2019-06-18 15:46:34",608
"2019-06-18 16:46:34",606
"2019-06-18 17:46:32",606
"2019-06-18 18:46:39",605
"2019-06-18 19:46:40",604
"2019-06-18 20:46:33",605
"2019-06-18 21:46:34",605
"2019-06-18 22:46:34",605
"2019-06-18 23:46:35",605
"2019-06-19 00:46:34",605
"2019-06-19 01:46:37",605
"2019-06-19 02:46:39",605
"2019-06-19 03:46:37",605
"2019-06-19 04:46:34",605
"2019-06-19 05:46:58",605
"2019-06-19 06:46:53",605
"2019-06-19 07:46:41",605
"2019-06-19 08:46:42",605
"2019-06-19 09:46:34",605
"2019-06-19 10:46:40",605
"2019-06-19 11:46:37",605
"2019-06-19 13:09:10",605
"2019-06-19 13:46:37",605
"2019-06-19 14:46:37",605
"2019-06-19 15:46:35",605
"2019-06-19 16:46:49",607
"2019-06-19 17:46:37",606
"2019-06-19 18:46:34",606
"2019-06-19 19:46:38",606
"2019-06-19 20:46:36",607
"2019-06-19 21:46:36",607
"2019-06-19 22:46:35",606
"2019-06-19 23:46:34",606
"2019-06-20 00:46:35",606
"2019-06-20 01:46:33",606
"2019-06-20 02:46:33",606
"2019-06-20 03:46:33",606
"2019-06-20 04:46:36",606
"2019-06-20 05:46:34",606
"2019-06-20 06:46:33",606
"2019-06-20 07:46:34",606
"2019-06-20 08:46:34",606
"2019-06-20 09:46:39",606
"2019-06-20 10:46:35",606
"2019-06-20 11:46:33",606
"2019-06-20 13:10:49",606
"2019-06-20 13:46:38",606
"2019-06-20 14:46:34",608
"2019-06-20 15:46:35",607
"2019-06-20 16:46:36",607
"2019-06-20 17:46:37",605
"2019-06-20 18:46:34",605
"2019-06-20 19:46:34",606
"2019-06-20 20:46:51",606
"2019-06-20 21:46:36",606
"2019-06-20 22:46:34",606
"2019-06-20 23:46:35",606
"2019-06-21 00:46:34",606
"2019-06-21 01:46:36",606
"2019-06-21 02:46:38",606
"2019-06-21 03:46:35",606
"2019-06-21 04:46:37",606
"2019-06-21 05:46:36",606
"2019-06-21 06:46:37",606
"2019-06-21 07:46:38",606
"2019-06-21 08:46:37",606
"2019-06-21 09:46:35",606
"2019-06-21 10:46:34",606
"2019-06-21 11:46:32",606
"2019-06-21 12:46:34",606
"2019-06-21 13:46:36",606
"2019-06-21 14:46:35",607
"2019-06-21 15:46:35",607
"2019-06-21 16:46:35",608
"2019-06-21 17:46:35",610
"2019-06-21 18:46:35",611
"2019-06-21 19:46:33",612
"2019-06-21 20:46:35",615
"2019-06-21 21:46:34",615
"2019-06-21 22:46:34",615
"2019-06-21 23:47:03",615
"2019-06-22 00:46:35",615
"2019-06-22 01:46:40",615
"2019-06-22 02:46:38",615
"2019-06-22 03:46:33",615
"2019-06-22 04:46:36",615
"2019-06-22 05:46:37",615
"2019-06-22 06:46:38",615
"2019-06-22 07:46:35",615
"2019-06-22 08:46:36",615
"2019-06-22 09:46:38",615
"2019-06-22 10:46:40",615
"2019-06-22 11:46:33",615
"2019-06-22 12:46:41",615
"2019-06-22 13:46:35",615
"2019-06-22 14:46:40",615
"2019-06-22 15:46:55",615
"2019-06-22 16:46:46",615
"2019-06-22 17:46:36",615
"2019-06-22 18:46:42",615
"2019-06-22 19:46:38",615
"2019-06-22 20:46:37",615
"2019-06-22 21:46:35",615
"2019-06-22 22:46:42",615
"2019-06-22 23:46:37",615
"2019-06-23 00:46:47",615
"2019-06-23 01:46:40",615
"2019-06-23 02:46:42",615
"2019-06-23 03:46:38",615
"2019-06-23 04:46:34",615
"2019-06-23 05:46:40",615
"2019-06-23 06:46:35",615
"2019-06-23 07:46:33",615
"2019-06-23 08:46:37",615
"2019-06-23 09:46:37",615
"2019-06-23 10:46:34",615
"2019-06-23 11:46:35",615
"2019-06-23 12:46:33",615
"2019-06-23 13:46:34",615
"2019-06-23 14:46:33",615
"2019-06-23 15:46:35",615
"2019-06-23 16:46:37",615
"2019-06-23 17:46:38",615
"2019-06-23 18:46:32",615
"2019-06-23 19:46:32",615
"2019-06-23 20:46:36",615
"2019-06-23 21:46:33",615
"2019-06-23 22:46:34",615
"2019-06-23 23:46:33",615
"2019-06-24 00:46:37",615
"2019-06-24 01:46:34",615
"2019-06-24 02:46:35",615
"2019-06-24 03:46:42",615
"2019-06-24 04:46:39",615
"2019-06-24 05:46:38",615
"2019-06-24 06:46:41",615
"2019-06-24 07:46:34",615
"2019-06-24 08:46:35",615
"2019-06-24 09:46:40",615
"2019-06-24 10:46:32",615
"2019-06-24 11:46:41",615
"2019-06-24 13:46:36",615
"2019-06-24 14:46:38",615
"2019-06-24 15:46:37",616
"2019-06-24 16:46:43",617
"2019-06-24 17:46:41",616
"2019-06-24 18:46:42",617
"2019-06-24 19:46:41",617
"2019-06-24 20:46:40",615
"2019-06-24 21:46:39",615
"2019-06-24 22:46:36",615
"2019-06-24 23:46:38",615
"2019-06-25 00:46:37",615
"2019-06-25 01:46:40",615
"2019-06-25 02:46:42",615
"2019-06-25 03:46:38",615
"2019-06-25 04:46:36",615
"2019-06-25 05:46:37",615
"2019-06-25 06:46:41",615
"2019-06-25 07:46:38",615
"2019-06-25 08:46:36",615
"2019-06-25 09:46:38",615
"2019-06-25 10:46:36",615
"2019-06-25 11:46:32",615
"2019-06-25 13:10:08",615
"2019-06-25 13:46:34",615
"2019-06-25 14:46:39",615
"2019-06-25 15:46:36",613
"2019-06-25 16:46:37",614
"2019-06-25 17:46:38",612
"2019-06-25 18:46:37",612
"2019-06-25 19:46:33",610
"2019-06-25 20:46:35",611
"2019-06-25 21:46:32",611
"2019-06-25 22:46:32",611
"2019-06-25 23:46:40",611
"2019-06-26 00:46:38",611
"2019-06-26 01:46:35",611
"2019-06-26 02:46:37",611
"2019-06-26 03:46:51",611
"2019-06-26 04:46:39",611
"2019-06-26 05:46:37",611
"2019-06-26 06:46:36",611
"2019-06-26 07:46:39",611
"2019-06-26 08:46:33",611
"2019-06-26 09:46:31",611
"2019-06-26 10:46:34",611
"2019-06-26 11:46:33",611
"2019-06-26 13:09:06",611
"2019-06-26 13:46:37",611
"2019-06-26 14:46:36",614
"2019-06-26 15:46:33",612
"2019-06-26 16:46:38",611
"2019-06-26 17:46:33",609
"2019-06-26 18:46:35",608
"2019-06-26 19:46:35",607
"2019-06-26 20:46:33",607
"2019-06-26 21:46:34",607
"2019-06-26 22:46:36",607
"2019-06-26 23:46:34",607
"2019-06-27 00:46:38",607
"2019-06-27 01:46:34",607
"2019-06-27 02:46:38",607
"2019-06-27 03:46:31",607
"2019-06-27 04:46:38",607
"2019-06-27 05:46:34",607
"2019-06-27 06:46:37",607
"2019-06-27 07:46:31",607
"2019-06-27 08:46:33",607
"2019-06-27 09:46:34",607
"2019-06-27 10:46:34",607
"2019-06-27 11:46:31",607
"2019-06-27 13:09:09",607
"2019-06-27 13:46:31",607
"2019-06-27 14:46:32",607
"2019-06-27 15:46:36",608
"2019-06-27 16:46:34",608
"2019-06-27 17:46:32",608
"2019-06-27 18:46:33",607
"2019-06-27 19:46:30",606
"2019-06-27 20:46:36",605
"2019-06-27 21:46:36",604
"2019-06-27 22:46:30",604
"2019-06-27 23:46:55",604
"2019-06-28 00:46:35",604
"2019-06-28 01:46:33",604
"2019-06-28 02:46:32",604
"2019-06-28 03:46:36",604
"2019-06-28 04:46:36",604
"2019-06-28 05:46:33",604
"2019-06-28 06:46:33",604
"2019-06-28 07:46:33",604
"2019-06-28 08:46:32",604
"2019-06-28 09:46:32",604
"2019-06-28 10:46:30",604
"2019-06-28 11:46:32",604
"2019-06-28 13:10:14",604
"2019-06-28 13:46:30",604
"2019-06-28 14:46:32",604
"2019-06-28 15:46:35",604
"2019-06-28 16:46:33",603
"2019-06-28 17:46:33",603
"2019-06-28 18:46:31",604
"2019-06-28 19:46:33",605
"2019-06-28 20:46:34",606
"2019-06-28 21:46:33",606
"2019-06-28 22:46:34",606
"2019-06-28 23:46:31",606
"2019-06-29 00:46:36",606
"2019-06-29 01:46:40",606
"2019-06-29 02:46:35",606
"2019-06-29 03:46:32",606
"2019-06-29 04:46:32",606
"2019-06-29 05:46:34",606
"2019-06-29 06:46:33",606
"2019-06-29 07:46:35",606
"2019-06-29 08:46:33",606
"2019-06-29 09:46:34",606
"2019-06-29 10:46:33",606
"2019-06-29 11:46:37",606
"2019-06-29 12:46:37",606
"2019-06-29 13:46:35",606
"2019-06-29 14:46:35",606
"2019-06-29 15:46:35",606
"2019-06-29 16:46:39",606
"2019-06-29 17:46:34",606
"2019-06-29 18:46:36",606
"2019-06-29 19:46:36",606
"2019-06-29 20:46:34",606
"2019-06-29 21:46:39",606
"2019-06-29 22:46:32",606
"2019-06-29 23:46:38",606
"2019-06-30 00:46:35",606
"2019-06-30 01:46:41",606
"2019-06-30 02:46:37",606
"2019-06-30 03:46:36",606
"2019-06-30 04:46:38",606
"2019-06-30 05:46:36",606
"2019-06-30 06:46:36",606
"2019-06-30 07:46:37",606
"2019-06-30 08:46:36",606
"2019-06-30 09:46:35",606
"2019-06-30 10:46:35",606
"2019-06-30 11:46:36",606
"2019-06-30 12:46:33",606
"2019-06-30 13:46:37",606
"2019-06-30 14:46:34",606
"2019-06-30 15:46:34",606
"2019-06-30 16:46:36",606
"2019-06-30 17:46:34",606
"2019-06-30 18:46:35",606
"2019-06-30 19:46:35",606
"2019-06-30 20:46:36",606
"2019-06-30 21:46:35",606
"2019-06-30 22:46:34",606
"2019-06-30 23:46:35",606
"2019-07-01 00:46:38",606
"2019-07-01 01:46:35",606
"2019-07-01 02:46:37",606
"2019-07-01 03:46:38",606
"2019-07-01 04:46:33",606
"2019-07-01 05:46:40",606
"2019-07-01 06:46:34",606
"2019-07-01 07:46:44",606
"2019-07-01 08:46:50",606
"2019-07-01 09:46:35",606
"2019-07-01 10:46:32",606
"2019-07-01 11:46:38",606
"2019-07-01 13:10:10",606
"2019-07-01 13:46:40",606
"2019-07-01 14:46:59",606
"2019-07-01 15:46:39",606
"2019-07-01 16:46:38",606
"2019-07-01 17:46:36",606
"2019-07-01 18:46:37",606
"2019-07-01 19:46:39",606
"2019-07-01 20:46:38",608
"2019-07-01 21:46:36",608
"2019-07-01 22:46:37",608
"2019-07-01 23:46:37",608
"2019-07-02 00:46:39",608
"2019-07-02 01:46:36",608
"2019-07-02 03:46:55",608
"2019-07-02 04:46:37",608
"2019-07-02 05:46:54",608
"2019-07-02 06:46:39",608
"2019-07-02 07:46:39",608
"2019-07-02 08:46:37",608
"2019-07-02 09:46:34",608
"2019-07-02 10:46:35",608
"2019-07-02 11:46:36",608
"2019-07-02 12:46:39",608
"2019-07-02 13:46:37",608
"2019-07-02 14:46:37",609
"2019-07-02 15:46:35",608
"2019-07-02 16:46:36",607
"2019-07-02 17:46:35",607
"2019-07-02 18:46:36",607
"2019-07-02 19:46:38",609
"2019-07-02 20:46:35",609
"2019-07-02 21:46:37",609
"2019-07-02 22:46:47",609
"2019-07-03 00:46:37",609
"2019-07-03 01:46:35",609
"2019-07-03 02:46:39",609
"2019-07-03 03:46:40",609
"2019-07-03 04:46:40",609
"2019-07-03 05:46:38",609
"2019-07-03 06:46:38",609
"2019-07-03 07:46:37",609
"2019-07-03 08:46:53",609
"2019-07-03 09:46:37",609
"2019-07-03 10:46:42",609
"2019-07-03 11:46:35",609
"2019-07-03 13:11:11",609
"2019-07-03 13:46:36",609
"2019-07-03 14:46:46",608
"2019-07-03 15:46:36",609
"2019-07-03 16:46:55",609
"2019-07-03 17:46:36",606
"2019-07-03 18:46:39",606
"2019-07-03 19:46:34",606
"2019-07-03 20:46:32",606
"2019-07-03 21:46:37",606
"2019-07-03 22:46:35",606
"2019-07-03 23:46:38",606
"2019-07-04 00:46:39",606
"2019-07-04 01:46:34",606
"2019-07-04 02:46:40",606
"2019-07-04 03:46:34",606
"2019-07-04 04:46:34",606
"2019-07-04 05:46:39",606
"2019-07-04 06:46:37",606
"2019-07-04 07:46:33",606
"2019-07-04 08:46:35",606
"2019-07-04 09:46:32",606
"2019-07-04 10:46:37",606
"2019-07-04 11:46:35",606
"2019-07-04 12:46:40",606
"2019-07-04 13:46:41",606
"2019-07-04 14:46:36",606
"2019-07-04 15:46:35",606
"2019-07-04 16:46:34",606
"2019-07-04 17:46:33",606
"2019-07-04 18:46:35",606
"2019-07-04 19:46:34",606
"2019-07-04 20:46:37",606
"2019-07-04 21:46:37",606
"2019-07-04 22:46:41",606
"2019-07-04 23:46:34",606
"2019-07-05 00:46:37",606
"2019-07-05 01:46:34",606
"2019-07-05 03:46:34",606
"2019-07-05 04:46:33",606
"2019-07-05 05:46:42",606
"2019-07-05 06:46:39",606
"2019-07-05 07:46:34",606
"2019-07-05 08:46:33",606
"2019-07-05 09:46:34",606
"2019-07-05 10:46:50",606
"2019-07-05 11:46:47",606
"2019-07-05 12:46:35",606
"2019-07-05 13:46:46",606
"2019-07-05 14:46:38",603
"2019-07-05 15:46:34",604
"2019-07-05 16:46:49",604
"2019-07-05 17:46:37",605
"2019-07-05 18:46:36",606
"2019-07-05 19:46:35",605
"2019-07-05 20:46:36",604
"2019-07-05 21:46:38",604
"2019-07-05 22:46:39",604
"2019-07-05 23:46:36",604
"2019-07-06 00:46:41",604
"2019-07-06 01:46:41",604
"2019-07-06 02:46:46",604
"2019-07-06 03:46:36",604
"2019-07-06 04:46:34",604
"2019-07-06 05:46:36",604
"2019-07-06 06:46:38",604
"2019-07-06 07:46:31",604
"2019-07-06 08:46:34",604
"2019-07-06 09:46:35",604
"2019-07-06 10:46:35",604
"2019-07-06 11:46:55",604
"2019-07-06 12:46:41",604
"2019-07-06 13:46:37",604
"2019-07-06 14:46:34",604
"2019-07-06 15:46:34",604
"2019-07-06 16:46:38",604
"2019-07-06 17:46:36",604
"2019-07-06 18:46:36",604
"2019-07-06 19:46:40",604
"2019-07-06 20:46:32",604
"2019-07-06 21:46:35",604
"2019-07-06 22:46:34",604
"2019-07-06 23:46:35",604
"2019-07-07 00:46:33",604
"2019-07-07 01:46:35",604
"2019-07-07 02:46:37",604
"2019-07-07 03:46:33",604
"2019-07-07 04:46:33",604
"2019-07-07 05:46:39",604
"2019-07-07 06:46:34",604
"2019-07-07 07:46:35",604
"2019-07-07 08:46:35",604
"2019-07-07 09:46:33",604
"2019-07-07 10:46:35",604
"2019-07-07 11:46:30",604
"2019-07-07 12:46:30",604
"2019-07-07 13:46:31",604
"2019-07-07 14:46:33",604
"2019-07-07 15:46:36",604
"2019-07-07 16:46:37",604
"2019-07-07 17:46:34",604
"2019-07-07 18:46:35",604
"2019-07-07 19:46:32",604
"2019-07-07 20:46:33",604
"2019-07-07 21:46:34",604
"2019-07-07 22:46:35",604
"2019-07-07 23:46:33",604
"2019-07-08 00:46:34",604
"2019-07-08 01:46:36",604
"2019-07-08 02:46:33",604
"2019-07-08 03:46:41",604
"2019-07-08 04:46:33",604
"2019-07-08 05:46:30",604
"2019-07-08 06:46:40",604
"2019-07-08 07:46:44",604
"2019-07-08 08:46:40",604
"2019-07-08 09:46:45",604
"2019-07-08 10:46:44",604
"2019-07-08 11:46:53",604
"2019-07-08 12:46:36",604
"2019-07-08 13:46:34",604
"2019-07-08 14:46:35",607
"2019-07-08 15:46:34",607
"2019-07-08 16:46:36",607
"2019-07-08 17:46:33",608
"2019-07-08 18:46:38",608
"2019-07-08 19:46:33",609
"2019-07-08 20:46:33",609
"2019-07-08 21:46:35",609
"2019-07-08 22:46:36",609
"2019-07-08 23:46:32",609
"2019-07-09 00:46:34",609
"2019-07-09 01:46:32",609
"2019-07-09 02:46:43",609
"2019-07-09 03:46:39",609
"2019-07-09 04:46:37",609
"2019-07-09 05:46:45",609
"2019-07-09 06:46:40",609
"2019-07-09 07:46:41",609
"2019-07-09 08:46:35",609
"2019-07-09 09:46:34",609
"2019-07-09 10:46:30",609
"2019-07-09 11:46:36",609
"2019-07-09 13:09:38",609
"2019-07-09 13:46:32",609
"2019-07-09 14:46:35",610
"2019-07-09 15:46:35",610
"2019-07-09 16:46:32",609
"2019-07-09 17:46:36",608
"2019-07-09 18:46:33",608
"2019-07-09 19:46:34",608
"2019-07-09 20:46:34",607
"2019-07-09 21:46:34",607
"2019-07-09 22:46:33",607
"2019-07-09 23:46:34",607
"2019-07-10 00:46:33",607
"2019-07-10 01:46:34",607
"2019-07-10 02:46:33",607
"2019-07-10 03:46:32",607
"2019-07-10 04:46:32",607
"2019-07-10 05:46:38",607
"2019-07-10 06:46:36",607
"2019-07-10 07:46:30",607
"2019-07-10 08:46:32",607
"2019-07-10 09:46:30",607
"2019-07-10 10:46:31",607
"2019-07-10 11:46:34",607
"2019-07-10 12:46:37",607
"2019-07-10 13:46:35",607
"2019-07-10 14:46:33",606
"2019-07-10 15:46:36",606
"2019-07-10 16:46:50",606
"2019-07-10 17:46:33",606
"2019-07-10 18:46:32",607
"2019-07-10 19:46:33",607
"2019-07-10 20:46:34",605
"2019-07-10 21:46:32",605
"2019-07-10 22:46:40",605
"2019-07-10 23:46:34",605
"2019-07-11 00:46:32",605
"2019-07-11 01:46:36",605
"2019-07-11 02:46:41",605
"2019-07-11 03:46:37",605
"2019-07-11 04:46:41",605
"2019-07-11 05:46:37",605
"2019-07-11 06:46:36",605
"2019-07-11 07:46:35",605
"2019-07-11 08:46:42",605
"2019-07-11 09:46:34",605
"2019-07-11 10:46:37",605
"2019-07-11 11:46:32",605
"2019-07-11 12:46:32",605
"2019-07-11 13:46:34",605
"2019-07-11 14:46:33",607
"2019-07-11 15:46:33",606
"2019-07-11 16:46:34",607
"2019-07-11 17:46:34",607
"2019-07-11 18:46:34",607
"2019-07-11 19:46:34",607
"2019-07-11 20:46:32",607
"2019-07-11 21:46:38",607
"2019-07-11 22:46:40",607
"2019-07-11 23:46:34",607
"2019-07-12 00:46:33",607
"2019-07-12 01:46:34",607
"2019-07-12 02:46:32",607
"2019-07-12 03:46:32",607
"2019-07-12 04:46:31",607
"2019-07-12 05:46:39",607
"2019-07-12 06:46:42",607
"2019-07-12 07:46:34",607
"2019-07-12 08:46:34",607
"2019-07-12 09:46:45",607
"2019-07-12 10:46:36",607
"2019-07-12 11:46:35",607
"2019-07-12 13:10:09",607
"2019-07-12 13:46:35",607
"2019-07-12 14:46:35",608
"2019-07-12 15:46:57",608
"2019-07-12 16:46:40",609
"2019-07-12 17:46:40",610
"2019-07-12 18:46:34",610
"2019-07-12 19:46:30",610
"2019-07-12 20:46:31",609
"2019-07-12 21:46:34",609
"2019-07-12 22:46:40",609
"2019-07-12 23:46:33",609
"2019-07-13 00:46:33",609
"2019-07-13 01:46:35",609
"2019-07-13 02:46:39",609
"2019-07-13 03:46:31",609
"2019-07-13 04:46:34",609
"2019-07-13 05:46:33",609
"2019-07-13 06:46:32",609
"2019-07-13 07:46:35",609
"2019-07-13 08:46:32",609
"2019-07-13 09:46:33",609
"2019-07-13 10:46:33",609
"2019-07-13 11:46:37",609
"2019-07-13 12:46:38",609
"2019-07-13 13:46:34",609
"2019-07-13 14:46:32",609
"2019-07-13 15:46:35",609
"2019-07-13 16:47:06",609
"2019-07-13 17:46:37",609
"2019-07-13 18:46:40",609
"2019-07-13 19:46:39",609
"2019-07-13 20:46:38",609
"2019-07-13 21:46:38",609
"2019-07-13 22:46:33",609
"2019-07-13 23:46:33",609
"2019-07-14 00:46:33",609
"2019-07-14 01:46:43",609
"2019-07-14 02:46:35",609
"2019-07-14 03:46:37",609
"2019-07-14 04:46:34",609
"2019-07-14 05:46:38",609
"2019-07-14 06:46:37",609
"2019-07-14 07:46:33",609
"2019-07-14 08:46:33",609
"2019-07-14 09:46:29",609
"2019-07-14 10:46:33",609
"2019-07-14 11:46:37",609
"2019-07-14 12:46:33",609
"2019-07-14 13:46:36",609
"2019-07-14 14:46:33",609
"2019-07-14 15:46:35",609
"2019-07-14 16:46:37",609
"2019-07-14 17:46:35",609
"2019-07-14 18:46:33",609
"2019-07-14 19:46:32",609
"2019-07-14 20:46:41",609
"2019-07-14 21:46:31",609
"2019-07-14 22:46:32",609
"2019-07-14 23:46:32",609
"2019-07-15 00:46:34",609
"2019-07-15 01:46:32",609
"2019-07-15 02:46:33",609
"2019-07-15 03:46:31",609
"2019-07-15 04:46:31",609
"2019-07-15 05:46:42",609
"2019-07-15 06:46:46",609
"2019-07-15 07:46:34",609
"2019-07-15 08:46:31",609
"2019-07-15 09:46:31",609
"2019-07-15 10:46:33",609
"2019-07-15 11:46:30",609
"2019-07-15 13:10:41",609
"2019-07-15 13:46:37",609
"2019-07-15 14:46:34",609
"2019-07-15 15:46:32",607
"2019-07-15 16:46:49",606
"2019-07-15 17:46:33",608
"2019-07-15 18:46:32",607
"2019-07-15 19:46:34",607
"2019-07-15 20:46:35",607
"2019-07-15 21:46:32",607
"2019-07-15 22:46:39",607
"2019-07-15 23:46:33",607
"2019-07-16 00:46:32",607
"2019-07-16 01:46:34",607
"2019-07-16 02:46:40",607
"2019-07-16 03:46:33",607
"2019-07-16 04:46:32",607
"2019-07-16 05:46:43",607
"2019-07-16 06:46:48",607
"2019-07-16 07:46:32",607
"2019-07-16 08:46:33",607
"2019-07-16 09:46:33",607
"2019-07-16 10:46:35",607
"2019-07-16 11:46:32",607
"2019-07-16 13:10:36",607
"2019-07-16 13:46:35",607
"2019-07-16 14:46:32",607
"2019-07-16 15:46:43",608
"2019-07-16 16:46:35",608
"2019-07-16 17:46:36",610
"2019-07-16 18:46:35",609
"2019-07-16 19:46:31",609
"2019-07-16 20:47:10",609
"2019-07-16 21:46:34",609
"2019-07-16 22:46:35",609
"2019-07-16 23:46:35",609
"2019-07-17 00:46:33",609
"2019-07-17 01:46:34",609
"2019-07-17 02:46:34",609
"2019-07-17 03:46:36",609
"2019-07-17 04:46:36",609
"2019-07-17 05:46:48",609
"2019-07-17 06:46:38",609
"2019-07-17 07:46:38",609
"2019-07-17 08:46:35",609
"2019-07-17 09:46:36",609
"2019-07-17 10:46:35",609
"2019-07-17 11:46:32",609
"2019-07-17 13:10:08",609
"2019-07-17 13:46:34",609
"2019-07-17 14:46:38",610
"2019-07-17 15:46:45",610
"2019-07-17 16:46:43",610
"2019-07-17 17:46:32",609
"2019-07-17 18:46:35",608
"2019-07-17 19:46:32",608
"2019-07-17 20:46:33",608
"2019-07-17 21:46:33",608
"2019-07-17 22:46:36",608
"2019-07-17 23:46:33",608
"2019-07-18 00:46:32",608
"2019-07-18 01:46:45",608
"2019-07-18 02:46:35",608
"2019-07-18 03:46:35",608
"2019-07-18 04:46:33",608
"2019-07-18 05:46:38",608
"2019-07-18 06:46:37",608
"2019-07-18 07:46:30",608
"2019-07-18 08:46:38",608
"2019-07-18 09:46:32",608
"2019-07-18 10:46:35",608
"2019-07-18 11:46:31",608
"2019-07-18 13:10:43",608
"2019-07-18 13:46:33",608
"2019-07-18 14:46:33",608
"2019-07-18 15:46:32",608
"2019-07-18 16:46:44",608
"2019-07-18 17:46:35",608
"2019-07-18 18:46:35",608
"2019-07-18 19:46:36",608
"2019-07-18 20:46:35",608
"2019-07-18 21:46:33",608
"2019-07-18 22:46:35",608
"2019-07-18 23:46:39",608
"2019-07-19 00:46:35",608
"2019-07-19 01:46:36",608
"2019-07-19 02:46:37",608
"2019-07-19 03:46:34",608
"2019-07-19 04:46:38",608
"2019-07-19 05:46:53",608
"2019-07-19 06:46:36",608
"2019-07-19 07:46:41",608
"2019-07-19 08:46:33",608
"2019-07-19 09:46:34",608
"2019-07-19 10:46:33",608
"2019-07-19 11:46:33",608
"2019-07-19 13:10:07",608
"2019-07-19 13:46:34",608
"2019-07-19 14:46:34",607
"2019-07-19 15:46:35",606
"2019-07-19 16:46:35",605
"2019-07-19 17:46:38",604
"2019-07-19 18:46:35",604
"2019-07-19 19:46:34",605
"2019-07-19 20:46:34",607
"2019-07-19 21:46:32",607
"2019-07-19 22:46:35",607
"2019-07-19 23:46:33",607
"2019-07-20 00:46:34",607
"2019-07-20 01:46:44",607
"2019-07-20 02:46:44",607
"2019-07-20 03:46:36",607
"2019-07-20 04:46:42",607
"2019-07-20 05:46:40",607
"2019-07-20 06:46:33",607
"2019-07-20 07:46:32",607
"2019-07-20 08:46:34",607
"2019-07-20 09:46:31",607
"2019-07-20 10:46:31",607
"2019-07-20 11:46:33",607
"2019-07-20 12:46:34",607
"2019-07-20 13:46:33",607
"2019-07-20 14:46:33",607
"2019-07-20 15:46:33",607
"2019-07-20 16:46:36",607
"2019-07-20 17:46:33",607
"2019-07-20 18:46:34",607
"2019-07-20 19:46:35",607
"2019-07-20 20:46:32",607
"2019-07-20 21:46:36",607
"2019-07-20 22:46:31",607
"2019-07-20 23:46:32",607
"2019-07-21 00:46:34",607
"2019-07-21 01:46:33",607
"2019-07-21 02:46:36",607
"2019-07-21 03:46:32",607
"2019-07-21 04:46:33",607
"2019-07-21 05:46:42",607
"2019-07-21 06:46:44",607
"2019-07-21 07:46:32",607
"2019-07-21 08:46:33",607
"2019-07-21 09:46:35",607
"2019-07-21 10:46:43",607
"2019-07-21 11:46:33",607
"2019-07-21 12:46:31",607
"2019-07-21 13:46:34",607
"2019-07-21 14:46:33",607
"2019-07-21 15:46:33",607
"2019-07-21 16:46:33",607
"2019-07-21 17:46:34",607
"2019-07-21 18:46:34",607
"2019-07-21 19:46:34",607
"2019-07-21 20:46:34",607
"2019-07-21 21:46:35",607
"2019-07-21 22:46:32",607
"2019-07-21 23:46:34",607
"2019-07-22 00:46:32",607
"2019-07-22 01:46:34",607
"2019-07-22 02:46:33",607
"2019-07-22 03:46:33",607
"2019-07-22 04:46:33",607
"2019-07-22 05:46:36",607
"2019-07-22 06:46:42",607
"2019-07-22 07:46:32",607
"2019-07-22 08:46:34",607
"2019-07-22 09:46:32",607
"2019-07-22 10:46:31",607
"2019-07-22 11:46:51",607
"2019-07-22 12:46:39",607
"2019-07-22 13:46:33",607
"2019-07-22 14:46:36",608
"2019-07-22 15:46:33",609
"2019-07-22 16:46:37",608
"2019-07-22 17:46:35",608
"2019-07-22 18:46:44",609
"2019-07-22 19:46:42",610
"2019-07-22 20:46:39",609
"2019-07-22 21:46:40",609
"2019-07-22 22:46:33",609
"2019-07-22 23:46:33",609
"2019-07-23 00:46:33",609
"2019-07-23 01:46:32",609
"2019-07-23 02:46:40",609
"2019-07-23 03:46:36",609
"2019-07-23 04:46:36",609
"2019-07-23 05:46:38",609
"2019-07-23 06:46:42",609
"2019-07-23 07:46:42",609
"2019-07-23 08:46:33",609
"2019-07-23 09:46:37",609
"2019-07-23 10:46:34",609
"2019-07-23 11:46:33",609
"2019-07-23 13:09:42",609
"2019-07-23 13:46:34",609
"2019-07-23 14:46:37",609
"2019-07-23 15:46:41",610
"2019-07-23 16:46:37",610
"2019-07-23 17:46:32",610
"2019-07-23 18:46:35",611
"2019-07-23 19:46:36",612
"2019-07-23 20:46:35",612
"2019-07-23 21:46:34",612
"2019-07-23 22:46:40",612
"2019-07-23 23:46:37",612
"2019-07-24 00:46:35",612
"2019-07-24 01:46:35",612
"2019-07-24 02:46:42",612
"2019-07-24 03:46:34",612
"2019-07-24 04:46:34",612
"2019-07-24 05:46:36",612
"2019-07-24 06:46:32",612
"2019-07-24 07:46:32",612
"2019-07-24 08:46:38",612
"2019-07-24 09:46:36",612
"2019-07-24 10:46:36",612
"2019-07-24 11:46:31",612
"2019-07-24 13:09:08",612
"2019-07-24 13:46:36",612
"2019-07-24 14:46:33",611
"2019-07-24 15:46:36",611
"2019-07-24 16:46:35",611
"2019-07-24 17:46:33",611
"2019-07-24 18:46:38",611
"2019-07-24 19:46:34",611
"2019-07-24 20:46:36",611
"2019-07-24 21:46:34",611
"2019-07-24 22:46:36",609
"2019-07-24 23:46:36",609
"2019-07-25 00:46:34",609
"2019-07-25 01:46:42",609
"2019-07-25 02:46:53",609
"2019-07-25 03:46:34",609
"2019-07-25 04:46:35",609
"2019-07-25 05:46:42",609
"2019-07-25 06:46:41",609
"2019-07-25 07:46:35",609
"2019-07-25 08:46:39",609
"2019-07-25 09:46:34",609
"2019-07-25 10:46:46",609
"2019-07-25 11:46:34",609
"2019-07-25 13:09:40",609
"2019-07-25 13:46:39",609
"2019-07-25 14:46:38",610
"2019-07-25 15:46:35",611
"2019-07-25 16:46:38",611
"2019-07-25 17:46:40",611
"2019-07-25 18:46:43",611
"2019-07-25 19:47:11",611
"2019-07-25 20:46:41",611
"2019-07-25 21:46:42",611
"2019-07-25 22:46:42",611
"2019-07-25 23:46:37",611
"2019-07-26 00:46:52",611
"2019-07-26 01:46:38",611
"2019-07-26 02:46:39",611
"2019-07-26 03:46:40",611
"2019-07-26 04:46:40",611
"2019-07-26 05:46:47",611
"2019-07-26 06:47:00",611
"2019-07-26 07:46:47",611
"2019-07-26 08:46:32",611
"2019-07-26 09:46:35",611
"2019-07-26 10:46:38",611
"2019-07-26 11:46:40",611
"2019-07-26 13:11:40",611
"2019-07-26 13:46:37",611
"2019-07-26 14:46:36",611
"2019-07-26 15:46:35",611
"2019-07-26 16:46:39",612
"2019-07-26 17:46:38",611
"2019-07-26 18:46:38",612
"2019-07-26 19:46:35",612
"2019-07-26 20:46:35",613
"2019-07-26 22:46:33",613
"2019-07-26 23:46:32",613
"2019-07-27 00:46:33",613
"2019-07-27 01:46:34",613
"2019-07-27 02:46:37",613
"2019-07-27 03:46:33",613
"2019-07-27 04:46:35",613
"2019-07-27 05:46:34",613
"2019-07-27 06:46:34",613
"2019-07-27 07:46:33",613
"2019-07-27 08:46:34",613
"2019-07-27 09:46:31",613
"2019-07-27 10:46:33",613
"2019-07-27 11:46:31",613
"2019-07-27 12:46:34",613
"2019-07-27 13:46:32",613
"2019-07-27 14:46:33",613
"2019-07-27 15:46:37",613
"2019-07-27 16:46:45",613
"2019-07-27 17:46:41",613
"2019-07-27 18:46:37",613
"2019-07-27 19:46:36",613
"2019-07-27 20:46:39",613
"2019-07-27 21:46:34",613
"2019-07-27 22:46:35",613
"2019-07-27 23:46:34",613
"2019-07-28 00:46:33",613
"2019-07-28 01:46:33",613
"2019-07-28 02:46:33",613
"2019-07-28 03:46:31",613
"2019-07-28 04:46:33",613
"2019-07-28 05:46:31",613
"2019-07-28 06:46:32",613
"2019-07-28 07:46:34",613
"2019-07-28 08:46:31",613
"2019-07-28 09:46:30",613
"2019-07-28 10:46:29",613
"2019-07-28 11:46:29",613
"2019-07-28 12:46:32",613
"2019-07-28 13:46:31",613
"2019-07-28 14:46:33",613
"2019-07-28 15:46:31",613
"2019-07-28 16:46:34",613
"2019-07-28 17:46:34",613
"2019-07-28 18:46:33",613
"2019-07-28 19:46:33",613
"2019-07-28 20:46:32",613
"2019-07-28 21:46:32",613
"2019-07-28 22:46:35",613
"2019-07-28 23:46:35",613
"2019-07-29 00:46:33",613
"2019-07-29 01:46:33",613
"2019-07-29 02:46:33",613
"2019-07-29 03:46:35",613
"2019-07-29 04:46:34",613
"2019-07-29 05:46:40",613
"2019-07-29 06:46:46",613
"2019-07-29 07:46:34",613
"2019-07-29 08:46:32",613
"2019-07-29 09:46:33",613
"2019-07-29 10:46:33",613
"2019-07-29 11:46:35",613
"2019-07-29 13:10:38",613
"2019-07-29 13:46:38",613
"2019-07-29 14:46:34",617
"2019-07-29 15:46:34",617
"2019-07-29 16:46:33",617
"2019-07-29 17:46:34",617
"2019-07-29 18:46:34",616
"2019-07-29 19:46:33",616
"2019-07-29 20:46:33",616
"2019-07-29 21:46:32",616
"2019-07-29 22:46:34",616
"2019-07-29 23:46:33",616
"2019-07-30 00:46:33",616
"2019-07-30 01:46:35",616
"2019-07-30 02:46:36",616
"2019-07-30 03:46:33",616
"2019-07-30 04:46:32",616
"2019-07-30 05:46:34",616
"2019-07-30 06:46:34",616
"2019-07-30 07:46:42",616
"2019-07-30 08:46:35",616
"2019-07-30 09:46:32",616
"2019-07-30 10:46:31",616
"2019-07-30 11:46:35",616
"2019-07-30 12:46:34",616
"2019-07-30 13:46:35",616
"2019-07-30 14:46:37",614
"2019-07-30 15:46:36",616
"2019-07-30 16:46:36",615
"2019-07-30 17:46:42",615
"2019-07-30 18:46:38",616
"2019-07-30 19:46:41",617
"2019-07-30 20:46:37",618
"2019-07-30 21:46:36",618
"2019-07-30 22:46:37",618
"2019-07-30 23:46:35",618
"2019-07-31 00:47:08",618
"2019-07-31 01:46:34",618
"2019-07-31 02:46:35",618
"2019-07-31 03:46:38",618
"2019-07-31 04:46:36",618
"2019-07-31 05:46:50",618
"2019-07-31 06:46:36",618
"2019-07-31 07:46:35",618
"2019-07-31 08:46:35",618
"2019-07-31 09:46:37",618
"2019-07-31 10:46:34",618
"2019-07-31 11:46:32",618
"2019-07-31 13:10:43",618
"2019-07-31 13:46:36",618
"2019-07-31 14:46:38",616
"2019-07-31 15:46:39",617
"2019-07-31 16:46:42",617
"2019-07-31 17:46:36",617
"2019-07-31 18:46:35",617
"2019-07-31 19:46:35",616
"2019-07-31 20:46:40",617
"2019-07-31 21:46:38",617
"2019-07-31 22:46:36",617
"2019-07-31 23:46:36",617
"2019-08-01 00:46:38",617
"2019-08-01 01:46:52",617
"2019-08-01 02:46:40",617
"2019-08-01 03:46:37",617
"2019-08-01 04:46:34",617
"2019-08-01 05:46:39",617
"2019-08-01 06:46:35",617
"2019-08-01 07:46:43",617
"2019-08-01 08:46:34",617
"2019-08-01 09:46:37",617
"2019-08-01 10:46:35",617
"2019-08-01 11:46:33",617
"2019-08-01 13:09:08",617
"2019-08-01 13:46:37",617
"2019-08-01 14:46:36",617
"2019-08-01 15:46:43",616
"2019-08-01 16:46:39",616
"2019-08-01 17:46:38",616
"2019-08-01 18:46:34",615
"2019-08-01 19:46:35",613
"2019-08-01 20:46:34",613
"2019-08-01 21:46:35",613
"2019-08-01 22:46:35",613
"2019-08-01 23:46:36",613
"2019-08-02 00:46:34",613
"2019-08-02 01:47:20",613
"2019-08-02 02:46:33",613
"2019-08-02 03:46:35",613
"2019-08-02 04:46:34",613
"2019-08-02 05:46:37",613
"2019-08-02 06:46:35",613
"2019-08-02 07:46:31",613
"2019-08-02 08:46:36",613
"2019-08-02 09:46:37",613
"2019-08-02 10:46:47",613
"2019-08-02 11:46:34",613
"2019-08-02 13:10:43",613
"2019-08-02 13:46:38",613
"2019-08-02 14:46:37",611
"2019-08-02 15:46:38",612
"2019-08-02 16:46:39",611
"2019-08-02 17:46:35",611
"2019-08-02 18:46:38",611
"2019-08-02 19:46:37",611
"2019-08-02 20:46:37",611
"2019-08-02 21:46:37",611
"2019-08-02 22:46:35",611
"2019-08-02 23:46:37",611
"2019-08-03 00:46:35",611
"2019-08-03 01:46:34",611
"2019-08-03 02:46:50",611
"2019-08-03 03:46:35",611
"2019-08-03 04:46:34",611
"2019-08-03 05:46:42",611
"2019-08-03 06:46:36",611
"2019-08-03 07:46:32",611
"2019-08-03 08:46:37",611
"2019-08-03 09:46:35",611
"2019-08-03 10:46:35",611
"2019-08-03 11:46:34",611
"2019-08-03 12:46:36",611
"2019-08-03 13:46:36",611
"2019-08-03 14:46:36",611
"2019-08-03 15:46:34",611
"2019-08-03 16:46:36",611
"2019-08-03 17:46:37",611
"2019-08-03 18:46:36",611
"2019-08-03 19:46:34",611
"2019-08-03 20:46:33",611
"2019-08-03 21:46:33",611
"2019-08-03 22:46:34",611
"2019-08-03 23:46:34",611
"2019-08-04 00:46:35",611
"2019-08-04 01:46:34",611
"2019-08-04 02:46:41",611
"2019-08-04 03:46:37",611
"2019-08-04 04:46:34",611
"2019-08-04 05:46:41",611
"2019-08-04 06:46:34",611
"2019-08-04 07:46:35",611
"2019-08-04 08:46:37",611
"2019-08-04 09:46:33",611
"2019-08-04 10:46:32",611
"2019-08-04 11:46:31",611
"2019-08-04 12:46:34",611
"2019-08-04 13:46:34",611
"2019-08-04 14:46:32",611
"2019-08-04 15:46:34",611
"2019-08-04 16:46:35",611
"2019-08-04 17:46:34",611
"2019-08-04 18:46:35",611
"2019-08-04 19:46:33",611
"2019-08-04 20:46:36",611
"2019-08-04 21:46:35",611
"2019-08-04 22:46:35",611
"2019-08-04 23:46:34",611
"2019-08-05 00:46:34",611
"2019-08-05 01:46:36",611
"2019-08-05 02:46:37",611
"2019-08-05 03:46:35",611
"2019-08-05 04:46:35",611
"2019-08-05 05:46:38",611
"2019-08-05 06:46:34",611
"2019-08-05 07:46:40",611
"2019-08-05 08:46:37",611
"2019-08-05 09:46:37",611
"2019-08-05 10:46:36",611
"2019-08-05 11:46:34",611
"2019-08-05 13:11:12",611
"2019-08-05 13:46:41",611
"2019-08-05 14:46:40",615
"2019-08-05 15:46:35",614
"2019-08-05 16:46:37",614
"2019-08-05 17:46:38",616
"2019-08-05 18:46:40",616
"2019-08-05 19:46:37",616
"2019-08-05 20:46:35",617
"2019-08-05 21:46:37",617
"2019-08-05 22:46:38",617
"2019-08-05 23:46:40",617
"2019-08-06 00:46:50",617
"2019-08-06 01:46:43",617
"2019-08-06 02:46:36",617
"2019-08-06 03:46:36",617
"2019-08-06 04:46:37",617
"2019-08-06 05:46:39",617
"2019-08-06 06:46:35",617
"2019-08-06 07:46:36",617
"2019-08-06 08:46:34",617
"2019-08-06 09:46:42",617
"2019-08-06 10:46:34",617
"2019-08-06 11:46:36",617
"2019-08-06 12:46:35",617
"2019-08-06 13:46:38",617
"2019-08-06 14:46:34",617
"2019-08-06 15:46:37",617
"2019-08-06 16:46:38",616
"2019-08-06 17:46:36",616
"2019-08-06 18:46:35",617
"2019-08-06 19:46:37",617
"2019-08-06 20:46:38",619
"2019-08-06 21:46:35",619
"2019-08-06 23:46:35",619
"2019-08-07 00:46:37",619
"2019-08-07 01:46:37",619
"2019-08-07 02:46:39",619
"2019-08-07 03:46:36",619
"2019-08-07 04:46:34",619
"2019-08-07 05:46:40",619
"2019-08-07 06:46:44",619
"2019-08-07 07:46:33",619
"2019-08-07 08:46:36",619
"2019-08-07 09:46:34",619
"2019-08-07 10:46:43",619
"2019-08-07 11:46:34",619
"2019-08-07 12:46:39",619
"2019-08-07 13:46:39",620
"2019-08-07 14:46:37",620
"2019-08-07 15:46:36",617
"2019-08-07 16:46:37",617
"2019-08-07 17:46:36",616
"2019-08-07 18:46:36",616
"2019-08-07 19:46:35",616
"2019-08-07 20:46:35",615
"2019-08-07 21:46:35",615
"2019-08-07 22:46:34",615
"2019-08-07 23:46:36",615
"2019-08-08 00:46:40",615
"2019-08-08 01:46:35",615
"2019-08-08 02:46:43",615
"2019-08-08 03:46:34",615
"2019-08-08 04:46:34",615
"2019-08-08 05:46:36",615
"2019-08-08 06:46:39",615
"2019-08-08 07:46:35",615
"2019-08-08 08:46:34",615
"2019-08-08 09:46:34",615
"2019-08-08 10:46:41",615
"2019-08-08 11:46:34",615
"2019-08-08 12:46:37",615
"2019-08-08 13:46:37",615
"2019-08-08 14:46:35",619
"2019-08-08 15:46:39",619
"2019-08-08 16:46:39",618
"2019-08-08 17:46:36",619
"2019-08-08 18:46:39",618
"2019-08-08 19:46:36",618
"2019-08-08 20:46:40",618
"2019-08-08 21:46:41",618
"2019-08-08 22:46:39",618
"2019-08-08 23:46:40",618
"2019-08-09 00:46:42",618
"2019-08-09 01:46:43",618
"2019-08-09 02:46:45",618
"2019-08-09 03:46:42",618
"2019-08-09 04:46:42",618
"2019-08-09 05:46:48",618
"2019-08-09 06:46:43",618
"2019-08-09 07:47:00",618
"2019-08-09 08:46:41",618
"2019-08-09 09:46:50",618
"2019-08-09 10:46:42",618
"2019-08-09 11:46:43",618
"2019-08-09 13:10:47",618
"2019-08-09 13:46:41",618
"2019-08-09 14:46:54",618
"2019-08-09 15:46:43",620
"2019-08-09 16:46:51",621
"2019-08-09 17:46:41",621
"2019-08-09 18:46:41",621
"2019-08-09 19:46:42",621
"2019-08-09 20:46:40",621
"2019-08-09 21:46:43",621
"2019-08-09 22:46:42",621
"2019-08-09 23:46:43",621
"2019-08-10 00:46:43",621
"2019-08-10 01:46:41",621
"2019-08-10 02:47:02",621
"2019-08-10 03:46:40",621
"2019-08-10 04:46:42",621
"2019-08-10 05:46:48",621
"2019-08-10 06:46:41",621
"2019-08-10 07:46:40",621
"2019-08-10 08:46:41",621
"2019-08-10 09:46:43",621
"2019-08-10 10:46:44",621
"2019-08-10 11:46:40",621
"2019-08-10 12:46:44",621
"2019-08-10 13:46:44",621
"2019-08-10 14:46:40",621
"2019-08-10 15:46:39",621
"2019-08-10 16:46:50",621
"2019-08-10 17:46:41",621
"2019-08-10 18:46:41",621
"2019-08-10 19:46:41",621
"2019-08-10 20:46:41",621
"2019-08-10 21:46:38",621
"2019-08-10 22:46:40",621
"2019-08-10 23:46:42",621
"2019-08-11 00:46:39",621
"2019-08-11 01:46:40",621
"2019-08-11 02:46:49",621
"2019-08-11 03:46:44",621
"2019-08-11 04:46:39",621
"2019-08-11 05:46:51",621
"2019-08-11 06:46:40",621
"2019-08-11 07:46:41",621
"2019-08-11 08:46:40",621
"2019-08-11 09:46:38",621
"2019-08-11 10:46:38",621
"2019-08-11 11:46:40",621
"2019-08-11 12:46:41",621
"2019-08-11 13:46:44",621
"2019-08-11 14:46:42",621
"2019-08-11 15:46:41",621
"2019-08-11 16:46:42",621
"2019-08-11 17:46:41",621
"2019-08-11 18:46:40",621
"2019-08-11 19:46:42",621
"2019-08-11 20:46:45",621
"2019-08-11 21:46:44",621
"2019-08-11 22:46:44",621
"2019-08-11 23:46:47",621
"2019-08-12 00:46:44",621
"2019-08-12 01:46:43",621
"2019-08-12 02:46:55",621
"2019-08-12 03:46:45",621
"2019-08-12 04:46:43",621
"2019-08-12 05:46:49",621
"2019-08-12 06:46:50",621
"2019-08-12 07:46:40",621
"2019-08-12 08:46:44",621
"2019-08-12 09:46:42",621
"2019-08-12 10:46:47",621
"2019-08-12 11:46:41",621
"2019-08-12 12:46:47",621
"2019-08-12 13:46:54",621
"2019-08-12 14:46:42",619
"2019-08-12 15:46:42",619
"2019-08-12 16:46:52",619
"2019-08-12 17:46:39",619
"2019-08-12 18:46:37",618
"2019-08-12 19:46:37",619
"2019-08-12 20:46:42",620
"2019-08-12 21:46:37",620
"2019-08-12 22:46:38",620
"2019-08-12 23:46:40",620
"2019-08-13 00:46:38",620
"2019-08-13 01:46:39",620
"2019-08-13 02:46:46",620
"2019-08-13 03:46:40",620
"2019-08-13 04:46:36",620
"2019-08-13 05:46:43",620
"2019-08-13 06:46:43",620
"2019-08-13 07:46:40",620
"2019-08-13 08:46:37",620
"2019-08-13 09:46:41",620
"2019-08-13 10:46:49",620
"2019-08-13 11:46:45",620
"2019-08-13 12:46:43",620
"2019-08-13 13:46:43",620
"2019-08-13 14:46:41",620
"2019-08-13 15:46:45",620
"2019-08-13 16:46:44",620
"2019-08-13 17:46:41",620
"2019-08-13 18:46:42",621
"2019-08-13 19:46:41",620
"2019-08-13 20:46:39",619
"2019-08-13 21:46:45",618
"2019-08-13 22:46:48",618
"2019-08-13 23:46:43",618
"2019-08-14 00:46:43",618
"2019-08-14 01:46:42",618
"2019-08-14 02:46:43",618
"2019-08-14 03:46:39",618
"2019-08-14 04:46:38",618
"2019-08-14 05:46:59",618
"2019-08-14 06:46:40",618
"2019-08-14 07:46:38",618
"2019-08-14 08:46:38",618
"2019-08-14 09:46:43",618
"2019-08-14 10:46:35",618
"2019-08-14 11:46:36",618
"2019-08-14 13:09:47",618
"2019-08-14 13:46:41",618
"2019-08-14 14:46:42",618
"2019-08-14 15:46:43",618
"2019-08-14 16:46:40",617
"2019-08-14 17:46:37",617
"2019-08-14 18:46:44",617
"2019-08-14 19:46:44",617
"2019-08-14 20:46:41",616
"2019-08-14 21:46:57",616
"2019-08-14 22:46:39",616
"2019-08-14 23:46:38",616
"2019-08-15 00:47:09",616
"2019-08-15 01:46:42",616
"2019-08-15 02:46:42",616
"2019-08-15 03:46:40",616
"2019-08-15 04:46:41",616
"2019-08-15 05:46:47",616
"2019-08-15 06:46:40",616
"2019-08-15 07:46:36",616
"2019-08-15 08:46:51",616
"2019-08-15 09:46:39",616
"2019-08-15 10:46:39",616
"2019-08-15 11:46:39",616
"2019-08-15 13:09:44",617
"2019-08-15 13:46:47",617
"2019-08-15 14:46:42",616
"2019-08-15 15:46:36",617
"2019-08-15 16:46:55",617
"2019-08-15 17:46:35",617
"2019-08-15 18:46:39",617
"2019-08-15 19:46:37",617
"2019-08-15 20:46:39",617
"2019-08-15 21:46:35",617
"2019-08-15 22:46:36",617
"2019-08-15 23:46:50",617
"2019-08-16 00:46:53",617
"2019-08-16 01:46:59",617
"2019-08-16 02:46:39",617
"2019-08-16 03:46:40",617
"2019-08-16 04:46:34",617
"2019-08-16 05:46:56",617
"2019-08-16 06:46:35",617
"2019-08-16 07:46:37",617
"2019-08-16 08:46:37",617
"2019-08-16 09:46:40",617
"2019-08-16 10:46:34",617
"2019-08-16 11:46:34",617
"2019-08-16 12:46:37",617
"2019-08-16 13:46:41",617
"2019-08-16 14:46:36",616
"2019-08-16 15:46:39",617
"2019-08-16 16:46:53",615
"2019-08-16 19:46:44",615
"2019-08-16 20:46:49",618
"2019-08-16 21:46:44",618
"2019-08-16 22:46:44",618
"2019-08-16 23:46:46",618
"2019-08-17 00:46:45",618
"2019-08-17 01:46:50",618
"2019-08-17 02:47:00",618
"2019-08-17 03:46:46",618
"2019-08-17 04:46:46",618
"2019-08-17 05:46:48",618
"2019-08-17 06:46:43",618
"2019-08-17 07:46:44",618
"2019-08-17 08:46:46",618
"2019-08-17 09:46:43",618
"2019-08-17 10:46:41",618
"2019-08-17 11:46:43",618
"2019-08-17 12:46:41",618
"2019-08-17 13:46:43",618
"2019-08-17 14:47:29",618
"2019-08-17 15:46:42",618
"2019-08-17 16:46:43",618
"2019-08-17 17:46:40",618
"2019-08-17 18:46:42",618
"2019-08-17 19:46:42",618
"2019-08-17 20:46:43",618
"2019-08-17 21:46:41",618
"2019-08-17 22:46:41",618
"2019-08-17 23:46:40",618
"2019-08-18 00:46:41",618
"2019-08-18 01:46:40",618
"2019-08-18 02:46:44",618
"2019-08-18 03:46:42",618
"2019-08-18 04:46:40",618
"2019-08-18 05:47:11",618
"2019-08-18 06:47:02",618
"2019-08-18 07:46:46",618
"2019-08-18 08:46:47",618
"2019-08-18 09:46:49",618
"2019-08-18 10:46:42",618
"2019-08-18 11:46:43",618
"2019-08-18 12:46:44",618
"2019-08-18 13:46:45",618
"2019-08-18 14:46:46",618
"2019-08-18 15:46:45",618
"2019-08-18 16:46:50",618
"2019-08-18 17:46:42",618
"2019-08-18 18:46:43",618
"2019-08-18 19:46:48",618
"2019-08-18 20:46:46",618
"2019-08-18 21:46:51",618
"2019-08-18 22:46:45",618
"2019-08-18 23:46:45",618
"2019-08-19 00:46:44",618
"2019-08-19 01:46:49",618
"2019-08-19 02:46:48",618
"2019-08-19 03:46:42",618
"2019-08-19 04:46:42",618
"2019-08-19 05:46:51",618
"2019-08-19 06:46:47",618
"2019-08-19 07:46:55",618
"2019-08-19 08:46:43",618
"2019-08-19 09:46:52",618
"2019-08-19 10:46:44",618
"2019-08-19 11:46:43",618
"2019-08-19 12:46:50",618
"2019-08-19 13:46:46",618
"2019-08-19 14:46:37",619
"2019-08-19 15:46:41",620
"2019-08-19 16:46:38",620
"2019-08-19 17:46:37",620
"2019-08-19 18:46:40",621
"2019-08-19 19:46:38",621
"2019-08-19 20:46:38",619
"2019-08-19 21:46:39",619
"2019-08-19 22:46:36",619
"2019-08-19 23:46:38",619
"2019-08-20 00:46:41",619
"2019-08-20 01:46:37",619
"2019-08-20 02:46:42",619
"2019-08-20 03:46:38",619
"2019-08-20 04:46:37",619
"2019-08-20 05:46:56",619
"2019-08-20 06:46:42",619
"2019-08-20 07:46:36",619
"2019-08-20 08:46:38",619
"2019-08-20 09:46:37",619
"2019-08-20 10:47:00",619
"2019-08-20 11:46:36",619
"2019-08-20 13:08:44",619
"2019-08-20 13:46:48",619
"2019-08-20 14:46:40",617
"2019-08-20 15:46:39",617
"2019-08-20 16:46:39",617
"2019-08-20 17:46:39",617
"2019-08-20 18:46:39",615
"2019-08-20 19:46:39",615
"2019-08-20 20:46:41",615
"2019-08-20 21:46:41",615
"2019-08-20 22:46:39",615
"2019-08-20 23:46:38",615
"2019-08-21 00:46:42",615
"2019-08-21 01:46:45",615
"2019-08-21 02:46:47",615
"2019-08-21 03:46:45",615
"2019-08-21 04:46:39",615
"2019-08-21 05:46:45",615
"2019-08-21 06:46:48",615
"2019-08-21 07:46:41",615
"2019-08-21 08:46:43",615
"2019-08-21 09:46:41",615
"2019-08-21 10:46:38",615
"2019-08-21 11:46:38",615
"2019-08-21 12:46:39",615
"2019-08-21 13:46:43",615
"2019-08-21 14:46:42",615
"2019-08-21 15:46:43",615
"2019-08-21 16:46:57",614
"2019-08-21 17:46:40",615
"2019-08-21 18:46:43",614
"2019-08-21 19:46:41",614
"2019-08-21 20:46:42",612
"2019-08-21 21:46:44",612
"2019-08-21 22:46:44",612
"2019-08-21 23:46:41",612
"2019-08-22 00:46:45",612
"2019-08-22 01:46:40",612
"2019-08-22 02:46:48",612
"2019-08-22 03:46:41",612
"2019-08-22 04:46:39",612
"2019-08-22 05:46:45",612
"2019-08-22 06:46:39",612
"2019-08-22 07:46:42",612
"2019-08-22 08:46:40",612
"2019-08-22 09:46:40",612
"2019-08-22 10:46:43",612
"2019-08-22 11:46:43",612
"2019-08-22 12:46:44",612
"2019-08-22 13:46:46",612
"2019-08-22 14:46:46",612
"2019-08-22 15:46:48",612
"2019-08-22 16:46:52",612
"2019-08-22 17:46:47",613
"2019-08-22 18:46:48",612
"2019-08-22 19:46:45",612
"2019-08-22 20:46:46",613
"2019-08-22 21:46:48",613
"2019-08-22 22:46:46",613
"2019-08-22 23:46:46",613
"2019-08-23 00:46:48",613
"2019-08-23 01:46:51",613
"2019-08-23 02:46:53",613
"2019-08-23 03:46:43",613
"2019-08-23 04:46:45",613
"2019-08-23 05:46:45",613
"2019-08-23 06:46:44",613
"2019-08-23 07:46:42",613
"2019-08-23 08:46:43",613
"2019-08-23 09:46:43",613
"2019-08-23 10:46:48",613
"2019-08-23 11:46:41",613
"2019-08-23 12:46:47",613
"2019-08-23 13:46:50",613
"2019-08-23 14:46:45",611
"2019-08-23 15:46:45",611
"2019-08-23 16:46:47",612
"2019-08-23 17:46:42",611
"2019-08-23 18:46:49",613
"2019-08-23 19:46:44",614
"2019-08-23 20:46:40",614
"2019-08-23 21:46:42",614
"2019-08-23 22:47:26",614
"2019-08-23 23:46:41",614
"2019-08-24 00:46:43",614
"2019-08-24 01:46:41",614
"2019-08-24 02:47:04",614
"2019-08-24 03:46:40",614
"2019-08-24 04:46:39",614
"2019-08-24 05:46:45",614
"2019-08-24 06:46:46",614
"2019-08-24 07:46:47",614
"2019-08-24 08:46:44",614
"2019-08-24 09:46:42",614
"2019-08-24 10:46:42",614
"2019-08-24 11:46:40",614
"2019-08-24 12:46:44",614
"2019-08-24 13:46:41",614
"2019-08-24 14:46:42",614
"2019-08-24 15:46:43",614
"2019-08-24 16:46:56",614
"2019-08-24 17:46:43",614
"2019-08-24 18:46:46",614
"2019-08-24 19:46:42",614
"2019-08-24 20:46:42",614
"2019-08-24 21:46:42",614
"2019-08-24 22:46:43",614
"2019-08-24 23:46:40",614
"2019-08-25 00:46:39",614
"2019-08-25 01:46:44",614
"2019-08-25 02:46:55",614
"2019-08-25 03:46:40",614
"2019-08-25 04:46:39",614
"2019-08-25 05:46:40",614
"2019-08-25 06:46:40",614
"2019-08-25 07:46:40",614
"2019-08-25 08:46:43",614
"2019-08-25 09:46:39",614
"2019-08-25 10:46:40",614
"2019-08-25 11:46:46",614
"2019-08-25 12:46:41",614
"2019-08-25 13:46:43",614
"2019-08-25 14:46:40",614
"2019-08-25 15:46:43",614
"2019-08-25 16:46:46",614
"2019-08-25 17:46:40",614
"2019-08-25 18:46:39",614
"2019-08-25 19:46:42",614
"2019-08-25 20:46:41",614
"2019-08-25 21:46:43",614
"2019-08-25 22:46:40",614
"2019-08-25 23:46:42",614
"2019-08-26 00:46:39",614
"2019-08-26 01:46:37",614
"2019-08-26 02:46:45",614
"2019-08-26 03:46:39",614
"2019-08-26 04:46:42",614
"2019-08-26 05:46:46",614
"2019-08-26 06:46:41",614
"2019-08-26 07:46:47",614
"2019-08-26 08:46:41",614
"2019-08-26 09:46:39",614
"2019-08-26 10:46:42",614
"2019-08-26 11:46:41",614
"2019-08-26 12:46:44",614
"2019-08-26 13:46:43",614
"2019-08-26 14:46:41",613
"2019-08-26 15:46:44",612
"2019-08-26 16:46:53",611
"2019-08-26 17:46:41",610
"2019-08-26 18:46:42",611
"2019-08-26 19:46:45",611
"2019-08-26 20:46:48",611
"2019-08-26 21:46:44",611
"2019-08-26 22:46:40",611
"2019-08-26 23:46:42",611
"2019-08-27 00:46:45",611
"2019-08-27 01:46:43",611
"2019-08-27 02:46:51",611
"2019-08-27 03:46:43",611
"2019-08-27 04:46:41",611
"2019-08-27 05:46:47",611
"2019-08-27 06:46:49",611
"2019-08-27 07:46:40",611
"2019-08-27 08:46:45",611
"2019-08-27 09:46:41",611
"2019-08-27 10:46:38",611
"2019-08-27 11:46:46",611
"2019-08-27 12:46:48",611
"2019-08-27 13:47:03",611
"2019-08-27 14:46:42",611
"2019-08-27 15:46:45",612
"2019-08-27 16:46:51",612
"2019-08-27 17:46:43",611
"2019-08-27 18:46:43",614
"2019-08-27 19:46:45",614
"2019-08-27 20:46:42",613
"2019-08-27 21:46:44",613
"2019-08-27 22:46:43",613
"2019-08-27 23:46:50",613
"2019-08-28 00:46:48",613
"2019-08-28 01:46:45",613
"2019-08-28 02:46:50",613
"2019-08-28 03:46:52",613
"2019-08-28 04:46:46",613
"2019-08-28 05:46:50",613
"2019-08-28 06:46:49",613
"2019-08-28 07:46:48",613
"2019-08-28 08:46:47",613
"2019-08-28 09:46:49",613
"2019-08-28 10:46:45",613
"2019-08-28 11:46:52",613
"2019-08-28 12:46:44",613
"2019-08-28 13:46:42",612
"2019-08-28 14:46:40",612
"2019-08-28 15:46:47",612
"2019-08-28 16:47:04",613
"2019-08-28 17:46:39",613
"2019-08-28 18:46:42",613
"2019-08-28 19:46:42",613
"2019-08-28 20:46:45",613
"2019-08-28 21:46:44",613
"2019-08-28 22:46:41",613
"2019-08-28 23:46:50",613
"2019-08-29 00:46:40",613
"2019-08-29 01:46:44",613
"2019-08-29 02:46:44",613
"2019-08-29 03:46:41",613
"2019-08-29 04:46:42",613
"2019-08-29 05:46:57",613
"2019-08-29 06:46:38",613
"2019-08-29 07:46:45",613
"2019-08-29 08:46:41",613
"2019-08-29 09:46:41",613
"2019-08-29 10:46:37",613
"2019-08-29 11:46:38",613
"2019-08-29 12:46:43",613
"2019-08-29 13:46:42",613
"2019-08-29 14:46:40",612
"2019-08-29 15:46:40",611
"2019-08-29 16:46:49",611
"2019-08-29 17:46:40",611
"2019-08-29 18:46:38",611
"2019-08-29 19:46:37",611
"2019-08-29 20:46:39",612
"2019-08-29 21:46:39",612
"2019-08-29 22:46:39",612
"2019-08-29 23:46:39",612
"2019-08-30 00:46:43",612
"2019-08-30 01:46:48",612
"2019-08-30 02:46:41",612
"2019-08-30 03:46:43",612
"2019-08-30 04:46:41",612
"2019-08-30 05:46:49",612
"2019-08-30 06:46:35",612
"2019-08-30 07:46:36",612
"2019-08-30 08:46:36",612
"2019-08-30 09:46:37",612
"2019-08-30 10:46:34",612
"2019-08-30 11:46:35",612
"2019-08-30 12:46:38",612
"2019-08-30 13:46:38",612
"2019-08-30 14:46:37",612
"2019-08-30 15:46:38",612
"2019-08-30 16:46:39",610
"2019-08-30 17:46:40",610
"2019-08-30 18:46:36",610
"2019-08-30 20:46:56",610
"2019-08-30 21:46:50",610
"2019-08-30 22:46:53",610
"2019-08-30 23:46:52",610
"2019-08-31 00:46:51",610
"2019-08-31 01:46:56",610
"2019-08-31 02:46:54",610
"2019-08-31 03:46:53",610
"2019-08-31 04:46:52",610
"2019-08-31 23:47:22",610
"2019-09-01 00:46:56",610
"2019-09-01 01:46:52",610
"2019-09-01 02:46:54",610
"2019-09-01 03:46:53",610
"2019-09-01 04:46:51",610
"2019-09-01 05:46:53",610
"2019-09-01 06:46:51",610
"2019-09-01 07:46:48",610
"2019-09-01 08:46:52",610
"2019-09-01 09:46:50",610
"2019-09-01 10:46:51",610
"2019-09-01 11:46:49",610
"2019-09-01 12:46:54",610
"2019-09-01 13:46:52",610
"2019-09-01 14:46:52",610
"2019-09-01 15:46:51",610
"2019-09-01 16:47:00",610
"2019-09-01 17:46:56",610
"2019-09-01 19:46:49",610
"2019-09-01 20:46:51",610
"2019-09-01 21:46:51",610
"2019-09-01 22:46:53",610
"2019-09-01 23:46:54",610
"2019-09-02 00:46:50",610
"2019-09-02 01:46:48",610
"2019-09-02 02:46:49",610
"2019-09-02 03:46:53",610
"2019-09-02 04:46:55",610
"2019-09-02 05:47:08",610
"2019-09-02 06:46:55",610
"2019-09-02 07:46:56",610
"2019-09-02 08:46:53",610
"2019-09-02 09:47:01",610
"2019-09-02 10:47:00",610
"2019-09-02 11:46:53",610
"2019-09-02 12:46:49",610
"2019-09-02 13:46:52",610
"2019-09-02 14:46:52",610
"2019-09-02 15:46:52",610
"2019-09-02 16:47:04",610
"2019-09-02 17:46:52",610
"2019-09-02 18:46:55",610
"2019-09-02 19:46:53",610
"2019-09-02 20:46:52",610
"2019-09-02 21:46:55",610
"2019-09-02 22:46:53",610
"2019-09-02 23:46:55",610
"2019-09-03 00:46:55",610
"2019-09-03 01:46:55",610
"2019-09-03 02:46:57",610
"2019-09-03 03:46:53",610
"2019-09-03 04:46:51",610
"2019-09-03 05:47:06",610
"2019-09-03 06:46:57",610
"2019-09-03 07:46:51",610
"2019-09-03 08:47:01",610
"2019-09-03 09:46:52",610
"2019-09-03 10:46:56",610
"2019-09-03 11:46:51",610
"2019-09-03 13:11:09",610
"2019-09-03 13:47:02",610
"2019-09-03 14:46:55",609
"2019-09-03 15:46:54",608
"2019-09-03 16:46:58",608
"2019-09-03 17:46:54",608
"2019-09-03 18:46:51",608
"2019-09-03 19:46:52",608
"2019-09-03 20:46:54",608
"2019-09-03 21:46:51",608
"2019-09-03 22:47:03",608
"2019-09-03 23:46:52",608
"2019-09-04 00:46:57",608
"2019-09-04 01:46:54",608
"2019-09-04 02:46:54",608
"2019-09-04 03:46:52",608
"2019-09-04 04:46:51",608
"2019-09-04 05:47:05",608
"2019-09-04 06:46:54",608
"2019-09-04 07:46:51",608
"2019-09-04 08:46:52",608
"2019-09-04 09:46:54",608
"2019-09-04 10:46:52",608
"2019-09-04 11:46:52",608
"2019-09-04 13:10:01",608
"2019-09-04 13:46:54",608
"2019-09-04 14:46:53",606
"2019-09-04 15:46:54",605
"2019-09-04 16:47:10",606
"2019-09-04 17:46:51",606
"2019-09-04 18:46:54",608
"2019-09-04 19:46:53",608
"2019-09-04 20:46:55",608
"2019-09-04 21:46:52",608
"2019-09-04 22:46:51",608
"2019-09-04 23:46:59",608
"2019-09-05 01:46:53",608
"2019-09-05 02:47:00",608
"2019-09-05 03:46:51",608
"2019-09-05 04:46:52",608
"2019-09-05 05:47:06",608
"2019-09-05 06:46:49",608
"2019-09-05 07:46:56",608
"2019-09-05 08:46:52",608
"2019-09-05 09:46:49",608
"2019-09-05 10:46:59",608
"2019-09-05 11:46:51",608
"2019-09-05 13:10:57",608
"2019-09-05 13:46:53",608
"2019-09-05 14:46:57",609
"2019-09-05 15:46:53",608
"2019-09-05 16:47:07",608
"2019-09-05 17:46:56",608
"2019-09-05 18:46:51",608
"2019-09-05 19:46:51",609
"2019-09-05 20:46:53",610
"2019-09-05 21:46:51",610
"2019-09-05 22:46:54",610
"2019-09-05 23:46:56",610
"2019-09-06 00:46:54",610
"2019-09-06 01:46:55",610
"2019-09-06 02:46:52",610
"2019-09-06 03:46:49",610
"2019-09-06 04:46:51",610
"2019-09-06 05:47:05",610
"2019-09-06 06:46:54",610
"2019-09-06 07:46:56",610
"2019-09-06 08:46:51",610
"2019-09-06 09:46:54",610
"2019-09-06 10:46:52",610
"2019-09-06 11:47:13",610
"2019-09-06 13:09:58",610
"2019-09-06 13:46:55",610
"2019-09-06 14:46:51",608
"2019-09-06 15:46:52",608
"2019-09-06 16:47:08",609
"2019-09-06 17:46:53",609
"2019-09-06 18:46:56",609
"2019-09-06 19:46:51",609
"2019-09-06 20:46:53",608
"2019-09-06 21:46:55",608
"2019-09-06 22:46:52",608
"2019-09-06 23:46:52",608
"2019-09-07 01:46:53",608
"2019-09-07 02:46:55",608
"2019-09-07 03:46:56",608
"2019-09-07 04:46:55",608
"2019-09-07 05:47:22",608
"2019-09-07 06:46:53",608
"2019-09-07 07:46:49",608
"2019-09-07 08:46:51",608
"2019-09-07 09:46:52",608
"2019-09-07 10:46:54",608
"2019-09-07 11:46:51",608
"2019-09-07 12:46:51",608
"2019-09-07 13:46:56",608
"2019-09-07 14:46:54",608
"2019-09-07 15:46:54",608
"2019-09-07 16:46:54",608
"2019-09-07 17:46:54",608
"2019-09-07 18:46:52",608
"2019-09-07 19:46:51",608
"2019-09-07 20:46:53",608
"2019-09-07 22:46:49",608
"2019-09-07 23:46:54",608
"2019-09-08 00:46:53",608
"2019-09-08 01:46:56",608
"2019-09-08 02:47:00",608
"2019-09-08 03:46:54",608
"2019-09-08 04:46:52",608
"2019-09-08 05:47:00",608
"2019-09-08 06:46:52",608
"2019-09-08 07:46:51",608
"2019-09-08 08:46:52",608
"2019-09-08 09:46:50",608
"2019-09-08 10:46:53",608
"2019-09-08 11:46:50",608
"2019-09-08 12:46:52",608
"2019-09-08 13:46:53",608
"2019-09-08 14:46:53",608
"2019-09-08 15:46:51",608
"2019-09-08 16:47:02",608
"2019-09-08 17:46:52",608
"2019-09-08 18:46:51",608
"2019-09-08 19:46:59",608
"2019-09-08 20:46:56",608
"2019-09-08 21:46:54",608
"2019-09-08 22:46:49",608
"2019-09-08 23:46:51",608
"2019-09-09 00:46:51",608
"2019-09-09 01:46:54",608
"2019-09-09 02:46:54",608
"2019-09-09 03:46:52",608
"2019-09-09 04:46:50",608
"2019-09-09 05:47:08",608
"2019-09-09 06:46:50",608
"2019-09-09 07:46:51",608
"2019-09-09 08:46:51",608
"2019-09-09 09:46:47",608
"2019-09-09 10:46:50",608
"2019-09-09 11:46:53",608
"2019-09-09 13:09:59",608
"2019-09-09 13:46:58",608
"2019-09-09 14:47:01",608
"2019-09-09 15:46:53",611
"2019-09-09 16:47:12",611
"2019-09-09 17:46:52",610
"2019-09-09 18:46:53",610
"2019-09-09 19:46:53",611
"2019-09-09 20:46:51",612
"2019-09-09 21:46:52",612
"2019-09-09 22:46:52",612
"2019-09-09 23:46:53",612
"2019-09-10 00:46:55",612
"2019-09-10 01:46:55",612
"2019-09-10 02:47:02",612
"2019-09-10 03:46:55",612
"2019-09-10 04:46:55",612
"2019-09-10 05:46:59",612
"2019-09-10 06:46:52",612
"2019-09-10 07:46:50",612
"2019-09-10 08:46:55",612
"2019-09-10 09:47:07",612
"2019-09-10 10:46:52",612
"2019-09-10 11:46:52",612
"2019-09-10 12:46:54",612
"2019-09-10 13:46:53",612
"2019-09-10 14:46:51",612
"2019-09-10 15:46:51",609
"2019-09-10 16:47:09",612
"2019-09-10 17:46:53",612
"2019-09-10 18:46:55",612
"2019-09-10 19:47:01",612
"2019-09-10 20:46:51",612
"2019-09-10 21:46:54",612
"2019-09-10 22:46:51",612
"2019-09-10 23:46:52",612
"2019-09-11 00:46:52",612
"2019-09-11 01:46:53",612
"2019-09-11 02:46:51",612
"2019-09-11 03:46:51",612
"2019-09-11 04:46:51",612
"2019-09-11 05:47:06",612
"2019-09-11 06:46:53",612
"2019-09-11 07:46:47",612
"2019-09-11 08:46:51",612
"2019-09-11 09:46:56",612
"2019-09-11 10:47:06",612
"2019-09-11 11:47:01",612
"2019-09-11 12:46:52",612
"2019-09-11 13:46:57",612
"2019-09-11 14:46:52",613
"2019-09-11 15:46:52",614
"2019-09-11 16:46:57",614
"2019-09-11 17:46:50",615
"2019-09-11 18:46:52",616
"2019-09-11 19:46:52",616
"2019-09-11 20:46:52",616
"2019-09-11 21:46:57",616
"2019-09-11 22:46:51",616
"2019-09-11 23:46:51",616
"2019-09-12 00:46:53",616
"2019-09-12 01:46:52",616
"2019-09-12 02:47:00",616
"2019-09-12 03:46:52",616
"2019-09-12 04:46:50",616
"2019-09-12 05:47:03",616
"2019-09-12 06:46:52",616
"2019-09-12 07:46:51",616
"2019-09-12 08:46:49",616
"2019-09-12 09:46:50",616
"2019-09-12 10:47:09",616
"2019-09-12 11:46:55",616
"2019-09-12 13:11:03",616
"2019-09-12 13:46:55",616
"2019-09-12 14:46:58",614
"2019-09-12 15:46:53",614
"2019-09-12 16:46:53",613
"2019-09-12 17:46:51",613
"2019-09-12 18:46:51",613
"2019-09-12 19:46:51",614
"2019-09-12 20:46:49",614
"2019-09-12 21:46:49",614
"2019-09-12 22:46:52",614
"2019-09-12 23:46:51",614
"2019-09-13 00:46:51",614
"2019-09-13 01:46:55",614
"2019-09-13 02:46:52",614
"2019-09-13 03:46:52",614
"2019-09-13 04:46:50",614
"2019-09-13 05:46:52",614
"2019-09-13 06:46:53",614
"2019-09-13 07:46:49",614
"2019-09-13 08:46:52",614
"2019-09-13 09:46:50",614
"2019-09-13 10:46:49",614
"2019-09-13 11:46:49",614
"2019-09-13 13:10:53",614
"2019-09-13 14:11:55",616
"2019-09-13 14:46:53",616
"2019-09-13 15:46:51",615
"2019-09-13 16:46:51",614
"2019-09-13 17:46:50",613
"2019-09-13 18:46:50",614
"2019-09-13 19:46:50",614
"2019-09-13 20:46:45",614
"2019-09-13 21:46:54",614
"2019-09-13 22:46:47",614
"2019-09-13 23:46:52",614
"2019-09-14 00:46:53",614
"2019-09-14 01:46:45",614
"2019-09-14 02:46:50",614
"2019-09-14 03:46:50",614
"2019-09-14 04:46:49",614
"2019-09-14 05:46:50",614
"2019-09-14 06:46:49",614
"2019-09-14 07:46:48",614
"2019-09-14 08:46:49",614
"2019-09-14 09:46:48",614
"2019-09-14 10:46:49",614
"2019-09-14 11:46:44",614
"2019-09-14 12:46:50",614
"2019-09-14 13:46:47",614
"2019-09-14 14:46:48",614
"2019-09-14 15:46:45",614
"2019-09-14 16:46:52",614
"2019-09-14 17:46:50",614
"2019-09-14 18:46:45",614
"2019-09-14 19:46:46",614
"2019-09-14 20:46:45",614
"2019-09-14 21:46:52",614
"2019-09-14 22:46:47",614
"2019-09-14 23:46:52",614
"2019-09-15 00:46:51",614
"2019-09-15 01:46:46",614
"2019-09-15 02:46:53",614
"2019-09-15 03:46:52",614
"2019-09-15 04:46:49",614
"2019-09-15 05:46:46",614
"2019-09-15 06:46:53",614
"2019-09-15 07:46:51",614
"2019-09-15 08:46:52",614
"2019-09-15 09:46:49",614
"2019-09-15 10:46:48",614
"2019-09-15 11:46:50",614
"2019-09-15 12:46:51",614
"2019-09-15 13:46:51",614
"2019-09-15 14:46:49",614
"2019-09-15 15:46:46",614
"2019-09-15 16:46:52",614
"2019-09-15 17:46:45",614
"2019-09-15 18:46:48",614
"2019-09-15 19:46:48",614
"2019-09-15 20:46:46",614
"2019-09-15 21:46:53",614
"2019-09-15 22:46:48",614
"2019-09-15 23:46:47",614
"2019-09-16 00:46:50",614
"2019-09-16 01:46:47",614
"2019-09-16 02:46:52",614
"2019-09-16 03:46:51",614
"2019-09-16 04:46:47",614
"2019-09-16 05:46:51",614
"2019-09-16 06:46:51",614
"2019-09-16 07:46:47",614
"2019-09-16 08:46:51",614
"2019-09-16 09:46:49",614
"2019-09-16 10:46:48",614
"2019-09-16 11:46:45",614
"2019-09-16 13:10:26",613
"2019-09-16 13:46:51",613
"2019-09-16 14:46:57",614
"2019-09-16 15:46:53",614
"2019-09-16 16:46:55",616
"2019-09-16 17:46:50",615
"2019-09-16 18:46:54",616
"2019-09-16 19:47:00",617
"2019-09-16 20:47:00",617
"2019-09-16 21:46:54",617
"2019-09-16 22:46:55",617
"2019-09-16 23:46:56",617
"2019-09-17 00:46:53",617
"2019-09-17 01:46:50",617
"2019-09-17 02:46:54",617
"2019-09-17 03:46:54",617
"2019-09-17 04:46:51",617
"2019-09-17 05:46:51",617
"2019-09-17 06:46:48",617
"2019-09-17 07:46:52",617
"2019-09-17 08:46:50",617
"2019-09-17 09:46:55",617
"2019-09-17 10:46:54",617
"2019-09-17 11:46:52",617
"2019-09-17 12:46:52",617
"2019-09-17 13:46:56",617
"2019-09-17 14:46:52",617
"2019-09-17 15:46:52",617
"2019-09-17 16:46:56",617
"2019-09-17 17:46:51",618
"2019-09-17 18:46:52",617
"2019-09-17 19:46:51",617
"2019-09-17 20:46:52",616
"2019-09-17 21:46:52",616
"2019-09-17 22:46:53",616
"2019-09-17 23:46:51",616
"2019-09-18 00:46:52",616
"2019-09-18 01:46:51",616
"2019-09-18 02:46:49",616
"2019-09-18 03:46:51",616
"2019-09-18 04:46:59",616
"2019-09-18 05:46:51",616
"2019-09-18 06:46:53",616
"2019-09-18 07:46:51",616
"2019-09-18 08:46:53",616
"2019-09-18 09:46:52",616
"2019-09-18 10:46:51",616
"2019-09-18 11:46:50",616
"2019-09-18 13:42:02",616
"2019-09-18 13:49:15",616
"2019-09-18 14:46:54",618
"2019-09-18 15:46:56",621
"2019-09-18 16:46:56",622
"2019-09-18 17:46:50",622
"2019-09-18 18:46:48",622
"2019-09-18 19:46:54",622
"2019-09-18 20:46:51",621
"2019-09-18 21:46:50",621
"2019-09-18 22:46:53",621
"2019-09-18 23:46:56",621
"2019-09-19 00:46:47",621
"2019-09-19 01:46:52",621
"2019-09-19 02:46:55",621
"2019-09-19 03:46:53",621
"2019-09-19 04:46:49",621
"2019-09-19 05:46:53",621
"2019-09-19 06:46:54",621
"2019-09-19 07:46:48",621
"2019-09-19 08:46:52",621
"2019-09-19 09:46:51",621
"2019-09-19 10:46:50",621
"2019-09-19 11:46:46",621
"2019-09-19 13:10:27",621
"2019-09-19 13:46:56",621
"2019-09-19 14:46:49",622
"2019-09-19 15:46:52",620
"2019-09-19 16:47:00",621
"2019-09-19 17:46:53",618
"2019-09-19 18:46:54",616
"2019-09-19 19:46:47",617
"2019-09-19 20:46:55",617
"2019-09-19 21:46:48",617
"2019-09-19 22:46:54",617
"2019-09-19 23:46:50",617
"2019-09-20 00:46:56",617
"2019-09-20 01:47:00",617
"2019-09-20 02:46:48",617
"2019-09-20 03:46:53",617
"2019-09-20 04:46:53",617
"2019-09-20 05:46:56",617
"2019-09-20 06:46:50",617
"2019-09-20 07:46:50",617
"2019-09-20 08:46:55",617
"2019-09-20 09:46:49",617
"2019-09-20 10:46:47",617
"2019-09-20 11:46:53",617
"2019-09-20 12:46:54",617
"2019-09-20 13:46:46",617
"2019-09-20 14:46:52",615
"2019-09-20 15:46:52",615
"2019-09-20 16:46:51",615
"2019-09-20 17:46:55",614
"2019-09-20 18:46:48",613
"2019-09-20 19:46:53",612
"2019-09-20 20:46:45",613
"2019-09-20 21:46:48",613
"2019-09-20 22:46:52",613
"2019-09-20 23:46:46",613
"2019-09-21 00:46:46",613
"2019-09-21 01:46:46",613
"2019-09-21 02:46:51",613
"2019-09-21 03:46:53",613
"2019-09-21 04:46:45",613
"2019-09-21 05:46:50",613
"2019-09-21 06:46:50",613
"2019-09-21 07:46:45",613
"2019-09-21 08:46:47",613
"2019-09-21 09:46:50",613
"2019-09-21 10:46:45",613
"2019-09-21 11:46:48",613
"2019-09-21 12:46:52",613
"2019-09-21 13:46:52",613
"2019-09-21 14:46:47",613
"2019-09-21 15:46:45",613
"2019-09-21 16:46:52",613
"2019-09-21 17:46:49",613
"2019-09-21 18:46:46",613
"2019-09-21 19:46:47",613
"2019-09-21 20:46:46",613
"2019-09-21 21:46:47",613
"2019-09-21 22:46:47",613
"2019-09-21 23:46:50",613
"2019-09-22 00:46:46",613
"2019-09-22 01:46:48",613
"2019-09-22 02:46:49",613
"2019-09-22 03:46:46",613
"2019-09-22 04:46:51",613
"2019-09-22 05:46:46",613
"2019-09-22 06:46:51",613
"2019-09-22 07:46:51",613
"2019-09-22 08:46:47",613
"2019-09-22 09:46:51",613
"2019-09-22 10:46:46",613
"2019-09-22 11:46:45",613
"2019-09-22 12:46:48",613
"2019-09-22 13:46:46",613
"2019-09-22 14:46:51",613
"2019-09-22 15:46:46",613
"2019-09-22 16:46:52",613
"2019-09-22 17:46:47",613
"2019-09-22 18:46:46",613
"2019-09-22 19:46:52",613
"2019-09-22 20:46:46",613
"2019-09-22 21:46:48",613
"2019-09-22 22:46:45",613
"2019-09-22 23:46:46",613
"2019-09-23 00:46:50",613
"2019-09-23 01:46:46",613
"2019-09-23 02:46:46",613
"2019-09-23 03:46:51",613
"2019-09-23 04:46:50",613
"2019-09-23 05:46:48",613
"2019-09-23 06:46:49",613
"2019-09-23 07:46:47",613
"2019-09-23 08:46:50",613
"2019-09-23 09:46:48",613
"2019-09-23 10:46:50",613
"2019-09-23 11:46:52",613
"2019-09-23 12:46:51",613
"2019-09-23 13:46:47",613
"2019-09-23 14:46:52",613
"2019-09-23 15:46:46",615
"2019-09-23 16:46:53",615
"2019-09-23 17:46:46",615
"2019-09-23 18:46:54",615
"2019-09-23 19:46:47",615
"2019-09-23 20:46:47",615
"2019-09-23 21:46:49",615
"2019-09-23 22:46:51",615
"2019-09-23 23:46:45",615
"2019-09-24 00:46:51",615
"2019-09-24 01:46:47",615
"2019-09-24 03:46:53",615
"2019-09-24 04:46:47",615
"2019-09-24 05:46:54",615
"2019-09-24 06:46:48",615
"2019-09-24 07:46:48",615
"2019-09-24 08:46:50",615
"2019-09-24 09:46:45",615
"2019-09-24 10:46:49",615
"2019-09-24 11:46:51",615
"2019-09-24 12:46:52",615
"2019-09-24 13:46:48",615
"2019-09-24 14:46:50",614
"2019-09-24 15:46:53",615
"2019-09-24 16:46:51",613
"2019-09-24 17:46:50",613
"2019-09-24 18:46:53",612
"2019-09-24 19:46:46",612
"2019-09-24 20:46:49",612
"2019-09-24 21:46:52",612
"2019-09-24 22:46:46",612
"2019-09-24 23:46:46",612
"2019-09-25 00:46:49",612
"2019-09-25 01:46:53",612
"2019-09-25 02:46:45",612
"2019-09-25 03:46:55",612
"2019-09-25 04:46:51",612
"2019-09-25 05:46:48",612
"2019-09-25 06:46:50",612
"2019-09-25 07:46:54",612
"2019-09-25 08:46:51",612
"2019-09-25 09:46:51",612
"2019-09-25 10:46:52",612
"2019-09-25 11:46:49",612
"2019-09-25 12:46:53",612
"2019-09-25 13:46:54",612
"2019-09-25 14:46:53",615
"2019-09-25 15:46:53",615
"2019-09-25 16:46:52",616
"2019-09-25 17:46:51",616
"2019-09-25 18:46:49",617
"2019-09-25 19:46:57",617
"2019-09-25 20:46:47",616
"2019-09-25 21:46:51",616
"2019-09-25 22:46:47",616
"2019-09-25 23:46:52",616
"2019-09-26 00:46:50",616
"2019-09-26 01:46:48",616
"2019-09-26 02:46:52",616
"2019-09-26 03:46:49",616
"2019-09-26 04:46:54",616
"2019-09-26 05:46:51",616
"2019-09-26 06:46:50",616
"2019-09-26 07:46:47",616
"2019-09-26 08:46:51",616
"2019-09-26 09:46:51",616
"2019-09-26 10:46:48",616
"2019-09-26 11:46:47",616
"2019-09-26 13:09:56",616
"2019-09-26 13:46:57",616
"2019-09-26 14:46:52",615
"2019-09-26 15:46:55",611
"2019-09-26 16:46:55",612
"2019-09-26 17:46:55",611
"2019-09-26 18:46:59",611
"2019-09-26 19:46:51",610
"2019-09-26 20:46:49",610
"2019-09-26 21:46:58",610
"2019-09-26 22:46:53",610
"2019-09-26 23:46:52",610
"2019-09-27 00:46:52",610
"2019-09-27 01:46:49",610
"2019-09-27 02:47:08",610
"2019-09-27 03:46:51",610
"2019-09-27 04:46:48",610
"2019-09-27 05:46:52",610
"2019-09-27 06:46:52",610
"2019-09-27 07:46:57",610
"2019-09-27 08:46:50",610
"2019-09-27 09:46:50",610
"2019-09-27 10:46:52",610
"2019-09-27 11:46:50",610
"2019-09-27 13:10:56",610
"2019-09-27 13:46:56",610
"2019-09-27 14:46:53",611
"2019-09-27 15:46:52",611
"2019-09-27 16:46:53",610
"2019-09-27 17:46:52",611
"2019-09-27 18:46:46",611
"2019-09-27 19:46:52",612
"2019-09-27 20:46:44",612
"2019-09-27 21:46:48",612
"2019-09-27 22:46:54",612
"2019-09-27 23:46:48",612
"2019-09-28 00:46:48",612
"2019-09-28 01:46:53",612
"2019-09-28 02:46:51",612
"2019-09-28 03:46:51",612
"2019-09-28 04:46:49",612
"2019-09-28 05:46:54",612
"2019-09-28 06:46:45",612
"2019-09-28 07:46:54",612
"2019-09-28 08:46:47",612
"2019-09-28 09:46:50",612
"2019-09-28 10:46:45",612
"2019-09-28 11:46:49",612
"2019-09-28 12:46:51",612
"2019-09-28 13:46:53",612
"2019-09-28 14:46:46",612
"2019-09-28 15:46:46",612
"2019-09-28 16:46:53",612
"2019-09-28 17:46:52",612
"2019-09-28 18:46:45",612
"2019-09-28 19:46:47",612
"2019-09-28 20:46:51",612
"2019-09-28 21:46:47",612
"2019-09-28 22:46:50",612
"2019-09-28 23:46:47",612
"2019-09-29 00:46:47",612
"2019-09-29 01:46:51",612
"2019-09-29 02:46:51",612
"2019-09-29 03:46:51",612
"2019-09-29 04:46:48",612
"2019-09-29 05:46:51",612
"2019-09-29 06:46:46",612
"2019-09-29 07:46:49",612
"2019-09-29 08:46:47",612
"2019-09-29 09:46:49",612
"2019-09-29 10:46:46",612
"2019-09-29 11:46:49",612
"2019-09-29 12:46:47",612
"2019-09-29 13:46:46",612
"2019-09-29 14:46:49",612
"2019-09-29 15:46:46",612
"2019-09-29 16:46:51",612
"2019-09-29 17:46:54",612
"2019-09-29 18:46:47",612
"2019-09-29 19:46:57",612
"2019-09-29 20:46:52",612
"2019-09-29 21:46:48",612
"2019-09-29 22:46:51",612
"2019-09-29 23:46:51",612
"2019-09-30 00:46:44",612
"2019-09-30 01:46:51",612
"2019-09-30 02:46:46",612
"2019-09-30 03:46:51",612
"2019-09-30 04:46:49",612
"2019-09-30 05:46:50",612
"2019-09-30 06:46:48",612
"2019-09-30 07:46:53",612
"2019-09-30 08:46:49",612
"2019-09-30 09:46:53",612
"2019-09-30 10:46:47",612
"2019-09-30 11:46:46",612
"2019-09-30 12:46:52",612
"2019-09-30 13:46:49",612
"2019-09-30 14:46:54",610
"2019-09-30 15:46:51",611
"2019-09-30 16:46:59",612
"2019-09-30 17:46:51",611
"2019-09-30 18:46:55",611
"2019-09-30 19:46:49",610
"2019-09-30 20:46:47",609
"2019-09-30 21:46:50",609
"2019-09-30 22:46:47",609
"2019-09-30 23:46:52",609
"2019-10-01 00:46:49",609
"2019-10-01 01:46:47",609
"2019-10-01 02:46:50",609
"2019-10-01 03:46:53",609
"2019-10-01 04:46:46",609
"2019-10-01 05:46:47",609
"2019-10-01 06:46:49",609
"2019-10-01 07:46:54",609
"2019-10-01 08:46:47",609
"2019-10-01 09:46:53",609
"2019-10-01 10:46:49",609
"2019-10-01 11:46:48",609
"2019-10-01 13:09:54",609
"2019-10-01 13:46:53",609
"2019-10-01 14:46:47",610
"2019-10-01 15:46:48",610
"2019-10-01 16:46:52",611
"2019-10-01 17:46:46",611
"2019-10-01 18:46:52",611
"2019-10-01 19:46:49",611
"2019-10-01 20:46:45",611
"2019-10-01 21:46:47",611
"2019-10-01 22:46:50",611
"2019-10-01 23:46:48",611
"2019-10-02 00:47:10",611
"2019-10-02 01:46:48",611
"2019-10-02 02:46:46",611
"2019-10-02 03:46:47",611
"2019-10-02 04:46:54",611
"2019-10-02 05:46:51",611
"2019-10-02 06:46:45",611
"2019-10-02 07:46:45",611
"2019-10-02 08:46:46",611
"2019-10-02 09:46:50",611
"2019-10-02 10:46:44",611
"2019-10-02 11:46:44",611
"2019-10-02 13:10:23",611
"2019-10-02 13:46:48",611
"2019-10-02 14:46:47",610
"2019-10-02 15:46:50",612
"2019-10-02 16:46:44",611
"2019-10-02 17:46:45",612
"2019-10-02 18:46:47",612
"2019-10-02 19:46:46",612
"2019-10-02 20:46:47",612
"2019-10-02 21:46:47",612
"2019-10-02 22:46:50",612
"2019-10-02 23:46:44",612
"2019-10-03 00:46:45",612
"2019-10-03 01:46:46",612
"2019-10-03 02:46:46",612
"2019-10-03 03:46:49",612
"2019-10-03 04:46:46",612
"2019-10-03 06:46:45",612
"2019-10-03 07:46:49",612
"2019-10-03 08:46:48",612
"2019-10-03 09:46:45",612
"2019-10-03 10:46:50",612
"2019-10-03 11:46:45",612
"2019-10-03 13:10:18",612
"2019-10-03 13:48:12",612
"2019-10-03 14:46:50",614
"2019-10-03 15:46:45",613
"2019-10-03 16:46:45",614
"2019-10-03 17:46:47",614
"2019-10-03 18:46:48",614
"2019-10-03 19:46:46",614
"2019-10-03 20:46:46",614
"2019-10-03 21:46:45",614
"2019-10-03 22:46:46",614
"2019-10-03 23:46:50",614
"2019-10-04 00:46:45",614
"2019-10-04 01:46:46",614
"2019-10-04 02:46:44",614
"2019-10-04 03:46:47",614
"2019-10-04 04:46:46",614
"2019-10-04 05:46:51",614
"2019-10-04 06:46:50",614
"2019-10-04 07:46:46",614
"2019-10-04 08:46:47",614
"2019-10-04 09:46:45",614
"2019-10-04 10:46:48",614
"2019-10-04 11:46:45",614
"2019-10-04 12:46:48",614
"2019-10-04 13:46:51",614
"2019-10-04 14:46:46",615
"2019-10-04 15:46:48",615
"2019-10-04 16:46:51",615
"2019-10-04 17:46:46",614
"2019-10-04 18:46:49",613
"2019-10-04 19:46:48",613
"2019-10-04 20:46:48",613
"2019-10-04 21:46:50",613
"2019-10-04 22:46:45",613
"2019-10-04 23:46:45",613
"2019-10-05 00:46:50",613
"2019-10-05 01:46:46",613
"2019-10-05 02:46:46",613
"2019-10-05 03:46:45",613
"2019-10-05 04:46:45",613
"2019-10-05 05:46:52",613
"2019-10-05 06:46:45",613
"2019-10-05 07:46:46",613
"2019-10-05 08:46:50",613
"2019-10-05 09:46:46",613
"2019-10-05 10:46:46",613
"2019-10-05 11:46:48",613
"2019-10-05 12:46:48",613
"2019-10-05 13:46:48",613
"2019-10-05 14:46:47",613
"2019-10-05 15:46:45",613
"2019-10-05 16:46:47",613
"2019-10-05 17:46:54",613
"2019-10-05 18:46:47",613
"2019-10-05 19:46:46",613
"2019-10-05 20:46:49",613
"2019-10-05 21:46:46",613
"2019-10-05 22:46:47",613
"2019-10-05 23:46:47",613
"2019-10-06 00:46:47",613
"2019-10-06 01:46:48",613
"2019-10-06 02:46:58",613
"2019-10-06 03:46:50",613
"2019-10-06 04:46:47",613
"2019-10-06 05:46:48",613
"2019-10-06 06:46:51",613
"2019-10-06 07:46:47",613
"2019-10-06 08:46:51",613
"2019-10-06 09:46:50",613
"2019-10-06 10:46:47",613
"2019-10-06 11:46:49",613
"2019-10-06 12:46:49",613
"2019-10-06 13:46:45",613
"2019-10-06 14:46:48",613
"2019-10-06 15:46:45",613
"2019-10-06 16:46:46",613
"2019-10-06 17:46:46",613
"2019-10-06 18:46:51",613
"2019-10-06 19:46:50",613
"2019-10-06 20:46:45",613
"2019-10-06 21:46:45",613
"2019-10-06 22:46:45",613
"2019-10-06 23:46:45",613
"2019-10-07 00:46:46",613
"2019-10-07 01:46:48",613
"2019-10-07 02:46:49",613
"2019-10-07 03:46:48",613
"2019-10-07 04:46:47",613
"2019-10-07 05:46:46",613
"2019-10-07 06:46:46",613
"2019-10-07 07:46:45",613
"2019-10-07 08:46:45",613
"2019-10-07 09:46:53",613
"2019-10-07 10:46:45",613
"2019-10-07 11:46:45",613
"2019-10-07 12:46:57",613
"2019-10-07 13:46:49",613
"2019-10-07 14:46:45",613
"2019-10-07 15:46:47",612
"2019-10-07 16:46:49",612
"2019-10-07 17:46:45",612
"2019-10-07 18:46:47",612
"2019-10-07 19:46:49",612
"2019-10-07 20:46:44",611
"2019-10-07 21:46:44",611
"2019-10-07 22:46:44",611
"2019-10-07 23:46:51",611
"2019-10-08 00:46:45",611
"2019-10-08 01:46:45",611
"2019-10-08 02:46:44",611
"2019-10-08 03:46:49",611
"2019-10-08 04:46:48",611
"2019-10-08 05:46:44",611
"2019-10-08 06:46:47",611
"2019-10-08 07:46:46",611
"2019-10-08 08:46:46",611
"2019-10-08 09:46:47",611
"2019-10-08 10:46:48",611
"2019-10-08 11:46:45",611
"2019-10-08 12:46:48",611
"2019-10-08 13:46:47",611
"2019-10-08 14:46:45",610
"2019-10-08 15:46:46",611
"2019-10-08 16:46:51",611
"2019-10-08 17:46:48",611
"2019-10-08 18:46:48",611
"2019-10-08 19:46:49",610
"2019-10-08 20:46:44",609
"2019-10-08 21:46:45",609
"2019-10-08 22:46:48",609
"2019-10-08 23:46:46",609
"2019-10-09 00:46:46",609
"2019-10-09 01:46:46",609
"2019-10-09 02:46:46",609
"2019-10-09 03:46:44",609
"2019-10-09 04:46:49",609
"2019-10-09 05:46:45",609
"2019-10-09 06:46:46",609
"2019-10-09 07:46:53",609
"2019-10-09 08:46:46",609
"2019-10-09 09:46:44",609
"2019-10-09 10:46:48",609
"2019-10-09 11:46:44",609
"2019-10-09 12:46:53",609
"2019-10-09 13:46:48",609
"2019-10-09 14:46:48",606
"2019-10-09 15:46:55",606
"2019-10-09 16:46:49",605
"2019-10-09 17:46:59",605
"2019-10-09 18:46:52",605
"2019-10-09 19:46:55",605
"2019-10-09 20:46:48",604
"2019-10-09 21:46:45",604
"2019-10-09 22:46:48",604
"2019-10-09 23:46:48",604
"2019-10-10 00:46:53",604
"2019-10-10 01:46:46",604
"2019-10-10 02:46:50",604
"2019-10-10 03:46:47",604
"2019-10-10 04:46:46",604
"2019-10-10 05:46:53",604
"2019-10-10 06:46:47",604
"2019-10-10 07:46:51",604
"2019-10-10 08:46:47",604
"2019-10-10 09:46:45",604
"2019-10-10 10:46:44",604
"2019-10-10 11:46:49",604
"2019-10-10 13:09:59",604
"2019-10-10 13:46:53",604
"2019-10-10 14:46:48",605
"2019-10-10 15:46:50",605
"2019-10-10 16:46:47",606
"2019-10-10 17:46:48",606
"2019-10-10 18:46:47",606
"2019-10-10 19:46:49",607
"2019-10-10 20:46:49",606
"2019-10-10 21:46:49",606
"2019-10-10 22:46:49",606
"2019-10-10 23:47:03",606
"2019-10-11 00:46:49",606
"2019-10-11 01:46:49",606
"2019-10-11 02:46:49",606
"2019-10-11 03:46:56",606
"2019-10-11 04:46:48",606
"2019-10-11 05:46:47",606
"2019-10-11 06:46:51",606
"2019-10-11 07:46:50",606
"2019-10-11 08:46:48",606
"2019-10-11 09:46:53",606
"2019-10-11 10:46:48",606
"2019-10-11 11:46:48",606
"2019-10-11 13:10:26",606
"2019-10-11 13:46:52",606
"2019-10-11 14:46:47",605
"2019-10-11 15:47:00",605
"2019-10-11 16:46:50",605
"2019-10-11 17:46:49",605
"2019-10-11 18:46:52",605
"2019-10-11 19:46:50",605
"2019-10-11 20:46:48",605
"2019-10-11 21:46:47",605
"2019-10-11 22:46:47",605
"2019-10-11 23:46:47",605
"2019-10-12 00:46:54",605
"2019-10-12 01:46:46",605
"2019-10-12 02:46:49",605
"2019-10-12 03:46:52",605
"2019-10-12 04:46:48",605
"2019-10-12 05:46:54",605
"2019-10-12 06:46:56",605
"2019-10-12 07:46:47",605
"2019-10-12 08:46:47",605
"2019-10-12 09:46:52",605
"2019-10-12 10:46:47",605
"2019-10-12 11:46:46",605
"2019-10-12 12:46:55",605
"2019-10-12 13:46:48",605
"2019-10-12 14:46:49",605
"2019-10-12 15:46:48",605
"2019-10-12 16:46:53",605
"2019-10-12 17:46:53",605
"2019-10-12 18:46:47",605
"2019-10-12 19:46:48",605
"2019-10-12 20:46:49",605
"2019-10-12 21:46:47",605
"2019-10-12 22:46:48",605
"2019-10-12 23:46:48",605
"2019-10-13 00:46:52",605
"2019-10-13 01:46:48",605
"2019-10-13 02:46:48",605
"2019-10-13 03:46:52",605
"2019-10-13 04:46:47",605
"2019-10-13 05:46:47",605
"2019-10-13 06:46:50",605
"2019-10-13 07:46:48",605
"2019-10-13 08:46:54",605
"2019-10-13 09:46:52",605
"2019-10-13 10:46:45",605
"2019-10-13 11:46:52",605
"2019-10-13 12:46:46",605
"2019-10-13 13:46:53",605
"2019-10-13 14:46:52",605
"2019-10-13 15:46:47",605
"2019-10-13 16:46:57",605
"2019-10-13 17:46:48",605
"2019-10-13 18:46:50",605
"2019-10-13 19:46:51",605
"2019-10-13 20:46:55",605
"2019-10-13 21:46:53",605
"2019-10-13 22:46:53",605
"2019-10-13 23:46:56",605
"2019-10-14 00:46:48",605
"2019-10-14 01:46:51",605
"2019-10-14 02:46:48",605
"2019-10-14 03:46:51",605
"2019-10-14 04:46:50",605
"2019-10-14 05:46:49",605
"2019-10-14 06:46:53",605
"2019-10-14 07:46:47",605
"2019-10-14 08:46:49",605
"2019-10-14 09:46:53",605
"2019-10-14 10:46:50",605
"2019-10-14 11:46:52",605
"2019-10-14 12:46:54",605
"2019-10-14 13:46:51",605
"2019-10-14 14:46:50",605
"2019-10-14 15:46:49",605
"2019-10-14 16:46:55",604
"2019-10-14 17:46:48",604
"2019-10-14 18:46:54",603
"2019-10-14 19:46:47",603
"2019-10-14 20:46:50",602
"2019-10-14 21:46:50",602
"2019-10-14 22:46:54",602
"2019-10-14 23:47:01",602
"2019-10-15 00:46:49",602
"2019-10-15 02:46:56",602
"2019-10-15 03:46:48",602
"2019-10-15 04:46:48",602
"2019-10-15 05:46:54",602
"2019-10-15 06:46:52",602
"2019-10-15 07:46:57",602
"2019-10-15 08:46:52",602
"2019-10-15 09:46:49",602
"2019-10-15 10:46:50",602
"2019-10-15 11:46:55",602
"2019-10-15 12:47:22",602
"2019-10-15 13:46:58",602
"2019-10-15 14:46:48",602
"2019-10-15 15:46:48",601
"2019-10-15 16:46:50",601
"2019-10-15 17:46:54",600
"2019-10-15 18:46:56",600
"2019-10-15 19:46:55",601
"2019-10-15 20:46:58",601
"2019-10-15 21:46:52",601
"2019-10-15 22:46:47",601
"2019-10-15 23:46:47",601
"2019-10-16 00:46:49",601
"2019-10-16 01:46:48",601
"2019-10-16 02:46:50",601
"2019-10-16 03:46:57",601
"2019-10-16 04:46:50",601
"2019-10-16 05:46:49",601
"2019-10-16 06:46:51",601
"2019-10-16 07:46:58",601
"2019-10-16 08:47:00",601
"2019-10-16 09:46:49",601
"2019-10-16 10:46:52",601
"2019-10-16 11:46:47",601
"2019-10-16 12:46:49",601
"2019-10-16 13:46:57",601
"2019-10-16 14:46:49",601
"2019-10-16 15:47:00",601
"2019-10-16 16:46:48",601
"2019-10-16 17:46:47",601
"2019-10-16 18:46:52",601
"2019-10-16 19:46:47",601
"2019-10-16 20:46:49",601
"2019-10-16 21:46:51",601
"2019-10-16 22:46:46",601
"2019-10-16 23:46:48",601
"2019-10-17 00:46:48",601
"2019-10-17 01:46:51",601
"2019-10-17 02:46:49",601
"2019-10-17 04:46:53",601
"2019-10-17 05:46:48",601
"2019-10-17 06:46:48",601
"2019-10-17 07:46:54",601
"2019-10-17 08:46:48",601
"2019-10-17 09:46:46",601
"2019-10-17 10:46:45",601
"2019-10-17 11:46:53",601
"2019-10-17 12:46:51",601
"2019-10-17 13:46:53",601
"2019-10-17 14:46:54",600
"2019-10-17 15:46:47",600
"2019-10-17 16:46:47",599
"2019-10-17 17:46:50",601
"2019-10-17 18:46:49",600
"2019-10-17 19:46:53",600
"2019-10-17 20:46:48",600
"2019-10-17 21:46:48",600
"2019-10-17 22:46:48",600
"2019-10-17 23:46:49",600
"2019-10-18 00:46:48",600
"2019-10-18 01:46:49",600
"2019-10-18 02:46:48",600
"2019-10-18 03:46:55",600
"2019-10-18 04:46:48",600
"2019-10-18 05:46:48",600
"2019-10-18 06:46:55",600
"2019-10-18 07:46:49",600
"2019-10-18 08:46:52",600
"2019-10-18 09:46:49",600
"2019-10-18 10:46:54",600
"2019-10-18 11:46:49",600
"2019-10-18 13:09:25",600
"2019-10-18 13:46:47",600
"2019-10-18 14:46:48",598
"2019-10-18 15:46:54",600
"2019-10-18 16:46:47",600
"2019-10-18 17:46:51",599
"2019-10-18 18:46:47",599
"2019-10-18 19:46:48",599
"2019-10-18 20:46:52",600
"2019-10-18 21:46:47",600
"2019-10-18 23:46:49",600
"2019-10-19 00:46:47",600
"2019-10-19 01:46:53",600
"2019-10-19 02:46:48",600
"2019-10-19 03:46:47",600
"2019-10-19 04:46:51",600
"2019-10-19 05:46:47",600
"2019-10-19 06:46:52",600
"2019-10-19 07:46:50",600
"2019-10-19 08:46:48",600
"2019-10-19 09:46:51",600
"2019-10-19 10:46:51",600
"2019-10-19 11:46:47",600
"2019-10-19 12:46:54",600
"2019-10-19 13:46:46",600
"2019-10-19 14:46:49",600
"2019-10-19 15:46:49",600
"2019-10-19 16:46:54",600
"2019-10-19 17:46:48",600
"2019-10-19 18:46:47",600
"2019-10-19 19:46:52",600
"2019-10-19 20:46:49",600
"2019-10-19 21:46:47",600
"2019-10-19 22:46:47",600
"2019-10-19 23:46:47",600
"2019-10-20 00:46:48",600
"2019-10-20 01:46:47",600
"2019-10-20 02:46:52",600
"2019-10-20 03:46:47",600
"2019-10-20 04:46:49",600
"2019-10-20 05:46:52",600
"2019-10-20 06:46:50",600
"2019-10-20 07:46:54",600
"2019-10-20 08:46:49",600
"2019-10-20 09:46:48",600
"2019-10-20 10:46:52",600
"2019-10-20 11:46:49",600
"2019-10-20 12:46:54",600
"2019-10-20 13:46:48",600
"2019-10-20 14:46:46",600
"2019-10-20 16:46:52",600
"2019-10-20 17:46:47",600
"2019-10-20 18:46:49",600
"2019-10-20 19:46:46",600
"2019-10-20 20:46:46",600
"2019-10-20 21:46:46",600
"2019-10-20 22:46:47",600
"2019-10-20 23:46:48",600
"2019-10-21 00:46:48",600
"2019-10-21 01:46:52",600
"2019-10-21 02:46:48",600
"2019-10-21 03:46:48",600
"2019-10-21 04:46:47",600
"2019-10-21 05:46:55",600
"2019-10-21 06:46:48",600
"2019-10-21 07:46:52",600
"2019-10-21 08:46:52",600
"2019-10-21 09:46:49",600
"2019-10-21 10:46:48",600
"2019-10-21 11:46:52",600
"2019-10-21 13:10:20",600
"2019-10-21 13:46:57",600
"2019-10-21 14:46:49",600
"2019-10-21 15:46:51",600
"2019-10-21 16:46:52",600
"2019-10-21 17:46:47",599
"2019-10-21 18:46:49",598
"2019-10-21 19:46:50",598
"2019-10-21 20:46:47",599
"2019-10-21 22:46:55",599
"2019-10-21 23:46:48",599
"2019-10-22 00:46:47",599
"2019-10-22 01:46:49",599
"2019-10-22 02:46:52",599
"2019-10-22 03:46:56",599
"2019-10-22 04:46:53",599
"2019-10-22 05:46:49",599
"2019-10-22 06:46:48",599
"2019-10-22 07:46:55",599
"2019-10-22 08:46:49",599
"2019-10-22 09:46:53",599
"2019-10-22 10:46:48",599
"2019-10-22 11:46:46",599
"2019-10-22 12:47:00",599
"2019-10-22 13:46:49",599
"2019-10-22 14:46:49",597
"2019-10-22 15:46:55",597
"2019-10-22 16:46:55",597
"2019-10-22 17:46:53",597
"2019-10-22 18:46:52",595
"2019-10-22 19:46:48",596
"2019-10-22 20:46:51",595
"2019-10-22 21:46:49",595
"2019-10-22 22:46:51",595
"2019-10-22 23:46:51",595
"2019-10-23 00:47:00",595
"2019-10-23 01:46:53",595
"2019-10-23 02:46:49",595
"2019-10-23 03:46:48",595
"2019-10-23 04:46:56",595
"2019-10-23 05:46:51",595
"2019-10-23 06:47:01",595
"2019-10-23 07:46:53",595
"2019-10-23 08:46:51",595
"2019-10-23 09:46:56",595
"2019-10-23 10:46:50",595
"2019-10-23 11:46:48",595
"2019-10-23 12:46:58",595
"2019-10-23 13:46:58",595
"2019-10-23 14:46:50",594
"2019-10-23 15:46:48",594
"2019-10-23 16:46:52",594
"2019-10-23 17:46:49",594
"2019-10-23 18:46:47",594
"2019-10-23 19:46:48",594
"2019-10-23 20:46:52",595
"2019-10-23 21:46:48",595
"2019-10-23 22:46:49",595
"2019-10-23 23:46:50",595
"2019-10-24 01:02:43",595
"2019-10-24 01:46:51",595
"2019-10-24 02:46:55",595
"2019-10-24 03:46:54",595
"2019-10-24 04:46:49",595
"2019-10-24 05:46:55",595
"2019-10-24 06:46:58",595
"2019-10-24 07:46:50",595
"2019-10-24 08:46:49",595
"2019-10-24 09:46:54",595
"2019-10-24 10:46:48",595
"2019-10-24 11:46:48",595
"2019-10-24 13:10:26",595
"2019-10-24 13:46:50",595
"2019-10-24 14:46:49",594
"2019-10-24 15:46:54",594
"2019-10-24 16:46:50",594
"2019-10-24 17:46:51",594
"2019-10-24 18:46:49",595
"2019-10-24 19:46:55",595
"2019-10-24 20:46:47",595
"2019-10-24 21:46:50",595
"2019-10-24 22:46:49",595
"2019-10-24 23:46:52",595
"2019-10-25 00:46:50",595
"2019-10-25 01:46:51",595
"2019-10-25 02:46:56",595
"2019-10-25 03:46:50",595
"2019-10-25 04:46:48",595
"2019-10-25 05:46:54",595
"2019-10-25 06:46:51",595
"2019-10-25 07:46:54",595
"2019-10-25 08:46:54",595
"2019-10-25 09:46:48",595
"2019-10-25 10:46:48",595
"2019-10-25 11:46:59",595
"2019-10-25 13:10:21",595
"2019-10-25 13:46:55",595
"2019-10-25 14:46:57",594
"2019-10-25 15:46:49",596
"2019-10-25 16:46:57",596
"2019-10-25 17:46:49",596
"2019-10-25 18:46:49",596
"2019-10-25 19:46:48",597
"2019-10-25 20:46:49",597
"2019-10-25 21:46:48",597
"2019-10-25 22:46:48",597
"2019-10-25 23:46:49",597
"2019-10-26 00:46:53",597
"2019-10-26 01:46:55",597
"2019-10-26 02:46:51",597
"2019-10-26 03:46:51",597
"2019-10-26 04:46:55",597
"2019-10-26 05:46:49",597
"2019-10-26 06:46:46",597
"2019-10-26 07:46:57",597
"2019-10-26 08:46:48",597
"2019-10-26 09:46:48",597
"2019-10-26 10:46:47",597
"2019-10-26 11:46:53",597
"2019-10-26 12:46:48",597
"2019-10-26 13:46:53",597
"2019-10-26 14:46:52",597
"2019-10-26 15:46:53",597
"2019-10-26 16:46:51",597
"2019-10-26 17:46:52",597
"2019-10-26 18:46:54",597
"2019-10-26 19:46:53",597
"2019-10-26 20:46:52",597
"2019-10-26 21:46:53",597
"2019-10-26 22:46:50",597
"2019-10-26 23:46:52",597
"2019-10-27 00:46:53",597
"2019-10-27 01:46:49",597
"2019-10-27 02:46:53",597
"2019-10-27 03:46:53",597
"2019-10-27 04:46:48",597
"2019-10-27 05:46:55",597
"2019-10-27 06:46:52",597
"2019-10-27 07:46:48",597
"2019-10-27 08:46:50",597
"2019-10-27 09:46:48",597
"2019-10-27 10:46:47",597
"2019-10-27 11:46:47",597
"2019-10-27 12:46:52",597
"2019-10-27 13:46:49",597
"2019-10-27 14:46:48",597
"2019-10-27 15:46:58",597
"2019-10-27 16:46:48",597
"2019-10-27 17:46:49",597
"2019-10-27 18:46:53",597
"2019-10-27 19:46:52",597
"2019-10-27 20:46:54",597
"2019-10-27 21:46:49",597
"2019-10-27 22:46:48",597
"2019-10-27 23:46:48",597
"2019-10-28 00:46:48",597
"2019-10-28 01:46:49",597
"2019-10-28 02:46:51",597
"2019-10-28 03:46:52",597
"2019-10-28 04:46:47",597
"2019-10-28 05:46:47",597
"2019-10-28 06:46:52",597
"2019-10-28 07:46:51",597
"2019-10-28 08:46:50",597
"2019-10-28 09:46:48",597
"2019-10-28 10:46:55",597
"2019-10-28 11:46:46",597
"2019-10-28 12:46:55",597
"2019-10-28 14:46:54",599
"2019-10-28 15:47:02",599
"2019-10-28 16:46:59",598
"2019-10-28 17:46:53",597
"2019-10-28 18:46:54",595
"2019-10-28 19:46:54",595
"2019-10-28 23:46:52",594
"2019-10-29 00:46:49",594
"2019-10-29 01:46:56",594
"2019-10-29 02:46:53",594
"2019-10-29 03:46:56",594
"2019-10-29 04:46:50",594
"2019-10-29 05:46:53",594
"2019-10-29 06:46:54",594
"2019-10-29 07:46:52",594
"2019-10-29 08:46:53",594
"2019-10-29 09:46:49",594
"2019-10-29 10:46:54",594
"2019-10-29 11:46:49",594
"2019-10-29 12:46:50",594
"2019-10-29 13:47:00",594
"2019-10-29 14:46:50",593
"2019-10-29 15:46:52",594
"2019-10-29 16:46:55",594
"2019-10-29 17:46:49",594
"2019-10-29 18:46:54",594
"2019-10-29 19:46:53",594
"2019-10-29 20:46:49",594
"2019-10-29 21:46:54",594
"2019-10-29 22:46:51",594
"2019-10-29 23:46:51",594
"2019-10-30 00:46:59",594
"2019-10-30 01:46:52",594
"2019-10-30 02:46:50",594
"2019-10-30 03:46:51",594
"2019-10-30 04:46:56",594
"2019-10-30 05:46:57",594
"2019-10-30 06:46:51",594
"2019-10-30 07:47:02",594
"2019-10-30 08:46:51",594
"2019-10-30 09:46:53",594
"2019-10-30 10:46:56",594
"2019-10-30 11:46:48",594
"2019-10-30 13:47:28",594
"2019-10-30 14:46:49",594
"2019-10-30 15:46:48",594
"2019-10-30 16:46:52",594
"2019-10-30 17:46:51",595
"2019-10-30 18:46:49",595
"2019-10-30 19:46:48",595
"2019-10-30 20:46:53",595
"2019-10-30 21:46:50",595
"2019-10-30 22:46:49",595
"2019-10-30 23:46:49",595
"2019-10-31 00:46:49",595
"2019-10-31 01:46:51",595
"2019-10-31 02:46:48",595
"2019-10-31 03:46:53",595
"2019-10-31 04:46:49",595
"2019-10-31 05:46:50",595
"2019-10-31 06:46:54",595
"2019-10-31 07:46:51",595
"2019-10-31 08:46:51",595
"2019-10-31 09:46:55",595
"2019-10-31 10:46:50",595
"2019-10-31 11:46:52",595
"2019-10-31 13:11:56",595
"2019-10-31 13:46:53",595
"2019-10-31 14:46:50",597
"2019-10-31 15:46:54",597
"2019-10-31 16:46:53",598
"2019-10-31 17:46:51",598
"2019-10-31 18:46:49",598
"2019-10-31 19:46:49",598
"2019-10-31 20:46:52",597
"2019-10-31 22:09:55",597
"2019-10-31 22:46:57",597
"2019-10-31 23:46:49",597
"2019-11-01 00:46:50",597
"2019-11-01 01:46:49",597
"2019-11-01 02:46:50",597
"2019-11-01 03:46:55",597
"2019-11-01 04:46:50",597
"2019-11-01 05:46:54",597
"2019-11-01 06:46:48",597
"2019-11-01 07:46:57",597
"2019-11-01 08:46:50",597
"2019-11-01 09:46:53",597
"2019-11-01 10:46:53",597
"2019-11-01 11:46:56",597
"2019-11-01 13:43:03",598
"2019-11-01 13:52:18",598
"2019-11-01 14:46:50",599
"2019-11-01 15:46:48",598
"2019-11-01 16:46:56",596
"2019-11-01 17:46:52",597
"2019-11-01 18:46:58",597
"2019-11-01 19:46:50",596
"2019-11-01 20:46:50",596
"2019-11-01 21:46:48",596
"2019-11-01 22:46:48",596
"2019-11-01 23:46:49",596
"2019-11-02 00:46:54",596
"2019-11-02 01:46:50",596
"2019-11-02 02:46:49",596
"2019-11-02 03:46:56",596
"2019-11-02 04:46:49",596
"2019-11-02 05:46:50",596
"2019-11-02 06:46:52",596
"2019-11-02 07:46:49",596
"2019-11-02 08:46:49",596
"2019-11-02 09:46:48",596
"2019-11-02 10:46:53",596
"2019-11-02 11:46:48",596
"2019-11-02 12:46:57",596
"2019-11-02 13:46:50",596
"2019-11-02 14:46:51",596
"2019-11-02 15:46:54",596
"2019-11-02 16:46:49",596
"2019-11-02 17:46:49",596
"2019-11-02 18:46:50",596
"2019-11-02 19:46:49",596
"2019-11-02 20:46:49",596
"2019-11-02 23:46:52",596
"2019-11-03 00:46:48",596
"2019-11-03 01:46:51",596
"2019-11-03 03:46:52",596
"2019-11-03 05:46:53",596
"2019-11-03 06:46:49",596
"2019-11-03 07:46:50",596
"2019-11-03 21:46:53",596
"2019-11-03 22:46:48",596
"2019-11-03 23:46:54",596
"2019-11-04 00:46:48",596
"2019-11-04 01:46:50",596
"2019-11-04 02:46:49",596
"2019-11-04 03:46:48",596
"2019-11-04 04:46:48",596
"2019-11-04 05:46:53",596
"2019-11-04 06:46:50",596
"2019-11-04 07:46:47",596
"2019-11-04 08:46:49",596
"2019-11-04 09:46:51",596
"2019-11-04 10:46:48",596
"2019-11-04 11:46:47",596
"2019-11-04 12:46:48",596
"2019-11-04 14:12:22",596
"2019-11-04 15:46:49",594
"2019-11-04 16:46:51",593
"2019-11-04 17:46:50",593
"2019-11-04 18:46:49",593
"2019-11-04 19:46:52",592
"2019-11-04 20:46:49",591
"2019-11-04 21:46:50",591
"2019-11-04 22:46:49",591
"2019-11-04 23:46:48",591
"2019-11-05 00:46:50",591
"2019-11-05 01:46:49",591
"2019-11-05 02:46:54",591
"2019-11-05 03:46:50",591
"2019-11-05 04:46:47",591
"2019-11-05 05:46:54",591
"2019-11-05 06:46:50",591
"2019-11-05 07:46:49",591
"2019-11-05 08:46:51",591
"2019-11-05 09:46:53",591
"2019-11-05 10:46:50",591
"2019-11-05 11:46:50",591
"2019-11-05 12:46:49",591
"2019-11-05 14:12:23",591
"2019-11-05 14:46:56",591
"2019-11-05 15:46:50",590
"2019-11-05 16:46:50",590
"2019-11-05 17:46:50",589
"2019-11-05 18:46:48",589
"2019-11-05 19:46:52",589
"2019-11-05 20:46:53",589
"2019-11-05 21:46:49",591
"2019-11-05 22:46:51",591
"2019-11-05 23:46:48",591
"2019-11-06 00:46:49",591
"2019-11-06 01:46:51",591
"2019-11-06 02:47:21",591
"2019-11-06 03:46:51",591
"2019-11-06 04:46:55",591
"2019-11-06 05:46:50",591
"2019-11-06 06:46:56",591
"2019-11-06 07:46:48",591
"2019-11-06 08:46:49",591
"2019-11-06 09:46:52",591
"2019-11-06 10:46:52",591
"2019-11-06 11:46:48",591
"2019-11-06 12:46:48",591
"2019-11-06 13:46:50",591
"2019-11-06 14:46:56",591
"2019-11-06 15:46:52",593
"2019-11-06 16:46:53",598
"2019-11-06 17:46:52",598
"2019-11-06 18:46:53",598
"2019-11-06 19:46:52",600
"2019-11-06 20:46:56",601
"2019-11-06 21:46:53",601
"2019-11-06 22:46:51",601
"2019-11-06 23:46:52",602
"2019-11-07 00:46:50",602
"2019-11-07 01:46:50",602
"2019-11-07 02:46:52",602
"2019-11-07 03:46:51",602
"2019-11-07 04:46:55",602
"2019-11-07 05:46:52",602
"2019-11-07 06:46:50",602
"2019-11-07 07:46:52",602
"2019-11-07 08:46:51",602
"2019-11-07 09:46:52",602
"2019-11-07 10:46:48",602
"2019-11-07 11:46:48",602
"2019-11-07 12:46:50",602
"2019-11-07 14:10:52",603
"2019-11-07 14:47:24",603
"2019-11-07 15:46:54",627
"2019-11-07 16:46:54",672
"2019-11-07 17:46:54",703
"2019-11-07 18:46:53",724
"2019-11-07 19:46:54",739
"2019-11-07 21:11:29",758
"2019-11-07 21:46:55",758
"2019-11-07 22:46:58",758
"2019-11-07 23:46:59",760
"2019-11-08 00:47:02",760
"2019-11-08 01:46:57",760
"2019-11-08 02:47:04",760
"2019-11-08 03:47:00",760
"2019-11-08 04:46:59",760
"2019-11-08 05:47:01",760
"2019-11-08 06:46:54",760
"2019-11-08 07:46:55",760
"2019-11-08 08:47:02",760
"2019-11-08 09:46:57",760
"2019-11-08 10:46:56",760
"2019-11-08 11:46:54",760
"2019-11-08 12:46:55",760
"2019-11-08 14:12:33",760
"2019-11-08 14:47:33",760
"2019-11-08 15:46:57",793
"2019-11-08 16:46:57",786
"2019-11-08 17:46:58",782
"2019-11-08 18:46:58",779
"2019-11-08 19:47:03",779
"2019-11-08 20:46:57",780
"2019-11-08 21:47:00",784
"2019-11-08 22:46:58",784
"2019-11-08 23:46:59",783
"2019-11-09 00:47:00",783
"2019-11-09 01:46:59",783
"2019-11-09 02:46:59",783
"2019-11-09 03:46:58",783
"2019-11-09 04:47:01",783
"2019-11-09 05:46:56",783
"2019-11-09 06:46:57",783
"2019-11-09 07:47:00",783
"2019-11-09 08:47:00",783
"2019-11-09 09:46:58",783
"2019-11-09 10:46:56",783
"2019-11-09 11:47:02",783
"2019-11-09 12:46:58",783
"2019-11-09 13:46:56",783
"2019-11-09 14:47:01",783
"2019-11-09 15:47:02",783
"2019-11-09 16:46:57",783
"2019-11-09 18:46:56",783
"2019-11-09 19:46:58",783
"2019-11-09 20:47:02",783
"2019-11-09 21:46:57",783
"2019-11-09 22:47:02",783
"2019-11-09 23:46:58",783
"2019-11-10 00:46:57",783
"2019-11-10 01:46:58",783
"2019-11-10 02:47:01",783
"2019-11-10 03:46:56",783
"2019-11-10 04:46:58",783
"2019-11-10 05:46:58",783
"2019-11-10 06:46:56",783
"2019-11-10 07:46:54",783
"2019-11-10 08:47:02",783
"2019-11-10 09:47:01",783
"2019-11-10 10:46:55",783
"2019-11-10 11:46:56",783
"2019-11-10 12:46:58",783
"2019-11-10 13:46:56",783
"2019-11-10 14:46:55",783
"2019-11-10 15:47:01",783
"2019-11-10 16:46:56",783
"2019-11-10 17:46:58",783
"2019-11-10 18:46:59",783
"2019-11-10 19:46:56",783
"2019-11-10 20:46:57",783
"2019-11-10 21:46:55",783
"2019-11-10 22:46:59",783
"2019-11-10 23:47:00",783
"2019-11-11 00:46:57",783
"2019-11-11 01:47:01",783
"2019-11-11 02:46:59",783
"2019-11-11 03:46:59",783
"2019-11-11 04:47:00",783
"2019-11-11 05:47:02",783
"2019-11-11 06:46:57",783
"2019-11-11 07:46:59",783
"2019-11-11 08:47:03",783
"2019-11-11 09:47:01",783
"2019-11-11 10:47:00",783
"2019-11-11 11:46:57",783
"2019-11-11 12:47:00",783
"2019-11-11 13:47:00",783
"2019-11-11 14:47:04",783
"2019-11-11 15:47:05",783
"2019-11-11 16:47:00",783
"2019-11-11 17:47:03",779
"2019-11-11 18:47:05",775
"2019-11-11 19:47:00",770
"2019-11-11 21:46:59",768
"2019-11-11 22:46:57",768
"2019-11-11 23:46:58",768
"2019-11-12 00:46:55",768
"2019-11-12 01:46:56",768
"2019-11-12 02:47:04",768
"2019-11-12 03:46:58",768
"2019-11-12 04:46:56",768
"2019-11-12 05:47:01",768
"2019-11-12 06:46:57",768
"2019-11-12 07:47:01",768
"2019-11-12 08:46:57",768
"2019-11-12 09:46:56",768
"2019-11-12 10:46:55",768
"2019-11-12 11:47:01",768
"2019-11-12 12:47:02",768
"2019-11-12 14:11:01",768
"2019-11-12 14:47:04",768
"2019-11-12 15:46:57",770
"2019-11-12 16:46:58",767
"2019-11-12 17:47:01",764
"2019-11-12 18:47:02",763
"2019-11-12 19:46:56",762
"2019-11-12 20:46:55",762
"2019-11-12 21:46:57",762
"2019-11-12 22:47:02",762
"2019-11-12 23:46:58",762
"2019-11-13 00:47:04",762
"2019-11-13 01:46:57",762
"2019-11-13 02:46:59",762
"2019-11-13 03:47:01",762
"2019-11-13 04:46:58",762
"2019-11-13 05:47:08",762
"2019-11-13 06:46:57",762
"2019-11-13 07:47:05",762
"2019-11-13 08:47:01",762
"2019-11-13 09:46:58",762
"2019-11-13 10:46:57",762
"2019-11-13 11:47:04",762
"2019-11-13 12:46:56",762
"2019-11-13 13:46:56",762
"2019-11-13 15:47:04",761
"2019-11-13 16:46:57",761
"2019-11-13 17:46:58",760
"2019-11-13 18:47:02",761
"2019-11-13 19:46:56",760
"2019-11-13 20:46:57",761
"2019-11-13 21:46:57",761
"2019-11-13 22:46:59",761
"2019-11-13 23:47:00",761
"2019-11-14 00:46:58",761
"2019-11-14 01:46:56",761
"2019-11-14 02:47:05",761
"2019-11-14 03:46:56",761
"2019-11-14 04:46:57",761
"2019-11-14 05:47:04",761
"2019-11-14 06:46:56",761
"2019-11-14 07:47:05",761
"2019-11-14 08:47:01",761
"2019-11-14 09:47:02",761
"2019-11-14 10:47:01",761
"2019-11-14 11:47:04",761
"2019-11-14 12:46:56",761
"2019-11-14 14:10:39",761
"2019-11-14 14:47:01",761
"2019-11-14 15:46:58",755
"2019-11-14 17:47:00",747
"2019-11-14 18:46:57",745
"2019-11-14 19:46:58",742
"2019-11-14 20:46:59",742
"2019-11-14 21:47:05",740
"2019-11-14 22:46:56",740
"2019-11-14 23:46:59",740
"2019-11-15 00:46:58",740
"2019-11-15 01:46:59",740
"2019-11-15 02:46:57",740
"2019-11-15 03:46:59",740
"2019-11-15 04:46:59",740
"2019-11-15 05:47:00",740
"2019-11-15 06:47:01",740
"2019-11-15 07:46:57",740
"2019-11-15 08:47:08",740
"2019-11-15 09:46:56",740
"2019-11-15 10:46:57",740
"2019-11-15 11:46:56",740
"2019-11-15 12:47:03",740
"2019-11-15 14:13:30",739
"2019-11-15 15:47:06",740
"2019-11-15 16:46:57",738
"2019-11-15 17:46:58",738
"2019-11-15 18:47:06",737
"2019-11-15 19:47:00",737
"2019-11-15 20:47:03",738
"2019-11-15 21:46:55",737
"2019-11-15 22:46:58",737
"2019-11-15 23:46:59",737
"2019-11-16 00:47:00",737
"2019-11-16 01:46:56",737
"2019-11-16 02:47:00",737
"2019-11-16 03:46:56",737
"2019-11-16 04:46:58",737
"2019-11-16 05:46:57",737
"2019-11-16 06:46:59",737
"2019-11-16 07:46:57",737
"2019-11-16 08:46:59",737
"2019-11-16 09:47:04",737
"2019-11-16 10:46:55",737
"2019-11-16 11:46:56",737
"2019-11-16 12:47:02",737
"2019-11-16 13:47:01",737
"2019-11-16 14:46:58",737
"2019-11-16 15:46:57",737
"2019-11-16 16:46:56",737
"2019-11-16 17:47:00",737
"2019-11-16 18:46:56",737
"2019-11-16 19:46:56",737
"2019-11-16 20:46:54",737
"2019-11-16 21:46:55",737
"2019-11-16 22:46:56",737
"2019-11-16 23:46:54",737
"2019-11-17 00:46:55",737
"2019-11-17 01:46:53",737
"2019-11-17 02:47:00",737
"2019-11-17 03:46:54",737
"2019-11-17 04:46:57",737
"2019-11-17 05:46:57",737
"2019-11-17 06:46:58",737
"2019-11-17 07:46:59",737
"2019-11-17 08:46:56",737
"2019-11-17 10:47:03",737
"2019-11-17 11:47:00",737
"2019-11-17 12:46:56",737
"2019-11-17 13:46:57",737
"2019-11-17 14:46:54",737
"2019-11-17 15:46:54",737
"2019-11-17 16:46:58",737
"2019-11-17 17:46:53",737
"2019-11-17 18:46:53",737
"2019-11-17 19:46:55",737
"2019-11-17 20:47:00",737
"2019-11-17 21:47:00",737
"2019-11-17 22:46:57",737
"2019-11-17 23:47:00",737
"2019-11-18 00:46:54",737
"2019-11-18 01:46:54",737
"2019-11-18 02:46:57",737
"2019-11-18 03:46:55",737
"2019-11-18 04:46:53",737
"2019-11-18 05:46:56",737
"2019-11-18 06:46:52",737
"2019-11-18 07:46:54",737
"2019-11-18 08:47:02",737
"2019-11-18 09:47:02",737
"2019-11-18 10:46:57",737
"2019-11-18 11:46:54",737
"2019-11-18 12:46:57",737
"2019-11-18 14:12:04",737
"2019-11-18 14:46:57",737
"2019-11-18 15:47:03",735
"2019-11-18 16:47:00",734
"2019-11-18 17:47:02",734
"2019-11-18 18:47:01",732
"2019-11-18 19:46:57",732
"2019-11-18 20:47:02",734
"2019-11-18 21:46:59",734
"2019-11-18 22:46:55",734
"2019-11-18 23:46:59",734
"2019-11-19 00:46:57",734
"2019-11-19 01:46:57",734
"2019-11-19 02:46:56",734
"2019-11-19 03:46:56",734
"2019-11-19 04:46:58",734
"2019-11-19 05:46:54",734
"2019-11-19 06:46:58",734
"2019-11-19 07:46:55",734
"2019-11-19 08:46:57",734
"2019-11-19 09:47:03",734
"2019-11-19 10:46:56",734
"2019-11-19 11:46:54",734
"2019-11-19 12:46:56",734
"2019-11-19 14:12:03",734
"2019-11-19 14:46:59",734
"2019-11-19 15:46:59",732
"2019-11-19 16:46:56",731
"2019-11-19 17:47:04",731
"2019-11-19 18:46:55",730
"2019-11-19 19:46:59",730
"2019-11-19 20:46:59",729
"2019-11-19 21:47:01",729
"2019-11-19 22:46:57",729
"2019-11-19 23:46:58",729
"2019-11-20 00:46:59",729
"2019-11-20 01:46:58",729
"2019-11-20 02:46:59",729
"2019-11-20 03:46:59",729
"2019-11-20 04:46:57",729
"2019-11-20 05:46:59",729
"2019-11-20 06:46:59",729
"2019-11-20 07:47:00",729
"2019-11-20 08:47:06",729
"2019-11-20 09:47:09",729
"2019-11-20 10:47:09",729
"2019-11-20 11:47:06",729
"2019-11-20 12:47:07",729
"2019-11-20 14:11:38",729
"2019-11-20 14:47:07",729
"2019-11-20 15:47:04",730
"2019-11-20 16:47:05",729
"2019-11-20 22:47:02",727
"2019-11-20 23:46:56",727
"2019-11-21 00:46:55",727
"2019-11-21 01:46:56",727
"2019-11-21 02:46:59",727
"2019-11-21 03:46:57",727
"2019-11-21 04:46:55",727
"2019-11-21 05:46:57",727
"2019-11-21 06:46:59",727
"2019-11-21 07:46:54",727
"2019-11-21 08:46:55",727
"2019-11-21 09:46:57",727
"2019-11-21 10:46:57",727
"2019-11-21 11:46:56",727
"2019-11-21 12:46:55",727
"2019-11-21 14:10:59",727
"2019-11-21 14:47:02",727
"2019-11-21 15:46:55",727
"2019-11-21 16:46:57",725
"2019-11-21 17:46:58",724
"2019-11-21 18:46:54",724
"2019-11-21 19:46:55",724
"2019-11-21 20:46:55",724
"2019-11-21 21:46:56",725
"2019-11-21 22:46:56",725
"2019-11-21 23:46:56",725
"2019-11-22 00:46:55",725
"2019-11-22 01:47:00",725
"2019-11-22 02:46:55",725
"2019-11-22 03:46:54",725
"2019-11-22 04:46:54",725
"2019-11-22 05:47:00",725
"2019-11-22 06:46:57",725
"2019-11-22 07:47:00",725
"2019-11-22 08:47:04",725
"2019-11-22 09:47:04",725
"2019-11-22 10:47:02",725
"2019-11-22 11:46:57",725
"2019-11-22 12:47:57",725
"2019-11-22 13:46:54",725
"2019-11-22 14:46:58",725
"2019-11-22 15:46:53",724
"2019-11-22 16:46:54",724
"2019-11-22 17:46:59",724
"2019-11-22 18:46:59",724
"2019-11-22 19:46:55",724
"2019-11-22 20:46:56",722
"2019-11-22 21:46:55",722
"2019-11-22 22:46:54",722
"2019-11-22 23:46:57",722
"2019-11-23 00:47:03",722
"2019-11-23 01:46:55",722
"2019-11-23 02:46:54",722
"2019-11-23 03:46:54",722
"2019-11-23 04:47:01",722
"2019-11-23 05:46:55",722
"2019-11-23 06:46:57",722
"2019-11-23 07:46:57",722
"2019-11-23 08:46:58",722
"2019-11-23 09:46:59",722
"2019-11-23 10:46:58",722
"2019-11-23 11:46:53",722
"2019-11-23 12:46:54",722
"2019-11-23 13:46:54",722
"2019-11-23 14:46:55",722
"2019-11-23 15:46:54",722
"2019-11-23 16:46:54",722
"2019-11-23 17:46:56",722
"2019-11-23 18:46:55",722
"2019-11-23 19:46:56",722
"2019-11-23 20:46:52",722
"2019-11-23 21:46:56",722
"2019-11-23 22:46:52",722
"2019-11-23 23:46:53",722
"2019-11-24 00:46:57",722
"2019-11-24 01:46:53",722
"2019-11-24 02:46:53",722
"2019-11-24 03:46:53",722
"2019-11-24 04:46:51",722
"2019-11-24 05:46:53",722
"2019-11-24 06:46:54",722
"2019-11-24 07:46:51",722
"2019-11-24 08:46:56",722
"2019-11-24 09:46:59",722
"2019-11-24 10:46:56",722
"2019-11-24 11:46:54",722
"2019-11-24 12:46:52",722
"2019-11-24 13:46:51",722
"2019-11-24 14:46:54",722
"2019-11-24 15:46:55",722
"2019-11-24 16:46:54",722
"2019-11-24 17:46:53",722
"2019-11-24 18:46:56",722
"2019-11-24 19:46:53",722
"2019-11-24 20:46:56",722
"2019-11-24 21:46:53",722
"2019-11-24 22:46:58",722
"2019-11-24 23:46:54",722
"2019-11-25 00:46:55",722
"2019-11-25 01:46:58",722
"2019-11-25 02:46:55",722
"2019-11-25 04:46:52",722
"2019-11-25 05:46:55",722
"2019-11-25 06:46:54",722
"2019-11-25 07:46:55",722
"2019-11-25 08:47:01",722
"2019-11-25 09:47:01",722
"2019-11-25 10:47:00",722
"2019-11-25 11:46:58",722
"2019-11-25 12:46:59",722
"2019-11-25 13:46:53",722
"2019-11-25 14:46:56",723
"2019-11-25 15:46:59",720
"2019-11-25 16:46:55",717
"2019-11-25 17:47:01",718
"2019-11-25 18:46:54",716
"2019-11-25 19:46:57",716
"2019-11-25 20:46:57",716
"2019-11-25 21:46:54",715
"2019-11-25 22:47:02",715
"2019-11-25 23:46:56",715
"2019-11-26 00:46:57",715
"2019-11-26 01:46:56",715
"2019-11-26 02:46:58",715
"2019-11-26 03:46:58",715
"2019-11-26 04:46:55",715
"2019-11-26 05:47:00",715
"2019-11-26 06:47:06",715
"2019-11-26 07:46:56",715
"2019-11-26 08:47:01",715
"2019-11-26 20:47:02",714
"2019-11-26 21:46:57",713
"2019-11-26 22:47:03",713
"2019-11-26 23:46:57",713
"2019-11-27 00:47:01",713
"2019-11-27 01:46:57",713
"2019-11-27 02:46:55",713
"2019-11-27 03:46:58",713
"2019-11-27 04:46:56",713
"2019-11-27 05:46:59",713
"2019-11-27 06:46:59",713
"2019-11-27 07:46:57",713
"2019-11-27 08:47:05",713
"2019-11-27 09:47:06",713
"2019-11-27 10:46:55",713
"2019-11-27 11:46:53",713
"2019-11-27 12:47:03",713
"2019-11-27 13:46:55",713
"2019-11-27 14:46:59",713
"2019-11-27 15:47:04",714
"2019-11-27 16:47:00",712
"2019-11-27 17:46:57",711
"2019-11-27 18:47:00",711
"2019-11-27 19:46:59",711
"2019-11-27 20:46:56",711
"2019-11-27 21:46:56",711
"2019-11-27 22:46:59",711
"2019-11-27 23:46:58",711
"2019-11-28 00:46:58",711
"2019-11-28 01:46:59",711
"2019-11-28 02:47:03",711
"2019-11-28 03:47:00",711
"2019-11-28 04:46:59",711
"2019-11-28 05:46:56",711
"2019-11-28 06:46:57",711
"2019-11-28 07:47:00",711
"2019-11-28 08:46:59",711
"2019-11-28 09:47:06",711
"2019-11-28 10:47:02",711
"2019-11-28 11:46:57",711
"2019-11-28 12:46:56",711
"2019-11-28 13:46:55",711
"2019-11-28 14:46:56",711
"2019-11-28 15:46:57",711
"2019-11-28 16:46:56",711
"2019-11-28 17:46:58",711
"2019-11-28 18:46:57",711
"2019-11-28 19:46:55",711
"2019-11-28 20:46:54",711
"2019-11-28 21:46:56",711
"2019-11-28 22:46:54",711
"2019-11-28 23:46:57",711
"2019-11-29 00:46:56",711
"2019-11-29 01:46:56",711
"2019-11-29 02:46:56",711
"2019-11-29 04:47:00",711
"2019-11-29 05:46:59",711
"2019-11-29 06:46:56",711
"2019-11-29 07:47:00",711
"2019-11-29 08:47:09",711
"2019-11-29 09:47:12",711
"2019-11-29 10:47:21",711
"2019-11-29 11:47:04",711
"2019-11-29 12:47:04",711
"2019-11-29 13:47:07",711
"2019-11-29 14:47:09",711
"2019-11-29 15:47:05",711
"2019-11-29 16:47:09",711
"2019-11-29 17:47:12",711
"2019-11-29 18:47:07",709
"2019-11-29 20:47:05",709
"2019-11-29 21:46:55",709
"2019-11-29 22:47:07",709
"2019-11-29 23:47:03",709
"2019-11-30 00:46:59",709
"2019-11-30 01:46:57",709
"2019-11-30 02:46:59",709
"2019-11-30 03:47:01",709
"2019-11-30 04:47:02",709
"2019-11-30 05:47:05",709
"2019-11-30 06:47:02",709
"2019-11-30 07:47:02",709
"2019-11-30 08:47:00",709
"2019-11-30 21:47:32",709
"2019-11-30 22:47:08",709
"2019-11-30 23:47:01",709
"2019-12-01 00:47:03",709
"2019-12-01 01:46:57",709
"2019-12-01 02:47:07",709
"2019-12-01 22:47:13",709
"2019-12-01 23:46:57",709
"2019-12-02 00:46:55",709
"2019-12-02 01:47:03",709
"2019-12-02 02:47:00",709
"2019-12-02 06:21:20",709
"2019-12-02 06:49:58",709
"2019-12-02 07:50:00",709
"2019-12-02 08:49:51",709
"2019-12-02 09:49:52",709
"2019-12-02 10:49:53",709
"2019-12-02 11:49:54",709
"2019-12-02 12:49:48",709
"2019-12-02 14:11:46",709
"2019-12-02 14:49:59",709
"2019-12-02 15:50:03",709
"2019-12-02 16:49:55",709
"2019-12-02 17:50:26",710
"2019-12-02 18:50:20",710
"2019-12-02 19:50:25",708
"2019-12-02 20:50:18",706
"2019-12-02 21:50:22",706
"2019-12-02 22:50:53",706
"2019-12-02 23:50:24",706
"2019-12-03 00:50:01",706
"2019-12-03 01:50:25",706
"2019-12-03 02:50:16",706
"2019-12-03 03:50:23",706
"2019-12-03 04:50:23",706
"2019-12-03 05:50:27",706
"2019-12-03 06:49:56",706
"2019-12-03 07:49:53",706
"2019-12-03 08:49:53",706
"2019-12-03 09:50:17",706
"2019-12-03 10:50:23",706
"2019-12-03 11:50:03",706
"2019-12-03 12:49:50",706
"2019-12-03 13:49:46",706
"2019-12-03 14:50:24",706
"2019-12-03 15:49:53",705
"2019-12-03 16:50:23",705
"2019-12-03 17:50:20",704
"2019-12-03 18:50:19",703
"2019-12-03 19:50:17",703
"2019-12-03 20:50:19",703
"2019-12-03 21:50:58",703
"2019-12-03 22:50:22",703
"2019-12-03 23:50:48",703
"2019-12-04 00:51:07",703
"2019-12-04 01:51:08",703
"2019-12-04 02:50:47",703
"2019-12-04 03:50:32",703
"2019-12-04 04:50:30",703
"2019-12-04 06:50:34",703
"2019-12-04 07:50:30",703
"2019-12-04 08:50:05",703
"2019-12-04 09:50:07",703
"2019-12-04 10:50:02",703
"2019-12-04 11:50:06",703
"2019-12-04 12:50:04",703
"2019-12-04 14:11:17",703
"2019-12-04 14:50:41",703
"2019-12-04 15:50:36",702
"2019-12-04 16:50:29",702
"2019-12-04 17:50:30",703
"2019-12-04 18:50:30",703
"2019-12-04 19:50:33",702
"2019-12-04 20:50:27",702
"2019-12-04 21:50:22",702
"2019-12-04 22:50:21",702
"2019-12-04 23:50:23",702
"2019-12-05 01:50:28",702
"2019-12-05 02:50:27",702
"2019-12-05 03:50:27",702
"2019-12-05 04:50:26",702
"2019-12-05 06:50:26",702
"2019-12-05 07:49:56",702
"2019-12-05 08:50:24",702
"2019-12-05 09:49:51",702
"2019-12-05 10:49:51",702
"2019-12-05 11:49:52",702
"2019-12-05 12:49:50",702
"2019-12-05 13:50:21",702
"2019-12-05 14:50:29",702
"2019-12-05 15:50:20",702
"2019-12-05 16:50:23",702
"2019-12-05 17:50:23",701
"2019-12-05 18:50:24",701
"2019-12-05 20:11:48",700
"2019-12-05 20:50:36",700
"2019-12-05 21:50:20",699
"2019-12-05 22:50:22",699
"2019-12-05 23:49:58",699
"2019-12-06 00:50:24",699
"2019-12-06 01:50:21",699
"2019-12-06 02:50:30",699
"2019-12-06 03:50:24",699
"2019-12-06 04:50:21",699
"2019-12-06 05:50:38",699
"2019-12-06 06:50:41",699
"2019-12-06 07:50:29",699
"2019-12-06 08:50:25",699
"2019-12-06 09:50:14",699
"2019-12-06 10:50:24",699
"2019-12-06 11:50:14",699
"2019-12-06 12:50:05",699
"2019-12-06 13:52:10",699
"2019-12-06 14:50:34",699
"2019-12-06 15:51:04",695
"2019-12-06 16:50:27",692
"2019-12-06 17:50:22",690
"2019-12-06 18:50:22",689
"2019-12-06 19:50:26",688
"2019-12-06 20:50:23",687
"2019-12-06 21:49:50",688
"2019-12-06 22:49:54",688
"2019-12-06 23:49:58",688
"2019-12-07 00:50:10",688
"2019-12-07 01:51:10",688
"2019-12-07 02:50:27",688
"2019-12-07 03:50:24",688
"2019-12-07 04:50:02",688
"2019-12-07 05:50:48",688
"2019-12-07 06:49:56",688
"2019-12-07 07:49:59",688
"2019-12-07 08:49:55",688
"2019-12-07 09:49:54",688
"2019-12-07 10:49:53",688
"2019-12-07 11:49:53",688
"2019-12-07 12:50:10",688
"2019-12-07 13:51:11",688
"2019-12-07 14:50:29",688
"2019-12-07 15:50:30",688
"2019-12-07 16:50:26",688
"2019-12-07 17:50:31",688
"2019-12-07 18:50:25",688
"2019-12-07 19:49:57",688
"2019-12-07 20:50:25",688
"2019-12-07 21:50:30",688
"2019-12-07 22:50:01",688
"2019-12-07 23:49:56",688
"2019-12-08 00:50:22",688
"2019-12-08 01:49:54",688
"2019-12-08 02:50:28",688
"2019-12-08 03:50:26",688
"2019-12-08 04:50:21",688
"2019-12-08 05:50:29",688
"2019-12-08 06:50:28",688
"2019-12-08 07:50:26",688
"2019-12-08 08:50:24",688
"2019-12-08 09:50:22",688
"2019-12-08 10:50:25",688
"2019-12-08 11:49:54",688
"2019-12-08 12:50:06",688
"2019-12-08 13:50:18",688
"2019-12-08 14:50:20",688
"2019-12-08 15:49:58",688
"2019-12-08 16:50:24",688
"2019-12-08 17:50:28",688
"2019-12-08 18:49:54",688
"2019-12-08 19:50:18",688
"2019-12-08 20:50:20",688
"2019-12-08 21:50:26",688
"2019-12-08 22:50:28",688
"2019-12-08 23:50:26",688
"2019-12-09 00:50:25",688
"2019-12-09 01:49:54",688
"2019-12-09 02:50:27",688
"2019-12-09 03:50:34",688
"2019-12-09 04:49:58",688
"2019-12-09 05:50:04",688
"2019-12-09 06:50:23",688
"2019-12-09 07:50:01",688
"2019-12-09 08:50:00",688
"2019-12-09 09:49:52",688
"2019-12-09 10:49:56",688
"2019-12-09 11:49:50",688
"2019-12-09 12:50:09",688
"2019-12-09 14:12:17",688
"2019-12-09 14:50:11",688
"2019-12-09 15:50:13",689
"2019-12-09 16:50:39",688
"2019-12-09 17:50:44",688
"2019-12-09 18:50:13",684
"2019-12-09 19:49:54",684
"2019-12-09 20:50:39",685
"2019-12-09 21:50:31",682
"2019-12-09 22:49:56",682
"2019-12-09 23:50:20",682
"2019-12-10 00:50:40",682
"2019-12-10 01:50:23",682
"2019-12-10 02:50:29",682
"2019-12-10 03:50:34",682
"2019-12-10 04:50:26",682
"2019-12-10 05:50:36",682
"2019-12-10 06:50:31",682
"2019-12-10 07:50:25",682
"2019-12-10 08:50:31",682
"2019-12-10 09:49:57",682
"2019-12-10 10:49:57",682
"2019-12-10 11:49:55",682
"2019-12-10 12:50:33",682
"2019-12-10 13:49:56",682
"2019-12-10 14:50:02",682
"2019-12-10 15:50:05",681
"2019-12-10 16:50:41",680
"2019-12-10 17:50:24",678
"2019-12-10 18:50:25",677
"2019-12-10 19:50:00",678
"2019-12-10 20:50:25",677
"2019-12-10 21:50:24",676
"2019-12-10 22:50:31",676
"2019-12-10 23:50:39",676
"2019-12-11 00:50:37",676
"2019-12-11 01:50:42",676
"2019-12-11 02:50:56",676
"2019-12-11 03:50:26",676
"2019-12-11 04:50:39",676
"2019-12-11 05:50:36",676
"2019-12-11 06:50:09",676
"2019-12-11 07:50:09",676
"2019-12-11 08:50:28",676
"2019-12-11 09:50:07",676
"2019-12-11 10:50:11",676
"2019-12-11 11:50:23",676
"2019-12-11 12:50:34",676
"2019-12-11 13:50:18",676
"2019-12-11 14:51:06",676
"2019-12-11 15:50:16",673
"2019-12-11 16:50:41",674
"2019-12-11 17:50:53",674
"2019-12-11 18:50:39",675
"2019-12-11 19:50:46",676
"2019-12-11 20:50:50",674
"2019-12-11 21:50:32",675
"2019-12-11 22:50:34",675
"2019-12-11 23:50:47",675
"2019-12-12 00:50:13",675
"2019-12-12 01:51:07",675
"2019-12-12 02:50:39",675
"2019-12-12 03:50:16",675
"2019-12-12 04:50:38",675
"2019-12-12 05:50:35",675
"2019-12-12 06:50:41",675
"2019-12-12 07:50:32",675
"2019-12-12 08:50:09",675
"2019-12-12 09:50:34",675
"2019-12-12 10:50:32",675
"2019-12-12 11:50:09",675
"2019-12-12 12:50:14",675
"2019-12-12 14:10:47",675
"2019-12-12 15:50:17",675
"2019-12-12 16:50:39",675
"2019-12-12 17:50:11",675
"2019-12-12 18:50:16",675
"2019-12-12 19:50:17",675
"2019-12-12 20:50:23",675
"2019-12-12 21:50:13",674
"2019-12-12 22:50:12",674
"2019-12-12 23:50:21",674
"2019-12-13 00:51:31",674
"2019-12-13 01:52:05",674
"2019-12-13 02:51:49",674
"2019-12-13 03:52:09",674
"2019-12-13 04:52:04",674
"2019-12-13 05:52:16",674
"2019-12-13 06:52:34",674
"2019-12-13 08:51:35",674
"2019-12-13 09:51:47",674
"2019-12-13 10:51:10",674
"2019-12-13 11:51:25",674
"2019-12-13 12:51:40",674
"2019-12-13 14:42:57",674
"2019-12-13 14:52:49",674
"2019-12-13 15:52:19",674
"2019-12-13 16:51:53",673
"2019-12-13 17:52:01",673
"2019-12-13 18:51:55",672
"2019-12-13 19:51:44",672
"2019-12-13 20:52:28",672
"2019-12-13 21:51:42",672
"2019-12-13 22:51:37",672
"2019-12-13 23:51:26",672
"2019-12-14 00:51:38",672
"2019-12-14 01:51:39",672
"2019-12-14 02:51:46",672
"2019-12-14 04:51:48",672
"2019-12-14 05:51:54",672
"2019-12-14 06:51:37",672
"2019-12-14 07:51:10",672
"2019-12-14 08:51:29",672
"2019-12-14 09:51:12",672
"2019-12-14 11:51:23",672
"2019-12-14 12:51:11",672
"2019-12-14 13:52:09",672
"2019-12-14 14:51:35",672
"2019-12-14 15:51:45",672
"2019-12-14 16:51:54",672
"2019-12-14 17:51:39",672
"2019-12-14 18:52:01",672
"2019-12-14 19:51:35",672
"2019-12-14 22:51:57",672
"2019-12-14 23:51:30",672
"2019-12-15 00:51:54",672
"2019-12-15 01:52:17",672
"2019-12-15 02:51:49",672
"2019-12-15 03:51:37",672
"2019-12-15 04:51:56",672
"2019-12-15 05:51:10",672
"2019-12-15 06:51:43",672
"2019-12-15 07:51:17",672
"2019-12-15 08:51:19",672
"2019-12-15 09:50:59",672
"2019-12-15 10:51:03",672
"2019-12-15 11:51:22",672
"2019-12-15 13:51:17",672
"2019-12-15 14:51:19",672
"2019-12-15 15:52:03",672
"2019-12-15 17:51:51",672
"2019-12-15 19:51:44",672
"2019-12-15 20:51:45",672
"2019-12-15 21:51:39",672
"2019-12-15 22:51:26",672
"2019-12-15 23:51:54",672
"2019-12-16 00:51:40",672
"2019-12-16 01:51:55",672
"2019-12-16 02:51:37",672
"2019-12-16 04:52:34",672
"2019-12-16 05:52:00",672
"2019-12-16 06:52:04",672
"2019-12-16 07:51:23",672
"2019-12-16 08:51:06",672
"2019-12-16 09:51:21",672
"2019-12-16 10:51:17",672
"2019-12-16 11:51:30",672
"2019-12-16 12:51:39",672
"2019-12-16 13:51:33",672
"2019-12-16 14:54:16",672
"2019-12-16 16:10:17",672
"2019-12-16 16:52:42",672
"2019-12-16 17:52:08",671
"2019-12-16 18:52:24",671
"2019-12-16 19:51:48",670
"2019-12-16 20:51:58",668
"2019-12-16 21:51:48",668
"2019-12-16 22:51:48",668
"2019-12-16 23:51:38",668
"2019-12-17 00:51:30",668
"2019-12-17 01:51:57",668
"2019-12-17 02:52:16",668
"2019-12-17 03:52:01",668
"2019-12-17 05:52:04",668
"2019-12-17 06:52:07",668
"2019-12-17 07:51:29",668
"2019-12-17 08:52:04",668
"2019-12-17 09:51:10",668
"2019-12-17 10:51:22",668
"2019-12-17 11:51:09",668
"2019-12-17 12:51:13",668
"2019-12-17 14:11:47",668
"2019-12-17 14:52:53",668
"2019-12-17 15:52:24",668
"2019-12-17 16:52:05",667
"2019-12-17 17:52:07",666
"2019-12-17 18:51:59",666
"2019-12-17 19:52:19",666
"2019-12-17 20:52:13",666
"2019-12-17 21:51:38",666
"2019-12-17 22:51:54",666
"2019-12-17 23:51:54",666
"2019-12-18 01:52:41",666
"2019-12-18 02:52:05",666
"2019-12-18 03:51:47",666
"2019-12-18 04:51:18",666
"2019-12-18 05:51:39",666
"2019-12-18 06:51:31",666
"2019-12-18 07:51:15",666
"2019-12-18 08:51:39",666
"2019-12-18 09:51:20",666
"2019-12-18 10:51:18",666
"2019-12-18 11:51:24",666
"2019-12-18 12:51:16",666
"2019-12-18 14:10:47",666
"2019-12-18 14:53:02",666
"2019-12-18 15:52:07",666
"2019-12-18 16:51:59",668
"2019-12-18 17:52:24",667
"2019-12-18 18:52:04",667
"2019-12-18 19:51:56",665
"2019-12-18 20:51:59",664
"2019-12-18 21:51:33",662
"2019-12-18 22:51:51",662
"2019-12-18 23:51:35",662
"2019-12-19 00:51:55",662
"2019-12-19 01:51:40",662
"2019-12-19 02:52:08",662
"2019-12-19 03:51:43",662
"2019-12-19 04:51:50",662
"2019-12-19 05:51:22",662
"2019-12-19 06:51:59",662
"2019-12-19 07:51:42",662
"2019-12-19 08:51:08",662
"2019-12-19 09:51:13",662
"2019-12-19 10:51:04",662
"2019-12-19 11:51:03",662
"2019-12-19 12:51:26",662
"2019-12-19 14:12:19",662
"2019-12-19 14:52:31",662
"2019-12-19 15:53:13",662
"2019-12-19 16:52:25",662
"2019-12-19 17:52:28",662
"2019-12-19 18:52:07",662
"2019-12-19 19:52:18",661
"2019-12-19 21:12:22",662
"2019-12-19 21:51:57",662
"2019-12-19 22:52:13",662
"2019-12-19 23:52:20",662
"2019-12-20 00:52:11",662
"2019-12-20 01:52:06",662
"2019-12-20 02:52:04",662
"2019-12-20 03:52:06",662
"2019-12-20 04:52:24",662
"2019-12-20 05:52:03",662
"2019-12-20 06:52:33",662
"2019-12-20 07:52:06",662
"2019-12-20 08:51:55",662
"2019-12-20 09:51:49",662
"2019-12-20 10:50:59",662
"2019-12-20 11:51:40",662
"2019-12-20 12:51:52",662
"2019-12-20 14:11:18",662
"2019-12-20 14:53:33",662
"2019-12-20 15:53:18",662
"2019-12-20 16:53:15",662
"2019-12-20 17:53:03",661
"2019-12-20 18:52:46",663
"2019-12-20 19:53:02",663
"2019-12-20 20:52:55",662
"2019-12-20 21:52:14",663
"2019-12-20 22:52:08",663
"2019-12-20 23:52:19",663
"2019-12-21 00:51:57",663
"2019-12-21 01:52:08",663
"2019-12-21 02:52:48",663
"2019-12-21 03:52:00",663
"2019-12-21 04:52:23",663
"2019-12-21 05:51:42",663
"2019-12-21 06:51:52",663
"2019-12-21 07:51:53",663
"2019-12-21 08:51:42",663
"2019-12-21 09:51:11",663
"2019-12-21 10:51:09",663
"2019-12-21 11:50:51",663
"2019-12-21 12:51:36",663
"2019-12-21 13:51:24",663
"2019-12-21 14:51:40",663
"2019-12-21 15:51:38",663
"2019-12-21 16:52:15",663
"2019-12-21 17:51:38",663
"2019-12-21 18:51:31",663
"2019-12-21 19:51:38",663
"2019-12-21 20:51:28",663
"2019-12-21 22:52:19",663
"2019-12-21 23:51:19",663
"2019-12-22 00:51:37",663
"2019-12-22 01:51:28",663
"2019-12-22 02:51:34",663
"2019-12-22 04:51:48",663
"2019-12-22 05:51:25",663
"2019-12-22 06:51:06",663
"2019-12-22 07:51:18",663
"2019-12-22 08:51:22",663
"2019-12-22 09:51:09",663
"2019-12-22 10:51:03",663
"2019-12-22 11:50:51",663
"2019-12-22 12:51:10",663
"2019-12-22 13:51:24",663
"2019-12-22 14:51:36",663
"2019-12-22 15:52:01",663
"2019-12-22 16:51:47",663
"2019-12-22 17:51:26",663
"2019-12-22 18:51:39",663
"2019-12-22 19:52:08",663
"2019-12-22 20:51:55",663
"2019-12-22 22:51:31",663
"2019-12-22 23:51:49",663
"2019-12-23 00:52:01",663
"2019-12-23 01:52:14",663
"2019-12-23 02:51:53",663
"2019-12-23 03:52:09",663
"2019-12-23 04:52:26",663
"2019-12-23 05:51:53",663
"2019-12-23 06:51:50",663
"2019-12-23 07:51:17",663
"2019-12-23 08:51:24",663
"2019-12-23 09:51:00",663
"2019-12-23 10:51:05",663
"2019-12-23 11:51:26",663
"2019-12-23 12:51:30",663
"2019-12-23 14:12:22",663
"2019-12-23 14:53:28",663
"2019-12-23 15:52:22",663
"2019-12-23 16:52:07",662
"2019-12-23 17:52:27",663
"2019-12-23 18:52:19",662
"2019-12-23 19:52:26",662
"2019-12-23 20:52:32",662
"2019-12-23 21:52:10",662
"2019-12-23 22:51:57",662
"2019-12-23 23:52:09",662
"2019-12-24 00:51:38",662
"2019-12-24 01:51:49",662
"2019-12-24 02:52:19",662
"2019-12-24 03:52:24",662
"2019-12-24 04:52:24",662
"2019-12-24 05:51:44",662
"2019-12-24 06:52:12",662
"2019-12-24 07:51:16",662
"2019-12-24 08:51:42",662
"2019-12-24 09:51:22",662
"2019-12-24 10:51:01",662
"2019-12-24 11:51:19",662
"2019-12-24 12:51:13",662
"2019-12-24 13:51:22",662
"2019-12-24 14:53:19",662
"2019-12-24 15:52:01",661
"2019-12-24 16:51:45",660
"2019-12-24 17:51:54",659
"2019-12-24 18:51:34",659
"2019-12-24 20:51:26",659
"2019-12-24 21:51:24",659
"2019-12-24 22:52:22",659
"2019-12-24 23:51:43",659
"2019-12-25 00:51:50",659
"2019-12-25 01:51:16",659
"2019-12-25 02:51:16",659
"2019-12-25 03:51:51",659
"2019-12-25 04:52:01",659
"2019-12-25 05:51:58",659
"2019-12-25 06:51:48",659
"2019-12-25 07:51:43",659
"2019-12-25 08:52:01",659
"2019-12-25 09:51:23",659
"2019-12-25 10:51:11",659
"2019-12-25 11:51:09",659
"2019-12-25 12:51:03",659
"2019-12-25 13:51:20",659
"2019-12-25 14:51:40",659
"2019-12-25 15:51:59",659
"2019-12-25 16:51:34",659
"2019-12-25 17:51:58",659
"2019-12-25 18:51:28",659
"2019-12-25 19:51:18",659
"2019-12-25 20:51:24",659
"2019-12-25 21:51:30",659
"2019-12-25 22:51:35",659
"2019-12-26 00:51:44",659
"2019-12-26 01:52:05",659
"2019-12-26 02:52:12",659
"2019-12-26 03:52:18",659
"2019-12-26 04:52:19",659
"2019-12-26 05:51:46",659
"2019-12-26 06:52:00",659
"2019-12-26 07:51:49",659
"2019-12-26 08:51:14",659
"2019-12-26 09:51:12",659
"2019-12-26 10:51:15",659
"2019-12-26 11:51:04",659
"2019-12-26 12:50:59",659
"2019-12-26 13:51:43",659
"2019-12-26 14:52:39",659
"2019-12-26 15:52:19",659
"2019-12-26 16:52:00",659
"2019-12-26 17:52:43",659
"2019-12-26 18:51:53",659
"2019-12-26 19:51:54",659
"2019-12-26 20:52:52",659
"2019-12-26 21:52:12",660
"2019-12-26 23:52:02",660
"2019-12-27 00:51:38",660
"2019-12-27 01:52:28",660
"2019-12-27 02:52:43",660
"2019-12-27 03:51:54",660
"2019-12-27 04:52:25",660
"2019-12-27 05:52:29",660
"2019-12-27 06:52:28",660
"2019-12-27 07:51:41",660
"2019-12-27 08:51:59",660
"2019-12-27 09:51:12",660
"2019-12-27 10:51:06",660
"2019-12-27 11:51:13",660
"2019-12-27 12:51:15",660
"2019-12-27 14:12:19",660
"2019-12-27 14:52:41",660
"2019-12-27 15:52:20",658
"2019-12-27 16:51:57",657
"2019-12-27 17:52:04",656
"2019-12-27 18:52:20",656
"2019-12-27 19:52:51",656
"2019-12-27 20:52:03",657
"2019-12-27 21:52:37",657
"2019-12-27 22:52:20",657
"2019-12-27 23:51:30",657
"2019-12-28 00:52:10",657
"2019-12-28 01:51:53",657
"2019-12-28 02:51:46",657
"2019-12-28 03:51:45",657
"2019-12-28 04:51:59",657
"2019-12-28 05:52:14",657
"2019-12-28 06:52:12",657
"2019-12-28 07:51:51",657
"2019-12-28 08:52:04",657
"2019-12-28 09:51:20",657
"2019-12-28 10:51:40",657
"2019-12-28 11:51:15",657
"2019-12-28 12:51:06",657
"2019-12-28 13:51:25",657
"2019-12-28 14:52:06",657
"2019-12-28 15:52:16",657
"2019-12-28 16:51:54",657
"2019-12-28 17:52:12",657
"2019-12-28 18:51:45",657
"2019-12-28 19:51:44",657
"2019-12-28 20:52:19",657
"2019-12-28 21:51:38",657
"2019-12-28 22:51:43",657
"2019-12-28 23:51:55",657
"2019-12-29 00:51:45",657
"2019-12-29 01:52:24",657
"2019-12-29 02:52:03",657
"2019-12-29 03:52:34",657
"2019-12-29 05:52:23",657
"2019-12-29 06:52:19",657
"2019-12-29 07:51:30",657
"2019-12-29 08:52:02",657
"2019-12-29 09:51:28",657
"2019-12-29 10:51:33",657
"2019-12-29 11:51:12",657
"2019-12-29 12:51:17",657
"2019-12-29 13:51:35",657
"2019-12-29 14:51:55",657
"2019-12-29 15:52:11",657
"2019-12-29 16:51:56",657
"2019-12-29 17:51:31",657
"2019-12-29 18:52:05",657
"2019-12-29 19:52:02",657
"2019-12-29 20:51:35",657
"2019-12-29 21:52:58",657
"2019-12-29 22:51:41",657
"2019-12-29 23:51:44",657
"2019-12-30 00:51:30",657
"2019-12-30 01:52:20",657
"2019-12-30 02:52:50",657
"2019-12-30 03:51:40",657
"2019-12-30 04:52:22",657
"2019-12-30 05:51:59",657
"2019-12-30 06:51:25",657
"2019-12-30 07:51:08",657
"2019-12-30 08:51:42",657
"2019-12-30 09:51:44",657
"2019-12-30 10:51:04",657
"2019-12-30 11:51:38",657
"2019-12-30 12:51:21",657
"2019-12-30 14:12:16",657
"2019-12-30 14:53:30",657
"2019-12-30 15:52:15",657
"2019-12-30 16:52:03",652
"2019-12-30 17:52:01",651
"2019-12-30 18:52:17",651
"2019-12-30 19:52:18",651
"2019-12-30 20:51:57",650
"2019-12-30 21:51:44",650
"2019-12-30 23:51:43",650
"2019-12-31 00:51:44",650
"2019-12-31 01:51:51",650
"2019-12-31 02:52:00",650
"2019-12-31 03:52:12",650
"2019-12-31 04:51:35",650
"2019-12-31 05:51:32",650
"2019-12-31 06:51:44",650
"2019-12-31 07:51:42",650
"2019-12-31 08:51:54",650
"2019-12-31 09:51:45",650
"2019-12-31 10:52:03",650
"2019-12-31 11:51:48",650
"2019-12-31 12:51:27",650
"2019-12-31 14:13:20",650
"2019-12-31 14:53:11",650
"2019-12-31 15:52:53",650
"2019-12-31 16:51:57",650
"2019-12-31 17:51:57",649
"2019-12-31 18:51:58",649
"2019-12-31 19:52:08",649
"2019-12-31 20:51:49",647
"2019-12-31 21:51:43",647
"2019-12-31 22:51:41",647
"2019-12-31 23:51:41",647
"2020-01-01 00:51:30",647
"2020-01-01 01:51:31",647
"2020-01-01 02:51:45",647
"2020-01-01 03:51:54",647
"2020-01-01 04:51:17",647
"2020-01-01 05:52:18",647
"2020-01-01 06:52:07",647
"2020-01-01 07:51:51",647
"2020-01-01 08:51:28",647
"2020-01-01 09:51:06",647
"2020-01-01 10:51:00",647
"2020-01-01 11:51:13",647
"2020-01-01 12:51:22",647
"2020-01-01 13:51:19",647
"2020-01-01 14:51:22",647
"2020-01-01 15:51:29",647
"2020-01-01 16:51:39",647
"2020-01-01 17:51:40",647
"2020-01-01 18:51:45",647
"2020-01-01 19:51:37",647
"2020-01-01 20:51:50",647
"2020-01-01 21:51:49",647
"2020-01-01 22:52:05",647
"2020-01-01 23:52:19",647
"2020-01-02 00:52:31",647
"2020-01-02 01:52:20",647
"2020-01-02 02:52:57",647
"2020-01-02 03:52:15",647
"2020-01-02 04:51:46",647
"2020-01-02 05:51:37",647
"2020-01-02 06:51:34",647
"2020-01-02 07:51:29",647
"2020-01-02 08:51:45",647
"2020-01-02 09:51:20",647
"2020-01-02 10:51:14",647
"2020-01-02 11:51:26",647
"2020-01-02 12:51:32",647
"2020-01-02 14:13:48",647
"2020-01-02 14:54:03",647
"2020-01-02 15:52:39",648
"2020-01-02 16:52:20",647
"2020-01-02 17:52:25",648
"2020-01-02 18:52:34",648
"2020-01-02 19:52:22",649
"2020-01-02 20:52:42",649
"2020-01-02 21:51:51",650
"2020-01-02 22:52:46",650
"2020-01-02 23:51:40",650
"2020-01-03 00:52:15",650
"2020-01-03 01:52:00",650
"2020-01-03 02:52:25",650
"2020-01-03 03:52:03",650
"2020-01-03 04:51:58",650
"2020-01-03 05:52:03",650
"2020-01-03 06:52:07",650
"2020-01-03 07:51:51",650
"2020-01-03 08:52:11",650
"2020-01-03 09:51:37",650
"2020-01-03 10:51:32",650
"2020-01-03 11:51:31",650
"2020-01-03 12:51:18",650
"2020-01-03 14:13:47",650
"2020-01-03 14:57:01",650
"2020-01-03 15:52:11",651
"2020-01-03 16:52:22",651
"2020-01-03 17:53:02",652
"2020-01-03 18:52:12",651
"2020-01-03 19:52:01",652
"2020-01-03 20:52:28",652
"2020-01-03 21:51:38",652
"2020-01-03 22:51:50",652
"2020-01-03 23:51:54",652
"2020-01-04 00:51:55",652
"2020-01-04 01:51:45",652
"2020-01-04 02:51:47",652
"2020-01-04 03:52:36",652
"2020-01-04 04:52:05",652
"2020-01-04 05:51:52",652
"2020-01-04 06:51:47",652
"2020-01-04 07:51:23",652
"2020-01-04 08:51:40",652
"2020-01-04 09:51:04",652
"2020-01-04 10:51:15",652
"2020-01-04 11:51:00",652
"2020-01-04 12:51:33",652
"2020-01-04 13:51:33",652
"2020-01-04 14:51:40",652
"2020-01-04 15:52:02",652
"2020-01-04 16:51:58",652
"2020-01-04 17:52:14",652
"2020-01-04 19:52:03",652
"2020-01-04 20:52:12",652
"2020-01-04 21:52:34",652
"2020-01-04 22:52:14",652
"2020-01-04 23:52:20",652
"2020-01-05 00:51:32",652
"2020-01-05 01:53:04",652
"2020-01-05 02:52:28",652
"2020-01-05 03:52:03",652
"2020-01-05 04:51:41",652
"2020-01-05 05:51:43",652
"2020-01-05 06:51:36",652
"2020-01-05 07:51:24",652
"2020-01-05 08:51:10",652
"2020-01-05 09:51:06",652
"2020-01-05 10:51:01",652
"2020-01-05 11:51:34",652
"2020-01-05 12:51:04",652
"2020-01-05 13:51:38",652
"2020-01-05 14:51:23",652
"2020-01-05 15:51:14",652
"2020-01-05 16:51:48",652
"2020-01-05 17:53:20",652
"2020-01-05 18:52:07",652
"2020-01-05 20:51:55",652
"2020-01-05 21:52:12",652
"2020-01-05 22:51:42",652
"2020-01-05 23:51:55",652
"2020-01-06 00:51:57",652
"2020-01-06 01:52:00",652
"2020-01-06 02:52:38",652
"2020-01-06 03:52:34",652
"2020-01-06 04:52:50",652
"2020-01-06 05:52:20",652
"2020-01-06 06:52:10",652
"2020-01-06 07:51:30",652
"2020-01-06 08:51:39",652
"2020-01-16 06:51:19",644
"2020-01-16 07:51:16",644
"2020-01-16 08:51:15",644
"2020-01-16 09:50:51",644
"2020-01-16 10:50:57",644
"2020-01-16 11:50:53",644
"2020-01-16 12:51:03",644
"2020-01-16 14:13:48",644
"2020-01-16 15:51:36",646
"2020-01-16 16:51:38",647
"2020-01-16 17:51:36",647
"2020-01-16 18:51:19",647
"2020-01-16 19:51:31",647
"2020-01-16 20:51:33",647
"2020-01-16 21:51:05",648
"2020-01-16 22:51:41",648
"2020-01-16 23:51:37",648
"2020-01-17 00:52:09",648
"2020-01-17 01:52:21",648
"2020-01-17 02:51:07",648
"2020-01-17 03:50:56",648
"2020-01-17 04:51:00",648
"2020-01-17 05:51:15",648
"2020-01-17 06:51:04",648
"2020-01-17 07:50:30",648
"2020-01-17 08:50:24",648
"2020-01-17 09:51:59",648
"2020-01-17 10:50:23",648
"2020-01-17 11:50:35",648
"2020-01-17 12:50:56",648
"2020-01-17 14:11:50",648
"2020-01-17 14:51:42",648
"2020-01-17 15:51:21",650
"2020-01-17 16:51:13",653
"2020-01-17 17:51:08",654
"2020-01-17 18:51:04",654
"2020-01-17 19:51:12",654
"2020-01-17 20:51:03",652
"2020-01-17 21:50:45",651
"2020-01-17 22:50:56",651
"2020-01-17 23:50:46",651
"2020-01-18 00:51:52",651
"2020-01-18 01:51:05",651
"2020-01-18 02:51:19",651
"2020-01-18 03:51:14",651
"2020-01-18 04:50:52",651
"2020-01-18 05:50:59",651
"2020-01-18 06:50:32",651
"2020-01-18 07:50:45",651
"2020-01-18 08:50:46",651
"2020-01-18 09:50:38",651
"2020-01-18 10:50:34",651
"2020-01-18 11:50:25",651
"2020-01-18 12:50:52",651
"2020-01-18 13:50:46",651
"2020-01-18 14:50:49",651
"2020-01-18 15:51:04",651
"2020-01-18 16:50:40",651
"2020-01-18 17:51:13",651
"2020-01-18 18:50:59",651
"2020-01-18 19:51:29",651
"2020-01-18 20:50:53",651
"2020-01-18 21:51:05",651
"2020-01-18 23:51:15",651
"2020-01-19 00:50:34",651
"2020-01-19 01:51:00",651
"2020-01-19 02:51:07",651
"2020-01-19 03:50:59",651
"2020-01-19 04:50:57",651
"2020-01-19 05:50:45",651
"2020-01-19 06:50:49",651
"2020-01-19 07:50:42",651
"2020-01-19 08:51:20",651
"2020-01-19 09:50:33",651
"2020-01-19 10:50:19",651
"2020-01-19 11:50:24",651
"2020-01-19 12:50:41",651
"2020-01-19 13:50:44",651
"2020-01-19 14:51:25",651
"2020-01-19 15:51:36",651
"2020-01-19 16:50:33",651
"2020-01-19 17:50:46",651
"2020-01-19 18:50:41",651
"2020-01-19 19:51:57",651
"2020-01-19 20:50:50",651
"2020-01-19 21:50:56",651
"2020-01-19 23:52:20",651
"2020-01-20 00:52:04",651
"2020-01-20 01:51:34",651
"2020-01-20 02:51:30",651
"2020-01-20 03:51:51",651
"2020-01-20 04:51:53",651
"2020-01-20 05:50:56",651
"2020-01-20 06:51:59",651
"2020-01-20 07:50:37",651
"2020-01-20 08:51:59",651
"2020-01-20 09:56:41",651
"2020-01-20 10:51:24",651
"2020-01-20 11:50:24",651
"2020-01-20 12:50:45",651
"2020-01-20 13:51:48",651
"2020-01-20 14:51:03",651
"2020-01-20 15:51:56",651
"2020-01-20 16:50:48",651
"2020-01-20 17:51:41",651
"2020-01-20 18:50:39",651
"2020-01-20 19:51:38",651
"2020-01-20 21:52:11",651
"2020-01-20 22:51:58",651
"2020-01-20 23:51:48",651
"2020-01-21 00:52:06",651
"2020-01-21 01:51:36",651
"2020-01-21 02:52:02",651
"2020-01-21 03:50:45",651
"2020-01-21 04:50:58",651
"2020-01-21 05:50:43",651
"2020-01-21 06:50:36",651
"2020-01-21 07:50:29",651
"2020-01-21 08:50:48",651
"2020-01-21 10:05:16",651
"2020-01-21 10:51:52",651
"2020-01-21 11:50:45",651
"2020-01-21 12:50:44",651
"2020-01-21 13:50:47",651
"2020-01-21 15:52:14",649
"2020-01-21 16:51:28",648
"2020-01-21 17:51:58",647
"2020-01-21 18:51:20",647
"2020-01-21 19:52:12",647
"2020-01-21 20:51:11",646
"2020-01-21 21:52:11",645
"2020-01-21 22:51:54",645
"2020-01-21 23:51:29",645
"2020-01-22 00:51:14",645
"2020-01-22 01:51:41",645
"2020-01-22 02:51:55",645
"2020-01-22 03:50:59",645
"2020-01-22 04:51:09",645
"2020-01-22 05:50:59",645
"2020-01-22 06:50:41",645
"2020-01-22 07:50:47",645
"2020-01-22 08:50:53",645
"2020-01-22 10:01:24",645
"2020-01-22 10:50:25",645
"2020-01-22 11:50:31",644
"2020-01-22 12:51:17",644
"2020-01-22 13:51:15",644
"2020-01-22 14:52:17",644
"2020-01-22 15:51:42",644
"2020-01-22 16:52:16",644
"2020-01-22 17:52:07",642
"2020-01-22 18:51:22",643
"2020-01-22 19:52:16",643
"2020-01-22 20:52:03",643
"2020-01-22 21:52:12",643
"2020-01-22 22:51:45",643
"2020-01-22 23:51:59",643
"2020-01-23 00:51:45",643
"2020-01-23 01:52:15",643
"2020-01-23 02:51:12",643
"2020-01-23 03:51:14",643
"2020-01-23 04:51:01",643
"2020-01-23 05:50:30",643
"2020-01-23 06:50:57",643
"2020-01-23 07:51:00",643
"2020-01-23 08:50:46",643
"2020-01-23 10:50:37",643
"2020-01-23 11:50:43",643
"2020-01-23 12:50:54",643
"2020-01-23 14:13:22",643
"2020-01-23 14:52:06",643
"2020-01-23 15:51:24",643
"2020-01-23 16:51:15",642
"2020-01-23 17:50:57",642
"2020-01-23 18:51:25",642
"2020-01-23 19:51:01",643
"2020-01-23 20:51:22",643
"2020-01-23 21:51:25",642
"2020-01-23 22:50:51",642
"2020-01-23 23:50:48",642
"2020-01-24 00:50:54",642
"2020-01-24 01:51:12",642
"2020-01-24 02:51:51",642
"2020-01-24 03:50:46",642
"2020-01-24 04:50:59",642
"2020-01-24 05:51:16",642
"2020-01-24 06:50:27",642
"2020-01-24 07:51:05",642
"2020-01-24 08:50:32",642
"2020-01-24 09:59:30",642
"2020-01-24 10:50:51",642
"2020-01-24 11:50:34",642
"2020-01-24 12:50:44",642
"2020-01-24 14:12:21",642
"2020-01-24 14:51:35",642
"2020-01-24 15:51:35",643
"2020-01-24 16:51:13",642
"2020-01-24 17:51:04",642
"2020-01-24 18:50:58",643
"2020-01-24 19:51:18",644
"2020-01-24 20:51:26",645
"2020-01-24 21:50:49",645
"2020-01-24 22:50:48",645
"2020-01-24 23:50:53",645
"2020-01-25 00:50:53",645
"2020-01-25 01:50:56",645
"2020-01-25 02:51:26",645
"2020-01-25 03:51:22",645
"2020-01-25 04:50:47",645
"2020-01-25 05:51:00",645
"2020-01-25 07:50:54",645
"2020-01-25 08:50:54",645
"2020-01-25 09:59:55",645
"2020-01-25 10:50:27",645
"2020-01-25 11:50:35",645
"2020-01-25 12:50:48",645
"2020-01-25 14:50:55",645
"2020-01-25 15:50:43",645
"2020-01-25 16:50:59",645
"2020-01-25 17:50:53",645
"2020-01-25 18:50:56",645
"2020-01-25 19:50:55",645
"2020-01-25 20:50:50",645
"2020-01-25 21:50:47",645
"2020-01-25 22:50:53",645
"2020-01-25 23:50:51",645
"2020-01-26 00:51:05",645
"2020-01-26 01:50:47",645
"2020-01-26 02:51:02",645
"2020-01-26 03:50:54",645
"2020-01-26 04:50:41",645
"2020-01-26 06:50:24",645
"2020-01-26 07:50:26",645
"2020-01-27 02:51:09",645
"2020-01-27 03:51:01",645
"2020-01-27 04:50:58",645
"2020-01-27 05:51:02",645
"2020-01-27 06:50:59",645
"2020-01-27 07:50:48",645
"2020-01-27 08:50:51",645
"2020-01-27 09:51:09",645
"2020-01-27 10:50:49",645
"2020-01-27 11:50:53",645
"2020-01-27 12:50:12",645
"2020-01-27 13:51:11",645
"2020-01-27 14:52:46",645
"2020-01-27 15:51:46",643
"2020-01-27 16:51:25",642
"2020-01-27 17:51:36",642
"2020-01-27 18:51:33",643
"2020-01-27 19:51:44",643
"2020-01-27 20:51:33",643
"2020-01-27 21:51:34",643
"2020-01-27 22:52:21",643
"2020-01-27 23:51:43",643
"2020-01-28 00:50:51",643
"2020-01-28 01:51:42",643
"2020-01-28 02:51:40",643
"2020-01-28 03:51:12",643
"2020-01-28 04:51:23",643
"2020-01-28 05:51:00",643
"2020-01-28 06:50:29",643
"2020-01-28 07:50:46",643
"2020-01-28 08:51:04",643
"2020-01-28 09:51:39",643
"2020-01-28 10:50:51",643
"2020-01-28 11:50:39",643
"2020-01-28 12:50:50",643
"2020-01-28 14:12:55",643
"2020-01-28 14:52:24",643
"2020-01-28 15:51:33",642
"2020-01-28 16:51:54",643
"2020-01-28 17:51:19",642
"2020-01-28 18:51:35",642
"2020-01-28 19:51:24",642
"2020-01-28 21:52:15",641
"2020-01-28 22:51:32",641
"2020-01-28 23:51:09",641
"2020-01-29 00:51:08",641
"2020-01-29 01:51:38",641
"2020-01-29 02:52:02",641
"2020-01-29 03:51:20",641
"2020-01-29 04:51:31",641
"2020-01-29 05:51:29",641
"2020-01-29 06:51:14",641
"2020-01-29 07:50:47",641
"2020-01-29 08:51:02",641
"2020-01-29 09:51:10",641
"2020-01-29 10:50:31",641
"2020-01-29 11:50:46",641
"2020-01-29 12:51:01",641
"2020-01-29 13:51:30",641
"2020-01-29 14:52:20",641
"2020-01-29 15:51:47",641
"2020-01-29 16:51:43",641
"2020-01-29 17:52:13",641
"2020-01-29 18:51:50",641
"2020-01-29 19:51:54",641
"2020-01-29 20:51:47",641
"2020-01-29 21:51:39",641
"2020-01-29 22:51:18",641
"2020-01-29 23:51:06",641
"2020-01-30 00:51:24",641
"2020-01-30 01:51:38",641
"2020-01-30 02:51:35",641
"2020-01-30 03:51:18",641
"2020-01-30 04:51:52",641
"2020-01-30 05:51:56",641
"2020-01-30 06:51:09",641
"2020-01-30 07:50:46",641
"2020-01-30 08:51:04",641
"2020-01-30 09:51:06",641
"2020-01-30 10:50:29",641
"2020-01-30 11:50:54",641
"2020-01-30 12:50:55",641
"2020-01-30 13:51:05",641
"2020-01-30 14:52:14",642
"2020-01-30 15:51:52",642
"2020-01-30 16:51:58",641
"2020-01-30 17:51:46",641
"2020-01-30 18:51:40",641
"2020-01-30 19:51:56",640
"2020-01-30 20:51:13",640
"2020-01-30 21:51:41",640
"2020-01-30 22:50:48",640
"2020-01-30 23:50:58",640
"2020-01-31 00:51:05",640
"2020-01-31 01:51:40",640
"2020-01-31 02:51:17",640
"2020-01-31 03:51:30",640
"2020-01-31 04:51:15",640
"2020-01-31 05:50:58",640
"2020-01-31 06:50:47",640
"2020-01-31 07:51:06",640
"2020-01-31 08:51:20",640
"2020-01-31 09:51:29",640
"2020-01-31 10:50:55",640
"2020-01-31 11:50:52",640
"2020-01-31 12:50:49",640
"2020-01-31 13:51:13",640
"2020-01-31 14:51:41",640
"2020-01-31 15:51:30",640
"2020-01-31 16:51:24",640
"2020-01-31 17:51:19",639
"2020-01-31 18:51:16",638
"2020-01-31 19:51:40",639
"2020-01-31 20:51:26",640
"2020-01-31 21:50:52",640
"2020-01-31 22:50:52",640
"2020-01-31 23:50:58",640
"2020-02-01 00:50:47",640
"2020-02-01 01:51:44",640
"2020-02-01 02:51:16",640
"2020-02-01 03:51:02",640
"2020-02-01 04:51:06",640
"2020-02-01 05:51:19",640
"2020-02-01 06:51:33",640
"2020-02-01 07:50:51",640
"2020-02-01 08:51:03",640
"2020-02-01 09:51:14",640
"2020-02-01 10:50:34",640
"2020-02-01 11:50:58",640
"2020-02-01 12:50:39",640
"2020-02-01 13:50:56",640
"2020-02-01 14:51:10",640
"2020-02-01 15:51:11",640
"2020-02-01 16:50:59",640
"2020-02-01 17:51:14",640
"2020-02-01 18:51:04",640
"2020-02-01 19:51:10",640
"2020-02-01 20:51:17",640
"2020-02-01 21:51:36",640
"2020-02-01 22:51:28",640
"2020-02-01 23:51:37",640
"2020-02-02 00:51:32",640
"2020-02-02 01:51:37",640
"2020-02-02 02:51:26",640
"2020-02-02 03:51:30",640
"2020-02-02 04:51:15",640
"2020-02-02 05:51:19",640
"2020-02-02 06:51:13",640
"2020-02-02 07:51:16",640
"2020-02-02 08:51:19",640
"2020-02-02 09:51:05",640
"2020-02-02 10:50:59",640
"2020-02-02 11:51:10",640
"2020-02-02 12:51:16",640
"2020-02-02 13:51:28",640
"2020-02-02 14:51:11",640
"2020-02-02 15:51:13",640
"2020-02-02 16:51:30",640
"2020-02-02 17:51:45",640
"2020-02-02 18:51:12",640
"2020-02-02 19:51:28",640
"2020-02-02 20:51:33",640
"2020-02-02 21:51:21",640
"2020-02-02 22:51:26",640
"2020-02-02 23:51:41",640
"2020-02-03 00:52:16",640
"2020-02-03 01:51:49",640
"2020-02-03 02:51:39",640
"2020-02-03 03:51:47",640
"2020-02-03 04:51:44",640
"2020-02-03 05:51:35",640
"2020-02-03 06:51:16",640
"2020-02-03 07:51:11",640
"2020-02-03 08:51:19",640
"2020-02-03 09:51:21",640
"2020-02-03 10:51:02",640
"2020-02-03 11:51:04",640
"2020-02-03 12:50:51",640
"2020-02-03 14:49:35",640
"2020-02-03 14:57:20",640
"2020-02-03 15:52:08",640
"2020-02-03 16:51:50",640
"2020-02-03 17:51:56",640
"2020-02-03 18:51:53",640
"2020-02-03 19:51:41",640
"2020-02-03 20:51:43",640
"2020-02-03 21:51:39",640
"2020-02-03 22:51:33",640
"2020-02-03 23:51:40",640
"2020-02-04 00:51:35",640
"2020-02-04 01:51:49",640
"2020-02-04 02:51:49",640
"2020-02-04 03:51:57",640
"2020-02-04 04:51:54",640
"2020-02-04 05:52:02",640
"2020-02-04 06:51:26",640
"2020-02-04 07:51:41",640
"2020-02-04 08:50:59",640
"2020-02-04 09:51:39",640
"2020-02-04 10:51:05",640
"2020-02-04 11:51:27",640
"2020-02-04 12:51:32",640
"2020-02-04 14:16:29",640
"2020-02-04 15:52:04",639
"2020-02-04 16:51:55",639
"2020-02-04 17:51:53",638
"2020-02-04 18:51:35",638
"2020-02-04 19:51:44",638
"2020-02-04 20:51:42",640
"2020-02-04 21:51:40",639
"2020-02-04 22:51:33",639
"2020-02-04 23:51:39",639
"2020-02-05 00:51:53",639
"2020-02-05 01:51:33",639
"2020-02-05 02:51:55",639
"2020-02-05 03:51:50",639
"2020-02-05 04:52:53",639
"2020-02-05 05:51:31",639
"2020-02-05 06:51:41",639
"2020-02-05 07:51:37",639
"2020-02-05 08:51:22",639
"2020-02-05 09:51:14",639
"2020-02-05 10:51:32",639
"2020-02-05 11:51:21",639
"2020-02-05 12:51:35",639
"2020-02-05 14:10:30",639
"2020-02-05 14:52:27",639
"2020-02-05 15:52:14",638
"2020-02-05 16:52:02",637
"2020-02-05 17:51:49",637
"2020-02-05 18:51:53",638
"2020-02-05 19:52:01",638
"2020-02-05 20:52:01",638
"2020-02-05 21:51:34",638
"2020-02-05 22:51:42",638
"2020-02-05 23:51:33",638
"2020-02-06 00:51:48",638
"2020-02-06 01:51:49",638
"2020-02-06 02:52:01",638
"2020-02-06 03:52:17",638
"2020-02-06 04:51:58",638
"2020-02-06 05:51:50",638
"2020-02-06 06:51:32",638
"2020-02-06 07:51:46",638
"2020-02-06 08:51:32",638
"2020-02-06 09:51:21",638
"2020-02-06 10:51:22",638
"2020-02-06 11:51:18",638
"2020-02-06 12:51:15",638
"2020-02-06 13:51:25",638
"2020-02-06 14:52:21",638
"2020-02-06 15:52:16",637
"2020-02-06 16:51:57",639
"2020-02-06 17:51:58",637
"2020-02-06 18:51:50",636
"2020-02-06 19:51:54",634
"2020-02-06 20:51:54",634
"2020-02-06 21:51:37",634
"2020-02-06 22:51:50",634
"2020-02-06 23:51:35",634
"2020-02-07 00:51:54",634
"2020-02-07 01:51:55",634
"2020-02-07 02:51:29",634
"2020-02-07 03:51:55",634
"2020-02-07 04:51:38",634
"2020-02-07 05:51:55",634
"2020-02-07 06:51:55",634
"2020-02-07 07:51:48",634
"2020-02-07 08:51:34",634
"2020-02-07 09:51:44",634
"2020-02-07 10:51:22",634
"2020-02-07 11:51:24",634
"2020-02-07 12:51:39",634
"2020-02-07 14:11:59",634
"2020-02-07 14:52:17",634
"2020-02-07 15:52:00",636
"2020-02-07 16:52:03",637
"2020-02-07 17:52:13",639
"2020-02-07 18:51:55",638
"2020-02-07 19:51:53",639
"2020-02-07 20:52:05",639
"2020-02-07 21:51:38",639
"2020-02-07 22:51:52",639
"2020-02-07 23:51:17",639
"2020-02-08 00:51:29",639
"2020-02-08 01:51:26",639
"2020-02-08 02:51:44",639
"2020-02-08 03:51:33",639
"2020-02-08 04:51:48",639
"2020-02-08 05:51:35",639
"2020-02-08 06:51:27",639
"2020-02-08 07:51:31",639
"2020-02-08 08:51:16",639
"2020-02-08 09:51:21",639
"2020-02-08 10:51:03",639
"2020-02-08 11:51:11",639
"2020-02-08 12:51:17",639
"2020-02-08 13:51:08",639
"2020-02-08 14:51:54",639
"2020-02-08 15:51:29",639
"2020-02-08 16:51:34",639
"2020-02-08 17:51:33",639
"2020-02-08 18:54:26",639
"2020-02-08 19:51:23",639
"2020-02-08 20:51:28",639
"2020-02-08 21:51:38",639
"2020-02-08 22:51:46",639
"2020-02-08 23:51:28",639
"2020-02-09 00:51:17",639
"2020-02-09 01:51:40",639
"2020-02-09 02:51:33",639
"2020-02-09 03:51:34",639
"2020-02-09 04:51:25",639
"2020-02-09 05:51:30",639
"2020-02-09 06:51:21",639
"2020-02-09 07:51:28",639
"2020-02-09 08:51:18",639
"2020-02-09 09:51:26",639
"2020-02-09 10:51:26",639
"2020-02-09 11:51:35",639
"2020-02-09 12:51:19",639
"2020-02-09 13:51:24",639
"2020-02-09 14:51:26",639
"2020-02-09 15:51:33",639
"2020-02-09 16:51:20",639
"2020-02-09 17:51:39",639
"2020-02-09 18:51:35",639
"2020-02-09 19:51:33",639
"2020-02-09 20:51:30",639
"2020-02-09 21:51:52",639
"2020-02-09 22:51:29",639
"2020-02-09 23:52:31",639
"2020-02-10 00:51:41",639
"2020-02-10 01:51:52",639
"2020-02-10 02:51:33",639
"2020-02-10 03:51:29",639
"2020-02-10 04:51:38",639
"2020-02-10 05:51:41",639
"2020-02-10 06:51:32",639
"2020-02-10 07:51:32",639
"2020-02-10 08:51:28",639
"2020-02-10 09:51:43",639
"2020-02-10 10:51:26",639
"2020-02-10 11:51:28",639
"2020-02-10 12:51:13",639
"2020-02-10 13:51:29",639
"2020-02-10 14:52:05",639
"2020-02-10 15:52:11",637
"2020-02-10 16:52:04",637
"2020-02-10 17:51:48",637
"2020-02-10 18:51:51",636
"2020-02-10 19:51:59",636
"2020-02-10 20:52:14",636
"2020-02-10 21:51:51",636
"2020-02-10 22:51:36",636
"2020-02-10 23:51:36",636
"2020-02-11 00:51:41",636
"2020-02-11 01:52:10",636
"2020-02-11 02:51:47",636
"2020-02-11 03:51:38",636
"2020-02-11 04:51:55",636
"2020-02-11 05:51:48",636
"2020-02-11 06:51:32",636
"2020-02-11 07:51:29",636
"2020-02-11 08:51:35",636
"2020-02-11 09:51:32",636
"2020-02-11 10:51:15",636
"2020-02-11 11:51:27",636
"2020-02-11 12:51:09",636
"2020-02-11 14:12:27",636
"2020-02-11 14:52:18",636
"2020-02-11 15:52:04",635
"2020-02-11 16:52:02",634
"2020-02-11 17:51:57",635
"2020-02-11 18:51:54",636
"2020-02-11 19:51:47",637
"2020-02-11 20:52:09",638
"2020-02-11 21:56:26",638
"2020-02-11 22:52:12",638
"2020-02-11 23:51:47",638
"2020-02-12 00:52:21",638
"2020-02-12 01:51:50",638
"2020-02-12 02:52:28",638
"2020-02-12 03:51:44",638
"2020-02-12 04:51:43",638
"2020-02-12 05:51:28",638
"2020-02-12 06:51:31",638
"2020-02-12 07:51:24",638
"2020-02-12 08:51:31",638
"2020-02-12 09:51:47",638
"2020-02-12 10:51:23",638
"2020-02-12 11:51:19",638
"2020-02-12 12:51:23",638
"2020-02-12 14:12:29",638
"2020-02-12 14:52:20",638
"2020-02-12 15:52:03",637
"2020-02-12 16:51:55",638
"2020-02-12 17:52:02",637
"2020-02-12 18:51:57",639
"2020-02-12 19:51:48",638
"2020-02-12 20:51:58",639
"2020-02-12 21:51:48",639
"2020-02-12 22:51:09",639
"2020-02-12 23:50:45",639
"2020-02-13 00:51:33",639
"2020-02-13 01:51:20",639
"2020-02-13 02:52:10",639
"2020-02-13 03:52:02",639
"2020-02-13 04:51:36",639
"2020-02-13 05:51:34",639
"2020-02-13 06:51:37",639
"2020-02-13 07:51:14",639
"2020-02-13 08:51:21",639
"2020-02-13 09:51:05",639
"2020-02-13 10:50:46",639
"2020-02-13 11:51:33",639
"2020-02-13 12:51:02",639
"2020-02-13 14:12:23",639
"2020-02-13 14:51:52",639
"2020-02-13 15:51:46",638
"2020-02-13 16:51:38",639
"2020-02-13 17:52:05",640
"2020-02-13 18:52:04",639
"2020-02-13 19:51:50",638
"2020-02-13 20:51:24",636
"2020-02-13 21:51:50",636
"2020-02-13 22:51:15",636
"2020-02-13 23:51:06",636
"2020-02-14 00:51:01",636
"2020-02-14 01:51:27",636
"2020-02-14 02:51:43",636
"2020-02-14 03:51:20",636
"2020-02-14 04:51:22",636
"2020-02-14 05:51:31",636
"2020-02-14 06:50:51",636
"2020-02-14 07:50:41",636
"2020-02-14 08:51:13",636
"2020-02-14 09:50:51",636
"2020-02-14 10:51:05",636
"2020-02-14 11:50:50",636
"2020-02-14 12:51:06",636
"2020-02-14 13:51:09",636
"2020-02-14 14:51:45",636
"2020-02-14 15:52:11",638
"2020-02-14 16:51:26",638
"2020-02-14 17:51:19",639
"2020-02-14 18:51:23",640
"2020-02-14 19:51:27",639
"2020-02-14 20:51:50",641
"2020-02-14 21:51:14",641
"2020-02-14 22:51:06",641
"2020-02-14 23:51:34",641
"2020-02-15 00:51:07",641
"2020-02-15 01:51:22",641
"2020-02-15 02:51:32",641
"2020-02-15 03:51:26",641
"2020-02-15 04:51:14",641
"2020-02-15 05:50:01",641
"2020-02-15 06:50:13",641
"2020-02-15 07:50:03",641
"2020-02-15 08:50:03",641
"2020-02-15 09:50:09",641
"2020-02-15 10:49:55",641
"2020-02-15 11:50:01",641
"2020-02-15 12:50:10",641
"2020-02-15 13:50:00",641
"2020-02-15 14:50:09",641
"2020-02-15 15:50:06",641
"2020-02-15 16:50:03",641
"2020-02-15 17:49:58",641
"2020-02-15 18:50:26",641
"2020-02-15 19:50:00",641
"2020-02-15 20:50:04",641
"2020-02-15 21:49:59",641
"2020-02-15 22:50:00",641
"2020-02-15 23:50:01",641
"2020-02-16 00:50:00",641
"2020-02-16 01:50:00",641
"2020-02-16 02:50:08",641
"2020-02-16 03:50:01",641
"2020-02-16 04:50:05",641
"2020-02-16 05:50:02",641
"2020-02-16 06:49:58",641
"2020-02-16 07:49:59",641
"2020-02-16 08:49:57",641
"2020-02-16 09:50:06",641
"2020-02-16 10:49:58",641
"2020-02-16 11:49:58",641
"2020-02-16 12:50:03",641
"2020-02-16 13:49:58",641
"2020-02-16 14:50:06",641
"2020-02-16 15:50:29",641
"2020-02-16 16:50:14",641
"2020-02-16 17:50:01",641
"2020-02-16 18:50:05",641
"2020-02-16 19:50:00",641
"2020-02-16 20:50:01",641
"2020-02-16 21:49:59",641
"2020-02-16 22:50:02",641
"2020-02-16 23:50:02",641
"2020-02-17 00:49:59",641
"2020-02-17 01:49:59",641
"2020-02-17 02:50:04",641
"2020-02-17 03:50:04",641
"2020-02-17 04:50:00",641
"2020-02-17 05:50:00",641
"2020-02-17 06:50:03",641
"2020-02-17 07:49:55",641
"2020-02-17 08:50:02",641
"2020-02-17 09:50:07",641
"2020-02-17 10:49:58",641
"2020-02-17 11:49:54",641
"2020-02-17 12:50:14",641
"2020-02-17 13:49:55",641
"2020-02-17 14:49:52",641
"2020-02-17 15:49:58",641
"2020-02-17 16:50:24",641
"2020-02-17 17:49:58",641
"2020-02-17 18:50:04",641
"2020-02-17 19:49:55",641
"2020-02-17 20:49:55",641
"2020-02-17 22:50:23",641
"2020-02-17 23:50:30",641
"2020-02-18 00:49:53",641
"2020-02-18 01:50:04",641
"2020-02-18 02:50:06",641
"2020-02-18 03:50:08",641
"2020-02-18 04:50:01",641
"2020-02-18 05:51:12",641
"2020-02-18 06:50:37",641
"2020-02-18 07:51:01",641
"2020-02-18 08:51:08",641
"2020-02-18 09:51:03",641
"2020-02-18 10:50:58",641
"2020-02-18 11:50:53",641
"2020-02-18 12:51:36",641
"2020-02-18 14:12:53",640
"2020-02-18 14:52:03",640
"2020-02-18 15:51:48",636
"2020-02-18 16:51:45",636
"2020-02-18 18:51:38",635
"2020-02-18 19:51:36",636
"2020-02-18 20:51:17",636
"2020-02-18 21:51:06",637
"2020-02-18 22:50:57",637
"2020-02-18 23:51:14",637
"2020-02-19 01:51:02",637
"2020-02-19 02:51:27",637
"2020-02-19 03:51:23",637
"2020-02-19 04:51:27",637
"2020-02-19 05:50:52",637
"2020-02-19 06:51:31",637
"2020-02-19 07:51:14",637
"2020-02-19 08:51:00",637
"2020-02-19 09:51:28",637
"2020-02-19 10:50:45",637
"2020-02-19 11:50:45",637
"2020-02-19 12:50:59",637
"2020-02-19 14:14:24",637
"2020-02-19 14:52:02",637
"2020-02-19 15:51:41",638
"2020-02-19 16:51:17",637
"2020-02-19 17:51:32",637
"2020-02-19 18:51:21",636
"2020-02-19 19:51:13",637
"2020-02-19 20:51:28",637
"2020-02-19 21:51:56",636
"2020-02-19 22:51:25",636
"2020-02-19 23:51:11",636
"2020-02-20 00:51:37",636
"2020-02-20 01:51:30",636
"2020-02-20 02:51:36",636
"2020-02-20 03:51:35",636
"2020-02-20 04:51:36",636
"2020-02-20 05:51:40",636
"2020-02-20 06:52:03",636
"2020-02-20 07:51:51",636
"2020-02-20 08:51:56",636
"2020-02-20 09:51:17",636
"2020-02-20 10:51:15",636
"2020-02-20 11:51:33",636
"2020-02-20 12:51:41",636
"2020-02-20 13:51:51",636
"2020-02-20 14:50:51",636
"2020-02-20 15:51:03",637
"2020-02-20 16:50:36",636
"2020-02-20 17:51:38",635
"2020-02-20 18:52:07",636
"2020-02-20 19:52:38",636
"2020-02-20 20:52:17",634
"2020-02-20 21:52:14",633
"2020-02-20 22:52:22",633
"2020-02-20 23:51:50",633
"2020-02-21 01:52:09",633
"2020-02-21 02:52:26",633
"2020-02-21 03:53:06",633
"2020-02-21 04:53:10",633
"2020-02-21 05:52:19",633
"2020-02-21 06:52:16",633
"2020-02-21 07:52:25",633
"2020-02-21 08:51:58",633
"2020-02-21 09:53:07",633
"2020-02-21 10:54:05",633
"2020-02-21 11:53:09",633
"2020-02-21 12:52:45",633
"2020-02-21 13:53:05",633
"2020-02-21 14:53:10",633
"2020-02-21 15:53:39",634
"2020-02-21 16:54:30",633
"2020-02-21 17:54:02",633
"2020-02-21 18:53:22",631
"2020-02-21 19:52:19",631
"2020-02-21 20:52:22",632
"2020-02-21 21:53:30",631
"2020-02-21 22:52:36",631
"2020-02-21 23:56:05",631
"2020-02-22 00:53:45",631
"2020-02-22 01:52:42",631
"2020-02-22 02:52:36",631
"2020-02-22 03:53:57",631
"2020-02-22 04:52:57",631
"2020-02-22 05:51:42",631
"2020-02-22 06:50:40",631
"2020-02-22 07:51:31",631
"2020-02-22 08:52:29",631
"2020-02-22 09:50:44",631
"2020-02-22 10:51:16",631
"2020-02-22 11:50:47",631
"2020-02-22 12:51:52",631
"2020-02-22 13:54:41",631
"2020-02-22 14:50:46",631
"2020-02-22 15:51:06",631
"2020-02-22 16:53:18",631
"2020-02-22 17:52:06",631
"2020-02-22 18:50:56",631
"2020-02-22 19:50:50",631
"2020-02-22 20:51:50",631
"2020-02-22 21:53:50",631
"2020-02-22 22:52:25",631
"2020-02-22 23:50:47",631
"2020-02-23 00:51:03",631
"2020-02-23 01:51:13",631
"2020-02-23 02:51:38",631
"2020-02-23 03:51:00",631
"2020-02-23 04:51:51",631
"2020-02-23 05:51:51",631
"2020-02-23 06:51:06",631
"2020-02-23 07:51:12",631
"2020-02-23 08:52:31",631
"2020-02-23 09:50:56",631
"2020-02-23 10:51:07",631
"2020-02-23 11:51:12",631
"2020-02-23 12:51:05",631
"2020-02-23 13:51:06",631
"2020-02-23 14:51:58",631
"2020-02-23 15:51:05",631
"2020-02-23 16:51:10",631
"2020-02-23 17:50:47",631
"2020-02-23 18:51:07",631
"2020-02-23 19:51:08",631
"2020-02-23 20:51:01",631
"2020-02-23 21:51:54",631
"2020-02-23 22:50:40",631
"2020-02-23 23:51:15",631
"2020-02-24 00:52:12",631
"2020-02-24 01:50:55",631
"2020-02-24 02:52:05",631
"2020-02-24 03:51:03",631
"2020-02-24 04:51:23",631
"2020-02-24 05:53:22",631
"2020-02-24 06:52:12",631
"2020-02-24 07:52:06",631
"2020-02-24 08:52:14",631
"2020-02-24 10:00:46",631
"2020-02-24 10:51:47",631
"2020-02-24 11:53:12",631
"2020-02-24 12:52:03",631
"2020-02-24 13:53:03",631
"2020-02-24 14:54:08",631
"2020-02-24 15:52:24",631
"2020-02-24 16:53:38",630
"2020-02-24 17:52:35",632
"2020-02-24 18:52:48",632
"2020-02-24 19:53:45",632
"2020-02-24 20:53:51",633
"2020-02-24 21:53:23",633
"2020-02-24 22:53:21",633
"2020-02-24 23:52:02",633
"2020-02-25 00:52:17",633
"2020-02-25 01:52:16",633
"2020-02-25 02:52:50",633
"2020-02-25 03:52:44",633
"2020-02-25 04:52:39",633
"2020-02-25 05:54:05",633
"2020-02-25 06:52:44",633
"2020-02-25 07:52:45",632
"2020-02-25 08:53:02",632
"2020-02-25 10:01:31",632
"2020-02-25 10:52:58",632
"2020-02-25 11:52:10",632
"2020-02-25 12:52:43",632
"2020-02-25 14:13:47",632
"2020-02-25 14:52:58",632
"2020-02-25 15:52:47",632
"2020-02-25 16:52:49",633
"2020-02-25 17:52:31",633
"2020-02-25 18:53:15",632
"2020-02-25 19:52:43",631
"2020-02-25 20:53:42",631
"2020-02-25 21:53:38",632
"2020-02-25 22:52:36",632
"2020-02-25 23:52:29",632
"2020-02-26 00:52:21",632
"2020-02-26 01:52:37",632
"2020-02-26 02:52:55",632
"2020-02-26 03:52:16",632
"2020-02-26 04:53:53",632
"2020-02-26 05:53:30",632
"2020-02-26 06:53:16",632
"2020-02-26 07:54:23",632
"2020-02-26 08:53:05",632
"2020-02-26 09:52:42",632
"2020-02-26 10:52:19",632
"2020-02-26 11:52:59",632
"2020-02-26 12:52:20",632
"2020-02-26 13:53:27",632
"2020-02-26 14:54:10",632
"2020-02-26 15:53:49",635
"2020-02-26 16:52:47",635
"2020-02-26 17:52:45",637
"2020-02-26 18:52:56",636
"2020-02-26 19:53:32",633
"2020-02-26 20:53:24",633
"2020-02-26 21:53:21",633
"2020-02-26 22:53:23",633
"2020-02-26 23:53:25",633
"2020-02-27 00:52:20",633
"2020-02-27 01:52:59",633
"2020-02-27 02:52:10",633
"2020-02-27 03:53:54",633
"2020-02-27 04:52:28",633
"2020-02-27 05:52:34",633
"2020-02-27 06:52:34",633
"2020-02-27 07:52:18",633
"2020-02-27 08:53:04",633
"2020-02-27 09:52:28",633
"2020-02-27 10:53:34",633
"2020-02-27 11:52:52",633
"2020-02-27 12:53:20",633
"2020-02-27 14:12:21",633
"2020-02-27 14:54:29",633
"2020-02-27 15:53:28",633
"2020-02-27 16:53:42",632
"2020-02-27 17:53:05",631
"2020-02-27 18:53:15",632
"2020-02-27 19:52:16",632
"2020-02-27 20:53:02",631
"2020-02-27 21:52:39",632
"2020-02-27 22:53:21",632
"2020-02-27 23:52:31",632
"2020-02-28 00:53:41",632
"2020-02-28 01:52:22",632
"2020-02-28 02:52:29",632
"2020-02-28 03:53:39",632
"2020-02-28 04:53:54",632
"2020-02-28 05:53:36",632
"2020-02-28 06:52:52",632
"2020-02-28 07:53:17",632
"2020-02-28 08:53:56",632
"2020-02-28 09:53:36",632
"2020-02-28 10:52:16",632
"2020-02-28 11:52:47",632
"2020-02-28 12:53:16",632
"2020-02-28 14:12:54",632
"2020-02-28 14:52:54",632
"2020-02-28 15:52:41",632
"2020-02-28 16:52:52",633
"2020-02-28 17:52:47",632
"2020-02-28 18:52:47",631
"2020-02-28 19:53:48",633
"2020-02-28 20:52:39",631
"2020-02-28 21:52:31",631
"2020-02-28 22:53:20",631
"2020-02-28 23:52:20",631
"2020-02-29 00:52:45",631
"2020-02-29 01:52:34",631
"2020-02-29 02:52:28",631
"2020-02-29 03:52:18",631
"2020-02-29 04:52:58",631
"2020-02-29 05:52:16",631
"2020-02-29 06:51:52",631
"2020-02-29 07:53:50",631
"2020-02-29 09:53:47",631
"2020-02-29 10:50:56",631
"2020-02-29 11:50:52",631
"2020-02-29 12:53:52",631
"2020-02-29 13:53:55",631
"2020-02-29 14:51:14",631
"2020-02-29 15:51:10",631
"2020-02-29 16:52:10",631
"2020-02-29 17:51:54",631
"2020-02-29 18:51:07",631
"2020-02-29 19:51:02",631
"2020-02-29 20:50:49",631
"2020-02-29 21:51:36",631
"2020-02-29 22:54:51",631
"2020-02-29 23:53:41",631
"2020-03-01 00:53:45",631
"2020-03-01 01:53:49",631
"2020-03-01 02:51:10",631
"2020-03-01 03:53:43",631
"2020-03-01 04:50:58",631
"2020-03-01 05:51:58",631
"2020-03-01 06:51:04",631
"2020-03-01 07:51:44",631
"2020-03-01 08:50:50",631
"2020-03-01 09:53:47",631
"2020-03-01 10:53:40",631
"2020-03-01 11:51:40",631
"2020-03-01 12:51:54",631
"2020-03-01 13:50:52",631
"2020-03-01 14:50:47",631
"2020-03-01 15:53:53",631
"2020-03-01 16:52:06",631
"2020-03-01 17:53:39",631
"2020-03-01 18:53:55",631
"2020-03-01 19:53:59",631
"2020-03-01 20:53:54",631
"2020-03-01 21:50:58",631
"2020-03-01 22:51:03",631
"2020-03-01 23:53:50",631
"2020-03-02 00:50:42",631
"2020-03-02 01:52:01",631
"2020-03-02 02:53:45",631
"2020-03-02 03:54:51",631
"2020-03-02 04:52:05",631
"2020-03-02 05:55:37",631
"2020-03-02 07:52:31",631
"2020-03-02 08:55:24",631
"2020-03-02 09:54:45",631
"2020-03-02 10:52:57",631
"2020-03-02 11:52:23",631
"2020-03-02 12:53:22",631
"2020-03-02 13:55:27",631
"2020-03-02 18:52:04",631
"2020-03-03 00:53:29",632
"2020-03-03 01:53:59",632
"2020-03-03 02:53:26",632
"2020-03-03 03:54:24",632
"2020-03-03 04:55:25",632
"2020-03-03 06:56:24",632
"2020-03-03 07:53:06",632
"2020-03-03 08:56:23",632
"2020-03-03 09:56:40",632
"2020-03-03 10:53:20",632
"2020-03-03 11:57:29",632
"2020-03-03 12:53:12",632
"2020-03-03 13:56:51",632
"2020-03-03 14:55:28",632
"2020-03-03 16:57:51",631
"2020-03-03 17:56:59",630
"2020-03-03 18:52:29",630
"2020-03-03 19:52:33",630
"2020-03-03 20:53:49",629
"2020-03-03 21:53:24",629
"2020-03-03 22:57:57",629
"2020-03-03 23:55:10",629
"2020-03-04 00:56:19",629
"2020-03-04 01:55:39",629
"2020-03-04 02:52:41",629
"2020-03-04 03:53:18",629
"2020-03-04 04:56:16",629
"2020-03-04 05:52:47",629
"2020-03-04 06:56:22",629
"2020-03-04 07:53:12",629
"2020-03-04 08:55:29",629
"2020-03-04 09:53:05",629
"2020-03-04 10:52:08",629
"2020-03-04 11:56:13",629
"2020-03-04 12:55:57",629
"2020-03-04 13:54:15",629
"2020-03-04 14:52:40",629
"2020-03-04 15:56:38",629
"2020-03-04 16:52:44",629
"2020-03-04 17:53:28",628
"2020-03-04 18:55:34",628
"2020-03-04 20:01:00",629
"2020-03-04 20:55:47",629
"2020-03-04 21:52:23",629
"2020-03-04 22:55:26",629
"2020-03-04 23:52:49",629
"2020-03-05 00:53:05",629
"2020-03-05 01:53:36",629
"2020-03-05 02:52:38",629
"2020-03-05 03:52:47",629
"2020-03-05 04:53:22",629
"2020-03-05 05:53:25",629
"2020-03-05 06:52:52",629
"2020-03-05 07:52:33",629
"2020-03-05 08:54:18",629
"2020-03-05 09:53:26",629
"2020-03-05 10:52:30",629
"2020-03-05 11:56:23",629
"2020-03-05 12:53:22",629
"2020-03-05 13:53:16",629
"2020-03-05 14:55:54",629
"2020-03-05 15:53:37",630
"2020-03-05 16:55:44",630
"2020-03-05 17:52:37",630
"2020-03-05 18:52:52",631
"2020-03-05 19:52:50",631
"2020-03-05 20:52:40",631
"2020-03-05 21:52:32",631
"2020-03-05 22:55:23",631
"2020-03-05 23:55:29",631
"2020-03-06 00:52:31",631
"2020-03-06 01:52:42",631
"2020-03-06 02:57:15",631
"2020-03-06 03:55:28",631
"2020-03-06 04:55:36",631
"2020-03-06 05:55:45",631
"2020-03-06 06:56:15",631
"2020-03-06 07:55:10",631
"2020-03-06 08:52:54",631
"2020-03-06 09:55:39",631
"2020-03-06 10:52:27",631
"2020-03-06 11:56:10",631
"2020-03-06 12:52:51",631
"2020-03-06 13:52:12",631
"2020-03-06 14:57:10",631
"2020-03-06 15:53:43",629
"2020-03-06 16:53:41",629
"2020-03-06 17:53:05",630
"2020-03-06 18:52:28",630
"2020-03-06 19:53:23",630
"2020-03-06 20:52:54",632
"2020-03-06 21:52:31",633
"2020-03-06 22:52:35",633
"2020-03-06 23:53:33",633
"2020-03-07 00:52:25",633
"2020-03-07 01:53:35",633
"2020-03-07 02:52:34",633
"2020-03-07 03:56:16",633
"2020-03-07 04:56:30",633
"2020-03-07 05:55:42",633
"2020-03-07 06:55:28",633
"2020-03-07 07:53:34",633
"2020-03-07 08:55:14",633
"2020-03-07 09:52:52",633
"2020-03-07 10:53:18",633
"2020-03-07 11:55:15",633
"2020-03-07 12:53:17",633
"2020-03-07 13:52:17",633
"2020-03-07 14:52:47",633
"2020-03-07 15:52:18",633
"2020-03-07 16:52:44",633
"2020-03-07 17:53:27",633
"2020-03-07 18:52:40",633
"2020-03-07 19:52:50",633
"2020-03-07 20:55:36",633
"2020-03-07 21:56:35",633
"2020-03-07 22:55:40",633
"2020-03-07 23:55:33",633
"2020-03-08 00:52:32",633
"2020-03-08 01:53:31",633
"2020-03-08 02:53:35",633
"2020-03-08 03:55:43",633
"2020-03-08 04:55:30",633
"2020-03-08 05:55:32",633
"2020-03-08 06:54:07",633
"2020-03-08 07:55:24",633
"2020-03-08 08:55:30",633
"2020-03-08 09:53:21",633
"2020-03-08 10:55:22",633
"2020-03-08 11:53:19",633
"2020-03-08 12:56:12",633
"2020-03-08 13:56:27",633
"2020-03-08 14:52:36",633
"2020-03-08 15:55:35",633
"2020-03-08 16:52:25",633
"2020-03-08 17:52:44",633
"2020-03-08 18:56:43",633
"2020-03-08 19:54:22",633
"2020-03-08 20:53:43",633
"2020-03-08 21:52:34",633
"2020-03-08 22:55:18",633
"2020-03-08 23:52:46",633
"2020-03-09 00:56:08",633
"2020-03-09 01:52:38",633
"2020-03-09 02:56:12",633
"2020-03-09 03:55:55",633
"2020-03-09 04:55:36",633
"2020-03-09 05:52:42",633
"2020-03-09 06:52:31",633
"2020-03-09 07:52:49",633
"2020-03-09 08:52:21",633
"2020-03-09 09:53:06",633
"2020-03-09 10:55:08",633
"2020-03-09 11:55:20",633
"2020-03-09 12:54:10",633
"2020-03-09 13:51:36",633
"2020-03-09 14:54:56",634
"2020-03-09 15:53:07",641
"2020-03-09 16:52:22",643
"2020-03-09 17:51:19",643
"2020-03-09 18:51:46",644
"2020-03-09 19:52:35",644
"2020-03-09 20:52:46",644
"2020-03-09 21:55:23",644
"2020-03-09 22:55:17",644
"2020-03-09 23:56:20",644
"2020-03-10 00:52:19",644
"2020-03-10 01:55:23",644
"2020-03-10 02:53:22",644
"2020-03-10 03:56:08",644
"2020-03-10 04:53:21",644
"2020-03-10 06:56:26",644
"2020-03-10 07:55:55",644
"2020-03-10 08:52:44",644
"2020-03-10 09:55:00",644
"2020-03-10 10:54:48",644
"2020-03-10 11:55:11",644
"2020-03-10 12:53:12",644
"2020-03-10 13:53:52",644
"2020-03-10 14:56:28",644
"2020-03-10 15:56:38",644
"2020-03-10 16:52:24",646
"2020-03-10 17:55:45",646
"2020-03-10 18:55:38",646
"2020-03-10 19:55:48",646
"2020-03-10 20:58:41",649
"2020-03-10 21:56:12",649
"2020-03-10 22:55:17",649
"2020-03-10 23:53:16",649
"2020-03-11 00:55:54",649
"2020-03-11 01:56:06",649
"2020-03-11 02:56:33",649
"2020-03-11 03:53:23",649
"2020-03-11 04:53:38",649
"2020-03-11 05:56:08",649
"2020-03-11 06:55:21",648
"2020-03-11 07:52:25",648
"2020-03-11 08:53:20",648
"2020-03-11 09:52:07",648
"2020-03-11 10:52:21",648
"2020-03-11 11:55:38",648
"2020-03-11 12:56:02",648
"2020-03-11 13:55:34",648
"2020-03-11 14:53:36",644
"2020-03-11 15:52:49",644
"2020-03-11 16:56:20",644
"2020-03-11 17:53:31",644
"2020-03-11 18:52:39",644
"2020-03-11 19:56:31",644
"2020-03-11 20:56:30",648
"2020-03-11 21:53:27",647
"2020-03-11 22:53:32",648
"2020-03-11 23:54:00",648
"2020-03-12 00:52:25",648
"2020-03-12 01:55:42",648
"2020-03-12 02:53:14",648
"2020-03-12 03:55:43",648
"2020-03-12 04:56:20",648
"2020-03-12 05:53:39",648
"2020-03-12 06:53:04",647
"2020-03-12 07:53:19",647
"2020-03-12 08:55:40",647
"2020-03-12 09:54:09",647
"2020-03-12 10:55:28",647
"2020-03-12 11:55:25",647
"2020-03-12 12:55:22",647
"2020-03-12 13:56:49",647
"2020-03-12 14:52:29",647
"2020-03-12 15:52:20",638
"2020-03-12 16:52:55",636
"2020-03-12 17:52:39",634
"2020-03-12 18:56:29",634
"2020-03-12 19:53:41",633
"2020-03-12 20:52:48",632
"2020-03-12 21:56:48",632
"2020-03-12 22:52:35",632
"2020-03-12 23:56:15",632
"2020-03-13 00:56:39",632
"2020-03-13 01:52:28",632
"2020-03-13 02:55:40",632
"2020-03-13 03:55:42",632
"2020-03-13 04:53:20",632
"2020-03-13 05:54:10",632
"2020-03-13 06:57:34",632
"2020-03-13 07:57:00",632
"2020-03-13 08:57:05",632
"2020-03-13 09:57:14",632
"2020-03-13 10:53:19",632
"2020-03-13 11:55:14",632
"2020-03-13 13:12:28",632
"2020-03-13 13:54:21",632
"2020-03-13 14:53:54",636
"2020-03-13 15:53:47",636
"2020-03-13 16:55:52",636
"2020-03-13 17:55:35",637
"2020-03-13 18:56:38",639
"2020-03-13 19:55:51",638
"2020-03-13 20:52:51",638
"2020-03-13 21:53:25",638
"2020-03-13 22:52:32",638
"2020-03-13 23:55:20",638
"2020-03-14 00:53:37",638
"2020-03-14 01:56:20",638
"2020-03-14 02:55:48",638
"2020-03-14 03:53:22",638
"2020-03-14 04:56:32",638
"2020-03-14 05:55:43",638
"2020-03-14 06:53:44",638
"2020-03-14 07:56:22",638
"2020-03-14 08:55:28",638
"2020-03-14 09:55:29",637
"2020-03-14 10:53:07",637
"2020-03-14 11:52:54",637
"2020-03-14 12:53:11",637
"2020-03-14 13:52:34",637
"2020-03-14 14:55:35",637
"2020-03-14 15:52:36",637
"2020-03-14 16:55:28",637
"2020-03-14 17:53:25",637
"2020-03-14 18:55:40",637
"2020-03-14 19:53:42",637
"2020-03-14 20:56:15",637
"2020-03-14 21:55:36",637
"2020-03-14 22:56:37",637
"2020-03-14 23:55:24",637
"2020-03-15 00:53:12",637
"2020-03-15 01:53:25",637
"2020-03-15 02:56:21",637
"2020-03-15 03:56:30",637
"2020-03-15 04:52:46",637
"2020-03-15 05:56:27",637
"2020-03-15 06:53:42",637
"2020-03-15 07:56:35",637
"2020-03-15 09:05:23",637
"2020-03-15 09:54:18",637
"2020-03-15 10:55:13",637
"2020-03-15 11:56:25",637
"2020-03-15 12:55:29",637
"2020-03-15 13:52:47",637
"2020-03-15 14:54:09",637
"2020-03-15 15:53:14",637
"2020-03-15 16:55:29",637
"2020-03-15 17:53:43",637
"2020-03-15 18:56:21",637
"2020-03-15 19:55:37",637
"2020-03-15 20:53:35",637
"2020-03-15 21:53:37",637
"2020-03-15 22:55:32",637
"2020-03-15 23:55:26",637
"2020-03-16 00:52:45",637
"2020-03-16 01:52:51",637
"2020-03-16 02:52:36",637
"2020-03-16 03:54:42",637
"2020-03-16 04:55:37",637
"2020-03-16 05:56:37",637
"2020-03-16 06:53:30",637
"2020-03-16 07:56:22",637
"2020-03-16 09:03:58",637
"2020-03-16 09:55:29",637
"2020-03-16 10:53:29",637
"2020-03-16 11:55:14",637
"2020-03-16 13:14:08",637
"2020-03-16 14:53:29",640
"2020-03-16 15:55:28",645
"2020-03-16 16:52:50",647
"2020-03-16 17:53:35",648
"2020-03-16 18:52:54",658
"2020-03-16 19:56:32",658
"2020-03-16 20:52:33",657
"2020-03-16 21:53:45",657
"2020-03-16 22:52:57",657
"2020-03-16 23:55:57",657
"2020-03-17 00:55:47",657
"2020-03-17 01:52:48",657
"2020-03-17 02:55:39",657
"2020-03-17 20:15:53",655
"2020-03-17 20:25:28",655
"2020-03-17 20:53:35",655
"2020-03-17 21:53:01",655
"2020-03-17 22:52:41",655
"2020-03-17 23:53:10",655
"2020-03-18 00:53:45",655
"2020-03-18 01:53:47",655
"2020-03-18 02:53:48",655
"2020-03-18 03:54:05",655
"2020-03-18 04:53:51",655
"2020-03-18 05:54:03",655
"2020-03-18 06:53:10",655
"2020-03-18 07:54:01",655
"2020-03-18 08:52:21",655
"2020-03-18 09:53:27",654
"2020-03-18 10:52:43",654
"2020-03-18 11:52:43",654
"2020-03-18 13:13:59",654
"2020-03-18 13:54:13",654
"2020-03-18 14:53:24",655
"2020-03-18 15:53:20",657
"2020-03-18 16:53:11",656
"2020-03-18 17:54:07",655
"2020-03-18 18:53:01",657
"2020-03-18 19:53:51",657
"2020-03-18 20:53:07",657
"2020-03-18 21:52:59",657
"2020-03-18 22:52:52",657
"2020-03-18 23:53:25",657
"2020-03-19 00:53:06",657
"2020-03-19 01:53:45",657
"2020-03-19 02:52:49",657
"2020-03-19 03:52:44",657
"2020-03-19 04:52:58",657
"2020-03-19 05:56:16",657
"2020-03-19 06:53:10",657
"2020-03-19 07:53:17",657
"2020-03-19 08:52:50",657
"2020-03-19 09:53:29",657
"2020-03-19 10:52:25",657
"2020-03-19 11:52:46",657
"2020-03-19 12:52:33",657
"2020-03-19 13:53:15",657
"2020-03-19 14:53:20",658
"2020-03-19 15:53:15",658
"2020-03-19 16:53:19",657
"2020-03-19 17:53:10",658
"2020-03-19 18:52:42",659
"2020-03-19 19:53:29",661
"2020-03-19 20:54:06",661
"2020-03-19 21:53:34",661
"2020-03-19 22:52:51",661
"2020-03-19 23:54:30",661
"2020-03-20 00:52:47",661
"2020-03-20 01:52:44",661
"2020-03-20 02:54:47",661
"2020-03-20 03:52:59",661
"2020-03-20 04:53:08",661
"2020-03-20 06:53:45",661
"2020-03-20 07:53:14",661
"2020-03-20 08:54:39",661
"2020-03-20 09:53:40",661
"2020-03-20 10:53:05",661
"2020-03-20 11:52:48",661
"2020-03-20 13:12:52",661
"2020-03-20 13:54:17",661
"2020-03-20 14:53:06",666
"2020-03-20 15:52:57",670
"2020-03-20 16:53:04",669
"2020-03-20 17:53:07",669
"2020-03-20 18:52:52",669
"2020-03-20 19:53:14",670
"2020-03-20 20:53:04",671
"2020-03-20 21:52:41",671
"2020-03-20 22:53:46",671
"2020-03-20 23:54:06",671
"2020-03-21 00:53:19",671
"2020-03-21 01:53:05",671
"2020-03-21 02:53:49",671
"2020-03-21 03:53:50",671
"2020-03-21 04:52:49",671
"2020-03-21 05:52:40",671
"2020-03-21 06:52:51",671
"2020-03-21 07:53:34",671
"2020-03-21 09:15:19",671
"2020-03-21 09:52:56",671
"2020-03-21 10:53:06",671
"2020-03-21 11:53:20",671
"2020-03-21 12:52:33",671
"2020-03-21 13:52:54",671
"2020-03-21 14:54:24",671
"2020-03-21 15:53:41",671
"2020-03-21 16:53:31",671
"2020-03-21 17:54:09",671
"2020-03-21 18:53:07",671
"2020-03-21 19:53:08",671
"2020-03-21 20:52:37",671
"2020-03-21 21:53:05",671
"2020-03-21 22:52:49",671
"2020-03-21 23:52:53",671
"2020-03-22 00:52:36",671
"2020-03-22 01:53:29",671
"2020-03-22 02:52:46",671
"2020-03-22 03:54:14",671
"2020-03-22 04:53:11",671
"2020-03-22 05:53:13",671
"2020-03-22 06:53:48",671
"2020-03-22 07:53:37",671
"2020-03-22 09:19:33",671
"2020-03-22 09:52:57",671
"2020-03-22 10:53:30",671
"2020-03-22 11:52:41",671
"2020-03-22 12:53:27",671
"2020-03-22 22:02:43",671
"2020-03-22 22:53:44",671
"2020-03-22 23:53:03",671
"2020-03-23 00:55:15",671
"2020-03-23 01:53:55",671
"2020-03-23 02:52:43",671
"2020-03-23 03:52:53",671
"2020-03-23 04:54:00",671
"2020-03-23 05:53:44",671
"2020-03-23 06:53:25",671
"2020-03-23 07:52:55",671
"2020-03-23 08:53:03",671
"2020-03-23 09:53:50",671
"2020-03-23 10:52:58",671
"2020-03-23 11:53:38",671
"2020-03-23 13:12:21",671
"2020-03-23 13:53:38",671
"2020-03-23 14:53:58",671
"2020-03-23 15:53:23",673
"2020-03-23 16:54:07",672
"2020-03-23 17:53:13",672
"2020-03-23 18:52:58",671
"2020-03-23 19:53:45",671
"2020-03-23 20:53:48",671
"2020-03-23 21:53:05",671
"2020-03-23 22:53:05",671
"2020-03-23 23:53:08",671
"2020-03-24 00:52:53",671
"2020-03-24 01:52:53",671
"2020-03-24 02:52:45",671
"2020-03-24 03:53:15",671
"2020-03-24 04:53:46",671
"2020-03-24 05:56:18",671
"2020-03-24 06:54:11",671
"2020-03-24 07:54:29",671
"2020-03-24 09:13:52",671
"2020-03-24 09:52:31",671
"2020-03-24 10:52:41",671
"2020-03-24 11:52:42",671
"2020-03-24 12:52:13",671
"2020-03-24 13:55:05",671
"2020-03-24 14:55:24",673
"2020-03-24 15:54:39",673
"2020-03-24 16:54:42",674
"2020-03-24 17:54:01",673
"2020-03-24 18:53:56",671
"2020-03-24 19:53:22",672
"2020-03-24 20:52:53",673
"2020-03-24 21:52:37",673
"2020-03-24 22:53:46",673
"2020-03-24 23:53:39",673
"2020-03-25 00:53:01",673
"2020-03-25 01:53:10",673
"2020-03-25 02:52:50",673
"2020-03-25 03:52:52",673
"2020-03-25 04:52:24",673
"2020-03-25 06:54:14",673
"2020-03-25 07:52:52",673
"2020-03-25 09:54:47",673
"2020-03-25 10:53:02",673
"2020-03-25 11:53:36",673
"2020-03-25 12:53:40",673
"2020-03-25 13:54:28",673
"2020-03-25 14:54:18",677
"2020-03-25 15:54:49",676
"2020-03-25 16:54:15",676
"2020-03-25 17:55:02",675
"2020-03-25 18:53:06",675
"2020-03-25 19:53:10",674
"2020-03-25 20:53:25",675
"2020-03-25 21:52:44",675
"2020-03-25 22:52:53",675
"2020-03-25 23:53:04",675
"2020-03-26 02:10:47",675
"2020-03-26 02:53:06",675
"2020-03-26 03:53:38",675
"2020-03-26 04:54:45",675
"2020-03-26 05:53:19",675
"2020-03-26 06:53:30",675
"2020-03-26 07:53:30",675
"2020-03-26 08:52:55",675
"2020-03-26 09:53:39",675
"2020-03-26 10:52:25",675
"2020-03-26 11:53:10",675
"2020-03-26 12:53:08",675
"2020-03-26 13:53:19",675
"2020-03-26 14:53:37",681
"2020-03-26 15:53:29",682
"2020-03-26 16:53:14",684
"2020-03-26 17:53:47",685
"2020-03-26 18:53:04",687
"2020-03-26 19:53:04",687
"2020-03-26 20:53:12",686
"2020-03-26 21:53:38",686
"2020-03-26 22:52:48",686
"2020-03-26 23:54:00",686
"2020-03-27 00:53:08",686
"2020-03-27 01:53:29",686
"2020-03-27 02:53:49",686
"2020-03-27 03:53:16",686
"2020-03-27 04:53:30",686
"2020-03-27 05:53:04",686
"2020-03-27 06:53:42",686
"2020-03-27 07:54:40",686
"2020-03-27 08:57:06",686
"2020-03-27 09:54:23",686
"2020-03-27 10:53:21",686
"2020-03-27 11:52:51",686
"2020-03-27 12:52:44",686
"2020-03-27 13:53:48",686
"2020-03-27 14:53:03",689
"2020-03-27 15:53:11",689
"2020-03-27 16:53:34",690
"2020-03-27 17:53:12",690
"2020-03-27 18:54:06",692
"2020-03-27 19:53:12",691
"2020-03-27 20:53:05",692
"2020-03-27 21:54:04",692
"2020-03-27 22:53:12",692
"2020-03-27 23:53:28",692
"2020-03-28 00:53:44",692
"2020-03-28 01:52:33",692
"2020-03-28 02:52:49",692
"2020-03-28 03:53:12",692
"2020-03-28 04:53:00",692
"2020-03-28 05:54:43",692
"2020-03-28 06:53:09",692
"2020-03-28 07:52:29",692
"2020-03-28 08:52:53",692
"2020-03-28 09:53:31",692
"2020-03-28 10:53:58",692
"2020-03-28 11:52:55",692
"2020-03-28 12:53:44",692
"2020-03-28 13:53:41",692
"2020-03-28 14:53:09",692
"2020-03-28 15:53:01",692
"2020-03-28 16:52:46",692
"2020-03-28 17:53:04",692
"2020-03-28 18:53:19",692
"2020-03-28 19:52:45",692
"2020-03-28 20:53:09",692
"2020-03-28 21:52:40",692
"2020-03-28 22:54:29",692
"2020-03-28 23:53:09",692
"2020-03-29 00:53:26",692
"2020-03-29 01:53:47",692
"2020-03-29 02:54:34",692
"2020-03-29 03:54:50",692
"2020-03-29 04:53:45",692
"2020-03-29 05:53:23",692
"2020-03-29 06:54:46",692
"2020-03-29 07:53:34",692
"2020-03-29 08:53:02",692
"2020-03-29 09:52:57",692
"2020-03-29 10:54:05",692
"2020-03-29 11:53:06",692
"2020-03-29 12:52:50",692
"2020-03-29 13:52:53",692
"2020-03-29 14:52:52",692
"2020-03-29 15:52:53",692
"2020-03-29 16:53:05",692
"2020-03-29 17:53:43",692
"2020-03-29 18:53:02",692
"2020-03-29 19:52:54",692
"2020-03-29 20:52:46",692
"2020-03-29 21:54:29",692
"2020-03-29 22:53:11",692
"2020-03-29 23:53:21",692
"2020-03-30 00:53:11",692
"2020-03-30 01:52:57",692
"2020-03-30 02:54:07",692
"2020-03-30 03:53:07",692
"2020-03-30 04:54:01",692
"2020-03-30 05:52:50",692
"2020-03-30 06:53:16",692
"2020-03-30 07:53:51",692
"2020-03-30 08:52:53",692
"2020-03-30 09:52:35",692
"2020-03-30 10:52:46",692
"2020-03-30 11:52:15",692
"2020-03-30 12:52:48",692
"2020-03-30 13:54:14",693
"2020-03-30 14:53:01",695
"2020-03-30 15:53:54",694
"2020-03-30 16:53:12",694
"2020-03-30 17:53:46",695
"2020-03-30 18:53:18",695
"2020-03-30 19:54:04",693
"2020-03-30 20:53:03",693
"2020-03-30 21:53:42",693
"2020-03-30 22:52:50",693
"2020-03-30 23:52:41",693
"2020-03-31 00:52:36",693
"2020-03-31 01:52:47",693
"2020-03-31 02:52:54",693
"2020-03-31 03:53:24",693
"2020-03-31 04:52:51",693
"2020-03-31 05:53:01",693
"2020-03-31 06:52:53",693
"2020-03-31 07:53:08",693
"2020-03-31 08:53:02",693
"2020-03-31 09:52:56",693
"2020-03-31 10:52:50",693
"2020-03-31 11:53:43",693
"2020-03-31 13:11:25",693
"2020-03-31 13:53:14",693
"2020-03-31 14:54:18",694
"2020-03-31 15:52:59",693
"2020-03-31 16:54:16",694
"2020-03-31 17:53:05",693
"2020-03-31 18:53:38",695
"2020-03-31 19:52:52",696
"2020-03-31 20:53:46",695
"2020-03-31 21:52:52",695
"2020-03-31 22:52:54",695
"2020-03-31 23:51:58",695
"2020-04-01 00:51:18",695
"2020-04-01 01:51:18",695
"2020-04-01 02:51:14",695
"2020-04-01 03:51:25",695
"2020-04-01 04:51:53",695
"2020-04-01 05:52:16",695
"2020-04-01 06:51:34",695
"2020-04-01 07:52:14",695
"2020-04-01 08:51:17",695
"2020-04-01 09:51:40",695
"2020-04-01 10:50:50",695
"2020-04-01 11:52:41",695
"2020-04-01 13:14:26",695
"2020-04-01 13:51:16",695
"2020-04-01 14:52:42",700
"2020-04-01 15:52:05",699
"2020-04-01 16:50:57",700
"2020-04-01 17:50:54",700
"2020-04-01 18:51:02",700
"2020-04-01 19:51:16",700
"2020-04-01 20:51:20",699
"2020-04-01 21:51:02",699
"2020-04-01 22:51:01",699
"2020-04-01 23:52:14",699
"2020-04-02 00:51:12",699
"2020-04-02 01:52:06",699
"2020-04-02 02:51:08",699
"2020-04-02 03:52:03",699
"2020-04-02 04:51:15",699
"2020-04-02 05:51:27",699
"2020-04-02 06:50:44",699
"2020-04-02 07:52:03",699
"2020-04-02 08:53:09",699
"2020-04-02 09:52:01",699
"2020-04-02 10:51:19",699
"2020-04-02 11:51:04",699
"2020-04-02 13:15:28",699
"2020-04-02 13:52:15",699
"2020-04-02 14:50:56",722
"2020-04-02 15:51:25",726
"2020-04-02 16:50:48",729
"2020-04-02 17:51:00",731
"2020-04-02 19:51:03",731
"2020-04-02 20:51:47",731
"2020-04-02 21:52:53",731
"2020-04-02 22:52:18",731
"2020-04-02 23:51:00",731
"2020-04-03 00:51:26",731
"2020-04-03 01:52:01",731
"2020-04-03 02:51:17",731
"2020-04-03 03:51:03",731
"2020-04-03 04:51:47",731
"2020-04-03 05:52:05",731
"2020-04-03 06:51:11",731
"2020-04-03 08:51:13",731
"2020-04-03 09:51:12",731
"2020-04-03 10:51:58",731
"2020-04-03 11:51:03",731
"2020-04-03 13:16:28",731
"2020-04-03 13:51:27",731
"2020-04-03 14:51:31",732
"2020-04-03 15:52:09",734
"2020-04-03 16:52:04",737
"2020-04-03 17:52:07",735
"2020-04-03 18:52:09",736
"2020-04-03 19:51:07",737
"2020-04-03 20:51:04",736
"2020-04-03 21:51:25",736
"2020-04-03 22:52:44",736
"2020-04-03 23:51:16",736
"2020-04-04 00:50:57",736
"2020-04-04 01:51:57",736
"2020-04-04 02:51:21",736
"2020-04-04 03:51:26",736
"2020-04-04 04:51:43",736
"2020-04-04 05:51:58",736
"2020-04-04 06:50:59",736
"2020-04-04 07:52:13",736
"2020-04-04 08:51:46",736
"2020-04-04 09:51:45",736
"2020-04-04 10:51:12",736
"2020-04-04 11:51:09",736
"2020-04-04 12:51:07",736
"2020-04-04 13:51:04",736
"2020-04-04 14:51:38",736
"2020-04-04 15:50:51",736
"2020-04-04 16:51:12",736
"2020-04-04 17:51:13",736
"2020-04-04 18:51:05",736
"2020-04-04 19:51:11",736
"2020-04-04 20:50:57",736
"2020-04-04 21:51:03",736
"2020-04-04 22:52:09",736
"2020-04-04 23:51:00",736
"2020-04-05 00:52:33",736
"2020-04-05 01:51:56",736
"2020-04-05 02:50:56",736
"2020-04-05 03:51:14",736
"2020-04-05 04:51:59",736
"2020-04-05 05:51:41",736
"2020-04-05 06:51:49",736
"2020-04-05 07:51:13",736
"2020-04-05 08:51:23",736
"2020-04-05 09:51:05",736
"2020-04-05 10:52:11",736
"2020-04-05 11:51:56",736
"2020-04-05 12:50:59",736
"2020-04-05 13:52:05",736
"2020-04-05 14:51:11",736
"2020-04-05 15:50:54",736
"2020-04-05 16:51:59",736
"2020-04-05 17:50:48",736
"2020-04-05 18:51:15",736
"2020-04-05 19:51:00",736
"2020-04-05 20:51:12",736
"2020-04-05 21:51:20",736
"2020-04-05 22:51:51",736
"2020-04-05 23:51:01",736
"2020-04-06 00:50:57",736
"2020-04-06 01:51:19",736
"2020-04-06 02:51:48",736
"2020-04-06 03:52:53",736
"2020-04-06 04:50:41",736
"2020-04-06 05:51:34",736
"2020-04-06 06:51:36",736
"2020-04-06 07:51:09",736
"2020-04-06 08:51:58",736
"2020-04-06 09:51:01",736
"2020-04-06 10:51:35",736
"2020-04-06 11:50:49",736
"2020-04-06 12:51:31",736
"2020-04-06 13:51:14",736
"2020-04-06 14:51:12",737
"2020-04-06 15:51:14",735
"2020-04-06 16:50:58",736
"2020-04-06 17:50:57",736
"2020-04-06 18:54:37",735
"2020-04-06 19:51:57",734
"2020-04-06 20:51:04",735
"2020-04-06 21:50:51",735
"2020-04-06 22:51:13",735
"2020-04-06 23:51:38",735
"2020-04-07 00:51:15",735
"2020-04-07 01:51:33",735
"2020-04-07 02:51:17",735
"2020-04-07 03:51:02",735
"2020-04-07 04:51:06",735
"2020-04-07 05:50:50",735
"2020-04-07 06:51:28",735
"2020-04-07 07:51:13",735
"2020-04-07 08:51:51",735
"2020-04-07 09:50:59",735
"2020-04-07 10:50:41",735
"2020-04-07 11:50:58",735
"2020-04-07 12:50:59",735
"2020-04-07 13:51:09",735
"2020-04-07 14:50:36",734
"2020-04-07 15:50:55",733
"2020-04-07 16:51:20",733
"2020-04-07 17:50:45",734
"2020-04-07 18:50:51",734
"2020-04-07 19:50:47",734
"2020-04-07 20:51:08",733
"2020-04-07 21:51:19",733
"2020-04-07 22:50:55",733
"2020-04-07 23:51:02",733
"2020-04-08 00:51:16",733
"2020-04-08 01:50:53",733
"2020-04-08 02:50:31",733
"2020-04-08 03:51:18",733
"2020-04-08 04:50:42",733
"2020-04-08 06:51:10",733
"2020-04-08 07:51:29",733
"2020-04-08 09:12:50",733
"2020-04-08 09:51:01",733
"2020-04-08 10:50:53",733
"2020-04-08 11:50:47",733
"2020-04-08 12:50:49",733
"2020-04-08 13:51:00",733
"2020-04-08 14:50:41",736
"2020-04-08 15:51:06",733
"2020-04-08 16:50:49",734
"2020-04-08 17:51:28",734
"2020-04-08 18:50:48",735
"2020-04-08 19:51:24",734
"2020-04-08 20:51:02",734
"2020-04-08 21:50:50",734
"2020-04-08 22:50:40",734
"2020-04-08 23:50:56",734
"2020-04-09 00:50:46",734
"2020-04-09 02:50:57",734
"2020-04-09 03:50:48",734
"2020-04-09 04:51:32",734
"2020-04-09 05:51:04",734
"2020-04-09 06:51:40",734
"2020-04-09 07:50:35",734
"2020-04-09 08:50:41",734
"2020-04-09 09:50:38",734
"2020-04-09 10:50:51",734
"2020-04-09 11:50:50",734
"2020-04-09 12:50:46",734
"2020-04-09 13:51:10",734
"2020-04-09 14:51:10",735
"2020-04-09 15:50:28",735
"2020-04-09 16:50:52",735
"2020-04-09 17:50:50",736
"2020-04-09 18:50:25",737
"2020-04-09 19:51:26",737
"2020-04-09 20:50:50",737
"2020-04-09 21:50:47",737
"2020-04-09 22:50:43",737
"2020-04-09 23:50:40",737
"2020-04-10 00:50:54",737
"2020-04-10 01:50:37",737
"2020-04-10 02:51:01",737
"2020-04-10 03:50:52",737
"2020-04-10 04:50:43",737
"2020-04-10 05:51:04",737
"2020-04-10 06:50:41",737
"2020-04-10 07:50:42",737
"2020-04-10 08:51:04",737
"2020-04-10 09:50:46",737
"2020-04-10 10:50:54",737
"2020-04-10 11:50:52",737
"2020-04-10 12:50:47",737
"2020-04-10 13:50:57",737
"2020-04-10 14:51:15",737
"2020-04-10 15:50:51",737
"2020-04-10 16:50:35",737
"2020-04-10 17:50:47",737
"2020-04-10 18:50:49",737
"2020-04-10 19:50:49",737
"2020-04-10 20:51:34",737
"2020-04-10 21:50:16",737
"2020-04-10 22:50:11",737
"2020-04-10 23:50:14",737
"2020-04-11 00:50:25",737
"2020-04-11 01:50:03",737
"2020-04-11 02:50:15",737
"2020-04-11 03:50:14",737
"2020-04-11 04:50:24",737
"2020-04-11 05:50:08",737
"2020-04-11 06:50:15",737
"2020-04-11 07:50:11",737
"2020-04-11 08:50:00",737
"2020-04-11 09:50:04",737
"2020-04-11 10:50:25",737
"2020-04-11 11:50:01",737
"2020-04-11 12:50:11",737
"2020-04-11 13:50:25",737
"2020-04-11 14:50:01",737
"2020-04-11 15:50:27",737
"2020-04-11 16:50:20",737
"2020-04-11 17:50:20",737
"2020-04-11 18:50:18",737
"2020-04-11 19:50:11",737
"2020-04-11 20:49:59",737
"2020-04-11 21:50:12",737
"2020-04-11 22:50:10",737
"2020-04-11 23:50:12",737
"2020-04-12 00:50:26",737
"2020-04-12 01:50:10",737
"2020-04-12 02:50:10",737
"2020-04-12 03:50:04",737
"2020-04-12 04:50:34",737
"2020-04-12 05:50:18",737
"2020-04-12 06:50:17",737
"2020-04-12 07:50:07",737
"2020-04-12 08:50:09",737
"2020-04-12 09:50:16",737
"2020-04-12 10:50:16",737
"2020-04-12 11:50:05",737
"2020-04-12 12:50:12",737
"2020-04-12 13:50:24",737
"2020-04-12 14:50:15",737
"2020-04-12 15:50:13",737
"2020-04-12 16:50:11",737
"2020-04-12 17:50:01",737
"2020-04-12 18:50:21",737
"2020-04-12 19:50:13",737
"2020-04-12 20:50:40",737
"2020-04-12 21:50:21",737
"2020-04-12 22:50:28",737
"2020-04-12 23:50:40",737
"2020-04-13 00:50:56",737
"2020-04-13 01:50:31",737
"2020-04-13 02:50:37",737
"2020-04-13 03:51:04",737
"2020-04-13 04:50:44",737
"2020-04-13 05:50:36",737
"2020-04-13 06:50:14",737
"2020-04-13 07:50:00",737
"2020-04-13 08:50:15",737
"2020-04-13 09:50:10",737
"2020-04-13 10:50:09",737
"2020-04-13 11:50:24",737
"2020-04-13 13:13:17",737
"2020-04-13 13:50:06",737
"2020-04-13 14:50:04",741
"2020-04-13 15:50:08",743
"2020-04-13 16:50:16",743
"2020-04-13 17:50:33",743
"2020-04-13 18:50:00",743
"2020-04-13 19:50:04",743
"2020-04-13 20:50:14",742
"2020-04-13 21:50:16",742
"2020-04-13 22:50:02",742
"2020-04-13 23:50:17",742
"2020-04-14 00:50:59",742
"2020-04-14 01:50:53",742
"2020-04-14 02:50:43",742
"2020-04-14 03:50:45",742
"2020-04-14 04:50:43",742
"2020-04-14 05:50:53",742
"2020-04-14 06:50:25",741
"2020-04-14 07:50:15",741
"2020-04-14 08:50:19",741
"2020-04-14 09:50:16",741
"2020-04-14 10:50:15",741
"2020-04-14 11:50:16",741
"2020-04-14 12:50:13",741
"2020-04-14 13:50:21",741
"2020-04-14 14:50:36",741
"2020-04-14 15:50:39",740
"2020-04-14 16:50:42",739
"2020-04-14 17:50:01",739
"2020-04-14 18:50:48",739
"2020-04-14 19:50:13",739
"2020-04-14 20:50:11",739
"2020-04-14 21:50:15",739
"2020-04-14 22:50:11",739
"2020-04-14 23:50:34",739
"2020-04-15 00:50:38",739
"2020-04-15 01:50:38",739
"2020-04-15 02:50:38",739
"2020-04-15 03:50:33",739
"2020-04-15 04:50:34",739
"2020-04-15 05:50:07",739
"2020-04-15 06:50:03",739
"2020-04-15 07:50:14",739
"2020-04-15 08:50:20",739
"2020-04-15 09:50:13",739
"2020-04-15 10:50:04",739
"2020-04-15 11:50:01",739
"2020-04-15 13:16:21",739
"2020-04-15 14:50:16",738
"2020-04-15 15:50:06",738
"2020-04-15 16:50:25",738
"2020-04-15 17:50:07",739
"2020-04-15 18:50:14",739
"2020-04-15 19:50:26",740
"2020-04-15 20:50:10",740
"2020-04-15 21:50:23",740
"2020-04-15 22:50:25",740
"2020-04-15 23:50:30",740
"2020-04-16 00:50:38",740
"2020-04-16 01:50:46",740
"2020-04-16 02:50:48",740
"2020-04-16 03:50:49",740
"2020-04-16 04:50:51",740
"2020-04-16 05:50:23",740
"2020-04-16 06:50:37",740
"2020-04-16 07:50:18",740
"2020-04-16 08:50:17",740
"2020-04-16 09:50:07",740
"2020-04-16 10:50:18",740
"2020-04-16 11:50:17",740
"2020-04-16 12:50:16",740
"2020-04-16 13:50:16",740
"2020-04-16 14:50:11",741
"2020-04-16 15:50:49",740
"2020-04-16 16:50:48",738
"2020-04-16 17:50:22",740
"2020-04-16 18:50:42",740
"2020-04-16 19:50:10",740
"2020-04-16 20:50:26",739
"2020-04-16 21:50:51",738
"2020-04-16 22:50:22",738
"2020-04-16 23:50:52",738
"2020-04-17 00:50:38",738
"2020-04-17 01:50:40",738
"2020-04-17 02:50:48",738
"2020-04-17 03:50:26",738
"2020-04-17 04:50:19",738
"2020-04-17 05:50:25",738
"2020-04-17 06:50:25",738
"2020-04-17 07:50:40",738
"2020-04-17 08:50:22",738
"2020-04-17 09:50:16",738
"2020-04-17 10:50:20",738
"2020-04-17 11:50:06",738
"2020-04-17 13:13:21",738
"2020-04-17 13:50:40",738
"2020-04-17 14:50:20",738
"2020-04-17 15:50:27",737
"2020-04-17 16:50:03",737
"2020-04-17 17:50:14",735
"2020-04-17 18:50:48",734
"2020-04-17 19:50:36",734
"2020-04-17 20:50:46",732
"2020-04-17 21:50:43",732
"2020-04-17 22:50:28",732
"2020-04-17 23:50:41",732
"2020-04-18 00:50:39",732
"2020-04-18 01:50:34",732
"2020-04-18 02:50:27",732
"2020-04-18 03:50:29",732
"2020-04-18 04:50:45",732
"2020-04-18 05:50:42",732
"2020-04-18 06:50:17",732
"2020-04-18 07:50:10",732
"2020-04-18 08:50:41",732
"2020-04-18 09:49:59",732
"2020-04-18 10:50:14",732
"2020-04-18 11:50:20",732
"2020-04-18 12:50:01",732
"2020-04-18 13:50:32",732
"2020-04-18 14:50:10",732
"2020-04-18 15:50:26",732
"2020-04-18 16:50:00",732
"2020-04-18 17:50:20",732
"2020-04-18 18:50:21",732
"2020-04-18 19:50:16",732
"2020-04-18 20:50:20",732
"2020-04-18 21:50:10",732
"2020-04-18 22:50:32",732
"2020-04-18 23:50:54",732
"2020-04-19 00:50:56",732
"2020-04-19 01:51:15",732
"2020-04-19 02:50:43",732
"2020-04-19 03:50:47",732
"2020-04-19 04:51:16",732
"2020-04-19 05:50:36",732
"2020-04-19 06:50:44",732
"2020-04-19 07:50:31",732
"2020-04-19 08:50:17",732
"2020-04-19 09:50:15",732
"2020-04-19 10:50:14",732
"2020-04-19 11:50:01",732
"2020-04-19 12:50:06",732
"2020-04-19 13:50:40",732
"2020-04-19 14:50:09",732
"2020-04-19 15:50:22",732
"2020-04-19 16:50:24",732
"2020-04-19 17:50:47",732
"2020-04-19 18:50:18",732
"2020-04-19 19:50:13",732
"2020-04-19 20:50:03",732
"2020-04-19 21:51:04",732
"2020-04-19 22:50:51",732
"2020-04-19 23:50:36",732
"2020-04-20 00:51:05",732
"2020-04-20 01:50:51",732
"2020-04-20 02:51:09",732
"2020-04-20 03:51:09",732
"2020-04-20 04:50:37",732
"2020-04-20 05:51:04",732
"2020-04-20 06:50:46",732
"2020-04-20 07:50:15",732
"2020-04-20 08:50:11",732
"2020-04-20 09:50:13",732
"2020-04-20 10:50:12",732
"2020-04-20 11:50:11",732
"2020-04-20 12:50:13",732
"2020-04-20 13:50:09",732
"2020-04-20 14:50:57",734
"2020-04-20 15:50:20",734
"2020-04-20 16:50:34",734
"2020-04-20 17:50:31",735
"2020-04-20 18:50:47",735
"2020-04-20 20:51:37",734
"2020-04-20 21:51:26",733
"2020-04-20 22:51:57",733
"2020-04-20 23:50:46",733
"2020-04-21 00:51:06",733
"2020-04-21 01:50:49",733
"2020-04-21 02:50:44",733
"2020-04-21 03:53:18",733
"2020-04-21 04:54:02",733
"2020-04-21 05:54:21",733
"2020-04-21 06:50:46",733
"2020-04-21 07:50:31",733
"2020-04-21 08:50:25",733
"2020-04-21 09:50:20",733
"2020-04-21 10:50:19",733
"2020-04-21 11:50:18",733
"2020-04-21 12:50:20",733
"2020-04-21 13:50:56",733
"2020-04-21 14:50:46",732
"2020-04-21 15:50:05",732
"2020-04-21 16:50:01",731
"2020-04-21 17:50:46",731
"2020-04-21 18:50:02",732
"2020-04-21 19:50:15",732
"2020-04-21 20:50:55",732
"2020-04-21 21:51:03",732
"2020-04-21 22:50:54",732
"2020-04-21 23:50:11",732
"2020-04-22 00:50:39",732
"2020-04-22 01:50:54",732
"2020-04-22 02:50:58",732
"2020-04-22 03:50:38",732
"2020-04-22 04:50:10",732
"2020-04-22 05:50:14",732
"2020-04-22 06:50:49",732
"2020-04-22 07:50:32",732
"2020-04-22 08:50:05",732
"2020-04-22 09:50:24",732
"2020-04-22 10:51:01",732
"2020-04-22 11:50:05",732
"2020-04-22 12:50:15",732
"2020-04-22 13:50:06",732
"2020-04-22 14:50:43",735
"2020-04-22 15:50:10",736
"2020-04-22 16:50:52",735
"2020-04-22 17:51:07",735
"2020-04-22 18:50:41",735
"2020-04-22 19:50:14",735
"2020-04-22 20:50:31",735
"2020-04-22 21:50:46",735
"2020-04-22 22:50:41",735
"2020-04-22 23:50:50",735
"2020-04-23 00:50:12",735
"2020-04-23 01:50:40",735
"2020-04-23 02:50:51",735
"2020-04-23 03:50:50",735
"2020-04-23 04:50:31",735
"2020-04-23 05:50:04",735
"2020-04-23 06:50:16",735
"2020-04-23 07:50:23",735
"2020-04-23 08:50:15",735
"2020-04-23 09:50:00",735
"2020-04-23 10:50:14",735
"2020-04-23 11:50:28",735
"2020-04-23 12:50:02",735
"2020-04-23 13:50:01",735
"2020-04-23 14:50:04",737
"2020-04-23 15:50:13",736
"2020-04-23 16:50:43",735
"2020-04-23 17:50:03",735
"2020-04-23 18:50:22",735
"2020-04-23 19:50:12",735
"2020-04-23 20:50:52",736
"2020-04-23 21:50:17",736
"2020-04-23 22:50:11",736
"2020-04-23 23:50:25",736
"2020-04-24 00:50:39",736
"2020-04-24 01:51:13",736
"2020-04-24 02:50:00",736
"2020-04-24 03:50:56",736
"2020-04-24 04:50:37",736
"2020-04-24 05:50:07",736
"2020-04-24 06:50:08",736
"2020-04-24 07:50:00",736
"2020-04-24 08:50:23",736
"2020-04-24 09:50:12",736
"2020-04-24 10:50:10",736
"2020-04-24 11:50:00",736
"2020-04-24 13:14:24",736
"2020-04-24 13:50:44",736
"2020-04-24 14:50:23",736
"2020-04-24 15:50:11",735
"2020-04-24 16:50:14",734
"2020-04-24 17:50:22",734
"2020-04-24 18:51:32",735
"2020-04-24 19:50:12",735
"2020-04-24 20:50:26",735
"2020-04-24 21:51:08",735
"2020-04-24 22:51:04",735
"2020-04-24 23:50:26",735
"2020-04-25 00:50:50",735
"2020-04-25 01:50:58",735
"2020-04-25 02:50:52",735
"2020-04-25 03:51:00",735
"2020-04-25 04:50:52",735
"2020-04-25 05:51:07",735
"2020-04-25 06:50:29",735
"2020-04-25 07:50:14",735
"2020-04-25 08:50:28",735
"2020-04-25 09:50:21",735
"2020-04-25 10:50:08",735
"2020-04-25 11:50:19",735
"2020-04-25 12:50:15",735
"2020-04-25 13:50:38",735
"2020-04-25 14:50:22",735
"2020-04-25 15:50:29",735
"2020-04-25 16:50:37",735
"2020-04-25 17:50:30",735
"2020-04-25 18:50:14",735
"2020-04-25 19:50:28",735
"2020-04-25 20:50:17",735
"2020-04-25 21:50:19",735
"2020-04-25 22:50:22",735
"2020-04-25 23:50:23",735
"2020-04-26 00:50:21",735
"2020-04-26 01:50:49",735
"2020-04-26 02:50:45",735
"2020-04-26 03:50:58",735
"2020-04-26 04:50:11",735
"2020-04-26 05:50:58",735
"2020-04-26 06:50:33",735
"2020-04-26 07:50:23",735
"2020-04-26 08:50:20",735
"2020-04-26 09:50:18",735
"2020-04-26 10:50:10",735
"2020-04-26 11:50:26",735
"2020-04-26 12:50:19",735
"2020-04-26 13:50:06",735
"2020-04-26 14:50:14",735
"2020-04-26 15:50:24",735
"2020-04-26 16:50:22",735
"2020-04-26 17:50:19",735
"2020-04-26 18:50:17",735
"2020-04-26 19:50:06",735
"2020-04-26 20:50:13",735
"2020-04-26 21:50:34",735
"2020-04-26 22:50:43",735
"2020-04-26 23:51:11",735
"2020-04-27 00:51:08",735
"2020-04-27 01:51:07",735
"2020-04-27 02:50:53",735
"2020-04-27 03:50:57",735
"2020-04-27 04:51:00",735
"2020-04-27 05:50:29",735
"2020-04-27 06:50:24",735
"2020-04-27 07:50:12",735
"2020-04-27 08:50:26",735
"2020-04-27 09:50:27",735
"2020-04-27 10:50:28",735
"2020-04-27 11:50:01",735
"2020-04-27 12:50:18",735
"2020-04-27 13:51:10",735
"2020-04-27 14:50:31",738
"2020-04-27 15:50:22",737
"2020-04-27 16:50:03",736
"2020-04-27 17:50:23",735
"2020-04-27 18:50:15",734
"2020-04-27 19:50:14",735
"2020-04-27 20:50:14",735
"2020-04-27 21:50:29",735
"2020-04-27 22:50:11",735
"2020-04-27 23:50:48",735
"2020-04-28 00:51:29",735
"2020-04-28 01:50:27",735
"2020-04-28 02:51:05",735
"2020-04-28 03:51:04",735
"2020-04-28 04:50:52",735
"2020-04-28 05:50:18",735
"2020-04-28 06:50:13",735
"2020-04-28 07:50:57",735
"2020-04-28 08:50:45",735
"2020-04-28 09:50:23",735
"2020-04-28 10:50:02",735
"2020-04-28 11:50:22",735
"2020-04-28 12:50:25",735
"2020-04-28 13:50:19",735
"2020-04-28 14:51:08",739
"2020-04-28 15:50:55",739
"2020-04-28 16:50:09",740
"2020-04-28 17:50:17",740
"2020-04-28 18:50:15",741
"2020-04-28 19:50:15",739
"2020-04-28 20:50:19",739
"2020-04-28 21:50:26",739
"2020-04-28 22:50:04",739
"2020-04-28 23:50:41",739
"2020-04-29 00:51:11",739
"2020-04-29 01:51:11",739
"2020-04-29 02:51:02",739
"2020-04-29 03:50:15",739
"2020-04-29 04:50:20",739
"2020-04-29 05:50:08",739
"2020-04-29 06:50:27",739
"2020-04-29 07:50:24",739
"2020-04-29 08:50:21",739
"2020-04-29 09:50:49",739
"2020-04-29 10:50:23",738
"2020-04-29 11:50:01",738
"2020-04-29 13:12:16",738
"2020-04-29 13:50:25",738
"2020-04-29 14:50:08",740
"2020-04-29 15:50:06",736
"2020-04-29 16:50:27",735
"2020-04-29 17:50:28",736
"2020-04-29 18:51:03",738
"2020-04-29 19:51:09",737
"2020-04-29 20:50:22",736
"2020-04-29 21:50:54",736
"2020-04-29 22:51:06",737
"2020-04-29 23:50:36",737
"2020-04-30 00:51:04",737
"2020-04-30 01:51:13",737
"2020-04-30 02:51:57",737
"2020-04-30 03:51:45",737
"2020-04-30 04:50:49",737
"2020-04-30 05:50:39",737
"2020-04-30 06:50:23",737
"2020-04-30 07:50:23",737
"2020-04-30 08:50:27",737
"2020-04-30 09:50:17",737
"2020-04-30 10:50:04",737
"2020-04-30 11:50:46",737
"2020-04-30 12:50:20",737
"2020-04-30 13:50:15",737
"2020-04-30 14:50:43",738
"2020-04-30 15:50:18",738
"2020-04-30 16:50:13",735
"2020-04-30 17:54:11",735
"2020-04-30 18:50:36",735
"2020-04-30 20:50:20",734
"2020-04-30 21:50:25",734
"2020-04-30 22:50:32",734
"2020-04-30 23:50:22",734
"2020-05-01 00:51:12",734
"2020-05-01 01:51:02",734
"2020-05-01 02:50:21",734
"2020-05-01 03:50:09",734
"2020-05-01 04:50:27",734
"2020-05-01 05:50:33",734
"2020-05-01 06:50:26",734
"2020-05-01 07:50:28",734
"2020-05-01 08:50:19",734
"2020-05-01 09:50:22",734
"2020-05-01 10:50:14",734
"2020-05-01 11:50:14",734
"2020-05-01 13:13:20",734
"2020-05-01 13:51:16",734
"2020-05-01 14:50:11",732
"2020-05-01 15:50:10",732
"2020-05-01 16:50:11",732
"2020-05-01 17:50:11",730
"2020-05-01 18:50:10",731
"2020-05-01 19:50:29",731
"2020-05-01 20:50:26",731
"2020-05-01 21:50:47",731
"2020-05-01 22:50:13",731
"2020-05-01 23:50:12",731
"2020-05-02 00:50:14",731
"2020-05-02 01:50:39",731
"2020-05-02 02:50:27",731
"2020-05-02 03:50:48",731
"2020-05-02 04:50:21",731
"2020-05-02 05:50:42",731
"2020-05-02 06:50:23",731
"2020-05-02 07:50:30",731
"2020-05-02 08:50:27",731
"2020-05-02 09:50:20",731
"2020-05-02 10:50:09",731
"2020-05-02 11:50:23",731
"2020-05-02 12:50:08",731
"2020-05-02 13:50:25",731
"2020-05-02 14:50:23",731
"2020-05-02 15:50:34",731
"2020-05-02 16:50:22",731
"2020-05-02 17:50:19",731
"2020-05-02 18:50:31",731
"2020-05-02 19:50:25",731
"2020-05-02 20:50:46",731
"2020-05-02 21:50:26",731
"2020-05-02 22:50:05",731
"2020-05-02 23:50:55",731
"2020-05-03 00:50:23",731
"2020-05-03 01:50:58",731
"2020-05-03 02:50:52",731
"2020-05-03 03:50:52",731
"2020-05-03 04:50:35",731
"2020-05-03 05:50:15",731
"2020-05-03 06:50:17",731
"2020-05-03 07:50:27",731
"2020-05-03 08:50:22",731
"2020-05-03 09:51:14",731
"2020-05-03 10:50:25",731
"2020-05-03 11:50:22",731
"2020-05-03 12:50:19",731
"2020-05-03 13:50:23",731
"2020-05-03 14:50:31",731
"2020-05-03 15:50:25",731
"2020-05-03 16:50:59",731
"2020-05-03 17:51:10",731
"2020-05-03 18:50:11",731
"2020-05-03 19:51:40",731
"2020-05-03 20:51:02",731
"2020-05-03 21:50:50",731
"2020-05-03 22:51:01",731
"2020-05-03 23:51:04",731
"2020-05-04 00:50:58",731
"2020-05-04 01:50:58",731
"2020-05-04 02:51:00",731
"2020-05-04 03:51:01",731
"2020-05-04 04:50:19",731
"2020-05-04 05:50:20",731
"2020-05-04 06:50:32",731
"2020-05-04 09:36:26",731
"2020-05-04 10:53:24",731
"2020-05-04 11:01:07",731
"2020-05-04 11:08:42",731
"2020-05-04 11:50:36",731
"2020-05-04 13:12:27",732
"2020-05-04 13:50:19",732
"2020-05-04 14:50:31",732
"2020-05-04 15:50:20",735
"2020-05-04 16:50:24",735
"2020-05-04 17:50:20",734
"2020-05-04 18:51:12",734
"2020-05-04 19:51:00",734
"2020-05-04 20:50:51",734
"2020-05-04 21:50:58",734
"2020-05-04 22:50:11",734
"2020-05-04 23:50:15",734
"2020-05-05 00:50:10",734
"2020-05-05 01:50:48",734
"2020-05-05 02:50:08",734
"2020-05-05 03:51:10",734
"2020-05-05 04:50:21",734
"2020-05-05 05:50:20",734
"2020-05-05 06:50:23",734
"2020-05-05 07:50:35",734
"2020-05-05 08:50:50",734
"2020-05-05 09:50:06",734
"2020-05-05 10:50:06",734
"2020-05-05 11:50:44",734
"2020-05-05 12:50:33",734
"2020-05-05 13:50:22",734
"2020-05-05 14:50:21",735
"2020-05-05 15:50:17",735
"2020-05-05 16:50:30",735
"2020-05-05 17:50:15",735
"2020-05-05 18:50:07",734
"2020-05-05 19:51:06",735
"2020-05-05 20:50:30",733
"2020-05-05 21:50:03",733
"2020-05-05 22:50:06",733
"2020-05-05 23:50:59",733
"2020-05-06 00:50:27",733
"2020-05-06 01:50:27",733
"2020-05-06 02:50:17",733
"2020-05-06 03:50:05",733
"2020-05-06 04:50:26",733
"2020-05-06 05:50:20",733
"2020-05-06 06:50:06",733
"2020-05-06 17:50:59",807
"2020-05-06 18:51:05",819
"2020-05-06 19:50:10",828
"2020-05-06 20:50:56",855
"2020-05-06 21:50:56",859
"2020-05-06 22:51:05",855
"2020-05-06 23:51:08",855
"2020-05-07 00:50:24",855
"2020-05-07 01:50:37",855
"2020-05-07 02:50:03",855
"2020-05-07 03:50:25",855
"2020-05-07 04:50:31",855
"2020-05-07 05:50:12",855
"2020-05-07 06:50:22",855
"2020-05-07 08:50:29",855
"2020-05-07 09:50:18",855
"2020-05-07 10:50:50",855
"2020-05-07 11:50:28",855
"2020-05-07 12:50:31",855
"2020-05-07 13:50:36",855
"2020-05-07 14:50:50",812
"2020-05-07 15:50:18",802
"2020-05-07 16:50:29",802
"2020-05-07 17:50:17",798
"2020-05-07 18:50:06",799
"2020-05-07 19:51:15",796
"2020-05-07 20:50:07",794
"2020-05-07 21:50:03",794
"2020-05-07 22:50:03",794
"2020-05-07 23:50:25",794
"2020-05-08 00:50:16",794
"2020-05-08 01:50:05",794
"2020-05-08 02:50:15",794
"2020-05-08 03:50:26",793
"2020-05-08 04:50:08",793
"2020-05-08 05:50:08",793
"2020-05-08 06:50:11",793
"2020-05-08 07:50:21",793
"2020-05-08 08:50:35",793
"2020-05-08 09:50:20",793
"2020-05-08 10:50:16",793
"2020-05-08 11:50:25",793
"2020-05-08 13:12:20",793
"2020-05-08 13:50:38",793
"2020-05-08 14:50:23",784
"2020-05-08 15:50:23",778
"2020-05-08 16:51:00",778
"2020-05-08 17:51:05",777
"2020-05-08 18:50:27",773
"2020-05-08 19:50:12",773
"2020-05-08 20:50:28",771
"2020-05-08 21:50:20",771
"2020-05-08 22:50:32",771
"2020-05-08 23:50:23",771
"2020-05-09 00:50:17",771
"2020-05-09 01:50:35",771
"2020-05-09 02:50:23",771
"2020-05-09 03:51:16",771
"2020-05-09 04:50:18",771
"2020-05-09 05:50:27",771
"2020-05-09 06:50:40",771
"2020-05-09 07:50:14",771
"2020-05-09 08:50:41",771
"2020-05-09 09:50:23",771
"2020-05-09 10:50:23",771
"2020-05-09 11:50:08",771
"2020-05-09 12:50:14",771
"2020-05-09 13:50:18",771
"2020-05-09 14:50:11",771
"2020-05-09 15:50:23",771
"2020-05-09 16:50:10",771
"2020-05-09 17:50:24",771
"2020-05-09 18:50:25",771
"2020-05-09 19:50:19",771
"2020-05-09 20:50:12",771
"2020-05-09 21:50:36",771
"2020-05-09 22:50:26",771
"2020-05-09 23:50:14",771
"2020-05-10 00:50:55",771
"2020-05-10 01:50:15",771
"2020-05-10 02:51:07",771
"2020-05-10 03:50:31",771
"2020-05-10 04:50:33",771
"2020-05-10 05:50:43",771
"2020-05-10 06:50:22",771
"2020-05-10 07:50:37",771
"2020-05-10 08:50:25",771
"2020-05-10 09:50:29",771
"2020-05-10 10:50:27",771
"2020-05-10 11:50:35",771
"2020-05-10 12:50:18",771
"2020-05-10 13:50:31",771
"2020-05-10 14:50:10",771
"2020-05-10 15:50:24",771
"2020-05-10 16:50:17",771
"2020-05-10 17:50:15",771
"2020-05-10 18:50:30",771
"2020-05-10 19:50:20",771
"2020-05-10 20:50:36",771
"2020-05-10 21:50:19",771
"2020-05-10 22:50:25",771
"2020-05-10 23:50:27",771
"2020-05-11 00:50:29",771
"2020-05-11 01:50:11",771
"2020-05-11 02:50:26",771
"2020-05-11 03:51:11",771
"2020-05-11 04:50:21",771
"2020-05-11 05:50:18",771
"2020-05-11 06:50:26",771
"2020-05-11 07:50:36",771
"2020-05-11 08:50:45",771
"2020-05-11 09:50:17",771
"2020-05-11 10:50:20",771
"2020-05-11 11:50:09",771
"2020-05-11 13:11:19",771
"2020-05-11 13:50:36",771
"2020-05-11 14:50:31",785
"2020-05-11 15:51:06",786
"2020-05-11 16:50:30",785
"2020-05-11 17:50:30",785
"2020-05-11 18:50:29",784
"2020-05-11 19:50:18",784
"2020-05-11 20:50:18",783
"2020-05-11 21:50:23",783
"2020-05-11 22:50:06",784
"2020-05-11 23:50:37",784
"2020-05-12 00:50:26",784
"2020-05-12 01:50:28",784
"2020-05-12 02:50:19",784
"2020-05-12 03:50:10",784
"2020-05-12 04:50:19",784
"2020-05-12 05:50:14",784
"2020-05-12 06:50:33",784
"2020-05-12 07:51:34",784
"2020-05-12 08:50:20",784
"2020-05-12 09:51:41",784
"2020-05-12 10:50:32",784
"2020-05-12 11:50:09",784
"2020-05-12 13:17:19",784
"2020-05-12 17:50:11",780
"2020-05-12 18:50:11",779
"2020-05-12 19:50:51",778
"2020-05-12 20:50:49",782
"2020-05-12 21:50:32",782
"2020-05-12 22:50:11",782
"2020-05-12 23:50:11",782
"2020-05-13 00:50:50",782
"2020-05-13 01:50:24",782
"2020-05-13 02:51:01",782
"2020-05-13 03:50:49",782
"2020-05-13 06:50:17",782
"2020-05-13 07:50:43",782
"2020-05-13 08:50:44",782
"2020-05-13 09:50:08",782
"2020-05-13 10:50:17",782
"2020-05-13 11:50:09",782
"2020-05-13 12:50:10",782
"2020-05-13 13:50:17",782
"2020-05-13 14:50:11",780
"2020-05-13 15:50:24",780
"2020-05-13 16:50:48",780
"2020-05-13 17:50:14",779
"2020-05-13 18:50:40",780
"2020-05-13 19:50:17",780
"2020-05-13 20:50:12",779
"2020-05-13 21:50:11",779
"2020-05-13 22:50:20",779
"2020-05-13 23:50:27",779
"2020-05-14 00:50:56",779
"2020-05-14 01:50:19",779
"2020-05-14 02:50:12",779
"2020-05-14 03:50:24",779
"2020-05-14 04:50:14",778
"2020-05-14 05:50:20",778
"2020-05-14 06:50:35",778
"2020-05-14 07:50:18",778
"2020-05-14 08:50:35",778
"2020-05-14 09:50:10",778
"2020-05-14 10:50:24",778
"2020-05-14 11:50:33",778
"2020-05-14 12:50:22",778
"2020-05-14 13:50:28",778
"2020-05-14 14:50:24",778
"2020-05-14 15:50:20",778
"2020-05-14 16:50:06",778
"2020-05-14 17:50:10",779
"2020-05-14 18:50:40",778
"2020-05-14 19:50:35",778
"2020-05-14 20:50:12",778
"2020-05-14 21:50:19",778
"2020-05-14 22:50:40",778
"2020-05-14 23:50:30",778
"2020-05-15 00:50:43",778
"2020-05-15 01:50:47",778
"2020-05-15 02:50:58",778
"2020-05-15 03:50:58",778
"2020-05-15 04:50:59",778
"2020-05-15 05:50:21",778
"2020-05-15 06:50:43",778
"2020-05-15 07:50:10",778
"2020-05-15 08:50:27",778
"2020-05-15 09:50:32",778
"2020-05-15 10:50:12",778
"2020-05-15 11:50:20",778
"2020-05-15 12:50:15",778
"2020-05-15 13:50:24",778
"2020-05-15 14:50:10",777
"2020-05-15 15:50:19",778
"2020-05-15 16:50:07",780
"2020-05-15 17:50:34",781
"2020-05-15 18:50:12",781
"2020-05-15 19:50:28",780
"2020-05-15 20:50:20",780
"2020-05-15 21:50:24",780
"2020-05-15 22:50:08",780
"2020-05-15 23:50:06",780
"2020-05-16 00:50:47",780
"2020-05-16 01:50:32",780
"2020-05-16 02:51:17",780
"2020-05-16 03:50:35",780
"2020-05-16 04:50:18",780
"2020-05-16 05:50:17",780
"2020-05-16 06:51:02",780
"2020-05-16 07:50:56",780
"2020-05-16 08:50:18",780
"2020-05-16 09:50:33",780
"2020-05-16 10:50:12",780
"2020-05-16 11:50:07",780
"2020-05-16 12:50:26",780
"2020-05-16 13:50:18",780
"2020-05-16 14:50:10",780
"2020-05-16 15:50:24",780
"2020-05-16 16:50:16",780
"2020-05-16 17:50:12",780
"2020-05-16 18:50:19",780
"2020-05-16 19:50:15",780
"2020-05-16 20:50:24",780
"2020-05-16 21:50:21",780
"2020-05-16 22:50:25",780
"2020-05-16 23:50:23",780
"2020-05-17 00:50:45",780
"2020-05-17 01:50:31",780
"2020-05-18 10:11:52",780
"2020-05-18 10:12:07",780
"2020-05-18 10:12:10",780
"2020-05-18 10:12:24",780
"2020-05-18 10:18:35",780
"2020-05-18 10:30:57",780
"2020-05-18 10:33:55",780
"2020-05-18 10:34:57",780
"2020-05-18 10:35:31",780
"2020-05-18 10:39:39",780
"2020-05-18 10:44:03",780
"2020-05-18 10:45:42",780
"2020-05-18 10:49:57",780
"2020-05-18 10:50:08",780
"2020-05-18 10:50:35",780
"2020-05-18 10:51:31",780
"2020-05-18 10:52:01",780
"2020-05-18 10:52:34",780
"2020-05-18 10:53:20",780
"2020-05-18 10:55:27",780
"2020-05-18 11:01:46",780
"2020-05-18 11:06:18",780
"2020-05-18 11:15:57",780
"2020-05-18 11:21:34",780
"2020-05-18 11:25:21",780
"2020-05-18 11:30:56",780
"2020-05-18 11:34:16",780
"2020-05-18 11:35:27",780
"2020-05-18 11:40:09",780
"2020-05-18 11:41:21",780
"2020-05-18 11:48:59",780
"2020-05-18 11:56:35",780
"2020-05-18 12:04:12",780
"2020-05-18 12:11:50",780
"2020-05-18 13:11:49",780
"2020-05-18 13:50:29",780
"2020-05-18 14:50:20",777
"2020-05-18 15:51:06",773
"2020-05-18 16:51:24",772
"2020-05-18 17:50:19",771
"2020-05-18 18:51:03",769
"2020-05-18 19:50:53",770
"2020-05-18 20:50:26",769
"2020-05-18 21:50:59",769
"2020-05-18 22:51:08",769
"2020-05-18 23:51:12",769
"2020-05-19 01:50:12",769
"2020-05-19 02:50:37",769
"2020-05-19 03:50:32",769
"2020-05-19 04:50:20",769
"2020-05-19 05:50:29",769
"2020-05-19 06:50:28",769
"2020-05-19 07:50:30",769
"2020-05-19 08:50:45",769
"2020-05-19 09:51:20",769
"2020-05-19 10:50:27",769
"2020-05-19 11:50:45",769
"2020-05-19 13:12:22",769
"2020-05-19 13:50:32",769
"2020-05-19 14:50:21",770
"2020-05-19 15:50:14",767
"2020-05-19 16:50:30",767
"2020-05-19 17:50:17",768
"2020-05-19 18:50:30",767
"2020-05-19 19:50:26",766
"2020-05-19 20:50:33",765
"2020-05-19 21:50:34",765
"2020-05-19 22:50:50",765
"2020-05-19 23:50:23",765
"2020-05-20 00:51:04",765
"2020-05-20 01:51:14",765
"2020-05-20 02:51:05",765
"2020-05-20 03:51:06",765
"2020-05-20 04:50:35",765
"2020-05-20 05:50:24",765
"2020-05-20 06:50:20",765
"2020-05-20 07:50:42",765
"2020-05-20 08:50:19",765
"2020-05-20 09:50:29",765
"2020-05-20 10:50:17",765
"2020-05-20 11:50:17",765
"2020-05-20 12:50:14",765
"2020-05-20 13:50:29",765
"2020-05-20 14:50:18",765
"2020-05-20 15:51:10",764
"2020-05-20 16:50:18",763
"2020-05-20 17:51:04",763
"2020-05-20 18:50:26",762
"2020-05-20 19:50:26",762
"2020-05-20 20:50:14",763
"2020-05-20 21:50:31",763
"2020-05-20 22:50:08",763
"2020-05-20 23:50:20",763
"2020-05-21 00:51:04",763
"2020-05-21 01:50:12",763
"2020-05-21 02:50:26",763
"2020-05-21 03:50:26",763
"2020-05-21 04:50:17",763
"2020-05-21 05:50:23",763
"2020-05-21 06:50:24",763
"2020-05-21 07:50:34",763
"2020-05-21 08:50:31",763
"2020-05-21 09:50:14",763
"2020-05-21 10:50:25",763
"2020-05-21 11:50:27",763
"2020-05-21 12:50:22",763
"2020-05-21 13:50:29",763
"2020-05-21 14:50:31",764
"2020-05-21 15:50:17",762
"2020-05-21 16:50:43",761
"2020-05-21 17:50:33",761
"2020-05-21 18:50:28",759
"2020-05-21 19:50:16",758
"2020-05-21 20:50:28",759
"2020-05-21 21:50:31",759
"2020-05-21 22:50:34",759
"2020-05-21 23:51:03",759
"2020-05-22 00:52:04",759
"2020-05-22 01:50:27",759
"2020-05-22 02:50:28",759
"2020-05-22 03:51:11",759
"2020-05-22 04:50:30",759
"2020-05-22 05:50:37",759
"2020-05-22 06:50:23",759
"2020-05-22 07:50:28",759
"2020-05-22 08:50:47",759
"2020-05-22 09:50:30",759
"2020-05-22 10:50:26",759
"2020-05-22 11:50:22",759
"2020-05-22 12:50:28",759
"2020-05-22 13:50:38",759
"2020-05-22 14:50:20",756
"2020-05-22 15:50:20",755
"2020-05-22 16:50:24",755
"2020-05-22 17:50:24",755
"2020-05-22 18:51:02",754
"2020-05-22 19:50:22",753
"2020-05-22 20:50:12",753
"2020-05-22 21:50:14",753
"2020-05-22 22:50:22",753
"2020-05-22 23:50:14",753
"2020-05-23 00:50:30",753
"2020-05-23 01:50:17",753
"2020-05-23 02:50:39",753
"2020-05-23 03:50:27",753
"2020-05-23 04:50:42",753
"2020-05-23 05:50:26",752
"2020-05-23 06:50:39",752
"2020-05-23 07:50:40",752
"2020-05-23 08:50:40",752
"2020-05-23 09:50:30",752
"2020-05-23 10:50:19",752
"2020-05-23 11:50:43",752
"2020-05-23 12:50:25",752
"2020-05-23 13:50:34",752
"2020-05-23 14:50:27",752
"2020-05-23 15:50:15",752
"2020-05-23 16:50:39",752
"2020-05-23 17:50:28",752
"2020-05-23 18:50:43",752
"2020-05-23 19:50:23",752
"2020-05-23 20:50:12",752
"2020-05-23 21:50:14",752
"2020-05-23 22:50:24",752
"2020-05-23 23:50:21",752
"2020-05-24 00:50:37",752
"2020-05-24 01:50:38",752
"2020-05-24 02:50:15",752
"2020-05-24 03:50:24",752
"2020-05-24 04:50:26",752
"2020-05-24 05:50:15",752
"2020-05-24 06:50:19",752
"2020-05-24 07:50:18",752
"2020-05-24 08:50:31",752
"2020-05-24 09:50:14",752
"2020-05-24 10:50:38",752
"2020-05-24 11:50:31",752
"2020-05-24 12:50:23",752
"2020-05-24 13:50:35",752
"2020-05-24 14:50:26",752
"2020-05-24 15:50:12",752
"2020-05-24 16:50:36",752
"2020-05-24 17:50:31",752
"2020-05-24 18:50:36",752
"2020-05-24 19:50:29",752
"2020-05-24 20:50:29",752
"2020-05-24 21:50:50",752
"2020-05-24 22:50:32",752
"2020-05-24 23:50:15",752
"2020-05-25 00:50:18",752
"2020-05-25 01:50:49",752
"2020-05-25 02:50:33",752
"2020-05-25 03:50:52",752
"2020-05-25 04:50:23",752
"2020-05-25 06:52:07",752
"2020-05-25 07:50:31",752
"2020-05-25 08:50:42",752
"2020-05-25 09:50:27",752
"2020-05-25 10:50:24",752
"2020-05-25 11:50:40",752
"2020-05-25 12:50:25",752
"2020-05-25 13:50:15",752
"2020-05-25 14:50:38",752
"2020-05-25 15:50:32",752
"2020-05-25 16:50:09",752
"2020-05-25 17:50:29",752
"2020-05-25 18:50:26",752
"2020-05-25 19:50:32",752
"2020-05-25 20:50:30",752
"2020-05-25 21:50:13",752
"2020-05-25 22:50:10",752
"2020-05-25 23:50:12",752
"2020-05-26 00:50:29",752
"2020-05-26 01:50:13",752
"2020-05-26 02:50:11",752
"2020-05-26 03:50:29",752
"2020-05-26 04:50:38",752
"2020-05-26 05:50:21",752
"2020-05-26 06:50:28",752
"2020-05-26 07:50:35",752
"2020-05-26 08:50:37",752
"2020-05-26 09:50:26",752
"2020-05-26 10:50:23",752
"2020-05-26 11:50:30",752
"2020-05-26 12:50:22",752
"2020-05-26 13:50:32",752
"2020-05-26 14:50:25",753
"2020-05-26 15:50:20",753
"2020-05-26 16:50:16",755
"2020-05-26 17:50:26",754
"2020-05-26 18:50:15",754
"2020-05-26 19:50:16",754
"2020-05-26 20:50:27",754
"2020-05-26 21:50:42",754
"2020-05-26 22:50:15",754
"2020-05-26 23:50:18",754
"2020-05-27 00:51:19",754
"2020-05-27 01:50:16",754
"2020-05-27 02:50:18",754
"2020-05-27 03:50:23",754
"2020-05-27 04:50:23",754
"2020-05-27 05:50:19",754
"2020-05-27 06:50:32",754
"2020-05-27 07:50:27",754
"2020-05-27 08:50:19",754
"2020-05-27 09:50:13",754
"2020-05-27 10:50:18",754
"2020-05-27 11:50:09",754
"2020-05-27 13:12:51",754
"2020-05-27 13:50:42",754
"2020-05-27 14:50:27",755
"2020-05-27 15:50:13",755
"2020-05-27 16:50:14",752
"2020-05-27 17:50:12",752
"2020-05-27 18:50:13",752
"2020-05-27 19:50:29",752
"2020-05-27 20:50:23",752
"2020-05-27 21:50:17",752
"2020-05-27 22:50:20",752
"2020-05-27 23:50:14",752
"2020-05-28 00:50:28",752
"2020-05-28 01:50:39",752
"2020-05-28 02:50:20",752
"2020-05-28 03:50:23",752
"2020-05-28 04:50:21",752
"2020-05-28 05:50:14",752
"2020-05-28 06:50:22",752
"2020-05-28 07:50:38",752
"2020-05-28 08:50:31",752
"2020-05-28 09:50:16",752
"2020-05-28 10:50:36",752
"2020-05-28 11:50:42",752
"2020-05-28 13:13:25",752
"2020-05-28 13:50:28",752
"2020-05-28 14:50:36",755
"2020-05-28 15:50:30",756
"2020-05-28 16:50:49",755
"2020-05-28 17:50:24",755
"2020-05-28 18:50:23",755
"2020-05-28 19:50:19",754
"2020-05-28 20:50:44",754
"2020-05-28 21:50:46",754
"2020-05-28 22:50:19",754
"2020-05-28 23:50:47",754
"2020-05-29 00:50:28",754
"2020-05-29 01:50:29",754
"2020-05-29 02:51:13",754
"2020-05-29 03:50:23",754
"2020-05-29 04:50:32",754
"2020-05-29 05:50:42",754
"2020-05-29 06:50:44",754
"2020-05-29 07:50:56",754
"2020-05-29 08:50:40",754
"2020-05-29 09:55:51",754
"2020-05-29 10:50:34",754
"2020-05-29 11:50:27",754
"2020-05-29 12:51:08",754
"2020-05-29 13:50:44",754
"2020-05-29 14:50:29",754
"2020-05-29 15:50:24",754
"2020-05-29 16:50:13",754
"2020-05-29 17:50:32",755
"2020-05-29 18:50:34",754
"2020-05-29 19:50:25",754
"2020-05-29 20:50:45",753
"2020-05-29 21:50:21",753
"2020-05-29 22:50:27",753
"2020-05-29 23:50:40",753
"2020-05-30 00:50:18",753
"2020-05-30 01:50:13",753
"2020-05-30 02:50:24",753
"2020-05-30 03:50:28",753
"2020-05-30 04:50:23",753
"2020-05-30 05:50:28",753
"2020-05-30 06:50:32",753
"2020-05-30 07:51:02",753
"2020-05-30 09:32:01",753
"2020-05-30 09:50:20",753
"2020-05-30 10:50:31",753
"2020-05-30 11:50:28",753
"2020-05-30 12:50:26",753
"2020-05-30 13:50:25",753
"2020-05-30 14:50:17",753
"2020-05-30 15:50:19",753
"2020-05-30 16:50:46",753
"2020-05-30 17:50:28",753
"2020-05-30 18:50:24",753
"2020-05-30 19:50:36",753
"2020-05-30 20:50:22",753
"2020-05-30 21:50:35",753
"2020-05-30 22:50:23",753
"2020-05-30 23:50:35",753
"2020-05-31 00:50:34",753
"2020-05-31 01:50:38",753
"2020-05-31 02:50:30",753
"2020-05-31 03:50:30",753
"2020-05-31 04:50:23",753
"2020-05-31 05:50:35",753
"2020-05-31 06:50:31",753
"2020-05-31 07:50:36",753
"2020-05-31 09:33:55",753
"2020-05-31 09:50:24",753
"2020-05-31 13:16:31",753
"2020-05-31 13:25:03",753
"2020-05-31 13:26:31",753
"2020-06-01 05:43:46",753
"2020-06-01 05:44:31",753
"2020-06-01 05:45:32",753
"2020-06-01 05:47:01",753
"2020-06-01 06:00:38",753
"2020-06-01 06:08:07",753
"2020-06-01 06:13:31",753
"2020-06-01 06:16:44",753
"2020-06-01 06:17:56",753
"2020-06-01 06:22:03",753
"2020-06-01 06:25:19",753
"2020-06-01 06:27:37",753
"2020-06-01 06:31:34",753
"2020-06-01 06:33:47",753
"2020-06-01 06:35:32",753
"2020-06-01 06:42:25",753
"2020-06-01 06:50:01",753
"2020-06-01 06:57:37",753
"2020-06-01 07:50:28",753
"2020-06-01 08:50:45",753
"2020-06-01 09:50:49",753
"2020-06-01 10:50:20",753
"2020-06-01 11:50:25",753
"2020-06-01 13:11:26",753
"2020-06-01 13:51:31",753
"2020-06-01 14:50:33",757
"2020-06-01 15:50:27",758
"2020-06-01 16:51:16",758
"2020-06-01 17:51:08",757
"2020-06-01 18:51:06",757
"2020-06-01 19:50:36",757
"2020-06-01 20:50:31",757
"2020-06-01 21:50:25",757
"2020-06-01 22:50:17",757
"2020-06-01 23:50:30",757
"2020-06-02 00:50:32",757
"2020-06-02 01:50:17",757
"2020-06-02 02:50:18",757
"2020-06-02 03:50:27",757
"2020-06-02 04:50:24",757
"2020-06-02 05:50:28",757
"2020-06-02 06:50:43",757
"2020-06-02 07:50:33",757
"2020-06-02 08:50:44",757
"2020-06-02 09:50:23",757
"2020-06-02 10:50:40",757
"2020-06-02 11:50:29",757
"2020-06-02 12:50:42",757
"2020-06-02 13:50:42",757
"2020-06-02 14:51:20",757
"2020-06-02 15:51:12",757
"2020-06-02 16:50:25",757
"2020-06-02 17:51:11",757
"2020-06-02 18:50:20",756
"2020-06-02 19:50:49",756
"2020-06-02 20:51:16",756
"2020-06-02 21:50:14",756
"2020-06-02 22:50:33",756
"2020-06-02 23:50:16",756
"2020-06-03 00:50:46",756
"2020-06-03 01:51:16",756
"2020-06-03 02:50:14",756
"2020-06-03 03:51:01",756
"2020-06-03 04:50:54",756
"2020-06-03 05:50:15",756
"2020-06-03 06:50:26",756
"2020-06-03 07:51:09",756
"2020-06-03 09:26:17",756
"2020-06-03 09:50:29",756
"2020-06-03 10:50:27",756
"2020-06-03 11:50:31",756
"2020-06-03 13:14:58",756
"2020-06-03 13:50:33",756
"2020-06-03 14:50:20",755
"2020-06-03 15:51:17",754
"2020-06-03 16:51:07",754
"2020-06-03 17:51:05",754
"2020-06-03 18:51:26",753
"2020-06-03 19:50:54",754
"2020-06-03 20:50:28",754
"2020-06-03 21:50:25",754
"2020-06-03 22:50:25",754
"2020-06-03 23:50:14",754
"2020-06-04 00:51:08",754
"2020-06-04 01:50:42",754
"2020-06-04 02:50:27",754
"2020-06-04 03:50:35",754
"2020-06-04 04:50:34",754
"2020-06-04 05:50:27",754
"2020-06-04 06:50:29",754
"2020-06-04 07:50:43",754
"2020-06-04 08:50:53",754
"2020-06-04 09:50:37",754
"2020-06-04 10:50:23",754
"2020-06-04 11:50:45",754
"2020-06-04 12:50:24",754
"2020-06-04 13:51:20",754
"2020-06-04 14:51:42",752
"2020-06-04 15:51:19",752
"2020-06-04 17:13:32",749
"2020-06-04 17:50:42",749
"2020-06-04 18:51:09",749
"2020-06-04 19:50:31",748
"2020-06-04 20:51:16",748
"2020-06-04 21:51:10",748
"2020-06-04 22:50:27",748
"2020-06-04 23:50:32",748
"2020-06-05 00:50:41",748
"2020-06-05 01:50:23",748
"2020-06-05 02:50:23",748
"2020-06-05 03:50:29",748
"2020-06-05 04:50:37",748
"2020-06-05 05:50:38",748
"2020-06-05 06:50:33",748
"2020-06-05 07:50:34",748
"2020-06-05 09:30:02",748
"2020-06-05 09:50:20",748
"2020-06-05 10:50:22",748
"2020-06-05 11:50:26",748
"2020-06-05 13:16:00",748
"2020-06-05 13:51:04",748
"2020-06-05 14:50:30",748
"2020-06-05 15:50:35",747
"2020-06-05 16:51:23",746
"2020-06-05 17:50:35",744
"2020-06-05 18:50:38",742
"2020-06-05 19:50:37",742
"2020-06-05 20:51:19",743
"2020-06-05 21:50:35",743
"2020-06-05 22:50:33",743
"2020-06-05 23:50:37",743
"2020-06-06 00:50:41",743
"2020-06-06 01:50:21",743
"2020-06-06 02:50:29",743
"2020-06-06 03:50:41",743
"2020-06-06 04:50:41",743
"2020-06-06 05:50:46",743
"2020-06-06 06:50:35",743
"2020-06-06 07:51:33",743
"2020-06-06 08:50:41",743
"2020-06-06 09:59:13",743
"2020-06-06 10:50:24",743
"2020-06-06 11:50:32",743
"2020-06-06 12:50:38",743
"2020-06-06 13:50:24",743
"2020-06-06 14:51:22",743
"2020-06-06 15:50:30",743
"2020-06-06 16:51:08",743
"2020-06-06 18:50:32",743
"2020-06-06 19:50:19",743
"2020-06-06 20:50:29",743
"2020-06-06 21:50:29",743
"2020-06-06 22:50:29",743
"2020-06-06 23:50:43",743
"2020-06-07 00:50:52",743
"2020-06-07 01:50:29",743
"2020-06-07 02:50:31",743
"2020-06-07 03:50:31",743
"2020-06-07 04:50:34",743
"2020-06-07 05:50:33",743
"2020-06-07 06:50:29",743
"2020-06-07 07:50:41",743
"2020-06-07 08:50:41",743
"2020-06-08 04:50:22",743
"2020-06-08 05:50:15",743
"2020-06-08 06:50:49",743
"2020-06-08 07:50:10",743
"2020-06-08 08:50:33",743
"2020-06-08 09:50:25",743
"2020-06-08 10:50:21",743
"2020-06-08 11:50:29",743
"2020-06-08 12:51:21",743
"2020-06-08 13:50:34",743
"2020-06-08 14:51:33",743
"2020-06-08 15:50:29",742
"2020-06-08 17:50:52",741
"2020-06-08 18:51:28",740
"2020-06-08 19:51:26",740
"2020-06-08 20:51:02",739
"2020-06-08 21:50:46",739
"2020-06-08 22:50:44",739
"2020-06-08 23:50:37",739
"2020-06-09 00:50:43",739
"2020-06-09 01:51:00",739
"2020-06-09 02:51:02",739
"2020-06-09 03:50:29",739
"2020-06-09 04:51:21",739
"2020-06-09 05:51:28",739
"2020-06-09 06:51:40",739
"2020-06-09 07:50:57",739
"2020-06-09 08:51:49",739
"2020-06-09 09:51:10",739
"2020-06-09 10:51:00",739
"2020-06-09 11:50:53",739
"2020-06-09 12:51:28",739
"2020-06-09 13:51:28",739
"2020-06-09 14:51:02",738
"2020-06-09 15:51:24",736
"2020-06-09 16:51:29",735
"2020-06-09 17:50:43",734
"2020-06-09 18:51:53",735
"2020-06-09 19:51:58",736
"2020-06-09 20:51:58",736
"2020-06-09 21:51:14",737
"2020-06-09 22:51:25",737
"2020-06-09 23:51:27",737
"2020-06-10 00:51:36",737
"2020-06-10 01:51:11",737
"2020-06-10 02:51:22",737
"2020-06-10 03:51:30",737
"2020-06-10 04:51:11",737
"2020-06-10 05:51:25",737
"2020-06-10 06:51:01",737
"2020-06-10 07:50:28",737
"2020-06-10 08:50:45",737
"2020-06-10 09:50:26",737
"2020-06-10 10:50:31",737
"2020-06-10 11:50:41",737
"2020-06-10 12:51:02",737
"2020-06-10 13:51:36",737
"2020-06-10 15:50:54",738
"2020-06-10 16:50:57",737
"2020-06-10 17:51:02",738
"2020-06-10 18:51:03",740
"2020-06-10 19:50:55",740
"2020-06-10 20:50:39",739
"2020-06-10 21:51:16",739
"2020-06-10 22:50:33",739
"2020-06-10 23:51:16",739
"2020-06-11 00:52:39",739
"2020-06-11 01:50:34",739
"2020-06-11 02:51:48",739
"2020-06-11 03:51:50",739
"2020-06-11 04:51:00",739
"2020-06-11 05:51:45",739
"2020-06-11 06:51:12",739
"2020-06-11 07:51:31",739
"2020-06-11 08:50:48",739
"2020-06-11 09:50:54",739
"2020-06-11 10:50:50",739
"2020-06-11 11:50:36",739
"2020-06-11 12:51:00",739
"2020-06-11 13:51:42",739
"2020-06-11 14:50:57",736
"2020-06-11 15:51:29",736
"2020-06-11 16:52:05",736
"2020-06-11 17:51:13",736
"2020-06-11 18:51:32",736
"2020-06-11 19:51:12",736
"2020-06-11 20:50:39",735
"2020-06-11 21:50:28",735
"2020-06-11 22:50:23",735
"2020-06-11 23:50:18",735
"2020-06-12 00:50:38",735
"2020-06-12 01:50:41",735
"2020-06-12 02:50:38",735
"2020-06-12 03:50:39",735
"2020-06-12 04:50:35",735
"2020-06-12 05:50:27",735
"2020-06-12 06:50:48",735
"2020-06-12 07:50:41",735
"2020-06-12 08:50:30",735
"2020-06-12 09:50:48",735
"2020-06-12 10:50:50",735
"2020-06-12 11:50:39",735
"2020-06-12 14:15:35",735
"2020-06-12 14:23:31",735
"2020-06-12 14:51:18",735
"2020-06-12 15:50:38",735
"2020-06-12 16:50:50",734
"2020-06-12 17:50:59",734
"2020-06-12 18:50:47",734
"2020-06-12 19:51:13",734
"2020-06-12 20:51:10",734
"2020-06-12 21:50:55",734
"2020-06-12 22:50:25",734
"2020-06-12 23:50:28",734
"2020-06-13 00:50:21",734
"2020-06-13 01:50:27",734
"2020-06-13 02:50:30",734
"2020-06-13 03:50:28",734
"2020-06-13 04:50:31",734
"2020-06-13 05:50:22",734
"2020-06-13 06:50:33",734
"2020-06-13 07:50:34",734
"2020-06-13 08:50:23",734
"2020-06-13 09:50:27",734
"2020-06-13 10:50:26",734
"2020-06-13 11:50:22",734
"2020-06-13 12:50:21",734
"2020-06-13 13:50:17",734
"2020-06-13 14:50:29",734
"2020-06-13 15:50:25",734
"2020-06-13 16:50:48",734
"2020-06-13 17:50:28",734
"2020-06-13 18:50:32",734
"2020-06-13 19:50:20",734
"2020-06-13 20:50:27",734
"2020-06-13 21:50:41",734
"2020-06-13 22:50:36",734
"2020-06-13 23:50:38",734
"2020-06-14 00:50:33",734
"2020-06-14 01:50:21",734
"2020-06-14 02:50:35",734
"2020-06-14 03:50:45",734
"2020-06-14 04:50:14",734
"2020-06-14 05:50:52",734
"2020-06-14 06:50:31",734
"2020-06-14 07:50:31",734
"2020-06-14 08:50:24",734
"2020-06-14 09:50:27",734
"2020-06-14 10:50:31",734
"2020-06-14 11:50:18",734
"2020-06-14 12:50:27",734
"2020-06-14 13:50:28",734
"2020-06-14 14:50:55",734
"2020-06-14 15:50:51",734
"2020-06-14 16:50:24",734
"2020-06-14 17:50:30",734
"2020-06-14 18:50:41",734
"2020-06-14 19:50:33",734
"2020-06-14 20:50:34",734
"2020-06-14 21:50:45",734
"2020-06-14 22:50:26",734
"2020-06-14 23:50:34",734
"2020-06-15 00:51:00",734
"2020-06-15 01:50:44",734
"2020-06-15 02:50:36",734
"2020-06-15 03:50:34",734
"2020-06-15 04:50:55",734
"2020-06-15 05:51:13",734
"2020-06-15 06:50:31",734
"2020-06-15 07:50:29",734
"2020-06-15 08:51:26",734
"2020-06-15 09:50:36",734
"2020-06-15 10:50:21",734
"2020-06-15 11:50:26",734
"2020-06-15 12:50:38",734
"2020-06-15 13:51:42",734
"2020-06-15 14:51:29",733
"2020-06-15 15:50:47",733
"2020-06-15 16:51:12",733
"2020-06-15 17:50:50",732
"2020-06-15 18:46:28",730
"2020-06-15 18:54:07",730
"2020-06-15 19:01:48",732
"2020-06-15 19:09:29",732
"2020-06-15 19:17:21",732
"2020-06-15 19:25:04",732
"2020-06-15 19:32:45",732
"2020-06-15 19:40:24",732
"2020-06-15 19:48:03",732
"2020-06-15 19:55:47",732
"2020-06-15 20:03:34",732
"2020-06-15 20:16:15",732
"2020-06-15 20:23:53",732
"2020-06-15 20:31:33",732
"2020-06-15 20:39:10",732
"2020-06-15 20:46:48",732
"2020-06-15 20:54:27",732
"2020-06-15 21:02:09",732
"2020-06-15 21:09:50",732
"2020-06-15 21:17:29",732
"2020-06-15 21:25:07",732
"2020-06-15 21:32:44",732
"2020-06-15 21:40:22",732
"2020-06-15 21:47:59",732
"2020-06-15 21:55:40",732
"2020-06-15 22:50:35",732
"2020-06-15 23:50:23",732
"2020-06-16 00:50:31",732
"2020-06-16 01:50:22",732
"2020-06-16 02:51:23",732
"2020-06-16 03:50:29",732
"2020-06-16 04:50:22",732
"2020-06-16 05:50:28",732
"2020-06-16 06:51:28",732
"2020-06-16 07:51:14",732
"2020-06-16 08:50:24",732
"2020-06-16 09:50:22",732
"2020-06-16 10:50:31",732
"2020-06-16 11:50:22",732
"2020-06-16 12:50:38",732
"2020-06-16 13:50:37",732
"2020-06-16 14:51:08",732
"2020-06-16 15:50:40",732
"2020-06-16 16:50:38",731
"2020-06-16 17:51:30",731
"2020-06-16 18:50:37",731
"2020-06-16 19:50:41",731
"2020-06-16 20:50:43",729
"2020-06-16 21:50:29",729
"2020-06-16 22:50:16",729
"2020-06-16 23:50:18",729
"2020-06-17 00:50:30",729
"2020-06-17 01:51:03",729
"2020-06-17 02:50:40",729
"2020-06-17 03:51:14",729
"2020-06-17 04:50:38",729
"2020-06-17 05:50:31",729
"2020-06-17 06:51:02",729
"2020-06-17 07:50:28",729
"2020-06-17 08:50:28",729
"2020-06-17 09:50:17",729
"2020-06-17 10:50:16",729
"2020-06-17 11:50:32",729
"2020-06-17 12:50:35",729
"2020-06-17 13:50:50",729
"2020-06-17 14:50:33",730
"2020-06-17 15:50:33",730
"2020-06-17 16:50:45",729
"2020-06-17 17:50:42",730
"2020-06-17 18:51:02",731
"2020-06-17 19:51:16",730
"2020-06-17 20:51:19",731
"2020-06-17 21:50:54",731
"2020-06-17 22:50:31",731
"2020-06-17 23:50:36",731
"2020-06-18 00:50:20",731
"2020-06-18 01:50:33",731
"2020-06-18 02:50:17",731
"2020-06-18 03:50:49",731
"2020-06-18 04:50:31",731
"2020-06-18 05:50:16",731
"2020-06-18 06:50:31",731
"2020-06-18 07:50:53",731
"2020-06-18 08:50:32",731
"2020-06-18 09:50:25",731
"2020-06-18 10:50:18",731
"2020-06-18 11:50:53",731
"2020-06-18 12:50:36",731
"2020-06-18 13:51:05",731
"2020-06-18 14:51:04",731
"2020-06-18 17:12:24",731
"2020-06-18 17:50:32",731
"2020-06-18 18:50:55",731
"2020-06-18 19:50:54",731
"2020-06-18 20:50:42",733
"2020-06-18 21:50:57",733
"2020-06-18 22:50:30",733
"2020-06-18 23:50:38",733
"2020-06-19 00:51:10",733
"2020-06-19 01:50:32",733
"2020-06-19 02:50:26",733
"2020-06-19 03:51:15",733
"2020-06-19 04:53:02",733
"2020-06-19 05:50:29",733
"2020-06-19 06:50:25",733
"2020-06-19 07:51:04",733
"2020-06-19 08:51:25",733
"2020-06-19 09:51:05",733
"2020-06-19 10:50:30",733
"2020-06-19 11:50:37",733
"2020-06-19 13:13:29",733
"2020-06-19 13:51:29",733
"2020-06-19 14:50:39",734
"2020-06-19 15:50:47",732
"2020-06-19 16:50:28",732
"2020-06-19 17:51:11",732
"2020-06-19 18:50:31",732
"2020-06-19 19:50:40",733
"2020-06-19 20:50:35",733
"2020-06-19 21:50:35",733
"2020-06-19 22:50:38",733
"2020-06-19 23:51:02",733
"2020-06-20 00:50:36",733
"2020-06-20 01:50:52",733
"2020-06-20 02:50:41",733
"2020-06-20 03:50:26",733
"2020-06-20 04:50:13",733
"2020-06-20 05:50:29",733
"2020-06-20 06:50:23",733
"2020-06-20 07:50:31",733
"2020-06-20 08:50:29",733
"2020-06-20 09:50:29",733
"2020-06-20 10:50:27",733
"2020-06-20 11:50:33",733
"2020-06-20 12:50:30",733
"2020-06-20 13:50:34",733
"2020-06-20 14:50:31",733
"2020-06-20 15:50:17",733
"2020-06-20 16:51:07",733
"2020-06-20 17:50:25",733
"2020-06-20 18:50:25",733
"2020-06-20 19:50:51",733
"2020-06-20 20:50:28",733
"2020-06-20 21:50:32",733
"2020-06-20 22:50:41",733
"2020-06-20 23:50:41",733
"2020-06-21 00:50:40",733
"2020-06-21 01:50:28",733
"2020-06-21 02:50:33",733
"2020-06-21 03:51:14",733
"2020-06-21 04:50:28",733
"2020-06-21 05:51:17",733
"2020-06-21 06:50:32",733
"2020-06-21 07:50:29",733
"2020-06-21 08:50:21",733
"2020-06-21 09:50:18",733
"2020-06-21 10:50:13",733
"2020-06-21 11:50:30",733
"2020-06-21 12:50:42",733
"2020-06-21 13:50:42",733
"2020-06-21 14:51:24",733
"2020-06-21 15:50:30",733
"2020-06-21 16:50:18",733
"2020-06-21 17:50:22",733
"2020-06-21 18:50:33",733
"2020-06-21 19:50:35",733
"2020-06-21 20:50:35",733
"2020-06-21 21:50:37",733
"2020-06-21 22:51:10",733
"2020-06-21 23:50:43",733
"2020-06-22 00:50:22",733
"2020-06-22 01:51:15",733
"2020-06-22 02:50:38",733
"2020-06-22 03:50:29",733
"2020-06-22 04:50:39",733
"2020-06-22 05:51:10",733
"2020-06-22 06:50:34",733
"2020-06-22 07:50:19",733
"2020-06-22 08:50:39",733
"2020-06-22 09:50:36",733
"2020-06-22 10:51:03",733
"2020-06-22 11:50:25",733
"2020-06-22 12:50:37",733
"2020-06-22 13:50:40",733
"2020-06-22 14:50:44",738
"2020-06-22 15:51:11",736
"2020-06-22 16:50:41",735
"2020-06-22 17:52:13",735
"2020-06-22 18:50:34",734
"2020-06-22 20:50:26",737
"2020-06-22 21:51:42",737
"2020-06-22 22:50:21",737
"2020-06-22 23:50:30",737
"2020-06-23 00:50:23",737
"2020-06-23 01:50:32",737
"2020-06-23 02:50:46",737
"2020-06-23 03:50:45",737
"2020-06-23 04:51:00",737
"2020-06-23 05:50:52",737
"2020-06-23 06:50:24",737
"2020-06-23 07:50:44",737
"2020-06-23 08:51:45",737
"2020-06-23 09:50:26",737
"2020-06-23 10:50:43",737
"2020-06-23 11:50:38",737
"2020-06-23 12:50:42",737
"2020-06-23 13:50:56",737
"2020-06-23 14:50:45",735
"2020-06-23 15:50:55",734
"2020-06-23 16:50:38",735
"2020-06-23 17:50:50",735
"2020-06-23 18:51:11",735
"2020-06-23 19:50:23",734
"2020-06-23 20:50:39",735
"2020-06-23 21:50:28",735
"2020-06-23 22:51:07",735
"2020-06-23 23:51:16",735
"2020-06-24 00:51:13",735
"2020-06-24 01:51:08",735
"2020-06-24 02:51:31",735
"2020-06-24 03:50:31",735
"2020-06-24 04:51:05",735
"2020-06-24 05:51:20",735
"2020-06-24 06:50:44",735
"2020-06-24 07:50:30",735
"2020-06-24 08:51:09",735
"2020-06-24 09:50:42",735
"2020-06-24 10:50:46",735
"2020-06-24 11:50:25",735
"2020-06-24 12:50:35",735
"2020-06-24 13:50:41",735
"2020-06-24 14:50:31",734
"2020-06-24 15:50:28",733
"2020-06-24 16:50:53",730
"2020-06-24 17:51:09",730
"2020-06-24 18:51:05",730
"2020-06-24 19:51:12",731
"2020-06-24 20:50:34",731
"2020-06-24 21:50:52",731
"2020-06-24 22:50:50",731
"2020-06-24 23:50:35",731
"2020-06-25 00:51:04",731
"2020-06-25 01:50:36",731
"2020-06-25 02:50:21",731
"2020-06-25 03:50:27",731
"2020-06-25 04:50:35",731
"2020-06-25 05:50:34",731
"2020-06-25 06:50:45",731
"2020-06-25 07:50:46",731
"2020-06-25 08:50:49",731
"2020-06-25 09:51:14",731
"2020-06-25 10:50:28",731
"2020-06-25 11:51:31",731
"2020-06-25 13:12:34",732
"2020-06-25 13:51:09",732
"2020-06-25 14:51:47",732
"2020-06-25 15:51:26",731
"2020-06-25 16:51:18",730
"2020-06-25 17:51:26",731
"2020-06-25 18:50:53",732
"2020-06-25 19:50:47",729
"2020-06-25 20:50:34",729
"2020-06-25 21:51:13",729
"2020-06-25 22:51:15",729
"2020-06-25 23:50:26",729
"2020-06-26 00:51:26",729
"2020-06-26 01:50:46",729
"2020-06-26 02:50:48",729
"2020-06-26 03:51:08",729
"2020-06-26 04:50:28",729
"2020-06-26 05:50:42",729
"2020-06-26 06:50:46",729
"2020-06-26 07:51:05",729
"2020-06-26 08:50:56",729
"2020-06-26 09:50:42",729
"2020-06-26 10:50:31",729
"2020-06-26 11:50:35",729
"2020-06-26 12:50:48",729
"2020-06-26 13:51:50",729
"2020-06-26 14:50:53",729
"2020-06-26 15:50:36",727
"2020-06-26 16:50:49",727
"2020-06-26 17:50:36",728
"2020-06-26 18:50:48",728
"2020-06-26 19:50:53",727
"2020-06-26 20:50:32",727
"2020-06-26 21:50:38",727
"2020-06-26 22:51:10",727
"2020-06-26 23:50:28",727
"2020-06-27 00:51:45",727
"2020-06-27 01:51:10",727
"2020-06-27 02:51:07",727
"2020-06-27 03:51:06",727
"2020-06-27 04:51:18",727
"2020-06-27 05:50:22",727
"2020-06-27 06:50:37",727
"2020-06-27 07:50:39",727
"2020-06-27 08:50:32",727
"2020-06-27 09:50:31",727
"2020-06-27 10:50:36",727
"2020-06-27 11:50:21",727
"2020-06-27 12:50:52",727
"2020-06-27 13:50:40",727
"2020-06-27 14:50:18",727
"2020-06-27 15:51:14",727
"2020-06-27 16:50:39",727
"2020-06-27 17:50:37",727
"2020-06-27 18:50:32",727
"2020-06-27 19:50:35",727
"2020-06-27 20:50:24",727
"2020-06-27 21:50:29",727
"2020-06-27 22:50:36",727
"2020-06-27 23:50:25",727
"2020-06-28 00:50:48",727
"2020-06-28 01:50:24",727
"2020-06-28 02:50:43",727
"2020-06-28 03:50:24",727
"2020-06-28 04:50:23",727
"2020-06-28 05:50:34",727
"2020-06-28 06:50:33",727
"2020-06-28 07:50:55",727
"2020-06-28 08:50:47",727
"2020-06-28 09:50:30",727
"2020-06-28 10:50:31",727
"2020-06-28 11:50:24",727
"2020-06-28 12:50:37",727
"2020-06-28 13:50:38",727
"2020-06-28 14:50:24",727
"2020-06-28 15:50:42",727
"2020-06-28 16:50:34",727
"2020-06-28 17:50:33",727
"2020-06-28 18:50:44",727
"2020-06-28 19:50:41",727
"2020-06-28 20:50:23",727
"2020-06-28 21:50:44",727
"2020-06-28 22:50:54",727
"2020-06-28 23:50:48",727
"2020-06-29 00:50:56",727
"2020-06-29 01:50:23",727
"2020-06-29 02:50:42",727
"2020-06-29 03:50:34",727
"2020-06-29 04:50:43",727
"2020-06-29 05:50:28",727
"2020-06-29 06:50:50",727
"2020-06-29 07:50:54",727
"2020-06-29 08:50:38",727
"2020-06-29 09:50:41",727
"2020-06-29 10:50:33",727
"2020-06-29 11:50:30",727
"2020-06-29 12:50:48",727
"2020-06-29 13:51:04",727
"2020-06-29 14:51:19",729
"2020-06-29 15:50:50",728
"2020-06-29 16:50:40",730
"2020-06-29 17:50:39",730
"2020-06-29 18:50:36",730
"2020-06-29 19:50:49",729
"2020-06-29 20:50:46",727
"2020-06-29 21:50:45",726
"2020-06-29 22:50:34",726
"2020-06-29 23:50:48",726
"2020-06-30 00:51:10",726
"2020-06-30 01:50:44",726
"2020-06-30 02:51:31",726
"2020-06-30 03:50:34",726
"2020-06-30 04:51:18",726
"2020-06-30 05:50:44",726
"2020-06-30 06:51:03",726
"2020-06-30 07:50:36",726
"2020-06-30 08:50:37",726
"2020-06-30 09:50:47",726
"2020-06-30 10:52:40",726
"2020-06-30 11:50:37",726
"2020-06-30 12:50:35",726
"2020-06-30 13:52:00",726
"2020-06-30 14:50:55",728
"2020-06-30 15:51:11",728
"2020-06-30 16:51:41",729
"2020-06-30 17:50:45",730
"2020-06-30 18:51:13",730
"2020-06-30 19:50:40",730
"2020-06-30 20:51:01",730
"2020-06-30 21:51:19",730
"2020-06-30 22:50:27",730
"2020-06-30 23:50:34",730
"2020-07-01 00:51:56",730
"2020-07-01 01:51:38",730
"2020-07-01 02:51:23",730
"2020-07-01 03:50:49",730
"2020-07-01 04:50:49",730
"2020-07-01 05:50:58",730
"2020-07-01 06:50:51",730
"2020-07-01 07:50:55",730
"2020-07-01 08:51:32",730
"2020-07-01 09:51:53",730
"2020-07-01 10:51:34",730
"2020-07-01 11:50:58",730
"2020-07-01 13:12:09",730
"2020-07-01 13:51:47",730
"2020-07-01 14:51:52",730
"2020-07-01 15:51:50",730
"2020-07-01 16:51:34",729
"2020-07-01 17:51:23",729
"2020-07-01 18:51:31",727
"2020-07-01 19:51:45",726
"2020-07-01 20:51:29",727
"2020-07-01 21:50:43",727
"2020-07-01 22:51:26",727
"2020-07-01 23:50:45",727
"2020-07-02 00:52:51",727
"2020-07-02 01:50:48",727
"2020-07-02 02:50:54",727
"2020-07-02 03:51:08",727
"2020-07-02 04:50:53",727
"2020-07-02 05:50:58",727
"2020-07-02 06:50:46",727
"2020-07-02 07:50:37",727
"2020-07-02 08:50:47",727
"2020-07-02 09:51:08",727
"2020-07-02 10:50:48",727
"2020-07-02 11:50:58",727
"2020-07-02 13:15:07",727
"2020-07-02 13:51:25",727
"2020-07-02 14:51:06",727
"2020-07-02 16:51:15",726
"2020-07-02 17:51:06",726
"2020-07-02 18:51:09",724
"2020-07-02 19:51:18",724
"2020-07-02 20:50:34",723
"2020-07-02 21:50:54",723
"2020-07-02 22:50:45",723
"2020-07-02 23:50:32",723
"2020-07-03 00:51:20",723
"2020-07-03 01:50:55",723
"2020-07-03 02:51:15",723
"2020-07-03 03:50:40",723
"2020-07-03 04:51:27",723
"2020-07-03 05:50:44",723
"2020-07-03 06:50:46",723
"2020-07-03 07:50:47",723
"2020-07-03 08:50:44",723
"2020-07-03 09:51:10",723
"2020-07-03 10:50:50",723
"2020-07-03 11:50:38",723
"2020-07-03 12:50:39",723
"2020-07-03 13:50:44",723
"2020-07-03 14:50:53",723
"2020-07-03 15:50:44",723
"2020-07-03 16:50:43",723
"2020-07-03 17:50:46",723
"2020-07-03 18:50:58",723
"2020-07-03 19:50:47",723
"2020-07-03 20:50:52",723
"2020-07-03 21:50:47",723
"2020-07-03 22:50:39",723
"2020-07-03 23:50:56",723
"2020-07-04 00:50:37",723
"2020-07-04 01:51:05",723
"2020-07-04 02:51:16",723
"2020-07-04 03:50:34",723
"2020-07-04 04:50:29",723
"2020-07-04 05:50:44",723
"2020-07-04 06:50:54",723
"2020-07-04 07:50:40",723
"2020-07-04 08:50:49",723
"2020-07-04 09:50:48",723
"2020-07-04 11:42:07",723
"2020-07-04 11:50:43",723
"2020-07-04 12:50:53",723
"2020-07-04 13:50:50",723
"2020-07-04 14:51:02",723
"2020-07-04 15:50:26",723
"2020-07-04 16:51:12",723
"2020-07-04 17:50:47",723
"2020-07-04 18:50:49",723
"2020-07-04 19:50:35",723
"2020-07-04 20:50:45",723
"2020-07-04 21:50:49",723
"2020-07-04 22:50:33",723
"2020-07-04 23:51:00",723
"2020-07-05 00:50:50",723
"2020-07-05 01:50:49",723
"2020-07-05 02:50:29",723
"2020-07-05 03:50:38",723
"2020-07-05 04:50:35",723
"2020-07-05 05:50:51",723
"2020-07-05 06:50:56",723
"2020-07-05 07:50:55",723
"2020-07-05 08:50:48",723
"2020-07-05 11:41:47",723
"2020-07-05 11:43:36",723
"2020-07-05 11:51:17",723
"2020-07-05 12:50:35",723
"2020-07-05 13:50:47",723
"2020-07-05 14:50:33",723
"2020-07-05 15:51:05",723
"2020-07-05 16:50:44",723
"2020-07-05 17:50:37",723
"2020-07-05 18:50:33",723
"2020-07-05 19:51:03",723
"2020-07-05 20:50:44",723
"2020-07-05 21:50:49",723
"2020-07-05 22:50:31",723
"2020-07-05 23:50:35",723
"2020-07-06 00:50:47",723
"2020-07-06 01:50:57",723
"2020-07-06 02:50:50",723
"2020-07-06 03:50:43",723
"2020-07-06 04:50:37",723
"2020-07-06 05:50:22",723
"2020-07-06 06:50:56",723
"2020-07-06 07:51:17",723
