timestamp,users_holding
"2018-05-02 04:52:18",307
"2018-05-02 06:37:31",307
"2018-05-03 00:33:36",308
"2018-05-03 06:32:17",308
"2018-05-03 06:47:13",308
"2018-05-03 07:05:19",308
"2018-05-03 07:32:38",308
"2018-05-03 07:41:51",308
"2018-05-03 11:18:17",308
"2018-05-03 12:41:41",308
"2018-05-03 13:41:41",308
"2018-05-03 14:41:42",308
"2018-05-03 15:41:42",309
"2018-05-03 16:41:42",310
"2018-05-03 17:41:42",309
"2018-05-03 18:41:41",309
"2018-05-03 19:41:42",310
"2018-05-03 20:41:42",310
"2018-05-03 21:41:41",310
"2018-05-03 22:41:42",310
"2018-05-03 23:41:41",310
"2018-05-04 00:41:41",310
"2018-05-04 01:41:42",310
"2018-05-04 02:41:42",310
"2018-05-04 03:41:41",310
"2018-05-04 04:41:42",310
"2018-05-04 05:41:41",310
"2018-05-04 06:41:41",310
"2018-05-04 07:41:42",310
"2018-05-04 08:41:43",310
"2018-05-04 09:41:42",310
"2018-05-04 10:41:42",310
"2018-05-04 11:41:42",310
"2018-05-04 12:41:41",310
"2018-05-04 20:46:25",309
"2018-05-04 20:52:25",309
"2018-05-04 20:58:25",309
"2018-05-04 21:04:24",309
"2018-05-04 21:10:24",309
"2018-05-04 21:16:24",309
"2018-05-04 21:22:23",309
"2018-05-04 21:28:23",309
"2018-05-04 21:41:41",309
"2018-05-04 22:41:42",309
"2018-05-04 23:41:41",309
"2018-05-05 00:41:41",309
"2018-05-05 01:41:42",309
"2018-05-05 02:41:41",309
"2018-05-05 03:41:41",309
"2018-05-05 04:41:41",309
"2018-05-05 05:41:41",309
"2018-05-05 06:41:42",309
"2018-05-05 07:41:42",309
"2018-05-05 08:41:42",309
"2018-05-05 09:41:41",309
"2018-05-05 10:41:42",309
"2018-05-05 11:41:41",309
"2018-05-05 12:41:42",309
"2018-05-05 13:41:43",309
"2018-05-05 14:41:42",309
"2018-05-05 15:41:42",309
"2018-05-05 16:41:42",309
"2018-05-05 17:41:42",309
"2018-05-05 18:41:42",309
"2018-05-05 19:41:41",309
"2018-05-05 20:41:42",309
"2018-05-05 21:41:41",309
"2018-05-05 22:41:42",309
"2018-05-05 23:41:41",309
"2018-05-06 00:41:41",309
"2018-05-06 01:41:41",309
"2018-05-06 02:41:42",309
"2018-05-06 03:41:42",309
"2018-05-06 04:41:41",309
"2018-05-06 05:41:42",309
"2018-05-06 06:41:41",309
"2018-05-06 07:41:46",309
"2018-05-06 08:41:41",309
"2018-05-06 09:41:41",309
"2018-05-06 10:41:41",309
"2018-05-06 11:41:42",309
"2018-05-06 12:41:41",309
"2018-05-06 13:41:42",309
"2018-05-06 14:41:42",309
"2018-05-06 15:41:42",309
"2018-05-06 16:41:42",309
"2018-05-06 17:41:41",309
"2018-05-06 18:41:42",309
"2018-05-06 19:41:42",309
"2018-05-06 20:41:42",309
"2018-05-06 21:41:42",309
"2018-05-06 22:41:41",309
"2018-05-06 23:41:42",309
"2018-05-07 00:41:41",309
"2018-05-07 01:41:41",309
"2018-05-07 01:55:17",309
"2018-05-07 02:41:42",309
"2018-05-07 03:41:41",309
"2018-05-07 04:41:42",309
"2018-05-07 05:41:42",309
"2018-05-07 06:41:41",309
"2018-05-07 07:41:41",309
"2018-05-07 08:41:44",309
"2018-05-07 09:41:41",309
"2018-05-07 10:41:41",309
"2018-05-07 11:41:41",309
"2018-05-07 12:41:41",309
"2018-05-07 13:41:49",309
"2018-05-07 14:41:41",309
"2018-05-07 15:41:42",309
"2018-05-07 16:41:44",309
"2018-05-07 22:41:41",310
"2018-05-07 23:41:41",310
"2018-05-08 00:41:42",310
"2018-05-08 01:41:43",310
"2018-05-08 02:41:41",310
"2018-05-08 03:41:41",310
"2018-05-08 04:41:41",310
"2018-05-08 05:41:40",310
"2018-05-08 06:41:41",310
"2018-05-08 07:41:41",310
"2018-05-08 08:41:40",310
"2018-05-08 09:41:40",310
"2018-05-08 10:41:41",310
"2018-05-08 11:41:40",310
"2018-05-08 12:41:40",310
"2018-05-08 13:41:41",310
"2018-05-08 14:41:41",310
"2018-05-08 15:41:40",310
"2018-05-08 16:41:40",311
"2018-05-08 17:41:41",311
"2018-05-08 18:41:41",311
"2018-05-08 19:41:41",311
"2018-05-08 20:41:40",310
"2018-05-08 21:41:40",310
"2018-05-08 22:41:41",310
"2018-05-08 23:41:46",310
"2018-05-09 00:41:41",310
"2018-05-09 01:41:41",310
"2018-05-09 02:41:41",310
"2018-05-09 03:41:40",310
"2018-05-09 04:41:41",310
"2018-05-09 05:41:42",310
"2018-05-09 06:41:41",310
"2018-05-09 07:41:41",310
"2018-05-09 08:41:41",310
"2018-05-09 09:41:40",310
"2018-05-09 10:41:40",310
"2018-05-09 11:41:41",310
"2018-05-09 12:41:40",310
"2018-05-09 13:41:42",310
"2018-05-09 14:41:40",310
"2018-05-09 15:41:40",310
"2018-05-09 16:41:40",310
"2018-05-09 17:41:42",310
"2018-05-09 18:41:41",310
"2018-05-09 19:41:41",309
"2018-05-09 20:41:40",309
"2018-05-09 21:41:42",309
"2018-05-09 22:41:40",309
"2018-05-09 23:41:40",309
"2018-05-10 00:41:42",309
"2018-05-10 01:41:42",309
"2018-05-10 02:41:42",309
"2018-05-10 03:41:43",309
"2018-05-10 04:41:42",309
"2018-05-10 05:41:42",309
"2018-05-10 06:41:42",309
"2018-05-10 07:41:43",309
"2018-05-10 08:41:42",309
"2018-05-10 09:41:41",309
"2018-05-10 10:41:42",309
"2018-05-10 11:41:42",309
"2018-05-10 12:41:42",309
"2018-05-10 13:41:51",309
"2018-05-10 14:41:42",306
"2018-05-10 15:41:43",307
"2018-05-10 16:41:42",308
"2018-05-10 17:41:42",308
"2018-05-10 18:41:42",307
"2018-05-10 19:41:44",307
"2018-05-10 20:41:43",309
"2018-05-10 21:41:43",309
"2018-05-10 22:41:43",309
"2018-05-10 23:41:43",309
"2018-05-11 00:41:43",309
"2018-05-11 01:41:44",309
"2018-05-11 02:41:43",309
"2018-05-11 03:41:43",309
"2018-05-11 04:41:43",309
"2018-05-11 05:41:44",309
"2018-05-11 06:41:43",309
"2018-05-11 07:41:43",309
"2018-05-11 08:41:43",309
"2018-05-11 09:41:43",309
"2018-05-11 10:41:43",309
"2018-05-11 11:41:43",309
"2018-05-11 12:41:42",309
"2018-05-11 13:41:45",309
"2018-05-11 14:41:43",308
"2018-05-11 15:41:44",306
"2018-05-11 16:41:43",306
"2018-05-11 17:41:44",305
"2018-05-11 18:41:43",305
"2018-05-11 19:41:43",305
"2018-05-11 20:41:43",304
"2018-05-11 21:41:43",304
"2018-05-11 22:41:42",304
"2018-05-11 23:41:42",304
"2018-05-12 00:41:43",304
"2018-05-12 01:41:43",304
"2018-05-12 02:41:43",304
"2018-05-12 03:41:44",304
"2018-05-12 04:41:43",304
"2018-05-12 05:41:43",304
"2018-05-12 06:41:43",304
"2018-05-12 07:41:43",304
"2018-05-12 08:41:43",304
"2018-05-12 09:41:43",304
"2018-05-12 10:41:43",304
"2018-05-12 11:41:43",304
"2018-05-12 12:41:43",304
"2018-05-12 13:41:44",304
"2018-05-12 14:41:43",304
"2018-05-12 15:41:44",304
"2018-05-12 16:41:42",304
"2018-05-12 17:41:43",304
"2018-05-12 18:41:42",304
"2018-05-12 19:41:44",304
"2018-05-12 20:41:43",304
"2018-05-12 21:41:42",304
"2018-05-12 22:41:42",304
"2018-05-12 23:41:43",304
"2018-05-13 00:41:43",304
"2018-05-13 01:41:43",304
"2018-05-13 02:41:42",304
"2018-05-13 03:41:43",304
"2018-05-13 04:41:44",304
"2018-05-13 05:41:43",304
"2018-05-13 06:41:44",304
"2018-05-13 07:41:43",304
"2018-05-13 08:41:43",304
"2018-05-13 09:41:43",304
"2018-05-13 10:41:42",304
"2018-05-13 11:41:42",304
"2018-05-13 12:41:43",304
"2018-05-13 13:41:43",304
"2018-05-13 14:41:43",304
"2018-05-13 15:41:43",304
"2018-05-13 16:41:44",304
"2018-05-13 17:41:43",304
"2018-05-13 18:41:44",304
"2018-05-13 19:41:42",304
"2018-05-13 20:41:44",304
"2018-05-13 21:41:43",304
"2018-05-13 22:41:44",304
"2018-05-13 23:41:44",304
"2018-05-14 00:41:43",304
"2018-05-14 01:41:43",304
"2018-05-14 02:41:43",304
"2018-05-14 03:41:43",304
"2018-05-14 04:41:44",304
"2018-05-14 05:41:43",304
"2018-05-14 06:41:42",304
"2018-05-14 07:41:42",304
"2018-05-14 08:41:42",304
"2018-05-14 09:41:43",304
"2018-05-14 10:41:43",304
"2018-05-14 11:41:43",304
"2018-05-14 12:41:42",304
"2018-05-14 13:41:44",304
"2018-05-14 14:41:44",305
"2018-05-14 15:41:43",305
"2018-05-14 16:41:43",305
"2018-05-14 17:41:42",305
"2018-05-14 18:41:44",306
"2018-05-14 19:41:42",305
"2018-05-14 20:41:43",307
"2018-05-14 21:41:42",307
"2018-05-14 22:41:43",307
"2018-05-14 23:41:43",307
"2018-05-15 00:41:43",307
"2018-05-15 01:41:43",307
"2018-05-15 02:41:44",307
"2018-05-15 03:41:43",307
"2018-05-15 04:41:43",307
"2018-05-15 05:41:43",307
"2018-05-15 06:41:42",307
"2018-05-15 07:41:42",307
"2018-05-15 08:41:43",307
"2018-05-15 09:41:43",307
"2018-05-15 10:41:43",307
"2018-05-15 11:41:43",307
"2018-05-15 12:41:43",307
"2018-05-15 13:41:43",307
"2018-05-15 14:41:44",308
"2018-05-15 15:41:43",310
"2018-05-15 16:41:43",308
"2018-05-15 17:41:42",307
"2018-05-15 18:41:43",307
"2018-05-15 19:41:42",308
"2018-05-15 20:41:41",308
"2018-05-15 21:41:41",308
"2018-05-15 22:41:42",308
"2018-05-15 23:41:42",308
"2018-05-16 00:41:41",308
"2018-05-16 01:41:42",308
"2018-05-16 02:41:42",308
"2018-05-16 03:41:42",308
"2018-05-16 04:41:43",308
"2018-05-16 05:41:42",308
"2018-05-16 06:41:43",308
"2018-05-16 07:41:42",308
"2018-05-16 08:41:43",308
"2018-05-16 09:41:41",308
"2018-05-16 10:41:41",308
"2018-05-16 11:41:42",308
"2018-05-16 12:41:43",308
"2018-05-16 13:41:43",308
"2018-05-16 14:41:42",309
"2018-05-16 15:41:42",307
"2018-05-16 16:41:42",306
"2018-05-16 17:41:43",306
"2018-05-16 18:41:42",306
"2018-05-16 19:41:42",306
"2018-05-16 20:41:42",307
"2018-05-16 21:41:41",307
"2018-05-16 22:41:41",307
"2018-05-16 23:41:42",307
"2018-05-17 00:41:43",307
"2018-05-17 01:41:41",307
"2018-05-17 02:41:42",307
"2018-05-17 03:41:42",307
"2018-05-17 04:41:42",307
"2018-05-17 05:41:42",307
"2018-05-17 06:41:43",307
"2018-05-17 07:41:43",307
"2018-05-17 08:41:42",307
"2018-05-17 09:41:42",307
"2018-05-17 10:41:41",307
"2018-05-17 11:41:42",307
"2018-05-17 12:41:42",307
"2018-05-17 13:41:43",307
"2018-05-17 14:41:42",307
"2018-05-17 15:41:42",306
"2018-05-18 07:41:42",307
"2018-05-18 08:41:42",307
"2018-05-18 09:41:41",307
"2018-05-18 10:41:41",307
"2018-05-18 11:41:41",307
"2018-05-18 12:41:42",307
"2018-05-18 13:41:43",307
"2018-05-18 14:41:42",306
"2018-05-18 15:41:41",305
"2018-05-18 16:41:41",305
"2018-05-18 17:41:41",305
"2018-05-18 18:41:41",305
"2018-05-18 19:41:42",304
"2018-05-18 20:41:42",304
"2018-05-18 21:41:41",304
"2018-05-18 22:41:42",304
"2018-05-18 23:41:42",304
"2018-05-19 00:41:41",304
"2018-05-19 01:41:42",304
"2018-05-19 02:41:42",304
"2018-05-19 03:41:42",304
"2018-05-19 04:41:42",304
"2018-05-19 05:41:42",304
"2018-05-19 06:41:43",304
"2018-05-19 07:41:41",304
"2018-05-19 08:41:42",304
"2018-05-19 09:41:42",304
"2018-05-19 10:41:41",304
"2018-05-19 11:41:42",304
"2018-05-19 12:41:42",304
"2018-05-19 13:41:43",304
"2018-05-19 14:41:42",304
"2018-05-19 15:41:42",304
"2018-05-19 16:41:42",304
"2018-05-19 17:41:42",304
"2018-05-19 18:41:41",304
"2018-05-19 19:41:42",304
"2018-05-19 20:41:42",304
"2018-05-19 21:41:42",304
"2018-05-19 22:41:41",304
"2018-05-19 23:41:42",304
"2018-05-20 00:41:42",304
"2018-05-20 01:41:43",304
"2018-05-20 02:41:42",304
"2018-05-20 03:41:41",304
"2018-05-20 04:41:42",304
"2018-05-20 05:41:42",304
"2018-05-20 06:41:41",304
"2018-05-20 07:41:41",304
"2018-05-20 08:41:42",304
"2018-05-20 09:41:42",304
"2018-05-20 10:41:42",304
"2018-05-20 11:41:42",304
"2018-05-20 12:41:41",304
"2018-05-20 13:41:41",304
"2018-05-20 14:41:44",304
"2018-05-20 15:41:42",304
"2018-05-20 16:41:42",304
"2018-05-20 17:41:42",304
"2018-05-20 18:41:42",304
"2018-05-20 19:41:42",304
"2018-05-20 20:41:41",304
"2018-05-20 21:41:41",304
"2018-05-20 22:41:42",304
"2018-05-20 23:41:42",304
"2018-05-21 00:41:42",304
"2018-05-21 01:41:51",304
"2018-05-21 02:41:46",304
"2018-05-21 03:41:43",304
"2018-05-21 04:41:44",304
"2018-05-21 05:41:42",304
"2018-05-21 06:41:42",304
"2018-05-21 07:41:43",304
"2018-05-21 08:41:44",304
"2018-05-21 09:41:42",304
"2018-05-21 10:41:42",304
"2018-05-21 11:41:42",304
"2018-05-21 12:41:44",304
"2018-05-21 13:41:43",304
"2018-05-21 14:41:42",304
"2018-05-21 15:41:42",305
"2018-05-21 16:41:42",305
"2018-05-21 17:41:41",304
"2018-05-21 18:41:42",301
"2018-05-21 19:41:42",303
"2018-05-21 20:41:42",303
"2018-05-21 21:41:42",303
"2018-05-21 22:41:41",303
"2018-05-21 23:41:42",303
"2018-05-22 00:41:42",303
"2018-05-22 01:41:42",303
"2018-05-22 02:41:42",303
"2018-05-22 03:41:42",303
"2018-05-22 04:41:42",303
"2018-05-22 05:41:41",303
"2018-05-22 06:41:41",303
"2018-05-22 07:41:42",303
"2018-05-22 08:41:47",303
"2018-05-22 09:41:42",303
"2018-05-22 10:41:41",303
"2018-05-22 11:41:41",303
"2018-05-22 12:41:43",303
"2018-05-22 13:41:45",303
"2018-05-22 14:41:43",303
"2018-05-22 15:41:44",303
"2018-05-22 16:41:43",302
"2018-05-22 17:41:43",303
"2018-05-22 18:41:43",301
"2018-05-22 19:41:43",300
"2018-05-22 20:41:43",299
"2018-05-22 21:41:43",299
"2018-05-22 22:41:43",299
"2018-05-22 23:41:43",299
"2018-05-23 00:41:42",299
"2018-05-23 01:41:43",299
"2018-05-23 02:41:43",299
"2018-05-23 03:41:44",299
"2018-05-23 04:41:43",299
"2018-05-23 05:41:44",299
"2018-05-23 06:41:43",299
"2018-05-23 07:41:46",299
"2018-05-23 08:41:43",299
"2018-05-23 09:41:43",299
"2018-05-23 10:41:44",299
"2018-05-23 11:41:43",299
"2018-05-23 12:41:42",299
"2018-05-23 13:41:43",299
"2018-05-23 14:41:43",301
"2018-05-23 15:41:43",301
"2018-05-23 16:41:45",300
"2018-05-23 17:41:43",299
"2018-05-23 18:41:42",300
"2018-05-23 19:41:43",300
"2018-05-23 20:41:44",300
"2018-05-23 21:41:43",300
"2018-05-23 22:41:43",300
"2018-05-23 23:41:43",300
"2018-05-24 00:41:43",300
"2018-05-24 01:41:43",300
"2018-05-24 02:41:43",300
"2018-05-24 03:41:43",300
"2018-05-24 04:41:42",300
"2018-05-24 06:41:44",300
"2018-05-24 07:41:43",300
"2018-05-24 08:41:43",300
"2018-05-24 09:41:43",300
"2018-05-24 10:41:43",300
"2018-05-24 11:41:43",300
"2018-05-24 12:41:43",300
"2018-05-24 13:41:43",300
"2018-05-24 20:10:51",304
"2018-05-24 20:41:42",304
"2018-05-24 21:41:43",304
"2018-05-24 22:41:43",304
"2018-05-24 23:41:43",304
"2018-05-25 00:41:43",304
"2018-05-25 01:41:43",304
"2018-05-25 02:41:43",304
"2018-05-25 03:41:43",304
"2018-05-25 04:41:43",304
"2018-05-25 05:41:44",304
"2018-05-25 06:41:43",304
"2018-05-25 07:41:43",304
"2018-05-25 08:41:43",304
"2018-05-25 09:41:43",304
"2018-05-25 10:41:43",304
"2018-05-25 11:41:43",304
"2018-05-25 12:41:43",304
"2018-05-25 13:41:43",304
"2018-05-25 14:41:42",303
"2018-05-25 15:41:43",302
"2018-05-25 16:41:43",300
"2018-05-25 17:41:42",300
"2018-05-25 18:41:42",299
"2018-05-25 19:41:43",299
"2018-05-25 20:41:43",299
"2018-05-25 21:41:43",299
"2018-05-25 22:41:42",299
"2018-05-25 23:41:43",299
"2018-05-26 00:41:43",299
"2018-05-26 01:41:43",299
"2018-05-26 02:41:43",299
"2018-05-26 03:41:43",299
"2018-05-26 04:41:42",299
"2018-05-26 05:41:43",299
"2018-05-26 06:41:43",299
"2018-05-26 07:41:43",299
"2018-05-26 08:41:43",299
"2018-05-26 09:41:42",299
"2018-05-26 10:41:43",299
"2018-05-26 11:41:43",299
"2018-05-26 12:41:43",299
"2018-05-26 13:41:43",299
"2018-05-26 14:41:43",299
"2018-05-26 15:41:43",299
"2018-05-26 16:41:43",299
"2018-05-26 17:41:43",299
"2018-05-26 18:41:44",299
"2018-05-26 19:41:46",299
"2018-05-26 20:41:43",299
"2018-05-26 21:41:42",299
"2018-05-26 22:41:43",299
"2018-05-26 23:41:43",299
"2018-05-27 00:41:43",299
"2018-05-27 01:41:43",299
"2018-05-27 02:41:43",299
"2018-05-27 03:41:43",299
"2018-05-27 04:41:43",299
"2018-05-27 05:41:44",299
"2018-05-27 06:41:43",299
"2018-05-27 07:41:42",299
"2018-05-27 08:41:43",299
"2018-05-27 09:41:42",299
"2018-05-27 10:41:42",299
"2018-05-27 11:41:43",299
"2018-05-27 12:41:42",299
"2018-05-27 13:41:43",299
"2018-05-27 14:41:43",299
"2018-05-27 15:41:43",299
"2018-05-27 16:41:43",299
"2018-05-27 17:41:42",299
"2018-05-27 18:41:43",299
"2018-05-27 19:41:42",299
"2018-05-27 20:41:43",299
"2018-05-27 21:41:43",299
"2018-05-27 22:41:44",299
"2018-05-27 23:41:43",299
"2018-05-28 00:41:42",299
"2018-05-28 01:41:42",299
"2018-05-28 02:41:42",299
"2018-05-28 03:41:43",299
"2018-05-28 04:41:43",299
"2018-05-28 05:41:42",299
"2018-05-28 06:41:43",299
"2018-05-28 07:41:42",299
"2018-05-28 08:41:42",299
"2018-05-28 09:41:43",299
"2018-05-28 10:41:42",299
"2018-05-28 11:41:42",299
"2018-05-28 12:41:42",299
"2018-05-28 13:41:43",299
"2018-05-28 14:41:42",299
"2018-05-28 15:41:43",299
"2018-05-28 16:41:43",299
"2018-05-28 17:41:43",299
"2018-05-28 18:41:43",299
"2018-05-28 19:41:43",299
"2018-05-28 20:41:43",299
"2018-05-28 21:41:43",299
"2018-05-28 22:41:43",299
"2018-05-28 23:41:43",299
"2018-05-29 00:41:43",299
"2018-05-29 01:41:42",299
"2018-05-29 02:41:43",299
"2018-05-29 03:41:43",299
"2018-05-29 04:41:43",299
"2018-05-29 05:41:43",299
"2018-05-29 06:41:43",299
"2018-05-29 07:41:42",299
"2018-05-29 08:41:48",299
"2018-05-29 09:41:43",299
"2018-05-29 10:41:42",299
"2018-05-29 11:41:42",299
"2018-05-29 12:41:43",299
"2018-05-30 19:52:24",304
"2018-05-30 20:41:43",305
"2018-05-30 21:41:43",305
"2018-05-30 22:41:43",305
"2018-05-30 23:41:43",305
"2018-05-31 00:41:43",305
"2018-05-31 01:41:43",305
"2018-05-31 02:41:43",305
"2018-05-31 03:41:47",305
"2018-05-31 04:41:43",305
"2018-05-31 05:41:43",305
"2018-05-31 06:41:44",305
"2018-05-31 07:41:42",305
"2018-05-31 08:41:43",305
"2018-05-31 09:41:43",305
"2018-05-31 10:41:42",305
"2018-05-31 11:41:43",305
"2018-05-31 12:41:43",305
"2018-05-31 13:41:44",305
"2018-05-31 14:41:43",305
"2018-05-31 15:41:43",304
"2018-05-31 16:41:42",304
"2018-05-31 17:41:42",304
"2018-05-31 18:41:43",304
"2018-05-31 19:41:43",304
"2018-05-31 20:41:43",304
"2018-05-31 21:41:43",304
"2018-05-31 22:41:43",304
"2018-05-31 23:41:42",304
"2018-06-01 00:41:43",304
"2018-06-01 01:41:42",304
"2018-06-01 02:41:43",304
"2018-06-01 03:41:43",304
"2018-06-01 04:41:43",304
"2018-06-01 05:41:42",304
"2018-06-01 06:41:43",304
"2018-06-01 07:41:43",304
"2018-06-01 08:41:42",304
"2018-06-01 09:41:42",304
"2018-06-01 10:41:42",304
"2018-06-01 11:41:43",304
"2018-06-01 12:41:42",304
"2018-06-01 13:41:51",304
"2018-06-01 14:41:43",302
"2018-06-01 15:41:45",303
"2018-06-01 16:41:44",302
"2018-06-01 17:41:44",301
"2018-06-01 18:41:44",301
"2018-06-01 19:41:45",301
"2018-06-01 20:41:44",300
"2018-06-01 21:41:44",300
"2018-06-01 22:41:44",300
"2018-06-01 23:41:44",300
"2018-06-02 00:41:44",300
"2018-06-02 01:41:44",300
"2018-06-02 02:41:45",300
"2018-06-02 03:41:44",300
"2018-06-02 04:41:44",300
"2018-06-02 05:41:44",300
"2018-06-02 06:41:44",300
"2018-06-02 07:41:44",300
"2018-06-02 08:41:43",300
"2018-06-02 09:41:44",300
"2018-06-02 10:41:43",300
"2018-06-02 11:41:43",300
"2018-06-02 12:41:45",300
"2018-06-02 13:41:45",300
"2018-06-02 14:41:44",300
"2018-06-02 15:41:45",300
"2018-06-02 16:41:44",300
"2018-06-02 17:41:44",300
"2018-06-02 18:41:43",300
"2018-06-02 19:41:44",300
"2018-06-02 20:41:44",300
"2018-06-02 21:41:44",300
"2018-06-02 22:41:44",300
"2018-06-02 23:41:45",300
"2018-06-03 00:41:43",300
"2018-06-03 01:41:44",300
"2018-06-03 02:41:44",300
"2018-06-03 03:41:44",300
"2018-06-03 04:41:43",300
"2018-06-03 05:41:44",300
"2018-06-03 06:41:43",300
"2018-06-03 19:43:59",300
"2018-06-03 20:41:45",300
"2018-06-03 21:41:44",300
"2018-06-03 22:41:44",300
"2018-06-03 23:41:44",300
"2018-06-04 00:41:43",300
"2018-06-04 01:41:44",300
"2018-06-04 02:41:44",300
"2018-06-04 03:41:44",300
"2018-06-04 04:41:46",300
"2018-06-04 05:41:44",300
"2018-06-04 06:41:44",300
"2018-06-04 07:41:44",300
"2018-06-04 08:41:44",300
"2018-06-04 09:41:44",300
"2018-06-04 10:41:43",300
"2018-06-04 11:41:43",300
"2018-06-04 12:41:43",300
"2018-06-04 13:41:44",300
"2018-06-04 14:41:44",301
"2018-06-04 15:41:43",301
"2018-06-04 16:41:42",302
"2018-06-04 17:41:43",302
"2018-06-04 18:41:43",302
"2018-06-04 19:41:43",302
"2018-06-04 20:41:43",302
"2018-06-04 21:41:42",302
"2018-06-04 22:41:43",302
"2018-06-04 23:41:44",302
"2018-06-05 00:41:43",302
"2018-06-05 01:41:43",302
"2018-06-05 02:41:43",302
"2018-06-05 03:41:42",302
"2018-06-05 04:41:43",302
"2018-06-05 05:41:43",302
"2018-06-05 06:41:43",302
"2018-06-05 07:41:42",302
"2018-06-05 08:41:43",302
"2018-06-05 09:41:43",302
"2018-06-05 10:41:43",302
"2018-06-05 11:41:43",302
"2018-06-05 12:41:42",302
"2018-06-05 13:41:44",302
"2018-06-05 14:41:44",302
"2018-06-05 15:41:43",302
"2018-06-05 16:41:44",301
"2018-06-05 17:41:42",301
"2018-06-05 18:41:42",301
"2018-06-05 19:41:43",301
"2018-06-05 20:41:43",300
"2018-06-05 21:41:43",300
"2018-06-05 22:41:43",300
"2018-06-05 23:41:43",300
"2018-06-06 00:41:43",300
"2018-06-06 01:41:43",300
"2018-06-06 02:41:43",300
"2018-06-06 03:41:43",300
"2018-06-06 04:41:43",300
"2018-06-06 05:41:43",300
"2018-06-06 06:41:43",300
"2018-06-06 07:41:42",300
"2018-06-06 08:41:43",300
"2018-06-06 09:41:43",300
"2018-06-06 10:41:43",300
"2018-06-06 11:41:44",300
"2018-06-06 12:41:43",300
"2018-06-06 13:41:43",300
"2018-06-06 14:41:43",301
"2018-06-06 15:41:43",302
"2018-06-06 16:41:44",303
"2018-06-06 17:41:43",304
"2018-06-06 18:41:43",303
"2018-06-06 19:41:43",301
"2018-06-06 20:41:42",301
"2018-06-06 21:41:44",302
"2018-06-06 22:41:44",302
"2018-06-06 23:41:45",302
"2018-06-07 00:41:45",302
"2018-06-07 01:41:45",302
"2018-06-07 02:41:45",302
"2018-06-07 03:41:45",302
"2018-06-07 04:41:45",302
"2018-06-07 05:41:46",302
"2018-06-07 06:41:45",302
"2018-06-07 07:41:45",302
"2018-06-07 08:41:45",302
"2018-06-07 09:41:45",302
"2018-06-07 10:41:44",302
"2018-06-07 11:41:44",302
"2018-06-07 12:41:45",302
"2018-06-07 13:41:45",302
"2018-06-07 14:41:46",299
"2018-06-07 15:41:45",299
"2018-06-07 16:41:46",299
"2018-06-07 17:41:46",299
"2018-06-07 18:41:45",298
"2018-06-07 19:41:45",298
"2018-06-07 20:41:45",298
"2018-06-07 21:41:45",298
"2018-06-07 22:41:45",298
"2018-06-07 23:41:46",298
"2018-06-08 00:41:45",298
"2018-06-08 01:41:44",298
"2018-06-08 02:41:45",298
"2018-06-08 03:41:45",298
"2018-06-08 04:41:46",298
"2018-06-08 05:41:45",298
"2018-06-08 06:41:46",298
"2018-06-08 07:41:46",298
"2018-06-08 08:41:45",298
"2018-06-08 09:41:44",298
"2018-06-08 10:41:45",298
"2018-06-08 11:41:44",298
"2018-06-08 12:41:46",298
"2018-06-08 13:41:46",298
"2018-06-08 14:41:45",298
"2018-06-08 15:41:44",298
"2018-06-08 16:41:46",298
"2018-06-08 17:41:45",297
"2018-06-08 18:41:45",297
"2018-06-08 19:41:45",297
"2018-06-08 20:41:45",297
"2018-06-08 21:41:45",297
"2018-06-08 22:41:45",297
"2018-06-08 23:41:45",297
"2018-06-09 00:41:45",297
"2018-06-09 01:41:45",297
"2018-06-09 02:41:45",297
"2018-06-09 03:41:45",297
"2018-06-09 04:41:46",297
"2018-06-09 05:41:45",297
"2018-06-09 06:41:47",297
"2018-06-09 07:41:45",297
"2018-06-09 08:41:45",297
"2018-06-09 09:41:45",297
"2018-06-09 10:41:45",297
"2018-06-09 11:41:45",297
"2018-06-09 12:41:45",297
"2018-06-09 13:41:46",297
"2018-06-09 14:41:46",297
"2018-06-09 15:41:46",297
"2018-06-09 16:41:45",297
"2018-06-09 17:41:46",297
"2018-06-09 18:41:46",297
"2018-06-09 19:41:45",297
"2018-06-09 20:41:46",297
"2018-06-09 21:41:46",297
"2018-06-09 22:41:45",297
"2018-06-09 23:41:45",297
"2018-06-10 00:41:45",297
"2018-06-10 01:41:45",297
"2018-06-10 02:41:45",297
"2018-06-10 03:41:45",297
"2018-06-10 04:41:45",297
"2018-06-10 05:41:45",297
"2018-06-10 06:41:44",297
"2018-06-10 07:41:46",297
"2018-06-10 08:41:45",297
"2018-06-10 09:41:45",297
"2018-06-10 10:41:46",297
"2018-06-10 11:41:45",297
"2018-06-10 12:41:45",297
"2018-06-10 13:41:45",297
"2018-06-10 14:41:46",297
"2018-06-10 15:41:44",297
"2018-06-10 16:41:46",297
"2018-06-10 17:41:45",297
"2018-06-10 18:41:45",297
"2018-06-10 19:41:45",297
"2018-06-10 20:41:44",297
"2018-06-10 21:41:44",297
"2018-06-10 22:41:45",297
"2018-06-10 23:41:45",297
"2018-06-11 00:41:45",297
"2018-06-11 01:41:45",297
"2018-06-11 02:41:44",297
"2018-06-11 03:41:45",297
"2018-06-11 04:41:45",297
"2018-06-11 06:41:44",297
"2018-06-11 07:41:45",297
"2018-06-11 08:41:45",297
"2018-06-11 09:41:44",297
"2018-06-11 10:41:45",297
"2018-06-11 11:41:44",297
"2018-06-11 12:41:45",297
"2018-06-11 13:41:46",297
"2018-06-11 14:41:45",298
"2018-06-11 15:41:45",298
"2018-06-11 16:41:45",299
"2018-06-11 17:41:44",300
"2018-06-11 18:41:45",300
"2018-06-11 19:41:44",300
"2018-06-11 20:41:45",300
"2018-06-11 21:41:44",300
"2018-06-11 22:41:44",300
"2018-06-11 23:41:45",300
"2018-06-12 00:41:45",300
"2018-06-12 01:41:45",300
"2018-06-12 02:41:45",300
"2018-06-12 03:41:46",300
"2018-06-12 04:41:45",300
"2018-06-12 05:41:45",300
"2018-06-12 06:41:45",300
"2018-06-12 07:41:45",300
"2018-06-12 08:41:45",300
"2018-06-12 09:41:44",300
"2018-06-12 10:41:44",300
"2018-06-12 11:41:45",300
"2018-06-12 12:41:45",300
"2018-06-12 13:41:46",300
"2018-06-12 14:41:45",298
"2018-06-12 15:41:45",296
"2018-06-12 16:41:45",296
"2018-06-12 17:41:45",296
"2018-06-12 18:41:45",296
"2018-06-12 19:41:45",296
"2018-06-12 20:41:44",296
"2018-06-12 21:41:45",296
"2018-06-12 22:41:44",296
"2018-06-12 23:41:45",296
"2018-06-13 00:41:45",296
"2018-06-13 01:41:45",296
"2018-06-13 02:41:44",296
"2018-06-13 03:41:45",296
"2018-06-13 04:41:46",296
"2018-06-13 05:41:45",296
"2018-06-13 06:41:45",296
"2018-06-13 07:41:45",296
"2018-06-13 08:41:46",296
"2018-06-13 09:41:45",296
"2018-06-13 10:41:45",296
"2018-06-13 11:41:44",296
"2018-06-13 12:41:45",296
"2018-06-13 13:41:46",296
"2018-06-13 14:41:46",295
"2018-06-13 15:41:45",295
"2018-06-13 16:41:45",296
"2018-06-13 17:41:45",295
"2018-06-13 18:41:46",295
"2018-06-13 19:41:45",294
"2018-06-13 20:41:45",294
"2018-06-13 21:41:45",294
"2018-06-13 22:41:44",294
"2018-06-13 23:41:45",294
"2018-06-14 00:41:45",294
"2018-06-14 01:41:45",294
"2018-06-14 02:41:45",294
"2018-06-14 03:41:46",294
"2018-06-14 04:41:44",294
"2018-06-14 05:41:46",294
"2018-06-14 06:41:45",294
"2018-06-14 07:41:45",294
"2018-06-14 08:41:45",294
"2018-06-14 09:41:44",294
"2018-06-14 10:41:44",294
"2018-06-14 11:41:46",294
"2018-06-14 12:41:46",294
"2018-06-14 13:41:46",294
"2018-06-14 14:41:45",294
"2018-06-14 15:41:45",294
"2018-06-14 16:41:44",294
"2018-06-14 17:41:45",294
"2018-06-14 18:41:45",294
"2018-06-14 19:41:45",294
"2018-06-14 20:41:45",292
"2018-06-14 21:41:45",292
"2018-06-14 22:41:45",292
"2018-06-14 23:41:45",292
"2018-06-15 00:41:45",292
"2018-06-15 01:41:44",292
"2018-06-15 02:41:45",292
"2018-06-15 03:41:45",292
"2018-06-15 04:41:45",292
"2018-06-15 05:41:46",292
"2018-06-15 06:41:46",292
"2018-06-15 07:41:45",292
"2018-06-15 08:41:45",292
"2018-06-15 09:41:45",292
"2018-06-15 10:41:45",292
"2018-06-15 11:41:44",292
"2018-06-15 12:41:45",292
"2018-06-15 13:41:46",292
"2018-06-15 14:41:46",291
"2018-06-15 15:41:45",292
"2018-06-15 16:41:46",294
"2018-06-15 17:41:46",297
"2018-06-15 18:41:47",297
"2018-06-15 19:41:46",298
"2018-06-15 20:41:46",299
"2018-06-15 21:41:45",299
"2018-06-15 22:41:46",299
"2018-06-15 23:41:46",299
"2018-06-16 00:41:46",299
"2018-06-16 01:41:46",299
"2018-06-16 02:41:47",299
"2018-06-16 03:41:46",299
"2018-06-16 04:41:47",299
"2018-06-16 05:41:47",299
"2018-06-16 06:41:46",299
"2018-06-16 07:41:46",299
"2018-06-16 08:41:46",299
"2018-06-16 09:41:46",299
"2018-06-16 10:41:46",299
"2018-06-16 11:41:46",299
"2018-06-16 12:41:46",299
"2018-06-16 13:41:47",299
"2018-06-16 14:41:47",299
"2018-06-16 15:41:46",299
"2018-06-16 16:41:46",299
"2018-06-16 17:41:46",299
"2018-06-16 18:41:46",299
"2018-06-16 19:41:46",299
"2018-06-16 20:41:46",299
"2018-06-16 21:41:46",299
"2018-06-16 22:41:47",299
"2018-06-16 23:41:46",299
"2018-06-17 00:41:46",299
"2018-06-17 01:41:46",299
"2018-06-17 02:41:47",299
"2018-06-17 03:41:46",299
"2018-06-17 04:41:46",299
"2018-06-17 05:41:47",299
"2018-06-17 06:41:45",299
"2018-06-17 07:41:46",299
"2018-06-17 08:41:46",299
"2018-06-17 09:41:45",299
"2018-06-17 10:41:45",299
"2018-06-17 11:41:46",299
"2018-06-17 12:41:46",299
"2018-06-17 13:41:46",299
"2018-06-17 14:41:46",299
"2018-06-17 15:41:45",299
"2018-06-17 16:41:45",299
"2018-06-17 17:41:46",299
"2018-06-17 18:41:45",299
"2018-06-17 19:41:47",299
"2018-06-17 20:41:46",299
"2018-06-17 21:41:46",299
"2018-06-17 22:41:46",299
"2018-06-17 23:41:46",299
"2018-06-18 00:41:46",299
"2018-06-18 01:41:46",299
"2018-06-18 02:41:47",299
"2018-06-18 03:41:46",299
"2018-06-18 04:41:46",299
"2018-06-18 05:41:46",299
"2018-06-18 06:41:45",299
"2018-06-18 07:41:45",299
"2018-06-18 08:41:47",299
"2018-06-18 09:41:46",299
"2018-06-18 10:41:44",299
"2018-06-18 11:41:45",299
"2018-06-18 12:41:45",299
"2018-06-18 13:41:48",299
"2018-06-18 14:41:46",304
"2018-06-18 15:41:46",302
"2018-06-18 16:41:45",301
"2018-06-18 17:41:46",301
"2018-06-18 18:41:47",301
"2018-06-18 19:41:46",302
"2018-06-18 20:41:46",302
"2018-06-18 21:41:45",302
"2018-06-18 22:41:46",302
"2018-06-18 23:41:46",302
"2018-06-19 00:41:46",302
"2018-06-19 01:41:46",302
"2018-06-19 02:41:47",302
"2018-06-19 03:41:46",302
"2018-06-19 04:41:46",302
"2018-06-19 05:41:46",302
"2018-06-19 06:41:46",302
"2018-06-19 07:41:47",302
"2018-06-19 08:41:47",302
"2018-06-19 09:41:45",302
"2018-06-19 10:41:46",302
"2018-06-19 11:41:46",302
"2018-06-19 12:41:46",302
"2018-06-19 13:41:49",302
"2018-06-19 14:41:46",302
"2018-06-19 15:41:46",301
"2018-06-19 16:41:46",301
"2018-06-19 17:41:46",299
"2018-06-19 18:41:46",299
"2018-06-19 19:41:46",299
"2018-06-19 20:41:46",299
"2018-06-19 21:41:46",299
"2018-06-19 22:41:46",299
"2018-06-19 23:41:46",299
"2018-06-20 00:41:56",299
"2018-06-20 01:41:47",299
"2018-06-20 02:41:46",299
"2018-06-20 03:41:47",299
"2018-06-20 04:41:46",299
"2018-06-20 05:41:45",299
"2018-06-20 06:41:46",299
"2018-06-20 07:41:46",299
"2018-06-20 08:41:45",299
"2018-06-20 09:41:45",299
"2018-06-20 10:41:46",299
"2018-06-20 11:41:46",299
"2018-06-20 12:41:46",299
"2018-06-20 14:06:20",300
"2018-06-20 14:41:48",300
"2018-06-20 15:41:46",300
"2018-06-20 16:41:47",301
"2018-06-20 17:41:46",299
"2018-06-20 18:41:47",301
"2018-06-20 19:41:46",300
"2018-06-20 20:41:46",301
"2018-06-20 21:41:46",301
"2018-06-20 22:41:46",301
"2018-06-20 23:41:46",301
"2018-06-21 00:41:46",301
"2018-06-21 01:41:46",301
"2018-06-21 02:41:46",301
"2018-06-21 03:41:46",301
"2018-06-21 04:41:46",301
"2018-06-21 05:41:47",301
"2018-06-21 06:41:45",301
"2018-06-21 07:41:46",301
"2018-06-21 08:41:46",301
"2018-06-21 09:41:45",301
"2018-06-21 10:41:46",301
"2018-06-21 11:41:46",301
"2018-06-21 12:41:46",301
"2018-06-21 13:41:46",301
"2018-06-21 14:41:46",301
"2018-06-21 15:41:46",302
"2018-06-21 16:41:46",302
"2018-06-21 17:41:46",301
"2018-06-21 18:41:46",301
"2018-06-21 19:41:46",300
"2018-06-21 20:41:46",299
"2018-06-21 21:41:46",299
"2018-06-21 22:41:46",299
"2018-06-21 23:41:46",299
"2018-06-22 00:41:46",299
"2018-06-22 01:41:45",299
"2018-06-22 02:41:46",299
"2018-06-22 03:41:46",299
"2018-06-22 04:41:46",299
"2018-06-22 05:41:47",299
"2018-06-22 06:41:46",299
"2018-06-22 07:41:45",299
"2018-06-22 08:41:47",299
"2018-06-22 09:41:46",299
"2018-06-22 10:41:46",299
"2018-06-22 11:41:46",299
"2018-06-22 12:41:46",299
"2018-06-22 13:41:47",300
"2018-06-22 15:05:49",661
"2018-06-22 15:41:46",661
"2018-06-22 16:41:47",683
"2018-06-22 17:41:47",696
"2018-06-22 18:41:47",691
"2018-06-22 19:41:47",691
"2018-06-22 20:41:46",672
"2018-06-22 21:41:46",673
"2018-06-22 22:41:46",673
"2018-06-22 23:41:47",673
"2018-06-23 00:41:46",673
"2018-06-23 01:41:46",673
"2018-06-23 02:41:46",673
"2018-06-23 03:41:46",673
"2018-06-23 04:41:46",673
"2018-06-23 05:41:46",673
"2018-06-23 06:41:46",673
"2018-06-23 07:41:46",673
"2018-06-23 08:41:46",673
"2018-06-23 09:41:46",673
"2018-06-23 10:41:46",673
"2018-06-23 11:41:47",673
"2018-06-23 12:41:46",673
"2018-06-23 13:41:46",673
"2018-06-23 14:41:46",673
"2018-06-23 15:41:47",673
"2018-06-23 16:41:47",673
"2018-06-23 17:41:46",673
"2018-06-23 18:41:46",673
"2018-06-23 19:41:46",673
"2018-06-23 20:41:47",673
"2018-06-23 21:41:46",673
"2018-06-23 22:41:46",673
"2018-06-23 23:41:46",673
"2018-06-24 00:42:01",673
"2018-06-24 01:41:46",673
"2018-06-24 02:41:45",673
"2018-06-24 03:41:48",673
"2018-06-24 04:41:46",673
"2018-06-24 05:41:46",673
"2018-06-24 06:41:46",673
"2018-06-24 07:41:46",673
"2018-06-24 08:41:45",673
"2018-06-24 09:41:46",673
"2018-06-24 10:42:13",673
"2018-06-24 11:41:46",673
"2018-06-24 12:41:47",673
"2018-06-24 13:41:46",673
"2018-06-24 14:41:52",673
"2018-06-24 15:41:57",673
"2018-06-24 16:41:46",673
"2018-06-24 17:41:46",673
"2018-06-24 18:41:46",673
"2018-06-24 19:41:46",673
"2018-06-24 20:41:46",673
"2018-06-24 21:41:46",673
"2018-06-24 22:41:46",673
"2018-06-24 23:41:46",673
"2018-06-25 00:41:45",673
"2018-06-25 01:41:46",673
"2018-06-25 02:41:47",673
"2018-06-25 03:41:50",673
"2018-06-25 04:41:48",673
"2018-06-25 05:41:47",673
"2018-06-25 06:41:46",673
"2018-06-25 07:41:46",673
"2018-06-25 08:41:47",673
"2018-06-25 09:41:46",673
"2018-06-25 10:41:46",673
"2018-06-25 11:41:46",673
"2018-06-25 12:41:45",673
"2018-06-25 13:41:47",673
"2018-06-25 14:41:46",572
"2018-06-25 15:41:46",553
"2018-06-25 16:41:45",545
"2018-06-25 17:41:46",541
"2018-06-25 18:41:46",533
"2018-06-25 19:41:46",530
"2018-06-25 20:41:47",534
"2018-06-25 21:41:46",534
"2018-06-25 22:41:45",534
"2018-06-26 01:10:12",534
"2018-06-26 01:41:46",534
"2018-06-26 02:41:46",534
"2018-06-26 03:41:52",534
"2018-06-26 04:41:52",534
"2018-06-26 05:41:46",534
"2018-06-26 06:41:46",534
"2018-06-26 07:41:46",534
"2018-06-26 08:41:47",534
"2018-06-26 09:41:47",534
"2018-06-26 10:41:48",534
"2018-06-26 11:41:49",534
"2018-06-26 12:41:54",534
"2018-06-26 13:41:48",532
"2018-06-26 14:41:47",512
"2018-06-26 15:41:56",499
"2018-06-26 16:41:47",486
"2018-06-26 17:41:46",483
"2018-06-26 18:41:46",481
"2018-06-26 19:41:47",479
"2018-06-26 20:41:46",476
"2018-06-26 21:41:46",476
"2018-06-26 22:41:46",476
"2018-06-26 23:41:46",476
"2018-06-27 00:41:46",476
"2018-06-27 01:41:46",476
"2018-06-27 02:41:46",476
"2018-06-27 03:41:47",476
"2018-06-27 04:41:49",476
"2018-06-27 05:41:48",476
"2018-06-27 06:41:47",476
"2018-06-27 07:41:45",476
"2018-06-27 08:41:46",476
"2018-06-27 09:41:46",476
"2018-06-27 10:41:46",476
"2018-06-27 11:41:46",476
"2018-06-27 12:41:46",476
"2018-06-27 13:41:57",476
"2018-06-27 14:41:56",465
"2018-06-27 15:41:57",461
"2018-06-27 16:41:48",460
"2018-06-27 17:41:47",462
"2018-06-27 18:41:48",459
"2018-06-27 19:41:48",456
"2018-06-27 20:41:47",455
"2018-06-27 21:41:47",455
"2018-06-27 22:41:46",455
"2018-06-27 23:41:47",455
"2018-06-28 00:41:48",455
"2018-06-28 01:41:47",455
"2018-06-28 02:41:48",455
"2018-06-28 03:41:55",455
"2018-06-28 04:41:54",455
"2018-06-28 05:41:52",455
"2018-06-28 06:41:48",455
"2018-06-28 07:41:47",455
"2018-06-28 08:41:48",455
"2018-06-28 09:41:46",455
"2018-06-28 10:41:46",455
"2018-06-28 11:41:46",455
"2018-06-28 12:41:46",455
"2018-06-28 13:41:49",455
"2018-06-28 14:41:56",445
"2018-06-28 15:41:57",434
"2018-06-28 16:41:46",431
"2018-06-28 17:41:48",428
"2018-06-28 18:41:46",430
"2018-06-28 19:41:50",428
"2018-06-28 20:41:47",427
"2018-06-28 21:41:47",427
"2018-06-28 22:41:47",427
"2018-06-28 23:41:48",427
"2018-06-29 00:41:47",427
"2018-06-29 01:41:47",427
"2018-06-29 02:41:47",427
"2018-06-29 03:41:53",427
"2018-06-29 04:41:50",427
"2018-06-29 05:41:47",427
"2018-06-29 06:41:48",427
"2018-06-29 07:41:48",427
"2018-06-29 08:41:48",427
"2018-06-29 09:41:47",427
"2018-06-29 10:41:47",427
"2018-06-29 11:41:47",427
"2018-06-29 12:41:50",427
"2018-06-29 13:41:48",427
"2018-06-29 14:41:48",422
"2018-06-29 15:41:47",422
"2018-06-29 16:41:47",421
"2018-06-29 17:41:46",421
"2018-06-29 18:41:47",423
"2018-06-29 19:41:49",421
"2018-06-29 20:41:47",421
"2018-06-29 21:41:49",421
"2018-06-29 22:41:48",421
"2018-06-29 23:41:49",421
"2018-06-30 00:41:48",421
"2018-06-30 01:41:46",421
"2018-06-30 02:41:48",421
"2018-06-30 03:41:53",421
"2018-06-30 04:41:51",421
"2018-06-30 05:41:50",421
"2018-06-30 06:41:49",421
"2018-06-30 07:41:47",421
"2018-06-30 08:41:47",421
"2018-06-30 09:41:47",421
"2018-06-30 10:41:48",421
"2018-06-30 11:41:48",421
"2018-06-30 12:41:50",421
"2018-06-30 13:41:57",421
"2018-06-30 14:41:48",421
"2018-06-30 15:41:53",421
"2018-06-30 16:41:52",421
"2018-06-30 17:41:47",421
"2018-06-30 18:41:47",421
"2018-06-30 19:41:52",421
"2018-06-30 20:41:47",421
"2018-06-30 21:41:47",421
"2018-06-30 22:41:47",421
"2018-06-30 23:41:47",421
"2018-07-01 00:41:47",421
"2018-07-01 01:41:47",421
"2018-07-01 02:41:47",421
"2018-07-01 03:41:47",421
"2018-07-01 04:41:47",421
"2018-07-01 05:41:47",421
"2018-07-01 06:41:47",421
"2018-07-01 07:41:47",421
"2018-07-01 08:41:47",421
"2018-07-01 09:41:47",421
"2018-07-01 10:41:47",421
"2018-07-01 11:41:47",421
"2018-07-01 12:41:48",421
"2018-07-01 13:41:48",421
"2018-07-01 14:41:47",421
"2018-07-01 15:41:47",421
"2018-07-01 16:41:48",421
"2018-07-01 17:41:48",421
"2018-07-01 18:41:47",421
"2018-07-01 19:41:50",421
"2018-07-01 20:41:48",421
"2018-07-01 21:41:48",421
"2018-07-01 22:41:46",421
"2018-07-01 23:41:47",421
"2018-07-02 00:41:47",421
"2018-07-02 01:41:49",421
"2018-07-02 02:41:48",421
"2018-07-02 03:41:47",421
"2018-07-02 04:41:47",421
"2018-07-02 05:41:48",421
"2018-07-02 06:41:48",421
"2018-07-02 07:41:47",421
"2018-07-02 08:41:48",421
"2018-07-02 09:41:48",421
"2018-07-02 10:41:47",421
"2018-07-02 11:41:47",421
"2018-07-02 12:41:47",421
"2018-07-02 13:41:48",421
"2018-07-02 14:41:47",416
"2018-07-02 15:41:48",419
"2018-07-02 16:41:48",418
"2018-07-02 17:41:48",415
"2018-07-02 18:41:47",414
"2018-07-02 19:41:48",416
"2018-07-02 20:41:47",413
"2018-07-02 21:41:47",413
"2018-07-02 22:41:48",413
"2018-07-02 23:41:48",413
"2018-07-03 00:41:47",413
"2018-07-03 01:41:47",413
"2018-07-03 02:41:47",413
"2018-07-03 03:41:47",413
"2018-07-03 04:41:48",413
"2018-07-03 05:41:47",413
"2018-07-03 06:41:46",413
"2018-07-03 07:41:47",413
"2018-07-03 08:41:47",413
"2018-07-03 09:41:48",413
"2018-07-03 10:41:47",413
"2018-07-03 11:41:47",413
"2018-07-03 12:41:47",413
"2018-07-03 13:41:48",413
"2018-07-03 14:41:48",413
"2018-07-03 15:41:47",416
"2018-07-03 16:41:47",416
"2018-07-03 17:41:47",415
"2018-07-03 18:41:46",415
"2018-07-03 19:41:50",415
"2018-07-03 20:41:47",415
"2018-07-03 21:41:47",415
"2018-07-03 22:41:47",415
"2018-07-03 23:41:46",415
"2018-07-04 00:41:47",415
"2018-07-04 01:41:48",415
"2018-07-04 02:41:48",415
"2018-07-04 03:41:47",415
"2018-07-04 04:41:47",415
"2018-07-04 05:41:47",415
"2018-07-04 06:41:47",415
"2018-07-04 07:41:47",415
"2018-07-04 08:41:48",415
"2018-07-04 09:41:47",415
"2018-07-04 10:41:47",415
"2018-07-04 11:41:47",415
"2018-07-04 12:41:47",415
"2018-07-04 13:41:48",415
"2018-07-04 14:41:47",415
"2018-07-04 15:41:47",415
"2018-07-04 16:41:47",415
"2018-07-04 17:41:47",415
"2018-07-04 18:41:47",415
"2018-07-04 19:41:48",415
"2018-07-04 20:41:48",415
"2018-07-04 21:41:47",415
"2018-07-04 22:41:47",415
"2018-07-04 23:41:47",415
"2018-07-05 00:41:46",415
"2018-07-05 01:41:47",415
"2018-07-05 02:41:47",415
"2018-07-05 03:41:47",415
"2018-07-05 04:41:48",415
"2018-07-05 05:41:46",415
"2018-07-05 06:41:46",415
"2018-07-05 07:41:47",415
"2018-07-05 08:41:47",415
"2018-07-05 09:41:47",415
"2018-07-05 10:41:47",415
"2018-07-05 11:41:48",415
"2018-07-05 12:41:47",415
"2018-07-05 13:41:48",415
"2018-07-05 14:41:47",412
"2018-07-05 15:41:47",415
"2018-07-05 16:41:47",413
"2018-07-05 17:41:49",414
"2018-07-05 18:41:46",415
"2018-07-05 19:41:51",416
"2018-07-05 20:41:46",415
"2018-07-05 21:41:48",415
"2018-07-05 22:41:47",415
"2018-07-05 23:41:47",415
"2018-07-06 00:41:47",415
"2018-07-06 01:41:47",415
"2018-07-06 02:41:47",415
"2018-07-06 03:41:47",415
"2018-07-06 04:41:48",415
"2018-07-06 05:41:47",415
"2018-07-06 06:41:46",415
"2018-07-06 07:41:47",415
"2018-07-06 08:41:47",415
"2018-07-06 09:41:47",415
"2018-07-06 10:41:48",415
"2018-07-06 11:41:49",415
"2018-07-06 12:41:47",415
"2018-07-06 13:41:48",415
"2018-07-06 14:41:48",408
"2018-07-06 15:41:48",408
"2018-07-06 16:41:48",406
"2018-07-06 17:41:48",403
"2018-07-06 18:41:46",403
"2018-07-06 19:41:51",402
"2018-07-06 20:41:48",402
"2018-07-06 21:41:47",402
"2018-07-06 22:41:47",402
"2018-07-06 23:41:47",402
"2018-07-07 00:41:47",402
"2018-07-07 01:41:46",402
"2018-07-07 02:41:48",402
"2018-07-07 03:41:47",402
"2018-07-07 04:41:48",402
"2018-07-07 05:41:47",402
"2018-07-07 06:41:47",402
"2018-07-07 07:41:47",402
"2018-07-07 08:41:48",402
"2018-07-07 09:41:47",402
"2018-07-07 10:41:48",402
"2018-07-07 11:41:47",402
"2018-07-07 12:41:47",402
"2018-07-07 13:41:47",402
"2018-07-07 14:41:48",402
"2018-07-07 15:41:47",402
"2018-07-07 16:41:48",402
"2018-07-07 17:41:48",402
"2018-07-07 18:41:48",402
"2018-07-07 19:41:50",402
"2018-07-07 20:41:47",402
"2018-07-07 21:41:47",402
"2018-07-07 22:41:48",402
"2018-07-07 23:41:48",402
"2018-07-08 00:41:48",402
"2018-07-08 01:41:48",402
"2018-07-08 02:41:48",402
"2018-07-08 03:41:49",402
"2018-07-08 04:41:48",402
"2018-07-08 05:41:48",402
"2018-07-08 06:41:48",402
"2018-07-08 07:41:48",402
"2018-07-08 08:41:47",402
"2018-07-08 09:41:48",402
"2018-07-08 10:41:47",402
"2018-07-08 11:41:47",402
"2018-07-08 12:41:48",402
"2018-07-08 13:41:47",402
"2018-07-08 14:41:47",402
"2018-07-08 15:41:47",402
"2018-07-08 16:41:47",402
"2018-07-08 17:41:47",402
"2018-07-08 18:41:48",402
"2018-07-08 19:41:53",402
"2018-07-08 20:41:48",402
"2018-07-08 21:41:47",402
"2018-07-08 22:41:47",402
"2018-07-08 23:41:47",402
"2018-07-09 00:41:48",402
"2018-07-09 01:41:48",402
"2018-07-09 02:41:48",402
"2018-07-09 03:41:49",402
"2018-07-09 04:41:47",402
"2018-07-09 05:41:48",402
"2018-07-09 06:41:47",402
"2018-07-09 07:41:47",402
"2018-07-09 08:41:48",402
"2018-07-09 09:41:47",402
"2018-07-09 10:41:48",402
"2018-07-09 11:41:46",402
"2018-07-09 12:41:47",402
"2018-07-09 13:41:51",402
"2018-07-09 14:41:47",402
"2018-07-09 15:41:48",402
"2018-07-09 16:41:47",400
"2018-07-09 17:41:49",399
"2018-07-09 18:41:50",395
"2018-07-09 19:42:00",395
"2018-07-09 20:41:48",393
"2018-07-09 21:41:48",393
"2018-07-09 22:41:49",393
"2018-07-09 23:41:48",393
"2018-07-10 00:41:49",393
"2018-07-10 01:41:50",393
"2018-07-10 02:41:48",393
"2018-07-10 03:41:49",393
"2018-07-10 04:41:49",393
"2018-07-10 05:41:49",393
"2018-07-10 06:41:49",393
"2018-07-10 07:41:48",393
"2018-07-10 08:41:48",393
"2018-07-10 09:41:48",393
"2018-07-10 10:41:48",393
"2018-07-10 11:41:48",393
"2018-07-10 12:41:48",393
"2018-07-10 13:41:53",393
"2018-07-10 14:41:50",391
"2018-07-10 15:41:49",391
"2018-07-10 16:41:49",392
"2018-07-10 17:41:49",389
"2018-07-10 18:41:48",385
"2018-07-10 19:41:53",380
"2018-07-10 20:41:49",373
"2018-07-10 21:41:48",373
"2018-07-10 22:41:52",373
"2018-07-10 23:41:49",373
"2018-07-11 00:41:49",373
"2018-07-11 01:41:50",373
"2018-07-11 02:41:49",373
"2018-07-11 03:41:49",373
"2018-07-11 04:41:49",373
"2018-07-11 05:41:49",373
"2018-07-11 06:41:49",373
"2018-07-11 07:41:49",373
"2018-07-11 08:41:49",373
"2018-07-11 09:41:49",373
"2018-07-11 10:41:49",373
"2018-07-11 11:41:48",373
"2018-07-11 12:41:48",373
"2018-07-11 13:41:50",373
"2018-07-11 14:41:49",374
"2018-07-11 15:41:50",372
"2018-07-11 16:41:49",372
"2018-07-11 17:41:48",373
"2018-07-11 18:41:48",372
"2018-07-11 19:41:50",371
"2018-07-11 20:41:48",372
"2018-07-11 21:41:48",372
"2018-07-11 22:41:48",372
"2018-07-11 23:41:49",372
"2018-07-12 00:41:49",372
"2018-07-12 01:41:48",372
"2018-07-12 02:41:49",372
"2018-07-12 03:41:49",372
"2018-07-12 04:41:49",372
"2018-07-12 05:41:49",372
"2018-07-12 06:41:49",372
"2018-07-12 07:41:49",372
"2018-07-12 08:41:49",372
"2018-07-12 09:41:49",372
"2018-07-12 10:41:48",372
"2018-07-12 11:41:48",372
"2018-07-12 12:41:49",372
"2018-07-12 13:41:51",372
"2018-07-12 14:41:50",371
"2018-07-12 15:41:50",370
"2018-07-12 16:41:51",371
"2018-07-12 17:41:48",371
"2018-07-12 18:41:50",370
"2018-07-12 19:41:57",372
"2018-07-12 20:41:48",373
"2018-07-12 21:41:48",373
"2018-07-12 22:41:49",373
"2018-07-12 23:41:49",373
"2018-07-13 00:41:49",373
"2018-07-13 01:41:49",373
"2018-07-13 02:41:49",373
"2018-07-13 03:41:49",373
"2018-07-13 04:41:49",373
"2018-07-13 05:41:49",373
"2018-07-13 06:41:49",373
"2018-07-13 07:41:48",373
"2018-07-13 08:41:49",373
"2018-07-13 09:41:48",373
"2018-07-13 10:41:48",372
"2018-07-13 11:41:48",372
"2018-07-13 12:41:49",372
"2018-07-13 13:41:52",372
"2018-07-13 14:41:49",370
"2018-07-13 15:41:50",370
"2018-07-13 16:41:49",368
"2018-07-13 17:41:49",367
"2018-07-13 18:41:49",368
"2018-07-13 19:41:50",368
"2018-07-13 20:41:49",368
"2018-07-13 21:41:47",368
"2018-07-13 22:41:48",368
"2018-07-13 23:41:49",368
"2018-07-14 00:41:49",368
"2018-07-14 01:41:48",368
"2018-07-14 02:41:48",368
"2018-07-14 03:41:49",368
"2018-07-14 04:41:48",368
"2018-07-14 05:41:48",368
"2018-07-14 06:41:48",368
"2018-07-14 07:41:48",368
"2018-07-14 08:41:48",368
"2018-07-14 09:41:49",368
"2018-07-14 10:41:49",368
"2018-07-14 11:41:49",368
"2018-07-14 12:41:49",368
"2018-07-14 13:41:49",368
"2018-07-14 14:41:49",368
"2018-07-14 15:41:48",368
"2018-07-14 16:41:49",368
"2018-07-14 17:41:49",368
"2018-07-14 18:41:49",368
"2018-07-14 19:41:51",368
"2018-07-14 20:41:49",368
"2018-07-14 21:41:48",368
"2018-07-14 22:41:49",368
"2018-07-14 23:41:48",368
"2018-07-15 00:41:48",368
"2018-07-15 01:41:48",368
"2018-07-15 02:41:49",368
"2018-07-15 03:41:48",368
"2018-07-15 04:41:48",368
"2018-07-15 05:41:48",368
"2018-07-15 06:41:49",368
"2018-07-15 07:41:48",368
"2018-07-15 08:41:48",368
"2018-07-15 09:41:49",368
"2018-07-15 10:41:48",368
"2018-07-15 11:41:48",368
"2018-07-15 12:41:48",368
"2018-07-15 13:41:48",368
"2018-07-15 14:41:48",368
"2018-07-15 15:41:49",368
"2018-07-15 16:41:49",368
"2018-07-15 17:41:48",368
"2018-07-15 18:41:48",368
"2018-07-15 19:41:54",368
"2018-07-15 20:41:49",368
"2018-07-15 21:41:51",368
"2018-07-15 22:41:49",368
"2018-07-15 23:41:49",368
"2018-07-16 00:41:48",368
"2018-07-16 01:41:48",368
"2018-07-16 02:41:49",368
"2018-07-16 03:41:50",368
"2018-07-16 04:41:49",368
"2018-07-16 05:41:49",368
"2018-07-16 06:41:49",368
"2018-07-16 07:41:49",368
"2018-07-16 08:41:50",368
"2018-07-16 09:41:48",368
"2018-07-16 10:41:48",368
"2018-07-16 11:41:48",368
"2018-07-16 12:41:47",368
"2018-07-16 13:41:52",368
"2018-07-16 14:41:49",365
"2018-07-16 15:41:51",363
"2018-07-16 16:41:50",363
"2018-07-16 17:41:51",361
"2018-07-16 18:41:50",359
"2018-07-16 19:42:09",359
"2018-07-16 20:41:50",358
"2018-07-16 21:41:50",358
"2018-07-16 22:41:50",358
"2018-07-16 23:41:50",358
"2018-07-17 00:41:58",358
"2018-07-17 01:41:50",358
"2018-07-17 02:41:50",358
"2018-07-17 03:41:49",358
"2018-07-17 04:41:50",358
"2018-07-17 05:41:50",358
"2018-07-17 06:41:50",358
"2018-07-17 07:41:52",358
"2018-07-17 08:41:49",358
"2018-07-17 09:41:50",358
"2018-07-17 10:41:50",358
"2018-07-17 11:41:49",358
"2018-07-17 12:41:50",358
"2018-07-17 13:41:52",358
"2018-07-17 14:41:50",357
"2018-07-17 15:41:49",355
"2018-07-17 16:41:50",355
"2018-07-17 17:41:50",354
"2018-07-17 18:41:51",353
"2018-07-17 19:42:00",353
"2018-07-17 20:41:50",354
"2018-07-17 21:41:50",354
"2018-07-17 22:41:49",354
"2018-07-17 23:41:51",354
"2018-07-18 00:41:52",354
"2018-07-18 01:41:51",354
"2018-07-18 02:41:56",354
"2018-07-18 03:41:52",354
"2018-07-18 04:41:51",354
"2018-07-18 05:41:52",354
"2018-07-18 06:41:50",354
"2018-07-18 07:41:50",354
"2018-07-18 08:41:51",354
"2018-07-18 09:41:51",354
"2018-07-18 10:41:51",354
"2018-07-18 11:41:51",354
"2018-07-18 12:41:50",354
"2018-07-18 13:41:53",354
"2018-07-18 14:41:52",353
"2018-07-18 15:41:51",352
"2018-07-18 16:41:52",352
"2018-07-18 17:41:53",352
"2018-07-18 18:41:52",351
"2018-07-18 19:41:58",351
"2018-07-18 20:41:51",351
"2018-07-18 21:41:51",351
"2018-07-18 22:41:52",351
"2018-07-18 23:41:51",351
"2018-07-19 00:41:52",351
"2018-07-19 01:41:52",351
"2018-07-19 02:41:52",351
"2018-07-19 03:41:53",351
"2018-07-19 04:41:54",351
"2018-07-19 05:41:53",351
"2018-07-19 06:41:53",351
"2018-07-19 07:41:59",351
"2018-07-19 08:41:52",351
"2018-07-19 09:41:52",351
"2018-07-19 10:41:52",351
"2018-07-19 11:41:52",351
"2018-07-19 12:41:51",351
"2018-07-19 13:41:54",351
"2018-07-19 14:41:53",351
"2018-07-19 15:41:52",351
"2018-07-19 16:41:52",352
"2018-07-19 17:41:53",351
"2018-07-19 18:41:53",351
"2018-07-19 19:41:55",351
"2018-07-19 20:41:53",350
"2018-07-19 21:41:52",350
"2018-07-19 22:41:53",350
"2018-07-19 23:41:54",350
"2018-07-20 00:41:52",350
"2018-07-20 01:41:52",350
"2018-07-20 02:41:53",350
"2018-07-20 03:41:54",350
"2018-07-20 04:41:55",350
"2018-07-20 05:41:55",350
"2018-07-20 06:41:54",350
"2018-07-20 07:41:54",350
"2018-07-20 08:41:52",350
"2018-07-20 09:42:00",350
"2018-07-20 10:41:52",350
"2018-07-20 11:41:51",350
"2018-07-20 12:41:51",350
"2018-07-20 14:05:26",350
"2018-07-20 14:41:52",350
"2018-07-20 15:41:52",351
"2018-07-20 16:41:53",350
"2018-07-20 17:41:52",350
"2018-07-20 18:41:53",350
"2018-07-20 19:41:59",351
"2018-07-20 20:41:52",350
"2018-07-20 21:41:52",350
"2018-07-20 22:41:51",350
"2018-07-20 23:41:53",350
"2018-07-21 00:41:52",350
"2018-07-21 01:41:52",350
"2018-07-21 02:41:53",350
"2018-07-21 03:41:57",350
"2018-07-21 04:41:52",350
"2018-07-21 05:41:51",350
"2018-07-21 06:41:52",350
"2018-07-21 07:41:51",350
"2018-07-21 08:41:51",350
"2018-07-21 09:41:52",350
"2018-07-21 10:41:52",350
"2018-07-21 11:41:51",350
"2018-07-21 12:41:51",350
"2018-07-21 13:41:52",350
"2018-07-21 14:41:52",350
"2018-07-21 15:41:52",350
"2018-07-21 16:41:53",350
"2018-07-21 17:41:52",350
"2018-07-21 18:41:52",350
"2018-07-21 19:41:56",350
"2018-07-21 20:41:51",350
"2018-07-21 21:41:51",350
"2018-07-21 22:41:51",350
"2018-07-21 23:41:52",350
"2018-07-22 00:41:52",350
"2018-07-22 01:41:51",350
"2018-07-22 02:41:52",350
"2018-07-22 03:41:53",350
"2018-07-22 04:41:52",350
"2018-07-22 05:41:52",350
"2018-07-22 06:41:56",350
"2018-07-22 07:41:55",350
"2018-07-22 08:41:52",350
"2018-07-22 09:41:51",350
"2018-07-22 10:41:51",350
"2018-07-22 11:41:51",350
"2018-07-22 12:41:52",350
"2018-07-22 13:41:52",350
"2018-07-22 14:41:53",350
"2018-07-22 15:41:52",350
"2018-07-22 16:41:52",350
"2018-07-22 17:41:52",350
"2018-07-22 18:41:52",350
"2018-07-22 19:41:57",350
"2018-07-22 20:41:52",350
"2018-07-22 21:41:52",350
"2018-07-22 22:41:52",350
"2018-07-22 23:41:52",350
"2018-07-23 00:41:52",350
"2018-07-23 01:41:51",350
"2018-07-23 02:41:52",350
"2018-07-23 03:41:52",350
"2018-07-23 04:41:51",350
"2018-07-23 05:41:51",350
"2018-07-23 06:41:51",350
"2018-07-23 07:41:52",350
"2018-07-23 08:41:54",350
"2018-07-23 09:41:52",350
"2018-07-23 23:41:56",351
"2018-07-24 00:41:52",351
"2018-07-24 01:41:52",351
"2018-07-24 02:41:52",351
"2018-07-24 03:41:52",351
"2018-07-24 04:41:51",351
"2018-07-24 05:41:51",351
"2018-07-24 06:41:52",351
"2018-07-24 07:41:51",351
"2018-07-24 08:41:51",351
"2018-07-24 09:41:51",351
"2018-07-24 10:41:51",351
"2018-07-24 11:41:51",351
"2018-07-24 12:41:52",351
"2018-07-24 13:42:00",351
"2018-07-24 14:41:51",351
"2018-07-24 15:41:52",351
"2018-07-24 16:41:53",352
"2018-07-24 17:41:52",352
"2018-07-24 18:41:52",352
"2018-07-24 19:41:52",352
"2018-07-24 20:41:51",352
"2018-07-24 21:41:51",352
"2018-07-24 22:41:51",352
"2018-07-24 23:41:51",352
"2018-07-25 00:41:52",352
"2018-07-25 01:41:51",352
"2018-07-25 02:41:51",352
"2018-07-25 03:41:52",352
"2018-07-25 04:41:52",352
"2018-07-25 05:41:51",352
"2018-07-25 06:41:52",352
"2018-07-25 07:41:51",352
"2018-07-25 08:41:51",352
"2018-07-25 09:41:52",352
"2018-07-25 10:41:51",352
"2018-07-25 11:41:51",352
"2018-07-25 12:41:52",352
"2018-07-25 13:41:56",352
"2018-07-25 14:41:53",352
"2018-07-25 15:41:53",352
"2018-07-25 16:41:53",352
"2018-07-25 17:41:58",352
"2018-07-25 18:41:53",352
"2018-07-25 19:41:53",349
"2018-07-25 20:41:54",351
"2018-07-25 21:41:53",351
"2018-07-25 22:41:53",351
"2018-07-25 23:41:53",351
"2018-07-26 00:41:52",351
"2018-07-26 01:41:53",351
"2018-07-26 02:41:53",351
"2018-07-26 03:41:54",351
"2018-07-26 04:41:53",351
"2018-07-26 05:41:53",351
"2018-07-26 06:41:53",351
"2018-07-26 07:41:52",351
"2018-07-26 08:41:52",351
"2018-07-26 09:41:53",351
"2018-07-26 10:41:52",351
"2018-07-26 11:41:52",351
"2018-07-26 12:41:52",351
"2018-07-26 14:41:55",349
"2018-07-26 15:41:54",346
"2018-07-26 16:41:53",346
"2018-07-26 17:41:54",345
"2018-07-26 18:41:54",345
"2018-07-26 19:41:54",345
"2018-07-26 20:41:53",345
"2018-07-26 21:41:52",345
"2018-07-26 22:41:52",345
"2018-07-26 23:41:53",345
"2018-07-27 00:41:53",345
"2018-07-27 01:41:53",345
"2018-07-27 02:41:52",345
"2018-07-27 03:41:53",345
"2018-07-27 04:41:53",345
"2018-07-27 05:41:53",345
"2018-07-27 06:41:53",345
"2018-07-27 07:41:53",345
"2018-07-27 08:41:52",345
"2018-07-27 09:41:52",345
"2018-07-27 10:41:53",345
"2018-07-27 11:41:52",345
"2018-07-27 12:41:53",345
"2018-07-27 13:41:57",345
"2018-07-27 14:41:54",343
"2018-07-27 15:41:53",343
"2018-07-27 16:41:53",343
"2018-07-27 17:41:53",343
"2018-07-27 18:41:53",344
"2018-07-27 19:41:53",344
"2018-07-27 20:41:53",344
"2018-07-27 21:41:53",344
"2018-07-27 22:41:52",344
"2018-07-27 23:41:53",344
"2018-07-28 00:41:53",344
"2018-07-28 01:41:53",344
"2018-07-28 02:41:53",344
"2018-07-28 03:41:53",344
"2018-07-28 04:41:52",344
"2018-07-28 05:41:53",344
"2018-07-28 06:41:53",344
"2018-07-28 07:41:52",344
"2018-07-28 08:41:52",344
"2018-07-28 09:41:53",344
"2018-07-28 10:41:52",344
"2018-07-28 11:41:52",344
"2018-07-28 12:41:52",344
"2018-07-28 13:41:52",344
"2018-07-28 14:41:52",344
"2018-07-28 15:41:53",344
"2018-07-28 16:41:53",344
"2018-07-28 17:41:53",344
"2018-07-28 18:41:53",344
"2018-07-28 19:42:02",344
"2018-07-28 20:41:58",344
"2018-07-28 21:41:53",344
"2018-07-28 22:41:53",344
"2018-07-28 23:41:53",344
"2018-07-29 00:41:53",344
"2018-07-29 01:41:54",344
"2018-07-29 02:41:53",344
"2018-07-29 03:41:52",344
"2018-07-29 04:41:53",344
"2018-07-29 05:41:54",344
"2018-07-29 06:41:53",344
"2018-07-29 07:41:52",344
"2018-07-29 08:41:52",344
"2018-07-29 09:41:53",344
"2018-07-29 10:41:53",344
"2018-07-29 11:41:52",344
"2018-07-29 12:41:53",344
"2018-07-29 13:41:53",344
"2018-07-29 14:41:53",344
"2018-07-29 15:41:52",344
"2018-07-29 16:41:54",344
"2018-07-29 17:41:53",344
"2018-07-29 18:41:53",344
"2018-07-29 19:41:53",344
"2018-07-29 20:41:53",344
"2018-07-29 21:41:53",344
"2018-07-29 22:41:53",344
"2018-07-29 23:41:53",344
"2018-07-30 00:41:52",344
"2018-07-30 01:41:53",344
"2018-07-30 02:41:52",344
"2018-07-30 03:41:53",344
"2018-07-30 04:41:53",344
"2018-07-30 05:41:53",344
"2018-07-30 06:41:52",344
"2018-07-30 07:41:52",344
"2018-07-30 08:41:53",344
"2018-07-30 09:41:53",344
"2018-07-30 10:41:52",344
"2018-07-30 11:41:52",344
"2018-07-30 12:41:53",344
"2018-07-30 13:41:57",344
"2018-07-30 14:41:55",366
"2018-07-30 15:41:53",369
"2018-07-30 16:41:54",372
"2018-07-30 17:41:54",368
"2018-07-30 18:41:52",367
"2018-07-30 19:41:54",369
"2018-07-30 20:41:52",372
"2018-07-30 21:41:53",372
"2018-07-30 22:41:53",372
"2018-07-30 23:41:52",372
"2018-07-31 00:41:54",372
"2018-07-31 01:41:53",372
"2018-07-31 02:41:52",372
"2018-07-31 03:41:53",372
"2018-07-31 04:41:52",372
"2018-07-31 05:41:53",372
"2018-07-31 06:41:53",372
"2018-07-31 07:41:53",372
"2018-07-31 08:42:07",372
"2018-07-31 09:48:49",372
"2018-07-31 10:41:53",372
"2018-07-31 11:41:53",372
"2018-07-31 12:41:53",372
"2018-07-31 13:41:56",372
"2018-07-31 14:41:54",370
"2018-07-31 15:41:54",366
"2018-07-31 16:41:53",367
"2018-07-31 17:41:53",368
"2018-07-31 18:41:53",367
"2018-07-31 19:41:54",365
"2018-07-31 20:41:53",362
"2018-07-31 21:41:52",362
"2018-07-31 22:41:53",362
"2018-07-31 23:41:53",362
"2018-08-01 00:41:53",362
"2018-08-01 01:41:53",362
"2018-08-01 02:41:52",362
"2018-08-01 03:41:53",362
"2018-08-01 04:41:53",362
"2018-08-01 05:41:53",362
"2018-08-01 06:41:53",362
"2018-08-01 07:41:53",362
"2018-08-01 08:41:53",362
"2018-08-01 09:41:52",362
"2018-08-01 10:41:52",362
"2018-08-01 11:41:53",362
"2018-08-01 12:41:53",362
"2018-08-01 14:06:59",362
"2018-08-01 14:41:54",362
"2018-08-01 15:41:55",361
"2018-08-01 16:41:55",359
"2018-08-01 17:41:55",359
"2018-08-01 18:41:54",359
"2018-08-01 19:41:55",360
"2018-08-01 20:41:54",359
"2018-08-01 21:41:54",359
"2018-08-01 22:41:53",359
"2018-08-01 23:41:53",359
"2018-08-02 00:41:54",359
"2018-08-02 01:41:54",359
"2018-08-02 02:41:54",359
"2018-08-02 03:41:54",359
"2018-08-02 04:41:55",359
"2018-08-02 05:41:54",359
"2018-08-02 06:41:53",359
"2018-08-02 07:41:53",359
"2018-08-02 08:41:53",359
"2018-08-02 09:41:54",359
"2018-08-02 10:41:54",359
"2018-08-02 11:41:53",359
"2018-08-02 12:41:54",359
"2018-08-02 13:41:55",359
"2018-08-02 14:41:55",360
"2018-08-02 15:41:56",360
"2018-08-02 16:41:54",360
"2018-08-02 17:41:55",360
"2018-08-02 18:41:54",359
"2018-08-02 19:41:55",361
"2018-08-02 20:41:54",362
"2018-08-02 21:41:54",362
"2018-08-02 22:41:53",362
"2018-08-02 23:41:54",362
"2018-08-03 00:41:54",362
"2018-08-03 01:41:54",362
"2018-08-03 02:41:54",362
"2018-08-03 03:41:54",362
"2018-08-03 04:41:54",362
"2018-08-03 05:41:54",362
"2018-08-03 06:41:54",362
"2018-08-03 07:41:53",362
"2018-08-03 08:41:54",362
"2018-08-03 09:41:54",362
"2018-08-03 10:41:54",362
"2018-08-03 11:43:55",362
"2018-08-03 13:06:53",362
"2018-08-03 13:41:55",362
"2018-08-03 14:41:54",358
"2018-08-03 15:41:54",358
"2018-08-03 16:41:55",358
"2018-08-03 17:41:54",358
"2018-08-03 18:41:54",358
"2018-08-03 19:41:54",358
"2018-08-03 20:41:54",358
"2018-08-03 21:41:53",358
"2018-08-03 22:41:53",358
"2018-08-03 23:41:54",358
"2018-08-04 00:41:53",358
"2018-08-04 01:41:53",358
"2018-08-04 02:41:54",358
"2018-08-04 03:41:54",358
"2018-08-04 04:41:54",358
"2018-08-04 05:41:54",358
"2018-08-04 06:41:54",358
"2018-08-04 07:41:54",358
"2018-08-04 08:41:54",358
"2018-08-04 09:41:54",358
"2018-08-04 10:41:54",358
"2018-08-04 11:41:54",358
"2018-08-04 12:41:53",358
"2018-08-04 13:41:55",358
"2018-08-04 14:41:53",358
"2018-08-04 15:41:54",358
"2018-08-04 16:41:54",358
"2018-08-04 17:41:54",358
"2018-08-04 18:41:54",358
"2018-08-04 19:41:54",358
"2018-08-04 20:41:54",358
"2018-08-04 21:41:53",358
"2018-08-04 22:41:53",358
"2018-08-04 23:41:54",358
"2018-08-05 00:41:53",358
"2018-08-05 01:41:53",358
"2018-08-05 02:41:54",358
"2018-08-05 03:41:54",358
"2018-08-05 04:41:53",358
"2018-08-05 05:41:53",358
"2018-08-05 06:41:54",358
"2018-08-05 07:41:54",358
"2018-08-05 08:41:53",358
"2018-08-05 09:41:53",358
"2018-08-05 10:41:54",358
"2018-08-05 11:41:53",358
"2018-08-05 12:41:54",358
"2018-08-05 13:41:53",358
"2018-08-05 14:41:53",358
"2018-08-05 15:41:54",358
"2018-08-05 16:41:54",358
"2018-08-05 17:41:53",358
"2018-08-05 18:41:54",358
"2018-08-05 19:41:54",358
"2018-08-05 20:41:54",358
"2018-08-05 21:41:54",358
"2018-08-05 22:41:53",358
"2018-08-05 23:41:54",358
"2018-08-06 00:41:54",358
"2018-08-06 01:41:53",358
"2018-08-06 02:41:53",358
"2018-08-06 03:41:54",358
"2018-08-06 04:41:53",358
"2018-08-06 05:41:53",358
"2018-08-06 06:41:53",358
"2018-08-06 07:41:54",358
"2018-08-06 08:41:54",358
"2018-08-06 09:41:54",358
"2018-08-06 10:41:54",358
"2018-08-06 11:41:53",358
"2018-08-06 12:41:54",358
"2018-08-06 13:41:56",358
"2018-08-06 14:41:54",360
"2018-08-06 15:41:54",360
"2018-08-06 16:42:11",358
"2018-08-06 17:41:55",357
"2018-08-06 18:41:55",357
"2018-08-06 19:41:54",357
"2018-08-06 20:41:54",357
"2018-08-06 21:41:56",357
"2018-08-06 22:41:54",357
"2018-08-06 23:41:54",357
"2018-08-07 00:41:54",357
"2018-08-07 01:41:54",357
"2018-08-07 02:41:55",357
"2018-08-07 03:41:55",357
"2018-08-07 04:41:55",357
"2018-08-07 05:41:54",357
"2018-08-07 06:41:54",357
"2018-08-07 07:41:54",357
"2018-08-07 08:41:54",357
"2018-08-07 09:41:54",357
"2018-08-07 10:41:53",357
"2018-08-07 11:41:54",357
"2018-08-07 12:41:54",357
"2018-08-07 13:41:58",357
"2018-08-07 14:41:54",357
"2018-08-07 15:41:54",355
"2018-08-07 16:41:54",355
"2018-08-07 17:41:55",354
"2018-08-07 18:41:55",353
"2018-08-07 19:41:55",352
"2018-08-07 20:41:54",352
"2018-08-07 21:41:54",352
"2018-08-07 22:41:54",352
"2018-08-07 23:41:54",352
"2018-08-08 00:41:54",352
"2018-08-08 01:41:55",352
"2018-08-08 02:41:55",352
"2018-08-08 03:41:55",352
"2018-08-08 04:41:53",352
"2018-08-08 05:41:55",352
"2018-08-08 06:41:54",352
"2018-08-08 07:41:55",352
"2018-08-08 08:41:55",352
"2018-08-08 09:41:55",352
"2018-08-08 10:41:55",352
"2018-08-08 11:41:55",352
"2018-08-08 12:41:55",352
"2018-08-08 13:41:55",352
"2018-08-08 14:41:55",353
"2018-08-08 15:41:56",352
"2018-08-08 16:41:55",352
"2018-08-08 17:41:54",351
"2018-08-08 18:41:54",351
"2018-08-08 19:41:54",351
"2018-08-08 20:41:54",351
"2018-08-08 21:41:54",350
"2018-08-08 22:41:54",350
"2018-08-08 23:41:54",350
"2018-08-10 00:20:10",345
"2018-08-10 00:41:56",345
"2018-08-10 01:41:56",345
"2018-08-10 02:41:56",345
"2018-08-10 03:41:54",345
"2018-08-10 04:41:56",345
"2018-08-10 05:41:59",345
"2018-08-10 06:41:57",345
"2018-08-10 07:41:59",345
"2018-08-10 08:41:59",345
"2018-08-10 09:41:58",345
"2018-08-10 10:41:57",345
"2018-08-10 11:41:58",345
"2018-08-10 12:41:57",345
"2018-08-10 13:42:01",345
"2018-08-10 14:41:59",343
"2018-08-10 15:42:00",343
"2018-08-10 16:42:00",342
"2018-08-10 17:41:59",341
"2018-08-10 18:41:59",343
"2018-08-10 19:41:59",343
"2018-08-10 20:41:59",343
"2018-08-10 21:41:59",343
"2018-08-10 22:41:58",342
"2018-08-10 23:42:00",342
"2018-08-11 00:41:59",342
"2018-08-11 01:41:59",342
"2018-08-11 02:42:00",342
"2018-08-11 03:41:59",342
"2018-08-11 04:41:59",342
"2018-08-11 05:42:00",342
"2018-08-11 06:41:58",342
"2018-08-11 07:41:58",342
"2018-08-11 08:41:58",342
"2018-08-11 09:41:58",342
"2018-08-11 10:41:58",342
"2018-08-11 11:41:59",342
"2018-08-11 12:41:58",342
"2018-08-11 13:41:58",342
"2018-08-11 14:41:59",342
"2018-08-11 15:41:59",342
"2018-08-11 16:41:59",342
"2018-08-11 17:41:59",342
"2018-08-11 18:41:59",342
"2018-08-11 19:41:59",342
"2018-08-11 20:41:58",342
"2018-08-11 21:41:59",342
"2018-08-11 22:41:59",342
"2018-08-11 23:41:59",342
"2018-08-12 00:41:59",342
"2018-08-12 01:41:58",342
"2018-08-12 02:41:58",342
"2018-08-12 03:41:58",342
"2018-08-12 04:41:59",342
"2018-08-12 05:41:59",342
"2018-08-12 06:41:58",342
"2018-08-12 07:41:58",342
"2018-08-12 08:41:58",342
"2018-08-12 09:41:58",342
"2018-08-12 10:41:58",342
"2018-08-12 11:41:58",342
"2018-08-12 12:41:59",342
"2018-08-12 13:41:59",342
"2018-08-12 14:41:59",342
"2018-08-12 15:42:00",342
"2018-08-12 16:42:00",342
"2018-08-12 17:41:59",342
"2018-08-12 18:41:59",342
"2018-08-12 19:41:59",342
"2018-08-12 20:41:59",342
"2018-08-12 21:41:59",342
"2018-08-12 22:41:59",342
"2018-08-12 23:41:59",342
"2018-08-13 00:41:58",342
"2018-08-13 01:41:59",342
"2018-08-13 02:41:59",342
"2018-08-13 03:41:59",342
"2018-08-13 04:41:59",342
"2018-08-13 05:41:58",342
"2018-08-13 06:41:59",342
"2018-08-13 07:41:59",342
"2018-08-13 08:42:00",342
"2018-08-13 09:42:00",342
"2018-08-13 10:41:59",342
"2018-08-13 11:41:59",342
"2018-08-13 12:41:59",342
"2018-08-13 13:42:01",342
"2018-08-13 14:42:00",342
"2018-08-13 15:42:00",342
"2018-08-13 16:41:59",342
"2018-08-13 17:41:58",341
"2018-08-13 18:41:59",341
"2018-08-13 19:42:00",341
"2018-08-13 20:41:59",341
"2018-08-13 21:41:59",341
"2018-08-13 22:41:59",341
"2018-08-13 23:41:59",341
"2018-08-14 00:41:59",341
"2018-08-14 01:42:00",341
"2018-08-14 02:41:59",341
"2018-08-14 03:41:59",341
"2018-08-14 04:42:00",341
"2018-08-14 05:41:59",341
"2018-08-14 06:42:00",341
"2018-08-14 07:42:00",341
"2018-08-14 08:41:59",341
"2018-08-14 09:41:59",341
"2018-08-14 10:41:59",341
"2018-08-14 11:41:59",341
"2018-08-14 12:41:59",341
"2018-08-14 13:42:00",341
"2018-08-14 14:42:00",339
"2018-08-14 15:42:00",340
"2018-08-14 16:41:59",340
"2018-08-14 17:41:58",340
"2018-08-14 18:41:59",341
"2018-08-14 19:42:00",341
"2018-08-14 20:41:59",340
"2018-08-14 21:41:58",340
"2018-08-14 22:41:59",340
"2018-08-14 23:41:59",340
"2018-08-15 00:41:59",340
"2018-08-15 01:42:00",340
"2018-08-15 02:42:00",340
"2018-08-15 03:42:00",340
"2018-08-15 04:41:59",340
"2018-08-15 05:41:59",340
"2018-08-15 06:42:00",340
"2018-08-15 07:41:58",340
"2018-08-15 08:41:59",340
"2018-08-15 09:41:59",340
"2018-08-15 10:41:59",340
"2018-08-15 11:41:59",340
"2018-08-15 12:41:58",340
"2018-08-15 14:07:34",341
"2018-08-15 14:41:59",341
"2018-08-15 15:41:59",342
"2018-08-15 16:42:01",342
"2018-08-15 17:41:59",341
"2018-08-15 18:41:58",342
"2018-08-15 19:41:58",342
"2018-08-15 20:41:58",340
"2018-08-15 21:41:58",340
"2018-08-15 22:41:58",340
"2018-08-15 23:41:59",340
"2018-08-16 00:41:59",340
"2018-08-16 01:41:59",340
"2018-08-16 02:41:59",340
"2018-08-16 03:42:00",340
"2018-08-16 04:41:59",340
"2018-08-16 05:41:59",340
"2018-08-16 06:41:59",340
"2018-08-16 07:41:59",340
"2018-08-16 08:41:59",340
"2018-08-16 09:41:58",340
"2018-08-16 10:42:00",340
"2018-08-16 11:41:58",340
"2018-08-16 12:41:58",340
"2018-08-16 13:42:00",340
"2018-08-16 14:41:58",340
"2018-08-16 15:42:00",340
"2018-08-16 16:41:59",339
"2018-08-16 17:42:00",339
"2018-08-16 18:41:59",338
"2018-08-16 19:42:00",338
"2018-08-16 20:41:59",338
"2018-08-16 21:41:59",338
"2018-08-16 22:41:59",337
"2018-08-16 23:41:59",337
"2018-08-17 00:41:59",337
"2018-08-17 01:41:59",337
"2018-08-17 02:42:00",337
"2018-08-17 03:42:00",337
"2018-08-17 04:42:00",337
"2018-08-17 05:41:59",337
"2018-08-17 06:41:58",337
"2018-08-17 07:41:59",337
"2018-08-17 08:42:00",337
"2018-08-17 09:41:59",337
"2018-08-17 10:41:58",337
"2018-08-17 11:41:59",337
"2018-08-17 12:41:59",337
"2018-08-17 13:42:01",337
"2018-08-17 14:42:00",337
"2018-08-17 15:42:00",335
"2018-08-17 16:41:59",334
"2018-08-17 17:41:59",334
"2018-08-17 18:41:59",334
"2018-08-17 19:42:00",334
"2018-08-17 20:41:58",334
"2018-08-17 21:41:59",334
"2018-08-17 22:41:59",334
"2018-08-17 23:41:58",334
"2018-08-18 00:41:59",334
"2018-08-18 01:42:00",334
"2018-08-18 02:41:59",334
"2018-08-18 03:41:59",334
"2018-08-18 04:41:59",334
"2018-08-18 05:41:59",334
"2018-08-18 06:42:00",334
"2018-08-18 07:41:59",334
"2018-08-18 08:41:59",334
"2018-08-18 09:41:59",334
"2018-08-18 10:41:58",334
"2018-08-18 11:41:59",334
"2018-08-18 12:42:00",334
"2018-08-18 13:42:00",334
"2018-08-18 14:42:00",334
"2018-08-18 15:42:00",334
"2018-08-18 16:42:00",334
"2018-08-18 17:41:59",334
"2018-08-18 18:41:59",334
"2018-08-18 19:41:59",334
"2018-08-18 20:42:00",334
"2018-08-18 21:41:59",334
"2018-08-18 22:41:58",334
"2018-08-18 23:41:58",334
"2018-08-19 00:41:59",334
"2018-08-19 01:41:59",334
"2018-08-19 02:41:59",334
"2018-08-19 03:41:59",334
"2018-08-19 04:41:59",334
"2018-08-19 05:41:59",334
"2018-08-19 06:41:59",334
"2018-08-19 07:41:59",334
"2018-08-19 08:41:59",334
"2018-08-19 09:41:58",334
"2018-08-19 10:41:59",334
"2018-08-19 11:41:59",334
"2018-08-19 12:41:59",334
"2018-08-19 13:41:59",334
"2018-08-19 14:41:58",334
"2018-08-19 15:42:00",334
"2018-08-19 16:41:58",334
"2018-08-19 17:41:59",334
"2018-08-19 18:42:00",334
"2018-08-19 19:41:59",334
"2018-08-19 20:41:59",334
"2018-08-19 21:42:00",334
"2018-08-19 22:41:59",334
"2018-08-19 23:41:59",334
"2018-08-20 00:42:00",334
"2018-08-20 01:42:00",334
"2018-08-20 02:41:59",334
"2018-08-20 03:41:58",334
"2018-08-20 04:41:59",334
"2018-08-20 05:41:59",334
"2018-08-20 06:41:59",334
"2018-08-20 07:41:59",334
"2018-08-20 08:42:03",334
"2018-08-20 09:41:58",334
"2018-08-20 10:41:59",334
"2018-08-20 11:42:00",334
"2018-08-20 12:41:59",334
"2018-08-20 13:42:01",334
"2018-08-20 14:42:02",334
"2018-08-20 15:42:00",334
"2018-08-20 16:42:00",334
"2018-08-20 17:41:59",333
"2018-08-20 18:41:59",331
"2018-08-20 19:41:59",331
"2018-08-20 20:41:59",331
"2018-08-20 21:41:58",331
"2018-08-20 22:41:59",331
"2018-08-20 23:41:58",331
"2018-08-21 00:41:59",331
"2018-08-21 01:42:00",331
"2018-08-21 02:42:00",331
"2018-08-21 03:42:00",331
"2018-08-21 04:41:59",331
"2018-08-21 05:41:58",331
"2018-08-21 06:42:00",331
"2018-08-21 07:41:58",331
"2018-08-21 08:42:00",331
"2018-08-21 09:41:59",331
"2018-08-21 10:42:00",331
"2018-08-21 11:41:59",331
"2018-08-21 12:41:59",331
"2018-08-21 13:42:02",331
"2018-08-21 14:42:00",331
"2018-08-21 15:41:59",332
"2018-08-21 16:41:59",332
"2018-08-21 17:41:58",332
"2018-08-21 18:41:59",332
"2018-08-21 19:41:59",332
"2018-08-21 20:41:59",331
"2018-08-21 21:41:58",331
"2018-08-21 22:41:59",331
"2018-08-21 23:41:59",331
"2018-08-22 00:41:58",331
"2018-08-22 01:41:58",331
"2018-08-22 02:41:59",331
"2018-08-22 03:41:59",331
"2018-08-22 04:41:59",331
"2018-08-22 05:41:58",331
"2018-08-22 06:41:58",331
"2018-08-22 07:41:58",331
"2018-08-22 08:41:57",331
"2018-08-22 09:41:58",331
"2018-08-22 10:41:58",331
"2018-08-22 11:41:59",331
"2018-08-22 12:41:57",331
"2018-08-22 13:42:03",331
"2018-08-22 14:41:58",334
"2018-08-22 15:41:58",334
"2018-08-22 16:41:59",334
"2018-08-22 17:41:58",335
"2018-08-22 18:41:59",335
"2018-08-22 19:41:59",335
"2018-08-22 20:41:57",335
"2018-08-22 21:41:58",335
"2018-08-22 22:41:58",335
"2018-08-22 23:41:58",335
"2018-08-23 00:41:58",335
"2018-08-23 01:41:59",335
"2018-08-23 02:41:59",335
"2018-08-23 03:41:59",335
"2018-08-23 04:41:59",335
"2018-08-23 05:41:58",335
"2018-08-23 06:41:57",335
"2018-08-23 07:41:58",335
"2018-08-23 08:41:58",335
"2018-08-23 09:41:58",335
"2018-08-23 10:41:58",335
"2018-08-23 11:41:58",335
"2018-08-23 12:41:58",335
"2018-08-23 13:42:02",335
"2018-08-23 14:41:59",334
"2018-08-23 15:41:59",333
"2018-08-23 16:42:00",333
"2018-08-23 17:41:58",333
"2018-08-23 18:41:59",333
"2018-08-23 19:41:59",333
"2018-08-23 20:41:59",331
"2018-08-23 21:41:58",331
"2018-08-23 22:41:58",331
"2018-08-23 23:41:58",331
"2018-08-24 00:41:59",331
"2018-08-24 01:41:59",331
"2018-08-24 02:41:58",331
"2018-08-24 03:41:58",331
"2018-08-24 20:00:18",331
"2018-08-24 20:41:59",331
"2018-08-24 21:41:59",331
"2018-08-24 22:41:58",331
"2018-08-24 23:41:58",331
"2018-08-25 00:41:59",331
"2018-08-25 01:41:59",331
"2018-08-25 02:41:59",331
"2018-08-25 03:41:59",331
"2018-08-25 04:41:58",331
"2018-08-25 05:41:59",331
"2018-08-25 06:41:58",331
"2018-08-25 07:41:57",331
"2018-08-25 08:41:58",331
"2018-08-25 09:41:58",331
"2018-08-25 10:41:59",331
"2018-08-25 11:41:58",331
"2018-08-25 12:41:59",331
"2018-08-25 13:41:59",331
"2018-08-25 14:41:59",331
"2018-08-25 15:41:58",331
"2018-08-25 16:41:58",331
"2018-08-25 17:41:59",331
"2018-08-25 18:41:59",331
"2018-08-25 19:41:59",331
"2018-08-25 20:41:58",331
"2018-08-25 21:41:59",331
"2018-08-25 22:41:59",331
"2018-08-25 23:41:58",331
"2018-08-26 00:41:59",331
"2018-08-26 01:41:58",331
"2018-08-26 02:41:59",331
"2018-08-26 03:41:59",331
"2018-08-26 04:41:58",331
"2018-08-26 05:41:57",331
"2018-08-26 06:41:59",331
"2018-08-26 07:41:59",331
"2018-08-26 08:41:58",331
"2018-08-26 09:41:58",331
"2018-08-26 10:41:58",331
"2018-08-26 11:41:59",331
"2018-08-26 12:41:59",331
"2018-08-26 13:41:58",331
"2018-08-26 14:41:58",331
"2018-08-26 15:41:58",331
"2018-08-26 16:41:58",331
"2018-08-26 17:41:58",331
"2018-08-26 18:41:58",331
"2018-08-26 19:41:58",331
"2018-08-26 20:41:59",331
"2018-08-26 21:41:58",331
"2018-08-26 22:41:58",331
"2018-08-26 23:41:59",331
"2018-08-27 00:41:59",331
"2018-08-27 01:41:58",331
"2018-08-27 02:41:58",331
"2018-08-27 03:41:58",331
"2018-08-27 04:41:58",331
"2018-08-27 05:41:59",331
"2018-08-27 06:41:58",331
"2018-08-27 07:41:58",331
"2018-08-27 08:41:58",331
"2018-08-27 09:41:58",331
"2018-08-27 10:41:58",331
"2018-08-27 11:41:58",331
"2018-08-27 12:41:58",331
"2018-08-27 14:06:01",332
"2018-08-27 14:41:59",332
"2018-08-27 15:41:59",333
"2018-08-27 16:41:59",333
"2018-08-27 17:41:59",333
"2018-08-27 18:41:59",333
"2018-08-27 19:41:59",333
"2018-08-27 20:41:58",333
"2018-08-27 21:41:59",333
"2018-08-27 22:41:59",333
"2018-08-27 23:41:58",333
"2018-08-28 00:41:58",333
"2018-08-28 01:41:59",333
"2018-08-28 02:41:58",333
"2018-08-28 03:41:58",333
"2018-08-28 04:41:59",333
"2018-08-28 05:41:58",333
"2018-08-28 06:41:59",333
"2018-08-28 07:41:58",333
"2018-08-28 08:41:58",333
"2018-08-28 09:41:58",333
"2018-08-28 10:41:59",333
"2018-08-28 11:41:58",333
"2018-08-28 12:41:58",333
"2018-08-28 13:42:12",333
"2018-08-28 14:42:10",332
"2018-08-28 15:42:11",331
"2018-08-28 16:42:11",330
"2018-08-28 17:42:10",329
"2018-08-28 18:42:12",330
"2018-08-28 19:42:10",330
"2018-08-28 20:42:10",331
"2018-08-28 21:42:10",331
"2018-08-28 22:42:11",331
"2018-08-28 23:42:10",331
"2018-08-29 00:42:11",331
"2018-08-29 01:42:11",331
"2018-08-29 02:42:10",331
"2018-08-29 03:42:10",331
"2018-08-29 04:42:10",331
"2018-08-29 05:42:10",331
"2018-08-29 06:42:09",331
"2018-08-29 07:42:10",331
"2018-08-29 08:42:10",331
"2018-08-29 09:42:09",331
"2018-08-29 10:42:09",331
"2018-08-29 11:42:09",331
"2018-08-29 12:42:10",331
"2018-08-29 14:05:46",330
"2018-08-29 14:42:11",330
"2018-08-29 15:42:10",330
"2018-08-29 16:42:10",330
"2018-08-29 17:42:11",330
"2018-08-29 18:42:12",330
"2018-08-29 19:42:10",330
"2018-08-29 20:42:09",329
"2018-08-29 21:42:10",329
"2018-08-29 22:42:09",329
"2018-08-29 23:42:10",329
"2018-08-30 00:42:55",329
"2018-08-30 01:42:10",329
"2018-08-30 02:42:10",329
"2018-08-30 03:42:10",329
"2018-08-30 04:42:10",329
"2018-08-30 05:42:10",329
"2018-08-30 06:42:10",329
"2018-08-30 07:42:10",329
"2018-08-30 08:42:14",329
"2018-08-30 09:42:10",329
"2018-08-30 10:42:10",329
"2018-08-30 11:42:10",329
"2018-08-30 12:42:09",329
"2018-08-30 13:42:13",329
"2018-08-30 14:42:11",329
"2018-08-30 15:42:10",330
"2018-08-30 16:42:10",330
"2018-08-30 17:42:10",330
"2018-08-30 18:42:11",330
"2018-08-30 19:42:11",330
"2018-08-30 20:42:09",329
"2018-08-30 21:42:10",329
"2018-08-30 22:42:09",329
"2018-08-30 23:42:10",329
"2018-08-31 00:42:11",329
"2018-08-31 01:42:09",329
"2018-08-31 02:42:09",329
"2018-08-31 03:42:10",329
"2018-08-31 04:42:10",329
"2018-08-31 05:42:10",329
"2018-08-31 06:42:10",329
"2018-08-31 07:42:10",329
"2018-08-31 08:42:10",329
"2018-08-31 09:42:10",329
"2018-08-31 10:42:09",329
"2018-08-31 11:42:11",329
"2018-08-31 12:42:11",329
"2018-08-31 13:42:13",329
"2018-08-31 14:42:10",331
"2018-08-31 15:42:10",331
"2018-08-31 16:42:09",330
"2018-08-31 17:42:10",330
"2018-08-31 18:42:11",331
"2018-08-31 19:42:10",332
"2018-08-31 20:42:11",331
"2018-08-31 21:42:10",331
"2018-08-31 22:42:10",330
"2018-08-31 23:42:09",330
"2018-09-01 00:42:10",330
"2018-09-01 01:42:10",330
"2018-09-01 02:42:10",330
"2018-09-01 03:42:10",330
"2018-09-01 04:42:11",330
"2018-09-01 05:42:10",330
"2018-09-01 06:42:10",330
"2018-09-01 07:42:10",330
"2018-09-01 08:42:10",330
"2018-09-01 09:42:10",330
"2018-09-01 10:42:10",330
"2018-09-01 11:42:10",330
"2018-09-01 12:42:10",330
"2018-09-01 13:42:11",330
"2018-09-01 14:42:11",330
"2018-09-01 15:42:10",330
"2018-09-01 16:42:10",330
"2018-09-01 17:42:09",330
"2018-09-01 18:42:10",330
"2018-09-01 19:42:10",330
"2018-09-01 20:42:09",330
"2018-09-01 21:42:10",330
"2018-09-01 22:42:10",330
"2018-09-01 23:42:10",330
"2018-09-02 00:42:10",330
"2018-09-02 01:42:10",330
"2018-09-02 02:42:10",330
"2018-09-02 03:42:11",330
"2018-09-02 04:42:10",330
"2018-09-02 05:42:10",330
"2018-09-02 06:42:10",330
"2018-09-02 07:42:09",330
"2018-09-02 08:42:10",330
"2018-09-02 09:42:09",330
"2018-09-02 10:42:09",330
"2018-09-02 11:42:10",330
"2018-09-02 12:42:10",330
"2018-09-02 13:42:10",330
"2018-09-02 14:42:11",330
"2018-09-02 15:42:10",330
"2018-09-02 16:42:11",330
"2018-09-02 17:42:10",330
"2018-09-02 18:42:09",330
"2018-09-02 19:42:10",330
"2018-09-02 20:42:09",330
"2018-09-02 21:42:10",330
"2018-09-02 22:42:10",330
"2018-09-02 23:42:11",330
"2018-09-03 00:42:10",330
"2018-09-03 01:42:10",330
"2018-09-03 02:42:11",330
"2018-09-03 03:42:10",330
"2018-09-03 04:42:10",330
"2018-09-03 05:42:10",330
"2018-09-03 06:42:10",330
"2018-09-03 07:42:10",330
"2018-09-03 08:42:14",330
"2018-09-03 09:42:10",330
"2018-09-03 10:42:10",330
"2018-09-03 11:42:11",330
"2018-09-03 12:42:09",330
"2018-09-03 13:42:10",330
"2018-09-03 14:42:10",330
"2018-09-03 15:42:09",330
"2018-09-03 16:42:10",330
"2018-09-03 17:42:10",330
"2018-09-03 18:42:10",330
"2018-09-03 19:42:09",330
"2018-09-03 20:42:10",330
"2018-09-03 21:42:09",330
"2018-09-03 22:42:10",330
"2018-09-03 23:42:09",330
"2018-09-04 00:42:10",330
"2018-09-04 01:42:10",330
"2018-09-04 02:42:10",330
"2018-09-04 03:42:10",330
"2018-09-04 04:42:10",330
"2018-09-04 05:42:10",330
"2018-09-04 06:42:10",330
"2018-09-04 07:42:11",330
"2018-09-04 08:42:10",330
"2018-09-04 09:42:10",330
"2018-09-04 10:42:10",330
"2018-09-04 11:42:09",330
"2018-09-04 12:42:10",330
"2018-09-04 13:42:13",330
"2018-09-04 14:42:11",330
"2018-09-04 15:42:11",331
"2018-09-04 16:42:11",331
"2018-09-04 17:42:11",331
"2018-09-04 18:42:11",332
"2018-09-04 19:42:12",332
"2018-09-04 20:42:11",332
"2018-09-04 21:42:10",332
"2018-09-04 22:42:10",332
"2018-09-04 23:42:10",332
"2018-09-05 00:42:10",332
"2018-09-05 01:42:10",332
"2018-09-05 02:42:11",332
"2018-09-05 03:42:09",332
"2018-09-05 04:42:10",332
"2018-09-05 05:42:09",332
"2018-09-05 06:42:09",332
"2018-09-05 07:42:10",332
"2018-09-05 08:42:10",332
"2018-09-05 09:42:10",332
"2018-09-05 10:42:09",332
"2018-09-05 11:42:13",332
"2018-09-05 12:42:09",332
"2018-09-05 13:42:18",332
"2018-09-05 14:42:12",330
"2018-09-05 15:42:10",329
"2018-09-05 16:42:11",328
"2018-09-05 17:42:12",328
"2018-09-05 18:42:11",328
"2018-09-05 19:42:12",328
"2018-09-05 20:42:10",327
"2018-09-05 21:42:09",327
"2018-09-05 22:42:09",327
"2018-09-05 23:42:10",327
"2018-09-06 00:42:10",327
"2018-09-06 01:42:10",327
"2018-09-06 02:42:10",327
"2018-09-06 03:42:10",327
"2018-09-06 04:42:11",327
"2018-09-06 05:42:11",327
"2018-09-06 06:42:10",327
"2018-09-06 07:42:09",327
"2018-09-06 08:42:10",327
"2018-09-06 09:42:10",327
"2018-09-06 10:42:10",327
"2018-09-06 11:42:10",327
"2018-09-06 13:07:14",327
"2018-09-06 13:42:17",327
"2018-09-06 14:42:11",326
"2018-09-06 15:42:12",326
"2018-09-06 16:42:12",326
"2018-09-06 17:42:11",325
"2018-09-06 18:42:11",325
"2018-09-06 19:42:12",325
"2018-09-06 20:42:10",324
"2018-09-06 21:42:10",325
"2018-09-06 22:42:11",325
"2018-09-06 23:42:12",325
"2018-09-07 00:42:11",325
"2018-09-07 01:42:11",325
"2018-09-07 02:42:12",325
"2018-09-07 03:42:11",325
"2018-09-07 04:42:11",325
"2018-09-07 05:42:13",325
"2018-09-07 06:42:13",325
"2018-09-07 08:42:12",325
"2018-09-07 09:42:12",325
"2018-09-07 10:42:13",325
"2018-09-07 11:42:12",325
"2018-09-07 12:42:11",325
"2018-09-07 13:42:15",325
"2018-09-07 14:42:11",324
"2018-09-07 15:42:12",325
"2018-09-07 16:42:13",326
"2018-09-07 17:42:12",328
"2018-09-07 18:42:10",327
"2018-09-07 19:42:11",328
"2018-09-07 20:42:11",328
"2018-09-07 21:42:10",328
"2018-09-07 22:42:10",328
"2018-09-07 23:42:11",328
"2018-09-08 00:42:11",328
"2018-09-08 01:42:11",328
"2018-09-08 02:42:11",328
"2018-09-08 03:42:11",328
"2018-09-08 04:42:10",328
"2018-09-08 05:42:11",328
"2018-09-08 06:42:11",328
"2018-09-08 07:42:10",328
"2018-09-08 08:42:10",328
"2018-09-08 09:42:10",328
"2018-09-08 10:42:10",328
"2018-09-08 11:42:10",328
"2018-09-08 12:42:11",328
"2018-09-08 13:42:12",328
"2018-09-08 14:42:10",328
"2018-09-08 15:42:11",328
"2018-09-08 16:42:11",328
"2018-09-08 17:42:11",328
"2018-09-08 18:42:11",328
"2018-09-08 19:42:11",328
"2018-09-08 20:42:11",328
"2018-09-08 21:42:11",328
"2018-09-08 22:42:11",328
"2018-09-08 23:42:12",328
"2018-09-09 00:42:10",328
"2018-09-09 01:42:12",328
"2018-09-09 02:42:11",328
"2018-09-09 03:42:11",328
"2018-09-09 04:42:11",328
"2018-09-09 05:42:11",328
"2018-09-09 06:42:11",328
"2018-09-09 07:42:11",328
"2018-09-09 08:42:11",328
"2018-09-09 09:42:11",328
"2018-09-09 10:42:11",328
"2018-09-09 11:42:11",328
"2018-09-09 12:42:11",328
"2018-09-09 13:42:12",328
"2018-09-09 14:42:12",328
"2018-09-09 15:42:11",328
"2018-09-09 16:42:11",328
"2018-09-09 17:42:11",328
"2018-09-09 18:42:12",328
"2018-09-09 19:42:11",328
"2018-09-09 20:42:11",328
"2018-09-09 21:42:11",328
"2018-09-09 22:42:10",328
"2018-09-09 23:42:11",328
"2018-09-10 00:42:12",328
"2018-09-10 01:42:13",328
"2018-09-10 02:42:12",328
"2018-09-10 03:42:11",328
"2018-09-10 04:42:12",328
"2018-09-10 05:42:10",328
"2018-09-10 06:42:10",328
"2018-09-10 07:42:10",328
"2018-09-10 08:42:10",328
"2018-09-10 09:42:11",328
"2018-09-10 10:42:11",328
"2018-09-10 11:42:11",328
"2018-09-10 12:42:11",328
"2018-09-10 13:42:14",328
"2018-09-10 14:42:12",328
"2018-09-10 15:42:12",327
"2018-09-10 16:42:12",327
"2018-09-10 17:42:12",326
"2018-09-10 18:42:13",326
"2018-09-10 19:42:11",326
"2018-09-10 20:42:11",326
"2018-09-10 21:42:10",326
"2018-09-10 22:42:11",326
"2018-09-10 23:42:11",326
"2018-09-11 00:42:12",326
"2018-09-11 01:42:12",326
"2018-09-11 02:42:12",326
"2018-09-11 03:42:12",326
"2018-09-11 04:42:11",326
"2018-09-11 05:42:12",326
"2018-09-11 06:42:12",326
"2018-09-11 07:42:11",326
"2018-09-11 08:42:10",326
"2018-09-11 09:42:11",326
"2018-09-11 10:42:11",326
"2018-09-11 11:42:10",326
"2018-09-11 12:42:11",326
"2018-09-11 13:42:15",326
"2018-09-11 14:42:12",329
"2018-09-11 15:42:11",329
"2018-09-11 16:42:11",329
"2018-09-11 17:42:11",329
"2018-09-11 18:42:12",329
"2018-09-11 19:42:12",329
"2018-09-11 20:42:11",329
"2018-09-11 21:42:10",329
"2018-09-11 22:42:10",329
"2018-09-11 23:42:11",329
"2018-09-12 00:42:12",329
"2018-09-12 01:42:12",329
"2018-09-12 20:42:13",329
"2018-09-12 21:42:11",328
"2018-09-12 22:42:11",328
"2018-09-12 23:42:11",328
"2018-09-13 00:42:11",328
"2018-09-13 01:42:11",328
"2018-09-13 02:42:15",328
"2018-09-13 03:42:11",328
"2018-09-13 04:42:11",328
"2018-09-13 05:42:11",328
"2018-09-13 06:42:11",328
"2018-09-13 07:42:11",328
"2018-09-13 08:42:11",328
"2018-09-13 09:42:10",328
"2018-09-13 10:42:11",328
"2018-09-13 11:42:10",328
"2018-09-13 12:42:11",328
"2018-09-13 14:42:13",328
"2018-09-13 15:42:13",329
"2018-09-13 16:42:13",328
"2018-09-13 17:42:12",328
"2018-09-13 18:42:13",328
"2018-09-13 19:42:13",328
"2018-09-13 20:42:12",328
"2018-09-13 21:42:11",328
"2018-09-13 22:42:12",328
"2018-09-13 23:42:12",328
"2018-09-14 00:42:13",328
"2018-09-14 01:42:12",328
"2018-09-14 02:42:13",328
"2018-09-14 03:42:12",328
"2018-09-14 04:42:13",328
"2018-09-14 05:42:12",328
"2018-09-14 06:42:12",328
"2018-09-14 07:42:12",328
"2018-09-14 08:42:16",328
"2018-09-14 09:42:13",328
"2018-09-14 10:42:12",328
"2018-09-14 11:42:11",328
"2018-09-14 12:42:13",328
"2018-09-14 13:42:17",328
"2018-09-14 14:42:16",327
"2018-09-14 15:42:16",327
"2018-09-14 16:42:12",327
"2018-09-14 17:42:14",327
"2018-09-14 18:42:13",327
"2018-09-14 19:42:12",327
"2018-09-14 20:42:12",327
"2018-09-14 21:42:11",327
"2018-09-14 22:42:12",327
"2018-09-14 23:42:12",327
"2018-09-15 00:42:13",327
"2018-09-15 01:42:12",327
"2018-09-15 02:42:13",327
"2018-09-15 03:42:12",327
"2018-09-15 04:42:11",327
"2018-09-15 05:42:12",327
"2018-09-15 06:42:11",327
"2018-09-15 07:42:12",327
"2018-09-15 08:42:11",327
"2018-09-15 09:42:12",327
"2018-09-15 10:42:12",327
"2018-09-15 11:42:11",327
"2018-09-15 12:42:13",327
"2018-09-15 13:42:12",327
"2018-09-15 14:42:11",327
"2018-09-15 15:42:12",327
"2018-09-15 16:42:11",327
"2018-09-15 17:42:11",327
"2018-09-15 18:42:11",327
"2018-09-15 19:42:12",327
"2018-09-15 20:42:12",327
"2018-09-15 21:42:11",327
"2018-09-15 22:42:11",327
"2018-09-15 23:42:11",327
"2018-09-16 00:42:12",327
"2018-09-16 01:42:12",327
"2018-09-16 02:42:13",327
"2018-09-16 03:42:11",327
"2018-09-16 04:42:12",327
"2018-09-16 05:42:12",327
"2018-09-16 06:42:13",327
"2018-09-16 07:42:11",327
"2018-09-16 08:42:12",327
"2018-09-16 09:42:12",327
"2018-09-16 10:42:11",327
"2018-09-16 11:42:12",327
"2018-09-16 12:42:12",327
"2018-09-16 13:42:12",327
"2018-09-16 14:42:12",327
"2018-09-16 15:42:12",327
"2018-09-16 16:42:12",327
"2018-09-16 17:42:12",327
"2018-09-16 18:42:12",327
"2018-09-16 19:42:11",327
"2018-09-16 20:42:12",327
"2018-09-16 21:42:12",327
"2018-09-16 22:42:12",327
"2018-09-16 23:42:12",327
"2018-09-17 00:42:12",327
"2018-09-17 01:42:12",327
"2018-09-17 02:42:12",327
"2018-09-17 03:42:12",327
"2018-09-17 04:42:12",327
"2018-09-17 05:42:11",327
"2018-09-17 06:42:12",327
"2018-09-17 07:42:12",327
"2018-09-17 08:42:12",327
"2018-09-17 09:42:12",327
"2018-09-17 10:42:12",327
"2018-09-17 11:42:12",327
"2018-09-17 12:42:11",327
"2018-09-17 13:42:17",327
"2018-09-17 14:42:13",325
"2018-09-17 15:42:18",325
"2018-09-17 16:42:13",325
"2018-09-17 17:42:11",325
"2018-09-17 18:42:12",325
"2018-09-17 19:42:12",325
"2018-09-17 20:42:12",325
"2018-09-17 21:42:12",326
"2018-09-17 22:42:11",326
"2018-09-17 23:42:12",326
"2018-09-18 00:42:12",326
"2018-09-18 01:42:12",326
"2018-09-18 02:42:12",326
"2018-09-18 03:42:12",326
"2018-09-18 04:42:13",326
"2018-09-18 05:42:12",326
"2018-09-18 06:42:12",326
"2018-09-18 07:42:11",326
"2018-09-18 08:42:12",326
"2018-09-18 09:42:12",326
"2018-09-18 10:42:11",326
"2018-09-18 11:42:11",326
"2018-09-18 12:42:12",326
"2018-09-18 13:42:15",326
"2018-09-18 14:42:13",326
"2018-09-18 15:42:12",325
"2018-09-18 16:42:13",324
"2018-09-18 17:42:14",325
"2018-09-18 18:42:13",326
"2018-09-18 19:42:15",326
"2018-09-18 20:42:12",326
"2018-09-18 21:42:11",326
"2018-09-18 22:42:12",326
"2018-09-18 23:42:12",326
"2018-09-19 00:42:13",326
"2018-09-19 01:42:12",326
"2018-09-19 02:42:13",326
"2018-09-19 03:42:12",326
"2018-09-19 04:42:12",326
"2018-09-19 05:42:12",326
"2018-09-19 06:42:13",326
"2018-09-19 07:42:12",326
"2018-09-19 08:42:12",326
"2018-09-19 09:42:12",326
"2018-09-19 10:42:11",326
"2018-09-19 11:42:11",326
"2018-09-19 12:42:12",326
"2018-09-19 13:42:58",326
"2018-09-19 14:42:16",325
"2018-09-19 15:42:15",324
"2018-09-19 16:42:13",323
"2018-09-19 17:42:13",322
"2018-09-19 18:42:13",322
"2018-09-19 19:42:20",322
"2018-09-19 20:42:12",323
"2018-09-19 21:42:12",323
"2018-09-19 22:42:11",323
"2018-09-19 23:42:12",323
"2018-09-20 00:42:12",323
"2018-09-20 01:42:14",323
"2018-09-20 02:42:13",323
"2018-09-20 03:42:17",323
"2018-09-20 04:42:12",323
"2018-09-20 05:42:12",323
"2018-09-20 06:42:12",323
"2018-09-20 07:42:11",323
"2018-09-20 08:42:14",323
"2018-09-20 09:42:12",323
"2018-09-20 10:42:12",323
"2018-09-20 11:42:11",323
"2018-09-20 13:08:18",323
"2018-09-20 14:42:17",322
"2018-09-20 15:42:15",322
"2018-09-20 16:42:15",321
"2018-09-20 17:42:13",319
"2018-09-20 18:42:14",318
"2018-09-20 19:42:15",318
"2018-09-20 20:42:14",318
"2018-09-20 21:42:13",318
"2018-09-20 22:42:13",318
"2018-09-20 23:42:13",318
"2018-09-21 00:42:14",318
"2018-09-21 01:42:13",318
"2018-09-21 02:42:13",318
"2018-09-21 03:42:13",318
"2018-09-21 04:42:16",318
"2018-09-21 05:42:44",318
"2018-09-21 06:42:13",318
"2018-09-21 07:42:14",318
"2018-09-21 08:42:13",318
"2018-09-21 09:42:13",318
"2018-09-21 10:42:13",318
"2018-09-21 11:42:13",318
"2018-09-21 13:09:47",318
"2018-09-21 13:42:18",318
"2018-09-21 14:42:14",318
"2018-09-21 15:42:15",318
"2018-09-21 16:42:14",317
"2018-09-21 17:42:14",317
"2018-09-21 18:42:14",317
"2018-09-21 19:42:15",317
"2018-09-21 20:42:13",315
"2018-09-21 21:42:13",315
"2018-09-21 22:42:12",315
"2018-09-21 23:42:13",315
"2018-09-22 00:42:12",315
"2018-09-22 01:42:13",315
"2018-09-22 02:42:12",315
"2018-09-22 03:42:13",315
"2018-09-22 04:42:14",315
"2018-09-22 05:42:13",315
"2018-09-22 06:42:13",315
"2018-09-22 07:42:13",315
"2018-09-22 08:42:12",315
"2018-09-22 09:42:12",315
"2018-09-22 10:42:13",315
"2018-09-22 11:42:13",315
"2018-09-22 12:42:13",315
"2018-09-22 13:42:14",315
"2018-09-22 14:42:14",315
"2018-09-22 15:42:14",315
"2018-09-22 16:42:13",315
"2018-09-22 17:42:14",315
"2018-09-22 18:42:13",315
"2018-09-22 19:42:13",315
"2018-09-22 20:42:13",315
"2018-09-22 21:42:12",315
"2018-09-22 22:42:13",315
"2018-09-22 23:42:13",315
"2018-09-23 00:42:14",315
"2018-09-23 01:42:14",315
"2018-09-23 02:42:13",315
"2018-09-23 03:42:14",315
"2018-09-23 04:42:14",315
"2018-09-23 05:42:12",315
"2018-09-23 06:42:13",315
"2018-09-23 07:42:14",315
"2018-09-23 08:42:13",315
"2018-09-23 09:42:13",315
"2018-09-23 10:42:13",315
"2018-09-23 11:42:14",315
"2018-09-23 12:42:13",315
"2018-09-23 13:42:13",315
"2018-09-23 14:42:14",315
"2018-09-23 15:42:13",315
"2018-09-23 16:42:14",315
"2018-09-23 17:42:13",315
"2018-09-23 18:42:13",315
"2018-09-23 19:42:13",315
"2018-09-23 20:42:12",315
"2018-09-23 21:42:14",315
"2018-09-23 22:42:13",315
"2018-09-23 23:42:13",315
"2018-09-24 00:42:13",315
"2018-09-24 01:42:14",315
"2018-09-24 02:42:13",315
"2018-09-24 03:42:13",315
"2018-09-24 04:42:14",315
"2018-09-24 05:42:13",315
"2018-09-24 06:42:13",315
"2018-09-24 07:42:14",315
"2018-09-24 08:42:13",315
"2018-09-24 09:42:13",315
"2018-09-24 10:42:12",315
"2018-09-24 11:42:13",315
"2018-09-24 12:42:13",315
"2018-09-24 13:42:18",315
"2018-09-24 14:42:14",312
"2018-09-24 15:42:13",314
"2018-09-24 16:42:12",314
"2018-09-24 17:42:13",314
"2018-09-24 18:42:14",315
"2018-09-24 19:42:14",315
"2018-09-24 20:42:14",315
"2018-09-24 21:42:13",314
"2018-09-24 22:42:13",314
"2018-09-24 23:42:14",314
"2018-09-25 00:42:13",314
"2018-09-25 01:42:13",314
"2018-09-25 02:42:12",314
"2018-09-25 03:42:13",314
"2018-09-25 04:42:14",314
"2018-09-25 05:42:13",314
"2018-09-25 06:42:13",314
"2018-09-25 07:42:13",314
"2018-09-25 08:42:13",314
"2018-09-25 09:42:13",314
"2018-09-25 10:42:13",314
"2018-09-25 11:42:14",314
"2018-09-25 12:42:14",314
"2018-09-25 13:42:16",314
"2018-09-25 14:42:15",315
"2018-09-25 15:42:14",314
"2018-09-25 16:42:15",314
"2018-09-25 17:42:13",315
"2018-09-25 18:42:14",314
"2018-09-25 19:42:14",314
"2018-09-25 20:42:13",314
"2018-09-25 21:42:14",314
"2018-09-25 22:42:14",314
"2018-09-25 23:42:14",314
"2018-09-26 00:42:15",314
"2018-09-26 01:42:16",314
"2018-09-26 02:42:15",314
"2018-09-26 03:42:15",314
"2018-09-26 04:42:14",314
"2018-09-26 05:42:14",314
"2018-09-26 06:42:14",314
"2018-09-26 07:42:13",314
"2018-09-26 08:42:15",314
"2018-09-26 09:42:13",314
"2018-09-26 10:42:13",314
"2018-09-26 11:42:13",314
"2018-09-26 13:08:47",314
"2018-09-26 13:42:18",314
"2018-09-26 14:42:14",313
"2018-09-26 15:42:15",313
"2018-09-26 16:42:15",313
"2018-09-26 17:42:14",313
"2018-09-26 18:42:16",313
"2018-09-26 19:42:14",313
"2018-09-26 20:42:14",312
"2018-09-26 21:42:13",312
"2018-09-26 22:42:13",312
"2018-09-26 23:42:14",312
"2018-09-27 00:42:14",312
"2018-09-27 01:42:13",312
"2018-09-27 02:42:14",312
"2018-09-27 03:42:14",312
"2018-09-27 04:42:13",312
"2018-09-27 05:42:13",312
"2018-09-27 06:42:14",312
"2018-09-27 07:42:14",312
"2018-09-27 08:42:13",312
"2018-09-27 09:42:13",312
"2018-09-27 10:42:13",312
"2018-09-27 11:42:13",312
"2018-09-27 12:42:13",312
"2018-09-27 13:42:16",312
"2018-09-27 14:42:15",312
"2018-09-27 15:42:15",312
"2018-09-27 17:07:54",310
"2018-09-27 17:42:16",310
"2018-09-27 18:42:16",310
"2018-09-27 19:42:15",310
"2018-09-27 20:42:15",310
"2018-09-27 21:42:14",310
"2018-09-27 22:42:14",310
"2018-09-27 23:42:15",310
"2018-09-28 00:42:15",310
"2018-09-28 01:42:14",310
"2018-09-28 02:42:13",310
"2018-09-28 03:42:14",310
"2018-09-28 04:42:14",310
"2018-09-28 05:42:14",310
"2018-09-28 06:42:14",310
"2018-09-28 07:42:14",310
"2018-09-28 08:42:14",310
"2018-09-28 09:42:15",310
"2018-09-28 10:42:15",310
"2018-09-28 11:42:14",310
"2018-09-28 12:42:15",310
"2018-09-28 13:42:18",310
"2018-09-28 14:42:15",308
"2018-09-28 15:42:18",308
"2018-09-28 16:42:16",307
"2018-09-28 17:42:16",307
"2018-09-28 18:42:16",306
"2018-09-28 19:42:17",306
"2018-09-28 20:42:15",305
"2018-09-28 21:42:14",305
"2018-09-28 22:42:15",305
"2018-09-28 23:42:14",305
"2018-09-29 00:42:13",305
"2018-09-29 01:42:14",305
"2018-09-29 02:42:20",305
"2018-09-29 03:42:15",305
"2018-09-29 04:42:14",305
"2018-09-29 05:42:14",305
"2018-09-29 06:42:13",305
"2018-09-29 07:42:14",305
"2018-09-29 08:42:14",305
"2018-09-29 09:42:14",305
"2018-09-29 10:42:14",305
"2018-09-29 11:42:15",305
"2018-09-29 12:42:13",305
"2018-09-29 13:42:14",305
"2018-09-29 14:42:14",305
"2018-09-29 15:42:15",305
"2018-09-29 16:42:13",305
"2018-09-29 17:42:14",305
"2018-09-29 18:42:14",305
"2018-09-29 19:42:13",305
"2018-09-29 20:42:14",305
"2018-09-29 21:42:14",305
"2018-09-29 22:42:14",305
"2018-09-29 23:42:14",305
"2018-09-30 00:42:14",305
"2018-09-30 01:42:14",305
"2018-09-30 02:42:13",305
"2018-09-30 03:42:14",305
"2018-09-30 04:42:14",305
"2018-09-30 05:42:13",305
"2018-09-30 06:42:13",305
"2018-09-30 07:42:12",305
"2018-09-30 08:42:13",305
"2018-09-30 09:42:12",305
"2018-09-30 10:42:13",305
"2018-09-30 11:42:13",305
"2018-09-30 12:42:13",305
"2018-09-30 13:42:13",305
"2018-09-30 14:42:13",305
"2018-09-30 15:42:13",305
"2018-09-30 16:42:14",305
"2018-09-30 17:42:12",305
"2018-09-30 18:42:13",305
"2018-09-30 19:42:14",305
"2018-09-30 20:42:13",305
"2018-09-30 21:42:12",305
"2018-09-30 22:42:14",305
"2018-09-30 23:42:15",305
"2018-10-01 00:42:15",305
"2018-10-01 01:42:14",305
"2018-10-01 02:42:15",305
"2018-10-01 03:42:14",305
"2018-10-01 04:42:14",305
"2018-10-01 05:42:15",305
"2018-10-01 06:42:14",305
"2018-10-01 07:42:13",305
"2018-10-01 08:42:14",305
"2018-10-01 09:42:13",305
"2018-10-01 10:42:12",305
"2018-10-01 11:42:14",305
"2018-10-01 12:42:14",305
"2018-10-01 14:07:28",307
"2018-10-01 14:42:16",307
"2018-10-01 15:42:15",307
"2018-10-01 16:42:16",307
"2018-10-01 17:42:17",307
"2018-10-01 18:42:15",307
"2018-10-01 19:42:16",306
"2018-10-01 20:42:14",306
"2018-10-01 21:42:15",306
"2018-10-01 22:42:14",306
"2018-10-01 23:42:15",306
"2018-10-02 00:42:17",306
"2018-10-02 01:42:15",306
"2018-10-02 02:42:15",306
"2018-10-02 03:42:15",306
"2018-10-02 04:42:15",306
"2018-10-02 05:42:14",306
"2018-10-02 06:42:15",306
"2018-10-02 07:42:15",306
"2018-10-02 08:42:14",306
"2018-10-02 09:42:14",306
"2018-10-02 10:42:14",306
"2018-10-02 11:42:15",306
"2018-10-02 12:42:14",306
"2018-10-02 13:42:17",306
"2018-10-02 14:42:17",305
"2018-10-02 15:42:15",305
"2018-10-02 16:42:16",306
"2018-10-02 17:42:14",307
"2018-10-02 18:42:15",307
"2018-10-02 19:42:15",306
"2018-10-02 20:42:15",307
"2018-10-02 21:42:15",308
"2018-10-02 22:42:15",308
"2018-10-02 23:42:15",308
"2018-10-03 00:42:14",308
"2018-10-03 01:42:14",308
"2018-10-03 02:42:45",308
"2018-10-03 03:42:16",308
"2018-10-03 04:42:17",308
"2018-10-03 05:42:16",308
"2018-10-03 06:42:15",308
"2018-10-03 07:42:16",308
"2018-10-03 08:42:16",308
"2018-10-03 09:42:15",308
"2018-10-03 10:42:16",308
"2018-10-03 11:42:16",308
"2018-10-03 12:42:15",308
"2018-10-03 13:43:26",308
"2018-10-03 15:07:21",306
"2018-10-03 15:42:16",306
"2018-10-03 16:42:16",306
"2018-10-03 17:42:16",306
"2018-10-03 18:42:14",306
"2018-10-03 19:42:15",306
"2018-10-03 20:42:14",306
"2018-10-03 21:42:14",306
"2018-10-03 22:42:16",306
"2018-10-03 23:42:14",306
"2018-10-04 00:42:15",306
"2018-10-04 01:42:16",306
"2018-10-04 02:42:14",306
"2018-10-04 03:42:13",306
"2018-10-04 04:42:14",306
"2018-10-04 05:42:14",306
"2018-10-04 06:42:13",306
"2018-10-04 07:42:14",306
"2018-10-04 08:42:13",306
"2018-10-04 09:42:14",306
"2018-10-04 10:42:14",306
"2018-10-04 11:42:14",306
"2018-10-04 12:42:14",306
"2018-10-04 14:08:24",306
"2018-10-04 14:42:16",306
"2018-10-04 15:42:15",306
"2018-10-04 16:42:18",306
"2018-10-04 17:42:17",305
"2018-10-04 18:42:16",305
"2018-10-04 19:42:17",305
"2018-10-04 20:42:16",305
"2018-10-04 21:42:16",305
"2018-10-04 22:42:15",306
"2018-10-04 23:42:15",306
"2018-10-05 00:42:16",306
"2018-10-05 01:42:16",306
"2018-10-05 02:42:15",306
"2018-10-05 03:42:16",306
"2018-10-05 04:42:16",306
"2018-10-05 05:42:16",306
"2018-10-05 06:42:16",306
"2018-10-05 07:42:16",306
"2018-10-05 08:42:15",306
"2018-10-05 09:42:16",306
"2018-10-05 10:42:16",306
"2018-10-05 11:42:15",306
"2018-10-05 12:42:16",306
"2018-10-05 13:42:19",306
"2018-10-05 14:42:16",305
"2018-10-05 15:42:18",305
"2018-10-05 16:42:18",304
"2018-10-05 17:42:19",304
"2018-10-05 18:42:18",303
"2018-10-05 19:42:16",303
"2018-10-05 20:42:15",304
"2018-10-05 21:42:15",304
"2018-10-05 22:42:16",304
"2018-10-05 23:42:15",304
"2018-10-06 00:42:16",304
"2018-10-06 01:42:16",304
"2018-10-06 02:42:17",304
"2018-10-06 03:42:16",304
"2018-10-06 04:42:16",304
"2018-10-06 05:42:16",304
"2018-10-06 06:42:16",304
"2018-10-06 07:42:16",304
"2018-10-06 08:42:15",304
"2018-10-06 09:42:15",304
"2018-10-06 10:42:16",304
"2018-10-06 11:42:15",304
"2018-10-06 12:42:16",304
"2018-10-06 13:42:15",304
"2018-10-06 14:42:16",304
"2018-10-06 15:42:16",304
"2018-10-06 16:42:16",304
"2018-10-06 17:42:15",304
"2018-10-06 18:42:16",304
"2018-10-06 19:42:16",304
"2018-10-06 20:42:15",304
"2018-10-06 21:42:16",304
"2018-10-06 22:42:15",304
"2018-10-06 23:42:16",304
"2018-10-07 00:42:15",304
"2018-10-07 01:42:16",304
"2018-10-07 02:42:16",304
"2018-10-07 03:42:16",304
"2018-10-07 04:42:16",304
"2018-10-07 05:42:16",304
"2018-10-07 06:42:16",304
"2018-10-07 07:42:16",304
"2018-10-07 08:42:15",304
"2018-10-07 09:42:15",304
"2018-10-07 10:42:15",304
"2018-10-07 11:42:15",304
"2018-10-07 12:42:15",304
"2018-10-07 13:42:16",304
"2018-10-07 14:42:16",304
"2018-10-07 15:42:16",304
"2018-10-07 16:42:16",304
"2018-10-07 17:42:16",304
"2018-10-07 18:42:16",304
"2018-10-07 19:42:16",304
"2018-10-07 20:42:16",304
"2018-10-07 21:42:16",304
"2018-10-07 22:42:15",304
"2018-10-07 23:42:16",304
"2018-10-08 00:42:15",304
"2018-10-08 01:42:15",304
"2018-10-08 02:42:17",304
"2018-10-08 03:42:15",304
"2018-10-08 04:42:15",304
"2018-10-08 05:42:15",304
"2018-10-08 06:42:16",304
"2018-10-08 07:42:15",304
"2018-10-08 08:42:15",304
"2018-10-08 09:42:15",304
"2018-10-08 10:42:15",304
"2018-10-08 11:42:15",304
"2018-10-08 12:42:15",304
"2018-10-08 13:42:22",304
"2018-10-08 14:42:17",304
"2018-10-08 15:42:18",303
"2018-10-08 16:42:18",303
"2018-10-08 17:42:17",303
"2018-10-08 18:42:17",304
"2018-10-08 19:42:16",305
"2018-10-08 20:42:15",306
"2018-10-08 21:42:15",305
"2018-10-08 22:42:15",305
"2018-10-08 23:42:16",305
"2018-10-09 00:42:15",305
"2018-10-09 01:42:45",305
"2018-10-09 02:42:14",305
"2018-10-09 03:42:20",305
"2018-10-09 04:42:14",305
"2018-10-09 05:42:15",305
"2018-10-09 06:42:14",305
"2018-10-09 07:42:14",305
"2018-10-09 08:42:14",305
"2018-10-09 09:42:14",305
"2018-10-09 10:42:14",305
"2018-10-09 11:42:15",305
"2018-10-09 12:42:14",305
"2018-10-09 13:42:20",305
"2018-10-09 14:42:17",306
"2018-10-09 15:42:16",304
"2018-10-09 16:42:15",304
"2018-10-09 17:42:14",304
"2018-10-09 18:42:15",305
"2018-10-09 19:42:14",305
"2018-10-09 21:42:13",304
"2018-10-09 22:42:15",304
"2018-10-09 23:42:14",304
"2018-10-10 00:42:14",304
"2018-10-10 01:42:15",304
"2018-10-10 02:42:15",304
"2018-10-10 03:42:18",304
"2018-10-10 04:42:15",304
"2018-10-10 05:42:14",304
"2018-10-10 06:42:14",304
"2018-10-10 07:42:15",304
"2018-10-10 08:42:15",304
"2018-10-10 09:42:14",304
"2018-10-10 10:42:15",304
"2018-10-10 11:42:14",304
"2018-10-10 12:42:14",304
"2018-10-10 13:42:18",304
"2018-10-10 14:42:17",303
"2018-10-10 15:42:17",303
"2018-10-10 16:42:15",303
"2018-10-10 17:42:15",303
"2018-10-10 18:42:15",303
"2018-10-10 19:42:19",303
"2018-10-10 20:42:16",303
"2018-10-10 21:42:15",302
"2018-10-10 22:42:15",302
"2018-10-10 23:42:15",302
"2018-10-11 00:42:16",302
"2018-10-11 01:42:15",302
"2018-10-11 02:42:14",302
"2018-10-11 03:42:14",302
"2018-10-11 04:42:13",302
"2018-10-11 05:42:13",302
"2018-10-11 06:42:14",302
"2018-10-11 07:42:13",302
"2018-10-11 08:42:15",302
"2018-10-11 09:42:14",302
"2018-10-11 10:42:15",302
"2018-10-11 11:42:14",302
"2018-10-11 12:42:14",302
"2018-10-11 13:42:17",302
"2018-10-11 14:42:14",304
"2018-10-11 15:42:16",304
"2018-10-11 16:42:17",304
"2018-10-11 17:42:16",304
"2018-10-11 18:42:17",304
"2018-10-11 19:42:15",304
"2018-10-11 20:42:15",304
"2018-10-11 21:42:15",304
"2018-10-11 22:42:14",304
"2018-10-11 23:42:15",304
"2018-10-12 00:42:14",304
"2018-10-12 01:42:14",304
"2018-10-12 02:42:15",304
"2018-10-12 03:42:14",304
"2018-10-12 04:42:15",304
"2018-10-12 05:42:14",304
"2018-10-12 06:42:13",304
"2018-10-12 07:42:14",304
"2018-10-12 08:42:14",304
"2018-10-12 09:42:15",304
"2018-10-12 10:42:14",304
"2018-10-12 11:42:15",304
"2018-10-12 12:42:14",304
"2018-10-12 13:42:18",304
"2018-10-12 14:42:15",303
"2018-10-12 15:42:16",304
"2018-10-12 16:42:16",304
"2018-10-12 17:42:14",304
"2018-10-12 18:42:14",304
"2018-10-12 19:42:15",304
"2018-10-12 20:42:14",304
"2018-10-12 21:42:14",304
"2018-10-12 22:42:14",304
"2018-10-12 23:42:14",304
"2018-10-13 00:42:14",304
"2018-10-13 01:42:14",304
"2018-10-13 02:42:15",304
"2018-10-13 03:42:15",304
"2018-10-13 04:42:15",304
"2018-10-13 05:42:14",304
"2018-10-13 06:42:14",304
"2018-10-13 07:42:15",304
"2018-10-13 08:42:15",304
"2018-10-13 09:42:15",304
"2018-10-13 10:42:14",304
"2018-10-13 11:42:14",304
"2018-10-13 12:42:14",304
"2018-10-13 13:42:14",304
"2018-10-13 14:42:15",304
"2018-10-13 15:42:15",304
"2018-10-13 16:42:14",304
"2018-10-13 17:42:15",304
"2018-10-13 18:42:14",304
"2018-10-13 19:42:15",304
"2018-10-13 20:42:15",304
"2018-10-13 21:42:15",304
"2018-10-13 22:42:16",304
"2018-10-13 23:42:15",304
"2018-10-14 00:42:14",304
"2018-10-14 01:42:14",304
"2018-10-14 02:42:14",304
"2018-10-14 03:42:14",304
"2018-10-14 04:42:15",304
"2018-10-14 05:42:14",304
"2018-10-14 06:42:14",304
"2018-10-14 07:42:14",304
"2018-10-14 08:42:14",304
"2018-10-14 09:42:14",304
"2018-10-14 10:42:14",304
"2018-10-14 11:42:14",304
"2018-10-14 12:42:13",304
"2018-10-14 13:42:14",304
"2018-10-14 14:42:14",304
"2018-10-14 15:42:15",304
"2018-10-14 16:42:13",304
"2018-10-14 17:42:14",304
"2018-10-14 18:42:14",304
"2018-10-14 19:42:14",304
"2018-10-14 20:42:14",304
"2018-10-14 21:42:15",304
"2018-10-14 22:42:14",304
"2018-10-14 23:42:14",304
"2018-10-15 00:42:15",304
"2018-10-15 01:42:14",304
"2018-10-15 02:42:14",304
"2018-10-15 03:42:15",304
"2018-10-15 04:42:14",304
"2018-10-15 05:42:15",304
"2018-10-15 06:42:15",304
"2018-10-15 07:42:15",304
"2018-10-15 08:42:27",304
"2018-10-15 09:42:14",304
"2018-10-15 10:42:15",304
"2018-10-15 11:42:14",304
"2018-10-15 12:42:14",304
"2018-10-15 13:42:20",304
"2018-10-15 14:42:17",304
"2018-10-15 15:42:17",304
"2018-10-15 16:42:18",303
"2018-10-15 17:42:17",302
"2018-10-15 18:42:16",301
"2018-10-15 19:42:16",301
"2018-10-15 20:42:17",301
"2018-10-15 21:42:17",301
"2018-10-15 22:42:15",301
"2018-10-15 23:42:15",301
"2018-10-16 00:42:16",301
"2018-10-16 01:42:17",301
"2018-10-16 02:42:15",301
"2018-10-16 03:42:15",301
"2018-10-16 04:42:16",301
"2018-10-16 09:42:14",301
"2018-10-16 10:42:15",301
"2018-10-16 11:42:14",301
"2018-10-16 12:42:16",301
"2018-10-16 13:42:19",301
"2018-10-16 14:42:18",301
"2018-10-16 15:42:17",301
"2018-10-16 16:42:16",301
"2018-10-16 17:42:18",301
"2018-10-16 18:42:18",301
"2018-10-16 19:42:18",301
"2018-10-16 20:42:17",301
"2018-10-16 21:42:16",301
"2018-10-16 22:42:16",301
"2018-10-16 23:42:17",301
"2018-10-17 00:42:16",301
"2018-10-17 01:42:16",301
"2018-10-17 02:42:16",301
"2018-10-17 03:42:16",301
"2018-10-17 04:42:16",301
"2018-10-17 05:42:16",301
"2018-10-17 06:42:16",301
"2018-10-17 07:42:16",301
"2018-10-17 08:42:16",301
"2018-10-17 09:42:16",301
"2018-10-17 10:42:14",301
"2018-10-17 11:42:14",301
"2018-10-17 12:42:16",301
"2018-10-17 14:08:20",301
"2018-10-17 14:42:16",301
"2018-10-17 15:42:17",301
"2018-10-17 16:42:17",301
"2018-10-17 17:42:17",301
"2018-10-17 18:42:17",301
"2018-10-17 19:42:17",301
"2018-10-17 20:42:17",301
"2018-10-17 21:42:16",301
"2018-10-17 22:42:16",301
"2018-10-17 23:42:16",301
"2018-10-18 00:42:17",301
"2018-10-18 01:42:16",301
"2018-10-18 02:42:17",301
"2018-10-18 03:42:18",301
"2018-10-18 04:42:14",301
"2018-10-18 05:42:15",301
"2018-10-18 06:42:15",301
"2018-10-18 07:42:15",301
"2018-10-18 08:42:15",301
"2018-10-18 09:42:14",301
"2018-10-18 10:42:15",301
"2018-10-18 11:42:14",301
"2018-10-18 13:07:18",301
"2018-10-18 13:42:17",301
"2018-10-18 14:42:17",301
"2018-10-18 15:42:17",300
"2018-10-18 16:42:16",300
"2018-10-18 17:42:16",300
"2018-10-18 18:42:15",300
"2018-10-18 19:42:15",300
"2018-10-18 20:42:16",300
"2018-10-18 21:42:16",300
"2018-10-18 22:42:15",300
"2018-10-18 23:42:14",300
"2018-10-19 00:42:16",300
"2018-10-19 01:42:16",300
"2018-10-19 02:42:16",300
"2018-10-19 03:42:16",300
"2018-10-19 04:42:15",300
"2018-10-19 05:42:14",300
"2018-10-19 06:42:15",300
"2018-10-19 07:42:16",300
"2018-10-19 08:42:15",300
"2018-10-19 09:42:14",300
"2018-10-19 10:42:15",300
"2018-10-19 11:42:15",300
"2018-10-19 13:06:49",300
"2018-10-19 13:42:21",300
"2018-10-19 14:42:16",301
"2018-10-19 15:42:17",301
"2018-10-19 16:42:15",301
"2018-10-19 17:42:15",301
"2018-10-19 18:42:16",301
"2018-10-19 19:42:16",301
"2018-10-19 20:42:16",301
"2018-10-19 21:42:15",301
"2018-10-19 22:42:15",301
"2018-10-19 23:42:44",301
"2018-10-20 00:42:15",301
"2018-10-20 01:42:16",301
"2018-10-20 02:42:15",301
"2018-10-20 03:42:15",301
"2018-10-20 04:42:15",301
"2018-10-20 05:42:16",301
"2018-10-20 06:42:16",301
"2018-10-20 07:42:14",301
"2018-10-20 08:42:15",301
"2018-10-20 09:42:15",301
"2018-10-20 10:42:15",301
"2018-10-20 11:42:15",301
"2018-10-20 12:42:15",301
"2018-10-20 13:42:16",301
"2018-10-20 14:42:16",301
"2018-10-20 15:42:16",301
"2018-10-20 16:42:16",301
"2018-10-20 17:42:16",301
"2018-10-20 18:42:16",301
"2018-10-20 19:42:16",301
"2018-10-20 20:42:16",301
"2018-10-20 21:42:16",301
"2018-10-20 22:42:16",301
"2018-10-20 23:42:15",301
"2018-10-21 00:42:16",301
"2018-10-21 01:42:16",301
"2018-10-21 02:42:16",301
"2018-10-21 03:42:16",301
"2018-10-21 04:42:15",301
"2018-10-21 05:42:15",301
"2018-10-21 06:42:15",301
"2018-10-21 07:42:20",301
"2018-10-21 08:42:15",301
"2018-10-21 09:42:15",301
"2018-10-21 10:42:14",301
"2018-10-21 11:42:14",301
"2018-10-21 12:42:14",301
"2018-10-21 13:42:18",301
"2018-10-21 14:42:17",301
"2018-10-21 15:42:16",301
"2018-10-21 16:42:15",301
"2018-10-21 17:42:16",301
"2018-10-21 18:42:15",301
"2018-10-21 19:42:15",301
"2018-10-21 20:42:15",301
"2018-10-21 21:42:15",301
"2018-10-21 22:42:16",301
"2018-10-21 23:42:16",301
"2018-10-22 00:42:17",301
"2018-10-22 01:42:17",301
"2018-10-22 02:42:17",301
"2018-10-22 03:42:17",301
"2018-10-22 04:42:17",301
"2018-10-22 05:42:16",301
"2018-10-22 06:42:16",301
"2018-10-22 07:42:18",301
"2018-10-22 08:42:16",301
"2018-10-22 09:42:16",301
"2018-10-22 10:42:16",301
"2018-10-22 11:42:15",301
"2018-10-22 12:42:16",301
"2018-10-22 13:42:18",301
"2018-10-22 14:42:19",301
"2018-10-22 15:42:17",301
"2018-10-22 16:42:15",301
"2018-10-22 17:42:17",301
"2018-10-22 18:42:15",301
"2018-10-22 19:42:17",301
"2018-10-22 20:42:16",301
"2018-10-22 21:42:16",301
"2018-10-22 22:42:16",303
"2018-10-22 23:42:16",303
"2018-10-23 00:42:17",303
"2018-10-23 01:42:16",303
"2018-10-23 02:42:16",303
"2018-10-23 03:42:16",303
"2018-10-23 04:42:16",303
"2018-10-23 05:42:15",303
"2018-10-23 06:42:15",303
"2018-10-23 07:42:19",303
"2018-10-23 08:42:14",303
"2018-10-23 09:42:15",303
"2018-10-23 10:42:15",303
"2018-10-23 11:42:15",303
"2018-10-23 12:42:14",303
"2018-10-23 13:42:18",303
"2018-10-23 14:42:16",305
"2018-10-23 15:42:15",304
"2018-10-23 16:42:16",304
"2018-10-23 17:42:16",306
"2018-10-23 18:42:18",306
"2018-10-23 19:42:17",306
"2018-10-23 20:42:15",306
"2018-10-23 21:42:16",306
"2018-10-23 22:42:15",306
"2018-10-23 23:42:15",306
"2018-10-24 00:42:15",306
"2018-10-24 01:42:16",306
"2018-10-24 02:42:17",306
"2018-10-24 03:42:16",306
"2018-10-24 04:42:16",306
"2018-10-24 05:42:16",306
"2018-10-24 06:42:17",306
"2018-10-24 07:42:16",306
"2018-10-24 08:42:16",306
"2018-10-24 09:42:15",306
"2018-10-24 10:42:15",306
"2018-10-24 11:42:15",306
"2018-10-24 12:42:15",306
"2018-10-24 13:42:18",306
"2018-10-24 14:42:18",304
"2018-10-24 15:42:18",305
"2018-10-24 16:42:17",305
"2018-10-24 17:42:16",305
"2018-10-24 18:42:18",306
"2018-10-24 19:42:17",306
"2018-10-24 20:42:18",306
"2018-10-24 21:42:17",306
"2018-10-24 22:42:17",306
"2018-10-24 23:42:16",306
"2018-10-25 00:42:16",306
"2018-10-25 01:42:17",306
"2018-10-25 02:42:17",306
"2018-10-25 03:42:16",306
"2018-10-25 04:42:17",306
"2018-10-25 05:42:17",306
"2018-10-25 06:42:17",306
"2018-10-25 07:42:17",306
"2018-10-25 08:42:17",306
"2018-10-25 09:42:16",306
"2018-10-25 10:42:16",306
"2018-10-25 11:42:18",306
"2018-10-25 14:08:24",305
"2018-10-25 14:42:19",305
"2018-10-25 15:42:18",304
"2018-10-25 16:42:18",304
"2018-10-25 17:42:18",304
"2018-10-25 18:42:18",304
"2018-10-25 19:42:17",304
"2018-10-25 20:42:17",304
"2018-10-25 21:42:17",304
"2018-10-25 22:42:17",304
"2018-10-25 23:42:18",304
"2018-10-26 00:42:17",304
"2018-10-26 01:42:17",304
"2018-10-26 02:42:18",304
"2018-10-26 03:42:18",304
"2018-10-26 04:42:18",304
"2018-10-26 05:42:17",304
"2018-10-26 06:42:17",304
"2018-10-26 07:42:16",304
"2018-10-26 08:42:16",304
"2018-10-26 09:42:16",304
"2018-10-26 10:42:16",304
"2018-10-26 11:42:17",304
"2018-10-26 12:42:17",304
"2018-10-26 13:42:17",304
"2018-10-26 14:42:17",304
"2018-10-26 15:42:16",305
"2018-10-26 16:42:17",305
"2018-10-26 17:42:16",305
"2018-10-26 18:42:16",306
"2018-10-26 19:42:16",306
"2018-10-26 20:42:16",306
"2018-10-26 21:42:16",306
"2018-10-26 22:42:16",306
"2018-10-26 23:42:16",306
"2018-10-27 00:42:16",306
"2018-10-27 01:42:17",306
"2018-10-27 02:42:16",306
"2018-10-27 03:42:15",306
"2018-10-27 04:42:15",306
"2018-10-27 05:42:17",306
"2018-10-27 06:42:17",306
"2018-10-27 07:42:16",306
"2018-10-27 08:42:17",306
"2018-10-27 09:42:16",306
"2018-10-27 10:42:17",306
"2018-10-27 11:42:16",306
"2018-10-27 12:42:16",306
"2018-10-27 13:42:15",306
"2018-10-27 14:42:16",306
"2018-10-27 15:42:17",306
"2018-10-27 16:42:16",306
"2018-10-27 17:42:17",306
"2018-10-27 18:42:16",306
"2018-10-27 19:42:16",306
"2018-10-27 20:42:16",306
"2018-10-27 21:42:16",306
"2018-10-27 22:42:16",306
"2018-10-27 23:42:16",306
"2018-10-28 00:42:16",306
"2018-10-28 01:42:16",306
"2018-10-28 02:42:16",306
"2018-10-28 03:42:16",306
"2018-10-28 04:42:16",306
"2018-10-28 05:42:16",306
"2018-10-28 06:42:16",306
"2018-10-28 07:42:15",306
"2018-10-28 08:42:16",306
"2018-10-28 09:42:17",306
"2018-10-28 10:42:16",306
"2018-10-28 11:42:15",306
"2018-10-28 12:42:15",306
"2018-10-28 13:42:17",306
"2018-10-28 14:42:16",306
"2018-10-28 15:42:16",306
"2018-10-28 16:42:16",306
"2018-10-28 17:42:16",306
"2018-10-28 18:42:16",306
"2018-10-28 19:42:15",306
"2018-10-28 20:42:16",306
"2018-10-28 21:42:15",306
"2018-10-28 22:42:16",306
"2018-10-28 23:42:15",306
"2018-10-29 00:42:16",306
"2018-10-29 01:42:17",306
"2018-10-29 02:42:16",306
"2018-10-29 03:42:15",306
"2018-10-29 04:42:17",306
"2018-10-29 05:42:16",306
"2018-10-29 06:42:16",306
"2018-10-29 07:42:16",306
"2018-10-29 08:42:16",306
"2018-10-29 09:42:16",306
"2018-10-29 10:42:16",306
"2018-10-29 11:42:15",306
"2018-10-29 12:42:16",306
"2018-10-29 13:42:19",306
"2018-10-29 14:42:17",308
"2018-10-29 15:42:16",308
"2018-10-29 16:42:17",308
"2018-10-29 17:42:16",307
"2018-10-29 18:42:17",307
"2018-10-29 19:42:18",307
"2018-10-29 20:42:17",307
"2018-10-29 21:42:17",307
"2018-10-29 22:42:17",307
"2018-10-29 23:42:17",307
"2018-10-30 00:42:16",307
"2018-10-30 01:42:16",307
"2018-10-30 02:42:17",307
"2018-10-30 03:42:17",307
"2018-10-30 04:42:17",307
"2018-10-30 05:42:15",307
"2018-10-30 06:42:16",307
"2018-10-30 07:42:15",307
"2018-10-30 08:42:15",307
"2018-10-30 09:42:16",307
"2018-10-30 10:42:16",307
"2018-10-30 11:42:16",307
"2018-10-30 12:42:16",307
"2018-10-30 13:42:19",307
"2018-10-30 14:42:19",308
"2018-10-30 15:42:17",308
"2018-10-30 16:42:17",307
"2018-10-30 17:42:16",307
"2018-10-30 18:42:17",307
"2018-10-30 19:42:16",307
"2018-10-30 20:42:17",306
"2018-10-30 21:42:16",306
"2018-10-30 22:42:16",306
"2018-10-30 23:42:16",306
"2018-10-31 00:42:16",306
"2018-10-31 01:42:17",306
"2018-10-31 02:42:17",306
"2018-10-31 03:42:16",306
"2018-10-31 04:42:16",306
"2018-10-31 05:42:16",306
"2018-10-31 06:42:16",306
"2018-10-31 07:42:15",306
"2018-10-31 08:42:16",306
"2018-10-31 09:42:16",306
"2018-10-31 10:42:16",306
"2018-10-31 11:42:16",306
"2018-10-31 12:42:16",306
"2018-10-31 14:08:52",307
"2018-10-31 14:42:17",307
"2018-10-31 15:42:18",307
"2018-10-31 16:42:18",307
"2018-10-31 17:42:16",307
"2018-10-31 18:42:17",306
"2018-10-31 19:42:17",305
"2018-10-31 20:42:17",305
"2018-10-31 21:42:16",305
"2018-10-31 22:42:16",305
"2018-10-31 23:42:17",305
"2018-11-01 00:42:17",305
"2018-11-01 01:42:17",305
"2018-11-01 02:42:17",305
"2018-11-01 03:42:16",305
"2018-11-01 04:42:17",305
"2018-11-01 05:42:17",305
"2018-11-01 06:42:17",305
"2018-11-01 07:42:17",305
"2018-11-01 08:42:17",305
"2018-11-01 09:42:17",305
"2018-11-01 10:42:18",305
"2018-11-01 11:42:17",305
"2018-11-01 12:42:17",305
"2018-11-01 13:42:18",305
"2018-11-01 14:42:21",303
"2018-11-01 15:42:19",302
"2018-11-01 16:42:19",302
"2018-11-01 17:42:18",302
"2018-11-01 18:42:18",302
"2018-11-01 19:42:19",303
"2018-11-01 20:42:20",303
"2018-11-01 21:42:18",304
"2018-11-01 22:42:18",304
"2018-11-01 23:42:18",304
"2018-11-02 00:42:17",304
"2018-11-02 01:42:17",304
"2018-11-02 02:42:18",304
"2018-11-02 03:42:20",304
"2018-11-02 04:42:17",304
"2018-11-02 05:42:17",304
"2018-11-02 06:42:17",304
"2018-11-02 07:42:17",304
"2018-11-02 08:42:17",304
"2018-11-02 09:42:18",304
"2018-11-02 10:42:17",304
"2018-11-02 11:42:16",304
"2018-11-02 12:42:18",304
"2018-11-02 14:06:52",304
"2018-11-02 14:42:19",304
"2018-11-02 15:42:18",303
"2018-11-02 16:42:19",300
"2018-11-02 17:42:18",300
"2018-11-02 18:42:17",300
"2018-11-02 19:42:18",300
"2018-11-02 20:42:19",300
"2018-11-02 21:42:18",300
"2018-11-02 22:42:18",300
"2018-11-02 23:42:18",300
"2018-11-03 00:42:19",300
"2018-11-03 01:42:18",300
"2018-11-03 02:42:20",300
"2018-11-03 03:42:17",300
"2018-11-03 04:42:18",300
"2018-11-03 05:42:18",300
"2018-11-03 06:42:17",300
"2018-11-03 07:42:16",300
"2018-11-03 08:42:18",300
"2018-11-03 09:42:18",300
"2018-11-03 10:42:17",300
"2018-11-03 11:42:17",300
"2018-11-03 12:42:17",300
"2018-11-03 13:42:17",300
"2018-11-03 14:42:17",300
"2018-11-03 15:42:17",300
"2018-11-03 16:42:17",300
"2018-11-03 17:42:21",300
"2018-11-03 18:42:20",300
"2018-11-03 19:42:18",300
"2018-11-03 20:42:17",300
"2018-11-03 21:43:21",300
"2018-11-03 22:42:17",300
"2018-11-03 23:42:18",300
"2018-11-04 00:42:18",300
"2018-11-04 01:42:18",300
"2018-11-04 02:42:18",300
"2018-11-04 03:42:18",300
"2018-11-04 04:42:18",300
"2018-11-04 05:42:17",300
"2018-11-04 06:42:18",300
"2018-11-04 07:42:18",300
"2018-11-04 08:42:18",300
"2018-11-04 09:42:17",300
"2018-11-04 10:42:17",300
"2018-11-04 11:42:17",300
"2018-11-04 12:42:18",300
"2018-11-04 13:42:17",300
"2018-11-04 14:42:17",300
"2018-11-04 15:42:17",300
"2018-11-04 16:42:17",300
"2018-11-04 17:42:18",300
"2018-11-04 18:42:18",300
"2018-11-04 19:42:18",300
"2018-11-04 20:42:17",300
"2018-11-04 21:42:17",300
"2018-11-04 22:42:18",300
"2018-11-04 23:42:18",300
"2018-11-05 00:42:17",300
"2018-11-05 01:42:17",300
"2018-11-05 02:42:17",300
"2018-11-05 03:42:19",300
"2018-11-05 04:42:19",300
"2018-11-05 05:42:19",300
"2018-11-05 06:42:17",300
"2018-11-05 07:42:18",300
"2018-11-05 08:42:17",300
"2018-11-05 09:42:18",300
"2018-11-05 10:42:17",300
"2018-11-05 11:42:17",300
"2018-11-05 12:42:17",300
"2018-11-05 13:42:17",300
"2018-11-05 14:42:22",300
"2018-11-05 15:42:18",299
"2018-11-05 16:42:19",298
"2018-11-05 17:42:17",296
"2018-11-05 18:42:17",296
"2018-11-05 19:42:17",296
"2018-11-05 20:42:18",296
"2018-11-05 21:42:19",296
"2018-11-05 22:42:19",296
"2018-11-05 23:42:18",296
"2018-11-06 00:42:17",296
"2018-11-06 01:42:17",296
"2018-11-06 02:42:18",296
"2018-11-06 03:42:19",296
"2018-11-06 04:42:18",296
"2018-11-06 05:42:19",296
"2018-11-06 06:42:18",296
"2018-11-06 07:42:19",296
"2018-11-06 08:42:19",296
"2018-11-06 09:42:19",296
"2018-11-06 10:42:19",296
"2018-11-06 11:42:19",296
"2018-11-06 12:42:19",296
"2018-11-06 13:42:19",296
"2018-11-06 14:42:23",296
"2018-11-06 15:42:22",297
"2018-11-06 16:42:23",297
"2018-11-06 17:42:25",298
"2018-11-06 18:42:22",298
"2018-11-06 19:42:20",298
"2018-11-06 20:42:21",298
"2018-11-06 21:42:20",298
"2018-11-06 22:42:21",298
"2018-11-06 23:42:20",298
"2018-11-07 00:42:21",298
"2018-11-07 01:42:20",298
"2018-11-07 02:42:21",298
"2018-11-07 03:42:20",298
"2018-11-07 04:42:19",298
"2018-11-07 05:42:20",298
"2018-11-07 06:42:20",298
"2018-11-07 07:42:20",298
"2018-11-07 08:42:20",298
"2018-11-07 09:42:19",298
"2018-11-07 10:42:20",298
"2018-11-07 11:42:19",298
"2018-11-07 12:42:20",298
"2018-11-07 13:42:19",298
"2018-11-07 14:42:24",298
"2018-11-07 15:42:21",298
"2018-11-07 16:42:20",298
"2018-11-07 17:42:22",298
"2018-11-07 18:42:22",299
"2018-11-07 19:42:23",299
"2018-11-07 20:42:22",299
"2018-11-07 21:42:20",299
"2018-11-07 22:42:21",299
"2018-11-07 23:42:20",299
"2018-11-08 00:42:19",299
"2018-11-08 01:42:21",299
"2018-11-08 02:42:19",299
"2018-11-08 03:42:20",299
"2018-11-08 04:42:20",299
"2018-11-08 05:42:20",299
"2018-11-08 06:42:31",299
"2018-11-08 07:42:20",299
"2018-11-08 08:42:21",299
"2018-11-08 09:42:20",299
"2018-11-08 10:42:20",299
"2018-11-08 11:42:19",299
"2018-11-08 12:42:20",299
"2018-11-08 13:42:19",299
"2018-11-08 14:42:22",299
"2018-11-08 15:42:21",299
"2018-11-08 16:42:22",298
"2018-11-08 17:42:20",298
"2018-11-08 18:42:20",298
"2018-11-08 19:42:20",298
"2018-11-08 20:42:23",299
"2018-11-08 21:42:22",299
"2018-11-08 22:42:20",299
"2018-11-08 23:42:20",299
"2018-11-09 00:42:20",299
"2018-11-09 01:42:20",299
"2018-11-09 02:42:21",299
"2018-11-09 03:42:20",299
"2018-11-09 04:42:21",299
"2018-11-09 05:42:21",299
"2018-11-09 06:42:19",299
"2018-11-09 07:42:20",299
"2018-11-09 08:42:20",299
"2018-11-09 09:42:20",299
"2018-11-09 10:42:19",299
"2018-11-09 11:42:19",299
"2018-11-09 12:42:20",299
"2018-11-09 13:42:19",299
"2018-11-09 15:06:23",299
"2018-11-09 15:42:22",299
"2018-11-09 16:42:21",299
"2018-11-09 17:42:21",300
"2018-11-09 18:42:20",300
"2018-11-09 19:42:24",300
"2018-11-09 20:42:22",300
"2018-11-09 21:42:21",300
"2018-11-09 22:42:21",300
"2018-11-09 23:42:19",300
"2018-11-10 00:42:20",300
"2018-11-10 01:42:21",300
"2018-11-10 02:42:19",300
"2018-11-10 03:42:20",300
"2018-11-10 04:42:21",300
"2018-11-10 05:42:19",300
"2018-11-10 06:42:19",300
"2018-11-10 07:42:19",300
"2018-11-10 08:42:20",300
"2018-11-10 09:42:20",300
"2018-11-10 10:42:19",300
"2018-11-10 11:42:20",300
"2018-11-10 12:42:19",300
"2018-11-10 13:42:20",300
"2018-11-10 14:42:20",300
"2018-11-10 15:42:23",300
"2018-11-10 16:42:20",300
"2018-11-10 17:42:21",300
"2018-11-10 18:42:21",300
"2018-11-10 19:42:21",300
"2018-11-10 20:42:20",300
"2018-11-10 21:42:21",300
"2018-11-10 22:42:20",300
"2018-11-10 23:42:20",300
"2018-11-11 00:42:21",300
"2018-11-11 01:42:21",300
"2018-11-11 02:42:19",300
"2018-11-11 03:42:21",300
"2018-11-11 04:42:20",300
"2018-11-11 05:42:21",300
"2018-11-11 06:42:20",300
"2018-11-11 07:42:21",300
"2018-11-11 08:42:20",300
"2018-11-11 09:42:21",300
"2018-11-11 10:42:21",300
"2018-11-11 11:42:20",300
"2018-11-11 12:42:20",300
"2018-11-11 13:42:20",300
"2018-11-11 14:42:21",300
"2018-11-11 15:42:21",300
"2018-11-11 16:42:20",300
"2018-11-11 17:42:20",300
"2018-11-11 18:42:20",300
"2018-11-11 19:42:19",300
"2018-11-11 20:42:21",300
"2018-11-11 21:42:19",300
"2018-11-11 22:42:20",300
"2018-11-11 23:42:20",300
"2018-11-12 00:42:21",300
"2018-11-12 01:42:19",300
"2018-11-12 02:42:20",300
"2018-11-12 03:42:21",300
"2018-11-12 04:42:20",300
"2018-11-12 05:42:20",300
"2018-11-12 06:42:21",300
"2018-11-12 07:42:20",300
"2018-11-12 08:42:21",300
"2018-11-12 09:42:20",300
"2018-11-12 10:42:20",300
"2018-11-12 11:42:21",300
"2018-11-12 12:42:19",300
"2018-11-12 13:42:20",300
"2018-11-12 14:42:22",300
"2018-11-12 15:42:20",300
"2018-11-12 16:42:22",300
"2018-11-12 17:42:19",300
"2018-11-12 18:42:20",300
"2018-11-12 19:42:21",300
"2018-11-12 20:42:21",300
"2018-11-12 21:42:20",300
"2018-11-12 22:42:20",300
"2018-11-12 23:42:20",300
"2018-11-13 00:42:20",300
"2018-11-13 01:42:20",300
"2018-11-13 02:42:21",300
"2018-11-13 03:42:21",300
"2018-11-13 04:42:20",300
"2018-11-13 05:42:20",300
"2018-11-13 06:42:20",300
"2018-11-13 07:42:21",300
"2018-11-13 08:42:22",300
"2018-11-13 09:42:20",300
"2018-11-13 10:42:21",300
"2018-11-13 11:42:21",300
"2018-11-13 12:42:20",300
"2018-11-13 13:42:20",300
"2018-11-13 14:42:23",300
"2018-11-13 15:42:21",299
"2018-11-13 16:42:20",299
"2018-11-13 17:42:21",299
"2018-11-13 18:42:19",299
"2018-11-13 19:42:20",299
"2018-11-13 20:42:20",299
"2018-11-13 21:42:19",299
"2018-11-13 22:42:20",299
"2018-11-13 23:42:20",299
"2018-11-14 00:42:20",299
"2018-11-14 01:42:20",299
"2018-11-14 02:42:19",299
"2018-11-14 03:42:20",299
"2018-11-14 04:42:20",299
"2018-11-14 05:42:20",299
"2018-11-14 06:42:20",299
"2018-11-14 07:42:20",299
"2018-11-14 08:42:20",299
"2018-11-14 09:42:20",299
"2018-11-14 10:42:20",299
"2018-11-14 11:42:21",299
"2018-11-14 12:42:20",299
"2018-11-14 13:42:20",299
"2018-11-14 14:42:22",299
"2018-11-14 15:42:21",299
"2018-11-14 16:42:22",299
"2018-11-14 17:42:21",299
"2018-11-14 18:42:22",300
"2018-11-14 19:42:22",300
"2018-11-14 20:42:22",300
"2018-11-14 21:42:22",301
"2018-11-14 22:42:21",301
"2018-11-14 23:42:20",301
"2018-11-15 00:42:20",301
"2018-11-15 01:42:21",301
"2018-11-15 02:42:20",301
"2018-11-15 03:42:20",301
"2018-11-15 04:42:20",301
"2018-11-15 05:42:21",301
"2018-11-15 06:42:20",301
"2018-11-15 07:42:19",301
"2018-11-15 08:42:20",301
"2018-11-15 09:42:20",301
"2018-11-15 10:42:21",301
"2018-11-15 11:42:20",301
"2018-11-15 12:42:20",301
"2018-11-15 13:42:21",301
"2018-11-15 14:42:21",301
"2018-11-15 15:42:21",302
"2018-11-15 16:42:20",304
"2018-11-15 17:42:22",304
"2018-11-15 18:42:21",304
"2018-11-15 19:42:19",304
"2018-11-15 20:42:22",303
"2018-11-15 21:42:23",303
"2018-11-15 22:42:22",303
"2018-11-15 23:42:20",303
"2018-11-16 00:42:20",303
"2018-11-16 01:42:20",303
"2018-11-16 02:42:19",303
"2018-11-16 03:42:20",303
"2018-11-16 04:42:20",303
"2018-11-16 05:42:20",303
"2018-11-16 06:42:20",303
"2018-11-16 07:42:21",303
"2018-11-16 08:42:20",303
"2018-11-16 09:42:20",303
"2018-11-16 10:42:20",303
"2018-11-16 11:42:20",303
"2018-11-16 12:42:19",303
"2018-11-16 13:42:20",303
"2018-11-16 14:42:22",303
"2018-11-16 15:42:21",301
"2018-11-16 16:42:21",301
"2018-11-16 17:42:21",301
"2018-11-16 18:42:20",301
"2018-11-16 19:42:20",301
"2018-11-16 20:42:23",300
"2018-11-16 21:42:22",300
"2018-11-16 22:42:21",300
"2018-11-16 23:42:21",300
"2018-11-17 00:42:21",300
"2018-11-17 01:42:20",300
"2018-11-17 02:42:19",300
"2018-11-17 03:42:24",300
"2018-11-17 04:42:20",300
"2018-11-17 05:42:21",300
"2018-11-17 06:42:22",300
"2018-11-17 07:42:19",300
"2018-11-17 08:42:21",300
"2018-11-17 09:42:20",300
"2018-11-17 10:42:20",300
"2018-11-17 11:42:20",300
"2018-11-17 12:42:20",300
"2018-11-17 13:42:20",300
"2018-11-17 14:42:22",300
"2018-11-17 15:42:21",300
"2018-11-17 16:42:20",300
"2018-11-17 17:42:21",300
"2018-11-17 18:42:20",300
"2018-11-17 19:42:20",300
"2018-11-17 20:42:20",300
"2018-11-17 21:42:20",300
"2018-11-17 22:42:20",300
"2018-11-17 23:42:20",300
"2018-11-18 00:42:20",300
"2018-11-18 01:42:20",300
"2018-11-18 02:42:20",300
"2018-11-18 03:42:21",300
"2018-11-18 04:42:20",300
"2018-11-18 05:42:19",300
"2018-11-18 06:42:20",300
"2018-11-18 07:42:19",300
"2018-11-18 08:42:19",300
"2018-11-18 09:42:20",300
"2018-11-18 10:42:19",300
"2018-11-18 11:42:20",300
"2018-11-18 12:42:19",300
"2018-11-18 13:42:20",300
"2018-11-18 14:42:21",300
"2018-11-18 15:42:21",300
"2018-11-18 16:42:20",300
"2018-11-18 17:42:20",300
"2018-11-18 18:42:20",300
"2018-11-18 19:42:20",300
"2018-11-18 20:42:20",300
"2018-11-18 21:42:20",300
"2018-11-18 22:42:20",300
"2018-11-18 23:42:21",300
"2018-11-19 00:42:20",300
"2018-11-19 01:42:21",300
"2018-11-19 02:42:20",300
"2018-11-19 03:42:20",300
"2018-11-19 04:42:20",300
"2018-11-19 05:42:20",300
"2018-11-19 06:42:19",300
"2018-11-19 07:42:20",300
"2018-11-19 08:42:20",300
"2018-11-19 09:42:19",300
"2018-11-19 10:42:21",300
"2018-11-19 11:42:20",300
"2018-11-19 12:42:20",300
"2018-11-19 13:42:20",300
"2018-11-19 14:42:21",300
"2018-11-19 15:42:20",298
"2018-11-19 16:42:22",296
"2018-11-19 17:42:22",296
"2018-11-19 18:42:21",296
"2018-11-19 19:42:21",296
"2018-11-19 20:42:21",296
"2018-11-19 21:42:20",295
"2018-11-19 22:42:21",295
"2018-11-19 23:42:20",295
"2018-11-20 00:42:21",295
"2018-11-20 01:42:20",295
"2018-11-20 02:42:21",295
"2018-11-20 03:42:21",295
"2018-11-20 04:42:20",295
"2018-11-20 05:42:19",295
"2018-11-20 06:42:20",295
"2018-11-20 07:42:20",295
"2018-11-20 08:42:21",295
"2018-11-20 09:42:21",295
"2018-11-20 10:42:20",295
"2018-11-20 11:42:20",295
"2018-11-20 12:42:20",295
"2018-11-20 13:42:21",295
"2018-11-20 14:42:23",295
"2018-11-20 15:42:23",295
"2018-11-20 16:42:20",295
"2018-11-20 17:42:20",294
"2018-11-20 18:42:23",294
"2018-11-20 19:42:21",294
"2018-11-20 20:42:21",294
"2018-11-20 21:42:22",294
"2018-11-20 22:42:20",294
"2018-11-20 23:42:20",294
"2018-11-21 00:42:19",294
"2018-11-21 01:42:19",294
"2018-11-21 02:42:19",294
"2018-11-21 03:42:20",294
"2018-11-21 04:42:20",294
"2018-11-21 05:42:20",294
"2018-11-21 06:42:21",294
"2018-11-21 07:42:21",294
"2018-11-21 08:42:20",294
"2018-11-21 09:42:19",294
"2018-11-21 10:42:19",294
"2018-11-21 11:42:19",294
"2018-11-21 12:42:19",294
"2018-11-21 13:42:18",294
"2018-11-21 14:42:22",294
"2018-11-21 16:42:20",294
"2018-11-21 17:42:23",294
"2018-11-21 18:42:20",294
"2018-11-21 19:42:20",294
"2018-11-21 20:42:21",294
"2018-11-21 21:42:21",294
"2018-11-21 22:42:20",294
"2018-11-21 23:42:19",294
"2018-11-22 00:42:19",294
"2018-11-22 01:42:20",294
"2018-11-22 02:42:20",294
"2018-11-22 03:42:20",294
"2018-11-22 04:42:21",294
"2018-11-22 05:42:20",294
"2018-11-22 06:42:20",294
"2018-11-22 07:42:20",294
"2018-11-22 08:42:19",294
"2018-11-22 09:42:20",294
"2018-11-22 10:42:20",294
"2018-11-22 11:42:20",294
"2018-11-22 12:42:20",294
"2018-11-22 13:42:20",294
"2018-11-22 14:42:19",294
"2018-11-22 15:42:20",294
"2018-11-22 16:42:19",294
"2018-11-22 17:42:20",294
"2018-11-22 18:42:19",294
"2018-11-22 19:42:19",294
"2018-11-22 20:42:20",294
"2018-11-22 21:42:20",294
"2018-11-22 22:42:20",294
"2018-11-22 23:42:20",294
"2018-11-23 00:42:19",294
"2018-11-23 01:42:19",294
"2018-11-23 02:42:19",294
"2018-11-23 03:42:20",294
"2018-11-23 04:42:20",294
"2018-11-23 05:42:20",294
"2018-11-23 06:42:19",294
"2018-11-23 07:42:20",294
"2018-11-23 08:42:20",294
"2018-11-23 09:42:20",294
"2018-11-23 10:42:20",294
"2018-11-23 11:42:21",294
"2018-11-23 12:42:20",294
"2018-11-23 13:42:19",294
"2018-11-23 14:42:20",294
"2018-11-23 15:42:20",294
"2018-11-23 16:42:19",294
"2018-11-23 17:42:19",294
"2018-11-23 18:42:19",294
"2018-11-23 19:42:20",294
"2018-11-23 20:42:20",294
"2018-11-23 21:42:21",294
"2018-11-23 22:42:20",294
"2018-11-23 23:42:21",294
"2018-11-24 00:42:20",294
"2018-11-24 01:42:21",294
"2018-11-24 02:42:22",294
"2018-11-24 03:42:21",294
"2018-11-24 04:42:21",294
"2018-11-24 05:42:22",294
"2018-11-24 06:42:21",294
"2018-11-24 07:42:20",294
"2018-11-24 08:42:21",294
"2018-11-24 09:42:20",294
"2018-11-24 10:42:20",294
"2018-11-24 11:42:21",294
"2018-11-24 12:42:20",294
"2018-11-24 13:42:20",294
"2018-11-24 14:42:20",294
"2018-11-24 15:42:21",294
"2018-11-24 16:42:20",294
"2018-11-24 17:42:21",294
"2018-11-24 18:42:20",294
"2018-11-24 19:42:20",294
"2018-11-24 20:42:21",294
"2018-11-24 21:42:20",294
"2018-11-24 22:42:20",294
"2018-11-24 23:42:21",294
"2018-11-25 00:42:21",294
"2018-11-25 01:42:21",294
"2018-11-25 02:42:21",294
"2018-11-25 03:42:20",294
"2018-11-25 04:42:21",294
"2018-11-25 05:42:20",294
"2018-11-25 06:42:20",294
"2018-11-25 07:42:20",294
"2018-11-25 08:42:20",294
"2018-11-25 09:42:20",294
"2018-11-25 10:42:20",294
"2018-11-25 11:42:21",294
"2018-11-25 12:42:20",294
"2018-11-25 13:42:20",294
"2018-11-25 14:42:20",294
"2018-11-25 15:42:20",294
"2018-11-25 16:42:21",294
"2018-11-25 17:42:21",294
"2018-11-25 18:42:21",294
"2018-11-25 19:42:21",294
"2018-11-25 20:42:20",294
"2018-11-25 21:42:20",294
"2018-11-25 22:42:21",294
"2018-11-25 23:42:20",294
"2018-11-26 00:42:20",294
"2018-11-26 01:42:21",294
"2018-11-26 02:42:21",294
"2018-11-26 03:42:20",294
"2018-11-26 04:42:20",294
"2018-11-26 05:42:20",294
"2018-11-26 06:42:20",294
"2018-11-26 07:42:20",294
"2018-11-26 08:42:20",294
"2018-11-26 09:42:21",294
"2018-11-26 10:42:20",294
"2018-11-26 11:42:20",294
"2018-11-26 12:42:20",294
"2018-11-26 13:42:19",294
"2018-11-26 14:42:23",294
"2018-11-26 15:42:20",295
"2018-11-26 16:42:20",295
"2018-11-26 17:42:20",295
"2018-11-26 18:42:20",295
"2018-11-26 19:42:20",295
"2018-11-26 20:42:21",295
"2018-11-26 21:42:19",294
"2018-11-26 22:42:22",294
"2018-11-26 23:42:22",294
"2018-11-27 00:42:21",294
"2018-11-27 01:42:21",294
"2018-11-27 02:42:21",294
"2018-11-27 03:42:19",294
"2018-11-27 04:42:20",294
"2018-11-27 05:42:20",294
"2018-11-27 06:42:20",294
"2018-11-27 07:42:20",294
"2018-11-27 08:42:19",294
"2018-11-27 09:42:20",294
"2018-11-27 10:44:06",294
"2018-11-27 11:42:19",294
"2018-11-27 12:42:19",294
"2018-11-27 13:42:21",294
"2018-11-27 14:42:22",294
"2018-11-27 15:42:22",294
"2018-11-27 16:42:23",294
"2018-11-27 17:42:22",294
"2018-11-27 18:42:21",294
"2018-11-27 19:42:22",293
"2018-11-27 20:42:21",292
"2018-11-27 21:42:22",292
"2018-11-27 22:42:22",292
"2018-11-27 23:42:22",292
"2018-11-28 00:42:21",292
"2018-11-28 01:42:21",292
"2018-11-28 02:42:21",292
"2018-11-28 03:42:22",292
"2018-11-28 04:42:22",292
"2018-11-28 05:42:21",292
"2018-11-28 06:42:21",292
"2018-11-28 07:42:20",292
"2018-11-28 08:42:21",292
"2018-11-28 09:42:23",292
"2018-11-28 10:42:21",292
"2018-11-28 11:42:20",292
"2018-11-28 12:42:21",292
"2018-11-28 14:07:24",292
"2018-11-28 14:42:22",292
"2018-11-28 15:42:24",293
"2018-11-28 16:42:23",295
"2018-11-28 17:42:24",295
"2018-11-28 18:42:22",295
"2018-11-28 19:42:22",295
"2018-11-28 20:42:22",294
"2018-11-28 21:42:21",294
"2018-11-28 22:42:21",294
"2018-11-28 23:42:20",294
"2018-11-29 00:42:21",294
"2018-11-29 01:42:22",294
"2018-11-29 02:42:21",294
"2018-11-29 03:42:21",294
"2018-11-29 04:42:20",294
"2018-11-29 05:42:21",294
"2018-11-29 06:42:21",294
"2018-11-29 07:42:20",294
"2018-11-29 08:42:20",294
"2018-11-29 09:42:21",294
"2018-11-29 10:42:21",294
"2018-11-29 11:42:20",294
"2018-11-29 12:42:21",294
"2018-11-29 13:42:21",294
"2018-11-29 15:07:25",295
"2018-11-29 15:42:22",295
"2018-11-29 16:42:22",295
"2018-11-29 17:42:23",294
"2018-11-29 18:42:24",293
"2018-11-29 19:42:22",293
"2018-11-29 20:42:20",293
"2018-11-29 21:42:22",294
"2018-11-29 22:42:22",294
"2018-11-29 23:42:22",294
"2018-11-30 00:42:23",294
"2018-11-30 01:42:22",294
"2018-11-30 02:42:20",294
"2018-11-30 03:42:22",294
"2018-11-30 04:42:21",294
"2018-11-30 05:42:23",294
"2018-11-30 06:42:21",294
"2018-11-30 07:42:21",294
"2018-11-30 08:42:20",294
"2018-11-30 09:42:21",294
"2018-11-30 10:42:21",294
"2018-11-30 11:42:20",294
"2018-11-30 12:42:21",294
"2018-11-30 13:42:21",294
"2018-11-30 14:42:23",294
"2018-11-30 15:42:22",294
"2018-11-30 16:42:22",294
"2018-11-30 17:42:22",294
"2018-11-30 18:42:21",294
"2018-11-30 19:42:21",294
"2018-11-30 20:42:21",293
"2018-11-30 21:42:20",294
"2018-11-30 22:42:23",294
"2018-11-30 23:42:22",294
"2018-12-01 00:42:21",294
"2018-12-01 01:42:21",294
"2018-12-01 02:42:21",294
"2018-12-01 03:42:21",294
"2018-12-01 04:42:20",294
"2018-12-01 05:42:21",294
"2018-12-01 06:42:20",294
"2018-12-01 07:42:20",294
"2018-12-01 08:42:20",294
"2018-12-01 09:42:21",294
"2018-12-01 10:42:21",294
"2018-12-01 11:42:21",294
"2018-12-01 12:42:21",294
"2018-12-01 13:42:21",294
"2018-12-01 14:42:20",294
"2018-12-01 15:42:20",294
"2018-12-01 16:42:21",294
"2018-12-01 17:42:20",294
"2018-12-01 18:42:20",294
"2018-12-01 19:42:20",294
"2018-12-01 20:42:21",294
"2018-12-01 21:42:20",294
"2018-12-01 22:42:23",294
"2018-12-01 23:42:22",294
"2018-12-02 00:42:20",294
"2018-12-02 01:42:21",294
"2018-12-02 02:42:20",294
"2018-12-02 03:42:21",294
"2018-12-02 04:42:21",294
"2018-12-02 05:42:21",294
"2018-12-02 06:42:20",294
"2018-12-02 07:42:22",294
"2018-12-02 08:42:22",294
"2018-12-02 09:42:20",294
"2018-12-02 10:42:21",294
"2018-12-02 11:42:21",294
"2018-12-02 12:42:20",294
"2018-12-02 13:42:20",294
"2018-12-02 14:42:20",294
"2018-12-02 15:42:21",294
"2018-12-02 16:42:20",294
"2018-12-02 17:42:20",294
"2018-12-02 18:42:20",294
"2018-12-02 19:42:20",294
"2018-12-02 20:42:20",294
"2018-12-02 21:42:20",294
"2018-12-02 22:42:20",294
"2018-12-02 23:42:21",294
"2018-12-03 00:42:21",294
"2018-12-03 01:42:20",294
"2018-12-03 02:42:20",294
"2018-12-03 03:42:21",294
"2018-12-03 04:42:22",294
"2018-12-03 05:42:20",294
"2018-12-03 06:42:21",294
"2018-12-03 07:42:21",294
"2018-12-03 08:42:21",294
"2018-12-03 09:42:21",294
"2018-12-03 10:42:21",294
"2018-12-03 11:42:21",294
"2018-12-03 12:42:20",294
"2018-12-03 13:42:20",294
"2018-12-03 14:42:25",294
"2018-12-03 15:42:21",295
"2018-12-03 16:42:23",294
"2018-12-03 17:42:22",294
"2018-12-03 18:42:21",293
"2018-12-03 19:42:20",293
"2018-12-03 20:42:21",292
"2018-12-03 21:42:20",294
"2018-12-03 22:42:22",294
"2018-12-03 23:42:23",294
"2018-12-04 00:42:22",294
"2018-12-04 01:42:21",294
"2018-12-04 02:42:22",294
"2018-12-04 03:42:21",294
"2018-12-04 04:42:20",294
"2018-12-04 05:42:23",294
"2018-12-04 06:42:22",294
"2018-12-04 07:42:22",294
"2018-12-04 08:42:22",294
"2018-12-04 09:42:21",294
"2018-12-04 10:42:19",294
"2018-12-04 11:42:20",294
"2018-12-04 12:42:21",294
"2018-12-04 13:42:21",294
"2018-12-04 15:08:55",294
"2018-12-04 15:42:22",294
"2018-12-04 16:42:21",293
"2018-12-04 17:42:22",293
"2018-12-04 18:42:22",293
"2018-12-04 19:42:22",293
"2018-12-04 20:42:22",294
"2018-12-04 21:42:22",295
"2018-12-04 22:42:23",295
"2018-12-04 23:42:22",295
"2018-12-05 00:42:23",295
"2018-12-05 01:42:22",295
"2018-12-05 02:42:22",295
"2018-12-05 03:42:22",295
"2018-12-05 04:42:24",295
"2018-12-05 05:42:25",295
"2018-12-05 06:42:22",295
"2018-12-05 07:42:21",295
"2018-12-05 08:42:20",295
"2018-12-05 09:42:20",295
"2018-12-05 10:42:21",295
"2018-12-05 11:42:21",295
"2018-12-05 12:42:20",295
"2018-12-05 13:42:20",295
"2018-12-05 14:42:21",295
"2018-12-05 15:42:22",295
"2018-12-05 16:42:21",295
"2018-12-05 17:42:21",295
"2018-12-05 18:42:21",295
"2018-12-05 19:42:22",295
"2018-12-05 20:42:21",295
"2018-12-05 21:42:22",295
"2018-12-05 22:42:22",295
"2018-12-05 23:42:22",295
"2018-12-06 00:42:22",295
"2018-12-06 01:42:22",295
"2018-12-06 02:42:21",295
"2018-12-06 03:42:22",295
"2018-12-06 04:42:20",295
"2018-12-06 05:42:21",295
"2018-12-06 06:42:21",295
"2018-12-06 07:42:20",295
"2018-12-06 08:42:22",295
"2018-12-06 09:42:22",295
"2018-12-06 10:42:20",295
"2018-12-06 11:42:21",295
"2018-12-06 12:42:21",295
"2018-12-06 13:42:22",295
"2018-12-06 14:42:23",295
"2018-12-06 15:42:22",296
"2018-12-06 16:42:22",296
"2018-12-06 17:42:23",296
"2018-12-06 18:42:21",296
"2018-12-06 19:42:21",296
"2018-12-06 20:42:21",297
"2018-12-06 21:42:21",297
"2018-12-06 22:42:21",297
"2018-12-06 23:42:24",297
"2018-12-07 00:42:25",297
"2018-12-07 01:42:25",297
"2018-12-07 02:42:24",297
"2018-12-07 03:42:25",297
"2018-12-07 04:42:25",297
"2018-12-07 05:42:25",297
"2018-12-07 06:42:25",297
"2018-12-07 07:42:24",297
"2018-12-07 08:42:24",297
"2018-12-07 09:42:24",297
"2018-12-07 10:42:23",297
"2018-12-07 11:42:23",297
"2018-12-07 12:42:25",297
"2018-12-07 14:07:25",297
"2018-12-07 14:42:27",297
"2018-12-07 16:07:30",297
"2018-12-07 16:42:25",297
"2018-12-07 17:42:26",297
"2018-12-07 18:42:25",297
"2018-12-07 19:42:27",297
"2018-12-07 20:42:26",297
"2018-12-07 21:42:25",297
"2018-12-07 22:42:27",297
"2018-12-07 23:42:27",297
"2018-12-08 00:42:25",297
"2018-12-08 01:42:24",297
"2018-12-08 03:42:26",297
"2018-12-08 04:42:26",297
"2018-12-08 05:42:26",297
"2018-12-08 06:42:24",297
"2018-12-08 07:42:26",297
"2018-12-08 08:42:25",297
"2018-12-08 09:42:24",297
"2018-12-08 10:42:25",297
"2018-12-08 11:42:25",297
"2018-12-08 12:42:25",297
"2018-12-08 13:42:24",297
"2018-12-08 14:42:25",297
"2018-12-08 15:42:24",297
"2018-12-08 16:42:25",297
"2018-12-08 17:42:25",297
"2018-12-08 18:42:24",297
"2018-12-08 19:42:25",297
"2018-12-08 20:42:27",297
"2018-12-08 21:42:27",297
"2018-12-08 22:42:25",297
"2018-12-08 23:42:26",297
"2018-12-09 00:42:25",297
"2018-12-09 01:42:26",297
"2018-12-09 02:42:26",297
"2018-12-09 03:42:25",297
"2018-12-09 04:42:24",297
"2018-12-09 05:42:24",297
"2018-12-09 06:42:25",297
"2018-12-09 07:42:26",297
"2018-12-09 08:42:25",297
"2018-12-09 09:42:28",297
"2018-12-09 10:42:25",297
"2018-12-09 11:42:26",297
"2018-12-09 12:42:25",297
"2018-12-09 13:42:25",297
"2018-12-09 14:42:25",297
"2018-12-09 15:42:26",297
"2018-12-09 16:42:25",297
"2018-12-09 17:42:25",297
"2018-12-09 18:42:25",297
"2018-12-09 19:42:24",297
"2018-12-09 20:42:25",297
"2018-12-09 21:42:24",297
"2018-12-09 22:42:27",297
"2018-12-09 23:42:26",297
"2018-12-10 00:42:26",297
"2018-12-10 01:42:24",297
"2018-12-10 02:42:25",297
"2018-12-10 03:42:25",297
"2018-12-10 04:42:27",297
"2018-12-10 05:42:24",297
"2018-12-10 06:42:28",297
"2018-12-10 07:42:27",297
"2018-12-10 08:42:25",297
"2018-12-10 09:42:25",297
"2018-12-10 10:42:26",297
"2018-12-10 11:42:24",297
"2018-12-10 12:42:25",297
"2018-12-10 13:42:27",297
"2018-12-10 15:05:59",298
"2018-12-10 15:42:23",298
"2018-12-10 16:42:25",298
"2018-12-10 17:42:25",299
"2018-12-10 18:42:25",299
"2018-12-10 19:42:25",299
"2018-12-10 20:42:23",298
"2018-12-10 21:42:25",298
"2018-12-10 22:42:24",298
"2018-12-10 23:42:25",298
"2018-12-11 00:42:24",298
"2018-12-11 01:42:24",298
"2018-12-11 02:42:24",298
"2018-12-11 03:42:24",298
"2018-12-11 04:42:23",298
"2018-12-11 05:42:25",298
"2018-12-11 06:42:25",298
"2018-12-11 07:42:24",298
"2018-12-11 08:42:24",298
"2018-12-11 09:42:24",298
"2018-12-11 10:42:24",298
"2018-12-11 11:42:25",298
"2018-12-11 12:42:25",298
"2018-12-11 13:42:24",298
"2018-12-11 15:06:59",298
"2018-12-11 15:42:26",298
"2018-12-11 16:42:26",297
"2018-12-11 17:42:26",297
"2018-12-11 18:42:26",298
"2018-12-11 19:42:26",298
"2018-12-11 20:42:25",298
"2018-12-11 21:42:28",299
"2018-12-11 22:42:26",299
"2018-12-11 23:42:26",299
"2018-12-12 00:42:25",299
"2018-12-12 01:42:25",299
"2018-12-12 02:42:26",299
"2018-12-12 03:42:26",299
"2018-12-12 04:42:25",299
"2018-12-12 05:42:24",299
"2018-12-12 06:42:25",299
"2018-12-12 07:42:25",299
"2018-12-12 08:42:26",299
"2018-12-12 09:42:25",299
"2018-12-12 10:42:25",299
"2018-12-12 11:42:26",299
"2018-12-12 12:42:28",299
"2018-12-12 14:08:01",299
"2018-12-12 14:42:27",299
"2018-12-12 15:42:26",299
"2018-12-12 16:42:27",297
"2018-12-12 17:42:26",296
"2018-12-12 18:42:25",296
"2018-12-12 19:42:26",297
"2018-12-12 20:42:25",297
"2018-12-12 21:42:26",298
"2018-12-12 22:42:26",298
"2018-12-12 23:42:26",298
"2018-12-13 00:42:25",298
"2018-12-13 01:42:26",298
"2018-12-13 02:42:26",298
"2018-12-13 03:42:25",298
"2018-12-13 04:42:28",298
"2018-12-13 05:42:28",298
"2018-12-13 06:42:27",298
"2018-12-13 07:42:25",298
"2018-12-13 08:42:24",298
"2018-12-13 09:42:25",298
"2018-12-13 10:42:25",298
"2018-12-13 11:42:25",298
"2018-12-13 12:42:24",298
"2018-12-13 14:06:29",298
"2018-12-13 14:42:26",298
"2018-12-13 15:42:27",298
"2018-12-13 16:42:25",296
"2018-12-13 17:42:27",296
"2018-12-13 18:42:26",296
"2018-12-13 19:42:26",296
"2018-12-13 20:42:26",295
"2018-12-13 21:42:25",293
"2018-12-13 22:42:26",293
"2018-12-13 23:42:26",293
"2018-12-14 00:42:26",293
"2018-12-14 01:42:26",293
"2018-12-14 02:42:25",293
"2018-12-14 03:42:25",293
"2018-12-14 04:42:27",293
"2018-12-14 05:42:25",293
"2018-12-14 06:42:26",293
"2018-12-14 07:42:26",293
"2018-12-14 08:42:26",293
"2018-12-14 09:42:25",293
"2018-12-14 10:42:26",293
"2018-12-14 11:42:25",293
"2018-12-14 12:42:26",293
"2018-12-14 14:06:28",293
"2018-12-14 14:42:27",293
"2018-12-14 15:42:26",294
"2018-12-14 16:42:25",294
"2018-12-14 17:42:27",294
"2018-12-14 18:42:28",294
"2018-12-14 19:42:29",294
"2018-12-14 20:42:27",294
"2018-12-14 21:42:25",295
"2018-12-14 22:42:27",295
"2018-12-14 23:42:27",295
"2018-12-15 00:42:26",295
"2018-12-15 01:42:27",295
"2018-12-15 02:42:25",295
"2018-12-15 03:42:25",295
"2018-12-15 04:42:25",295
"2018-12-15 05:42:27",295
"2018-12-15 06:42:26",295
"2018-12-15 07:42:26",295
"2018-12-15 08:42:25",295
"2018-12-15 09:42:25",295
"2018-12-15 10:42:25",295
"2018-12-15 11:42:25",295
"2018-12-15 12:42:26",295
"2018-12-15 13:42:26",295
"2018-12-15 14:42:25",295
"2018-12-15 15:42:26",295
"2018-12-15 16:42:25",295
"2018-12-15 17:42:27",295
"2018-12-15 18:42:26",295
"2018-12-15 19:42:26",295
"2018-12-15 20:42:25",295
"2018-12-15 21:42:25",295
"2018-12-15 22:42:26",295
"2018-12-15 23:42:25",295
"2018-12-16 00:42:26",295
"2018-12-16 01:42:25",295
"2018-12-16 02:42:25",295
"2018-12-16 03:42:26",295
"2018-12-16 04:42:27",295
"2018-12-16 05:42:25",295
"2018-12-16 06:42:27",295
"2018-12-16 07:42:26",295
"2018-12-16 08:42:25",295
"2018-12-16 09:42:27",295
"2018-12-16 10:42:25",295
"2018-12-16 11:42:26",295
"2018-12-16 12:42:24",295
"2018-12-16 13:42:25",295
"2018-12-16 14:42:25",295
"2018-12-16 15:42:25",295
"2018-12-16 16:42:25",295
"2018-12-16 17:42:28",295
"2018-12-16 18:42:25",295
"2018-12-16 19:42:26",295
"2018-12-16 20:42:26",295
"2018-12-16 21:42:25",295
"2018-12-16 22:42:27",295
"2018-12-16 23:42:27",295
"2018-12-17 00:42:26",295
"2018-12-17 01:42:25",295
"2018-12-17 02:42:26",295
"2018-12-17 03:42:25",295
"2018-12-17 04:42:28",295
"2018-12-17 05:42:25",295
"2018-12-17 06:42:27",295
"2018-12-17 07:42:26",295
"2018-12-17 08:42:25",295
"2018-12-17 09:42:26",295
"2018-12-17 10:42:26",295
"2018-12-17 11:42:25",295
"2018-12-17 12:42:25",295
"2018-12-17 13:42:28",295
"2018-12-17 14:42:30",295
"2018-12-17 15:42:27",295
"2018-12-17 16:42:27",294
"2018-12-17 17:42:26",294
"2018-12-17 18:42:27",295
"2018-12-17 20:07:59",295
"2018-12-17 20:42:26",295
"2018-12-17 21:42:27",295
"2018-12-17 22:42:26",295
"2018-12-17 23:42:25",295
"2018-12-18 00:42:26",295
"2018-12-18 01:42:27",295
"2018-12-18 02:42:25",295
"2018-12-18 03:42:26",295
"2018-12-18 04:42:25",295
"2018-12-18 05:42:26",295
"2018-12-18 06:42:25",295
"2018-12-18 07:42:25",295
"2018-12-18 08:42:25",295
"2018-12-18 09:42:24",295
"2018-12-18 10:42:25",295
"2018-12-18 11:42:24",295
"2018-12-18 12:42:26",295
"2018-12-18 13:42:25",295
"2018-12-18 14:42:26",295
"2018-12-18 15:42:25",295
"2018-12-18 16:42:25",295
"2018-12-18 17:42:26",295
"2018-12-18 18:42:25",295
"2018-12-18 19:42:25",295
"2018-12-18 20:42:27",295
"2018-12-18 21:42:26",295
"2018-12-18 22:42:25",295
"2018-12-18 23:42:27",295
"2018-12-19 00:42:25",295
"2018-12-19 01:42:26",295
"2018-12-19 02:42:25",295
"2018-12-19 03:42:27",295
"2018-12-19 04:42:27",295
"2018-12-19 05:42:28",295
"2018-12-19 06:42:26",295
"2018-12-19 07:42:26",295
"2018-12-19 08:42:25",295
"2018-12-19 09:42:26",295
"2018-12-19 11:42:26",295
"2018-12-19 12:42:25",295
"2018-12-19 13:42:25",295
"2018-12-19 14:42:26",295
"2018-12-19 15:42:25",296
"2018-12-19 16:42:26",295
"2018-12-19 17:42:24",295
"2018-12-19 18:42:26",294
"2018-12-19 19:42:26",294
"2018-12-19 20:42:25",294
"2018-12-19 21:42:29",294
"2018-12-19 22:42:29",294
"2018-12-19 23:42:29",294
"2018-12-20 00:42:29",294
"2018-12-20 01:42:28",294
"2018-12-20 02:42:27",294
"2018-12-20 03:42:28",294
"2018-12-20 04:42:27",294
"2018-12-20 05:42:26",294
"2018-12-20 06:42:26",294
"2018-12-20 07:42:28",294
"2018-12-20 08:42:27",294
"2018-12-20 09:42:25",294
"2018-12-20 10:42:26",294
"2018-12-20 11:42:25",294
"2018-12-20 12:42:25",294
"2018-12-20 13:42:26",294
"2018-12-20 14:42:27",294
"2018-12-20 15:42:27",293
"2018-12-20 16:42:29",293
"2018-12-20 17:42:27",294
"2018-12-20 18:42:26",293
"2018-12-20 19:42:26",292
"2018-12-20 20:42:27",292
"2018-12-20 21:42:27",292
"2018-12-20 22:42:27",292
"2018-12-20 23:42:28",292
"2018-12-21 00:42:27",292
"2018-12-21 01:42:26",292
"2018-12-21 02:42:27",292
"2018-12-21 03:42:26",292
"2018-12-21 04:42:27",292
"2018-12-21 05:42:25",292
"2018-12-21 06:42:27",292
"2018-12-21 07:42:25",292
"2018-12-21 08:42:25",292
"2018-12-21 09:42:25",292
"2018-12-21 10:42:24",292
"2018-12-21 11:42:26",292
"2018-12-21 12:42:26",292
"2018-12-21 13:42:25",292
"2018-12-21 14:42:28",292
"2018-12-21 15:42:27",292
"2018-12-21 16:42:27",291
"2018-12-21 17:42:27",291
"2018-12-21 18:42:29",291
"2018-12-21 19:42:26",292
"2018-12-21 20:42:29",293
"2018-12-21 21:42:28",292
"2018-12-21 22:42:28",292
"2018-12-21 23:42:26",292
"2018-12-22 00:42:28",292
"2018-12-22 01:42:27",292
"2018-12-22 02:42:30",292
"2018-12-22 03:42:25",292
"2018-12-22 04:42:28",292
"2018-12-22 05:42:25",292
"2018-12-22 06:42:28",292
"2018-12-22 07:42:27",292
"2018-12-22 08:42:25",292
"2018-12-22 09:42:25",292
"2018-12-22 10:42:25",292
"2018-12-22 11:42:25",292
"2018-12-22 12:42:25",292
"2018-12-22 13:42:25",292
"2018-12-22 14:42:26",292
"2018-12-22 15:42:25",292
"2018-12-22 16:42:25",292
"2018-12-22 17:42:26",292
"2018-12-22 18:42:25",292
"2018-12-22 19:42:27",292
"2018-12-22 20:42:26",292
"2018-12-22 21:42:27",292
"2018-12-22 22:42:27",292
"2018-12-22 23:42:26",292
"2018-12-23 00:42:26",292
"2018-12-23 01:42:26",292
"2018-12-23 02:42:25",292
"2018-12-23 03:42:28",292
"2018-12-23 04:42:27",292
"2018-12-23 05:42:26",292
"2018-12-23 06:42:27",292
"2018-12-23 07:42:26",292
"2018-12-23 08:42:27",292
"2018-12-23 09:42:26",292
"2018-12-23 10:42:29",292
"2018-12-23 11:42:27",292
"2018-12-23 12:42:25",292
"2018-12-23 13:42:27",292
"2018-12-23 14:42:27",292
"2018-12-23 15:42:27",292
"2018-12-23 16:42:28",292
"2018-12-23 17:42:29",292
"2018-12-23 18:42:27",292
"2018-12-23 19:42:27",292
"2018-12-23 20:42:28",292
"2018-12-23 21:42:28",292
"2018-12-23 22:42:27",292
"2018-12-23 23:42:25",292
"2018-12-24 00:42:26",292
"2018-12-24 01:42:28",292
"2018-12-24 02:42:30",292
"2018-12-24 03:42:29",292
"2018-12-24 04:42:25",292
"2018-12-24 05:42:25",292
"2018-12-24 06:42:27",292
"2018-12-24 07:42:28",292
"2018-12-24 08:42:25",292
"2018-12-24 09:42:29",292
"2018-12-24 10:42:26",292
"2018-12-24 11:42:27",292
"2018-12-24 12:42:25",292
"2018-12-24 13:42:28",292
"2018-12-24 15:06:04",292
"2018-12-24 15:42:30",292
"2018-12-24 16:42:28",292
"2018-12-24 17:42:29",291
"2018-12-24 18:42:30",291
"2018-12-24 19:42:30",291
"2018-12-24 20:42:29",291
"2018-12-24 21:42:26",291
"2018-12-24 22:42:27",291
"2018-12-24 23:42:26",291
"2018-12-25 00:42:28",291
"2018-12-25 01:42:26",291
"2018-12-25 02:42:29",291
"2018-12-25 03:42:28",291
"2018-12-25 04:42:28",291
"2018-12-25 05:42:27",291
"2018-12-25 06:42:28",291
"2018-12-25 07:42:27",291
"2018-12-25 08:42:26",291
"2018-12-25 09:42:26",291
"2018-12-25 10:42:26",291
"2018-12-25 11:42:26",291
"2018-12-25 12:42:27",291
"2018-12-25 13:42:27",291
"2018-12-25 14:42:26",291
"2018-12-25 15:42:27",291
"2018-12-25 16:42:26",291
"2018-12-25 17:42:28",291
"2018-12-25 18:42:27",291
"2018-12-25 19:42:27",291
"2018-12-25 20:42:27",291
"2018-12-25 21:42:26",291
"2018-12-25 22:42:27",291
"2018-12-25 23:42:26",291
"2018-12-26 00:42:27",291
"2018-12-26 01:42:27",291
"2018-12-26 02:42:27",291
"2018-12-26 03:42:26",291
"2018-12-26 04:42:26",291
"2018-12-26 05:42:26",291
"2018-12-26 06:42:29",291
"2018-12-26 07:42:28",291
"2018-12-26 08:42:28",291
"2018-12-26 09:42:26",291
"2018-12-26 10:42:27",291
"2018-12-26 11:42:26",291
"2018-12-26 12:42:27",291
"2018-12-26 13:42:30",291
"2018-12-26 15:07:34",291
"2018-12-26 15:42:28",291
"2018-12-26 16:42:28",293
"2018-12-26 17:42:28",293
"2018-12-26 18:42:26",293
"2018-12-26 19:42:28",294
"2018-12-26 20:42:28",294
"2018-12-26 21:42:29",294
"2018-12-26 22:42:29",294
"2018-12-26 23:42:29",294
"2018-12-27 00:42:29",294
"2018-12-27 01:42:29",294
"2018-12-27 02:42:29",294
"2018-12-27 03:42:30",294
"2018-12-27 04:42:26",294
"2018-12-27 05:42:28",294
"2018-12-27 06:42:27",294
"2018-12-27 07:42:28",294
"2018-12-27 08:42:26",294
"2018-12-27 09:42:27",294
"2018-12-27 10:42:28",294
"2018-12-27 11:42:26",294
"2018-12-27 12:42:27",294
"2018-12-27 13:42:25",294
"2018-12-27 14:42:27",294
"2018-12-27 15:42:26",295
"2018-12-27 16:42:27",295
"2018-12-27 17:42:29",296
"2018-12-27 18:42:30",296
"2018-12-27 19:42:29",296
"2018-12-27 20:42:27",296
"2018-12-27 21:42:29",296
"2018-12-27 22:42:33",295
"2018-12-27 23:42:34",295
"2018-12-28 00:42:32",295
"2018-12-28 01:42:30",295
"2018-12-28 02:42:30",295
"2018-12-28 03:42:27",295
"2018-12-28 04:42:29",295
"2018-12-28 05:42:27",295
"2018-12-28 06:42:31",295
"2018-12-28 07:42:32",295
"2018-12-28 08:42:29",295
"2018-12-28 09:42:30",295
"2018-12-28 10:42:27",295
"2018-12-28 11:42:28",295
"2018-12-28 12:42:26",295
"2018-12-28 13:42:27",295
"2018-12-28 14:42:28",295
"2018-12-28 16:08:02",293
"2018-12-28 16:42:28",293
"2018-12-28 17:42:30",292
"2018-12-28 18:42:29",293
"2018-12-28 19:42:27",295
"2018-12-28 20:42:29",295
"2018-12-28 21:42:29",295
"2018-12-28 22:42:27",294
"2018-12-28 23:42:28",294
"2018-12-29 00:42:27",294
"2018-12-29 01:42:26",294
"2018-12-29 02:42:28",294
"2018-12-29 03:42:26",294
"2018-12-29 04:42:27",294
"2018-12-29 05:42:27",294
"2018-12-29 06:42:26",294
"2018-12-29 07:42:30",294
"2018-12-29 08:42:30",294
"2018-12-29 09:42:28",294
"2018-12-29 10:42:27",294
"2018-12-29 11:42:28",294
"2018-12-29 12:42:27",294
"2018-12-29 13:42:27",294
"2018-12-29 14:42:26",294
"2018-12-29 15:42:26",294
"2018-12-29 16:42:28",294
"2018-12-29 17:42:26",294
"2018-12-29 18:42:29",294
"2018-12-29 19:42:30",294
"2018-12-29 20:42:27",294
"2018-12-29 21:42:31",294
"2018-12-29 22:42:28",294
"2018-12-29 23:42:31",294
"2018-12-30 00:42:27",294
"2018-12-30 01:42:28",294
"2018-12-30 02:42:26",294
"2018-12-30 03:42:27",294
"2018-12-30 04:42:26",294
"2018-12-30 05:42:26",294
"2018-12-30 06:42:26",294
"2018-12-30 07:42:26",294
"2018-12-30 08:42:26",294
"2018-12-30 09:42:26",294
"2018-12-30 10:42:26",294
"2018-12-30 11:42:27",294
"2018-12-30 12:42:27",294
"2018-12-30 13:42:27",294
"2018-12-30 14:42:26",294
"2018-12-30 15:42:26",294
"2018-12-30 16:42:26",294
"2018-12-30 17:42:27",294
"2018-12-30 18:42:25",294
"2018-12-30 19:42:26",294
"2018-12-30 20:42:26",294
"2018-12-30 21:42:27",294
"2018-12-30 22:42:28",294
"2018-12-30 23:42:27",294
"2018-12-31 00:42:27",294
"2018-12-31 01:42:26",294
"2018-12-31 02:42:25",294
"2018-12-31 03:42:28",294
"2018-12-31 04:42:28",294
"2018-12-31 05:42:30",294
"2018-12-31 06:42:27",294
"2018-12-31 07:42:26",294
"2018-12-31 08:42:26",294
"2018-12-31 09:42:28",294
"2018-12-31 10:42:28",294
"2018-12-31 11:42:27",294
"2018-12-31 12:42:26",294
"2018-12-31 13:42:26",294
"2018-12-31 14:42:30",294
"2018-12-31 15:42:26",294
"2018-12-31 16:42:27",292
"2018-12-31 17:42:28",292
"2018-12-31 18:42:27",292
"2018-12-31 19:42:28",293
"2018-12-31 20:42:28",293
"2018-12-31 21:42:28",293
"2018-12-31 22:42:27",293
"2018-12-31 23:42:26",293
"2019-01-01 00:42:27",293
"2019-01-01 01:42:28",293
"2019-01-01 02:42:28",293
"2019-01-01 03:42:26",293
"2019-01-01 04:42:27",293
"2019-01-01 05:42:26",293
"2019-01-01 06:42:26",293
"2019-01-01 07:42:26",293
"2019-01-01 08:42:27",293
"2019-01-01 09:42:25",293
"2019-01-01 10:42:26",293
"2019-01-01 11:42:26",293
"2019-01-01 12:42:26",293
"2019-01-01 13:42:26",293
"2019-01-01 14:42:27",293
"2019-01-01 15:42:27",293
"2019-01-01 16:42:26",293
"2019-01-01 17:42:27",293
"2019-01-01 18:42:25",293
"2019-01-01 19:42:26",293
"2019-01-01 20:42:26",293
"2019-01-01 21:42:26",293
"2019-01-01 22:42:29",293
"2019-01-01 23:42:26",293
"2019-01-02 00:42:27",293
"2019-01-02 01:42:26",293
"2019-01-02 02:42:27",293
"2019-01-02 03:42:26",293
"2019-01-02 04:42:27",293
"2019-01-02 05:42:28",293
"2019-01-02 06:42:27",293
"2019-01-02 07:42:27",293
"2019-01-02 08:42:26",293
"2019-01-02 09:42:27",293
"2019-01-02 10:42:28",293
"2019-01-02 11:42:26",293
"2019-01-02 12:42:25",293
"2019-01-02 13:42:26",293
"2019-01-02 15:07:34",293
"2019-01-02 15:42:28",293
"2019-01-02 16:42:26",293
"2019-01-02 17:42:27",292
"2019-01-02 18:42:29",292
"2019-01-02 19:42:29",292
"2019-01-02 20:42:29",292
"2019-01-02 21:42:27",292
"2019-01-02 22:42:28",292
"2019-01-02 23:42:30",292
"2019-01-03 00:42:29",292
"2019-01-03 01:42:27",292
"2019-01-03 02:42:28",292
"2019-01-03 03:42:27",292
"2019-01-03 05:42:29",292
"2019-01-03 06:42:27",292
"2019-01-03 07:42:28",292
"2019-01-03 08:42:27",292
"2019-01-03 09:42:28",292
"2019-01-03 10:42:28",292
"2019-01-03 11:42:27",292
"2019-01-03 12:42:28",292
"2019-01-03 13:42:26",292
"2019-01-03 14:42:30",292
"2019-01-03 15:42:31",293
"2019-01-03 16:42:31",293
"2019-01-03 17:42:32",294
"2019-01-03 18:42:29",296
"2019-01-03 19:42:30",296
"2019-01-03 20:42:28",296
"2019-01-03 21:42:29",297
"2019-01-03 22:42:31",297
"2019-01-03 23:42:27",297
"2019-01-04 00:42:29",297
"2019-01-04 01:42:29",297
"2019-01-04 02:42:31",297
"2019-01-04 03:42:28",297
"2019-01-04 04:42:28",297
"2019-01-04 05:42:29",297
"2019-01-04 06:42:29",297
"2019-01-04 07:42:27",297
"2019-01-04 08:42:28",297
"2019-01-04 09:42:29",297
"2019-01-04 10:42:27",297
"2019-01-04 11:42:28",297
"2019-01-04 12:42:27",297
"2019-01-04 13:42:28",297
"2019-01-04 15:07:04",297
"2019-01-04 15:42:30",297
"2019-01-04 16:42:29",298
"2019-01-04 17:42:28",298
"2019-01-04 18:42:30",296
"2019-01-04 19:42:30",296
"2019-01-04 20:42:29",296
"2019-01-04 21:42:29",297
"2019-01-04 22:42:27",297
"2019-01-04 23:42:29",297
"2019-01-05 00:42:30",297
"2019-01-05 01:42:28",297
"2019-01-05 02:42:29",297
"2019-01-05 03:42:28",297
"2019-01-05 04:42:28",297
"2019-01-05 05:42:28",297
"2019-01-05 06:42:27",297
"2019-01-05 07:42:27",297
"2019-01-05 08:42:29",297
"2019-01-05 09:42:29",297
"2019-01-05 10:42:27",297
"2019-01-05 11:42:27",297
"2019-01-05 12:42:27",297
"2019-01-05 13:42:27",297
"2019-01-05 14:42:27",297
"2019-01-05 15:42:27",297
"2019-01-05 16:42:27",297
"2019-01-05 17:42:28",297
"2019-01-05 18:42:28",297
"2019-01-05 19:42:31",297
"2019-01-05 20:42:27",297
"2019-01-05 21:42:30",297
"2019-01-05 22:42:27",297
"2019-01-05 23:42:27",297
"2019-01-06 00:42:28",297
"2019-01-06 01:42:27",297
"2019-01-06 02:42:27",297
"2019-01-06 03:42:28",297
"2019-01-06 04:42:28",297
"2019-01-06 05:42:28",297
"2019-01-06 06:42:26",297
"2019-01-06 07:42:28",297
"2019-01-06 08:42:26",297
"2019-01-06 09:42:26",297
"2019-01-06 10:42:27",297
"2019-01-06 11:42:27",297
"2019-01-06 12:42:27",297
"2019-01-06 13:42:27",297
"2019-01-06 14:42:27",297
"2019-01-06 15:42:28",297
"2019-01-06 16:42:27",297
"2019-01-06 17:42:28",297
"2019-01-06 18:42:27",297
"2019-01-06 19:42:27",297
"2019-01-06 20:42:27",297
"2019-01-06 21:42:27",297
"2019-01-06 22:42:27",297
"2019-01-06 23:42:28",297
"2019-01-07 00:42:26",297
"2019-01-07 01:42:27",297
"2019-01-07 02:42:28",297
"2019-01-07 03:42:28",297
"2019-01-07 04:42:28",297
"2019-01-07 05:42:26",297
"2019-01-07 06:42:27",297
"2019-01-07 07:42:27",297
"2019-01-07 08:42:27",297
"2019-01-07 09:42:28",297
"2019-01-07 10:42:30",297
"2019-01-07 11:42:28",297
"2019-01-07 12:42:29",297
"2019-01-07 14:07:59",297
"2019-01-07 14:42:29",297
"2019-01-07 15:42:29",295
"2019-01-07 16:42:30",297
"2019-01-07 17:42:31",295
"2019-01-07 18:42:29",295
"2019-01-07 19:42:27",295
"2019-01-07 20:42:30",294
"2019-01-07 21:42:30",294
"2019-01-07 22:42:28",295
"2019-01-07 23:42:30",295
"2019-01-08 00:42:27",295
"2019-01-08 01:42:28",295
"2019-01-08 02:42:30",295
"2019-01-08 03:42:29",295
"2019-01-08 04:42:28",295
"2019-01-08 05:42:28",295
"2019-01-08 06:42:28",295
"2019-01-08 07:42:27",295
"2019-01-08 08:42:28",295
"2019-01-08 09:42:27",295
"2019-01-08 10:42:29",295
"2019-01-08 11:42:29",295
"2019-01-08 12:42:28",295
"2019-01-08 13:42:29",295
"2019-01-08 14:42:31",295
"2019-01-08 15:42:30",294
"2019-01-08 16:42:28",294
"2019-01-08 17:42:28",293
"2019-01-08 18:42:28",293
"2019-01-08 19:42:28",293
"2019-01-08 20:42:27",293
"2019-01-08 21:42:29",293
"2019-01-08 22:42:27",293
"2019-01-08 23:42:29",293
"2019-01-09 00:42:28",293
"2019-01-09 01:42:28",293
"2019-01-09 02:42:32",293
"2019-01-09 04:42:29",293
"2019-01-09 05:42:30",293
"2019-01-09 06:42:28",293
"2019-01-09 07:42:33",293
"2019-01-09 08:42:31",293
"2019-01-09 09:42:28",293
"2019-01-09 10:42:29",293
"2019-01-09 11:42:28",293
"2019-01-09 12:42:27",293
"2019-01-09 14:08:01",294
"2019-01-09 14:42:31",294
"2019-01-09 15:42:30",293
"2019-01-09 16:42:31",293
"2019-01-09 17:42:29",293
"2019-01-09 18:42:31",293
"2019-01-09 19:42:30",293
"2019-01-09 20:42:33",293
"2019-01-09 21:42:30",292
"2019-01-09 22:42:30",292
"2019-01-09 23:42:29",292
"2019-01-10 00:42:28",292
"2019-01-10 01:42:28",292
"2019-01-10 02:42:29",292
"2019-01-10 03:42:28",292
"2019-01-10 04:42:28",292
"2019-01-10 05:42:28",292
"2019-01-10 06:42:27",292
"2019-01-10 07:42:29",292
"2019-01-10 08:42:29",292
"2019-01-10 09:42:28",292
"2019-01-10 10:42:28",292
"2019-01-10 11:42:28",292
"2019-01-10 12:42:28",292
"2019-01-10 13:42:29",292
"2019-01-10 15:07:04",291
"2019-01-10 15:42:31",291
"2019-01-10 16:42:30",291
"2019-01-10 17:42:30",290
"2019-01-10 18:42:29",290
"2019-01-10 19:42:28",290
"2019-01-10 20:42:30",290
"2019-01-10 21:42:30",290
"2019-01-10 22:42:28",290
"2019-01-10 23:42:29",290
"2019-01-11 00:42:29",290
"2019-01-11 01:42:28",290
"2019-01-11 02:42:30",290
"2019-01-11 03:42:29",290
"2019-01-11 04:42:29",290
"2019-01-11 05:42:30",290
"2019-01-11 06:42:28",290
"2019-01-11 07:42:32",290
"2019-01-11 08:42:29",290
"2019-01-11 09:42:29",290
"2019-01-11 10:42:28",290
"2019-01-11 11:42:28",290
"2019-01-11 12:42:29",290
"2019-01-11 13:42:28",290
"2019-01-11 14:42:32",290
"2019-01-11 15:42:32",290
"2019-01-11 16:42:28",290
"2019-01-11 17:42:29",290
"2019-01-11 18:42:29",290
"2019-01-11 19:42:32",290
"2019-01-11 20:42:30",290
"2019-01-11 21:42:28",289
"2019-01-11 22:42:29",289
"2019-01-11 23:42:28",289
"2019-01-12 00:42:28",289
"2019-01-12 01:42:30",289
"2019-01-12 02:42:28",289
"2019-01-12 03:42:29",289
"2019-01-12 04:42:27",289
"2019-01-12 05:42:27",289
"2019-01-12 06:42:29",289
"2019-01-12 07:42:27",289
"2019-01-12 08:42:28",289
"2019-01-12 09:42:28",289
"2019-01-12 10:42:28",289
"2019-01-12 11:42:28",289
"2019-01-12 12:42:27",289
"2019-01-12 13:42:27",289
"2019-01-12 14:42:28",289
"2019-01-12 15:42:27",289
"2019-01-12 16:42:29",289
"2019-01-12 17:42:29",289
"2019-01-12 18:42:27",289
"2019-01-12 19:42:30",289
"2019-01-12 20:42:29",289
"2019-01-12 21:42:28",289
"2019-01-12 22:42:28",289
"2019-01-12 23:42:31",289
"2019-01-13 00:42:28",289
"2019-01-13 01:42:28",289
"2019-01-13 02:42:28",289
"2019-01-13 03:42:28",289
"2019-01-13 04:42:30",289
"2019-01-13 05:42:29",289
"2019-01-13 06:42:28",289
"2019-01-13 07:42:28",289
"2019-01-13 08:42:28",289
"2019-01-13 09:42:29",289
"2019-01-13 10:42:32",289
"2019-01-13 11:42:31",289
"2019-01-13 12:42:27",289
"2019-01-13 13:42:28",289
"2019-01-13 14:42:27",289
"2019-01-13 15:42:29",289
"2019-01-13 16:42:28",289
"2019-01-13 17:42:28",289
"2019-01-13 18:42:28",289
"2019-01-13 19:42:28",289
"2019-01-13 20:42:29",289
"2019-01-13 21:42:28",289
"2019-01-13 22:42:29",289
"2019-01-13 23:42:28",289
"2019-01-14 00:42:28",289
"2019-01-14 01:42:28",289
"2019-01-14 02:42:28",289
"2019-01-14 03:42:28",289
"2019-01-14 04:42:28",289
"2019-01-14 05:42:29",289
"2019-01-14 06:42:28",289
"2019-01-14 07:42:27",289
"2019-01-14 08:42:28",289
"2019-01-14 09:42:28",289
"2019-01-14 10:42:29",289
"2019-01-14 11:42:28",289
"2019-01-14 12:42:28",289
"2019-01-14 13:42:28",289
"2019-01-14 14:42:29",289
"2019-01-14 15:42:30",287
"2019-01-14 16:42:29",287
"2019-01-14 17:42:28",287
"2019-01-14 18:42:29",287
"2019-01-14 19:42:30",287
"2019-01-14 20:42:28",287
"2019-01-14 21:42:28",287
"2019-01-14 22:42:28",287
"2019-01-14 23:42:28",287
"2019-01-15 00:42:28",287
"2019-01-15 01:42:27",287
"2019-01-15 02:42:28",287
"2019-01-15 03:42:28",287
"2019-01-15 04:42:31",287
"2019-01-15 05:42:28",287
"2019-01-15 06:42:27",287
"2019-01-15 07:42:28",287
"2019-01-15 08:42:28",287
"2019-01-15 09:42:27",287
"2019-01-15 10:42:27",287
"2019-01-15 11:42:27",287
"2019-01-15 12:42:28",287
"2019-01-15 13:42:27",287
"2019-01-15 14:42:31",287
"2019-01-15 15:42:29",287
"2019-01-15 16:42:30",288
"2019-01-15 17:42:28",288
"2019-01-15 18:42:29",288
"2019-01-15 19:42:28",288
"2019-01-15 20:42:29",288
"2019-01-15 21:42:28",289
"2019-01-15 22:42:29",289
"2019-01-15 23:42:30",290
"2019-01-16 00:42:28",290
"2019-01-16 01:42:33",290
"2019-01-16 02:42:29",290
"2019-01-16 03:42:27",290
"2019-01-16 04:42:28",290
"2019-01-16 05:42:27",290
"2019-01-16 06:42:28",290
"2019-01-16 07:42:28",290
"2019-01-16 08:42:27",290
"2019-01-16 09:42:28",290
"2019-01-16 10:42:27",290
"2019-01-16 11:42:27",290
"2019-01-16 12:42:27",290
"2019-01-16 14:09:01",290
"2019-01-16 15:08:02",289
"2019-01-16 15:42:28",289
"2019-01-16 16:42:28",288
"2019-01-16 17:42:28",289
"2019-01-16 18:42:30",289
"2019-01-16 19:42:29",289
"2019-01-16 20:42:28",289
"2019-01-16 21:42:29",289
"2019-01-16 22:42:27",289
"2019-01-16 23:42:26",289
"2019-01-17 00:42:27",289
"2019-01-17 01:42:28",289
"2019-01-17 02:42:29",289
"2019-01-17 03:42:28",289
"2019-01-17 04:42:29",289
"2019-01-17 05:42:27",289
"2019-01-17 06:42:28",289
"2019-01-17 07:42:27",289
"2019-01-17 08:42:27",289
"2019-01-17 09:42:28",289
"2019-01-17 10:42:28",289
"2019-01-17 11:42:28",289
"2019-01-17 12:42:27",289
"2019-01-17 13:42:27",289
"2019-01-17 15:08:34",289
"2019-01-17 15:42:30",289
"2019-01-17 16:42:28",289
"2019-01-17 17:42:28",288
"2019-01-17 18:42:29",288
"2019-01-17 19:42:30",288
"2019-01-17 20:42:30",288
"2019-01-17 21:42:28",288
"2019-01-17 22:42:29",288
"2019-01-17 23:42:28",288
"2019-01-18 00:42:28",288
"2019-01-18 01:42:29",288
"2019-01-18 02:42:28",288
"2019-01-18 03:42:31",288
"2019-01-18 04:42:30",288
"2019-01-18 05:42:29",288
"2019-01-18 06:42:28",288
"2019-01-18 07:42:29",288
"2019-01-18 08:42:28",288
"2019-01-18 09:42:29",288
"2019-01-18 10:42:28",288
"2019-01-18 11:42:28",288
"2019-01-18 12:42:29",288
"2019-01-18 13:42:29",288
"2019-01-18 14:42:32",288
"2019-01-18 15:42:30",288
"2019-01-18 16:42:30",288
"2019-01-18 17:42:31",288
"2019-01-18 18:42:30",288
"2019-01-18 19:42:28",288
"2019-01-18 20:42:30",288
"2019-01-18 21:42:29",288
"2019-01-18 22:42:28",288
"2019-01-18 23:42:29",288
"2019-01-19 00:42:29",288
"2019-01-19 01:42:29",288
"2019-01-19 02:42:29",288
"2019-01-19 03:42:29",288
"2019-01-19 04:42:30",288
"2019-01-19 05:42:29",288
"2019-01-19 06:42:28",288
"2019-01-19 07:42:28",288
"2019-01-19 08:42:28",288
"2019-01-19 09:42:29",288
"2019-01-19 10:42:29",288
"2019-01-19 11:42:28",288
"2019-01-19 12:42:27",288
"2019-01-19 13:42:29",288
"2019-01-19 14:42:28",288
"2019-01-19 15:42:30",288
"2019-01-19 16:42:29",288
"2019-01-19 17:42:28",288
"2019-01-19 18:42:27",288
"2019-01-19 19:42:28",288
"2019-01-19 20:42:28",288
"2019-01-19 21:42:28",288
"2019-01-19 22:42:28",288
"2019-01-19 23:42:29",288
"2019-01-20 00:42:29",288
"2019-01-20 01:42:28",288
"2019-01-20 02:42:29",288
"2019-01-20 03:42:29",288
"2019-01-20 04:42:30",288
"2019-01-20 05:42:29",288
"2019-01-20 06:42:29",288
"2019-01-20 07:42:29",288
"2019-01-20 08:42:29",288
"2019-01-20 09:42:28",288
"2019-01-20 10:42:28",288
"2019-01-20 11:42:29",288
"2019-01-20 12:42:28",288
"2019-01-20 13:42:28",288
"2019-01-20 14:42:28",288
"2019-01-20 15:42:29",288
"2019-01-20 16:42:29",288
"2019-01-20 17:42:29",288
"2019-01-20 18:42:28",288
"2019-01-20 19:42:28",288
"2019-01-20 20:42:28",288
"2019-01-20 21:42:28",288
"2019-01-20 22:42:29",288
"2019-01-20 23:42:29",288
"2019-01-21 00:42:28",288
"2019-01-21 01:42:29",288
"2019-01-21 02:42:29",288
"2019-01-21 03:42:29",288
"2019-01-21 04:42:29",288
"2019-01-21 05:42:29",288
"2019-01-21 06:42:28",288
"2019-01-21 07:42:28",288
"2019-01-21 08:42:28",288
"2019-01-21 09:42:29",288
"2019-01-21 10:42:29",288
"2019-01-21 11:42:28",288
"2019-01-21 12:42:28",288
"2019-01-21 13:42:28",288
"2019-01-21 14:42:28",288
"2019-01-21 15:42:27",288
"2019-01-21 16:42:28",288
"2019-01-21 17:42:28",288
"2019-01-21 18:42:28",288
"2019-01-21 19:42:28",288
"2019-01-21 20:42:28",288
"2019-01-21 21:42:28",288
"2019-01-21 22:42:29",288
"2019-01-21 23:42:28",288
"2019-01-22 00:42:28",288
"2019-01-22 01:42:27",288
"2019-01-22 02:42:29",288
"2019-01-22 03:42:28",288
"2019-01-22 04:42:30",288
"2019-01-22 05:42:30",288
"2019-01-22 06:42:28",288
"2019-01-22 07:42:28",288
"2019-01-22 08:42:28",288
"2019-01-22 09:42:28",288
"2019-01-22 10:42:28",288
"2019-01-22 11:42:28",288
"2019-01-22 12:42:28",288
"2019-01-22 13:42:28",288
"2019-01-22 14:42:28",288
"2019-01-22 15:42:28",288
"2019-01-22 16:42:28",288
"2019-01-22 17:42:28",288
"2019-01-22 18:42:28",288
"2019-01-22 19:42:30",287
"2019-01-22 20:42:29",287
"2019-01-22 21:42:30",287
"2019-01-22 22:42:28",287
"2019-01-22 23:42:28",287
"2019-01-23 00:42:29",287
"2019-01-23 01:42:29",287
"2019-01-23 02:42:28",287
"2019-01-23 03:42:29",287
"2019-01-23 04:42:29",287
"2019-01-23 05:42:29",287
"2019-01-23 06:42:30",287
"2019-01-23 07:42:29",287
"2019-01-23 08:42:30",287
"2019-01-23 09:42:30",287
"2019-01-23 10:42:29",287
"2019-01-23 11:42:28",287
"2019-01-23 12:42:28",287
"2019-01-23 13:42:29",287
"2019-01-23 15:06:32",286
"2019-01-23 15:42:28",286
"2019-01-23 16:42:27",286
"2019-01-23 17:42:28",286
"2019-01-23 18:42:28",286
"2019-01-23 19:42:28",286
"2019-01-23 20:42:28",286
"2019-01-23 21:42:28",286
"2019-01-23 22:42:28",286
"2019-01-23 23:42:28",286
"2019-01-30 08:14:28",286
"2019-01-30 08:20:33",286
"2019-01-30 08:45:03",286
"2019-01-30 08:45:04",286
"2019-01-30 09:44:58",286
"2019-01-30 09:45:01",286
"2019-01-30 10:45:01",286
"2019-01-30 10:45:02",286
"2019-01-30 11:44:58",286
"2019-01-30 11:45:07",286
"2019-01-30 12:45:01",286
"2019-01-30 12:45:05",286
"2019-01-30 13:44:59",286
"2019-01-30 13:45:02",286
"2019-01-30 14:45:00",286
"2019-01-30 14:45:03",286
"2019-01-30 15:45:00",287
"2019-01-30 15:45:04",287
"2019-01-30 16:44:59",287
"2019-01-30 16:45:02",287
"2019-01-30 17:45:01",287
"2019-01-30 17:45:04",287
"2019-01-30 18:44:59",287
"2019-01-30 18:45:02",287
"2019-01-30 19:45:03",287
"2019-01-30 19:45:06",287
"2019-01-30 20:43:34",287
"2019-01-30 21:45:01",287
"2019-01-30 21:45:03",287
"2019-01-30 22:44:59",287
"2019-01-30 22:45:02",287
"2019-01-30 23:45:02",288
"2019-01-30 23:45:05",288
"2019-01-31 00:45:04",288
"2019-01-31 00:45:07",288
"2019-01-31 01:44:58",288
"2019-01-31 01:45:02",288
"2019-01-31 02:45:01",288
"2019-01-31 02:45:04",288
"2019-01-31 03:45:01",288
"2019-01-31 03:45:04",288
"2019-01-31 04:44:59",288
"2019-01-31 04:45:02",288
"2019-01-31 05:45:00",288
"2019-01-31 05:45:03",288
"2019-01-31 06:45:02",288
"2019-01-31 06:45:05",288
"2019-01-31 08:11:23",288
"2019-01-31 08:15:58",288
"2019-01-31 08:42:34",288
"2019-01-31 10:06:07",288
"2019-01-31 10:42:34",288
"2019-01-31 11:42:33",288
"2019-01-31 12:42:32",288
"2019-01-31 13:42:34",288
"2019-01-31 15:42:34",288
"2019-01-31 16:42:38",288
"2019-01-31 17:42:35",288
"2019-01-31 18:42:34",287
"2019-01-31 19:42:37",287
"2019-01-31 20:42:35",286
"2019-01-31 21:42:34",286
"2019-01-31 22:42:33",286
"2019-01-31 23:42:33",286
"2019-02-01 00:42:33",286
"2019-02-01 01:42:34",286
"2019-02-01 02:42:36",286
"2019-02-01 03:42:34",286
"2019-02-01 04:42:34",286
"2019-02-01 05:42:33",286
"2019-02-01 06:42:33",286
"2019-02-01 07:42:35",286
"2019-02-01 08:42:34",286
"2019-02-01 09:42:33",286
"2019-02-01 10:42:33",286
"2019-02-01 11:42:34",286
"2019-02-01 12:42:33",286
"2019-02-01 13:42:34",286
"2019-02-01 14:42:35",286
"2019-02-01 15:42:34",287
"2019-02-01 16:42:35",288
"2019-02-01 17:42:34",288
"2019-02-01 18:42:37",287
"2019-02-01 19:42:36",287
"2019-02-01 20:42:33",287
"2019-02-01 21:42:36",287
"2019-02-01 22:42:35",287
"2019-02-02 00:07:37",287
"2019-02-02 00:42:35",287
"2019-02-02 01:42:34",287
"2019-02-02 02:42:34",287
"2019-02-02 03:42:33",287
"2019-02-02 04:42:33",287
"2019-02-02 05:42:33",287
"2019-02-02 06:42:33",287
"2019-02-02 07:42:33",287
"2019-02-02 08:42:33",287
"2019-02-02 09:42:33",287
"2019-02-02 10:42:33",287
"2019-02-02 11:42:33",287
"2019-02-02 12:42:33",287
"2019-02-02 13:42:34",287
"2019-02-02 14:42:35",287
"2019-02-02 15:42:33",287
"2019-02-02 16:42:37",287
"2019-02-02 17:42:35",287
"2019-02-02 18:42:35",287
"2019-02-02 19:42:34",287
"2019-02-02 20:42:35",287
"2019-02-02 21:42:33",287
"2019-02-02 22:42:34",287
"2019-02-02 23:42:34",287
"2019-02-03 00:42:35",287
"2019-02-03 01:42:34",287
"2019-02-03 02:42:35",287
"2019-02-03 03:42:34",287
"2019-02-03 04:42:35",287
"2019-02-03 05:42:32",287
"2019-02-03 06:42:34",287
"2019-02-03 07:42:33",287
"2019-02-03 08:42:33",287
"2019-02-03 09:42:34",287
"2019-02-03 10:42:32",287
"2019-02-03 11:42:34",287
"2019-02-03 12:42:34",287
"2019-02-03 13:42:34",287
"2019-02-03 14:42:36",287
"2019-02-03 15:42:33",287
"2019-02-03 16:42:34",287
"2019-02-03 17:42:35",287
"2019-02-03 18:42:36",287
"2019-02-03 19:42:33",287
"2019-02-03 20:42:34",287
"2019-02-03 21:42:36",287
"2019-02-03 22:42:36",287
"2019-02-03 23:42:36",287
"2019-02-04 00:42:35",287
"2019-02-04 01:42:34",287
"2019-02-04 02:42:35",287
"2019-02-04 03:42:34",287
"2019-02-04 04:42:35",287
"2019-02-04 05:42:33",287
"2019-02-04 06:42:33",287
"2019-02-04 07:42:33",287
"2019-02-04 08:42:34",287
"2019-02-04 09:42:33",287
"2019-02-04 10:42:34",287
"2019-02-04 11:42:34",287
"2019-02-04 12:42:32",287
"2019-02-04 13:42:34",287
"2019-02-04 14:42:35",287
"2019-02-04 15:42:36",286
"2019-02-04 16:42:35",284
"2019-02-04 17:42:34",285
"2019-02-04 18:42:36",285
"2019-02-04 19:42:34",284
"2019-02-04 20:42:36",284
"2019-02-04 21:42:35",284
"2019-02-04 22:42:36",284
"2019-02-04 23:42:36",284
"2019-02-05 00:42:36",284
"2019-02-05 01:42:38",284
"2019-02-05 02:42:36",284
"2019-02-05 03:42:35",284
"2019-02-05 04:42:47",284
"2019-02-05 05:42:36",284
"2019-02-05 06:42:36",284
"2019-02-05 07:42:34",284
"2019-02-05 08:42:36",284
"2019-02-05 09:42:34",284
"2019-02-05 10:42:35",284
"2019-02-05 11:42:34",284
"2019-02-05 12:42:33",284
"2019-02-05 13:42:35",284
"2019-02-05 14:42:36",284
"2019-02-05 15:42:34",284
"2019-02-05 16:42:37",284
"2019-02-05 17:42:35",284
"2019-02-05 18:42:37",284
"2019-02-05 19:42:37",284
"2019-02-05 20:42:35",284
"2019-02-05 21:42:34",284
"2019-02-05 22:42:36",284
"2019-02-05 23:42:39",284
"2019-02-06 00:42:36",284
"2019-02-06 01:42:34",284
"2019-02-06 02:42:35",284
"2019-02-06 03:42:35",284
"2019-02-06 04:42:35",284
"2019-02-06 05:42:35",284
"2019-02-06 06:42:37",284
"2019-02-06 07:42:37",284
"2019-02-06 08:42:31",284
"2019-02-06 09:42:31",284
"2019-02-07 02:42:42",284
"2019-02-07 03:42:35",284
"2019-02-07 04:42:35",284
"2019-02-07 05:42:36",284
"2019-02-07 06:42:34",284
"2019-02-07 07:42:34",284
"2019-02-07 08:42:34",284
"2019-02-07 09:42:34",284
"2019-02-07 10:42:37",284
"2019-02-07 11:42:38",284
"2019-02-07 12:42:37",284
"2019-02-07 13:42:36",284
"2019-02-07 15:06:08",285
"2019-02-07 15:42:38",285
"2019-02-07 16:42:40",285
"2019-02-07 17:42:37",285
"2019-02-07 18:42:40",285
"2019-02-07 19:42:40",285
"2019-02-07 20:42:38",285
"2019-02-07 21:42:38",285
"2019-02-07 22:42:36",285
"2019-02-07 23:42:38",285
"2019-02-08 00:43:08",285
"2019-02-08 01:42:37",285
"2019-02-08 02:42:37",285
"2019-02-08 03:42:41",285
"2019-02-08 04:42:37",285
"2019-02-08 05:42:36",285
"2019-02-08 06:42:35",285
"2019-02-08 07:42:36",285
"2019-02-08 08:42:35",285
"2019-02-08 09:42:37",285
"2019-02-08 10:42:37",285
"2019-02-08 11:42:37",285
"2019-02-08 12:42:38",285
"2019-02-08 13:42:38",285
"2019-02-08 15:07:10",285
"2019-02-08 15:42:35",285
"2019-02-08 16:42:37",285
"2019-02-08 17:42:39",285
"2019-02-08 18:42:41",285
"2019-02-08 19:42:40",285
"2019-02-08 20:42:39",285
"2019-02-08 21:42:39",286
"2019-02-08 22:42:36",286
"2019-02-08 23:42:36",286
"2019-02-09 00:42:38",286
"2019-02-09 01:42:36",286
"2019-02-09 02:42:37",286
"2019-02-09 03:42:36",286
"2019-02-09 04:42:39",286
"2019-02-09 05:42:37",286
"2019-02-09 06:42:37",286
"2019-02-09 07:42:36",286
"2019-02-09 08:42:35",286
"2019-02-09 09:42:37",286
"2019-02-09 10:42:37",286
"2019-02-09 11:42:35",286
"2019-02-09 12:42:38",286
"2019-02-09 13:42:36",286
"2019-02-09 14:42:37",286
"2019-02-09 15:42:39",286
"2019-02-09 16:42:38",286
"2019-02-09 17:42:39",286
"2019-02-09 18:42:37",286
"2019-02-09 19:42:37",286
"2019-02-09 20:42:37",286
"2019-02-09 21:42:39",286
"2019-02-09 22:42:37",286
"2019-02-09 23:42:38",286
"2019-02-10 00:42:36",286
"2019-02-10 01:42:38",286
"2019-02-10 02:42:37",286
"2019-02-10 03:42:36",286
"2019-02-10 04:42:39",286
"2019-02-10 05:42:40",286
"2019-02-10 06:42:39",286
"2019-02-10 07:42:36",286
"2019-02-10 08:42:36",286
"2019-02-10 09:42:36",286
"2019-02-10 10:42:37",286
"2019-02-10 11:42:36",286
"2019-02-10 12:42:37",286
"2019-02-10 13:42:38",286
"2019-02-10 14:42:38",286
"2019-02-10 15:42:40",286
"2019-02-10 16:42:40",286
"2019-02-10 17:42:37",286
"2019-02-10 18:42:37",286
"2019-02-10 19:42:39",286
"2019-02-10 20:42:38",286
"2019-02-10 21:42:37",286
"2019-02-10 22:42:39",286
"2019-02-10 23:42:40",286
"2019-02-11 00:42:39",286
"2019-02-11 01:42:39",286
"2019-02-11 02:42:41",286
"2019-02-11 03:42:39",286
"2019-02-11 04:42:42",286
"2019-02-11 05:42:38",286
"2019-02-11 06:42:39",286
"2019-02-11 07:42:37",286
"2019-02-11 08:42:37",286
"2019-02-11 09:42:37",286
"2019-02-11 10:42:39",286
"2019-02-11 11:42:36",286
"2019-02-11 12:42:37",286
"2019-02-11 13:42:37",286
"2019-02-11 14:42:36",286
"2019-02-11 15:42:36",286
"2019-02-11 16:42:38",286
"2019-02-11 17:42:38",286
"2019-02-11 18:42:38",287
"2019-02-11 19:42:37",286
"2019-02-11 20:42:37",286
"2019-02-11 21:42:36",286
"2019-02-11 22:42:36",286
"2019-02-11 23:42:38",286
"2019-02-12 00:42:36",286
"2019-02-12 01:42:35",286
"2019-02-12 02:42:41",286
"2019-02-12 03:42:36",286
"2019-02-12 04:42:38",286
"2019-02-12 05:42:37",286
"2019-02-12 06:42:37",286
"2019-02-12 07:42:36",286
"2019-02-12 08:42:36",286
"2019-02-12 09:42:37",286
"2019-02-12 10:42:37",286
"2019-02-12 11:42:37",286
"2019-02-12 12:42:36",286
"2019-02-12 13:42:37",286
"2019-02-12 14:42:37",286
"2019-02-12 15:42:39",285
"2019-02-12 16:42:37",285
"2019-02-12 17:42:36",285
"2019-02-12 18:42:37",285
"2019-02-12 19:42:37",285
"2019-02-12 20:42:36",285
"2019-02-12 21:42:38",285
"2019-02-12 22:42:37",285
"2019-02-12 23:42:36",285
"2019-02-13 00:42:38",285
"2019-02-13 01:42:39",285
"2019-02-13 02:42:37",285
"2019-02-13 03:42:37",285
"2019-02-13 04:42:39",285
"2019-02-13 05:42:38",285
"2019-02-13 06:42:37",285
"2019-02-13 07:42:37",285
"2019-02-13 08:42:37",285
"2019-02-13 09:42:36",285
"2019-02-13 10:42:38",285
"2019-02-13 11:42:36",285
"2019-02-13 12:42:38",285
"2019-02-13 13:42:36",285
"2019-02-13 14:42:36",285
"2019-02-13 15:42:37",283
"2019-02-13 16:42:36",282
"2019-02-13 17:42:39",282
"2019-02-13 18:42:36",283
"2019-02-13 19:42:36",283
"2019-02-13 20:42:36",283
"2019-02-13 21:42:36",283
"2019-02-13 22:42:38",283
"2019-02-13 23:42:38",283
"2019-02-14 00:42:37",283
"2019-02-14 01:42:38",283
"2019-02-14 02:42:38",283
"2019-02-14 03:42:39",283
"2019-02-14 04:42:36",283
"2019-02-14 05:42:40",283
"2019-02-14 06:42:36",283
"2019-02-14 07:42:36",283
"2019-02-14 08:42:35",283
"2019-02-14 09:42:36",283
"2019-02-14 10:42:37",283
"2019-02-14 11:42:37",283
"2019-02-14 12:42:37",283
"2019-02-14 13:42:38",283
"2019-02-14 14:42:37",283
"2019-02-14 15:42:39",283
"2019-02-14 16:42:35",283
"2019-02-14 17:42:37",283
"2019-02-14 18:42:37",283
"2019-02-14 19:42:37",283
"2019-02-14 20:42:39",283
"2019-02-14 21:42:37",283
"2019-02-14 22:42:38",283
"2019-02-15 00:42:39",283
"2019-02-15 01:42:38",283
"2019-02-15 02:42:40",283
"2019-02-15 03:42:42",283
"2019-02-15 04:42:42",283
"2019-02-15 05:42:37",283
"2019-02-15 06:42:36",283
"2019-02-15 07:42:38",283
"2019-02-15 08:42:37",283
"2019-02-15 09:42:38",283
"2019-02-15 10:42:38",283
"2019-02-15 11:42:38",283
"2019-02-15 12:42:36",283
"2019-02-15 14:07:40",283
"2019-02-15 14:42:40",283
"2019-02-15 15:42:46",283
"2019-02-15 16:42:41",284
"2019-02-15 17:42:37",284
"2019-02-15 18:42:41",284
"2019-02-15 19:42:39",284
"2019-02-15 20:42:38",285
"2019-02-15 21:42:39",286
"2019-02-15 22:42:39",286
"2019-02-15 23:42:39",286
"2019-02-16 00:42:40",286
"2019-02-16 01:42:45",286
"2019-02-16 02:42:43",286
"2019-02-16 03:42:42",286
"2019-02-16 04:42:38",286
"2019-02-16 05:42:40",286
"2019-02-16 06:42:37",286
"2019-02-16 07:42:37",286
"2019-02-16 08:42:37",286
"2019-02-16 09:42:40",286
"2019-02-16 10:42:39",286
"2019-02-16 11:42:37",286
"2019-02-16 12:42:38",286
"2019-02-16 13:42:41",286
"2019-02-16 14:42:38",286
"2019-02-16 15:42:43",286
"2019-02-16 16:42:37",286
"2019-02-16 17:42:37",286
"2019-02-16 18:42:38",286
"2019-02-16 19:42:37",286
"2019-02-16 20:42:39",286
"2019-02-16 21:42:38",286
"2019-02-16 22:42:38",286
"2019-02-16 23:42:37",286
"2019-02-17 00:42:38",286
"2019-02-17 01:42:38",286
"2019-02-17 02:42:35",286
"2019-02-17 03:42:39",286
"2019-02-17 04:42:36",286
"2019-02-17 05:42:38",286
"2019-02-17 06:42:37",286
"2019-02-17 07:42:38",286
"2019-02-17 08:42:37",286
"2019-02-17 09:42:35",286
"2019-02-17 10:42:37",286
"2019-02-17 11:42:38",286
"2019-02-17 12:42:35",286
"2019-02-17 13:42:38",286
"2019-02-17 14:42:36",286
"2019-02-17 15:42:39",286
"2019-02-17 16:42:38",286
"2019-02-17 17:42:38",286
"2019-02-17 18:42:38",286
"2019-02-17 19:42:38",286
"2019-02-17 20:42:39",286
"2019-02-17 21:42:36",286
"2019-02-17 22:42:37",286
"2019-02-17 23:42:38",286
"2019-02-18 00:42:37",286
"2019-02-18 01:42:38",286
"2019-02-18 02:42:40",286
"2019-02-18 03:42:40",286
"2019-02-18 04:42:36",286
"2019-02-18 05:42:38",286
"2019-02-18 06:42:36",286
"2019-02-18 07:42:37",286
"2019-02-18 08:42:37",286
"2019-02-18 09:42:39",286
"2019-02-18 10:42:36",286
"2019-02-18 11:42:36",286
"2019-02-18 12:42:37",286
"2019-02-18 13:42:41",286
"2019-02-18 14:42:36",286
"2019-02-18 15:42:39",286
"2019-02-18 16:42:38",286
"2019-02-18 17:42:39",286
"2019-02-18 18:42:38",286
"2019-02-18 19:42:38",286
"2019-02-18 20:42:38",286
"2019-02-18 21:42:37",286
"2019-02-18 22:42:36",286
"2019-02-18 23:42:37",286
"2019-02-19 00:42:37",286
"2019-02-19 01:42:40",286
"2019-02-19 02:42:38",286
"2019-02-19 03:42:38",286
"2019-02-19 04:42:38",286
"2019-02-19 05:42:37",286
"2019-02-19 06:42:37",286
"2019-02-19 07:42:37",286
"2019-02-19 08:42:37",286
"2019-02-19 09:42:36",286
"2019-02-19 10:42:35",286
"2019-02-19 11:42:33",286
"2019-02-19 12:42:34",286
"2019-02-19 14:07:09",286
"2019-02-19 14:42:38",286
"2019-02-19 15:42:39",286
"2019-02-19 16:42:38",287
"2019-02-19 17:42:39",286
"2019-02-19 18:42:42",286
"2019-02-19 19:42:39",286
"2019-02-19 20:42:41",286
"2019-02-19 21:42:40",286
"2019-02-19 22:42:39",286
"2019-02-19 23:42:39",286
"2019-02-20 00:42:45",286
"2019-02-20 01:42:40",286
"2019-02-20 02:42:40",286
"2019-02-20 03:42:45",286
"2019-02-20 04:42:41",286
"2019-02-20 05:42:39",286
"2019-02-20 06:42:39",286
"2019-02-20 07:42:37",286
"2019-02-20 08:42:39",286
"2019-02-20 09:42:39",286
"2019-02-20 10:42:38",286
"2019-02-20 11:42:40",286
"2019-02-20 12:42:38",286
"2019-02-20 13:42:38",286
"2019-02-20 14:42:41",286
"2019-02-20 15:42:41",286
"2019-02-20 16:42:39",286
"2019-02-20 17:42:40",285
"2019-02-20 18:42:40",285
"2019-02-20 19:42:40",285
"2019-02-20 20:42:40",285
"2019-02-20 21:42:41",286
"2019-02-20 22:42:41",286
"2019-02-20 23:42:38",286
"2019-02-21 00:42:40",286
"2019-02-21 01:42:41",286
"2019-02-21 02:42:42",286
"2019-02-21 03:42:40",286
"2019-02-21 04:42:38",286
"2019-02-21 05:42:40",286
"2019-02-21 06:42:38",286
"2019-02-21 07:42:38",286
"2019-02-21 08:42:37",286
"2019-02-21 09:42:38",286
"2019-02-21 10:42:38",286
"2019-02-21 11:42:39",286
"2019-02-21 12:42:36",286
"2019-02-21 13:42:39",286
"2019-02-21 14:42:40",286
"2019-02-21 15:42:43",283
"2019-02-21 17:06:41",284
"2019-02-21 17:42:38",284
"2019-02-21 18:42:37",284
"2019-02-21 19:42:38",284
"2019-02-21 20:42:42",283
"2019-02-21 21:42:37",283
"2019-02-21 22:42:38",283
"2019-02-21 23:42:38",283
"2019-02-22 00:42:39",283
"2019-02-22 01:42:42",283
"2019-02-22 02:42:39",283
"2019-02-22 03:42:41",283
"2019-02-22 04:42:39",283
"2019-02-22 05:42:38",283
"2019-02-22 06:42:38",283
"2019-02-22 07:42:42",283
"2019-02-22 08:42:41",283
"2019-02-22 09:42:39",283
"2019-02-22 10:42:38",283
"2019-02-22 11:42:39",283
"2019-02-22 12:42:39",283
"2019-02-22 13:42:37",283
"2019-02-22 14:42:40",283
"2019-02-22 15:42:41",283
"2019-02-22 16:42:39",284
"2019-02-22 17:42:38",284
"2019-02-22 18:42:39",284
"2019-02-22 19:42:38",284
"2019-02-22 20:42:37",284
"2019-02-22 21:42:41",284
"2019-02-22 22:42:38",284
"2019-02-22 23:42:41",284
"2019-02-23 00:42:37",284
"2019-02-23 01:42:40",284
"2019-02-23 02:42:42",284
"2019-02-23 03:42:43",284
"2019-02-23 04:42:39",284
"2019-02-23 05:42:41",284
"2019-02-23 06:42:37",284
"2019-02-23 07:42:38",284
"2019-02-23 08:42:39",284
"2019-02-23 09:42:38",284
"2019-02-23 10:42:39",284
"2019-02-23 11:42:40",284
"2019-02-23 12:42:38",284
"2019-02-23 13:42:37",284
"2019-02-23 14:42:39",284
"2019-02-23 15:42:39",284
"2019-02-23 16:42:38",284
"2019-02-23 17:42:38",284
"2019-02-23 18:42:39",284
"2019-02-23 19:42:38",284
"2019-02-23 20:42:39",284
"2019-02-23 21:42:41",284
"2019-02-23 22:42:38",284
"2019-02-23 23:42:39",284
"2019-02-24 00:42:40",284
"2019-02-24 01:42:39",284
"2019-02-24 02:42:40",284
"2019-02-24 03:42:39",284
"2019-02-24 04:42:39",284
"2019-02-24 05:42:40",284
"2019-02-24 06:42:39",284
"2019-02-24 07:42:40",284
"2019-02-24 08:42:38",284
"2019-02-24 09:42:39",284
"2019-02-24 10:42:37",284
"2019-02-24 11:42:38",284
"2019-02-24 12:42:37",284
"2019-02-24 13:42:37",284
"2019-02-24 14:42:38",284
"2019-02-24 15:42:40",284
"2019-02-24 16:42:39",284
"2019-02-24 17:42:40",284
"2019-02-24 18:42:41",284
"2019-02-24 19:42:40",284
"2019-02-24 20:42:38",284
"2019-02-24 21:42:38",284
"2019-02-24 22:42:39",284
"2019-02-24 23:42:38",284
"2019-02-25 00:42:40",284
"2019-02-25 01:42:38",284
"2019-02-25 02:42:38",284
"2019-02-25 03:42:40",284
"2019-02-25 04:42:39",284
"2019-02-25 05:42:38",284
"2019-02-25 06:42:37",284
"2019-02-25 07:42:39",284
"2019-02-25 08:42:38",284
"2019-02-25 09:42:39",284
"2019-02-25 10:42:38",284
"2019-02-25 11:42:40",284
"2019-02-25 12:42:38",284
"2019-02-25 14:07:42",284
"2019-02-25 14:42:40",284
"2019-02-25 15:42:40",283
"2019-02-25 16:42:39",283
"2019-02-25 17:42:41",283
"2019-02-25 18:42:42",282
"2019-02-25 19:42:38",283
"2019-02-25 20:42:39",283
"2019-02-25 21:42:40",284
"2019-02-25 22:42:38",284
"2019-02-25 23:42:40",284
"2019-02-26 00:42:40",284
"2019-02-26 01:42:39",284
"2019-02-26 02:42:41",284
"2019-02-26 03:42:42",284
"2019-02-26 04:42:42",284
"2019-02-26 05:42:38",284
"2019-02-26 06:42:42",284
"2019-02-26 07:42:41",284
"2019-02-26 08:42:39",284
"2019-02-26 09:42:40",284
"2019-02-26 10:42:37",284
"2019-02-26 11:42:40",284
"2019-02-26 12:42:38",284
"2019-02-26 13:42:38",284
"2019-02-26 14:42:40",284
"2019-02-26 15:42:43",284
"2019-02-26 16:42:40",283
"2019-02-26 17:42:40",283
"2019-02-26 18:42:38",284
"2019-02-26 19:42:44",285
"2019-02-26 20:42:41",285
"2019-02-26 21:42:39",285
"2019-02-26 22:42:42",285
"2019-02-26 23:42:41",285
"2019-02-27 00:42:43",285
"2019-02-27 01:42:43",285
"2019-02-27 03:43:01",285
"2019-02-27 04:42:43",285
"2019-02-27 05:42:41",285
"2019-02-27 06:42:43",285
"2019-02-27 07:42:41",285
"2019-02-27 08:42:40",285
"2019-02-27 09:42:37",285
"2019-02-27 10:42:38",285
"2019-02-27 11:42:42",285
"2019-02-27 12:42:44",285
"2019-02-27 13:42:39",285
"2019-02-27 14:42:41",285
"2019-02-27 15:42:44",283
"2019-02-27 16:42:38",284
"2019-02-27 17:42:39",284
"2019-02-27 18:42:43",287
"2019-02-27 19:42:42",287
"2019-02-27 20:42:40",287
"2019-02-27 21:42:40",287
"2019-02-27 22:42:42",287
"2019-02-27 23:42:39",287
"2019-02-28 00:42:40",287
"2019-02-28 01:42:38",287
"2019-02-28 02:42:40",287
"2019-02-28 04:42:40",287
"2019-02-28 05:42:39",287
"2019-02-28 06:42:37",287
"2019-02-28 07:42:39",287
"2019-02-28 08:42:39",287
"2019-02-28 09:42:37",287
"2019-02-28 10:42:39",287
"2019-02-28 11:42:39",287
"2019-02-28 12:42:39",287
"2019-02-28 13:42:40",287
"2019-02-28 15:06:46",287
"2019-02-28 15:42:37",287
"2019-02-28 16:42:42",287
"2019-02-28 17:42:41",287
"2019-02-28 18:42:43",286
"2019-02-28 19:42:42",285
"2019-02-28 20:42:40",285
"2019-02-28 21:42:39",285
"2019-02-28 22:42:41",285
"2019-02-28 23:42:40",285
"2019-03-01 00:42:40",285
"2019-03-01 01:42:41",285
"2019-03-01 02:42:42",285
"2019-03-01 03:42:44",285
"2019-03-01 04:42:42",285
"2019-03-01 05:42:42",285
"2019-03-01 06:42:40",285
"2019-03-01 07:42:42",285
"2019-03-01 08:42:40",285
"2019-03-01 09:42:38",285
"2019-03-01 10:42:41",285
"2019-03-01 11:42:40",285
"2019-03-01 12:42:38",285
"2019-03-01 13:42:46",285
"2019-03-01 14:42:44",285
"2019-03-01 15:42:41",285
"2019-03-01 16:42:41",284
"2019-03-01 17:42:40",284
"2019-03-01 18:42:43",284
"2019-03-01 19:42:42",284
"2019-03-01 20:42:45",286
"2019-03-01 21:42:44",285
"2019-03-01 22:42:44",285
"2019-03-01 23:42:43",285
"2019-03-02 07:42:41",285
"2019-03-02 08:42:42",285
"2019-03-02 09:42:39",285
"2019-03-02 10:42:40",285
"2019-03-02 11:42:42",285
"2019-03-02 15:42:45",285
"2019-03-02 16:42:42",285
"2019-03-02 17:42:41",285
"2019-03-04 02:42:43",285
"2019-03-04 07:42:43",285
"2019-03-04 10:42:38",285
"2019-03-04 11:42:40",285
"2019-03-04 12:42:38",285
"2019-03-04 13:42:37",285
"2019-03-04 14:42:42",285
"2019-03-04 15:42:38",284
"2019-03-04 16:42:41",283
"2019-03-04 17:42:42",284
"2019-03-04 18:42:39",284
"2019-03-04 19:42:42",284
"2019-03-04 20:42:41",286
"2019-03-04 21:42:41",287
"2019-03-04 22:42:42",288
"2019-03-04 23:42:40",288
"2019-03-05 00:42:43",288
"2019-03-05 01:42:41",288
"2019-03-05 02:42:44",288
"2019-03-05 03:42:44",288
"2019-03-05 04:42:41",288
"2019-03-05 05:42:40",288
"2019-03-05 06:42:39",288
"2019-03-05 07:42:39",288
"2019-03-05 08:42:39",288
"2019-03-05 09:42:41",288
"2019-03-05 10:42:39",288
"2019-03-05 11:42:37",288
"2019-03-05 12:42:40",288
"2019-03-05 14:07:48",288
"2019-03-05 14:42:41",288
"2019-03-05 15:42:43",286
"2019-03-05 16:42:42",286
"2019-03-05 17:42:43",286
"2019-03-05 18:42:42",287
"2019-03-05 19:42:41",287
"2019-03-05 20:42:43",285
"2019-03-05 21:42:41",285
"2019-03-05 22:42:44",285
"2019-03-05 23:42:44",285
"2019-03-06 00:42:43",285
"2019-03-06 01:42:43",285
"2019-03-06 02:42:42",285
"2019-03-06 03:42:43",285
"2019-03-06 04:42:44",285
"2019-03-06 05:42:44",285
"2019-03-06 06:42:46",285
"2019-03-06 07:42:42",285
"2019-03-06 08:42:40",285
"2019-03-06 09:42:40",285
"2019-03-06 10:42:42",285
"2019-03-06 11:43:24",285
"2019-03-06 12:42:55",285
"2019-03-06 14:07:29",285
"2019-03-06 14:43:09",285
"2019-03-06 15:43:01",285
"2019-03-06 16:42:39",284
"2019-03-06 17:42:46",284
"2019-03-06 18:42:44",284
"2019-03-06 19:42:42",284
"2019-03-06 20:42:42",283
"2019-03-06 21:42:42",283
"2019-03-06 22:42:41",283
"2019-03-06 23:42:42",283
"2019-03-07 00:42:41",283
"2019-03-07 01:42:43",283
"2019-03-07 02:42:43",283
"2019-03-07 04:42:46",283
"2019-03-07 05:42:43",283
"2019-03-07 06:42:41",283
"2019-03-07 07:42:41",283
"2019-03-07 08:42:42",283
"2019-03-07 09:42:41",283
"2019-03-07 10:42:41",283
"2019-03-07 11:42:41",283
"2019-03-07 12:42:40",283
"2019-03-07 13:42:42",283
"2019-03-07 14:42:44",283
"2019-03-07 15:42:40",282
"2019-03-07 16:42:42",281
"2019-03-07 17:42:44",281
"2019-03-07 18:42:43",281
"2019-03-07 20:07:15",281
"2019-03-07 20:42:42",281
"2019-03-07 21:42:43",281
"2019-03-07 22:42:46",281
"2019-03-07 23:42:40",281
"2019-03-08 00:42:41",281
"2019-03-08 01:42:43",281
"2019-03-08 02:42:41",281
"2019-03-08 04:42:41",281
"2019-03-08 05:42:40",281
"2019-03-08 06:42:40",281
"2019-03-08 07:42:42",281
"2019-03-08 08:42:41",281
"2019-03-08 09:42:40",281
"2019-03-08 10:42:40",281
"2019-03-08 11:42:41",281
"2019-03-08 12:42:39",281
"2019-03-08 14:07:46",281
"2019-03-08 14:42:40",281
"2019-03-08 15:42:44",282
"2019-03-08 16:42:41",282
"2019-03-08 17:42:41",282
"2019-03-08 18:42:43",281
"2019-03-08 19:42:44",281
"2019-03-08 20:42:39",281
"2019-03-08 21:42:47",281
"2019-03-08 22:42:39",281
"2019-03-08 23:42:44",281
"2019-03-09 00:42:48",281
"2019-03-09 01:42:44",281
"2019-03-09 02:42:41",281
"2019-03-09 03:42:44",281
"2019-03-09 04:42:43",281
"2019-03-09 05:42:42",281
"2019-03-09 06:42:41",281
"2019-03-09 07:42:40",281
"2019-03-09 08:42:39",281
"2019-03-09 09:42:38",281
"2019-03-09 10:42:41",281
"2019-03-09 11:42:40",281
"2019-03-09 12:42:40",281
"2019-03-09 13:42:39",281
"2019-03-09 14:42:41",281
"2019-03-09 15:42:43",281
"2019-03-09 16:42:41",281
"2019-03-09 17:42:42",281
"2019-03-09 18:42:42",281
"2019-03-09 19:42:41",281
"2019-03-09 20:42:41",281
"2019-03-09 21:42:40",281
"2019-03-09 22:42:42",281
"2019-03-09 23:42:41",281
"2019-03-10 00:42:41",281
"2019-03-10 01:42:42",281
"2019-03-10 02:42:44",281
"2019-03-10 03:42:42",281
"2019-03-10 04:42:41",281
"2019-03-10 05:42:41",281
"2019-03-10 06:42:42",281
"2019-03-10 07:42:40",281
"2019-03-10 08:42:39",281
"2019-03-10 09:42:40",281
"2019-03-10 10:42:39",281
"2019-03-10 11:42:40",281
"2019-03-10 12:42:41",281
"2019-03-10 13:42:39",281
"2019-03-10 14:42:40",281
"2019-03-10 15:42:43",281
"2019-03-10 16:42:41",281
"2019-03-10 17:42:45",281
"2019-03-10 18:42:45",281
"2019-03-10 19:42:41",281
"2019-03-10 20:42:41",281
"2019-03-10 21:42:40",281
"2019-03-10 22:42:39",281
"2019-03-10 23:42:42",281
"2019-03-11 00:42:42",281
"2019-03-11 01:42:43",281
"2019-03-11 02:42:41",281
"2019-03-11 03:42:40",281
"2019-03-11 04:42:42",281
"2019-03-11 05:42:41",281
"2019-03-11 06:42:40",281
"2019-03-11 07:42:40",281
"2019-03-11 08:42:38",281
"2019-03-11 09:42:41",281
"2019-03-11 10:42:42",281
"2019-03-11 11:42:39",281
"2019-03-11 12:42:44",281
"2019-03-11 13:42:43",281
"2019-03-11 14:42:43",281
"2019-03-11 15:42:41",279
"2019-03-11 16:42:41",280
"2019-03-11 17:42:41",280
"2019-03-11 18:42:42",279
"2019-03-11 19:42:41",279
"2019-03-11 20:42:41",279
"2019-03-11 21:42:44",279
"2019-03-11 22:42:41",280
"2019-03-11 23:42:43",280
"2019-03-12 00:42:45",280
"2019-03-12 01:42:40",280
"2019-03-12 02:42:41",280
"2019-03-12 03:42:43",280
"2019-03-12 04:42:42",280
"2019-03-12 05:42:41",280
"2019-03-12 06:42:43",280
"2019-03-12 07:42:39",280
"2019-03-12 08:42:41",280
"2019-03-12 09:42:40",280
"2019-03-12 10:42:44",280
"2019-03-12 11:42:41",280
"2019-03-12 12:42:41",280
"2019-03-12 13:42:42",280
"2019-03-12 14:42:39",280
"2019-03-12 15:42:41",281
"2019-03-12 16:42:41",282
"2019-03-12 17:42:40",282
"2019-03-12 18:42:41",282
"2019-03-12 19:42:40",282
"2019-03-12 20:42:42",282
"2019-03-12 21:42:41",282
"2019-03-12 22:42:41",282
"2019-03-12 23:42:43",282
"2019-03-13 00:42:42",282
"2019-03-13 01:42:42",282
"2019-03-13 02:42:41",282
"2019-03-13 03:42:43",282
"2019-03-13 04:42:42",282
"2019-03-13 05:42:41",282
"2019-03-13 06:42:40",282
"2019-03-13 07:42:44",282
"2019-03-13 08:42:40",282
"2019-03-13 09:42:40",282
"2019-03-13 10:42:39",282
"2019-03-13 11:42:39",282
"2019-03-13 13:06:43",282
"2019-03-13 13:42:40",282
"2019-03-13 14:42:40",281
"2019-03-13 15:42:41",279
"2019-03-13 16:42:41",279
"2019-03-13 17:42:43",278
"2019-03-13 18:42:39",279
"2019-03-13 19:42:41",280
"2019-03-13 20:42:40",283
"2019-03-13 21:42:42",283
"2019-03-13 22:42:39",284
"2019-03-13 23:42:42",284
"2019-03-14 00:42:39",284
"2019-03-14 01:42:43",284
"2019-03-14 02:42:42",284
"2019-03-14 03:42:40",284
"2019-03-14 04:42:41",284
"2019-03-14 05:42:40",284
"2019-03-14 06:42:41",284
"2019-03-14 07:42:40",284
"2019-03-14 08:42:39",284
"2019-03-14 09:42:38",284
"2019-03-14 10:42:42",284
"2019-03-14 11:42:41",284
"2019-03-14 13:07:14",284
"2019-03-14 13:42:40",284
"2019-03-14 14:42:41",284
"2019-03-14 15:42:41",284
"2019-03-14 16:42:41",291
"2019-03-14 17:42:42",294
"2019-03-14 18:42:40",293
"2019-03-14 19:42:45",293
"2019-03-14 20:42:41",292
"2019-03-14 21:42:42",292
"2019-03-14 22:42:45",292
"2019-03-14 23:42:44",299
"2019-03-15 00:42:42",299
"2019-03-15 01:42:42",299
"2019-03-15 02:42:44",299
"2019-03-15 03:42:42",299
"2019-03-15 04:42:41",299
"2019-03-15 05:42:40",299
"2019-03-15 06:42:38",299
"2019-03-15 07:42:41",299
"2019-03-15 08:42:43",299
"2019-03-15 09:42:42",299
"2019-03-15 10:42:44",299
"2019-03-15 11:42:43",299
"2019-03-15 12:42:42",299
"2019-03-15 13:42:42",312
"2019-03-15 14:42:42",1714
"2019-03-15 15:42:46",1742
"2019-03-15 16:42:44",1823
"2019-03-15 17:42:46",1924
"2019-03-15 18:42:43",2007
"2019-03-15 19:42:42",2043
"2019-03-15 20:42:43",2043
"2019-03-15 21:42:41",1895
"2019-03-15 22:42:40",1895
"2019-03-15 23:42:45",1895
"2019-03-16 00:42:42",1895
"2019-03-16 01:42:40",1895
"2019-03-16 02:42:43",1895
"2019-03-16 03:42:43",1895
"2019-03-16 04:42:44",1895
"2019-03-16 05:42:44",1895
"2019-03-16 06:42:43",1895
"2019-03-16 07:42:42",1895
"2019-03-16 08:42:45",1895
"2019-03-16 09:42:42",1895
"2019-03-16 10:42:41",1895
"2019-03-16 11:42:42",1895
"2019-03-16 12:42:41",1895
"2019-03-16 13:42:42",1895
"2019-03-16 14:42:41",1895
"2019-03-16 15:42:43",1895
"2019-03-16 16:42:41",1895
"2019-03-16 17:42:42",1895
"2019-03-16 18:42:41",1895
"2019-03-16 19:42:41",1895
"2019-03-16 20:42:44",1895
"2019-03-16 21:42:44",1895
"2019-03-16 22:42:44",1895
"2019-03-16 23:42:42",1895
"2019-03-17 00:42:44",1895
"2019-03-17 01:42:42",1895
"2019-03-17 02:42:46",1895
"2019-03-17 03:42:43",1895
"2019-03-17 04:42:43",1895
"2019-03-17 05:42:44",1895
"2019-03-17 06:42:42",1895
"2019-03-17 07:42:41",1895
"2019-03-17 08:42:40",1895
"2019-03-17 09:42:43",1895
"2019-03-17 10:42:40",1895
"2019-03-17 11:42:41",1895
"2019-03-17 12:42:41",1895
"2019-03-17 13:42:41",1895
"2019-03-17 14:42:40",1895
"2019-03-17 15:42:40",1895
"2019-03-17 16:42:39",1895
"2019-03-17 17:42:39",1895
"2019-03-17 18:42:41",1895
"2019-03-17 19:42:41",1895
"2019-03-17 20:42:40",1895
"2019-03-17 21:42:39",1895
"2019-03-17 22:42:39",1895
"2019-03-17 23:42:41",1895
"2019-03-18 00:42:40",1895
"2019-03-18 01:42:40",1895
"2019-03-18 02:42:42",1895
"2019-03-18 03:42:42",1895
"2019-03-18 04:42:41",1895
"2019-03-18 05:42:40",1895
"2019-03-18 06:42:40",1895
"2019-03-18 07:42:42",1895
"2019-03-18 08:42:40",1895
"2019-03-18 09:42:42",1895
"2019-03-18 10:42:41",1895
"2019-03-18 11:42:39",1895
"2019-03-18 12:42:42",1895
"2019-03-18 13:42:44",1910
"2019-03-18 14:42:43",1586
"2019-03-18 15:42:48",1499
"2019-03-18 16:42:41",1532
"2019-03-18 17:42:45",1506
"2019-03-18 18:42:45",1479
"2019-03-18 19:42:45",1452
"2019-03-18 20:42:42",1448
"2019-03-18 21:42:44",1442
"2019-03-18 22:42:46",1436
"2019-03-18 23:42:44",1436
"2019-03-19 00:42:48",1436
"2019-03-19 01:42:45",1436
"2019-03-19 02:42:46",1436
"2019-03-19 03:42:42",1436
"2019-03-19 04:42:43",1436
"2019-03-19 05:42:40",1436
"2019-03-19 06:42:46",1436
"2019-03-19 07:42:44",1436
"2019-03-19 08:42:41",1436
"2019-03-19 09:42:42",1436
"2019-03-19 10:42:42",1436
"2019-03-19 11:42:42",1436
"2019-03-19 12:42:44",1436
"2019-03-19 13:42:42",1434
"2019-03-19 14:42:43",1322
"2019-03-19 15:42:45",1271
"2019-03-19 16:42:43",1222
"2019-03-19 17:42:45",1211
"2019-03-19 18:42:44",1192
"2019-03-19 19:42:46",1179
"2019-03-19 20:42:45",1177
"2019-03-19 21:42:50",1178
"2019-03-19 22:42:47",1172
"2019-03-19 23:42:45",1172
"2019-03-20 00:42:47",1172
"2019-03-20 01:42:46",1172
"2019-03-20 02:42:47",1172
"2019-03-20 03:42:48",1172
"2019-03-20 04:42:46",1172
"2019-03-20 05:42:44",1172
"2019-03-20 06:42:49",1172
"2019-03-20 07:42:49",1172
"2019-03-20 08:42:47",1172
"2019-03-20 09:42:45",1172
"2019-03-20 10:42:47",1172
"2019-03-20 11:42:45",1172
"2019-03-20 13:06:53",1172
"2019-03-20 13:42:45",1172
"2019-03-20 14:42:46",1143
"2019-03-20 15:42:50",1116
"2019-03-20 16:42:45",1106
"2019-03-20 17:42:45",1102
"2019-03-20 18:42:44",1096
"2019-03-20 19:42:43",1082
"2019-03-20 20:42:42",1070
"2019-03-20 21:42:41",1066
"2019-03-20 22:42:42",1063
"2019-03-20 23:42:41",1063
"2019-03-21 00:42:42",1063
"2019-03-21 01:42:41",1063
"2019-03-21 02:42:44",1063
"2019-03-21 03:42:44",1063
"2019-03-21 04:42:42",1063
"2019-03-21 05:42:45",1063
"2019-03-21 06:42:41",1063
"2019-03-21 07:42:41",1063
"2019-03-21 08:42:39",1063
"2019-03-21 09:42:41",1063
"2019-03-21 10:42:43",1063
"2019-03-21 11:42:41",1063
"2019-03-21 13:07:43",1061
"2019-03-21 13:42:40",1061
"2019-03-21 14:42:40",1108
"2019-03-21 15:42:41",1167
"2019-03-21 16:42:39",1168
"2019-03-21 17:42:40",1160
"2019-03-21 18:42:42",1152
"2019-03-21 19:42:41",1149
"2019-03-21 20:42:37",1140
"2019-03-21 21:42:38",1142
"2019-03-21 22:42:38",1142
"2019-03-21 23:42:39",1142
"2019-03-22 00:42:39",1142
"2019-03-22 01:42:38",1142
"2019-03-22 02:42:45",1142
"2019-03-22 03:42:40",1142
"2019-03-22 04:42:38",1142
"2019-03-22 05:42:39",1142
"2019-03-22 06:42:37",1142
"2019-03-22 07:42:37",1142
"2019-03-22 08:42:48",1142
"2019-03-22 09:42:39",1142
"2019-03-22 10:42:38",1142
"2019-03-22 11:42:37",1142
"2019-03-22 12:42:44",1142
"2019-03-22 13:42:38",1142
"2019-03-22 14:42:37",1104
"2019-03-22 15:42:38",1080
"2019-03-22 16:42:40",1059
"2019-03-22 17:42:41",1056
"2019-03-22 18:42:39",1053
"2019-03-22 19:42:38",1053
"2019-03-22 20:42:39",1057
"2019-03-22 21:42:37",1058
"2019-03-22 22:42:38",1057
"2019-03-22 23:42:37",1057
"2019-03-23 00:42:39",1057
"2019-03-23 01:42:47",1057
"2019-03-23 02:42:40",1057
"2019-03-23 03:42:39",1057
"2019-03-23 04:42:38",1057
"2019-03-23 05:42:39",1057
"2019-03-23 06:42:39",1057
"2019-03-23 07:42:44",1057
"2019-03-23 08:42:39",1057
"2019-03-23 09:42:40",1057
"2019-03-23 10:42:38",1057
"2019-03-23 11:42:39",1057
"2019-03-23 12:42:38",1057
"2019-03-23 13:42:42",1057
"2019-03-23 14:42:40",1057
"2019-03-23 15:42:40",1057
"2019-03-23 16:42:38",1057
"2019-03-23 17:42:39",1057
"2019-03-23 18:42:39",1057
"2019-03-23 19:42:43",1057
"2019-03-23 20:42:40",1057
"2019-03-23 21:42:40",1057
"2019-03-23 22:42:39",1057
"2019-03-23 23:42:39",1057
"2019-03-24 00:42:39",1057
"2019-03-24 01:42:41",1057
"2019-03-24 02:42:40",1057
"2019-03-24 03:42:42",1057
"2019-03-24 04:42:46",1057
"2019-03-24 05:42:40",1057
"2019-03-24 06:42:41",1057
"2019-03-24 07:42:41",1057
"2019-03-24 08:42:40",1057
"2019-03-24 09:42:46",1057
"2019-03-24 10:42:43",1057
"2019-03-24 11:42:38",1057
"2019-03-24 12:42:39",1057
"2019-03-24 13:42:43",1057
"2019-03-24 14:42:39",1057
"2019-03-24 15:42:40",1057
"2019-03-24 16:42:39",1057
"2019-03-24 17:42:40",1057
"2019-03-24 18:42:40",1057
"2019-03-24 19:42:40",1057
"2019-03-24 20:42:41",1057
"2019-03-24 21:42:46",1057
"2019-03-24 22:42:41",1057
"2019-03-24 23:42:40",1057
"2019-03-25 00:42:40",1057
"2019-03-25 01:42:41",1057
"2019-03-25 02:42:42",1057
"2019-03-25 03:42:48",1057
"2019-03-25 04:42:39",1057
"2019-03-25 05:42:40",1057
"2019-03-25 06:42:39",1057
"2019-03-25 07:42:39",1057
"2019-03-25 08:42:41",1057
"2019-03-25 09:42:39",1057
"2019-03-25 10:42:40",1057
"2019-03-25 11:42:48",1057
"2019-03-25 13:06:45",1056
"2019-03-25 13:42:45",1056
"2019-03-25 14:42:41",1014
"2019-03-25 15:42:41",995
"2019-03-25 16:42:41",983
"2019-03-25 17:42:42",977
"2019-03-25 18:42:43",977
"2019-03-25 19:42:45",970
"2019-03-25 20:42:41",967
"2019-03-25 21:42:40",966
"2019-03-25 22:42:50",966
"2019-03-25 23:42:48",966
"2019-03-26 00:42:44",966
"2019-03-26 01:42:43",966
"2019-03-26 02:42:40",966
"2019-03-26 03:42:43",966
"2019-03-26 04:42:41",966
"2019-03-26 05:42:42",966
"2019-03-26 06:42:41",966
"2019-03-26 07:42:40",966
"2019-03-26 08:42:39",966
"2019-03-26 09:42:40",966
"2019-03-26 10:42:43",966
"2019-03-26 11:42:40",966
"2019-03-26 12:42:42",966
"2019-03-26 13:42:48",966
"2019-03-26 14:42:39",955
"2019-03-26 15:42:49",948
"2019-03-26 16:42:46",945
"2019-03-26 17:42:41",941
"2019-03-26 18:42:45",942
"2019-03-26 19:42:48",937
"2019-03-26 20:42:43",937
"2019-03-26 21:42:42",938
"2019-03-26 22:42:41",937
"2019-03-26 23:42:40",937
"2019-03-27 00:42:45",937
"2019-03-27 01:42:41",937
"2019-03-27 02:42:40",937
"2019-03-27 03:42:46",937
"2019-03-27 04:42:44",937
"2019-03-27 05:42:43",937
"2019-03-27 06:42:47",937
"2019-03-27 07:42:40",937
"2019-03-27 08:42:40",937
"2019-03-27 09:42:41",937
"2019-03-27 10:42:45",937
"2019-03-27 11:42:39",937
"2019-03-27 13:07:22",937
"2019-03-27 13:42:43",937
"2019-03-27 14:42:47",932
"2019-03-27 15:42:41",927
"2019-03-27 16:42:42",917
"2019-03-27 17:42:51",912
"2019-03-27 18:42:41",917
"2019-03-27 19:42:40",918
"2019-03-27 20:42:45",917
"2019-03-27 21:42:41",917
"2019-03-27 22:42:50",914
"2019-03-27 23:42:44",914
"2019-03-28 00:42:43",914
"2019-03-28 01:42:41",914
"2019-03-28 02:42:51",914
"2019-03-28 03:42:43",914
"2019-03-28 04:42:46",914
"2019-03-28 05:42:41",914
"2019-03-28 06:42:39",914
"2019-03-28 07:42:40",914
"2019-03-28 08:42:39",914
"2019-03-28 09:42:40",914
"2019-03-28 10:42:40",914
"2019-03-28 11:42:39",914
"2019-03-28 13:07:13",914
"2019-03-28 13:42:45",914
"2019-03-28 14:42:41",901
"2019-03-28 15:42:42",893
"2019-03-28 16:42:44",891
"2019-03-28 17:42:41",888
"2019-03-28 18:42:42",882
"2019-03-28 19:42:41",883
"2019-03-28 20:42:44",882
"2019-03-28 21:42:43",881
"2019-03-28 22:42:40",881
"2019-03-28 23:42:41",881
"2019-03-29 00:42:40",881
"2019-03-29 01:42:55",881
"2019-03-29 02:42:45",881
"2019-03-29 03:42:48",881
"2019-03-29 04:42:45",881
"2019-03-29 05:42:39",881
"2019-03-29 06:42:39",881
"2019-03-29 07:42:40",881
"2019-03-29 08:42:46",881
"2019-03-29 09:42:41",881
"2019-03-29 10:42:41",881
"2019-03-29 11:42:44",881
"2019-03-29 13:07:43",881
"2019-03-29 13:42:42",881
"2019-03-29 14:42:44",876
"2019-03-29 15:42:44",858
"2019-03-29 16:42:38",852
"2019-03-29 17:42:45",851
"2019-03-29 18:42:55",849
"2019-03-29 19:42:45",846
"2019-03-29 20:42:44",844
"2019-03-29 21:42:43",845
"2019-03-29 22:42:48",845
"2019-03-29 23:42:53",845
"2019-03-30 00:42:46",845
"2019-03-30 01:42:46",845
"2019-03-30 02:42:49",845
"2019-03-30 03:42:47",845
"2019-03-30 04:42:49",845
"2019-03-30 05:42:43",845
"2019-03-30 06:42:43",845
"2019-03-30 07:42:43",845
"2019-03-30 08:43:02",845
"2019-03-30 09:42:45",845
"2019-03-30 10:42:45",845
"2019-03-30 11:42:44",845
"2019-03-30 12:42:50",845
"2019-03-30 13:42:39",845
"2019-03-30 14:42:40",845
"2019-03-30 15:42:40",845
"2019-03-30 16:42:40",845
"2019-03-30 17:42:46",845
"2019-03-30 18:42:39",845
"2019-03-30 19:42:41",845
"2019-03-30 20:42:39",845
"2019-03-30 21:42:40",845
"2019-03-30 22:42:47",845
"2019-03-30 23:42:40",845
"2019-03-31 00:42:41",845
"2019-03-31 01:42:43",845
"2019-03-31 02:42:47",845
"2019-03-31 03:42:42",845
"2019-03-31 04:42:40",845
"2019-03-31 05:42:40",845
"2019-03-31 06:42:47",845
"2019-03-31 07:42:41",845
"2019-03-31 08:42:39",845
"2019-03-31 09:42:39",845
"2019-03-31 10:42:44",845
"2019-03-31 11:42:41",845
"2019-03-31 12:42:40",845
"2019-03-31 13:42:43",845
"2019-03-31 14:42:39",845
"2019-03-31 15:42:41",845
"2019-03-31 16:42:42",845
"2019-03-31 17:42:50",845
"2019-03-31 18:42:40",845
"2019-03-31 19:42:41",845
"2019-03-31 20:42:40",845
"2019-03-31 21:42:41",845
"2019-03-31 22:42:39",845
"2019-03-31 23:42:44",845
"2019-04-01 00:42:46",845
"2019-04-01 01:42:43",845
"2019-04-01 02:42:46",845
"2019-04-01 03:42:53",845
"2019-04-01 04:42:42",845
"2019-04-01 05:42:42",845
"2019-04-01 06:42:40",845
"2019-04-01 07:42:47",845
"2019-04-01 08:42:41",845
"2019-04-01 09:42:43",845
"2019-04-01 10:42:48",845
"2019-04-01 11:42:46",845
"2019-04-01 13:42:48",845
"2019-04-01 14:42:47",839
"2019-04-01 15:42:56",834
"2019-04-01 16:42:51",831
"2019-04-01 17:42:46",832
"2019-04-01 18:42:42",830
"2019-04-01 19:42:55",827
"2019-04-01 20:42:43",832
"2019-04-01 21:42:40",831
"2019-04-01 22:42:45",831
"2019-04-01 23:42:44",831
"2019-04-02 00:42:48",831
"2019-04-02 01:42:42",831
"2019-04-02 02:42:44",831
"2019-04-02 03:42:51",831
"2019-04-02 04:42:44",831
"2019-04-02 05:42:41",831
"2019-04-02 06:42:42",831
"2019-04-02 07:42:46",831
"2019-04-02 08:42:43",831
"2019-04-02 09:42:47",831
"2019-04-02 10:42:41",831
"2019-04-02 11:42:41",831
"2019-04-02 13:07:21",832
"2019-04-02 13:42:45",832
"2019-04-02 14:42:41",819
"2019-04-02 15:42:53",821
"2019-04-02 16:42:43",819
"2019-04-02 17:42:51",820
"2019-04-02 18:42:44",817
"2019-04-02 19:42:45",816
"2019-04-02 20:42:51",809
"2019-04-02 21:42:46",808
"2019-04-02 22:42:44",808
"2019-04-02 23:42:46",808
"2019-04-03 00:42:56",808
"2019-04-03 01:42:47",808
"2019-04-03 02:42:43",808
"2019-04-03 03:42:47",808
"2019-04-03 04:42:47",808
"2019-04-03 05:42:48",808
"2019-04-03 06:42:48",808
"2019-04-03 07:42:44",808
"2019-04-03 08:42:43",808
"2019-04-03 09:42:57",808
"2019-04-03 10:42:47",808
"2019-04-03 11:42:46",808
"2019-04-03 13:07:24",807
"2019-04-03 13:42:44",807
"2019-04-03 14:42:51",802
"2019-04-03 15:42:52",795
"2019-04-03 16:42:44",795
"2019-04-03 17:42:41",791
"2019-04-03 18:42:42",786
"2019-04-03 19:42:44",785
"2019-04-03 20:42:46",791
"2019-04-03 21:42:43",792
"2019-04-03 22:42:41",791
"2019-04-03 23:42:50",791
"2019-04-04 00:42:40",791
"2019-04-04 01:42:43",791
"2019-04-04 02:42:43",791
"2019-04-04 03:42:48",791
"2019-04-04 04:42:41",791
"2019-04-04 05:42:40",791
"2019-04-04 06:42:41",791
"2019-04-04 07:42:42",791
"2019-04-04 08:42:47",791
"2019-04-04 09:42:41",791
"2019-04-04 10:42:42",791
"2019-04-04 11:42:47",791
"2019-04-04 12:42:42",791
"2019-04-04 13:42:42",791
"2019-04-04 14:42:51",792
"2019-04-04 15:42:44",788
"2019-04-04 16:42:51",786
"2019-04-04 17:42:41",781
"2019-04-04 18:42:47",779
"2019-04-04 19:42:43",776
"2019-04-04 20:42:42",774
"2019-04-04 21:42:46",774
"2019-04-04 22:42:53",774
"2019-04-04 23:42:43",774
"2019-04-05 00:42:44",774
"2019-04-05 01:42:41",774
"2019-04-05 02:42:41",774
"2019-04-05 03:42:55",774
"2019-04-05 04:42:44",774
"2019-04-05 05:42:42",774
"2019-04-05 06:42:40",774
"2019-04-05 07:42:42",774
"2019-04-05 08:42:51",774
"2019-04-05 09:42:43",774
"2019-04-05 10:42:49",774
"2019-04-05 11:42:42",774
"2019-04-05 13:06:48",774
"2019-04-05 13:42:46",774
"2019-04-05 14:42:45",773
"2019-04-05 15:42:50",768
"2019-04-05 16:42:41",765
"2019-04-05 17:42:42",765
"2019-04-05 18:42:45",771
"2019-04-05 19:42:42",771
"2019-04-05 20:42:42",771
"2019-04-05 21:42:47",771
"2019-04-05 22:42:44",772
"2019-04-05 23:42:47",772
"2019-04-06 00:42:45",772
"2019-04-06 01:42:56",772
"2019-04-06 02:42:47",772
"2019-04-06 03:42:45",772
"2019-04-06 04:42:50",772
"2019-04-06 05:42:44",772
"2019-04-06 06:42:43",772
"2019-04-06 07:42:45",772
"2019-04-06 08:42:54",772
"2019-04-06 09:42:44",772
"2019-04-06 10:42:43",772
"2019-04-06 11:42:45",772
"2019-04-06 12:42:45",772
"2019-04-06 13:42:42",772
"2019-04-06 14:42:41",772
"2019-04-06 15:42:49",772
"2019-04-06 16:42:42",772
"2019-04-06 17:42:43",772
"2019-04-06 18:42:44",772
"2019-04-06 19:42:43",772
"2019-04-06 20:42:41",772
"2019-04-06 21:42:51",772
"2019-04-06 22:42:43",772
"2019-04-06 23:42:42",772
"2019-04-07 00:42:42",772
"2019-04-07 01:42:40",772
"2019-04-07 02:42:44",772
"2019-04-07 03:42:49",772
"2019-04-07 04:42:44",772
"2019-04-07 05:42:44",772
"2019-04-07 06:42:45",772
"2019-04-07 07:42:52",772
"2019-04-07 08:42:45",772
"2019-04-07 09:42:48",772
"2019-04-07 10:42:42",772
"2019-04-07 11:42:49",772
"2019-04-07 12:42:45",772
"2019-04-07 13:42:49",772
"2019-04-07 14:42:43",772
"2019-04-07 15:42:45",772
"2019-04-07 16:42:48",772
"2019-04-07 17:42:43",772
"2019-04-07 18:42:43",772
"2019-04-07 19:42:43",772
"2019-04-07 20:42:50",772
"2019-04-07 21:42:43",772
"2019-04-07 22:42:42",772
"2019-04-07 23:42:41",772
"2019-04-08 00:42:54",772
"2019-04-08 01:42:44",772
"2019-04-08 02:42:44",772
"2019-04-08 03:42:43",772
"2019-04-08 04:42:40",772
"2019-04-08 05:42:52",772
"2019-04-08 06:42:41",772
"2019-04-08 07:42:41",772
"2019-04-08 08:42:42",772
"2019-04-08 09:42:43",772
"2019-04-08 10:42:42",772
"2019-04-08 11:42:54",772
"2019-04-08 12:42:42",772
"2019-04-08 13:42:49",772
"2019-04-08 14:42:41",776
"2019-04-08 15:42:47",772
"2019-04-08 16:42:54",768
"2019-04-08 17:42:44",767
"2019-04-08 18:42:43",763
"2019-04-08 19:42:44",764
"2019-04-08 20:42:43",761
"2019-04-08 21:42:45",762
"2019-04-08 22:42:45",761
"2019-04-08 23:42:42",761
"2019-04-09 00:42:50",761
"2019-04-09 01:42:44",761
"2019-04-09 02:42:47",761
"2019-04-09 03:42:45",761
"2019-04-09 04:42:43",761
"2019-04-09 05:42:48",761
"2019-04-09 06:42:44",761
"2019-04-09 07:42:43",761
"2019-04-09 08:42:47",761
"2019-04-09 09:42:54",761
"2019-04-09 10:42:43",761
"2019-04-09 11:42:45",761
"2019-04-09 13:08:00",761
"2019-04-09 13:42:44",761
"2019-04-09 14:42:44",760
"2019-04-09 15:42:57",755
"2019-04-09 16:42:46",752
"2019-04-09 17:42:45",749
"2019-04-09 18:42:45",747
"2019-04-09 19:42:45",746
"2019-04-09 20:42:45",745
"2019-04-09 21:42:46",745
"2019-04-09 22:42:44",745
"2019-04-09 23:42:52",745
"2019-04-10 00:42:46",745
"2019-04-10 01:42:46",745
"2019-04-10 02:42:47",745
"2019-04-10 03:42:50",745
"2019-04-10 04:42:52",745
"2019-04-10 05:42:44",745
"2019-04-10 06:42:45",745
"2019-04-10 07:42:44",745
"2019-04-10 08:42:51",745
"2019-04-10 09:42:46",745
"2019-04-10 10:42:45",745
"2019-04-10 11:42:47",745
"2019-04-10 12:42:55",745
"2019-04-10 13:42:55",745
"2019-04-10 14:42:45",743
"2019-04-10 15:42:49",740
"2019-04-10 16:42:46",739
"2019-04-10 17:42:47",741
"2019-04-10 18:42:51",740
"2019-04-10 19:42:48",740
"2019-04-10 20:42:44",734
"2019-04-10 21:42:43",734
"2019-04-10 22:42:43",734
"2019-04-10 23:42:54",734
"2019-04-11 00:42:45",734
"2019-04-11 01:42:42",734
"2019-04-11 02:42:46",734
"2019-04-11 03:42:48",734
"2019-04-11 04:42:48",734
"2019-04-11 05:42:47",734
"2019-04-11 06:42:42",734
"2019-04-11 18:42:49",731
"2019-04-11 19:42:58",730
"2019-04-11 20:42:45",729
"2019-04-11 21:42:45",729
"2019-04-11 22:42:44",729
"2019-04-11 23:42:45",729
"2019-04-12 00:42:44",729
"2019-04-12 01:42:48",729
"2019-04-12 02:42:53",729
"2019-04-12 03:42:48",729
"2019-04-12 04:42:46",729
"2019-04-12 05:42:46",729
"2019-04-12 06:42:43",729
"2019-04-12 07:42:44",729
"2019-04-12 08:42:44",729
"2019-04-12 09:42:50",729
"2019-04-12 10:42:43",729
"2019-04-12 11:42:44",729
"2019-04-12 13:06:28",729
"2019-04-12 13:42:47",729
"2019-04-12 14:42:44",728
"2019-04-12 15:42:51",729
"2019-04-12 16:42:49",731
"2019-04-12 17:42:46",730
"2019-04-12 18:42:46",729
"2019-04-12 19:42:45",729
"2019-04-12 20:42:45",731
"2019-04-12 21:42:44",731
"2019-04-12 22:42:54",731
"2019-04-12 23:42:45",731
"2019-04-13 00:42:48",731
"2019-04-13 01:42:45",731
"2019-04-13 02:42:47",731
"2019-04-13 03:42:58",731
"2019-04-13 04:42:48",731
"2019-04-13 05:42:47",731
"2019-04-13 06:42:47",731
"2019-04-13 07:42:43",731
"2019-04-13 08:42:45",731
"2019-04-13 09:42:49",731
"2019-04-13 10:42:44",731
"2019-04-13 11:42:46",731
"2019-04-13 12:42:45",731
"2019-04-13 13:42:46",731
"2019-04-13 14:42:50",731
"2019-04-13 15:42:48",731
"2019-04-13 16:42:47",731
"2019-04-13 17:42:43",731
"2019-04-13 18:42:46",731
"2019-04-13 19:42:47",731
"2019-04-13 20:42:46",731
"2019-04-13 21:42:50",731
"2019-04-13 22:42:45",731
"2019-04-13 23:42:45",731
"2019-04-14 00:42:48",731
"2019-04-14 01:42:50",731
"2019-04-14 02:42:45",731
"2019-04-14 03:42:45",731
"2019-04-14 04:42:54",731
"2019-04-14 05:42:45",731
"2019-04-14 06:42:46",731
"2019-04-14 07:42:49",731
"2019-04-14 08:42:45",731
"2019-04-14 09:42:48",731
"2019-04-14 10:42:43",731
"2019-04-14 11:42:49",731
"2019-04-14 12:42:44",731
"2019-04-14 13:42:47",731
"2019-04-14 14:42:52",731
"2019-04-14 15:42:50",731
"2019-04-14 16:42:49",731
"2019-04-14 17:42:46",731
"2019-04-14 18:42:47",731
"2019-04-14 19:42:48",731
"2019-04-14 20:42:49",731
"2019-04-14 21:42:55",731
"2019-04-14 22:42:46",731
"2019-04-14 23:42:48",731
"2019-04-15 00:42:47",731
"2019-04-15 01:42:45",731
"2019-04-15 02:42:47",731
"2019-04-15 03:42:56",731
"2019-04-15 04:42:46",731
"2019-04-15 05:42:47",731
"2019-04-15 06:42:44",731
"2019-04-15 07:42:46",731
"2019-04-15 08:42:50",731
"2019-04-15 09:42:44",731
"2019-04-15 10:42:44",731
"2019-04-15 11:42:45",731
"2019-04-15 13:08:26",731
"2019-04-15 13:42:44",731
"2019-04-15 14:42:47",730
"2019-04-15 15:42:53",728
"2019-04-15 16:42:45",725
"2019-04-15 17:42:50",726
"2019-04-15 18:42:50",723
"2019-04-15 19:43:03",723
"2019-04-15 20:42:46",723
"2019-04-15 21:42:46",723
"2019-04-15 22:42:48",723
"2019-04-15 23:42:51",723
"2019-04-16 00:42:49",723
"2019-04-16 01:42:46",723
"2019-04-16 02:42:48",723
"2019-04-16 03:42:52",723
"2019-04-16 04:42:47",723
"2019-04-16 05:42:46",723
"2019-04-16 06:42:46",723
"2019-04-16 07:42:43",723
"2019-04-16 08:42:58",723
"2019-04-16 09:42:45",723
"2019-04-16 10:42:52",723
"2019-04-16 11:42:45",723
"2019-04-16 13:06:48",723
"2019-04-16 13:42:46",723
"2019-04-16 14:42:51",717
"2019-04-16 15:42:44",716
"2019-04-16 16:42:44",715
"2019-04-16 17:42:43",715
"2019-04-16 18:42:51",714
"2019-04-16 19:42:46",713
"2019-04-16 20:42:47",714
"2019-04-16 21:42:43",713
"2019-04-16 22:42:44",713
"2019-04-16 23:42:44",713
"2019-04-17 00:42:45",713
"2019-04-17 01:42:47",713
"2019-04-17 02:42:51",713
"2019-04-17 03:42:46",713
"2019-04-17 04:42:46",713
"2019-04-17 05:42:46",713
"2019-04-17 06:42:59",713
"2019-04-17 07:42:47",713
"2019-04-17 08:42:44",713
"2019-04-17 09:42:50",713
"2019-04-17 10:42:44",713
"2019-04-17 11:42:46",713
"2019-04-17 13:07:51",713
"2019-04-17 13:42:47",713
"2019-04-17 14:42:45",710
"2019-04-17 15:43:03",712
"2019-04-17 16:42:46",713
"2019-04-17 17:42:51",712
"2019-04-17 18:42:45",713
"2019-04-17 19:42:44",713
"2019-04-17 20:42:46",711
"2019-04-17 21:42:44",711
"2019-04-17 22:42:45",711
"2019-04-17 23:46:21",711
"2019-04-18 00:42:44",711
"2019-04-18 01:42:47",711
"2019-04-18 02:42:44",711
"2019-04-18 03:42:55",711
"2019-04-18 04:42:46",711
"2019-04-18 05:42:51",711
"2019-04-18 06:42:45",711
"2019-04-18 07:42:45",711
"2019-04-18 08:42:51",711
"2019-04-18 09:42:45",711
"2019-04-18 10:42:47",711
"2019-04-18 11:42:49",711
"2019-04-18 13:07:49",711
"2019-04-18 13:42:47",711
"2019-04-18 14:42:52",707
"2019-04-18 15:42:47",704
"2019-04-18 16:42:48",703
"2019-04-18 17:42:53",703
"2019-04-18 18:42:46",702
"2019-04-18 19:42:45",702
"2019-04-18 20:42:46",700
"2019-04-18 21:42:48",700
"2019-04-18 22:42:46",703
"2019-04-18 23:42:51",703
"2019-04-19 00:43:47",703
"2019-04-19 02:42:46",703
"2019-04-19 03:42:55",703
"2019-04-19 04:42:45",703
"2019-04-19 05:42:45",703
"2019-04-19 06:42:47",703
"2019-04-19 07:42:51",703
"2019-04-19 08:42:49",703
"2019-04-19 09:42:46",703
"2019-04-19 10:42:49",703
"2019-04-19 11:42:44",703
"2019-04-19 12:42:46",703
"2019-04-19 13:42:50",703
"2019-04-19 14:42:51",703
"2019-04-19 15:42:45",703
"2019-04-19 16:42:47",703
"2019-04-19 17:42:53",703
"2019-04-19 18:42:46",703
"2019-04-19 19:42:45",703
"2019-04-19 20:42:45",703
"2019-04-19 21:42:45",703
"2019-04-19 22:42:45",703
"2019-04-19 23:42:47",703
"2019-04-20 00:42:53",703
"2019-04-20 01:42:48",703
"2019-04-20 02:42:48",703
"2019-04-20 03:42:45",703
"2019-04-20 04:42:52",703
"2019-04-20 05:42:46",703
"2019-04-20 06:42:45",703
"2019-04-20 07:42:49",703
"2019-04-20 08:42:47",703
"2019-04-20 09:42:51",703
"2019-04-20 10:42:47",703
"2019-04-20 11:42:43",703
"2019-04-20 12:42:56",703
"2019-04-20 13:43:42",703
"2019-04-20 14:42:46",703
"2019-04-20 15:42:43",703
"2019-04-20 16:42:50",703
"2019-04-20 17:42:49",703
"2019-04-20 18:42:45",703
"2019-04-20 19:42:46",703
"2019-04-20 20:42:46",703
"2019-04-20 21:42:44",703
"2019-04-20 22:42:45",703
"2019-04-20 23:42:53",703
"2019-04-21 00:42:45",703
"2019-04-21 01:42:46",703
"2019-04-21 02:42:48",703
"2019-04-21 03:42:47",703
"2019-04-21 04:42:49",703
"2019-04-21 05:42:46",703
"2019-04-21 06:42:44",703
"2019-04-21 07:42:52",703
"2019-04-21 08:42:44",703
"2019-04-21 09:42:44",703
"2019-04-21 10:42:47",703
"2019-04-21 11:42:47",703
"2019-04-21 12:42:45",703
"2019-04-21 13:42:45",703
"2019-04-21 14:42:51",703
"2019-04-21 15:42:45",703
"2019-04-21 16:42:47",703
"2019-04-21 17:42:47",703
"2019-04-21 18:42:44",703
"2019-04-21 19:42:52",703
"2019-04-21 20:42:44",703
"2019-04-21 21:42:46",703
"2019-04-21 22:42:44",703
"2019-04-21 23:42:44",703
"2019-04-22 00:42:45",703
"2019-04-22 01:42:48",703
"2019-04-22 02:42:55",703
"2019-04-22 03:42:47",703
"2019-04-22 04:42:43",703
"2019-04-22 05:42:44",703
"2019-04-22 06:42:48",703
"2019-04-22 07:42:47",703
"2019-04-22 08:42:45",703
"2019-04-22 09:42:44",703
"2019-04-22 10:42:51",703
"2019-04-22 11:42:49",703
"2019-04-22 13:08:21",703
"2019-04-22 13:42:48",703
"2019-04-22 14:42:49",702
"2019-04-22 15:42:46",700
"2019-04-22 16:42:45",699
"2019-04-22 17:42:48",700
"2019-04-22 18:42:50",700
"2019-04-22 19:42:49",698
"2019-04-22 20:42:46",698
"2019-04-22 21:42:46",697
"2019-04-22 22:42:47",697
"2019-04-22 23:42:50",697
"2019-04-23 00:42:49",697
"2019-04-23 01:42:45",697
"2019-04-23 02:42:45",697
"2019-04-23 03:42:49",697
"2019-04-23 04:42:50",697
"2019-04-23 05:42:47",697
"2019-04-23 06:43:21",697
"2019-04-23 07:42:46",697
"2019-04-23 08:42:43",697
"2019-04-23 09:42:46",697
"2019-04-23 10:42:49",697
"2019-04-23 11:42:50",697
"2019-04-23 13:08:51",697
"2019-04-23 13:42:46",697
"2019-04-23 14:42:44",695
"2019-04-23 15:42:50",695
"2019-04-23 16:42:47",694
"2019-04-23 17:42:46",694
"2019-04-23 18:42:44",695
"2019-04-23 19:42:47",695
"2019-04-23 20:42:54",696
"2019-04-23 21:42:49",696
"2019-04-23 22:42:45",696
"2019-04-23 23:42:47",696
"2019-04-24 00:42:45",696
"2019-04-24 01:42:47",696
"2019-04-24 02:42:52",696
"2019-04-24 03:42:47",696
"2019-04-24 04:42:46",696
"2019-04-24 05:42:44",696
"2019-04-24 06:42:48",696
"2019-04-24 07:42:52",696
"2019-04-24 08:42:45",696
"2019-04-24 09:42:47",696
"2019-04-24 10:42:51",696
"2019-04-24 11:42:52",696
"2019-04-24 12:42:45",696
"2019-04-24 13:43:00",696
"2019-04-24 14:42:49",693
"2019-04-24 15:42:48",693
"2019-04-24 16:42:47",691
"2019-04-24 17:42:49",692
"2019-04-24 18:42:58",695
"2019-04-24 19:42:48",694
"2019-04-24 20:42:49",693
"2019-04-24 21:42:48",694
"2019-04-24 22:42:46",693
"2019-04-24 23:42:56",693
"2019-04-25 00:42:49",693
"2019-04-25 01:42:48",693
"2019-04-25 02:42:47",693
"2019-04-25 03:42:55",693
"2019-04-25 04:42:47",693
"2019-04-25 05:42:47",693
"2019-04-25 06:42:50",693
"2019-04-25 07:42:45",693
"2019-04-25 08:42:51",693
"2019-04-25 09:42:46",693
"2019-04-25 10:42:51",693
"2019-04-25 11:42:49",693
"2019-04-25 13:07:21",693
"2019-04-25 13:42:48",693
"2019-04-25 14:42:52",694
"2019-04-25 15:42:46",693
"2019-04-25 16:42:51",693
"2019-04-25 17:42:45",693
"2019-04-25 18:42:45",693
"2019-04-25 19:42:49",691
"2019-04-25 20:42:45",692
"2019-04-25 21:42:52",691
"2019-04-25 22:42:45",691
"2019-04-25 23:42:45",691
"2019-04-26 00:42:47",691
"2019-04-26 01:42:52",691
"2019-04-26 02:42:47",691
"2019-04-26 03:42:47",691
"2019-04-26 04:42:49",691
"2019-04-26 05:42:49",691
"2019-04-26 06:42:49",691
"2019-04-26 07:42:45",691
"2019-04-26 08:42:52",691
"2019-04-26 09:42:44",691
"2019-04-26 10:42:54",691
"2019-04-26 11:42:45",691
"2019-04-26 12:42:47",691
"2019-04-26 13:42:52",691
"2019-04-26 14:42:46",689
"2019-04-26 15:42:52",687
"2019-04-26 16:42:45",686
"2019-04-26 17:42:47",685
"2019-04-26 18:42:47",684
"2019-04-26 19:42:45",684
"2019-04-26 20:42:51",683
"2019-04-26 21:42:46",683
"2019-04-26 22:42:46",682
"2019-04-26 23:42:46",682
"2019-04-27 00:42:47",682
"2019-04-27 01:42:51",682
"2019-04-27 02:42:46",682
"2019-04-27 03:42:46",682
"2019-04-27 04:42:44",682
"2019-04-27 05:42:47",682
"2019-04-27 06:42:51",682
"2019-04-27 07:42:44",682
"2019-04-27 08:42:45",682
"2019-04-27 09:42:49",682
"2019-04-27 10:42:47",682
"2019-04-27 11:42:43",682
"2019-04-27 12:42:45",682
"2019-04-27 13:42:48",682
"2019-04-27 14:42:45",682
"2019-04-27 15:42:44",682
"2019-04-27 16:42:46",682
"2019-04-27 17:42:53",682
"2019-04-27 18:42:46",682
"2019-04-27 19:42:43",682
"2019-04-27 20:42:46",682
"2019-04-27 21:42:47",682
"2019-04-27 22:42:44",682
"2019-04-27 23:42:44",682
"2019-04-28 00:42:44",682
"2019-04-28 01:42:46",682
"2019-04-28 02:42:45",682
"2019-04-28 03:42:44",682
"2019-04-28 04:42:52",682
"2019-04-28 05:42:45",682
"2019-04-28 06:42:45",682
"2019-04-28 07:42:44",682
"2019-04-28 08:42:49",682
"2019-04-28 09:42:45",682
"2019-04-28 10:42:49",682
"2019-04-28 11:42:47",682
"2019-04-28 12:42:45",682
"2019-04-28 13:42:44",682
"2019-04-28 14:42:49",682
"2019-04-28 15:42:46",682
"2019-04-28 16:42:44",682
"2019-04-28 17:42:46",682
"2019-04-28 18:42:46",682
"2019-04-28 19:43:01",682
"2019-04-28 20:42:44",682
"2019-04-28 21:42:46",682
"2019-04-28 22:42:45",682
"2019-04-28 23:42:47",682
"2019-04-29 00:42:50",682
"2019-04-29 01:42:43",682
"2019-04-29 02:42:44",682
"2019-04-29 03:42:47",682
"2019-04-29 04:42:48",682
"2019-04-29 05:42:44",682
"2019-04-29 06:42:44",682
"2019-04-29 07:42:45",682
"2019-04-29 08:42:49",682
"2019-04-29 09:42:47",682
"2019-04-29 10:42:44",682
"2019-04-29 11:42:44",682
"2019-04-29 12:42:51",682
"2019-04-29 13:42:44",682
"2019-04-29 14:42:48",686
"2019-04-29 15:42:44",685
"2019-04-29 16:42:48",684
"2019-04-29 17:42:47",684
"2019-04-29 18:42:47",682
"2019-04-29 19:42:48",682
"2019-04-29 20:42:54",680
"2019-04-29 21:42:46",680
"2019-04-29 22:42:44",680
"2019-04-29 23:42:47",680
"2019-04-30 00:42:45",680
"2019-04-30 01:42:47",680
"2019-04-30 02:42:50",680
"2019-04-30 03:42:52",680
"2019-04-30 04:42:47",680
"2019-04-30 05:42:49",680
"2019-04-30 06:42:45",680
"2019-04-30 07:42:47",680
"2019-04-30 08:42:47",680
"2019-04-30 09:42:52",680
"2019-04-30 10:42:48",680
"2019-04-30 11:42:48",680
"2019-04-30 13:06:51",680
"2019-04-30 13:42:50",680
"2019-04-30 14:42:49",683
"2019-04-30 15:42:50",682
"2019-04-30 16:42:50",680
"2019-04-30 17:42:55",680
"2019-04-30 18:42:47",681
"2019-04-30 19:42:51",681
"2019-04-30 20:42:48",682
"2019-04-30 21:42:48",681
"2019-04-30 22:42:44",681
"2019-04-30 23:42:51",681
"2019-05-01 00:42:44",681
"2019-05-01 01:42:54",681
"2019-05-01 02:42:48",681
"2019-05-01 03:42:54",681
"2019-05-01 04:42:53",681
"2019-05-01 05:42:50",681
"2019-05-01 06:42:46",681
"2019-05-01 07:42:49",681
"2019-05-01 08:42:50",681
"2019-05-01 09:42:50",681
"2019-05-01 10:42:46",681
"2019-05-01 11:42:48",681
"2019-05-01 13:06:51",681
"2019-05-01 13:42:51",681
"2019-05-01 14:42:43",680
"2019-05-01 15:42:51",683
"2019-05-01 16:42:48",683
"2019-05-01 17:42:45",683
"2019-05-01 18:42:50",683
"2019-05-01 19:42:54",684
"2019-05-01 20:42:51",682
"2019-05-01 21:42:48",683
"2019-05-01 22:42:51",683
"2019-05-01 23:42:51",683
"2019-05-02 00:42:52",683
"2019-05-02 01:42:48",683
"2019-05-02 02:42:54",683
"2019-05-02 03:42:49",683
"2019-05-02 04:42:54",683
"2019-05-02 05:42:56",683
"2019-05-02 06:42:53",683
"2019-05-02 07:42:51",683
"2019-05-02 08:42:50",683
"2019-05-02 09:42:48",683
"2019-05-02 10:42:52",683
"2019-05-02 11:42:47",683
"2019-05-02 13:42:56",682
"2019-05-02 14:42:47",686
"2019-05-02 15:42:48",687
"2019-05-02 16:42:53",686
"2019-05-02 17:42:47",685
"2019-05-02 18:42:48",684
"2019-05-02 19:42:55",682
"2019-05-02 20:42:49",681
"2019-05-02 21:42:50",682
"2019-05-02 22:42:56",682
"2019-05-02 23:42:47",682
"2019-05-03 00:42:48",682
"2019-05-03 01:42:56",682
"2019-05-03 02:42:50",682
"2019-05-03 03:42:56",682
"2019-05-03 04:42:48",682
"2019-05-03 05:43:03",682
"2019-05-03 06:42:52",682
"2019-05-03 07:42:52",682
"2019-05-03 08:42:52",682
"2019-05-03 09:42:51",682
"2019-05-03 10:42:55",682
"2019-05-03 11:42:51",682
"2019-05-03 13:06:00",682
"2019-05-03 13:43:01",682
"2019-05-03 14:42:55",681
"2019-05-03 15:42:52",677
"2019-05-03 16:42:53",677
"2019-05-03 17:42:55",676
"2019-05-03 18:42:59",676
"2019-05-03 19:42:57",673
"2019-05-03 20:42:48",671
"2019-05-03 21:42:59",671
"2019-05-03 22:42:49",671
"2019-05-03 23:42:55",671
"2019-05-04 00:42:52",671
"2019-05-04 01:42:53",671
"2019-05-04 02:42:55",671
"2019-05-04 03:42:59",671
"2019-05-04 04:42:53",671
"2019-05-04 05:42:53",671
"2019-05-04 06:42:54",671
"2019-05-04 07:42:54",671
"2019-05-04 08:42:48",671
"2019-05-04 09:42:52",671
"2019-05-04 10:42:47",671
"2019-05-04 11:42:52",671
"2019-05-04 12:42:55",671
"2019-05-04 13:42:55",671
"2019-05-04 14:42:48",671
"2019-05-04 15:42:49",671
"2019-05-04 16:42:53",671
"2019-05-04 17:42:49",671
"2019-05-04 18:42:48",671
"2019-05-04 19:42:52",671
"2019-05-04 20:42:47",671
"2019-05-04 21:42:49",671
"2019-05-04 22:42:48",671
"2019-05-04 23:42:55",671
"2019-05-05 00:42:51",671
"2019-05-05 01:42:54",671
"2019-05-05 02:42:49",671
"2019-05-05 03:42:52",671
"2019-05-05 04:42:54",671
"2019-05-05 05:42:55",671
"2019-05-05 06:42:55",671
"2019-05-05 07:42:51",671
"2019-05-05 08:42:47",671
"2019-05-05 09:42:48",671
"2019-05-05 10:42:50",671
"2019-05-05 11:42:51",671
"2019-05-05 12:42:50",671
"2019-05-05 13:42:51",671
"2019-05-05 14:42:52",671
"2019-05-05 15:42:49",671
"2019-05-05 16:42:48",671
"2019-05-05 17:42:55",671
"2019-05-05 18:42:49",671
"2019-05-05 19:42:47",671
"2019-05-05 20:42:50",671
"2019-05-05 21:42:47",671
"2019-05-05 22:42:52",671
"2019-05-05 23:42:52",671
"2019-05-06 00:42:49",671
"2019-05-06 01:42:48",671
"2019-05-06 02:42:49",671
"2019-05-06 03:42:53",671
"2019-05-06 04:42:46",671
"2019-05-06 05:42:47",671
"2019-05-06 06:42:47",671
"2019-05-06 07:42:52",671
"2019-05-06 08:42:48",671
"2019-05-06 09:42:45",671
"2019-05-06 10:42:51",671
"2019-05-06 11:42:51",671
"2019-05-06 13:08:00",671
"2019-05-06 13:43:01",671
"2019-05-06 14:43:00",669
"2019-05-06 15:42:48",668
"2019-05-06 16:42:51",668
"2019-05-06 17:34:41",669
"2019-05-06 17:42:49",669
"2019-05-06 18:42:51",669
"2019-05-06 19:42:52",669
"2019-05-06 20:42:46",670
"2019-05-06 21:42:47",670
"2019-05-06 22:42:50",670
"2019-05-06 23:42:46",670
"2019-05-07 00:42:48",670
"2019-05-07 01:42:56",670
"2019-05-07 02:42:48",670
"2019-05-07 03:42:51",670
"2019-05-07 04:42:50",670
"2019-05-07 05:42:48",670
"2019-05-07 06:42:46",670
"2019-05-07 07:42:48",670
"2019-05-07 08:42:45",670
"2019-05-07 09:42:50",670
"2019-05-07 10:42:48",670
"2019-05-07 11:42:46",670
"2019-05-07 12:42:53",670
"2019-05-07 13:42:51",670
"2019-05-07 14:42:46",669
"2019-05-07 15:42:46",669
"2019-05-07 16:42:51",670
"2019-05-07 17:42:51",669
"2019-05-07 18:42:48",669
"2019-05-07 19:42:53",669
"2019-05-07 20:42:48",669
"2019-05-07 21:42:47",669
"2019-05-07 22:42:47",669
"2019-05-07 23:42:51",669
"2019-05-08 00:42:47",669
"2019-05-08 01:42:48",669
"2019-05-08 02:42:48",669
"2019-05-08 03:42:53",669
"2019-05-08 04:42:49",669
"2019-05-08 05:42:49",669
"2019-05-08 06:42:50",669
"2019-05-08 07:42:48",669
"2019-05-08 08:42:46",669
"2019-05-08 09:42:54",669
"2019-05-08 10:42:47",669
"2019-05-08 11:42:51",669
"2019-05-08 13:06:53",669
"2019-05-08 13:42:50",669
"2019-05-08 14:42:52",668
"2019-05-08 15:42:52",669
"2019-05-08 16:42:50",670
"2019-05-08 17:42:51",670
"2019-05-08 18:42:54",669
"2019-05-08 19:42:49",669
"2019-05-08 20:42:47",666
"2019-05-08 21:42:49",666
"2019-05-08 22:42:47",666
"2019-05-08 23:42:57",666
"2019-05-09 00:42:48",666
"2019-05-09 01:42:50",666
"2019-05-09 02:42:51",666
"2019-05-09 03:42:56",666
"2019-05-09 04:42:56",666
"2019-05-09 05:42:50",666
"2019-05-09 06:42:53",666
"2019-05-09 07:42:52",666
"2019-05-09 08:42:51",666
"2019-05-09 09:42:56",666
"2019-05-09 10:42:48",666
"2019-05-09 11:42:53",666
"2019-05-09 13:06:23",666
"2019-05-09 13:42:50",666
"2019-05-09 14:42:49",663
"2019-05-09 15:42:53",663
"2019-05-09 16:42:49",663
"2019-05-09 17:42:56",663
"2019-05-09 18:42:49",664
"2019-05-09 19:42:51",667
"2019-05-09 20:42:50",667
"2019-05-09 21:42:48",667
"2019-05-09 22:42:55",666
"2019-05-09 23:42:48",666
"2019-05-10 00:42:48",666
"2019-05-10 01:42:52",666
"2019-05-10 02:42:56",666
"2019-05-10 03:42:48",666
"2019-05-10 04:42:56",666
"2019-05-10 05:42:49",666
"2019-05-10 06:42:48",666
"2019-05-10 07:42:47",666
"2019-05-10 08:42:53",666
"2019-05-10 09:42:48",666
"2019-05-10 10:42:50",666
"2019-05-10 11:42:49",666
"2019-05-10 12:42:55",666
"2019-05-10 13:42:49",666
"2019-05-10 14:42:54",663
"2019-05-10 15:42:50",661
"2019-05-10 16:42:49",660
"2019-05-10 17:42:49",657
"2019-05-10 18:42:55",657
"2019-05-10 19:42:49",657
"2019-05-10 20:42:48",655
"2019-05-10 21:42:49",656
"2019-05-10 22:42:52",656
"2019-05-10 23:42:50",656
"2019-05-11 00:42:57",656
"2019-05-11 01:42:49",656
"2019-05-11 02:42:56",656
"2019-05-11 03:42:49",656
"2019-05-11 04:42:50",656
"2019-05-11 05:43:00",656
"2019-05-11 06:42:48",656
"2019-05-11 07:42:47",656
"2019-05-11 08:42:54",656
"2019-05-11 09:42:48",656
"2019-05-11 10:42:56",656
"2019-05-11 11:42:49",656
"2019-05-11 12:42:48",656
"2019-05-11 13:42:52",656
"2019-05-11 14:42:48",656
"2019-05-11 15:42:51",656
"2019-05-11 16:42:58",656
"2019-05-11 17:42:50",656
"2019-05-11 18:42:50",656
"2019-05-11 19:42:50",656
"2019-05-11 20:42:49",656
"2019-05-11 21:42:50",656
"2019-05-11 22:42:53",656
"2019-05-11 23:42:51",656
"2019-05-12 00:42:49",656
"2019-05-12 01:42:50",656
"2019-05-12 02:42:49",656
"2019-05-12 03:42:55",656
"2019-05-12 04:42:49",656
"2019-05-12 05:42:51",656
"2019-05-12 06:42:49",656
"2019-05-12 07:42:54",656
"2019-05-12 08:42:48",656
"2019-05-12 09:42:52",656
"2019-05-12 10:42:48",656
"2019-05-12 11:42:48",656
"2019-05-12 12:42:48",656
"2019-05-12 13:42:53",656
"2019-05-12 14:42:49",656
"2019-05-12 15:42:50",656
"2019-05-12 16:42:51",656
"2019-05-12 17:42:55",656
"2019-05-12 18:42:48",656
"2019-05-12 19:42:48",656
"2019-05-12 20:42:48",656
"2019-05-12 21:42:46",656
"2019-05-12 22:42:56",656
"2019-05-12 23:42:48",656
"2019-05-13 00:42:51",656
"2019-05-13 01:42:47",656
"2019-05-13 02:42:47",656
"2019-05-13 03:42:52",656
"2019-05-13 04:42:47",656
"2019-05-13 05:42:46",656
"2019-05-13 06:42:52",656
"2019-05-13 07:42:46",656
"2019-05-13 08:42:47",656
"2019-05-13 09:42:49",656
"2019-05-13 10:42:52",656
"2019-05-13 11:42:49",656
"2019-05-13 13:06:23",656
"2019-05-13 13:42:49",656
"2019-05-13 14:42:48",657
"2019-05-13 15:42:54",657
"2019-05-13 16:42:48",655
"2019-05-13 17:42:49",658
"2019-05-13 18:42:51",658
"2019-05-13 19:42:51",657
"2019-05-13 20:42:47",657
"2019-05-13 21:42:50",656
"2019-05-13 22:42:48",656
"2019-05-13 23:42:48",656
"2019-05-14 00:43:06",656
"2019-05-14 01:42:47",656
"2019-05-14 02:42:50",656
"2019-05-14 03:42:55",656
"2019-05-14 04:42:50",656
"2019-05-14 05:42:48",656
"2019-05-14 06:42:55",656
"2019-05-14 07:42:51",656
"2019-05-14 08:42:50",656
"2019-05-14 09:42:54",656
"2019-05-14 10:42:49",656
"2019-05-14 11:42:49",656
"2019-05-14 13:05:55",656
"2019-05-14 13:42:51",656
"2019-05-14 14:42:48",655
"2019-05-14 15:42:52",653
"2019-05-14 16:42:50",652
"2019-05-14 17:42:50",651
"2019-05-14 18:42:51",652
"2019-05-14 19:42:47",651
"2019-05-14 20:42:48",651
"2019-05-14 21:42:47",651
"2019-05-14 22:42:52",651
"2019-05-14 23:42:50",651
"2019-05-15 00:42:49",651
"2019-05-15 01:42:49",651
"2019-05-15 02:42:48",651
"2019-05-15 03:42:52",651
"2019-05-15 04:42:50",651
"2019-05-15 05:42:51",651
"2019-05-15 06:42:52",651
"2019-05-15 07:42:50",651
"2019-05-15 08:42:51",651
"2019-05-15 09:42:54",651
"2019-05-15 10:42:57",651
"2019-05-15 11:42:48",651
"2019-05-15 13:06:54",651
"2019-05-15 13:42:50",651
"2019-05-15 14:42:50",656
"2019-05-15 15:42:48",657
"2019-05-15 16:42:53",656
"2019-05-15 17:42:50",653
"2019-05-15 18:42:52",652
"2019-05-15 19:42:50",652
"2019-05-15 20:42:49",651
"2019-05-15 21:42:52",651
"2019-05-15 22:42:49",651
"2019-05-15 23:42:49",651
"2019-05-16 00:42:48",651
"2019-05-16 01:42:56",651
"2019-05-16 02:42:53",651
"2019-05-16 03:42:48",651
"2019-05-16 04:42:49",651
"2019-05-16 05:42:53",651
"2019-05-16 06:42:51",651
"2019-05-16 07:42:54",651
"2019-05-16 08:42:53",651
"2019-05-16 09:42:53",651
"2019-05-16 10:43:04",651
"2019-05-16 11:42:50",651
"2019-05-16 13:05:53",651
"2019-05-16 13:43:05",651
"2019-05-16 14:42:51",651
"2019-05-16 15:42:50",651
"2019-05-16 16:42:55",649
"2019-05-16 17:42:51",650
"2019-05-16 18:42:53",650
"2019-05-16 19:42:54",650
"2019-05-16 20:42:50",649
"2019-05-16 21:42:52",650
"2019-05-16 22:42:54",650
"2019-05-16 23:42:51",650
"2019-05-17 00:43:01",650
"2019-05-17 01:42:54",650
"2019-05-17 02:42:51",650
"2019-05-17 03:42:49",650
"2019-05-17 04:42:50",650
"2019-05-17 05:42:52",650
"2019-05-17 06:42:57",650
"2019-05-17 07:42:52",650
"2019-05-17 08:42:58",650
"2019-05-17 09:42:57",650
"2019-05-17 10:42:50",650
"2019-05-17 11:42:54",650
"2019-05-17 13:07:25",650
"2019-05-17 13:43:00",650
"2019-05-17 14:42:52",652
"2019-05-17 15:42:50",651
"2019-05-17 16:42:54",651
"2019-05-17 17:42:51",651
"2019-05-17 18:42:52",653
"2019-05-17 19:42:54",656
"2019-05-17 20:42:49",656
"2019-05-17 21:42:50",657
"2019-05-17 22:42:50",657
"2019-05-17 23:42:51",657
"2019-05-18 00:42:51",657
"2019-05-18 01:42:53",657
"2019-05-18 02:42:52",657
"2019-05-18 04:42:48",657
"2019-05-18 05:42:44",657
"2019-05-18 06:42:47",657
"2019-05-18 07:42:44",657
"2019-05-18 08:42:45",657
"2019-05-18 09:42:44",657
"2019-05-18 10:42:44",657
"2019-05-18 11:42:47",657
"2019-05-18 12:42:44",657
"2019-05-18 13:42:46",657
"2019-05-18 14:42:45",657
"2019-05-18 15:42:48",657
"2019-05-18 16:42:44",657
"2019-05-18 17:42:46",657
"2019-05-18 18:42:43",657
"2019-05-18 19:42:44",657
"2019-05-18 20:42:44",657
"2019-05-18 21:42:45",657
"2019-05-18 22:42:45",657
"2019-05-18 23:42:43",657
"2019-05-19 00:42:43",657
"2019-05-19 01:42:43",657
"2019-05-19 02:42:44",657
"2019-05-19 03:42:43",657
"2019-05-19 04:42:46",657
"2019-05-19 05:42:44",657
"2019-05-19 06:42:44",657
"2019-05-19 07:42:44",657
"2019-05-19 08:42:43",657
"2019-05-19 09:42:44",657
"2019-05-19 10:42:43",657
"2019-05-19 11:42:45",657
"2019-05-19 12:42:46",657
"2019-05-19 13:42:46",657
"2019-05-19 14:42:44",657
"2019-05-19 15:42:44",657
"2019-05-19 16:42:46",657
"2019-05-19 17:42:45",657
"2019-05-19 18:42:44",657
"2019-05-19 19:42:44",657
"2019-05-19 20:42:45",657
"2019-05-19 21:42:45",657
"2019-05-19 22:42:44",657
"2019-05-19 23:42:45",657
"2019-05-20 00:42:45",657
"2019-05-20 01:42:45",657
"2019-05-20 02:42:47",657
"2019-05-20 03:42:45",657
"2019-05-20 04:42:47",657
"2019-05-20 05:42:46",657
"2019-05-20 06:42:45",657
"2019-05-20 07:42:46",657
"2019-05-20 08:42:45",657
"2019-05-20 09:42:45",657
"2019-05-20 10:42:45",657
"2019-05-20 11:42:46",657
"2019-05-20 12:42:48",657
"2019-05-20 13:42:46",657
"2019-05-20 14:42:45",660
"2019-05-20 15:42:44",660
"2019-05-20 16:42:46",660
"2019-05-20 17:42:45",662
"2019-05-20 18:42:43",661
"2019-05-20 19:42:44",662
"2019-05-20 20:42:44",660
"2019-05-20 21:42:44",660
"2019-05-20 22:42:44",660
"2019-05-20 23:42:48",660
"2019-05-21 00:42:44",660
"2019-05-21 01:42:46",660
"2019-05-21 02:42:44",660
"2019-05-21 03:42:45",660
"2019-05-21 04:42:46",660
"2019-05-21 05:42:45",660
"2019-05-21 06:42:43",660
"2019-05-21 07:42:46",660
"2019-05-21 08:42:44",660
"2019-05-21 09:42:43",660
"2019-05-21 10:42:45",660
"2019-05-21 11:42:44",660
"2019-05-21 13:06:48",660
"2019-05-21 13:42:45",660
"2019-05-21 14:42:47",661
"2019-05-21 15:42:44",661
"2019-05-21 16:42:44",660
"2019-05-21 17:42:44",661
"2019-05-21 18:42:45",664
"2019-05-21 19:42:46",664
"2019-05-21 20:42:45",660
"2019-05-21 21:42:45",659
"2019-05-21 22:42:48",659
"2019-05-21 23:42:46",659
"2019-05-22 00:42:45",659
"2019-05-22 01:42:45",659
"2019-05-22 02:42:45",659
"2019-05-22 03:42:45",659
"2019-05-22 04:42:47",659
"2019-05-22 05:42:46",659
"2019-05-22 06:42:45",659
"2019-05-22 07:42:46",659
"2019-05-22 08:42:50",659
"2019-05-22 09:42:51",659
"2019-05-22 10:42:45",659
"2019-05-22 11:42:46",659
"2019-05-22 12:42:46",659
"2019-05-22 13:42:46",659
"2019-05-22 14:42:46",660
"2019-05-22 15:42:49",659
"2019-05-22 16:42:45",660
"2019-05-22 17:42:44",660
"2019-05-22 18:42:45",658
"2019-05-22 19:42:44",657
"2019-05-22 20:42:44",655
"2019-05-22 21:42:46",654
"2019-05-22 22:42:45",654
"2019-05-22 23:42:44",654
"2019-05-23 00:42:46",654
"2019-05-23 01:42:45",654
"2019-05-23 02:42:46",654
"2019-05-23 03:42:45",654
"2019-05-23 04:42:49",654
"2019-05-23 05:42:45",654
"2019-05-23 06:42:46",654
"2019-05-23 07:42:47",654
"2019-05-23 08:42:46",654
"2019-05-23 09:42:45",654
"2019-05-23 10:42:46",654
"2019-05-23 11:42:45",654
"2019-05-23 12:42:48",654
"2019-05-23 13:42:46",654
"2019-05-23 14:42:46",654
"2019-05-23 15:42:45",651
"2019-05-23 16:42:45",651
"2019-05-23 17:42:45",651
"2019-05-23 18:42:45",651
"2019-05-23 19:42:47",653
"2019-05-23 20:42:46",654
"2019-05-23 21:42:45",655
"2019-05-23 22:42:45",654
"2019-05-23 23:42:46",654
"2019-05-24 00:42:46",654
"2019-05-24 01:42:45",654
"2019-05-24 02:42:45",654
"2019-05-24 03:42:45",654
"2019-05-24 04:42:46",654
"2019-05-24 05:42:47",654
"2019-05-24 06:42:45",654
"2019-05-24 07:42:44",654
"2019-05-24 08:42:45",654
"2019-05-24 09:42:46",654
"2019-05-24 10:42:47",654
"2019-05-24 11:42:45",654
"2019-05-24 13:06:49",654
"2019-05-24 13:42:45",654
"2019-05-24 14:42:46",660
"2019-05-24 15:42:45",660
"2019-05-24 16:42:45",661
"2019-05-24 17:42:47",664
"2019-05-24 18:42:48",665
"2019-05-24 19:42:47",665
"2019-05-24 20:42:47",664
"2019-05-24 21:42:48",664
"2019-05-24 22:42:46",664
"2019-05-24 23:42:49",664
"2019-05-25 00:42:47",664
"2019-05-25 01:42:46",664
"2019-05-25 04:42:48",664
"2019-05-26 04:42:49",664
"2019-05-26 05:42:48",664
"2019-05-26 06:42:47",664
"2019-05-26 07:42:49",664
"2019-05-26 08:42:46",664
"2019-05-26 09:42:46",664
"2019-05-26 10:42:47",664
"2019-05-26 11:42:47",664
"2019-05-26 12:42:46",664
"2019-05-26 13:42:46",664
"2019-05-26 14:42:48",664
"2019-05-26 15:42:45",664
"2019-05-26 16:42:46",664
"2019-05-26 17:42:49",664
"2019-05-26 18:42:47",664
"2019-05-26 19:42:46",664
"2019-05-26 20:42:46",664
"2019-05-26 21:42:47",664
"2019-05-26 22:42:47",664
"2019-05-26 23:42:46",664
"2019-05-27 00:42:46",664
"2019-05-27 01:42:47",664
"2019-05-27 02:42:47",664
"2019-05-27 03:42:48",664
"2019-05-27 04:42:48",664
"2019-05-27 05:42:47",664
"2019-05-27 06:42:47",664
"2019-05-27 07:42:51",664
"2019-05-27 08:42:51",664
"2019-05-27 09:42:49",664
"2019-05-27 10:42:48",664
"2019-05-27 11:42:46",664
"2019-05-27 12:42:46",664
"2019-05-27 13:42:47",664
"2019-05-27 14:42:47",664
"2019-05-27 15:42:47",664
"2019-05-27 16:42:47",664
"2019-05-27 17:42:49",664
"2019-05-27 18:42:47",664
"2019-05-27 19:42:45",664
"2019-05-27 20:42:45",664
"2019-05-27 21:42:46",664
"2019-05-27 22:42:45",664
"2019-05-27 23:42:46",664
"2019-05-28 00:42:46",664
"2019-05-28 01:42:47",664
"2019-05-28 02:42:48",664
"2019-05-28 03:42:47",664
"2019-05-28 04:42:46",664
"2019-05-28 05:42:45",664
"2019-05-28 06:42:50",664
"2019-05-28 07:42:47",664
"2019-05-28 08:42:46",664
"2019-05-28 09:42:47",664
"2019-05-28 10:42:45",664
"2019-05-28 11:42:45",664
"2019-05-28 12:42:45",664
"2019-05-28 13:42:47",664
"2019-05-28 14:42:46",666
"2019-05-28 15:42:46",669
"2019-05-28 16:42:47",665
"2019-05-28 17:42:50",663
"2019-05-28 18:42:46",663
"2019-05-28 19:42:46",662
"2019-05-28 20:42:47",661
"2019-05-28 21:42:46",660
"2019-05-28 22:42:46",660
"2019-05-28 23:42:47",660
"2019-05-29 00:42:47",660
"2019-05-29 01:42:46",660
"2019-05-29 02:42:46",660
"2019-05-29 03:42:45",660
"2019-05-29 04:42:46",660
"2019-05-29 05:42:49",660
"2019-05-29 06:42:47",660
"2019-05-29 07:42:49",660
"2019-05-29 08:42:46",660
"2019-05-29 09:42:51",660
"2019-05-29 10:42:46",660
"2019-05-29 11:42:46",660
"2019-05-29 13:05:51",660
"2019-05-29 13:42:48",660
"2019-05-29 14:42:49",654
"2019-05-29 15:42:47",651
"2019-05-29 16:42:47",648
"2019-05-29 17:42:47",648
"2019-05-29 18:42:47",648
"2019-05-29 19:42:49",651
"2019-05-29 20:42:45",654
"2019-05-29 21:42:47",655
"2019-05-29 22:42:46",655
"2019-05-29 23:42:47",655
"2019-05-30 00:42:46",655
"2019-05-30 01:42:47",655
"2019-05-30 02:42:48",655
"2019-05-30 03:42:47",655
"2019-05-30 04:42:47",655
"2019-05-30 05:42:49",655
"2019-05-30 06:42:46",655
"2019-05-30 07:42:46",655
"2019-05-30 08:42:51",655
"2019-05-30 09:42:47",655
"2019-05-30 10:42:46",655
"2019-05-30 11:42:46",655
"2019-05-30 12:42:49",655
"2019-05-30 13:42:46",655
"2019-05-30 14:42:49",652
"2019-05-30 15:42:47",653
"2019-05-30 16:42:45",653
"2019-05-30 17:42:47",657
"2019-05-30 18:42:47",660
"2019-05-30 19:42:47",659
"2019-05-30 20:42:46",658
"2019-05-30 21:42:45",658
"2019-05-30 22:42:48",659
"2019-05-30 23:42:46",659
"2019-05-31 00:42:45",659
"2019-05-31 01:42:47",659
"2019-05-31 02:42:45",659
"2019-05-31 03:42:45",659
"2019-05-31 04:42:46",659
"2019-05-31 05:42:46",659
"2019-05-31 06:42:47",659
"2019-05-31 07:42:45",659
"2019-05-31 08:42:46",659
"2019-05-31 09:42:48",659
"2019-05-31 10:42:46",659
"2019-05-31 11:42:46",659
"2019-05-31 12:43:31",659
"2019-05-31 13:42:47",660
"2019-05-31 14:42:46",668
"2019-05-31 15:42:47",669
"2019-05-31 16:42:46",669
"2019-05-31 17:42:49",669
"2019-05-31 18:42:46",671
"2019-05-31 19:42:45",672
"2019-05-31 20:42:46",667
"2019-05-31 21:42:47",668
"2019-05-31 22:42:44",668
"2019-05-31 23:42:46",668
"2019-06-01 00:42:46",668
"2019-06-01 01:42:45",668
"2019-06-01 02:42:46",668
"2019-06-01 03:42:46",668
"2019-06-01 04:42:46",668
"2019-06-01 05:42:46",668
"2019-06-01 06:42:49",668
"2019-06-01 07:42:45",668
"2019-06-01 08:42:46",668
"2019-06-01 09:42:46",668
"2019-06-01 10:42:47",668
"2019-06-01 11:42:46",668
"2019-06-01 12:42:45",668
"2019-06-01 13:42:45",668
"2019-06-01 14:42:49",668
"2019-06-01 15:42:48",668
"2019-06-01 16:42:46",668
"2019-06-01 17:42:47",668
"2019-06-01 18:42:46",668
"2019-06-01 19:42:48",668
"2019-06-01 20:42:45",668
"2019-06-01 21:42:47",668
"2019-06-01 22:42:47",668
"2019-06-01 23:42:47",668
"2019-06-02 00:42:48",668
"2019-06-02 01:42:50",668
"2019-06-02 02:42:47",668
"2019-06-02 03:42:46",668
"2019-06-02 04:42:46",668
"2019-06-02 05:42:50",668
"2019-06-02 06:42:46",668
"2019-06-02 07:42:46",668
"2019-06-02 08:42:46",668
"2019-06-02 09:42:45",668
"2019-06-02 10:42:46",668
"2019-06-02 11:42:46",668
"2019-06-02 12:42:50",668
"2019-06-02 13:42:47",668
"2019-06-02 14:42:47",668
"2019-06-02 15:42:44",668
"2019-06-02 16:42:45",668
"2019-06-02 17:42:47",668
"2019-06-02 18:42:47",668
"2019-06-02 19:42:47",668
"2019-06-02 20:42:46",668
"2019-06-02 21:42:47",668
"2019-06-02 22:42:47",668
"2019-06-02 23:42:45",668
"2019-06-03 00:42:46",668
"2019-06-03 01:42:49",668
"2019-06-03 02:42:46",668
"2019-06-03 03:42:46",668
"2019-06-03 04:42:45",668
"2019-06-03 05:42:46",668
"2019-06-03 06:42:47",668
"2019-06-03 07:42:46",668
"2019-06-03 08:42:47",668
"2019-06-03 09:42:46",668
"2019-06-03 10:42:48",668
"2019-06-03 11:42:48",668
"2019-06-03 12:42:45",668
"2019-06-03 13:42:48",668
"2019-06-03 14:42:48",675
"2019-06-03 15:42:46",671
"2019-06-03 16:42:46",671
"2019-06-03 17:42:46",669
"2019-06-03 18:42:48",668
"2019-06-03 19:42:48",667
"2019-06-03 20:42:45",664
"2019-06-03 21:42:47",664
"2019-06-03 22:42:46",664
"2019-06-03 23:42:49",664
"2019-06-04 00:42:46",664
"2019-06-04 01:42:47",664
"2019-06-04 02:42:46",664
"2019-06-04 03:42:47",664
"2019-06-04 04:42:47",664
"2019-06-04 05:42:46",664
"2019-06-04 06:42:46",664
"2019-06-04 07:42:45",664
"2019-06-04 08:42:49",664
"2019-06-04 09:42:46",664
"2019-06-04 10:42:47",664
"2019-06-04 11:42:46",664
"2019-06-04 13:05:20",664
"2019-06-04 13:42:48",664
"2019-06-04 14:42:51",669
"2019-06-04 15:42:48",668
"2019-06-04 16:42:48",670
"2019-06-04 17:42:49",672
"2019-06-04 18:42:48",673
"2019-06-04 19:42:47",673
"2019-06-04 20:42:48",672
"2019-06-04 21:42:46",673
"2019-06-04 22:42:47",673
"2019-06-04 23:42:51",673
"2019-06-05 00:42:46",673
"2019-06-05 01:42:48",673
"2019-06-05 02:42:50",673
"2019-06-05 03:42:49",673
"2019-06-05 04:42:51",673
"2019-06-05 05:42:47",673
"2019-06-05 06:42:47",673
"2019-06-05 07:42:48",673
"2019-06-05 08:42:51",673
"2019-06-05 09:42:47",673
"2019-06-05 10:42:47",673
"2019-06-05 11:42:51",673
"2019-06-05 13:06:51",673
"2019-06-05 13:42:46",673
"2019-06-05 14:42:47",668
"2019-06-05 15:42:47",669
"2019-06-05 16:42:47",670
"2019-06-05 17:42:48",669
"2019-06-05 18:42:47",668
"2019-06-05 19:42:50",667
"2019-06-05 20:42:47",666
"2019-06-05 21:42:47",666
"2019-06-05 22:42:48",666
"2019-06-05 23:42:47",666
"2019-06-06 00:42:47",666
"2019-06-06 01:42:46",666
"2019-06-06 02:42:47",666
"2019-06-06 03:42:48",666
"2019-06-06 04:42:52",666
"2019-06-06 05:42:47",666
"2019-06-06 06:42:49",666
"2019-06-06 07:42:47",666
"2019-06-06 08:42:51",666
"2019-06-06 09:42:49",666
"2019-06-06 10:42:53",666
"2019-06-06 11:42:47",666
"2019-06-06 13:06:50",666
"2019-06-06 13:42:48",666
"2019-06-06 14:42:48",664
"2019-06-06 15:42:49",661
"2019-06-06 16:42:48",659
"2019-06-06 17:42:50",659
"2019-06-06 18:42:50",660
"2019-06-06 19:42:49",655
"2019-06-06 20:42:46",655
"2019-06-06 21:42:48",653
"2019-06-06 22:42:47",653
"2019-06-06 23:42:46",653
"2019-06-07 00:42:49",653
"2019-06-07 01:42:48",653
"2019-06-07 02:42:49",653
"2019-06-07 03:42:48",653
"2019-06-07 04:42:50",653
"2019-06-07 05:42:47",653
"2019-06-07 06:42:49",653
"2019-06-07 07:42:48",653
"2019-06-07 08:42:48",653
"2019-06-07 09:42:50",653
"2019-06-07 10:42:48",653
"2019-06-07 11:42:48",653
"2019-06-07 13:06:53",653
"2019-06-07 13:42:50",653
"2019-06-07 14:42:49",653
"2019-06-07 15:42:48",654
"2019-06-07 16:42:48",656
"2019-06-07 17:42:48",658
"2019-06-07 18:42:48",657
"2019-06-07 19:42:47",656
"2019-06-07 20:42:48",655
"2019-06-07 21:42:48",655
"2019-06-07 22:42:47",655
"2019-06-07 23:42:50",655
"2019-06-08 00:42:49",655
"2019-06-08 01:42:51",655
"2019-06-08 02:42:49",655
"2019-06-08 03:42:51",655
"2019-06-08 04:42:48",655
"2019-06-08 05:42:54",655
"2019-06-08 06:42:51",655
"2019-06-08 07:42:51",655
"2019-06-08 08:42:48",655
"2019-06-08 09:42:49",655
"2019-06-08 10:42:48",655
"2019-06-08 11:42:50",655
"2019-06-08 12:42:49",655
"2019-06-08 13:42:47",655
"2019-06-08 14:42:46",655
"2019-06-08 15:42:50",655
"2019-06-08 16:42:49",655
"2019-06-08 17:42:48",655
"2019-06-08 18:42:49",655
"2019-06-08 19:42:47",655
"2019-06-08 20:42:48",655
"2019-06-08 21:42:47",655
"2019-06-08 22:42:47",655
"2019-06-08 23:42:50",655
"2019-06-09 00:42:47",655
"2019-06-09 01:42:48",655
"2019-06-09 02:42:54",655
"2019-06-09 03:42:53",655
"2019-06-09 04:42:47",655
"2019-06-09 05:42:51",655
"2019-06-09 06:42:47",655
"2019-06-09 07:42:50",655
"2019-06-09 08:42:47",655
"2019-06-09 09:42:49",655
"2019-06-09 10:42:48",655
"2019-06-09 11:42:48",655
"2019-06-09 12:42:50",655
"2019-06-09 13:42:48",655
"2019-06-09 14:42:47",655
"2019-06-09 15:42:50",655
"2019-06-09 16:42:48",655
"2019-06-09 17:42:49",655
"2019-06-09 18:42:47",655
"2019-06-09 19:42:48",655
"2019-06-09 20:42:47",655
"2019-06-09 21:42:48",655
"2019-06-09 22:42:51",655
"2019-06-09 23:42:48",655
"2019-06-10 00:42:48",655
"2019-06-10 01:42:51",655
"2019-06-10 02:42:48",655
"2019-06-10 03:42:51",655
"2019-06-10 04:42:49",655
"2019-06-10 05:42:50",655
"2019-06-10 06:42:47",655
"2019-06-10 07:42:51",655
"2019-06-10 08:42:48",655
"2019-06-10 09:42:47",655
"2019-06-10 10:42:52",655
"2019-06-10 11:42:50",655
"2019-06-10 12:42:55",655
"2019-06-10 13:42:52",655
"2019-06-10 14:42:49",655
"2019-06-10 15:42:50",654
"2019-06-10 16:42:52",654
"2019-06-10 17:42:50",653
"2019-06-10 18:42:51",653
"2019-06-10 19:42:51",655
"2019-06-10 20:42:50",656
"2019-06-10 21:42:49",656
"2019-06-10 22:42:50",656
"2019-06-10 23:42:50",656
"2019-06-11 00:42:51",656
"2019-06-11 01:42:53",656
"2019-06-11 02:42:52",656
"2019-06-11 03:42:50",656
"2019-06-11 04:42:50",656
"2019-06-11 05:42:50",656
"2019-06-11 06:42:50",656
"2019-06-11 07:42:49",656
"2019-06-11 08:42:49",656
"2019-06-11 09:42:51",656
"2019-06-11 10:42:50",656
"2019-06-11 11:42:50",656
"2019-06-11 13:06:24",656
"2019-06-11 13:42:52",656
"2019-06-11 14:42:50",661
"2019-06-11 15:42:50",659
"2019-06-11 16:42:54",659
"2019-06-11 17:42:50",658
"2019-06-11 18:42:53",657
"2019-06-11 19:42:50",656
"2019-06-11 20:42:52",656
"2019-06-11 21:42:50",655
"2019-06-11 22:42:49",658
"2019-06-11 23:42:49",658
"2019-06-12 00:42:53",658
"2019-06-12 01:42:51",658
"2019-06-12 02:42:51",658
"2019-06-12 03:42:56",658
"2019-06-12 04:42:52",658
"2019-06-12 05:42:52",658
"2019-06-12 06:42:52",658
"2019-06-12 07:42:53",658
"2019-06-12 08:42:52",658
"2019-06-12 09:42:55",658
"2019-06-12 10:42:52",658
"2019-06-12 11:42:53",658
"2019-06-12 13:05:57",658
"2019-06-12 13:42:52",658
"2019-06-12 14:42:51",657
"2019-06-12 15:42:53",659
"2019-06-12 16:42:52",661
"2019-06-12 17:42:51",662
"2019-06-12 18:42:52",660
"2019-06-12 19:42:53",663
"2019-06-12 20:42:52",664
"2019-06-12 21:42:52",665
"2019-06-12 22:42:51",665
"2019-06-12 23:42:51",665
"2019-06-13 00:42:52",665
"2019-06-13 01:42:53",665
"2019-06-13 02:42:53",665
"2019-06-13 03:42:51",665
"2019-06-13 04:42:53",665
"2019-06-13 05:42:54",665
"2019-06-13 06:42:52",665
"2019-06-13 07:42:51",665
"2019-06-13 08:42:51",665
"2019-06-13 09:42:51",665
"2019-06-13 10:42:56",665
"2019-06-13 11:42:50",665
"2019-06-13 13:06:53",665
"2019-06-13 13:42:54",665
"2019-06-13 14:42:52",663
"2019-06-13 15:42:54",664
"2019-06-13 16:42:52",660
"2019-06-13 17:42:50",659
"2019-06-13 18:42:51",659
"2019-06-13 19:42:52",659
"2019-06-13 20:42:49",657
"2019-06-13 21:42:50",657
"2019-06-13 22:42:50",657
"2019-06-13 23:42:51",657
"2019-06-14 00:42:52",657
"2019-06-14 01:42:52",657
"2019-06-14 02:42:53",657
"2019-06-14 03:42:51",657
"2019-06-14 04:42:52",657
"2019-06-14 05:42:52",657
"2019-06-14 06:42:57",657
"2019-06-14 07:42:53",657
"2019-06-14 08:42:53",657
"2019-06-14 09:42:51",657
"2019-06-14 10:42:53",657
"2019-06-14 11:42:53",657
"2019-06-14 12:42:53",657
"2019-06-14 13:42:52",658
"2019-06-14 14:42:54",658
"2019-06-14 15:42:54",659
"2019-06-14 16:42:54",657
"2019-06-14 17:42:52",655
"2019-06-14 18:42:52",655
"2019-06-14 19:42:52",655
"2019-06-14 20:42:51",656
"2019-06-14 21:42:53",655
"2019-06-14 22:42:51",655
"2019-06-14 23:42:53",655
"2019-06-15 00:42:52",655
"2019-06-15 01:42:55",655
"2019-06-15 02:42:52",655
"2019-06-15 03:42:52",655
"2019-06-15 04:42:53",655
"2019-06-15 05:42:54",655
"2019-06-15 06:42:51",655
"2019-06-15 07:42:51",655
"2019-06-15 08:42:52",655
"2019-06-15 09:42:53",655
"2019-06-15 10:42:52",655
"2019-06-15 11:42:52",655
"2019-06-15 12:42:54",655
"2019-06-15 13:42:57",655
"2019-06-15 14:42:52",655
"2019-06-15 15:42:51",655
"2019-06-15 16:42:52",655
"2019-06-15 17:42:51",655
"2019-06-15 18:42:53",655
"2019-06-15 19:42:52",655
"2019-06-15 20:42:52",655
"2019-06-15 21:42:56",655
"2019-06-15 22:42:58",655
"2019-06-15 23:42:52",655
"2019-06-16 00:42:52",655
"2019-06-16 01:42:54",655
"2019-06-16 02:42:54",655
"2019-06-16 03:42:52",655
"2019-06-16 04:42:56",655
"2019-06-16 05:42:53",655
"2019-06-16 06:42:54",655
"2019-06-16 07:42:55",655
"2019-06-16 08:42:53",655
"2019-06-16 09:42:51",655
"2019-06-16 10:42:50",655
"2019-06-16 11:42:51",655
"2019-06-16 12:42:52",655
"2019-06-16 13:42:51",655
"2019-06-16 14:42:53",655
"2019-06-16 15:42:53",655
"2019-06-16 16:42:54",655
"2019-06-16 17:42:54",655
"2019-06-16 18:42:55",655
"2019-06-16 19:42:52",655
"2019-06-16 20:42:52",655
"2019-06-16 21:42:53",655
"2019-06-16 22:42:51",655
"2019-06-16 23:42:52",655
"2019-06-17 00:42:52",655
"2019-06-17 01:42:52",655
"2019-06-17 02:42:55",655
"2019-06-17 03:42:55",655
"2019-06-17 04:42:54",655
"2019-06-17 05:42:53",655
"2019-06-17 06:42:52",655
"2019-06-17 07:42:51",655
"2019-06-17 08:42:53",655
"2019-06-17 09:42:51",655
"2019-06-17 10:42:53",655
"2019-06-17 11:42:53",655
"2019-06-17 13:07:25",655
"2019-06-17 13:42:51",655
"2019-06-17 14:42:52",651
"2019-06-17 15:42:53",649
"2019-06-17 16:43:03",649
"2019-06-17 17:42:54",649
"2019-06-17 18:42:56",647
"2019-06-17 19:42:53",647
"2019-06-17 20:42:55",646
"2019-06-17 21:42:52",646
"2019-06-17 22:42:53",646
"2019-06-17 23:42:51",646
"2019-06-18 00:42:51",646
"2019-06-18 01:42:51",646
"2019-06-18 02:43:00",646
"2019-06-18 03:42:54",646
"2019-06-18 04:42:53",646
"2019-06-18 05:42:54",646
"2019-06-18 06:42:52",646
"2019-06-18 07:42:54",646
"2019-06-18 08:42:58",646
"2019-06-18 09:42:51",646
"2019-06-18 10:42:51",646
"2019-06-18 11:42:51",646
"2019-06-18 13:05:25",646
"2019-06-18 13:42:52",646
"2019-06-18 14:42:52",648
"2019-06-18 15:42:52",647
"2019-06-18 16:42:52",644
"2019-06-18 17:42:51",643
"2019-06-18 18:42:54",642
"2019-06-18 19:42:54",641
"2019-06-18 20:42:51",638
"2019-06-18 21:42:51",638
"2019-06-18 22:42:52",638
"2019-06-18 23:42:53",638
"2019-06-19 00:42:52",638
"2019-06-19 01:42:54",638
"2019-06-19 02:42:54",638
"2019-06-19 03:42:54",638
"2019-06-19 04:42:51",638
"2019-06-19 05:43:02",638
"2019-06-19 06:43:06",638
"2019-06-19 07:42:55",638
"2019-06-19 08:42:56",638
"2019-06-19 09:42:52",638
"2019-06-19 10:42:54",638
"2019-06-19 11:42:53",638
"2019-06-19 13:05:27",638
"2019-06-19 13:42:52",638
"2019-06-19 14:42:53",636
"2019-06-19 15:42:52",636
"2019-06-19 16:43:02",633
"2019-06-19 17:42:54",634
"2019-06-19 18:42:51",632
"2019-06-19 19:42:54",633
"2019-06-19 20:42:53",632
"2019-06-19 21:42:52",632
"2019-06-19 22:42:51",632
"2019-06-19 23:42:52",632
"2019-06-20 00:42:53",632
"2019-06-20 01:42:51",632
"2019-06-20 02:42:51",632
"2019-06-20 03:42:52",632
"2019-06-20 04:42:54",632
"2019-06-20 05:42:50",632
"2019-06-20 06:42:51",632
"2019-06-20 07:42:52",632
"2019-06-20 08:42:52",632
"2019-06-20 09:42:53",632
"2019-06-20 10:42:53",632
"2019-06-20 11:42:51",632
"2019-06-20 13:07:06",632
"2019-06-20 13:42:55",632
"2019-06-20 14:42:53",634
"2019-06-20 15:42:53",627
"2019-06-20 16:42:53",631
"2019-06-20 17:42:54",631
"2019-06-20 18:42:51",628
"2019-06-20 19:42:51",626
"2019-06-20 20:42:58",627
"2019-06-20 21:42:52",622
"2019-06-20 22:42:52",622
"2019-06-20 23:42:54",622
"2019-06-21 00:42:52",622
"2019-06-21 01:42:53",622
"2019-06-21 02:42:53",622
"2019-06-21 03:42:53",622
"2019-06-21 04:42:54",622
"2019-06-21 05:42:54",622
"2019-06-21 06:42:54",622
"2019-06-21 07:42:55",622
"2019-06-21 08:42:52",622
"2019-06-21 09:42:52",622
"2019-06-21 10:42:52",622
"2019-06-21 11:42:51",622
"2019-06-21 12:42:52",622
"2019-06-21 13:42:54",622
"2019-06-21 14:42:52",623
"2019-06-21 15:42:52",621
"2019-06-21 16:42:53",621
"2019-06-21 17:42:53",622
"2019-06-21 18:42:53",622
"2019-06-21 19:42:51",622
"2019-06-21 20:42:52",623
"2019-06-21 21:42:54",624
"2019-06-21 22:42:53",623
"2019-06-21 23:42:52",623
"2019-06-22 00:42:53",623
"2019-06-22 01:42:58",623
"2019-06-22 02:42:56",623
"2019-06-22 03:42:52",623
"2019-06-22 04:42:53",623
"2019-06-22 05:42:55",623
"2019-06-22 06:42:55",623
"2019-06-22 07:42:54",623
"2019-06-22 08:42:54",623
"2019-06-22 09:42:56",623
"2019-06-22 10:42:56",623
"2019-06-22 11:42:52",623
"2019-06-22 12:42:59",623
"2019-06-22 13:42:54",623
"2019-06-22 14:42:57",623
"2019-06-22 15:43:06",623
"2019-06-22 16:43:01",623
"2019-06-22 17:42:54",623
"2019-06-22 18:42:59",623
"2019-06-22 19:42:55",623
"2019-06-22 20:42:55",623
"2019-06-22 21:42:54",623
"2019-06-22 22:42:58",623
"2019-06-22 23:42:55",623
"2019-06-23 00:43:05",623
"2019-06-23 01:42:58",623
"2019-06-23 02:42:58",623
"2019-06-23 03:42:56",623
"2019-06-23 04:42:53",623
"2019-06-23 05:42:58",623
"2019-06-23 06:42:54",623
"2019-06-23 07:42:52",623
"2019-06-23 08:42:54",623
"2019-06-23 09:42:54",623
"2019-06-23 10:42:54",623
"2019-06-23 11:42:55",623
"2019-06-23 12:42:52",623
"2019-06-23 13:42:54",623
"2019-06-23 14:42:53",623
"2019-06-23 15:42:53",623
"2019-06-23 16:42:55",623
"2019-06-23 17:42:55",623
"2019-06-23 18:42:51",623
"2019-06-23 19:42:52",623
"2019-06-23 20:42:55",623
"2019-06-23 21:42:53",623
"2019-06-23 22:42:53",623
"2019-06-23 23:42:53",623
"2019-06-24 00:42:55",623
"2019-06-24 01:42:53",623
"2019-06-24 02:42:53",623
"2019-06-24 03:42:57",623
"2019-06-24 04:42:55",623
"2019-06-24 05:42:56",623
"2019-06-24 06:42:58",623
"2019-06-24 07:42:53",623
"2019-06-24 08:42:53",623
"2019-06-24 09:42:56",623
"2019-06-24 10:42:52",623
"2019-06-24 11:42:58",623
"2019-06-24 12:42:57",623
"2019-06-24 13:42:53",623
"2019-06-24 14:42:55",625
"2019-06-24 15:42:54",623
"2019-06-24 16:42:59",620
"2019-06-24 17:42:56",620
"2019-06-24 18:42:57",620
"2019-06-24 19:42:56",620
"2019-06-24 20:42:55",622
"2019-06-24 21:42:56",621
"2019-06-24 22:42:54",621
"2019-06-24 23:42:54",621
"2019-06-25 00:42:54",621
"2019-06-25 01:42:55",621
"2019-06-25 02:42:56",621
"2019-06-25 03:42:55",621
"2019-06-25 04:42:54",621
"2019-06-25 05:42:55",621
"2019-06-25 06:42:58",621
"2019-06-25 07:42:55",621
"2019-06-25 08:42:54",621
"2019-06-25 09:42:57",621
"2019-06-25 10:42:54",621
"2019-06-25 11:42:52",621
"2019-06-25 13:06:27",621
"2019-06-25 13:42:54",621
"2019-06-25 14:42:54",619
"2019-06-25 15:42:54",619
"2019-06-25 16:42:55",619
"2019-06-25 17:42:56",619
"2019-06-25 18:42:56",618
"2019-06-25 19:42:53",617
"2019-06-25 20:42:54",618
"2019-06-25 21:42:52",618
"2019-06-25 22:42:51",618
"2019-06-25 23:42:57",618
"2019-06-26 00:42:55",618
"2019-06-26 01:42:54",618
"2019-06-26 02:42:54",618
"2019-06-26 03:43:03",618
"2019-06-26 04:42:54",618
"2019-06-26 05:42:54",618
"2019-06-26 06:42:54",618
"2019-06-26 07:42:55",618
"2019-06-26 08:42:53",618
"2019-06-26 09:42:51",618
"2019-06-26 10:42:52",618
"2019-06-26 11:42:52",618
"2019-06-26 13:05:25",618
"2019-06-26 13:42:54",618
"2019-06-26 14:42:54",622
"2019-06-26 15:42:53",621
"2019-06-26 16:42:55",620
"2019-06-26 17:42:53",617
"2019-06-26 18:42:54",618
"2019-06-26 19:42:53",619
"2019-06-26 20:42:52",617
"2019-06-26 21:42:53",617
"2019-06-26 22:42:54",617
"2019-06-26 23:42:53",617
"2019-06-27 00:42:55",617
"2019-06-27 01:42:53",617
"2019-06-27 02:42:55",617
"2019-06-27 03:42:52",617
"2019-06-27 04:42:55",617
"2019-06-27 05:42:53",617
"2019-06-27 06:42:55",617
"2019-06-27 07:42:51",617
"2019-06-27 08:42:52",617
"2019-06-27 09:42:52",617
"2019-06-27 10:42:53",617
"2019-06-27 11:42:51",617
"2019-06-27 13:05:27",617
"2019-06-27 13:42:51",617
"2019-06-27 14:42:52",619
"2019-06-27 15:42:54",617
"2019-06-27 16:42:52",618
"2019-06-27 17:42:52",616
"2019-06-27 18:42:52",616
"2019-06-27 19:42:51",616
"2019-06-27 20:42:55",610
"2019-06-27 21:42:56",610
"2019-06-27 22:42:51",610
"2019-06-27 23:43:11",610
"2019-06-28 00:42:53",610
"2019-06-28 01:42:52",610
"2019-06-28 02:42:52",610
"2019-06-28 03:42:55",610
"2019-06-28 04:42:56",610
"2019-06-28 05:42:53",610
"2019-06-28 06:42:52",610
"2019-06-28 07:42:51",610
"2019-06-28 08:42:51",610
"2019-06-28 09:42:52",610
"2019-06-28 10:42:50",610
"2019-06-28 11:42:52",610
"2019-06-28 13:06:26",610
"2019-06-28 13:42:51",610
"2019-06-28 14:42:52",610
"2019-06-28 15:42:54",610
"2019-06-28 16:42:53",609
"2019-06-28 17:42:53",611
"2019-06-28 18:42:51",611
"2019-06-28 19:42:52",611
"2019-06-28 20:42:53",609
"2019-06-28 21:42:53",610
"2019-06-28 22:42:53",610
"2019-06-28 23:42:52",610
"2019-06-29 00:42:54",610
"2019-06-29 01:42:58",610
"2019-06-29 02:42:53",610
"2019-06-29 03:42:52",610
"2019-06-29 04:42:52",610
"2019-06-29 05:42:52",610
"2019-06-29 06:42:52",610
"2019-06-29 07:42:53",610
"2019-06-29 08:42:53",610
"2019-06-29 09:42:53",610
"2019-06-29 10:42:53",610
"2019-06-29 11:42:57",610
"2019-06-29 12:42:56",610
"2019-06-29 13:42:53",610
"2019-06-29 14:42:55",610
"2019-06-29 15:42:55",610
"2019-06-29 16:42:58",610
"2019-06-29 17:42:53",610
"2019-06-29 18:42:54",610
"2019-06-29 19:42:55",610
"2019-06-29 20:42:54",610
"2019-06-29 21:42:56",610
"2019-06-29 22:42:52",610
"2019-06-29 23:42:55",610
"2019-06-30 00:42:54",610
"2019-06-30 01:42:57",610
"2019-06-30 02:42:55",610
"2019-06-30 03:42:54",610
"2019-06-30 04:42:56",610
"2019-06-30 05:42:54",610
"2019-06-30 06:42:55",610
"2019-06-30 07:42:55",610
"2019-06-30 08:42:55",610
"2019-06-30 09:42:54",610
"2019-06-30 10:42:54",610
"2019-06-30 11:42:54",610
"2019-06-30 12:42:53",610
"2019-06-30 13:42:55",610
"2019-06-30 14:42:52",610
"2019-06-30 15:42:54",610
"2019-06-30 16:42:55",610
"2019-06-30 17:42:53",610
"2019-06-30 18:42:54",610
"2019-06-30 19:42:55",610
"2019-06-30 20:42:54",610
"2019-06-30 21:42:53",610
"2019-06-30 22:42:53",610
"2019-06-30 23:42:54",610
"2019-07-01 00:42:55",610
"2019-07-01 01:42:55",610
"2019-07-01 02:42:56",610
"2019-07-01 03:42:55",610
"2019-07-01 04:42:53",610
"2019-07-01 05:42:59",610
"2019-07-01 06:42:54",610
"2019-07-01 07:43:00",610
"2019-07-01 08:43:04",610
"2019-07-01 09:42:54",610
"2019-07-01 10:42:53",610
"2019-07-01 11:42:56",610
"2019-07-01 13:06:26",610
"2019-07-01 13:42:57",610
"2019-07-01 14:43:17",611
"2019-07-01 15:42:57",611
"2019-07-01 16:42:56",611
"2019-07-01 17:42:55",611
"2019-07-01 18:42:55",611
"2019-07-01 19:42:57",611
"2019-07-01 20:42:55",610
"2019-07-01 21:42:54",610
"2019-07-01 22:42:56",610
"2019-07-01 23:42:55",610
"2019-07-02 00:42:58",610
"2019-07-02 01:42:54",610
"2019-07-02 02:43:07",610
"2019-07-02 03:43:03",610
"2019-07-02 04:42:55",610
"2019-07-02 05:43:11",610
"2019-07-02 06:42:56",610
"2019-07-02 07:42:57",610
"2019-07-02 08:42:55",610
"2019-07-02 09:42:53",610
"2019-07-02 10:42:54",610
"2019-07-02 11:42:54",610
"2019-07-02 12:42:58",610
"2019-07-02 13:42:55",610
"2019-07-02 14:42:56",609
"2019-07-02 15:42:54",609
"2019-07-02 16:42:54",609
"2019-07-02 17:42:55",610
"2019-07-02 18:42:54",610
"2019-07-02 19:42:56",612
"2019-07-02 20:42:54",613
"2019-07-02 21:42:55",615
"2019-07-02 22:42:58",615
"2019-07-03 00:42:55",615
"2019-07-03 01:42:53",615
"2019-07-03 02:42:57",615
"2019-07-03 03:42:58",615
"2019-07-03 04:42:56",615
"2019-07-03 05:42:56",615
"2019-07-03 06:42:56",615
"2019-07-03 07:42:55",615
"2019-07-03 08:43:06",615
"2019-07-03 09:42:54",615
"2019-07-03 10:43:00",615
"2019-07-03 11:42:55",615
"2019-07-03 13:07:29",615
"2019-07-03 13:42:56",615
"2019-07-03 14:43:02",612
"2019-07-03 15:42:56",611
"2019-07-03 16:43:14",612
"2019-07-03 17:42:57",612
"2019-07-03 18:42:57",611
"2019-07-03 19:42:55",611
"2019-07-03 20:42:54",611
"2019-07-03 21:42:56",611
"2019-07-03 22:42:55",611
"2019-07-03 23:42:57",611
"2019-07-04 00:42:56",611
"2019-07-04 01:42:55",611
"2019-07-04 02:42:59",611
"2019-07-04 03:42:55",611
"2019-07-04 04:42:55",611
"2019-07-04 05:42:57",611
"2019-07-04 06:42:56",611
"2019-07-04 07:42:55",611
"2019-07-04 08:42:54",611
"2019-07-04 09:42:54",611
"2019-07-04 10:42:56",611
"2019-07-04 11:42:55",611
"2019-07-04 12:42:57",611
"2019-07-04 13:42:59",611
"2019-07-04 14:42:57",611
"2019-07-04 15:42:55",611
"2019-07-04 16:42:55",611
"2019-07-04 17:42:54",611
"2019-07-04 18:42:55",611
"2019-07-04 19:42:54",611
"2019-07-04 20:42:56",611
"2019-07-04 21:42:56",611
"2019-07-04 22:42:56",611
"2019-07-04 23:42:54",611
"2019-07-05 00:42:56",611
"2019-07-05 01:42:54",611
"2019-07-05 02:42:55",611
"2019-07-05 03:42:55",611
"2019-07-05 04:42:54",611
"2019-07-05 05:42:58",611
"2019-07-05 06:42:59",611
"2019-07-05 07:42:55",611
"2019-07-05 08:42:54",611
"2019-07-05 09:42:54",611
"2019-07-05 10:42:58",611
"2019-07-05 11:43:03",611
"2019-07-05 12:42:55",611
"2019-07-05 13:43:02",611
"2019-07-05 14:42:57",612
"2019-07-05 15:42:55",612
"2019-07-05 16:43:06",613
"2019-07-05 17:42:56",616
"2019-07-05 18:42:55",617
"2019-07-05 19:42:55",617
"2019-07-05 20:42:56",619
"2019-07-05 21:42:57",617
"2019-07-05 22:42:58",617
"2019-07-05 23:42:56",617
"2019-07-06 00:42:59",617
"2019-07-06 01:42:59",617
"2019-07-06 02:43:02",617
"2019-07-06 03:42:56",617
"2019-07-06 04:42:55",617
"2019-07-06 05:42:57",617
"2019-07-06 06:42:57",617
"2019-07-06 07:42:53",617
"2019-07-06 08:42:55",617
"2019-07-06 09:42:55",617
"2019-07-06 10:42:55",617
"2019-07-06 11:43:13",617
"2019-07-06 12:42:57",617
"2019-07-06 13:42:55",617
"2019-07-06 14:42:54",617
"2019-07-06 15:42:54",617
"2019-07-06 16:42:58",617
"2019-07-06 17:42:57",617
"2019-07-06 18:42:55",617
"2019-07-06 19:42:59",617
"2019-07-06 20:42:54",617
"2019-07-06 21:42:56",617
"2019-07-06 22:42:55",617
"2019-07-06 23:42:56",617
"2019-07-07 00:42:55",617
"2019-07-07 01:42:55",617
"2019-07-07 02:42:57",617
"2019-07-07 03:42:54",617
"2019-07-07 04:42:55",617
"2019-07-07 05:42:59",617
"2019-07-07 06:42:55",617
"2019-07-07 07:42:55",617
"2019-07-07 08:42:56",617
"2019-07-07 09:42:55",617
"2019-07-07 10:42:57",617
"2019-07-07 11:42:53",617
"2019-07-07 12:42:53",617
"2019-07-07 13:42:53",617
"2019-07-07 14:42:54",617
"2019-07-07 15:42:55",617
"2019-07-07 16:42:56",617
"2019-07-07 17:42:54",617
"2019-07-07 18:42:55",617
"2019-07-07 19:42:53",617
"2019-07-07 20:42:54",617
"2019-07-07 21:42:55",617
"2019-07-07 22:42:56",617
"2019-07-07 23:42:54",617
"2019-07-08 00:42:54",617
"2019-07-08 01:42:57",617
"2019-07-08 02:42:55",617
"2019-07-08 03:42:58",617
"2019-07-08 04:42:53",617
"2019-07-08 05:42:52",617
"2019-07-08 06:42:58",617
"2019-07-08 07:42:59",617
"2019-07-08 08:42:57",617
"2019-07-08 09:43:00",617
"2019-07-08 10:43:02",617
"2019-07-08 11:43:10",617
"2019-07-08 12:42:55",617
"2019-07-08 13:42:54",617
"2019-07-08 14:42:55",615
"2019-07-08 15:42:55",620
"2019-07-08 16:42:56",619
"2019-07-08 17:42:54",617
"2019-07-08 18:42:56",618
"2019-07-08 19:42:54",620
"2019-07-08 20:42:54",621
"2019-07-08 21:42:55",622
"2019-07-08 22:42:55",622
"2019-07-08 23:42:53",622
"2019-07-09 00:42:54",622
"2019-07-09 01:42:53",622
"2019-07-09 02:43:01",622
"2019-07-09 03:42:57",622
"2019-07-09 04:42:56",622
"2019-07-09 05:43:03",622
"2019-07-09 06:42:58",622
"2019-07-09 07:42:58",622
"2019-07-09 08:42:55",622
"2019-07-09 09:42:55",622
"2019-07-09 10:42:53",622
"2019-07-09 11:42:55",622
"2019-07-09 13:05:58",623
"2019-07-09 13:42:53",623
"2019-07-09 14:42:54",628
"2019-07-09 15:42:55",627
"2019-07-09 16:42:53",626
"2019-07-09 17:42:57",626
"2019-07-09 18:42:54",626
"2019-07-09 19:42:55",625
"2019-07-09 20:42:55",624
"2019-07-09 21:42:54",624
"2019-07-09 22:42:53",626
"2019-07-09 23:42:54",626
"2019-07-10 00:42:54",626
"2019-07-10 01:42:55",626
"2019-07-10 02:42:54",626
"2019-07-10 03:42:54",626
"2019-07-10 04:42:54",626
"2019-07-10 05:42:57",626
"2019-07-10 06:42:56",626
"2019-07-10 07:42:52",626
"2019-07-10 08:42:53",626
"2019-07-10 09:42:52",626
"2019-07-10 10:42:53",626
"2019-07-10 11:42:55",626
"2019-07-10 12:42:57",626
"2019-07-10 13:42:55",626
"2019-07-10 14:42:54",625
"2019-07-10 15:42:56",624
"2019-07-10 16:43:06",624
"2019-07-10 17:42:54",623
"2019-07-10 18:42:54",621
"2019-07-10 19:42:54",615
"2019-07-10 20:42:54",617
"2019-07-10 21:42:54",616
"2019-07-10 22:42:59",617
"2019-07-10 23:42:53",617
"2019-07-11 00:42:53",617
"2019-07-11 01:42:54",617
"2019-07-11 02:42:59",617
"2019-07-11 03:42:57",617
"2019-07-11 04:42:57",617
"2019-07-11 05:42:56",617
"2019-07-11 06:42:56",617
"2019-07-11 07:42:54",617
"2019-07-11 08:42:59",617
"2019-07-11 09:42:54",617
"2019-07-11 10:42:56",617
"2019-07-11 11:42:54",617
"2019-07-11 12:42:53",617
"2019-07-11 13:42:54",617
"2019-07-11 14:42:54",624
"2019-07-11 15:42:54",624
"2019-07-11 16:42:54",625
"2019-07-11 17:42:54",624
"2019-07-11 18:42:55",622
"2019-07-11 19:42:54",622
"2019-07-11 20:42:53",623
"2019-07-11 21:42:59",624
"2019-07-11 22:42:52",624
"2019-07-11 23:42:55",624
"2019-07-12 00:42:53",624
"2019-07-12 01:42:55",624
"2019-07-12 02:42:54",624
"2019-07-12 03:42:53",624
"2019-07-12 04:42:53",624
"2019-07-12 05:42:57",624
"2019-07-12 06:43:00",624
"2019-07-12 07:42:54",624
"2019-07-12 08:42:54",624
"2019-07-12 09:42:58",624
"2019-07-12 10:42:56",624
"2019-07-12 11:42:54",624
"2019-07-12 13:06:28",624
"2019-07-12 13:42:56",624
"2019-07-12 14:42:54",627
"2019-07-12 15:43:12",628
"2019-07-12 16:42:57",628
"2019-07-12 17:42:58",628
"2019-07-12 18:42:54",626
"2019-07-12 19:42:53",626
"2019-07-12 20:42:52",627
"2019-07-12 21:42:54",627
"2019-07-12 22:43:01",627
"2019-07-12 23:42:54",627
"2019-07-13 00:42:54",627
"2019-07-13 01:42:55",627
"2019-07-13 02:42:57",627
"2019-07-13 03:42:53",627
"2019-07-13 04:42:54",627
"2019-07-13 05:42:54",627
"2019-07-13 06:42:54",627
"2019-07-13 07:42:55",627
"2019-07-13 08:42:53",627
"2019-07-13 09:42:54",627
"2019-07-13 10:42:54",627
"2019-07-13 11:42:57",627
"2019-07-13 12:42:57",627
"2019-07-13 13:42:54",627
"2019-07-13 14:42:53",627
"2019-07-13 15:42:55",627
"2019-07-13 16:43:20",627
"2019-07-13 17:42:58",627
"2019-07-13 18:42:58",627
"2019-07-13 19:42:57",627
"2019-07-13 20:42:58",627
"2019-07-13 21:42:56",627
"2019-07-13 22:42:54",627
"2019-07-13 23:42:55",627
"2019-07-14 00:42:54",627
"2019-07-14 01:43:02",627
"2019-07-14 02:42:55",627
"2019-07-14 03:42:56",627
"2019-07-14 04:42:55",627
"2019-07-14 05:42:57",627
"2019-07-14 06:42:56",627
"2019-07-14 07:42:54",627
"2019-07-14 08:42:54",627
"2019-07-14 09:42:52",627
"2019-07-14 10:42:54",627
"2019-07-14 11:42:56",627
"2019-07-14 12:42:54",627
"2019-07-14 13:42:56",627
"2019-07-14 14:42:54",627
"2019-07-14 15:42:55",627
"2019-07-14 16:42:59",627
"2019-07-14 17:42:54",627
"2019-07-14 18:42:54",627
"2019-07-14 19:42:54",627
"2019-07-14 20:43:02",627
"2019-07-14 21:42:53",627
"2019-07-14 22:42:53",627
"2019-07-14 23:42:54",627
"2019-07-15 00:42:55",627
"2019-07-15 01:42:53",627
"2019-07-15 02:42:54",627
"2019-07-15 03:42:53",627
"2019-07-15 04:42:53",627
"2019-07-15 05:42:57",627
"2019-07-15 06:43:00",627
"2019-07-15 07:42:54",627
"2019-07-15 08:42:53",627
"2019-07-15 09:42:53",627
"2019-07-15 10:42:54",627
"2019-07-15 11:42:53",627
"2019-07-15 13:06:58",627
"2019-07-15 13:42:56",627
"2019-07-15 14:42:54",632
"2019-07-15 15:42:54",631
"2019-07-15 16:43:09",629
"2019-07-15 17:42:55",630
"2019-07-15 18:42:53",631
"2019-07-15 19:42:54",631
"2019-07-15 20:42:54",632
"2019-07-15 21:42:54",632
"2019-07-15 22:42:58",632
"2019-07-15 23:42:54",632
"2019-07-16 00:42:53",632
"2019-07-16 01:42:54",632
"2019-07-16 02:43:00",632
"2019-07-16 03:42:54",632
"2019-07-16 04:42:53",632
"2019-07-16 05:42:59",632
"2019-07-16 06:42:57",632
"2019-07-16 07:42:53",632
"2019-07-16 08:42:54",632
"2019-07-16 09:42:54",632
"2019-07-16 10:42:56",632
"2019-07-16 11:42:53",632
"2019-07-16 13:06:57",633
"2019-07-16 13:42:56",633
"2019-07-16 14:42:54",633
"2019-07-16 15:43:02",633
"2019-07-16 16:42:56",631
"2019-07-16 17:42:56",631
"2019-07-16 18:42:55",631
"2019-07-16 19:42:53",631
"2019-07-16 20:43:15",631
"2019-07-16 21:42:54",631
"2019-07-16 22:42:54",632
"2019-07-16 23:42:54",632
"2019-07-17 00:42:54",632
"2019-07-17 01:42:55",632
"2019-07-17 02:42:56",632
"2019-07-17 03:42:55",632
"2019-07-17 04:42:55",632
"2019-07-17 05:43:08",632
"2019-07-17 06:42:57",632
"2019-07-17 07:42:58",632
"2019-07-17 08:42:55",632
"2019-07-17 09:42:55",632
"2019-07-17 10:42:55",632
"2019-07-17 11:42:54",632
"2019-07-17 13:06:29",632
"2019-07-17 13:42:54",632
"2019-07-17 14:42:56",632
"2019-07-17 15:43:01",632
"2019-07-17 16:42:59",631
"2019-07-17 17:42:53",632
"2019-07-17 18:42:55",633
"2019-07-17 19:42:53",634
"2019-07-17 20:42:54",635
"2019-07-17 21:42:53",635
"2019-07-17 22:42:54",636
"2019-07-17 23:42:54",636
"2019-07-18 00:42:53",636
"2019-07-18 01:42:59",636
"2019-07-18 02:42:55",636
"2019-07-18 03:42:55",636
"2019-07-18 04:42:53",636
"2019-07-18 05:42:57",636
"2019-07-18 06:42:57",636
"2019-07-18 07:42:52",636
"2019-07-18 08:42:57",636
"2019-07-18 09:42:53",636
"2019-07-18 10:42:54",636
"2019-07-18 11:42:53",636
"2019-07-18 13:07:01",636
"2019-07-18 13:42:53",636
"2019-07-18 14:42:54",631
"2019-07-18 15:42:53",628
"2019-07-18 16:43:00",629
"2019-07-18 17:42:55",629
"2019-07-18 18:42:55",629
"2019-07-18 19:42:56",630
"2019-07-18 20:42:55",632
"2019-07-18 21:42:55",631
"2019-07-18 22:42:55",631
"2019-07-18 23:42:57",631
"2019-07-19 00:42:55",631
"2019-07-19 01:42:55",631
"2019-07-19 02:42:57",631
"2019-07-19 03:42:54",631
"2019-07-19 04:42:55",631
"2019-07-19 05:43:10",631
"2019-07-19 06:42:56",631
"2019-07-19 07:42:58",631
"2019-07-19 08:42:54",631
"2019-07-19 09:42:54",631
"2019-07-19 10:42:54",631
"2019-07-19 11:42:54",631
"2019-07-19 13:06:28",631
"2019-07-19 13:42:55",631
"2019-07-19 14:42:54",633
"2019-07-19 15:42:56",632
"2019-07-19 16:42:55",631
"2019-07-19 17:42:57",631
"2019-07-19 18:42:56",632
"2019-07-19 19:42:55",630
"2019-07-19 20:42:55",631
"2019-07-19 21:42:54",631
"2019-07-19 22:42:55",631
"2019-07-19 23:42:54",631
"2019-07-20 00:42:55",631
"2019-07-20 01:43:02",631
"2019-07-20 02:43:02",631
"2019-07-20 03:42:56",631
"2019-07-20 04:43:03",631
"2019-07-20 05:43:00",631
"2019-07-20 06:42:55",631
"2019-07-20 07:42:54",631
"2019-07-20 08:42:56",631
"2019-07-20 09:42:53",631
"2019-07-20 10:42:53",631
"2019-07-20 11:42:54",631
"2019-07-20 12:42:55",631
"2019-07-20 13:42:54",631
"2019-07-20 14:42:54",631
"2019-07-20 15:42:54",631
"2019-07-20 16:42:56",631
"2019-07-20 17:42:55",631
"2019-07-20 18:42:54",631
"2019-07-20 19:42:55",631
"2019-07-20 20:42:53",631
"2019-07-20 21:42:56",631
"2019-07-20 22:42:53",631
"2019-07-20 23:42:54",631
"2019-07-21 00:42:56",631
"2019-07-21 01:42:55",631
"2019-07-21 02:42:56",631
"2019-07-21 03:42:54",631
"2019-07-21 04:42:54",631
"2019-07-21 05:43:02",631
"2019-07-21 06:43:03",631
"2019-07-21 07:42:53",631
"2019-07-21 08:42:55",631
"2019-07-21 09:42:56",631
"2019-07-21 10:43:03",631
"2019-07-21 11:42:55",631
"2019-07-21 12:42:54",631
"2019-07-21 13:42:56",631
"2019-07-21 14:42:54",631
"2019-07-21 15:42:54",631
"2019-07-21 16:42:55",631
"2019-07-21 17:42:54",631
"2019-07-21 18:42:55",631
"2019-07-21 19:42:55",631
"2019-07-21 20:42:55",631
"2019-07-21 21:42:56",631
"2019-07-21 22:42:53",631
"2019-07-21 23:42:55",631
"2019-07-22 00:42:54",631
"2019-07-22 01:42:55",631
"2019-07-22 02:42:55",631
"2019-07-22 03:42:55",631
"2019-07-22 04:42:55",631
"2019-07-22 05:42:58",631
"2019-07-22 06:43:03",631
"2019-07-22 07:42:54",631
"2019-07-22 08:42:55",631
"2019-07-22 09:42:54",631
"2019-07-22 10:42:54",631
"2019-07-22 11:43:05",631
"2019-07-22 12:42:59",631
"2019-07-22 13:42:55",631
"2019-07-22 14:42:56",634
"2019-07-22 15:42:55",630
"2019-07-22 16:42:57",632
"2019-07-22 17:42:56",629
"2019-07-22 18:43:00",628
"2019-07-22 19:42:57",626
"2019-07-22 20:42:57",626
"2019-07-22 21:42:59",626
"2019-07-22 22:42:55",626
"2019-07-22 23:42:55",626
"2019-07-23 00:42:54",626
"2019-07-23 01:42:54",626
"2019-07-23 02:42:59",626
"2019-07-23 03:42:56",626
"2019-07-23 04:42:56",626
"2019-07-23 05:42:58",626
"2019-07-23 06:43:00",626
"2019-07-23 07:42:56",626
"2019-07-23 08:42:54",626
"2019-07-23 09:42:56",626
"2019-07-23 10:42:56",626
"2019-07-23 11:42:55",626
"2019-07-23 13:06:00",626
"2019-07-23 13:42:55",626
"2019-07-23 14:42:56",628
"2019-07-23 15:43:01",628
"2019-07-23 16:42:57",628
"2019-07-23 17:42:54",629
"2019-07-23 18:42:56",629
"2019-07-23 19:42:55",629
"2019-07-23 20:42:55",629
"2019-07-23 21:42:56",629
"2019-07-23 22:42:58",629
"2019-07-23 23:42:56",629
"2019-07-24 00:42:55",629
"2019-07-24 01:42:56",629
"2019-07-24 02:43:01",629
"2019-07-24 03:42:56",629
"2019-07-24 04:42:55",629
"2019-07-24 05:42:56",629
"2019-07-24 06:42:54",629
"2019-07-24 07:42:54",629
"2019-07-24 08:42:55",629
"2019-07-24 09:42:56",629
"2019-07-24 10:42:56",629
"2019-07-24 11:42:54",629
"2019-07-24 13:05:29",629
"2019-07-24 13:42:56",629
"2019-07-24 14:42:54",630
"2019-07-24 15:42:56",630
"2019-07-24 16:42:56",630
"2019-07-24 17:42:54",629
"2019-07-24 18:42:57",628
"2019-07-24 19:42:55",628
"2019-07-24 20:42:56",628
"2019-07-24 21:42:55",628
"2019-07-24 22:42:54",628
"2019-07-24 23:42:55",628
"2019-07-25 00:42:55",628
"2019-07-25 01:43:00",628
"2019-07-25 02:43:09",628
"2019-07-25 03:42:55",628
"2019-07-25 04:42:55",628
"2019-07-25 05:43:00",628
"2019-07-25 06:42:59",628
"2019-07-25 07:42:55",628
"2019-07-25 08:42:57",628
"2019-07-25 09:42:55",628
"2019-07-25 10:43:04",628
"2019-07-25 11:42:54",628
"2019-07-25 13:06:00",628
"2019-07-25 13:42:59",628
"2019-07-25 14:42:56",629
"2019-07-25 15:42:55",631
"2019-07-25 16:42:58",631
"2019-07-25 17:42:56",631
"2019-07-25 18:43:03",630
"2019-07-25 19:43:31",630
"2019-07-25 20:43:00",631
"2019-07-25 21:42:59",632
"2019-07-25 22:42:55",632
"2019-07-25 23:42:56",632
"2019-07-26 00:43:07",632
"2019-07-26 01:42:56",632
"2019-07-26 02:42:58",632
"2019-07-26 03:42:58",632
"2019-07-26 04:43:00",632
"2019-07-26 05:43:03",632
"2019-07-26 06:43:12",632
"2019-07-26 07:43:03",632
"2019-07-26 08:42:54",632
"2019-07-26 09:42:55",632
"2019-07-26 10:42:57",632
"2019-07-26 11:42:59",632
"2019-07-26 13:08:01",632
"2019-07-26 13:42:58",632
"2019-07-26 14:42:57",630
"2019-07-26 15:42:57",630
"2019-07-26 16:42:59",628
"2019-07-26 17:42:59",627
"2019-07-26 18:42:59",628
"2019-07-26 19:42:57",631
"2019-07-26 20:42:56",629
"2019-07-26 22:42:56",627
"2019-07-26 23:42:55",627
"2019-07-27 00:42:55",627
"2019-07-27 01:42:56",627
"2019-07-27 02:42:58",627
"2019-07-27 03:42:56",627
"2019-07-27 04:42:56",627
"2019-07-27 05:42:56",627
"2019-07-27 06:42:56",627
"2019-07-27 07:42:55",627
"2019-07-27 08:42:55",627
"2019-07-27 09:42:55",627
"2019-07-27 10:42:57",627
"2019-07-27 11:42:55",627
"2019-07-27 12:42:56",627
"2019-07-27 13:42:54",627
"2019-07-27 14:42:56",627
"2019-07-27 15:42:58",627
"2019-07-27 16:43:03",627
"2019-07-27 17:43:00",627
"2019-07-27 18:42:58",627
"2019-07-27 19:42:57",627
"2019-07-27 20:42:58",627
"2019-07-27 21:42:57",627
"2019-07-27 22:42:57",627
"2019-07-27 23:42:56",627
"2019-07-28 00:42:56",627
"2019-07-28 01:42:55",627
"2019-07-28 02:42:55",627
"2019-07-28 03:42:54",627
"2019-07-28 04:42:56",627
"2019-07-28 05:42:55",627
"2019-07-28 06:42:55",627
"2019-07-28 07:42:56",627
"2019-07-28 08:42:54",627
"2019-07-28 09:42:54",627
"2019-07-28 10:42:53",627
"2019-07-28 11:42:54",627
"2019-07-28 12:42:55",627
"2019-07-28 13:42:55",627
"2019-07-28 14:42:55",627
"2019-07-28 15:42:54",627
"2019-07-28 16:42:57",627
"2019-07-28 17:42:56",627
"2019-07-28 18:42:55",627
"2019-07-28 19:42:55",627
"2019-07-28 20:42:54",627
"2019-07-28 21:42:55",627
"2019-07-28 22:42:57",627
"2019-07-28 23:42:57",627
"2019-07-29 00:42:55",627
"2019-07-29 01:42:55",627
"2019-07-29 02:42:56",627
"2019-07-29 03:42:56",627
"2019-07-29 04:42:56",627
"2019-07-29 05:42:59",627
"2019-07-29 06:43:07",627
"2019-07-29 07:42:57",627
"2019-07-29 08:42:55",627
"2019-07-29 09:42:56",627
"2019-07-29 10:42:56",627
"2019-07-29 11:42:55",627
"2019-07-29 13:06:59",627
"2019-07-29 13:42:58",627
"2019-07-29 14:42:56",628
"2019-07-29 15:42:56",631
"2019-07-29 16:42:56",632
"2019-07-29 17:42:56",631
"2019-07-29 18:42:56",629
"2019-07-29 19:42:55",629
"2019-07-29 20:42:55",626
"2019-07-29 21:42:55",628
"2019-07-29 22:42:56",629
"2019-07-29 23:42:55",629
"2019-07-30 00:42:56",629
"2019-07-30 01:42:56",629
"2019-07-30 02:42:56",629
"2019-07-30 03:42:55",629
"2019-07-30 04:42:55",629
"2019-07-30 05:42:56",629
"2019-07-30 06:42:56",629
"2019-07-30 07:43:03",629
"2019-07-30 08:42:56",629
"2019-07-30 09:42:55",629
"2019-07-30 10:42:54",629
"2019-07-30 11:42:58",629
"2019-07-30 12:42:56",629
"2019-07-30 13:42:56",629
"2019-07-30 14:42:57",635
"2019-07-30 15:42:57",635
"2019-07-30 16:42:57",636
"2019-07-30 17:43:02",636
"2019-07-30 18:43:00",640
"2019-07-30 19:43:00",638
"2019-07-30 20:42:58",638
"2019-07-30 21:42:57",638
"2019-07-30 22:42:58",639
"2019-07-30 23:42:56",639
"2019-07-31 00:42:57",639
"2019-07-31 01:42:57",639
"2019-07-31 02:42:56",639
"2019-07-31 03:42:58",639
"2019-07-31 04:42:58",639
"2019-07-31 05:43:05",639
"2019-07-31 06:42:58",639
"2019-07-31 07:42:56",639
"2019-07-31 08:42:57",639
"2019-07-31 09:42:58",639
"2019-07-31 10:42:56",639
"2019-07-31 11:42:55",639
"2019-07-31 13:07:03",639
"2019-07-31 13:42:57",639
"2019-07-31 14:42:58",637
"2019-07-31 15:42:57",637
"2019-07-31 16:43:01",637
"2019-07-31 17:42:57",636
"2019-07-31 18:42:56",638
"2019-07-31 19:42:56",638
"2019-07-31 20:42:58",637
"2019-07-31 21:42:58",635
"2019-07-31 22:42:56",635
"2019-07-31 23:42:57",635
"2019-08-01 00:42:57",635
"2019-08-01 01:43:08",635
"2019-08-01 02:42:59",635
"2019-08-01 03:42:57",635
"2019-08-01 04:42:56",635
"2019-08-01 05:43:00",635
"2019-08-01 06:42:58",635
"2019-08-01 07:43:02",635
"2019-08-01 08:42:56",635
"2019-08-01 09:42:58",635
"2019-08-01 10:42:57",635
"2019-08-01 11:42:55",635
"2019-08-01 13:05:30",635
"2019-08-01 13:42:58",635
"2019-08-01 14:42:57",639
"2019-08-01 15:43:04",641
"2019-08-01 16:43:01",641
"2019-08-01 17:42:59",640
"2019-08-01 18:42:56",640
"2019-08-01 19:42:56",639
"2019-08-01 20:42:57",643
"2019-08-01 21:42:57",643
"2019-08-01 22:42:55",643
"2019-08-01 23:42:58",643
"2019-08-02 00:42:56",643
"2019-08-02 01:42:56",643
"2019-08-02 02:42:56",643
"2019-08-02 03:42:56",643
"2019-08-02 04:42:56",643
"2019-08-02 05:42:59",643
"2019-08-02 06:42:56",643
"2019-08-02 07:42:54",643
"2019-08-02 08:42:56",643
"2019-08-02 09:42:57",643
"2019-08-02 10:43:06",643
"2019-08-02 11:42:56",643
"2019-08-02 13:07:01",643
"2019-08-02 13:42:59",643
"2019-08-02 14:42:58",646
"2019-08-02 15:42:58",647
"2019-08-02 16:43:00",647
"2019-08-02 17:42:57",646
"2019-08-02 18:42:58",645
"2019-08-02 19:42:59",644
"2019-08-02 20:42:58",645
"2019-08-02 21:42:57",646
"2019-08-02 22:42:56",647
"2019-08-02 23:42:57",647
"2019-08-03 00:42:57",647
"2019-08-03 01:42:56",647
"2019-08-03 02:43:04",647
"2019-08-03 03:42:57",647
"2019-08-03 04:42:56",647
"2019-08-03 05:43:04",647
"2019-08-03 06:42:57",647
"2019-08-03 07:42:55",647
"2019-08-03 08:42:58",647
"2019-08-03 09:42:57",647
"2019-08-03 10:42:57",647
"2019-08-03 11:42:57",647
"2019-08-03 12:42:58",647
"2019-08-03 13:42:58",647
"2019-08-03 14:42:57",647
"2019-08-03 15:42:56",647
"2019-08-03 16:42:58",647
"2019-08-03 17:42:58",647
"2019-08-03 18:42:58",647
"2019-08-03 19:42:57",647
"2019-08-03 20:42:56",647
"2019-08-03 21:42:55",647
"2019-08-03 22:42:56",647
"2019-08-03 23:42:56",647
"2019-08-04 00:42:57",647
"2019-08-04 01:42:56",647
"2019-08-04 02:43:02",647
"2019-08-04 03:42:58",647
"2019-08-04 04:42:56",647
"2019-08-04 05:43:02",647
"2019-08-04 06:42:56",647
"2019-08-04 07:42:57",647
"2019-08-04 08:42:58",647
"2019-08-04 09:42:57",647
"2019-08-04 10:42:57",647
"2019-08-04 11:42:54",647
"2019-08-04 12:42:56",647
"2019-08-04 13:42:57",647
"2019-08-04 14:42:56",647
"2019-08-04 15:42:57",647
"2019-08-04 16:42:57",647
"2019-08-04 17:42:57",647
"2019-08-04 18:42:58",647
"2019-08-04 19:42:57",647
"2019-08-04 20:42:57",647
"2019-08-04 21:42:57",647
"2019-08-04 22:42:57",647
"2019-08-04 23:42:56",647
"2019-08-05 00:42:56",647
"2019-08-05 01:42:58",647
"2019-08-05 02:42:59",647
"2019-08-05 03:42:57",647
"2019-08-05 04:42:58",647
"2019-08-05 05:42:59",647
"2019-08-05 06:42:57",647
"2019-08-05 07:43:01",647
"2019-08-05 08:42:58",647
"2019-08-05 09:42:59",647
"2019-08-05 10:42:57",647
"2019-08-05 11:42:57",647
"2019-08-05 13:07:32",647
"2019-08-05 13:43:00",647
"2019-08-05 14:42:59",651
"2019-08-05 15:42:57",650
"2019-08-05 16:42:58",651
"2019-08-05 17:42:59",651
"2019-08-05 18:43:00",651
"2019-08-05 19:42:58",650
"2019-08-05 20:42:57",650
"2019-08-05 21:42:57",650
"2019-08-05 22:42:58",650
"2019-08-05 23:42:59",650
"2019-08-06 00:43:07",650
"2019-08-06 01:43:01",650
"2019-08-06 02:42:58",650
"2019-08-06 03:42:57",650
"2019-08-06 04:42:59",650
"2019-08-06 05:42:59",650
"2019-08-06 06:42:57",650
"2019-08-06 07:42:57",650
"2019-08-06 08:42:57",650
"2019-08-06 09:43:02",650
"2019-08-06 10:42:56",650
"2019-08-06 11:42:56",650
"2019-08-06 12:42:57",650
"2019-08-06 13:42:59",650
"2019-08-06 14:42:57",651
"2019-08-06 15:42:58",651
"2019-08-06 16:42:59",653
"2019-08-06 17:42:57",652
"2019-08-06 18:42:56",654
"2019-08-06 19:42:57",652
"2019-08-06 20:42:58",650
"2019-08-06 21:42:57",650
"2019-08-06 22:42:56",650
"2019-08-06 23:42:57",650
"2019-08-07 00:42:58",650
"2019-08-07 01:42:59",650
"2019-08-07 02:43:00",650
"2019-08-07 03:42:58",650
"2019-08-07 04:42:57",650
"2019-08-07 05:42:58",650
"2019-08-07 06:43:03",650
"2019-08-07 07:42:56",650
"2019-08-07 08:42:58",650
"2019-08-07 09:42:57",650
"2019-08-07 10:43:05",650
"2019-08-07 11:42:57",650
"2019-08-07 12:42:59",650
"2019-08-07 13:43:00",650
"2019-08-07 14:42:59",648
"2019-08-07 15:42:58",648
"2019-08-07 16:42:58",647
"2019-08-07 17:42:58",646
"2019-08-07 18:42:58",645
"2019-08-07 19:42:57",643
"2019-08-07 20:42:57",643
"2019-08-07 21:42:57",643
"2019-08-07 22:42:56",643
"2019-08-07 23:42:58",643
"2019-08-08 00:42:58",643
"2019-08-08 01:42:57",643
"2019-08-08 02:43:04",643
"2019-08-08 03:42:57",643
"2019-08-08 04:42:57",643
"2019-08-08 05:42:57",643
"2019-08-08 06:43:00",643
"2019-08-08 07:42:57",643
"2019-08-08 08:42:57",643
"2019-08-08 09:42:57",643
"2019-08-08 10:43:01",643
"2019-08-08 11:42:56",643
"2019-08-08 12:42:59",643
"2019-08-08 13:42:58",643
"2019-08-08 14:42:58",645
"2019-08-08 15:42:58",645
"2019-08-08 16:43:00",647
"2019-08-08 17:42:58",647
"2019-08-08 18:42:58",646
"2019-08-08 19:42:58",647
"2019-08-08 20:42:59",648
"2019-08-08 21:43:00",648
"2019-08-08 22:42:59",648
"2019-08-08 23:43:00",648
"2019-08-09 00:43:00",648
"2019-08-09 01:43:01",648
"2019-08-09 02:43:01",648
"2019-08-09 03:43:00",648
"2019-08-09 04:43:01",648
"2019-08-09 05:43:04",648
"2019-08-09 06:43:01",648
"2019-08-09 07:43:03",648
"2019-08-09 08:43:01",648
"2019-08-09 09:43:07",648
"2019-08-09 10:43:01",648
"2019-08-09 11:43:01",648
"2019-08-09 13:07:04",648
"2019-08-09 13:43:01",648
"2019-08-09 14:43:06",647
"2019-08-09 15:43:00",648
"2019-08-09 16:43:07",648
"2019-08-09 17:43:00",648
"2019-08-09 18:43:00",648
"2019-08-09 19:43:00",648
"2019-08-09 20:42:59",648
"2019-08-09 21:43:01",648
"2019-08-09 22:43:01",648
"2019-08-09 23:43:02",648
"2019-08-10 00:43:02",648
"2019-08-10 01:43:00",648
"2019-08-10 02:43:14",648
"2019-08-10 03:43:00",648
"2019-08-10 04:43:01",648
"2019-08-10 05:43:03",648
"2019-08-10 06:43:00",648
"2019-08-10 07:43:00",648
"2019-08-10 08:42:59",648
"2019-08-10 09:43:00",648
"2019-08-10 10:43:02",648
"2019-08-10 11:42:59",648
"2019-08-10 12:43:02",648
"2019-08-10 13:43:02",648
"2019-08-10 14:42:59",648
"2019-08-10 15:42:59",648
"2019-08-10 16:43:07",648
"2019-08-10 17:43:00",648
"2019-08-10 18:43:00",648
"2019-08-10 19:43:00",648
"2019-08-10 20:43:00",648
"2019-08-10 21:42:58",648
"2019-08-10 22:42:59",648
"2019-08-10 23:42:59",648
"2019-08-11 00:42:58",648
"2019-08-11 01:42:59",648
"2019-08-11 02:43:08",648
"2019-08-11 03:43:01",648
"2019-08-11 04:42:59",648
"2019-08-11 05:43:07",648
"2019-08-11 06:42:59",648
"2019-08-11 07:43:00",648
"2019-08-11 08:42:59",648
"2019-08-11 09:42:58",648
"2019-08-11 10:42:59",648
"2019-08-11 11:42:59",648
"2019-08-11 12:43:00",648
"2019-08-11 13:43:01",648
"2019-08-11 14:43:00",648
"2019-08-11 15:42:59",648
"2019-08-11 16:43:00",648
"2019-08-11 17:42:59",648
"2019-08-11 18:43:00",648
"2019-08-11 19:43:01",648
"2019-08-11 20:43:02",648
"2019-08-11 21:43:01",648
"2019-08-11 22:43:01",648
"2019-08-11 23:43:02",648
"2019-08-12 00:43:02",648
"2019-08-12 01:43:02",648
"2019-08-12 02:43:05",648
"2019-08-12 03:43:02",648
"2019-08-12 04:43:01",648
"2019-08-12 05:43:06",648
"2019-08-12 06:43:09",648
"2019-08-12 07:43:00",648
"2019-08-12 08:43:02",648
"2019-08-12 09:43:00",648
"2019-08-12 10:43:05",648
"2019-08-12 11:43:00",648
"2019-08-12 12:43:05",648
"2019-08-12 13:43:11",648
"2019-08-12 14:43:00",650
"2019-08-12 15:43:01",650
"2019-08-12 16:43:11",649
"2019-08-12 17:43:00",648
"2019-08-12 18:42:58",647
"2019-08-12 19:42:58",646
"2019-08-12 20:43:00",646
"2019-08-12 21:42:59",646
"2019-08-12 22:42:59",646
"2019-08-12 23:43:00",646
"2019-08-13 00:42:58",646
"2019-08-13 01:43:01",646
"2019-08-13 02:43:04",646
"2019-08-13 03:43:00",646
"2019-08-13 04:42:57",646
"2019-08-13 05:43:03",646
"2019-08-13 06:42:59",646
"2019-08-13 07:42:59",646
"2019-08-13 08:42:58",646
"2019-08-13 09:43:00",646
"2019-08-13 10:43:03",646
"2019-08-13 11:43:01",646
"2019-08-13 12:43:02",646
"2019-08-13 13:43:02",646
"2019-08-13 14:43:00",647
"2019-08-13 15:43:05",649
"2019-08-13 16:43:02",649
"2019-08-13 17:43:00",650
"2019-08-13 18:43:00",649
"2019-08-13 19:43:00",650
"2019-08-13 20:43:00",651
"2019-08-13 21:43:02",651
"2019-08-13 22:43:08",651
"2019-08-13 23:43:01",651
"2019-08-14 00:43:03",651
"2019-08-14 01:43:02",651
"2019-08-14 02:43:02",651
"2019-08-14 03:43:00",651
"2019-08-14 04:42:59",651
"2019-08-14 05:43:16",651
"2019-08-14 06:43:00",651
"2019-08-14 07:42:59",651
"2019-08-14 08:42:58",651
"2019-08-14 09:43:02",651
"2019-08-14 10:42:57",651
"2019-08-14 11:42:58",651
"2019-08-14 13:06:06",651
"2019-08-14 13:43:01",651
"2019-08-14 14:43:02",648
"2019-08-14 15:43:02",649
"2019-08-14 16:43:00",647
"2019-08-14 17:42:58",648
"2019-08-14 18:43:01",647
"2019-08-14 19:43:02",646
"2019-08-14 20:43:00",645
"2019-08-14 21:43:06",645
"2019-08-14 22:42:59",645
"2019-08-14 23:42:59",645
"2019-08-15 00:42:59",645
"2019-08-15 01:43:00",645
"2019-08-15 02:43:03",645
"2019-08-15 03:43:00",645
"2019-08-15 04:43:01",645
"2019-08-15 05:43:05",645
"2019-08-15 06:42:59",645
"2019-08-15 07:42:58",645
"2019-08-15 08:43:13",645
"2019-08-15 09:42:59",645
"2019-08-15 10:42:59",645
"2019-08-15 11:42:58",645
"2019-08-15 13:06:05",645
"2019-08-15 13:43:07",645
"2019-08-15 14:43:01",645
"2019-08-15 15:42:58",645
"2019-08-15 16:43:16",647
"2019-08-15 17:42:56",647
"2019-08-15 18:42:59",647
"2019-08-15 19:42:58",648
"2019-08-15 20:42:59",646
"2019-08-15 21:42:57",646
"2019-08-15 22:42:57",646
"2019-08-15 23:43:03",646
"2019-08-16 00:43:01",646
"2019-08-16 01:43:11",646
"2019-08-16 02:43:00",646
"2019-08-16 03:43:00",646
"2019-08-16 04:42:56",646
"2019-08-16 05:43:15",646
"2019-08-16 06:42:57",646
"2019-08-16 07:42:58",646
"2019-08-16 08:42:59",646
"2019-08-16 09:42:57",646
"2019-08-16 10:42:57",646
"2019-08-16 11:42:56",646
"2019-08-16 12:42:58",646
"2019-08-16 13:43:02",646
"2019-08-16 14:42:58",645
"2019-08-16 15:43:00",647
"2019-08-16 16:43:07",646
"2019-08-16 18:43:44",648
"2019-08-16 19:43:02",649
"2019-08-16 20:43:04",648
"2019-08-16 21:43:01",648
"2019-08-16 22:43:03",649
"2019-08-16 23:43:02",649
"2019-08-17 00:43:03",649
"2019-08-17 01:43:06",649
"2019-08-17 02:43:16",649
"2019-08-17 03:43:02",649
"2019-08-17 04:43:03",649
"2019-08-17 05:43:02",649
"2019-08-17 06:43:01",649
"2019-08-17 07:43:01",649
"2019-08-17 08:43:02",649
"2019-08-17 09:43:01",649
"2019-08-17 10:43:00",649
"2019-08-17 11:43:00",649
"2019-08-17 12:43:00",649
"2019-08-17 13:43:02",649
"2019-08-17 14:43:24",649
"2019-08-17 15:43:01",649
"2019-08-17 16:43:01",649
"2019-08-17 17:42:59",649
"2019-08-17 18:43:00",649
"2019-08-17 19:43:00",649
"2019-08-17 20:43:03",649
"2019-08-17 21:42:59",649
"2019-08-17 22:43:00",649
"2019-08-17 23:42:59",649
"2019-08-18 00:43:01",649
"2019-08-18 01:42:59",649
"2019-08-18 02:43:03",649
"2019-08-18 03:43:00",649
"2019-08-18 04:42:59",649
"2019-08-18 05:43:13",649
"2019-08-18 06:43:19",649
"2019-08-18 07:43:02",649
"2019-08-18 08:43:04",649
"2019-08-18 09:43:03",649
"2019-08-18 10:43:00",649
"2019-08-18 11:43:01",649
"2019-08-18 12:43:02",649
"2019-08-18 13:43:02",649
"2019-08-18 14:43:01",649
"2019-08-18 15:43:03",649
"2019-08-18 16:43:06",649
"2019-08-18 17:43:01",649
"2019-08-18 18:43:01",649
"2019-08-18 19:43:02",649
"2019-08-18 20:43:02",649
"2019-08-18 21:43:09",649
"2019-08-18 22:43:03",649
"2019-08-18 23:43:01",649
"2019-08-19 00:43:02",649
"2019-08-19 01:43:05",649
"2019-08-19 02:43:03",649
"2019-08-19 03:43:00",649
"2019-08-19 04:43:01",649
"2019-08-19 05:43:05",649
"2019-08-19 06:43:03",649
"2019-08-19 07:43:13",649
"2019-08-19 08:43:02",649
"2019-08-19 09:43:08",649
"2019-08-19 10:43:02",649
"2019-08-19 11:43:01",649
"2019-08-19 12:43:06",649
"2019-08-19 13:43:03",650
"2019-08-19 14:42:58",648
"2019-08-19 15:42:59",649
"2019-08-19 16:42:58",651
"2019-08-19 17:42:58",652
"2019-08-19 18:43:01",654
"2019-08-19 19:42:59",654
"2019-08-19 20:42:58",653
"2019-08-19 21:42:59",653
"2019-08-19 22:42:58",653
"2019-08-19 23:42:59",653
"2019-08-20 00:43:01",653
"2019-08-20 01:42:58",653
"2019-08-20 02:43:02",653
"2019-08-20 03:42:59",653
"2019-08-20 04:42:58",653
"2019-08-20 05:43:11",653
"2019-08-20 06:43:03",653
"2019-08-20 07:42:57",653
"2019-08-20 08:42:58",653
"2019-08-20 09:42:58",653
"2019-08-20 10:43:19",653
"2019-08-20 11:42:57",653
"2019-08-20 13:05:06",653
"2019-08-20 13:43:08",653
"2019-08-20 14:43:01",656
"2019-08-20 15:42:59",660
"2019-08-20 16:43:01",660
"2019-08-20 17:43:01",661
"2019-08-20 18:43:01",661
"2019-08-20 19:43:01",661
"2019-08-20 20:43:02",660
"2019-08-20 21:43:04",661
"2019-08-20 22:43:01",661
"2019-08-20 23:43:00",661
"2019-08-21 00:43:02",661
"2019-08-21 01:43:03",661
"2019-08-21 02:43:06",661
"2019-08-21 03:43:05",661
"2019-08-21 04:43:01",661
"2019-08-21 05:43:04",661
"2019-08-21 06:43:07",661
"2019-08-21 07:43:01",661
"2019-08-21 08:43:02",661
"2019-08-21 09:43:01",661
"2019-08-21 10:43:00",661
"2019-08-21 11:43:01",661
"2019-08-21 12:43:00",661
"2019-08-21 13:43:02",661
"2019-08-21 14:43:01",660
"2019-08-21 15:43:03",660
"2019-08-21 16:43:16",659
"2019-08-21 17:43:00",658
"2019-08-21 18:43:01",658
"2019-08-21 19:43:02",658
"2019-08-21 20:43:01",657
"2019-08-21 21:43:02",658
"2019-08-21 22:43:04",659
"2019-08-21 23:43:01",659
"2019-08-22 00:43:03",659
"2019-08-22 01:43:00",659
"2019-08-22 02:43:04",659
"2019-08-22 03:43:01",659
"2019-08-22 04:43:00",659
"2019-08-22 05:43:02",659
"2019-08-22 06:43:01",659
"2019-08-22 07:43:01",659
"2019-08-22 08:43:01",659
"2019-08-22 09:43:01",659
"2019-08-22 10:43:02",659
"2019-08-22 11:43:02",659
"2019-08-22 12:43:01",659
"2019-08-22 13:43:02",659
"2019-08-22 14:43:05",661
"2019-08-22 15:43:04",661
"2019-08-22 16:43:08",663
"2019-08-22 17:43:04",663
"2019-08-22 18:43:05",663
"2019-08-22 19:43:03",663
"2019-08-22 20:43:04",664
"2019-08-22 21:43:05",664
"2019-08-22 22:43:03",664
"2019-08-22 23:43:03",664
"2019-08-23 00:43:06",664
"2019-08-23 01:43:08",663
"2019-08-23 02:43:08",663
"2019-08-23 03:43:02",663
"2019-08-23 04:43:01",663
"2019-08-23 05:43:03",663
"2019-08-23 06:43:03",663
"2019-08-23 07:43:02",663
"2019-08-23 08:43:03",663
"2019-08-23 09:43:01",663
"2019-08-23 10:43:06",663
"2019-08-23 11:43:01",663
"2019-08-23 12:43:05",663
"2019-08-23 13:43:04",663
"2019-08-23 14:43:03",663
"2019-08-23 15:43:04",662
"2019-08-23 16:43:05",662
"2019-08-23 17:43:01",664
"2019-08-23 18:43:04",666
"2019-08-23 19:43:04",665
"2019-08-23 20:43:00",667
"2019-08-23 21:43:02",667
"2019-08-23 22:43:41",667
"2019-08-23 23:43:01",667
"2019-08-24 00:43:02",667
"2019-08-24 01:43:02",667
"2019-08-24 02:43:22",667
"2019-08-24 03:43:01",667
"2019-08-24 04:43:00",667
"2019-08-24 05:43:05",667
"2019-08-24 06:43:04",667
"2019-08-24 07:43:07",667
"2019-08-24 08:43:04",667
"2019-08-24 09:43:04",667
"2019-08-24 10:43:03",667
"2019-08-24 11:43:01",667
"2019-08-24 12:43:05",667
"2019-08-24 13:43:02",667
"2019-08-24 14:43:03",667
"2019-08-24 15:43:03",667
"2019-08-24 16:43:13",667
"2019-08-24 17:43:03",667
"2019-08-24 18:43:06",667
"2019-08-24 19:43:03",667
"2019-08-24 20:43:03",667
"2019-08-24 21:43:02",667
"2019-08-24 22:43:03",667
"2019-08-24 23:43:02",667
"2019-08-25 00:43:00",667
"2019-08-25 01:43:06",667
"2019-08-25 02:43:14",667
"2019-08-25 03:43:01",667
"2019-08-25 04:43:01",667
"2019-08-25 05:43:02",667
"2019-08-25 06:43:02",667
"2019-08-25 07:43:02",667
"2019-08-25 08:43:04",667
"2019-08-25 09:43:00",667
"2019-08-25 10:43:02",667
"2019-08-25 11:43:05",667
"2019-08-25 12:43:02",667
"2019-08-25 13:43:01",667
"2019-08-25 14:43:02",667
"2019-08-25 15:43:04",667
"2019-08-25 16:43:07",667
"2019-08-25 17:43:00",667
"2019-08-25 18:43:01",667
"2019-08-25 19:43:03",667
"2019-08-25 20:43:02",667
"2019-08-25 21:43:03",667
"2019-08-25 22:43:01",667
"2019-08-25 23:43:03",667
"2019-08-26 00:43:01",667
"2019-08-26 01:43:00",667
"2019-08-26 02:43:06",667
"2019-08-26 03:43:00",667
"2019-08-26 04:43:01",667
"2019-08-26 05:43:05",667
"2019-08-26 06:43:01",667
"2019-08-26 07:43:02",667
"2019-08-26 08:43:00",667
"2019-08-26 09:43:00",667
"2019-08-26 10:43:02",667
"2019-08-26 11:43:00",667
"2019-08-26 12:43:03",667
"2019-08-26 13:43:01",667
"2019-08-26 14:43:01",666
"2019-08-26 15:43:03",667
"2019-08-26 16:43:09",667
"2019-08-26 17:43:01",666
"2019-08-26 18:43:01",666
"2019-08-26 19:43:04",666
"2019-08-26 20:43:02",666
"2019-08-26 21:43:03",665
"2019-08-26 22:43:00",665
"2019-08-26 23:43:00",665
"2019-08-27 00:43:03",665
"2019-08-27 01:43:02",665
"2019-08-27 02:43:06",665
"2019-08-27 03:43:01",665
"2019-08-27 04:43:01",665
"2019-08-27 05:43:06",665
"2019-08-27 06:43:05",665
"2019-08-27 07:43:00",665
"2019-08-27 08:43:04",665
"2019-08-27 09:43:00",665
"2019-08-27 10:42:59",665
"2019-08-27 11:43:05",665
"2019-08-27 12:43:04",665
"2019-08-27 13:43:17",666
"2019-08-27 14:43:01",668
"2019-08-27 15:43:04",668
"2019-08-27 16:43:06",667
"2019-08-27 17:43:00",669
"2019-08-27 18:43:01",668
"2019-08-27 19:43:03",668
"2019-08-27 20:43:01",668
"2019-08-27 21:43:03",668
"2019-08-27 22:43:02",668
"2019-08-27 23:43:05",668
"2019-08-28 00:43:07",668
"2019-08-28 01:43:04",668
"2019-08-28 02:43:09",668
"2019-08-28 03:43:11",668
"2019-08-28 04:43:03",668
"2019-08-28 05:43:04",668
"2019-08-28 06:43:05",668
"2019-08-28 07:43:06",668
"2019-08-28 08:43:00",668
"2019-08-28 09:43:04",668
"2019-08-28 10:43:03",668
"2019-08-28 11:43:06",668
"2019-08-28 12:43:03",668
"2019-08-28 13:43:02",668
"2019-08-28 14:43:00",669
"2019-08-28 15:43:00",668
"2019-08-28 16:43:14",668
"2019-08-28 17:43:00",667
"2019-08-28 18:43:01",668
"2019-08-28 19:43:01",669
"2019-08-28 20:43:02",669
"2019-08-28 21:43:02",669
"2019-08-28 22:43:01",669
"2019-08-28 23:43:04",669
"2019-08-29 00:42:59",669
"2019-08-29 01:43:02",669
"2019-08-29 02:43:04",669
"2019-08-29 03:43:00",669
"2019-08-29 04:43:00",669
"2019-08-29 05:43:14",669
"2019-08-29 06:42:59",669
"2019-08-29 07:43:02",669
"2019-08-29 08:43:01",669
"2019-08-29 09:43:02",669
"2019-08-29 10:42:58",669
"2019-08-29 11:42:58",669
"2019-08-29 12:43:02",669
"2019-08-29 13:43:01",669
"2019-08-29 14:42:59",668
"2019-08-29 15:43:00",671
"2019-08-29 16:43:06",670
"2019-08-29 17:42:59",671
"2019-08-29 18:42:59",672
"2019-08-29 19:42:58",671
"2019-08-29 20:43:01",670
"2019-08-29 21:43:01",670
"2019-08-29 22:42:59",670
"2019-08-29 23:43:00",670
"2019-08-30 00:43:03",670
"2019-08-30 01:43:06",670
"2019-08-30 02:43:02",670
"2019-08-30 03:43:02",670
"2019-08-30 04:43:01",670
"2019-08-30 05:43:09",670
"2019-08-30 06:42:58",670
"2019-08-30 07:42:58",670
"2019-08-30 08:42:57",670
"2019-08-30 09:42:58",670
"2019-08-30 10:42:57",670
"2019-08-30 11:42:56",670
"2019-08-30 12:43:00",670
"2019-08-30 13:43:00",670
"2019-08-30 14:43:00",669
"2019-08-30 15:43:00",670
"2019-08-30 16:43:01",670
"2019-08-30 17:43:00",671
"2019-08-30 18:42:58",671
"2019-08-30 19:42:57",671
"2019-08-30 20:43:14",670
"2019-08-30 21:43:09",670
"2019-08-30 22:43:11",670
"2019-08-30 23:43:10",670
"2019-08-31 00:43:10",670
"2019-08-31 01:43:12",670
"2019-08-31 02:43:10",670
"2019-08-31 03:43:10",670
"2019-08-31 04:43:09",670
"2019-08-31 23:43:26",670
"2019-09-01 00:43:13",670
"2019-09-01 01:43:10",670
"2019-09-01 02:43:11",670
"2019-09-01 03:43:10",670
"2019-09-01 04:43:10",670
"2019-09-01 05:43:10",670
"2019-09-01 06:43:10",670
"2019-09-01 07:43:08",670
"2019-09-01 08:43:10",670
"2019-09-01 09:43:09",670
"2019-09-01 10:43:09",670
"2019-09-01 11:43:08",670
"2019-09-01 12:43:11",670
"2019-09-01 13:43:10",670
"2019-09-01 14:43:10",670
"2019-09-01 15:43:09",670
"2019-09-01 16:43:15",670
"2019-09-01 17:43:13",670
"2019-09-01 18:43:10",670
"2019-09-01 19:43:08",670
"2019-09-01 20:43:10",670
"2019-09-01 21:43:10",670
"2019-09-01 22:43:11",670
"2019-09-01 23:43:11",670
"2019-09-02 00:43:09",670
"2019-09-02 01:43:07",670
"2019-09-02 02:43:08",670
"2019-09-02 03:43:10",670
"2019-09-02 04:43:11",670
"2019-09-02 05:43:20",670
"2019-09-02 06:43:12",670
"2019-09-02 07:43:12",670
"2019-09-02 08:43:10",670
"2019-09-02 09:43:12",670
"2019-09-02 10:43:16",670
"2019-09-02 11:43:11",670
"2019-09-02 12:43:08",670
"2019-09-02 13:43:10",670
"2019-09-02 14:43:09",670
"2019-09-02 15:43:10",670
"2019-09-02 16:43:20",670
"2019-09-02 17:43:09",670
"2019-09-02 18:43:11",670
"2019-09-02 19:43:10",670
"2019-09-02 20:43:10",670
"2019-09-02 21:43:11",670
"2019-09-02 22:43:11",670
"2019-09-02 23:43:11",670
"2019-09-03 00:43:10",670
"2019-09-03 01:43:12",670
"2019-09-03 02:43:13",670
"2019-09-03 03:43:09",670
"2019-09-03 04:43:08",670
"2019-09-03 05:43:16",670
"2019-09-03 06:43:12",670
"2019-09-03 07:43:08",670
"2019-09-03 08:43:16",670
"2019-09-03 09:43:08",670
"2019-09-03 10:43:13",670
"2019-09-03 11:43:08",670
"2019-09-03 13:07:19",670
"2019-09-03 13:43:17",670
"2019-09-03 14:43:11",666
"2019-09-03 15:43:11",667
"2019-09-03 16:43:14",668
"2019-09-03 17:43:11",668
"2019-09-03 18:43:09",668
"2019-09-03 19:43:09",668
"2019-09-03 20:43:10",668
"2019-09-03 21:43:09",668
"2019-09-03 22:43:15",668
"2019-09-03 23:43:10",668
"2019-09-04 00:43:12",668
"2019-09-04 01:43:12",668
"2019-09-04 02:43:10",668
"2019-09-04 03:43:10",668
"2019-09-04 04:43:09",668
"2019-09-04 05:43:19",668
"2019-09-04 06:43:12",668
"2019-09-04 07:43:10",668
"2019-09-04 08:43:10",668
"2019-09-04 09:43:11",668
"2019-09-04 10:43:10",668
"2019-09-04 11:43:10",668
"2019-09-04 13:06:17",668
"2019-09-04 13:43:11",668
"2019-09-04 14:43:10",670
"2019-09-04 15:43:11",669
"2019-09-04 16:43:18",669
"2019-09-04 17:43:09",669
"2019-09-04 18:43:12",670
"2019-09-04 19:43:11",670
"2019-09-04 20:43:10",670
"2019-09-04 21:43:09",670
"2019-09-04 22:43:09",670
"2019-09-04 23:43:12",670
"2019-09-05 01:43:10",670
"2019-09-05 02:43:15",670
"2019-09-05 03:43:08",670
"2019-09-05 04:43:10",670
"2019-09-05 05:43:19",670
"2019-09-05 06:43:08",670
"2019-09-05 07:43:13",670
"2019-09-05 08:43:10",670
"2019-09-05 09:43:08",670
"2019-09-05 10:43:16",670
"2019-09-05 11:43:10",670
"2019-09-05 13:07:14",670
"2019-09-05 13:43:10",670
"2019-09-05 14:43:14",670
"2019-09-05 15:43:10",670
"2019-09-05 16:43:22",670
"2019-09-05 17:43:11",672
"2019-09-05 18:43:09",672
"2019-09-05 19:43:09",671
"2019-09-05 20:43:12",671
"2019-09-05 21:43:10",671
"2019-09-05 22:43:11",672
"2019-09-05 23:43:12",672
"2019-09-06 00:43:11",672
"2019-09-06 01:43:11",672
"2019-09-06 02:43:10",672
"2019-09-06 03:43:08",672
"2019-09-06 04:43:09",672
"2019-09-06 05:43:22",672
"2019-09-06 06:43:11",672
"2019-09-06 07:43:12",672
"2019-09-06 08:43:09",672
"2019-09-06 09:43:11",672
"2019-09-06 10:43:10",672
"2019-09-06 11:43:23",672
"2019-09-06 13:06:15",672
"2019-09-06 13:43:11",672
"2019-09-06 14:43:08",674
"2019-09-06 15:43:09",675
"2019-09-06 16:43:21",676
"2019-09-06 17:43:10",675
"2019-09-06 18:43:13",673
"2019-09-06 19:43:09",672
"2019-09-06 20:43:10",672
"2019-09-06 21:43:11",672
"2019-09-06 22:43:10",672
"2019-09-06 23:43:09",672
"2019-09-07 00:43:09",672
"2019-09-07 01:43:11",672
"2019-09-07 02:43:11",672
"2019-09-07 03:43:11",672
"2019-09-07 04:43:10",672
"2019-09-07 05:43:33",672
"2019-09-07 06:43:10",672
"2019-09-07 07:43:08",672
"2019-09-07 08:43:09",672
"2019-09-07 09:43:09",672
"2019-09-07 10:43:12",672
"2019-09-07 11:43:09",672
"2019-09-07 12:43:09",672
"2019-09-07 13:43:12",672
"2019-09-07 14:43:11",672
"2019-09-07 15:43:11",672
"2019-09-07 16:43:10",672
"2019-09-07 17:43:10",672
"2019-09-07 18:43:09",672
"2019-09-07 19:43:08",672
"2019-09-07 20:43:10",672
"2019-09-07 22:43:08",672
"2019-09-07 23:43:11",672
"2019-09-08 00:43:11",672
"2019-09-08 01:43:13",672
"2019-09-08 02:43:15",672
"2019-09-08 03:43:11",672
"2019-09-08 04:43:10",672
"2019-09-08 05:43:15",672
"2019-09-08 06:43:10",672
"2019-09-08 07:43:09",672
"2019-09-08 08:43:11",672
"2019-09-08 09:43:08",672
"2019-09-08 10:43:13",672
"2019-09-08 11:43:09",672
"2019-09-08 12:43:09",672
"2019-09-08 13:43:11",672
"2019-09-08 14:43:10",672
"2019-09-08 15:43:09",672
"2019-09-08 16:43:16",672
"2019-09-08 17:43:10",672
"2019-09-08 18:43:10",672
"2019-09-08 19:43:15",672
"2019-09-08 20:43:12",672
"2019-09-08 21:43:11",672
"2019-09-08 22:43:08",672
"2019-09-08 23:43:09",672
"2019-09-09 00:43:09",672
"2019-09-09 01:43:10",672
"2019-09-09 02:43:11",672
"2019-09-09 03:43:10",672
"2019-09-09 04:43:09",672
"2019-09-09 05:43:22",672
"2019-09-09 06:43:09",672
"2019-09-09 07:43:10",672
"2019-09-09 08:43:10",672
"2019-09-09 09:43:08",672
"2019-09-09 10:43:09",672
"2019-09-09 11:43:10",672
"2019-09-09 13:06:15",672
"2019-09-09 13:43:13",672
"2019-09-09 14:43:17",672
"2019-09-09 15:43:11",671
"2019-09-09 16:43:23",672
"2019-09-09 17:43:10",673
"2019-09-09 18:43:10",672
"2019-09-09 19:43:10",677
"2019-09-09 20:43:09",679
"2019-09-09 21:43:10",679
"2019-09-09 22:43:09",679
"2019-09-09 23:43:10",679
"2019-09-10 00:43:10",679
"2019-09-10 01:43:10",679
"2019-09-10 02:43:13",679
"2019-09-10 03:43:11",679
"2019-09-10 04:43:11",679
"2019-09-10 05:43:14",679
"2019-09-10 06:43:10",679
"2019-09-10 07:43:08",679
"2019-09-10 08:43:11",679
"2019-09-10 09:43:20",679
"2019-09-10 10:43:10",679
"2019-09-10 11:43:09",679
"2019-09-10 12:43:11",679
"2019-09-10 13:43:11",679
"2019-09-10 14:43:09",679
"2019-09-10 15:43:09",679
"2019-09-10 16:43:15",680
"2019-09-10 17:43:10",679
"2019-09-10 18:43:10",679
"2019-09-10 19:43:16",678
"2019-09-10 20:43:08",677
"2019-09-10 21:43:11",677
"2019-09-10 22:43:09",677
"2019-09-10 23:43:10",677
"2019-09-11 00:43:09",677
"2019-09-11 01:43:10",677
"2019-09-11 02:43:09",677
"2019-09-11 03:43:08",677
"2019-09-11 04:43:09",677
"2019-09-11 05:43:17",677
"2019-09-11 06:43:12",677
"2019-09-11 07:43:08",677
"2019-09-11 08:43:09",677
"2019-09-11 09:43:13",677
"2019-09-11 10:43:21",677
"2019-09-11 11:43:16",677
"2019-09-11 12:43:10",677
"2019-09-11 13:43:13",677
"2019-09-11 14:43:10",679
"2019-09-11 15:43:09",679
"2019-09-11 16:43:12",674
"2019-09-11 17:43:08",675
"2019-09-11 18:43:10",671
"2019-09-11 19:43:10",671
"2019-09-11 20:43:09",670
"2019-09-11 21:43:15",670
"2019-09-11 22:43:09",670
"2019-09-11 23:43:09",670
"2019-09-12 00:43:11",670
"2019-09-12 01:43:10",670
"2019-09-12 02:43:16",670
"2019-09-12 03:43:10",670
"2019-09-12 04:43:08",670
"2019-09-12 05:43:21",670
"2019-09-12 06:43:10",670
"2019-09-12 07:43:10",670
"2019-09-12 08:43:08",670
"2019-09-12 09:43:09",670
"2019-09-12 10:43:21",670
"2019-09-12 11:43:12",670
"2019-09-12 13:07:16",670
"2019-09-12 13:43:11",670
"2019-09-12 14:43:14",668
"2019-09-12 15:43:12",669
"2019-09-12 16:43:11",670
"2019-09-12 17:43:09",672
"2019-09-12 18:43:09",673
"2019-09-12 19:43:09",673
"2019-09-12 20:43:08",671
"2019-09-12 21:43:07",672
"2019-09-12 22:43:10",671
"2019-09-12 23:43:09",671
"2019-09-13 00:43:09",671
"2019-09-13 01:43:11",671
"2019-09-13 02:43:09",671
"2019-09-13 03:43:10",671
"2019-09-13 04:43:08",671
"2019-09-13 05:43:09",671
"2019-09-13 06:43:10",671
"2019-09-13 07:43:08",671
"2019-09-13 08:43:10",671
"2019-09-13 09:43:08",671
"2019-09-13 10:43:09",671
"2019-09-13 11:43:09",671
"2019-09-13 13:07:12",671
"2019-09-13 14:08:14",674
"2019-09-13 14:43:10",674
"2019-09-13 15:43:09",675
"2019-09-13 16:43:09",675
"2019-09-13 17:43:08",675
"2019-09-13 18:43:08",675
"2019-09-13 19:43:09",675
"2019-09-13 20:43:06",676
"2019-09-13 21:43:12",675
"2019-09-13 22:43:07",674
"2019-09-13 23:43:09",674
"2019-09-14 00:43:11",674
"2019-09-14 01:43:06",674
"2019-09-14 02:43:09",674
"2019-09-14 03:43:09",674
"2019-09-14 04:43:06",674
"2019-09-14 05:43:08",674
"2019-09-14 06:43:08",674
"2019-09-14 07:43:08",674
"2019-09-14 08:43:08",674
"2019-09-14 09:43:06",674
"2019-09-14 10:43:09",674
"2019-09-14 11:43:05",674
"2019-09-14 12:43:08",674
"2019-09-14 13:43:06",674
"2019-09-14 14:43:08",674
"2019-09-14 15:43:05",674
"2019-09-14 16:43:09",674
"2019-09-14 17:43:08",674
"2019-09-14 18:43:06",674
"2019-09-14 19:43:06",674
"2019-09-14 20:43:06",674
"2019-09-14 21:43:10",674
"2019-09-14 22:43:07",674
"2019-09-14 23:43:09",674
"2019-09-15 00:43:09",674
"2019-09-15 01:43:06",674
"2019-09-15 02:43:10",674
"2019-09-15 03:43:10",674
"2019-09-15 04:43:08",674
"2019-09-15 05:43:06",674
"2019-09-15 06:43:11",674
"2019-09-15 07:43:10",674
"2019-09-15 08:43:10",674
"2019-09-15 09:43:07",674
"2019-09-15 10:43:08",674
"2019-09-15 11:43:09",674
"2019-09-15 12:43:10",674
"2019-09-15 13:43:09",674
"2019-09-15 14:43:08",674
"2019-09-15 15:43:06",674
"2019-09-15 16:43:10",674
"2019-09-15 17:43:05",674
"2019-09-15 18:43:07",674
"2019-09-15 19:43:07",674
"2019-09-15 20:43:06",674
"2019-09-15 21:43:09",674
"2019-09-15 22:43:07",674
"2019-09-15 23:43:06",674
"2019-09-16 00:43:09",674
"2019-09-16 01:43:08",674
"2019-09-16 02:43:09",674
"2019-09-16 03:43:10",674
"2019-09-16 04:43:07",674
"2019-09-16 05:43:09",674
"2019-09-16 06:43:10",674
"2019-09-16 07:43:07",674
"2019-09-16 08:43:09",674
"2019-09-16 09:43:09",674
"2019-09-16 10:43:08",674
"2019-09-16 11:43:05",674
"2019-09-16 13:06:43",674
"2019-09-16 13:43:09",674
"2019-09-16 14:43:12",676
"2019-09-16 15:43:10",679
"2019-09-16 16:43:12",679
"2019-09-16 17:43:09",679
"2019-09-16 18:43:10",680
"2019-09-16 19:43:17",679
"2019-09-16 20:43:14",679
"2019-09-16 21:43:11",679
"2019-09-16 22:43:13",679
"2019-09-16 23:43:11",679
"2019-09-17 00:43:11",679
"2019-09-17 01:43:08",679
"2019-09-17 02:43:11",679
"2019-09-17 03:43:12",679
"2019-09-17 04:43:09",679
"2019-09-17 05:43:09",679
"2019-09-17 06:43:07",679
"2019-09-17 07:43:10",679
"2019-09-17 08:43:08",679
"2019-09-17 09:43:12",679
"2019-09-17 10:43:11",679
"2019-09-17 11:43:09",679
"2019-09-17 12:43:09",679
"2019-09-17 13:43:12",679
"2019-09-17 14:43:10",680
"2019-09-17 15:43:10",679
"2019-09-17 16:43:12",680
"2019-09-17 17:43:08",681
"2019-09-17 18:43:10",681
"2019-09-17 19:43:09",681
"2019-09-17 20:43:09",680
"2019-09-17 21:43:09",680
"2019-09-17 22:43:12",681
"2019-09-17 23:43:10",681
"2019-09-18 00:43:10",681
"2019-09-18 01:43:09",681
"2019-09-18 02:43:07",681
"2019-09-18 03:43:09",681
"2019-09-18 04:43:16",681
"2019-09-18 05:43:09",681
"2019-09-18 06:43:11",681
"2019-09-18 07:43:09",681
"2019-09-18 08:43:11",681
"2019-09-18 09:43:10",681
"2019-09-18 10:43:09",681
"2019-09-18 11:43:08",681
"2019-09-18 13:38:18",680
"2019-09-18 13:45:33",680
"2019-09-18 14:43:10",681
"2019-09-18 15:43:12",681
"2019-09-18 16:43:13",682
"2019-09-18 17:43:08",682
"2019-09-18 18:43:08",680
"2019-09-18 19:43:11",679
"2019-09-18 20:43:09",679
"2019-09-18 21:43:09",679
"2019-09-18 22:43:10",679
"2019-09-18 23:43:13",679
"2019-09-19 00:43:07",679
"2019-09-19 01:43:09",679
"2019-09-19 02:43:13",679
"2019-09-19 03:43:11",679
"2019-09-19 04:43:08",679
"2019-09-19 05:43:10",679
"2019-09-19 06:43:12",679
"2019-09-19 07:43:07",679
"2019-09-19 08:43:10",679
"2019-09-19 09:43:09",679
"2019-09-19 10:43:09",679
"2019-09-19 11:43:07",679
"2019-09-19 13:06:45",679
"2019-09-19 13:43:14",679
"2019-09-19 14:43:09",680
"2019-09-19 15:43:11",681
"2019-09-19 16:43:16",682
"2019-09-19 17:43:12",683
"2019-09-19 18:43:11",686
"2019-09-19 19:43:08",685
"2019-09-19 20:43:13",685
"2019-09-19 21:43:09",685
"2019-09-19 22:43:13",685
"2019-09-19 23:43:09",685
"2019-09-20 00:43:13",685
"2019-09-20 01:43:17",685
"2019-09-20 02:43:08",685
"2019-09-20 03:43:12",685
"2019-09-20 04:43:11",685
"2019-09-20 05:43:13",685
"2019-09-20 06:43:10",685
"2019-09-20 07:43:10",685
"2019-09-20 08:43:13",685
"2019-09-20 09:43:08",685
"2019-09-20 10:43:09",685
"2019-09-20 11:43:11",685
"2019-09-20 12:43:12",685
"2019-09-20 13:43:07",685
"2019-09-20 14:43:10",689
"2019-09-20 15:43:11",692
"2019-09-20 16:43:10",694
"2019-09-20 17:43:14",690
"2019-09-20 18:43:08",691
"2019-09-20 19:43:12",690
"2019-09-20 20:43:07",688
"2019-09-20 21:43:08",689
"2019-09-20 22:43:12",689
"2019-09-20 23:43:07",689
"2019-09-21 00:43:07",689
"2019-09-21 01:43:07",689
"2019-09-21 02:43:10",689
"2019-09-21 03:43:12",689
"2019-09-21 04:43:06",689
"2019-09-21 05:43:10",689
"2019-09-21 06:43:10",689
"2019-09-21 07:43:07",689
"2019-09-21 08:43:07",689
"2019-09-21 09:43:09",689
"2019-09-21 10:43:06",689
"2019-09-21 11:43:09",689
"2019-09-21 12:43:11",689
"2019-09-21 13:43:10",689
"2019-09-21 14:43:08",689
"2019-09-21 15:43:07",689
"2019-09-21 16:43:11",689
"2019-09-21 17:43:08",689
"2019-09-21 18:43:08",689
"2019-09-21 19:43:08",689
"2019-09-21 20:43:07",689
"2019-09-21 21:43:08",689
"2019-09-21 22:43:08",689
"2019-09-21 23:43:10",689
"2019-09-22 00:43:07",689
"2019-09-22 01:43:08",689
"2019-09-22 02:43:09",689
"2019-09-22 03:43:08",689
"2019-09-22 04:43:10",689
"2019-09-22 05:43:07",689
"2019-09-22 06:43:10",689
"2019-09-22 07:43:11",689
"2019-09-22 08:43:08",689
"2019-09-22 09:43:10",689
"2019-09-22 10:43:08",689
"2019-09-22 11:43:07",689
"2019-09-22 12:43:09",689
"2019-09-22 13:43:07",689
"2019-09-22 14:43:11",689
"2019-09-22 15:43:07",689
"2019-09-22 16:43:11",689
"2019-09-22 17:43:08",689
"2019-09-22 18:43:07",689
"2019-09-22 19:43:11",689
"2019-09-22 20:43:07",689
"2019-09-22 21:43:08",689
"2019-09-22 22:43:07",689
"2019-09-22 23:43:08",689
"2019-09-23 00:43:10",689
"2019-09-23 01:43:07",689
"2019-09-23 02:43:07",689
"2019-09-23 03:43:10",689
"2019-09-23 04:43:08",689
"2019-09-23 05:43:06",689
"2019-09-23 06:43:10",689
"2019-09-23 07:43:07",689
"2019-09-23 08:43:10",689
"2019-09-23 09:43:08",689
"2019-09-23 10:43:09",689
"2019-09-23 11:43:11",689
"2019-09-23 12:43:10",689
"2019-09-23 13:43:08",689
"2019-09-23 14:43:11",688
"2019-09-23 15:43:07",687
"2019-09-23 16:43:10",688
"2019-09-23 17:43:08",689
"2019-09-23 18:43:12",690
"2019-09-23 19:43:08",690
"2019-09-23 20:43:08",691
"2019-09-23 21:43:09",691
"2019-09-23 22:43:10",691
"2019-09-23 23:43:06",691
"2019-09-24 00:43:10",691
"2019-09-24 01:43:08",691
"2019-09-24 03:43:10",691
"2019-09-24 04:43:08",691
"2019-09-24 05:43:13",691
"2019-09-24 06:43:08",691
"2019-09-24 07:43:09",691
"2019-09-24 08:43:10",691
"2019-09-24 09:43:07",691
"2019-09-24 10:43:09",691
"2019-09-24 11:43:10",691
"2019-09-24 12:43:11",691
"2019-09-24 13:43:08",691
"2019-09-24 14:43:09",689
"2019-09-24 15:43:12",689
"2019-09-24 16:43:10",688
"2019-09-24 17:43:10",689
"2019-09-24 18:43:11",688
"2019-09-24 19:43:07",688
"2019-09-24 20:43:09",689
"2019-09-24 21:43:11",689
"2019-09-24 22:43:07",689
"2019-09-24 23:43:07",689
"2019-09-25 00:43:09",689
"2019-09-25 01:43:12",689
"2019-09-25 02:43:06",689
"2019-09-25 03:43:13",689
"2019-09-25 04:43:11",689
"2019-09-25 05:43:07",689
"2019-09-25 06:43:10",689
"2019-09-25 07:43:13",689
"2019-09-25 08:43:10",689
"2019-09-25 09:43:10",689
"2019-09-25 10:43:11",689
"2019-09-25 11:43:08",689
"2019-09-25 12:43:11",689
"2019-09-25 13:43:13",689
"2019-09-25 14:43:12",689
"2019-09-25 15:43:12",689
"2019-09-25 16:43:10",688
"2019-09-25 17:43:10",688
"2019-09-25 18:43:10",688
"2019-09-25 19:43:13",687
"2019-09-25 20:43:07",689
"2019-09-25 21:43:09",689
"2019-09-25 22:43:08",690
"2019-09-25 23:43:12",690
"2019-09-26 00:43:09",690
"2019-09-26 01:43:08",690
"2019-09-26 02:43:12",690
"2019-09-26 03:43:09",690
"2019-09-26 04:43:13",690
"2019-09-26 05:43:11",690
"2019-09-26 06:43:10",690
"2019-09-26 07:43:07",690
"2019-09-26 08:43:10",690
"2019-09-26 09:43:10",690
"2019-09-26 10:43:08",690
"2019-09-26 11:43:08",690
"2019-09-26 13:06:15",690
"2019-09-26 13:43:16",690
"2019-09-26 14:43:11",691
"2019-09-26 15:43:12",692
"2019-09-26 16:43:13",692
"2019-09-26 17:43:12",692
"2019-09-26 18:43:15",691
"2019-09-26 19:43:11",692
"2019-09-26 20:43:09",692
"2019-09-26 21:43:12",692
"2019-09-26 22:43:11",692
"2019-09-26 23:43:10",692
"2019-09-27 00:43:11",692
"2019-09-27 01:43:07",692
"2019-09-27 02:43:18",692
"2019-09-27 03:43:11",692
"2019-09-27 04:43:08",692
"2019-09-27 05:43:10",692
"2019-09-27 06:43:11",692
"2019-09-27 07:43:14",692
"2019-09-27 08:43:09",692
"2019-09-27 09:43:09",692
"2019-09-27 10:43:11",692
"2019-09-27 11:43:09",692
"2019-09-27 13:07:15",693
"2019-09-27 13:43:14",693
"2019-09-27 14:43:11",697
"2019-09-27 15:43:11",698
"2019-09-27 16:43:11",698
"2019-09-27 17:43:10",698
"2019-09-27 18:43:07",700
"2019-09-27 19:43:11",698
"2019-09-27 20:43:06",696
"2019-09-27 21:43:08",696
"2019-09-27 22:43:13",696
"2019-09-27 23:43:09",696
"2019-09-28 00:43:09",696
"2019-09-28 01:43:11",696
"2019-09-28 02:43:10",696
"2019-09-28 03:43:10",696
"2019-09-28 04:43:10",696
"2019-09-28 05:43:12",696
"2019-09-28 06:43:07",696
"2019-09-28 07:43:12",696
"2019-09-28 08:43:08",696
"2019-09-28 09:43:10",696
"2019-09-28 10:43:06",696
"2019-09-28 11:43:09",696
"2019-09-28 12:43:11",696
"2019-09-28 13:43:12",696
"2019-09-28 14:43:08",696
"2019-09-28 15:43:07",696
"2019-09-28 16:43:12",696
"2019-09-28 17:43:11",696
"2019-09-28 18:43:07",696
"2019-09-28 19:43:08",696
"2019-09-28 20:43:10",696
"2019-09-28 21:43:08",696
"2019-09-28 22:43:10",696
"2019-09-28 23:43:07",696
"2019-09-29 00:43:08",696
"2019-09-29 01:43:10",696
"2019-09-29 02:43:10",696
"2019-09-29 03:43:11",696
"2019-09-29 04:43:08",696
"2019-09-29 05:43:10",696
"2019-09-29 06:43:07",696
"2019-09-29 07:43:09",696
"2019-09-29 08:43:08",696
"2019-09-29 09:43:09",696
"2019-09-29 10:43:07",696
"2019-09-29 11:43:09",696
"2019-09-29 12:43:08",696
"2019-09-29 13:43:07",696
"2019-09-29 14:43:09",696
"2019-09-29 15:43:07",696
"2019-09-29 16:43:10",696
"2019-09-29 17:43:13",696
"2019-09-29 18:43:08",696
"2019-09-29 19:43:13",696
"2019-09-29 20:43:11",696
"2019-09-29 21:43:08",696
"2019-09-29 22:43:09",696
"2019-09-29 23:43:11",696
"2019-09-30 00:43:06",696
"2019-09-30 01:43:10",696
"2019-09-30 02:43:07",696
"2019-09-30 03:43:11",696
"2019-09-30 04:43:08",696
"2019-09-30 05:43:10",696
"2019-09-30 06:43:08",696
"2019-09-30 07:43:12",696
"2019-09-30 08:43:09",696
"2019-09-30 09:43:10",696
"2019-09-30 10:43:07",696
"2019-09-30 11:43:08",696
"2019-09-30 12:43:11",696
"2019-09-30 13:43:08",696
"2019-09-30 14:43:13",700
"2019-09-30 15:43:10",700
"2019-09-30 16:43:16",701
"2019-09-30 17:43:10",702
"2019-09-30 18:43:13",702
"2019-09-30 19:43:09",702
"2019-09-30 20:43:08",704
"2019-09-30 21:43:10",704
"2019-09-30 22:43:08",703
"2019-09-30 23:43:11",703
"2019-10-01 00:43:09",703
"2019-10-01 01:43:08",703
"2019-10-01 02:43:09",703
"2019-10-01 03:43:11",703
"2019-10-01 04:43:07",703
"2019-10-01 05:43:08",703
"2019-10-01 06:43:09",703
"2019-10-01 07:43:12",703
"2019-10-01 08:43:08",703
"2019-10-01 09:43:13",703
"2019-10-01 10:43:09",703
"2019-10-01 11:43:08",703
"2019-10-01 13:06:13",703
"2019-10-01 13:43:10",703
"2019-10-01 14:43:08",704
"2019-10-01 15:43:08",700
"2019-10-01 16:43:11",703
"2019-10-01 17:43:06",703
"2019-10-01 18:43:09",702
"2019-10-01 19:43:09",703
"2019-10-01 20:43:07",703
"2019-10-01 21:43:09",703
"2019-10-01 22:43:10",702
"2019-10-01 23:43:09",702
"2019-10-02 00:43:22",702
"2019-10-02 01:43:09",702
"2019-10-02 02:43:08",702
"2019-10-02 03:43:09",702
"2019-10-02 04:43:11",702
"2019-10-02 05:43:10",702
"2019-10-02 06:43:07",702
"2019-10-02 07:43:07",702
"2019-10-02 08:43:07",702
"2019-10-02 09:43:10",702
"2019-10-02 10:43:06",702
"2019-10-02 11:43:06",702
"2019-10-02 13:06:44",702
"2019-10-02 13:43:10",702
"2019-10-02 14:43:09",702
"2019-10-02 15:43:10",705
"2019-10-02 16:43:07",705
"2019-10-02 17:43:08",706
"2019-10-02 18:43:09",704
"2019-10-02 19:43:09",704
"2019-10-02 20:43:09",704
"2019-10-02 21:43:09",703
"2019-10-02 22:43:11",703
"2019-10-02 23:43:07",703
"2019-10-03 00:43:07",703
"2019-10-03 01:43:08",703
"2019-10-03 02:43:08",703
"2019-10-03 03:43:09",703
"2019-10-03 04:43:09",703
"2019-10-03 06:43:08",703
"2019-10-03 07:43:09",703
"2019-10-03 08:43:09",703
"2019-10-03 09:43:08",703
"2019-10-03 10:43:11",703
"2019-10-03 11:43:07",703
"2019-10-03 13:06:40",703
"2019-10-03 13:43:55",703
"2019-10-03 14:43:11",700
"2019-10-03 15:43:07",703
"2019-10-03 16:43:08",703
"2019-10-03 17:43:09",705
"2019-10-03 18:43:09",705
"2019-10-03 19:43:09",704
"2019-10-03 20:43:08",704
"2019-10-03 21:43:08",704
"2019-10-03 22:43:08",704
"2019-10-03 23:43:11",704
"2019-10-04 00:43:08",704
"2019-10-04 01:43:07",704
"2019-10-04 02:43:07",704
"2019-10-04 03:43:08",704
"2019-10-04 04:43:08",704
"2019-10-04 05:43:13",704
"2019-10-04 06:43:11",704
"2019-10-04 07:43:08",704
"2019-10-04 08:43:08",704
"2019-10-04 09:43:08",704
"2019-10-04 10:43:10",704
"2019-10-04 11:43:07",704
"2019-10-04 12:43:08",704
"2019-10-04 13:43:11",704
"2019-10-04 14:43:07",704
"2019-10-04 15:43:08",702
"2019-10-04 16:43:11",702
"2019-10-04 17:43:07",701
"2019-10-04 18:43:09",701
"2019-10-04 19:43:08",701
"2019-10-04 20:43:08",700
"2019-10-04 21:43:09",700
"2019-10-04 22:43:07",700
"2019-10-04 23:43:07",700
"2019-10-05 00:43:10",700
"2019-10-05 01:43:07",700
"2019-10-05 02:43:07",700
"2019-10-05 03:43:07",700
"2019-10-05 04:43:07",700
"2019-10-05 05:43:12",700
"2019-10-05 06:43:07",700
"2019-10-05 07:43:07",700
"2019-10-05 08:43:10",700
"2019-10-05 09:43:07",700
"2019-10-05 10:43:07",700
"2019-10-05 11:43:08",700
"2019-10-05 12:43:08",700
"2019-10-05 13:43:09",700
"2019-10-05 14:43:08",700
"2019-10-05 15:43:07",700
"2019-10-05 16:43:08",700
"2019-10-05 17:43:12",700
"2019-10-05 18:43:08",700
"2019-10-05 19:43:07",700
"2019-10-05 20:43:10",700
"2019-10-05 21:43:07",700
"2019-10-05 22:43:08",700
"2019-10-05 23:43:09",700
"2019-10-06 00:43:08",700
"2019-10-06 01:43:09",700
"2019-10-06 02:43:13",700
"2019-10-06 03:43:10",700
"2019-10-06 04:43:08",700
"2019-10-06 05:43:08",700
"2019-10-06 06:43:12",700
"2019-10-06 07:43:08",700
"2019-10-06 08:43:11",700
"2019-10-06 09:43:09",700
"2019-10-06 10:43:08",700
"2019-10-06 11:43:09",700
"2019-10-06 12:43:09",700
"2019-10-06 13:43:07",700
"2019-10-06 14:43:09",700
"2019-10-06 15:43:07",700
"2019-10-06 16:43:08",700
"2019-10-06 17:43:08",700
"2019-10-06 18:43:11",700
"2019-10-06 19:43:10",700
"2019-10-06 20:43:07",700
"2019-10-06 21:43:07",700
"2019-10-06 22:43:06",700
"2019-10-06 23:43:07",700
"2019-10-07 00:43:08",700
"2019-10-07 01:43:09",700
"2019-10-07 02:43:10",700
"2019-10-07 03:43:08",700
"2019-10-07 04:43:08",700
"2019-10-07 05:43:08",700
"2019-10-07 06:43:09",700
"2019-10-07 07:43:08",700
"2019-10-07 08:43:08",700
"2019-10-07 09:43:13",700
"2019-10-07 10:43:08",700
"2019-10-07 11:43:07",700
"2019-10-07 12:43:15",700
"2019-10-07 13:43:10",700
"2019-10-07 14:43:08",703
"2019-10-07 15:43:08",702
"2019-10-07 16:43:10",701
"2019-10-07 17:43:08",701
"2019-10-07 18:43:08",701
"2019-10-07 19:43:10",699
"2019-10-07 20:43:07",699
"2019-10-07 21:43:07",699
"2019-10-07 22:43:07",701
"2019-10-07 23:43:11",701
"2019-10-08 00:43:07",701
"2019-10-08 01:43:07",701
"2019-10-08 02:43:07",701
"2019-10-08 03:43:10",701
"2019-10-08 04:43:08",701
"2019-10-08 05:43:07",701
"2019-10-08 06:43:09",701
"2019-10-08 07:43:08",701
"2019-10-08 08:43:08",701
"2019-10-08 09:43:09",701
"2019-10-08 10:43:10",701
"2019-10-08 11:43:07",701
"2019-10-08 12:43:08",701
"2019-10-08 13:43:09",701
"2019-10-08 14:43:07",705
"2019-10-08 15:43:08",705
"2019-10-08 16:43:11",705
"2019-10-08 17:43:10",705
"2019-10-08 18:43:10",704
"2019-10-08 19:43:10",704
"2019-10-08 20:43:08",705
"2019-10-08 21:43:08",705
"2019-10-08 22:43:09",705
"2019-10-08 23:43:08",705
"2019-10-09 00:43:08",705
"2019-10-09 01:43:08",705
"2019-10-09 02:43:08",705
"2019-10-09 03:43:07",705
"2019-10-09 04:43:10",705
"2019-10-09 05:43:08",705
"2019-10-09 06:43:08",705
"2019-10-09 07:43:13",705
"2019-10-09 08:43:09",705
"2019-10-09 09:43:07",705
"2019-10-09 10:43:09",705
"2019-10-09 11:43:07",705
"2019-10-09 12:43:13",705
"2019-10-09 13:43:09",705
"2019-10-09 14:43:09",705
"2019-10-09 15:43:14",704
"2019-10-09 16:43:10",701
"2019-10-09 17:43:15",701
"2019-10-09 18:43:11",701
"2019-10-09 19:43:13",701
"2019-10-09 20:43:08",700
"2019-10-09 21:43:07",700
"2019-10-09 22:43:09",700
"2019-10-09 23:43:09",700
"2019-10-10 00:43:11",700
"2019-10-10 01:43:07",700
"2019-10-10 02:43:10",700
"2019-10-10 03:43:08",700
"2019-10-10 04:43:08",700
"2019-10-10 05:43:13",700
"2019-10-10 06:43:09",700
"2019-10-10 07:43:11",700
"2019-10-10 08:43:08",700
"2019-10-10 09:43:07",700
"2019-10-10 10:43:08",700
"2019-10-10 11:43:10",700
"2019-10-10 13:06:15",700
"2019-10-10 13:43:11",700
"2019-10-10 14:43:09",700
"2019-10-10 15:43:10",698
"2019-10-10 16:43:09",698
"2019-10-10 17:43:09",697
"2019-10-10 18:43:08",695
"2019-10-10 19:43:09",696
"2019-10-10 20:43:09",696
"2019-10-10 21:43:10",696
"2019-10-10 22:43:09",696
"2019-10-10 23:43:21",696
"2019-10-11 00:43:09",696
"2019-10-11 01:43:09",696
"2019-10-11 02:43:10",696
"2019-10-11 03:43:14",696
"2019-10-11 04:43:09",696
"2019-10-11 05:43:08",696
"2019-10-11 06:43:11",696
"2019-10-11 07:43:10",696
"2019-10-11 08:43:09",696
"2019-10-11 09:43:13",696
"2019-10-11 10:43:09",696
"2019-10-11 11:43:09",696
"2019-10-11 13:06:45",696
"2019-10-11 13:43:13",696
"2019-10-11 14:43:09",697
"2019-10-11 15:43:17",697
"2019-10-11 16:43:12",698
"2019-10-11 17:43:10",698
"2019-10-11 18:43:11",697
"2019-10-11 19:43:11",697
"2019-10-11 20:43:09",698
"2019-10-11 21:43:09",698
"2019-10-11 22:43:10",698
"2019-10-11 23:43:09",698
"2019-10-12 00:43:13",698
"2019-10-12 01:43:09",698
"2019-10-12 02:43:10",698
"2019-10-12 03:43:12",698
"2019-10-12 04:43:09",698
"2019-10-12 05:43:13",698
"2019-10-12 06:43:15",698
"2019-10-12 07:43:09",698
"2019-10-12 08:43:09",698
"2019-10-12 09:43:13",698
"2019-10-12 10:43:09",698
"2019-10-12 11:43:09",698
"2019-10-12 12:43:14",698
"2019-10-12 13:43:10",698
"2019-10-12 14:43:10",698
"2019-10-12 15:43:10",698
"2019-10-12 16:43:13",698
"2019-10-12 17:43:13",698
"2019-10-12 18:43:10",698
"2019-10-12 19:43:11",698
"2019-10-12 20:43:11",698
"2019-10-12 21:43:09",698
"2019-10-12 22:43:11",698
"2019-10-12 23:43:10",698
"2019-10-13 00:43:13",698
"2019-10-13 01:43:10",698
"2019-10-13 02:43:10",698
"2019-10-13 03:43:13",698
"2019-10-13 04:43:09",698
"2019-10-13 05:43:09",698
"2019-10-13 06:43:11",698
"2019-10-13 07:43:10",698
"2019-10-13 08:43:13",698
"2019-10-13 09:43:12",698
"2019-10-13 10:43:08",698
"2019-10-13 11:43:13",698
"2019-10-13 12:43:09",698
"2019-10-13 13:43:13",698
"2019-10-13 14:43:12",698
"2019-10-13 15:43:10",698
"2019-10-13 16:43:15",698
"2019-10-13 17:43:10",698
"2019-10-13 18:43:11",698
"2019-10-13 19:43:11",698
"2019-10-13 20:43:14",698
"2019-10-13 21:43:12",698
"2019-10-13 22:43:12",698
"2019-10-13 23:43:16",698
"2019-10-14 00:43:10",698
"2019-10-14 01:43:12",698
"2019-10-14 02:43:10",698
"2019-10-14 03:43:11",698
"2019-10-14 04:43:11",698
"2019-10-14 05:43:09",698
"2019-10-14 06:43:12",698
"2019-10-14 07:43:09",698
"2019-10-14 08:43:09",698
"2019-10-14 09:43:12",698
"2019-10-14 10:43:10",698
"2019-10-14 11:43:11",698
"2019-10-14 12:43:12",698
"2019-10-14 13:43:10",698
"2019-10-14 14:43:10",702
"2019-10-14 15:43:10",704
"2019-10-14 16:43:14",706
"2019-10-14 17:43:09",705
"2019-10-14 18:43:13",703
"2019-10-14 19:43:08",703
"2019-10-14 20:43:10",703
"2019-10-14 21:43:10",704
"2019-10-14 22:43:12",704
"2019-10-14 23:43:17",704
"2019-10-15 00:43:08",704
"2019-10-15 02:43:14",704
"2019-10-15 03:43:09",704
"2019-10-15 04:43:09",704
"2019-10-15 05:43:12",704
"2019-10-15 06:43:11",704
"2019-10-15 07:43:14",704
"2019-10-15 08:43:11",704
"2019-10-15 09:43:09",704
"2019-10-15 10:43:10",704
"2019-10-15 11:43:13",704
"2019-10-15 12:43:11",704
"2019-10-15 13:43:15",704
"2019-10-15 14:43:10",704
"2019-10-15 15:43:09",702
"2019-10-15 16:43:12",701
"2019-10-15 17:43:13",700
"2019-10-15 18:43:15",700
"2019-10-15 19:43:13",700
"2019-10-15 20:43:17",701
"2019-10-15 21:43:11",702
"2019-10-15 22:43:09",702
"2019-10-15 23:43:10",702
"2019-10-16 00:43:10",702
"2019-10-16 01:43:10",702
"2019-10-16 02:43:11",702
"2019-10-16 03:43:15",702
"2019-10-16 04:43:11",702
"2019-10-16 05:43:11",702
"2019-10-16 06:43:10",702
"2019-10-16 07:43:16",702
"2019-10-16 08:43:18",702
"2019-10-16 09:43:11",702
"2019-10-16 10:43:12",702
"2019-10-16 11:43:09",702
"2019-10-16 12:43:11",702
"2019-10-16 13:43:15",702
"2019-10-16 14:43:10",704
"2019-10-16 15:43:16",704
"2019-10-16 16:43:10",704
"2019-10-16 17:43:09",705
"2019-10-16 18:43:12",705
"2019-10-16 19:43:09",707
"2019-10-16 20:43:11",707
"2019-10-16 21:43:12",707
"2019-10-16 22:43:09",707
"2019-10-16 23:43:10",707
"2019-10-17 00:43:10",707
"2019-10-17 01:43:11",707
"2019-10-17 02:43:11",707
"2019-10-17 04:43:12",707
"2019-10-17 05:43:09",707
"2019-10-17 06:43:09",707
"2019-10-17 07:43:13",707
"2019-10-17 08:43:11",707
"2019-10-17 09:43:09",707
"2019-10-17 10:43:08",707
"2019-10-17 11:43:13",707
"2019-10-17 12:43:10",707
"2019-10-17 13:43:12",707
"2019-10-17 14:43:14",710
"2019-10-17 15:43:09",706
"2019-10-17 16:43:09",705
"2019-10-17 17:43:11",703
"2019-10-17 18:43:10",702
"2019-10-17 19:43:13",703
"2019-10-17 20:43:11",705
"2019-10-17 21:43:10",703
"2019-10-17 22:43:10",703
"2019-10-17 23:43:11",703
"2019-10-18 00:43:10",703
"2019-10-18 01:43:10",703
"2019-10-18 02:43:09",703
"2019-10-18 03:43:14",703
"2019-10-18 04:43:09",703
"2019-10-18 05:43:10",703
"2019-10-18 06:43:15",703
"2019-10-18 07:43:10",703
"2019-10-18 08:43:11",703
"2019-10-18 09:43:11",703
"2019-10-18 10:43:14",703
"2019-10-18 11:43:10",703
"2019-10-18 13:05:45",703
"2019-10-18 13:43:09",703
"2019-10-18 14:43:10",706
"2019-10-18 15:43:13",707
"2019-10-18 16:43:09",707
"2019-10-18 17:43:11",707
"2019-10-18 18:43:09",707
"2019-10-18 19:43:10",705
"2019-10-18 20:43:12",705
"2019-10-18 21:43:09",706
"2019-10-18 22:43:09",707
"2019-10-18 23:43:10",707
"2019-10-19 00:43:09",707
"2019-10-19 01:43:13",707
"2019-10-19 02:43:10",707
"2019-10-19 03:43:09",707
"2019-10-19 04:43:12",707
"2019-10-19 05:43:09",707
"2019-10-19 06:43:13",707
"2019-10-19 07:43:11",707
"2019-10-19 08:43:10",707
"2019-10-19 09:43:11",707
"2019-10-19 10:43:12",707
"2019-10-19 11:43:09",707
"2019-10-19 12:43:14",707
"2019-10-19 13:43:09",707
"2019-10-19 14:43:10",707
"2019-10-19 15:43:11",707
"2019-10-19 16:43:14",707
"2019-10-19 17:43:10",707
"2019-10-19 18:43:09",707
"2019-10-19 19:43:13",707
"2019-10-19 20:43:10",707
"2019-10-19 21:43:09",707
"2019-10-19 22:43:09",707
"2019-10-19 23:43:09",707
"2019-10-20 00:43:10",707
"2019-10-20 01:43:09",707
"2019-10-20 02:43:13",707
"2019-10-20 03:43:09",707
"2019-10-20 04:43:11",707
"2019-10-20 05:43:12",707
"2019-10-20 06:43:11",707
"2019-10-20 07:43:13",707
"2019-10-20 08:43:10",707
"2019-10-20 09:43:10",707
"2019-10-20 10:43:12",707
"2019-10-20 11:43:09",707
"2019-10-20 12:43:13",707
"2019-10-20 13:43:10",707
"2019-10-20 14:43:09",707
"2019-10-20 16:43:12",707
"2019-10-20 17:43:09",707
"2019-10-20 18:43:10",707
"2019-10-20 19:43:08",707
"2019-10-20 20:43:08",707
"2019-10-20 21:43:08",707
"2019-10-20 22:43:09",707
"2019-10-20 23:43:10",707
"2019-10-21 00:43:10",707
"2019-10-21 01:43:12",707
"2019-10-21 02:43:10",707
"2019-10-21 03:43:10",707
"2019-10-21 04:43:09",707
"2019-10-21 05:43:14",707
"2019-10-21 06:43:10",707
"2019-10-21 07:43:11",707
"2019-10-21 08:43:11",707
"2019-10-21 09:43:10",707
"2019-10-21 10:43:10",707
"2019-10-21 11:43:12",707
"2019-10-21 13:06:42",707
"2019-10-21 13:43:15",707
"2019-10-21 14:43:10",710
"2019-10-21 15:43:12",709
"2019-10-21 16:43:12",708
"2019-10-21 17:43:09",708
"2019-10-21 18:43:10",709
"2019-10-21 19:43:11",708
"2019-10-21 20:43:10",709
"2019-10-21 22:43:14",710
"2019-10-21 23:43:10",710
"2019-10-22 00:43:10",710
"2019-10-22 01:43:10",710
"2019-10-22 02:43:13",710
"2019-10-22 03:43:14",710
"2019-10-22 04:43:12",710
"2019-10-22 05:43:10",710
"2019-10-22 06:43:10",710
"2019-10-22 07:43:14",710
"2019-10-22 08:43:11",710
"2019-10-22 09:43:12",710
"2019-10-22 10:43:09",710
"2019-10-22 11:43:09",710
"2019-10-22 12:43:17",710
"2019-10-22 13:43:10",710
"2019-10-22 14:43:10",711
"2019-10-22 15:43:15",714
"2019-10-22 16:43:12",713
"2019-10-22 17:43:14",714
"2019-10-22 18:43:12",715
"2019-10-22 19:43:09",716
"2019-10-22 20:43:12",716
"2019-10-22 21:43:11",721
"2019-10-22 22:43:12",721
"2019-10-22 23:43:12",721
"2019-10-23 00:43:17",721
"2019-10-23 01:43:13",721
"2019-10-23 02:43:10",721
"2019-10-23 03:43:10",721
"2019-10-23 04:43:15",721
"2019-10-23 05:43:12",721
"2019-10-23 06:43:19",721
"2019-10-23 07:43:13",721
"2019-10-23 08:43:11",721
"2019-10-23 09:43:13",721
"2019-10-23 10:43:13",721
"2019-10-23 11:43:09",721
"2019-10-23 12:43:15",721
"2019-10-23 13:43:15",723
"2019-10-23 14:43:10",729
"2019-10-23 15:43:10",732
"2019-10-23 16:43:13",735
"2019-10-23 17:43:10",733
"2019-10-23 18:43:09",731
"2019-10-23 19:43:10",728
"2019-10-23 20:43:13",726
"2019-10-23 21:43:10",727
"2019-10-23 22:43:11",727
"2019-10-23 23:43:11",727
"2019-10-24 00:51:08",727
"2019-10-24 01:43:12",727
"2019-10-24 02:43:12",727
"2019-10-24 03:43:15",727
"2019-10-24 04:43:10",727
"2019-10-24 05:43:14",727
"2019-10-24 06:43:17",727
"2019-10-24 07:43:11",727
"2019-10-24 08:43:11",727
"2019-10-24 09:43:15",727
"2019-10-24 10:43:10",727
"2019-10-24 11:43:09",727
"2019-10-24 13:06:46",727
"2019-10-24 13:43:11",727
"2019-10-24 14:43:10",724
"2019-10-24 15:43:14",722
"2019-10-24 16:43:10",723
"2019-10-24 17:43:11",721
"2019-10-24 18:43:10",718
"2019-10-24 19:43:14",720
"2019-10-24 20:43:10",720
"2019-10-24 21:43:10",718
"2019-10-24 22:43:10",718
"2019-10-24 23:43:11",718
"2019-10-25 00:43:11",718
"2019-10-25 01:43:11",718
"2019-10-25 02:43:14",718
"2019-10-25 03:43:11",718
"2019-10-25 04:43:09",718
"2019-10-25 05:43:12",718
"2019-10-25 06:43:12",718
"2019-10-25 07:43:13",718
"2019-10-25 08:43:13",718
"2019-10-25 09:43:10",718
"2019-10-25 10:43:10",718
"2019-10-25 11:43:17",718
"2019-10-25 13:06:43",718
"2019-10-25 13:43:13",718
"2019-10-25 14:43:16",719
"2019-10-25 15:43:10",720
"2019-10-25 16:43:16",719
"2019-10-25 17:43:11",717
"2019-10-25 18:43:10",717
"2019-10-25 19:43:10",719
"2019-10-25 20:43:10",723
"2019-10-25 21:43:10",722
"2019-10-25 22:43:10",722
"2019-10-25 23:43:11",722
"2019-10-26 00:43:12",722
"2019-10-26 01:43:14",722
"2019-10-26 02:43:11",722
"2019-10-26 03:43:12",722
"2019-10-26 04:43:14",722
"2019-10-26 05:43:11",722
"2019-10-26 06:43:09",722
"2019-10-26 07:43:14",722
"2019-10-26 08:43:10",722
"2019-10-26 09:43:10",722
"2019-10-26 10:43:09",722
"2019-10-26 11:43:13",722
"2019-10-26 12:43:10",722
"2019-10-26 13:43:12",722
"2019-10-26 14:43:13",722
"2019-10-26 15:43:13",722
"2019-10-26 16:43:12",722
"2019-10-26 17:43:13",722
"2019-10-26 18:43:13",722
"2019-10-26 19:43:12",722
"2019-10-26 20:43:12",722
"2019-10-26 21:43:13",722
"2019-10-26 22:43:12",722
"2019-10-26 23:43:12",722
"2019-10-27 00:43:13",722
"2019-10-27 01:43:11",722
"2019-10-27 02:43:13",722
"2019-10-27 03:43:12",722
"2019-10-27 04:43:10",722
"2019-10-27 05:43:15",722
"2019-10-27 06:43:11",722
"2019-10-27 07:43:10",722
"2019-10-27 08:43:11",722
"2019-10-27 09:43:10",722
"2019-10-27 10:43:09",722
"2019-10-27 11:43:09",722
"2019-10-27 12:43:12",722
"2019-10-27 13:43:10",722
"2019-10-27 14:43:10",722
"2019-10-27 15:43:16",722
"2019-10-27 16:43:10",722
"2019-10-27 17:43:10",722
"2019-10-27 18:43:13",722
"2019-10-27 19:43:13",722
"2019-10-27 20:43:14",722
"2019-10-27 21:43:10",722
"2019-10-27 22:43:09",722
"2019-10-27 23:43:10",722
"2019-10-28 00:43:09",722
"2019-10-28 01:43:11",722
"2019-10-28 02:43:10",722
"2019-10-28 03:43:13",722
"2019-10-28 04:43:10",722
"2019-10-28 05:43:09",722
"2019-10-28 06:43:12",722
"2019-10-28 07:43:12",722
"2019-10-28 08:43:10",722
"2019-10-28 09:43:10",722
"2019-10-28 10:43:14",722
"2019-10-28 11:43:08",722
"2019-10-28 12:43:14",722
"2019-10-28 14:43:14",721
"2019-10-28 15:43:20",721
"2019-10-28 16:43:18",717
"2019-10-28 17:43:14",716
"2019-10-28 18:43:14",716
"2019-10-28 19:43:14",719
"2019-10-28 23:43:12",720
"2019-10-29 00:43:12",720
"2019-10-29 01:43:16",720
"2019-10-29 02:43:13",720
"2019-10-29 03:43:16",720
"2019-10-29 04:43:12",720
"2019-10-29 05:43:15",720
"2019-10-29 06:43:14",720
"2019-10-29 07:43:13",720
"2019-10-29 08:43:13",720
"2019-10-29 09:43:11",720
"2019-10-29 10:43:15",720
"2019-10-29 11:43:11",720
"2019-10-29 12:43:12",720
"2019-10-29 13:43:18",720
"2019-10-29 14:43:12",722
"2019-10-29 15:43:13",721
"2019-10-29 16:43:15",722
"2019-10-29 17:43:11",722
"2019-10-29 18:43:14",721
"2019-10-29 19:43:14",721
"2019-10-29 20:43:12",719
"2019-10-29 21:43:14",721
"2019-10-29 22:43:13",723
"2019-10-29 23:43:13",723
"2019-10-30 00:43:18",723
"2019-10-30 01:43:13",723
"2019-10-30 02:43:12",723
"2019-10-30 03:43:12",723
"2019-10-30 04:43:15",723
"2019-10-30 05:43:17",723
"2019-10-30 06:43:12",723
"2019-10-30 07:43:20",723
"2019-10-30 08:43:13",723
"2019-10-30 09:43:14",723
"2019-10-30 10:43:15",723
"2019-10-30 11:43:10",723
"2019-10-30 13:43:14",723
"2019-10-30 14:43:11",720
"2019-10-30 15:43:10",719
"2019-10-30 16:43:12",718
"2019-10-30 17:43:12",717
"2019-10-30 18:43:11",717
"2019-10-30 19:43:11",717
"2019-10-30 20:43:12",717
"2019-10-30 21:43:12",717
"2019-10-30 22:43:11",716
"2019-10-30 23:43:11",716
"2019-10-31 00:43:11",716
"2019-10-31 01:43:12",716
"2019-10-31 02:43:11",716
"2019-10-31 03:43:14",716
"2019-10-31 04:43:11",716
"2019-10-31 05:43:11",716
"2019-10-31 06:43:14",716
"2019-10-31 07:43:12",716
"2019-10-31 08:43:12",716
"2019-10-31 09:43:15",716
"2019-10-31 10:43:12",716
"2019-10-31 11:43:13",716
"2019-10-31 13:08:17",716
"2019-10-31 13:43:14",716
"2019-10-31 14:43:12",717
"2019-10-31 15:43:14",718
"2019-10-31 16:43:13",718
"2019-10-31 17:43:13",719
"2019-10-31 18:43:12",718
"2019-10-31 19:43:11",719
"2019-10-31 20:43:14",720
"2019-10-31 22:06:16",722
"2019-10-31 22:43:17",722
"2019-10-31 23:43:11",722
"2019-11-01 00:43:12",722
"2019-11-01 01:43:12",722
"2019-11-01 02:43:12",722
"2019-11-01 03:43:15",722
"2019-11-01 04:43:12",722
"2019-11-01 05:43:15",722
"2019-11-01 06:43:11",722
"2019-11-01 07:43:16",722
"2019-11-01 08:43:13",722
"2019-11-01 09:43:14",722
"2019-11-01 10:43:14",722
"2019-11-01 11:43:17",722
"2019-11-01 13:39:21",725
"2019-11-01 13:48:39",725
"2019-11-01 14:43:12",726
"2019-11-01 15:43:11",726
"2019-11-01 16:43:15",725
"2019-11-01 17:43:14",726
"2019-11-01 18:43:17",725
"2019-11-01 19:43:11",725
"2019-11-01 20:43:12",724
"2019-11-01 21:43:11",726
"2019-11-01 22:43:11",726
"2019-11-01 23:43:11",726
"2019-11-02 00:43:14",726
"2019-11-02 01:43:12",726
"2019-11-02 02:43:11",726
"2019-11-02 03:43:15",726
"2019-11-02 04:43:11",726
"2019-11-02 05:43:11",726
"2019-11-02 06:43:14",726
"2019-11-02 07:43:11",726
"2019-11-02 08:43:12",726
"2019-11-02 09:43:10",726
"2019-11-02 10:43:15",726
"2019-11-02 11:43:11",726
"2019-11-02 12:43:15",726
"2019-11-02 13:43:12",726
"2019-11-02 14:43:12",726
"2019-11-02 15:43:15",726
"2019-11-02 16:43:11",726
"2019-11-02 17:43:12",726
"2019-11-02 18:43:12",726
"2019-11-02 19:43:11",726
"2019-11-02 20:43:11",726
"2019-11-02 23:43:13",726
"2019-11-03 00:43:11",726
"2019-11-03 01:43:12",726
"2019-11-03 03:43:12",726
"2019-11-03 05:43:14",726
"2019-11-03 06:43:11",726
"2019-11-03 07:43:12",726
"2019-11-03 21:43:14",726
"2019-11-03 22:43:11",726
"2019-11-03 23:43:15",726
"2019-11-04 00:43:11",726
"2019-11-04 01:43:12",726
"2019-11-04 02:43:11",726
"2019-11-04 03:43:11",726
"2019-11-04 04:43:10",726
"2019-11-04 05:43:14",726
"2019-11-04 06:43:12",726
"2019-11-04 07:43:10",726
"2019-11-04 08:43:11",726
"2019-11-04 09:43:13",726
"2019-11-04 10:43:10",726
"2019-11-04 11:43:10",726
"2019-11-04 12:43:10",726
"2019-11-04 14:08:45",726
"2019-11-04 15:43:12",726
"2019-11-04 16:43:13",727
"2019-11-04 17:43:13",729
"2019-11-04 18:43:13",732
"2019-11-04 19:43:15",734
"2019-11-04 20:43:12",738
"2019-11-04 21:43:13",739
"2019-11-04 22:43:13",739
"2019-11-04 23:43:12",739
"2019-11-05 00:43:13",739
"2019-11-05 01:43:12",739
"2019-11-05 02:43:16",739
"2019-11-05 03:43:13",739
"2019-11-05 04:43:11",739
"2019-11-05 05:43:15",739
"2019-11-05 06:43:14",739
"2019-11-05 07:43:13",739
"2019-11-05 08:43:13",739
"2019-11-05 09:43:14",739
"2019-11-05 10:43:12",739
"2019-11-05 11:43:13",739
"2019-11-05 12:43:12",739
"2019-11-05 14:08:46",739
"2019-11-05 14:43:16",739
"2019-11-05 15:43:12",741
"2019-11-05 16:43:13",738
"2019-11-05 17:43:13",739
"2019-11-05 18:43:12",739
"2019-11-05 19:43:14",739
"2019-11-05 20:43:15",738
"2019-11-05 21:43:13",739
"2019-11-05 22:43:13",739
"2019-11-05 23:43:12",742
"2019-11-06 00:43:12",742
"2019-11-06 01:43:13",742
"2019-11-06 02:43:14",742
"2019-11-06 03:43:13",742
"2019-11-06 04:43:16",742
"2019-11-06 05:43:13",742
"2019-11-06 06:43:17",742
"2019-11-06 07:43:12",742
"2019-11-06 08:43:12",742
"2019-11-06 09:43:15",742
"2019-11-06 10:43:15",742
"2019-11-06 11:43:12",742
"2019-11-06 12:43:12",742
"2019-11-06 13:43:13",742
"2019-11-06 14:43:17",742
"2019-11-06 15:43:14",741
"2019-11-06 16:43:14",741
"2019-11-06 17:43:15",741
"2019-11-06 18:43:15",741
"2019-11-06 19:43:14",741
"2019-11-06 20:43:16",741
"2019-11-06 21:43:15",741
"2019-11-06 22:43:14",741
"2019-11-06 23:43:14",742
"2019-11-07 00:43:14",742
"2019-11-07 01:43:13",742
"2019-11-07 02:43:15",742
"2019-11-07 03:43:14",742
"2019-11-07 04:43:16",742
"2019-11-07 05:43:15",742
"2019-11-07 06:43:13",742
"2019-11-07 07:43:14",742
"2019-11-07 08:43:14",742
"2019-11-07 09:43:14",742
"2019-11-07 10:43:12",742
"2019-11-07 11:43:12",742
"2019-11-07 12:43:13",742
"2019-11-07 14:07:15",742
"2019-11-07 14:43:46",742
"2019-11-07 15:43:16",744
"2019-11-07 16:43:15",743
"2019-11-07 17:43:15",745
"2019-11-07 18:43:15",746
"2019-11-07 19:43:16",748
"2019-11-07 21:07:48",749
"2019-11-07 21:43:18",749
"2019-11-07 22:43:19",749
"2019-11-07 23:43:20",749
"2019-11-08 00:43:21",749
"2019-11-08 01:43:19",749
"2019-11-08 02:43:22",749
"2019-11-08 03:43:20",749
"2019-11-08 04:43:19",749
"2019-11-08 05:43:20",749
"2019-11-08 06:43:16",749
"2019-11-08 07:43:17",749
"2019-11-08 08:43:21",749
"2019-11-08 09:43:18",749
"2019-11-08 10:43:18",749
"2019-11-08 11:43:16",749
"2019-11-08 12:43:17",749
"2019-11-08 14:08:53",748
"2019-11-08 14:43:53",748
"2019-11-08 15:43:18",750
"2019-11-08 16:43:19",750
"2019-11-08 17:43:20",750
"2019-11-08 18:43:19",749
"2019-11-08 19:43:21",749
"2019-11-08 20:43:18",749
"2019-11-08 21:43:20",749
"2019-11-08 22:43:19",748
"2019-11-08 23:43:19",748
"2019-11-09 00:43:20",748
"2019-11-09 01:43:20",748
"2019-11-09 02:43:19",748
"2019-11-09 03:43:18",748
"2019-11-09 04:43:21",748
"2019-11-09 05:43:18",748
"2019-11-09 06:43:19",748
"2019-11-09 07:43:20",748
"2019-11-09 08:43:20",748
"2019-11-09 09:43:18",748
"2019-11-09 10:43:18",748
"2019-11-09 11:43:21",748
"2019-11-09 12:43:18",748
"2019-11-09 13:43:18",748
"2019-11-09 14:43:20",748
"2019-11-09 15:43:21",748
"2019-11-09 16:43:19",748
"2019-11-09 17:43:19",748
"2019-11-09 18:43:18",748
"2019-11-09 19:43:20",748
"2019-11-09 20:43:21",748
"2019-11-09 21:43:19",748
"2019-11-09 22:43:21",748
"2019-11-09 23:43:19",748
"2019-11-10 00:43:18",748
"2019-11-10 01:43:20",748
"2019-11-10 02:43:21",748
"2019-11-10 03:43:17",748
"2019-11-10 04:43:19",748
"2019-11-10 05:43:19",748
"2019-11-10 06:43:18",748
"2019-11-10 07:43:17",748
"2019-11-10 08:43:21",748
"2019-11-10 09:43:20",748
"2019-11-10 10:43:18",748
"2019-11-10 11:43:18",748
"2019-11-10 12:43:19",748
"2019-11-10 13:43:17",748
"2019-11-10 14:43:17",748
"2019-11-10 15:43:20",748
"2019-11-10 16:43:18",748
"2019-11-10 17:43:18",748
"2019-11-10 18:43:20",748
"2019-11-10 19:43:17",748
"2019-11-10 20:43:18",748
"2019-11-10 21:43:17",748
"2019-11-10 22:43:20",748
"2019-11-10 23:43:20",748
"2019-11-11 00:43:19",748
"2019-11-11 01:43:21",748
"2019-11-11 02:43:20",748
"2019-11-11 03:43:19",748
"2019-11-11 04:43:19",748
"2019-11-11 05:43:21",748
"2019-11-11 06:43:19",748
"2019-11-11 07:43:20",748
"2019-11-11 08:43:22",748
"2019-11-11 09:43:21",748
"2019-11-11 10:43:21",748
"2019-11-11 11:43:19",748
"2019-11-11 12:43:21",748
"2019-11-11 13:43:20",748
"2019-11-11 14:43:22",748
"2019-11-11 15:43:24",747
"2019-11-11 16:43:20",743
"2019-11-11 17:43:22",744
"2019-11-11 18:43:23",746
"2019-11-11 19:43:20",746
"2019-11-11 21:43:20",745
"2019-11-11 22:43:19",745
"2019-11-11 23:43:19",745
"2019-11-12 00:43:17",745
"2019-11-12 01:43:18",745
"2019-11-12 02:43:22",745
"2019-11-12 03:43:20",745
"2019-11-12 04:43:17",745
"2019-11-12 05:43:20",745
"2019-11-12 06:43:18",745
"2019-11-12 07:43:21",745
"2019-11-12 08:43:18",745
"2019-11-12 09:43:18",745
"2019-11-12 10:43:17",745
"2019-11-12 11:43:21",745
"2019-11-12 12:43:23",745
"2019-11-12 14:07:22",745
"2019-11-12 14:43:22",745
"2019-11-12 15:43:18",750
"2019-11-12 16:43:20",750
"2019-11-12 17:43:20",750
"2019-11-12 18:43:22",750
"2019-11-12 19:43:18",749
"2019-11-12 20:43:17",749
"2019-11-12 21:43:19",749
"2019-11-12 22:43:21",748
"2019-11-12 23:43:19",748
"2019-11-13 00:43:22",748
"2019-11-13 01:43:19",748
"2019-11-13 02:43:19",748
"2019-11-13 03:43:22",748
"2019-11-13 04:43:19",748
"2019-11-13 05:43:25",748
"2019-11-13 06:43:18",748
"2019-11-13 07:43:24",748
"2019-11-13 08:43:21",748
"2019-11-13 09:43:20",748
"2019-11-13 10:43:19",748
"2019-11-13 11:43:23",748
"2019-11-13 12:43:18",748
"2019-11-13 13:43:19",748
"2019-11-13 15:43:23",746
"2019-11-13 16:43:19",747
"2019-11-13 17:43:20",748
"2019-11-13 18:43:22",743
"2019-11-13 19:43:19",748
"2019-11-13 20:43:19",748
"2019-11-13 21:43:18",746
"2019-11-13 22:43:20",746
"2019-11-13 23:43:20",746
"2019-11-14 00:43:19",746
"2019-11-14 01:43:18",746
"2019-11-14 02:43:23",746
"2019-11-14 03:43:18",746
"2019-11-14 04:43:18",746
"2019-11-14 05:43:23",746
"2019-11-14 06:43:17",746
"2019-11-14 07:43:23",746
"2019-11-14 08:43:21",746
"2019-11-14 09:43:22",746
"2019-11-14 10:43:20",746
"2019-11-14 11:43:23",746
"2019-11-14 12:43:17",746
"2019-11-14 14:06:56",746
"2019-11-14 14:43:20",746
"2019-11-14 15:43:19",745
"2019-11-14 17:43:19",744
"2019-11-14 18:43:18",744
"2019-11-14 19:43:19",744
"2019-11-14 20:43:20",744
"2019-11-14 21:43:23",743
"2019-11-14 22:43:18",743
"2019-11-14 23:43:19",743
"2019-11-15 00:43:20",743
"2019-11-15 01:43:19",743
"2019-11-15 02:43:18",743
"2019-11-15 03:43:19",743
"2019-11-15 04:43:20",743
"2019-11-15 05:43:20",743
"2019-11-15 06:43:21",743
"2019-11-15 07:43:17",743
"2019-11-15 08:43:26",743
"2019-11-15 09:43:18",743
"2019-11-15 10:43:19",743
"2019-11-15 11:43:18",743
"2019-11-15 12:43:22",743
"2019-11-15 14:09:51",743
"2019-11-15 15:43:24",743
"2019-11-15 16:43:18",743
"2019-11-15 17:43:19",743
"2019-11-15 18:43:25",743
"2019-11-15 19:43:21",742
"2019-11-15 20:43:21",742
"2019-11-15 21:43:17",743
"2019-11-15 22:43:20",743
"2019-11-15 23:43:19",743
"2019-11-16 00:43:21",743
"2019-11-16 01:43:18",743
"2019-11-16 02:43:20",743
"2019-11-16 03:43:18",743
"2019-11-16 04:43:20",743
"2019-11-16 05:43:19",743
"2019-11-16 06:43:20",743
"2019-11-16 07:43:19",743
"2019-11-16 08:43:20",743
"2019-11-16 09:43:22",743
"2019-11-16 10:43:17",743
"2019-11-16 11:43:18",743
"2019-11-16 12:43:21",743
"2019-11-16 13:43:21",743
"2019-11-16 14:43:20",743
"2019-11-16 15:43:19",743
"2019-11-16 16:43:19",743
"2019-11-16 17:43:20",743
"2019-11-16 18:43:18",743
"2019-11-16 19:43:17",743
"2019-11-16 20:43:17",743
"2019-11-16 21:43:17",743
"2019-11-16 22:43:18",743
"2019-11-16 23:43:17",743
"2019-11-17 00:43:17",743
"2019-11-17 01:43:16",743
"2019-11-17 02:43:20",743
"2019-11-17 03:43:17",743
"2019-11-17 04:43:19",743
"2019-11-17 05:43:19",743
"2019-11-17 06:43:20",743
"2019-11-17 07:43:20",743
"2019-11-17 08:43:18",743
"2019-11-17 10:43:22",743
"2019-11-17 11:43:21",743
"2019-11-17 12:43:18",743
"2019-11-17 13:43:19",743
"2019-11-17 14:43:17",743
"2019-11-17 15:43:17",743
"2019-11-17 16:43:19",743
"2019-11-17 17:43:16",743
"2019-11-17 18:43:16",743
"2019-11-17 19:43:17",743
"2019-11-17 20:43:19",743
"2019-11-17 21:43:21",743
"2019-11-17 22:43:19",743
"2019-11-17 23:43:21",743
"2019-11-18 00:43:17",743
"2019-11-18 01:43:17",743
"2019-11-18 02:43:19",743
"2019-11-18 03:43:17",743
"2019-11-18 04:43:16",743
"2019-11-18 05:43:20",743
"2019-11-18 06:43:15",743
"2019-11-18 07:43:18",743
"2019-11-18 08:43:22",743
"2019-11-18 09:43:22",743
"2019-11-18 10:43:20",743
"2019-11-18 11:43:17",743
"2019-11-18 12:43:19",743
"2019-11-18 14:08:23",743
"2019-11-18 14:43:18",743
"2019-11-18 15:43:22",742
"2019-11-18 16:43:20",741
"2019-11-18 17:43:22",741
"2019-11-18 18:43:22",741
"2019-11-18 19:43:19",741
"2019-11-18 20:43:21",741
"2019-11-18 21:43:20",742
"2019-11-18 22:43:17",742
"2019-11-18 23:43:20",742
"2019-11-19 00:43:18",742
"2019-11-19 01:43:19",742
"2019-11-19 02:43:17",742
"2019-11-19 03:43:18",742
"2019-11-19 04:43:20",742
"2019-11-19 05:43:17",742
"2019-11-19 06:43:19",742
"2019-11-19 07:43:18",742
"2019-11-19 08:43:19",742
"2019-11-19 09:43:22",742
"2019-11-19 10:43:18",742
"2019-11-19 11:43:17",742
"2019-11-19 12:43:18",742
"2019-11-19 14:08:23",742
"2019-11-19 14:43:19",742
"2019-11-19 15:43:20",741
"2019-11-19 16:43:18",741
"2019-11-19 17:43:25",740
"2019-11-19 18:43:17",740
"2019-11-19 19:43:20",740
"2019-11-19 20:43:20",738
"2019-11-19 21:43:22",738
"2019-11-19 22:43:19",738
"2019-11-19 23:43:19",738
"2019-11-20 00:43:20",738
"2019-11-20 01:43:19",738
"2019-11-20 02:43:21",738
"2019-11-20 03:43:20",738
"2019-11-20 04:43:19",738
"2019-11-20 05:43:20",738
"2019-11-20 06:43:19",738
"2019-11-20 07:43:20",738
"2019-11-20 08:43:23",738
"2019-11-20 09:43:26",738
"2019-11-20 10:43:26",738
"2019-11-20 11:43:25",738
"2019-11-20 12:43:23",738
"2019-11-20 14:07:56",738
"2019-11-20 14:43:25",738
"2019-11-20 15:43:22",738
"2019-11-20 16:43:23",736
"2019-11-20 22:43:21",737
"2019-11-20 23:43:18",737
"2019-11-21 00:43:18",737
"2019-11-21 01:43:18",737
"2019-11-21 02:43:21",737
"2019-11-21 03:43:18",737
"2019-11-21 04:43:17",737
"2019-11-21 05:43:20",737
"2019-11-21 06:43:21",737
"2019-11-21 07:43:17",737
"2019-11-21 08:43:17",737
"2019-11-21 09:43:19",737
"2019-11-21 10:43:19",737
"2019-11-21 11:43:18",737
"2019-11-21 12:43:18",737
"2019-11-21 14:07:21",737
"2019-11-21 14:43:23",737
"2019-11-21 15:43:17",737
"2019-11-21 16:43:19",737
"2019-11-21 17:43:20",737
"2019-11-21 18:43:17",737
"2019-11-21 19:43:17",738
"2019-11-21 20:43:17",737
"2019-11-21 21:43:17",736
"2019-11-21 22:43:18",737
"2019-11-21 23:43:19",737
"2019-11-22 00:43:19",737
"2019-11-22 01:43:21",737
"2019-11-22 02:43:18",737
"2019-11-22 03:43:18",737
"2019-11-22 04:43:17",737
"2019-11-22 05:43:22",737
"2019-11-22 06:43:20",737
"2019-11-22 07:43:22",737
"2019-11-22 08:43:23",737
"2019-11-22 09:43:22",737
"2019-11-22 10:43:23",737
"2019-11-22 11:43:19",737
"2019-11-22 12:43:19",737
"2019-11-22 13:43:17",737
"2019-11-22 14:43:20",737
"2019-11-22 15:43:16",739
"2019-11-22 16:43:18",740
"2019-11-22 17:43:22",739
"2019-11-22 18:43:21",739
"2019-11-22 19:43:17",738
"2019-11-22 20:43:19",736
"2019-11-22 21:43:18",735
"2019-11-22 22:43:17",735
"2019-11-22 23:43:20",736
"2019-11-23 00:43:25",736
"2019-11-23 01:43:18",736
"2019-11-23 02:43:17",736
"2019-11-23 03:43:17",736
"2019-11-23 04:43:22",736
"2019-11-23 05:43:18",736
"2019-11-23 06:43:19",736
"2019-11-23 07:43:19",736
"2019-11-23 08:43:19",736
"2019-11-23 09:43:21",736
"2019-11-23 10:43:20",736
"2019-11-23 11:43:17",736
"2019-11-23 12:43:17",736
"2019-11-23 13:43:17",736
"2019-11-23 14:43:18",736
"2019-11-23 15:43:18",736
"2019-11-23 16:43:18",736
"2019-11-23 17:43:18",736
"2019-11-23 18:43:18",736
"2019-11-23 19:43:19",736
"2019-11-23 20:43:15",736
"2019-11-23 21:43:18",736
"2019-11-23 22:43:16",736
"2019-11-23 23:43:16",736
"2019-11-24 00:43:19",736
"2019-11-24 01:43:17",736
"2019-11-24 02:43:17",736
"2019-11-24 03:43:17",736
"2019-11-24 04:43:16",736
"2019-11-24 05:43:17",736
"2019-11-24 06:43:17",736
"2019-11-24 07:43:15",736
"2019-11-24 08:43:18",736
"2019-11-24 09:43:20",736
"2019-11-24 10:43:20",736
"2019-11-24 11:43:18",736
"2019-11-24 12:43:16",736
"2019-11-24 13:43:16",736
"2019-11-24 14:43:17",736
"2019-11-24 15:43:18",736
"2019-11-24 16:43:17",736
"2019-11-24 17:43:16",736
"2019-11-24 18:43:19",736
"2019-11-24 19:43:17",736
"2019-11-24 20:43:19",736
"2019-11-24 21:43:17",736
"2019-11-24 22:43:20",736
"2019-11-24 23:43:17",736
"2019-11-25 00:43:18",736
"2019-11-25 01:43:20",736
"2019-11-25 02:43:19",736
"2019-11-25 04:43:16",736
"2019-11-25 05:43:18",736
"2019-11-25 06:43:18",736
"2019-11-25 07:43:18",736
"2019-11-25 08:43:23",736
"2019-11-25 09:43:22",736
"2019-11-25 10:43:22",736
"2019-11-25 11:43:21",736
"2019-11-25 12:43:21",736
"2019-11-25 13:43:17",736
"2019-11-25 14:43:19",736
"2019-11-25 15:43:21",736
"2019-11-25 16:43:18",733
"2019-11-25 17:43:18",733
"2019-11-25 18:43:17",732
"2019-11-25 19:43:20",732
"2019-11-25 20:43:19",731
"2019-11-25 21:43:17",730
"2019-11-25 22:43:23",730
"2019-11-25 23:43:19",730
"2019-11-26 00:43:20",730
"2019-11-26 01:43:19",730
"2019-11-26 02:43:20",730
"2019-11-26 03:43:19",730
"2019-11-26 04:43:18",730
"2019-11-26 05:43:22",730
"2019-11-26 06:43:24",730
"2019-11-26 07:43:18",730
"2019-11-26 08:43:19",730
"2019-11-26 09:43:24",730
"2019-11-26 20:43:23",733
"2019-11-26 21:43:20",733
"2019-11-26 22:43:22",733
"2019-11-26 23:43:19",733
"2019-11-27 00:43:22",733
"2019-11-27 01:43:19",733
"2019-11-27 02:43:18",733
"2019-11-27 03:43:20",733
"2019-11-27 04:43:18",733
"2019-11-27 05:43:20",733
"2019-11-27 06:43:20",733
"2019-11-27 07:43:19",733
"2019-11-27 08:43:25",733
"2019-11-27 09:43:25",733
"2019-11-27 10:43:18",733
"2019-11-27 11:43:16",733
"2019-11-27 12:43:25",733
"2019-11-27 13:43:19",733
"2019-11-27 14:43:20",733
"2019-11-27 15:43:24",735
"2019-11-27 16:43:20",734
"2019-11-27 17:43:19",732
"2019-11-27 18:43:20",731
"2019-11-27 19:43:20",731
"2019-11-27 20:43:19",731
"2019-11-27 21:43:19",731
"2019-11-27 22:43:20",732
"2019-11-27 23:43:19",732
"2019-11-28 00:43:19",732
"2019-11-28 01:43:20",732
"2019-11-28 02:43:24",732
"2019-11-28 03:43:22",732
"2019-11-28 04:43:21",732
"2019-11-28 05:43:19",732
"2019-11-28 06:43:19",732
"2019-11-28 07:43:22",732
"2019-11-28 08:43:20",732
"2019-11-28 09:43:25",732
"2019-11-28 10:43:22",732
"2019-11-28 11:43:19",732
"2019-11-28 12:43:18",732
"2019-11-28 13:43:17",732
"2019-11-28 14:43:18",732
"2019-11-28 15:43:19",732
"2019-11-28 16:43:19",732
"2019-11-28 17:43:20",732
"2019-11-28 18:43:19",732
"2019-11-28 19:43:18",732
"2019-11-28 20:43:18",732
"2019-11-28 21:43:19",732
"2019-11-28 22:43:18",732
"2019-11-28 23:43:19",732
"2019-11-29 00:43:19",732
"2019-11-29 01:43:18",732
"2019-11-29 02:43:19",732
"2019-11-29 03:43:18",732
"2019-11-29 04:43:20",732
"2019-11-29 05:43:20",732
"2019-11-29 06:43:19",732
"2019-11-29 07:43:21",732
"2019-11-29 08:43:27",732
"2019-11-29 09:43:30",732
"2019-11-29 10:43:36",732
"2019-11-29 11:43:23",732
"2019-11-29 12:43:22",732
"2019-11-29 13:43:27",732
"2019-11-29 14:43:27",732
"2019-11-29 15:43:24",732
"2019-11-29 16:43:28",735
"2019-11-29 17:43:27",732
"2019-11-29 18:43:25",733
"2019-11-29 20:43:24",734
"2019-11-29 21:43:18",734
"2019-11-29 22:43:25",734
"2019-11-29 23:43:24",734
"2019-11-30 00:43:20",734
"2019-11-30 01:43:19",734
"2019-11-30 02:43:21",734
"2019-11-30 03:43:23",734
"2019-11-30 04:43:21",734
"2019-11-30 05:43:25",734
"2019-11-30 06:43:22",734
"2019-11-30 07:43:23",734
"2019-11-30 08:43:22",734
"2019-11-30 21:43:38",734
"2019-11-30 22:43:26",734
"2019-11-30 23:43:22",734
"2019-12-01 00:43:22",734
"2019-12-01 01:43:19",734
"2019-12-01 02:43:25",734
"2019-12-01 22:43:29",734
"2019-12-01 23:43:20",734
"2019-12-02 00:43:18",734
"2019-12-02 01:43:23",734
"2019-12-02 02:43:21",734
"2019-12-02 06:16:14",734
"2019-12-02 06:44:51",734
"2019-12-02 07:44:59",734
"2019-12-02 08:44:49",734
"2019-12-02 09:44:49",734
"2019-12-02 10:44:51",734
"2019-12-02 11:44:51",734
"2019-12-02 12:44:47",734
"2019-12-02 14:07:59",734
"2019-12-02 14:44:53",734
"2019-12-02 15:44:55",734
"2019-12-02 16:44:50",736
"2019-12-02 17:45:04",736
"2019-12-02 18:45:03",736
"2019-12-02 19:45:06",737
"2019-12-02 20:45:00",738
"2019-12-02 21:45:04",738
"2019-12-02 22:45:12",738
"2019-12-02 23:45:06",738
"2019-12-03 00:44:59",738
"2019-12-03 01:45:04",738
"2019-12-03 02:45:05",738
"2019-12-03 03:45:04",738
"2019-12-03 04:45:04",738
"2019-12-03 05:45:06",738
"2019-12-03 06:44:51",738
"2019-12-03 07:44:51",738
"2019-12-03 08:44:50",738
"2019-12-03 09:45:01",738
"2019-12-03 10:45:05",738
"2019-12-03 11:45:01",738
"2019-12-03 12:44:48",738
"2019-12-03 13:44:45",738
"2019-12-03 14:45:03",738
"2019-12-03 15:44:48",738
"2019-12-03 16:45:03",739
"2019-12-03 17:45:00",738
"2019-12-03 18:45:00",738
"2019-12-03 19:45:00",738
"2019-12-03 20:45:00",738
"2019-12-03 21:45:18",737
"2019-12-03 22:45:02",737
"2019-12-03 23:45:07",736
"2019-12-04 00:45:23",736
"2019-12-04 01:45:29",736
"2019-12-04 02:45:21",736
"2019-12-04 03:45:08",736
"2019-12-04 04:45:06",736
"2019-12-04 05:45:07",736
"2019-12-04 06:45:06",736
"2019-12-04 07:45:07",736
"2019-12-04 08:44:54",736
"2019-12-04 09:44:53",736
"2019-12-04 10:44:52",736
"2019-12-04 11:44:55",736
"2019-12-04 12:44:54",736
"2019-12-04 14:07:30",736
"2019-12-04 14:45:12",736
"2019-12-04 15:45:11",735
"2019-12-04 16:45:06",735
"2019-12-04 17:45:06",734
"2019-12-04 18:45:06",735
"2019-12-04 19:45:08",735
"2019-12-04 20:45:06",736
"2019-12-04 21:45:02",735
"2019-12-04 22:45:03",735
"2019-12-04 23:45:04",735
"2019-12-05 00:45:06",735
"2019-12-05 01:45:07",735
"2019-12-05 02:45:06",735
"2019-12-05 03:45:06",735
"2019-12-05 04:45:05",735
"2019-12-05 06:45:07",735
"2019-12-05 07:44:52",735
"2019-12-05 08:45:04",735
"2019-12-05 09:44:49",735
"2019-12-05 10:44:49",735
"2019-12-05 11:44:50",735
"2019-12-05 12:44:49",735
"2019-12-05 13:45:04",735
"2019-12-05 14:45:07",735
"2019-12-05 15:45:05",734
"2019-12-05 16:45:04",734
"2019-12-05 17:45:04",737
"2019-12-05 18:45:05",737
"2019-12-05 20:08:00",739
"2019-12-05 20:45:16",739
"2019-12-05 21:45:03",739
"2019-12-05 22:45:04",739
"2019-12-05 23:44:54",739
"2019-12-06 00:45:04",739
"2019-12-06 01:45:03",739
"2019-12-06 02:45:08",739
"2019-12-06 03:45:05",739
"2019-12-06 04:45:03",739
"2019-12-06 05:45:12",739
"2019-12-06 06:45:04",739
"2019-12-06 07:45:07",739
"2019-12-06 08:45:06",739
"2019-12-06 09:45:03",739
"2019-12-06 10:45:05",739
"2019-12-06 11:45:05",739
"2019-12-06 12:44:50",739
"2019-12-06 13:45:44",739
"2019-12-06 14:45:10",739
"2019-12-06 15:45:23",734
"2019-12-06 16:45:07",734
"2019-12-06 17:45:03",734
"2019-12-06 18:45:05",733
"2019-12-06 19:45:05",733
"2019-12-06 20:45:03",733
"2019-12-06 21:44:49",732
"2019-12-06 22:44:50",732
"2019-12-06 23:44:53",732
"2019-12-07 00:44:53",732
"2019-12-07 01:45:11",732
"2019-12-07 02:45:08",732
"2019-12-07 03:45:04",732
"2019-12-07 04:44:59",732
"2019-12-07 05:45:24",732
"2019-12-07 06:44:52",732
"2019-12-07 07:44:53",732
"2019-12-07 08:44:51",732
"2019-12-07 09:44:49",732
"2019-12-07 10:44:50",732
"2019-12-07 11:44:49",732
"2019-12-07 12:45:04",732
"2019-12-07 13:45:20",732
"2019-12-07 14:45:06",732
"2019-12-07 15:45:08",732
"2019-12-07 16:45:05",732
"2019-12-07 17:45:08",732
"2019-12-07 18:45:05",732
"2019-12-07 19:44:51",732
"2019-12-07 20:45:05",732
"2019-12-07 21:45:09",732
"2019-12-07 22:44:53",732
"2019-12-07 23:44:51",732
"2019-12-08 00:44:58",732
"2019-12-08 01:44:51",732
"2019-12-08 02:45:07",732
"2019-12-08 03:45:06",732
"2019-12-08 04:45:03",732
"2019-12-08 05:45:08",732
"2019-12-08 06:45:06",732
"2019-12-08 07:45:04",732
"2019-12-08 08:45:04",732
"2019-12-08 09:45:03",732
"2019-12-08 10:45:04",732
"2019-12-08 11:44:49",732
"2019-12-08 12:44:52",732
"2019-12-08 13:45:03",732
"2019-12-08 14:44:58",732
"2019-12-08 15:44:54",732
"2019-12-08 16:45:04",732
"2019-12-08 17:45:07",732
"2019-12-08 18:44:50",732
"2019-12-08 19:45:01",732
"2019-12-08 20:45:02",732
"2019-12-08 21:45:09",732
"2019-12-08 22:45:07",732
"2019-12-08 23:45:05",732
"2019-12-09 00:45:04",732
"2019-12-09 01:44:50",732
"2019-12-09 02:44:52",732
"2019-12-09 03:45:06",732
"2019-12-09 04:44:53",732
"2019-12-09 05:44:56",732
"2019-12-09 06:45:09",732
"2019-12-09 07:44:52",732
"2019-12-09 08:44:53",732
"2019-12-09 09:44:49",732
"2019-12-09 10:44:51",732
"2019-12-09 11:44:47",732
"2019-12-09 12:44:49",732
"2019-12-09 14:08:32",732
"2019-12-09 14:44:59",732
"2019-12-09 15:44:59",731
"2019-12-09 16:45:12",729
"2019-12-09 17:45:23",729
"2019-12-09 18:45:01",730
"2019-12-09 19:44:51",735
"2019-12-09 20:45:09",734
"2019-12-09 21:45:08",734
"2019-12-09 22:44:52",734
"2019-12-09 23:45:04",734
"2019-12-10 00:45:11",734
"2019-12-10 01:45:05",734
"2019-12-10 02:45:08",734
"2019-12-10 03:45:13",734
"2019-12-10 04:45:06",734
"2019-12-10 05:45:14",734
"2019-12-10 06:45:10",734
"2019-12-10 07:45:07",734
"2019-12-10 08:45:11",734
"2019-12-10 09:44:53",734
"2019-12-10 10:44:52",734
"2019-12-10 11:44:52",734
"2019-12-10 12:45:12",734
"2019-12-10 13:44:51",734
"2019-12-10 14:44:56",734
"2019-12-10 15:44:53",735
"2019-12-10 16:45:12",736
"2019-12-10 17:45:02",737
"2019-12-10 18:45:04",739
"2019-12-10 19:44:55",738
"2019-12-10 20:45:05",738
"2019-12-10 21:45:04",738
"2019-12-10 22:45:10",738
"2019-12-10 23:45:11",739
"2019-12-11 00:45:11",739
"2019-12-11 01:45:17",739
"2019-12-11 02:45:24",739
"2019-12-11 03:45:08",739
"2019-12-11 04:45:13",739
"2019-12-11 05:45:13",739
"2019-12-11 06:45:00",739
"2019-12-11 07:44:56",739
"2019-12-11 08:45:06",739
"2019-12-11 09:44:53",739
"2019-12-11 10:45:01",739
"2019-12-11 11:44:56",739
"2019-12-11 12:45:10",739
"2019-12-11 13:45:02",739
"2019-12-11 14:45:31",739
"2019-12-11 15:45:03",740
"2019-12-11 16:45:19",740
"2019-12-11 17:45:19",741
"2019-12-11 18:45:10",740
"2019-12-11 19:45:16",742
"2019-12-11 20:45:02",742
"2019-12-11 21:45:08",742
"2019-12-11 22:45:10",742
"2019-12-11 23:45:10",743
"2019-12-12 00:45:03",743
"2019-12-12 01:45:18",743
"2019-12-12 02:45:15",743
"2019-12-12 03:44:58",743
"2019-12-12 04:45:12",743
"2019-12-12 05:45:12",743
"2019-12-12 06:45:14",743
"2019-12-12 07:45:12",743
"2019-12-12 08:44:57",743
"2019-12-12 09:45:07",743
"2019-12-12 10:45:09",743
"2019-12-12 11:44:58",743
"2019-12-12 12:44:52",743
"2019-12-12 14:07:02",743
"2019-12-12 14:45:24",743
"2019-12-12 15:45:00",741
"2019-12-12 16:45:17",737
"2019-12-12 17:45:00",737
"2019-12-12 18:45:02",734
"2019-12-12 19:45:03",734
"2019-12-12 20:45:03",736
"2019-12-12 21:45:04",737
"2019-12-12 22:44:56",737
"2019-12-12 23:45:00",737
"2019-12-13 00:45:38",737
"2019-12-13 01:45:38",737
"2019-12-13 02:45:31",737
"2019-12-13 03:45:31",737
"2019-12-13 04:45:29",737
"2019-12-13 05:45:41",737
"2019-12-13 06:45:55",737
"2019-12-13 07:45:37",737
"2019-12-13 08:45:24",737
"2019-12-13 09:45:38",737
"2019-12-13 10:45:25",737
"2019-12-13 11:45:23",737
"2019-12-13 12:45:23",737
"2019-12-13 14:39:08",736
"2019-12-13 14:46:50",736
"2019-12-13 15:45:41",732
"2019-12-13 16:45:24",732
"2019-12-13 17:45:33",730
"2019-12-13 18:45:32",730
"2019-12-13 19:45:30",732
"2019-12-13 20:46:05",731
"2019-12-13 21:45:28",731
"2019-12-13 22:45:29",731
"2019-12-13 23:45:21",731
"2019-12-14 00:45:33",731
"2019-12-14 01:45:18",731
"2019-12-14 02:45:29",731
"2019-12-14 03:45:28",731
"2019-12-14 04:45:33",731
"2019-12-14 05:45:32",731
"2019-12-14 06:45:29",731
"2019-12-14 07:45:12",731
"2019-12-14 08:45:21",731
"2019-12-14 09:45:25",731
"2019-12-14 10:45:16",731
"2019-12-14 11:45:16",731
"2019-12-14 12:45:11",731
"2019-12-14 13:45:31",731
"2019-12-14 14:45:23",731
"2019-12-14 15:45:37",731
"2019-12-14 16:45:36",731
"2019-12-14 17:45:16",731
"2019-12-14 18:45:48",731
"2019-12-14 19:45:27",731
"2019-12-14 20:45:27",731
"2019-12-14 22:45:36",731
"2019-12-14 23:45:27",731
"2019-12-15 00:45:33",731
"2019-12-15 01:45:35",731
"2019-12-15 02:45:30",731
"2019-12-15 03:45:29",731
"2019-12-15 04:45:32",731
"2019-12-15 05:45:24",731
"2019-12-15 06:45:28",731
"2019-12-15 07:45:24",731
"2019-12-15 08:45:25",731
"2019-12-15 09:45:06",731
"2019-12-15 10:45:20",731
"2019-12-15 11:45:26",731
"2019-12-15 13:45:25",731
"2019-12-15 14:45:06",731
"2019-12-15 15:45:28",731
"2019-12-15 16:45:34",731
"2019-12-15 17:45:29",731
"2019-12-15 19:45:27",731
"2019-12-15 20:45:30",731
"2019-12-15 21:45:20",731
"2019-12-15 22:45:27",731
"2019-12-15 23:45:32",731
"2019-12-16 00:45:24",731
"2019-12-16 01:45:41",731
"2019-12-16 02:45:21",731
"2019-12-16 04:45:54",731
"2019-12-16 05:45:28",731
"2019-12-16 06:45:28",731
"2019-12-16 07:45:17",731
"2019-12-16 08:45:22",731
"2019-12-16 09:45:20",731
"2019-12-16 10:45:13",731
"2019-12-16 11:45:30",731
"2019-12-16 12:45:25",731
"2019-12-16 13:45:30",731
"2019-12-16 14:46:37",731
"2019-12-16 16:06:31",724
"2019-12-16 16:45:45",724
"2019-12-16 17:45:43",725
"2019-12-16 18:45:38",725
"2019-12-16 19:45:29",726
"2019-12-16 20:45:37",726
"2019-12-16 21:45:28",725
"2019-12-16 22:45:29",725
"2019-12-16 23:45:26",724
"2019-12-17 00:45:18",724
"2019-12-17 01:45:17",724
"2019-12-17 02:45:46",724
"2019-12-17 03:45:31",724
"2019-12-17 04:45:34",724
"2019-12-17 05:45:27",724
"2019-12-17 06:45:30",724
"2019-12-17 07:45:24",724
"2019-12-17 08:45:44",724
"2019-12-17 09:45:08",724
"2019-12-17 10:45:20",724
"2019-12-17 11:45:14",724
"2019-12-17 12:45:12",724
"2019-12-17 14:08:01",724
"2019-12-17 14:45:56",724
"2019-12-17 15:45:50",724
"2019-12-17 16:45:32",724
"2019-12-17 17:45:31",722
"2019-12-17 18:45:24",723
"2019-12-17 19:45:43",723
"2019-12-17 20:45:35",723
"2019-12-17 21:45:18",723
"2019-12-17 22:45:25",722
"2019-12-17 23:45:36",722
"2019-12-18 01:45:42",722
"2019-12-18 02:45:42",722
"2019-12-18 03:45:26",722
"2019-12-18 04:45:13",722
"2019-12-18 05:45:30",722
"2019-12-18 06:45:21",722
"2019-12-18 07:45:11",722
"2019-12-18 08:45:28",722
"2019-12-18 09:45:21",722
"2019-12-18 10:45:25",722
"2019-12-18 11:45:14",722
"2019-12-18 12:45:22",722
"2019-12-18 14:07:00",722
"2019-12-18 14:46:01",722
"2019-12-18 15:45:29",722
"2019-12-18 16:45:39",721
"2019-12-18 17:45:35",719
"2019-12-18 18:45:26",720
"2019-12-18 19:45:22",720
"2019-12-18 20:45:31",720
"2019-12-18 21:45:20",722
"2019-12-18 22:45:18",722
"2019-12-18 23:45:23",722
"2019-12-19 00:45:30",722
"2019-12-19 01:45:31",722
"2019-12-19 02:45:45",722
"2019-12-19 03:45:26",722
"2019-12-19 04:45:30",722
"2019-12-19 05:45:23",722
"2019-12-19 06:45:28",722
"2019-12-19 07:45:28",722
"2019-12-19 08:45:15",722
"2019-12-19 09:45:19",722
"2019-12-19 10:45:10",722
"2019-12-19 11:45:09",722
"2019-12-19 12:45:27",722
"2019-12-19 14:08:32",722
"2019-12-19 14:45:51",722
"2019-12-19 15:46:05",722
"2019-12-19 16:45:46",719
"2019-12-19 17:45:45",720
"2019-12-19 18:45:40",720
"2019-12-19 19:45:41",721
"2019-12-19 21:08:34",722
"2019-12-19 21:45:38",722
"2019-12-19 22:45:47",723
"2019-12-19 23:45:43",723
"2019-12-20 00:45:43",723
"2019-12-20 01:45:30",723
"2019-12-20 02:45:40",723
"2019-12-20 03:45:33",723
"2019-12-20 04:45:46",723
"2019-12-20 05:45:40",723
"2019-12-20 06:45:51",723
"2019-12-20 07:45:38",723
"2019-12-20 08:45:46",723
"2019-12-20 09:45:41",723
"2019-12-20 10:45:08",723
"2019-12-20 11:45:32",723
"2019-12-20 12:45:43",723
"2019-12-20 14:07:33",723
"2019-12-20 14:46:14",723
"2019-12-20 15:46:13",725
"2019-12-20 16:45:57",724
"2019-12-20 17:46:01",723
"2019-12-20 18:45:48",722
"2019-12-20 19:46:01",721
"2019-12-20 20:45:58",722
"2019-12-20 21:45:45",722
"2019-12-20 22:45:36",722
"2019-12-20 23:45:44",722
"2019-12-21 00:45:52",722
"2019-12-21 01:45:45",722
"2019-12-21 02:45:48",722
"2019-12-21 03:45:32",722
"2019-12-21 04:45:43",722
"2019-12-21 05:45:30",722
"2019-12-21 06:45:28",722
"2019-12-21 07:45:35",722
"2019-12-21 08:45:31",722
"2019-12-21 09:45:16",722
"2019-12-21 10:45:22",722
"2019-12-21 11:45:14",722
"2019-12-21 12:45:16",722
"2019-12-21 13:45:21",722
"2019-12-21 14:45:38",722
"2019-12-21 15:45:24",722
"2019-12-21 16:45:42",722
"2019-12-21 17:45:28",722
"2019-12-21 18:45:26",722
"2019-12-21 19:45:25",722
"2019-12-21 20:45:21",722
"2019-12-21 22:45:43",722
"2019-12-21 23:45:14",722
"2019-12-22 00:45:22",722
"2019-12-22 01:45:31",722
"2019-12-22 02:45:24",722
"2019-12-22 04:45:29",722
"2019-12-22 05:45:15",722
"2019-12-22 06:45:15",722
"2019-12-22 07:45:22",722
"2019-12-22 08:45:19",722
"2019-12-22 09:45:15",722
"2019-12-22 10:45:20",722
"2019-12-22 11:45:23",722
"2019-12-22 12:45:30",722
"2019-12-22 13:45:12",722
"2019-12-22 14:45:31",722
"2019-12-22 15:45:37",722
"2019-12-22 16:45:25",722
"2019-12-22 17:45:24",722
"2019-12-22 18:45:30",722
"2019-12-22 19:45:30",722
"2019-12-22 20:45:38",722
"2019-12-22 22:45:27",722
"2019-12-22 23:45:38",722
"2019-12-23 00:45:35",722
"2019-12-23 01:45:43",722
"2019-12-23 02:45:35",722
"2019-12-23 03:45:37",722
"2019-12-23 04:45:37",722
"2019-12-23 05:45:37",722
"2019-12-23 06:45:38",722
"2019-12-23 07:45:19",722
"2019-12-23 08:45:19",722
"2019-12-23 09:45:11",722
"2019-12-23 10:45:20",722
"2019-12-23 11:45:19",722
"2019-12-23 12:45:20",722
"2019-12-23 14:08:37",722
"2019-12-23 14:46:14",722
"2019-12-23 15:45:41",754
"2019-12-23 16:45:30",785
"2019-12-23 17:45:47",802
"2019-12-23 18:45:51",812
"2019-12-23 19:45:48",813
"2019-12-23 20:45:57",819
"2019-12-23 21:45:42",825
"2019-12-23 22:45:23",829
"2019-12-23 23:45:41",830
"2019-12-24 00:45:33",830
"2019-12-24 01:45:31",830
"2019-12-24 02:45:44",830
"2019-12-24 03:45:49",830
"2019-12-24 04:45:57",830
"2019-12-24 05:45:26",830
"2019-12-24 06:45:55",830
"2019-12-24 07:45:22",830
"2019-12-24 08:45:22",830
"2019-12-24 09:45:26",830
"2019-12-24 10:45:11",830
"2019-12-24 11:45:28",830
"2019-12-24 12:45:17",830
"2019-12-24 13:45:19",830
"2019-12-24 14:46:05",826
"2019-12-24 15:45:40",935
"2019-12-24 16:45:29",950
"2019-12-24 17:45:29",950
"2019-12-24 18:45:30",954
"2019-12-24 19:45:37",954
"2019-12-24 20:45:23",955
"2019-12-24 21:45:17",955
"2019-12-24 22:45:42",955
"2019-12-24 23:45:39",955
"2019-12-25 00:45:41",955
"2019-12-25 01:45:28",955
"2019-12-25 02:45:11",955
"2019-12-25 03:45:34",955
"2019-12-25 04:45:37",955
"2019-12-25 05:45:44",955
"2019-12-25 06:45:22",955
"2019-12-25 07:45:31",955
"2019-12-25 08:45:46",955
"2019-12-25 09:45:29",955
"2019-12-25 10:45:26",955
"2019-12-25 11:45:15",955
"2019-12-25 12:45:24",955
"2019-12-25 13:45:18",955
"2019-12-25 14:45:31",955
"2019-12-25 15:45:43",955
"2019-12-25 16:45:30",955
"2019-12-25 17:45:39",955
"2019-12-25 18:45:23",955
"2019-12-25 19:45:21",955
"2019-12-25 20:45:30",955
"2019-12-25 21:45:26",955
"2019-12-25 22:45:31",955
"2019-12-25 23:45:27",955
"2019-12-26 00:45:40",955
"2019-12-26 01:45:41",955
"2019-12-26 02:45:45",955
"2019-12-26 03:45:46",955
"2019-12-26 04:45:48",955
"2019-12-26 05:45:27",955
"2019-12-26 06:45:38",955
"2019-12-26 07:45:31",955
"2019-12-26 08:45:19",955
"2019-12-26 09:45:22",955
"2019-12-26 10:45:21",955
"2019-12-26 11:45:17",955
"2019-12-26 12:45:15",955
"2019-12-26 13:45:22",955
"2019-12-26 14:45:54",958
"2019-12-26 15:45:46",1017
"2019-12-26 16:45:42",1024
"2019-12-26 17:45:54",1023
"2019-12-26 18:45:36",1025
"2019-12-26 19:45:32",1023
"2019-12-26 20:46:03",1022
"2019-12-26 21:45:42",1017
"2019-12-26 22:45:59",1018
"2019-12-26 23:45:40",1018
"2019-12-27 00:45:29",1018
"2019-12-27 01:45:43",1018
"2019-12-27 02:45:52",1018
"2019-12-27 03:45:28",1018
"2019-12-27 04:45:51",1018
"2019-12-27 05:45:39",1018
"2019-12-27 06:45:56",1018
"2019-12-27 07:45:26",1018
"2019-12-27 08:45:41",1018
"2019-12-27 09:45:25",1018
"2019-12-27 10:45:13",1018
"2019-12-27 11:45:18",1018
"2019-12-27 12:45:27",1018
"2019-12-27 14:08:34",1019
"2019-12-27 14:45:54",1019
"2019-12-27 15:45:45",991
"2019-12-27 16:45:37",955
"2019-12-27 17:45:39",952
"2019-12-27 18:45:46",952
"2019-12-27 19:46:14",955
"2019-12-27 20:45:44",948
"2019-12-27 21:45:56",946
"2019-12-27 22:45:44",949
"2019-12-27 23:45:26",948
"2019-12-28 00:45:41",948
"2019-12-28 01:45:31",948
"2019-12-28 02:45:46",948
"2019-12-28 03:45:28",948
"2019-12-28 04:45:45",948
"2019-12-28 05:45:50",948
"2019-12-28 06:45:43",948
"2019-12-28 07:45:20",948
"2019-12-28 08:45:45",948
"2019-12-28 09:45:29",948
"2019-12-28 10:45:31",948
"2019-12-28 11:45:21",948
"2019-12-28 12:45:09",948
"2019-12-28 13:45:26",948
"2019-12-28 14:45:40",948
"2019-12-28 15:45:48",948
"2019-12-28 16:45:26",948
"2019-12-28 17:45:54",948
"2019-12-28 18:45:35",948
"2019-12-28 19:45:31",948
"2019-12-28 20:45:44",948
"2019-12-28 21:45:20",948
"2019-12-28 22:45:39",948
"2019-12-28 23:45:46",948
"2019-12-29 00:45:30",948
"2019-12-29 01:45:54",948
"2019-12-29 02:45:40",948
"2019-12-29 03:45:57",948
"2019-12-29 04:45:44",948
"2019-12-29 05:45:48",948
"2019-12-29 06:45:55",948
"2019-12-29 07:45:37",948
"2019-12-29 08:45:51",948
"2019-12-29 09:45:30",948
"2019-12-29 10:45:32",948
"2019-12-29 11:45:32",948
"2019-12-29 12:45:28",948
"2019-12-29 13:45:28",948
"2019-12-29 14:45:32",948
"2019-12-29 15:45:33",948
"2019-12-29 16:45:47",948
"2019-12-29 17:45:29",948
"2019-12-29 18:45:34",948
"2019-12-29 19:45:42",948
"2019-12-29 20:45:24",948
"2019-12-29 21:46:00",948
"2019-12-29 22:45:37",948
"2019-12-29 23:45:18",948
"2019-12-30 00:45:32",948
"2019-12-30 01:45:51",948
"2019-12-30 02:45:56",948
"2019-12-30 03:45:34",948
"2019-12-30 04:46:03",948
"2019-12-30 05:45:39",948
"2019-12-30 06:45:14",948
"2019-12-30 07:45:17",948
"2019-12-30 08:45:29",948
"2019-12-30 09:45:40",948
"2019-12-30 10:45:10",948
"2019-12-30 11:45:36",948
"2019-12-30 12:45:24",948
"2019-12-30 14:08:32",948
"2019-12-30 14:46:23",948
"2019-12-30 15:45:44",948
"2019-12-30 16:45:43",940
"2019-12-30 17:45:42",934
"2019-12-30 18:45:52",925
"2019-12-30 19:45:43",920
"2019-12-30 20:45:33",915
"2019-12-30 21:45:33",914
"2019-12-30 22:45:24",914
"2019-12-30 23:45:28",914
"2019-12-31 00:45:31",914
"2019-12-31 01:45:27",914
"2019-12-31 02:45:43",914
"2019-12-31 03:45:46",914
"2019-12-31 04:45:35",914
"2019-12-31 05:45:25",914
"2019-12-31 06:45:35",914
"2019-12-31 07:45:23",914
"2019-12-31 08:45:41",914
"2019-12-31 09:45:40",914
"2019-12-31 10:45:50",914
"2019-12-31 11:45:35",914
"2019-12-31 12:45:26",914
"2019-12-31 14:09:34",913
"2019-12-31 14:46:17",913
"2019-12-31 15:45:54",908
"2019-12-31 16:45:43",900
"2019-12-31 17:45:25",897
"2019-12-31 18:45:32",895
"2019-12-31 19:45:39",891
"2019-12-31 20:45:44",888
"2019-12-31 21:45:25",883
"2019-12-31 22:45:28",882
"2019-12-31 23:45:29",879
"2020-01-01 00:45:37",879
"2020-01-01 01:45:29",879
"2020-01-01 02:45:27",879
"2020-01-01 03:45:32",879
"2020-01-01 04:45:17",879
"2020-01-01 05:45:51",879
"2020-01-01 06:45:51",879
"2020-01-01 07:45:29",879
"2020-01-01 08:45:29",879
"2020-01-01 09:45:24",879
"2020-01-01 10:45:14",879
"2020-01-01 11:45:17",879
"2020-01-01 12:45:27",879
"2020-01-01 13:45:19",879
"2020-01-01 14:45:23",879
"2020-01-01 15:45:26",879
"2020-01-01 16:45:31",879
"2020-01-01 17:45:34",879
"2020-01-01 18:45:28",879
"2020-01-01 19:45:18",879
"2020-01-01 20:45:34",879
"2020-01-01 21:45:32",879
"2020-01-01 22:45:38",879
"2020-01-01 23:46:03",879
"2020-01-02 00:45:47",879
"2020-01-02 01:45:37",879
"2020-01-02 02:46:04",879
"2020-01-02 03:45:39",879
"2020-01-02 04:45:34",879
"2020-01-02 05:45:28",879
"2020-01-02 06:45:24",879
"2020-01-02 07:45:24",879
"2020-01-02 08:45:31",879
"2020-01-02 09:45:24",879
"2020-01-02 10:45:26",879
"2020-01-02 11:45:24",879
"2020-01-02 12:45:26",879
"2020-01-02 14:10:03",879
"2020-01-02 14:47:01",879
"2020-01-02 15:45:53",866
"2020-01-02 16:45:41",864
"2020-01-02 17:45:45",862
"2020-01-02 18:45:49",864
"2020-01-02 19:45:39",862
"2020-01-02 20:45:48",862
"2020-01-02 21:45:32",858
"2020-01-02 22:46:20",857
"2020-01-02 23:45:19",857
"2020-01-03 00:45:44",857
"2020-01-03 01:45:44",857
"2020-01-03 02:45:48",857
"2020-01-03 03:45:41",857
"2020-01-03 04:45:35",857
"2020-01-03 05:45:46",857
"2020-01-03 06:45:35",857
"2020-01-03 07:45:30",857
"2020-01-03 08:45:39",857
"2020-01-03 09:45:26",857
"2020-01-03 10:45:25",857
"2020-01-03 11:45:23",857
"2020-01-03 12:45:29",857
"2020-01-03 14:10:03",857
"2020-01-03 14:49:42",857
"2020-01-03 15:45:36",856
"2020-01-03 16:45:47",856
"2020-01-03 17:46:29",853
"2020-01-03 18:45:50",853
"2020-01-03 19:45:42",853
"2020-01-03 20:45:44",853
"2020-01-03 21:45:26",845
"2020-01-03 22:45:30",845
"2020-01-03 23:45:28",845
"2020-01-04 00:45:39",845
"2020-01-04 01:45:27",845
"2020-01-04 02:45:26",845
"2020-01-04 03:45:42",845
"2020-01-04 04:45:36",845
"2020-01-04 05:45:35",845
"2020-01-04 06:45:39",845
"2020-01-04 07:45:19",845
"2020-01-04 08:45:30",845
"2020-01-04 09:45:24",845
"2020-01-04 10:45:27",845
"2020-01-04 11:45:21",845
"2020-01-04 12:45:28",845
"2020-01-04 13:45:23",845
"2020-01-04 14:45:22",845
"2020-01-04 15:45:32",845
"2020-01-04 16:45:33",845
"2020-01-04 17:45:42",845
"2020-01-04 18:45:30",845
"2020-01-04 19:45:33",845
"2020-01-04 20:45:35",845
"2020-01-04 21:46:11",845
"2020-01-04 22:45:33",845
"2020-01-04 23:45:48",845
"2020-01-05 00:45:31",845
"2020-01-05 01:46:01",845
"2020-01-05 02:45:50",845
"2020-01-05 03:45:45",845
"2020-01-05 04:45:27",845
"2020-01-05 05:45:29",845
"2020-01-05 06:45:21",845
"2020-01-05 07:45:19",845
"2020-01-05 08:45:11",845
"2020-01-05 09:45:13",845
"2020-01-05 10:45:10",845
"2020-01-05 11:45:32",845
"2020-01-05 12:45:12",845
"2020-01-05 13:45:29",845
"2020-01-05 14:45:21",845
"2020-01-05 15:45:22",845
"2020-01-05 16:45:32",845
"2020-01-05 17:46:17",845
"2020-01-05 18:45:45",845
"2020-01-05 20:45:38",845
"2020-01-05 21:45:52",845
"2020-01-05 22:45:31",845
"2020-01-05 23:45:36",845
"2020-01-06 00:45:40",845
"2020-01-06 01:45:41",845
"2020-01-06 02:45:56",845
"2020-01-06 03:45:51",845
"2020-01-06 04:45:53",845
"2020-01-06 05:45:46",845
"2020-01-06 06:45:36",845
"2020-01-06 07:45:28",845
"2020-01-06 08:45:36",845
"2020-01-16 06:45:22",819
"2020-01-16 07:45:20",819
"2020-01-16 08:45:25",819
"2020-01-16 09:45:17",819
"2020-01-16 10:45:16",819
"2020-01-16 11:45:20",819
"2020-01-16 12:45:19",819
"2020-01-16 14:10:04",819
"2020-01-16 15:45:25",816
"2020-01-16 16:45:31",815
"2020-01-16 17:45:33",815
"2020-01-16 18:45:17",815
"2020-01-16 19:45:23",817
"2020-01-16 20:45:24",817
"2020-01-16 21:45:18",817
"2020-01-16 22:45:24",819
"2020-01-16 23:45:16",819
"2020-01-17 00:45:42",819
"2020-01-17 01:45:47",819
"2020-01-17 02:45:18",819
"2020-01-17 03:45:17",819
"2020-01-17 04:45:17",819
"2020-01-17 05:45:09",819
"2020-01-17 06:45:19",819
"2020-01-17 07:45:05",819
"2020-01-17 08:45:08",819
"2020-01-17 09:45:51",819
"2020-01-17 10:44:59",819
"2020-01-17 11:45:00",819
"2020-01-17 12:45:08",819
"2020-01-17 14:08:06",819
"2020-01-17 14:45:27",819
"2020-01-17 15:45:25",819
"2020-01-17 16:45:26",815
"2020-01-17 17:45:17",815
"2020-01-17 18:45:21",816
"2020-01-17 19:45:16",815
"2020-01-17 20:45:17",814
"2020-01-17 21:45:08",814
"2020-01-17 22:45:16",816
"2020-01-17 23:45:12",816
"2020-01-18 00:45:39",816
"2020-01-18 01:45:12",816
"2020-01-18 02:45:14",816
"2020-01-18 03:45:19",816
"2020-01-18 04:45:17",816
"2020-01-18 05:45:22",816
"2020-01-18 06:45:03",816
"2020-01-18 07:45:17",816
"2020-01-18 08:45:14",816
"2020-01-18 09:45:08",816
"2020-01-18 10:45:10",816
"2020-01-18 11:45:01",816
"2020-01-18 12:45:12",816
"2020-01-18 13:45:13",816
"2020-01-18 14:45:16",816
"2020-01-18 15:45:19",816
"2020-01-18 16:45:03",816
"2020-01-18 17:45:21",816
"2020-01-18 18:45:15",816
"2020-01-18 19:45:44",816
"2020-01-18 20:45:19",816
"2020-01-18 21:45:23",816
"2020-01-18 22:45:12",816
"2020-01-18 23:45:12",816
"2020-01-19 00:45:02",816
"2020-01-19 01:45:16",816
"2020-01-19 02:45:20",816
"2020-01-19 03:45:24",816
"2020-01-19 04:45:15",816
"2020-01-19 05:45:10",816
"2020-01-19 06:45:11",816
"2020-01-19 07:45:05",816
"2020-01-19 08:45:31",816
"2020-01-19 09:45:12",816
"2020-01-19 10:44:59",816
"2020-01-19 11:45:04",816
"2020-01-19 12:45:18",816
"2020-01-19 13:45:08",816
"2020-01-19 14:45:35",816
"2020-01-19 15:45:48",816
"2020-01-19 16:45:07",816
"2020-01-19 17:45:10",816
"2020-01-19 18:45:04",816
"2020-01-19 19:45:53",816
"2020-01-19 20:45:13",816
"2020-01-19 21:45:17",816
"2020-01-19 22:45:14",816
"2020-01-19 23:46:02",816
"2020-01-20 00:45:51",816
"2020-01-20 01:45:47",816
"2020-01-20 02:45:29",816
"2020-01-20 03:45:47",816
"2020-01-20 04:45:40",816
"2020-01-20 05:45:07",816
"2020-01-20 06:45:48",816
"2020-01-20 07:45:06",816
"2020-01-20 08:45:46",816
"2020-01-20 09:52:57",816
"2020-01-20 10:45:28",816
"2020-01-20 11:45:03",816
"2020-01-20 12:45:09",816
"2020-01-20 13:45:37",816
"2020-01-20 14:45:37",816
"2020-01-20 15:45:48",816
"2020-01-20 16:45:14",816
"2020-01-20 17:45:41",816
"2020-01-20 18:45:12",816
"2020-01-20 19:45:40",816
"2020-01-20 20:45:48",816
"2020-01-20 21:45:53",816
"2020-01-20 22:45:48",816
"2020-01-20 23:45:41",816
"2020-01-21 00:45:47",816
"2020-01-21 01:45:40",816
"2020-01-21 02:45:46",816
"2020-01-21 03:45:08",816
"2020-01-21 04:45:18",816
"2020-01-21 05:45:12",816
"2020-01-21 06:45:10",816
"2020-01-21 07:45:04",816
"2020-01-21 08:45:18",816
"2020-01-21 10:01:28",816
"2020-01-21 10:45:46",816
"2020-01-21 11:45:13",816
"2020-01-21 12:45:10",816
"2020-01-21 13:45:14",816
"2020-01-21 15:46:04",852
"2020-01-21 16:45:23",871
"2020-01-21 17:45:53",880
"2020-01-21 18:45:27",887
"2020-01-21 19:45:47",887
"2020-01-21 20:45:23",900
"2020-01-21 21:45:52",901
"2020-01-21 22:45:41",905
"2020-01-21 23:45:12",909
"2020-01-22 00:45:18",909
"2020-01-22 01:45:18",909
"2020-01-22 02:45:45",909
"2020-01-22 03:45:21",909
"2020-01-22 04:45:22",909
"2020-01-22 05:45:24",909
"2020-01-22 06:45:14",909
"2020-01-22 07:45:15",909
"2020-01-22 08:45:23",909
"2020-01-22 09:57:39",909
"2020-01-22 10:45:02",909
"2020-01-22 11:45:06",909
"2020-01-22 12:45:37",909
"2020-01-22 13:45:44",909
"2020-01-22 14:45:42",909
"2020-01-22 15:45:24",930
"2020-01-22 16:45:55",947
"2020-01-22 17:45:40",949
"2020-01-22 18:45:39",958
"2020-01-22 19:45:56",963
"2020-01-22 20:45:49",964
"2020-01-22 21:45:55",971
"2020-01-22 22:45:31",976
"2020-01-22 23:45:46",976
"2020-01-23 00:45:52",976
"2020-01-23 01:45:53",976
"2020-01-23 02:45:24",976
"2020-01-23 03:45:20",976
"2020-01-23 04:45:30",976
"2020-01-23 05:45:10",976
"2020-01-23 06:45:17",976
"2020-01-23 07:45:14",976
"2020-01-23 08:45:13",976
"2020-01-23 10:45:06",976
"2020-01-23 11:45:17",976
"2020-01-23 12:45:10",976
"2020-01-23 14:09:36",977
"2020-01-23 14:45:44",977
"2020-01-23 15:45:27",990
"2020-01-23 16:45:17",989
"2020-01-23 17:45:18",988
"2020-01-23 18:45:25",987
"2020-01-23 19:45:18",992
"2020-01-23 20:45:26",997
"2020-01-23 21:45:30",994
"2020-01-23 22:45:17",992
"2020-01-23 23:45:23",993
"2020-01-24 00:45:15",993
"2020-01-24 01:45:19",993
"2020-01-24 02:45:48",993
"2020-01-24 03:45:12",993
"2020-01-24 04:45:15",993
"2020-01-24 05:45:27",993
"2020-01-24 06:45:02",993
"2020-01-24 07:45:23",993
"2020-01-24 08:45:08",993
"2020-01-24 09:55:43",993
"2020-01-24 10:45:11",993
"2020-01-24 11:45:02",993
"2020-01-24 12:45:13",993
"2020-01-24 14:08:35",993
"2020-01-24 14:45:27",993
"2020-01-24 15:45:24",998
"2020-01-24 16:45:24",993
"2020-01-24 17:45:19",993
"2020-01-24 18:45:18",993
"2020-01-24 19:45:28",993
"2020-01-24 20:45:26",994
"2020-01-24 21:45:20",995
"2020-01-24 22:45:11",995
"2020-01-24 23:45:19",994
"2020-01-25 00:45:13",994
"2020-01-25 01:45:22",994
"2020-01-25 02:45:30",994
"2020-01-25 03:45:28",994
"2020-01-25 04:45:17",994
"2020-01-25 05:45:27",994
"2020-01-25 06:45:13",994
"2020-01-25 07:45:18",994
"2020-01-25 08:45:18",994
"2020-01-25 09:56:10",994
"2020-01-25 10:45:10",994
"2020-01-25 11:45:10",994
"2020-01-25 12:45:18",994
"2020-01-25 14:45:08",994
"2020-01-25 15:45:09",994
"2020-01-25 16:45:19",994
"2020-01-25 17:45:21",994
"2020-01-25 18:45:20",994
"2020-01-25 19:45:17",994
"2020-01-25 20:45:16",994
"2020-01-25 21:45:12",994
"2020-01-25 22:45:18",994
"2020-01-25 23:45:11",994
"2020-01-26 00:45:20",994
"2020-01-26 01:45:17",994
"2020-01-26 02:45:22",994
"2020-01-26 03:45:19",994
"2020-01-26 04:45:14",994
"2020-01-26 06:45:06",994
"2020-01-26 07:45:09",994
"2020-01-27 02:45:20",994
"2020-01-27 03:45:17",994
"2020-01-27 04:45:24",994
"2020-01-27 05:45:25",994
"2020-01-27 06:45:26",994
"2020-01-27 07:45:13",994
"2020-01-27 08:45:14",994
"2020-01-27 09:45:26",994
"2020-01-27 10:45:13",994
"2020-01-27 11:45:19",994
"2020-01-27 12:45:03",994
"2020-01-27 13:45:23",994
"2020-01-27 14:46:15",993
"2020-01-27 15:45:50",989
"2020-01-27 16:45:28",984
"2020-01-27 17:45:35",982
"2020-01-27 18:45:30",981
"2020-01-27 19:45:42",979
"2020-01-27 20:45:29",979
"2020-01-27 21:45:32",975
"2020-01-27 22:45:56",974
"2020-01-27 23:45:34",974
"2020-01-28 00:45:12",974
"2020-01-28 01:45:34",974
"2020-01-28 02:45:36",974
"2020-01-28 03:45:21",974
"2020-01-28 04:45:23",974
"2020-01-28 05:45:25",974
"2020-01-28 06:45:12",974
"2020-01-28 07:45:12",974
"2020-01-28 08:45:26",974
"2020-01-28 09:45:41",974
"2020-01-28 10:45:07",974
"2020-01-28 11:45:13",974
"2020-01-28 12:45:10",974
"2020-01-28 14:09:09",974
"2020-01-28 14:45:53",974
"2020-01-28 15:45:33",971
"2020-01-28 16:45:40",974
"2020-01-28 17:45:32",974
"2020-01-28 18:45:31",975
"2020-01-28 19:45:32",975
"2020-01-28 21:45:52",978
"2020-01-28 22:45:33",977
"2020-01-28 23:45:21",977
"2020-01-29 00:45:22",977
"2020-01-29 01:45:33",977
"2020-01-29 02:45:47",977
"2020-01-29 03:45:33",977
"2020-01-29 04:45:29",977
"2020-01-29 05:45:25",977
"2020-01-29 06:45:19",977
"2020-01-29 07:45:07",977
"2020-01-29 08:45:20",977
"2020-01-29 09:45:29",977
"2020-01-29 10:45:10",977
"2020-01-29 11:45:09",977
"2020-01-29 12:45:18",977
"2020-01-29 13:45:35",977
"2020-01-29 14:45:44",976
"2020-01-29 15:45:45",973
"2020-01-29 16:45:31",971
"2020-01-29 17:45:48",968
"2020-01-29 18:45:32",967
"2020-01-29 19:45:41",966
"2020-01-29 20:45:38",967
"2020-01-29 21:45:29",966
"2020-01-29 22:45:24",968
"2020-01-29 23:45:17",966
"2020-01-30 00:45:32",966
"2020-01-30 01:45:42",966
"2020-01-30 02:45:42",966
"2020-01-30 03:45:22",966
"2020-01-30 04:45:47",966
"2020-01-30 05:45:48",966
"2020-01-30 06:45:38",966
"2020-01-30 07:45:14",966
"2020-01-30 08:45:20",966
"2020-01-30 09:45:27",966
"2020-01-30 10:45:01",966
"2020-01-30 11:45:14",966
"2020-01-30 12:45:18",966
"2020-01-30 13:45:16",966
"2020-01-30 14:45:51",965
"2020-01-30 15:45:41",964
"2020-01-30 16:45:43",964
"2020-01-30 17:45:38",960
"2020-01-30 18:45:32",959
"2020-01-30 19:45:41",957
"2020-01-30 20:45:19",955
"2020-01-30 21:45:39",954
"2020-01-30 22:45:10",955
"2020-01-30 23:45:13",955
"2020-01-31 00:45:19",955
"2020-01-31 01:45:36",955
"2020-01-31 02:45:26",955
"2020-01-31 03:45:31",955
"2020-01-31 04:45:21",955
"2020-01-31 05:45:18",955
"2020-01-31 06:45:06",955
"2020-01-31 07:45:15",955
"2020-01-31 08:45:37",955
"2020-01-31 09:45:29",955
"2020-01-31 10:45:17",955
"2020-01-31 11:45:11",955
"2020-01-31 12:45:13",955
"2020-01-31 13:45:29",955
"2020-01-31 14:45:34",955
"2020-01-31 15:45:28",952
"2020-01-31 16:45:22",951
"2020-01-31 17:45:19",950
"2020-01-31 18:45:27",949
"2020-01-31 19:45:25",948
"2020-01-31 20:45:26",947
"2020-01-31 21:45:12",939
"2020-01-31 22:45:16",937
"2020-01-31 23:45:23",938
"2020-02-01 00:45:11",938
"2020-02-01 01:45:36",938
"2020-02-01 02:45:16",938
"2020-02-01 03:45:16",938
"2020-02-01 04:45:28",938
"2020-02-01 05:45:33",938
"2020-02-01 06:45:31",938
"2020-02-01 07:45:18",938
"2020-02-01 08:45:16",938
"2020-02-01 09:45:28",938
"2020-02-01 10:45:08",938
"2020-02-01 11:45:14",938
"2020-02-01 12:45:10",938
"2020-02-01 13:45:14",938
"2020-02-01 14:45:27",938
"2020-02-01 15:45:20",938
"2020-02-01 16:45:19",938
"2020-02-01 17:45:23",938
"2020-02-01 18:45:18",938
"2020-02-01 19:45:27",938
"2020-02-01 20:45:23",938
"2020-02-01 21:45:40",938
"2020-02-01 22:45:27",938
"2020-02-01 23:45:33",938
"2020-02-02 00:45:31",938
"2020-02-02 01:45:39",938
"2020-02-02 02:45:28",938
"2020-02-02 03:45:28",938
"2020-02-02 04:45:26",938
"2020-02-02 05:45:29",938
"2020-02-02 06:45:26",938
"2020-02-02 07:45:24",938
"2020-02-02 08:45:32",938
"2020-02-02 09:45:25",938
"2020-02-02 10:45:20",938
"2020-02-02 11:45:22",938
"2020-02-02 12:45:31",938
"2020-02-02 13:45:28",938
"2020-02-02 14:45:24",938
"2020-02-02 15:45:24",938
"2020-02-02 16:45:27",938
"2020-02-02 17:45:41",938
"2020-02-02 18:45:23",938
"2020-02-02 19:45:32",938
"2020-02-02 20:45:35",938
"2020-02-02 21:45:29",938
"2020-02-02 22:45:30",938
"2020-02-02 23:45:47",938
"2020-02-03 00:45:54",938
"2020-02-03 01:45:38",938
"2020-02-03 02:45:32",938
"2020-02-03 03:45:33",938
"2020-02-03 04:45:34",938
"2020-02-03 05:45:36",938
"2020-02-03 06:45:21",938
"2020-02-03 07:45:28",938
"2020-02-03 08:45:32",938
"2020-02-03 09:45:33",938
"2020-02-03 10:45:21",938
"2020-02-03 11:45:23",938
"2020-02-03 12:45:16",938
"2020-02-03 14:45:48",941
"2020-02-03 14:53:34",941
"2020-02-03 15:45:48",943
"2020-02-03 16:45:39",944
"2020-02-03 17:45:38",942
"2020-02-03 18:45:47",942
"2020-02-03 19:45:42",942
"2020-02-03 20:45:40",943
"2020-02-03 21:45:35",944
"2020-02-03 22:45:29",944
"2020-02-03 23:45:33",944
"2020-02-04 00:45:34",944
"2020-02-04 01:45:37",944
"2020-02-04 02:45:43",944
"2020-02-04 03:45:41",944
"2020-02-04 04:45:39",944
"2020-02-04 05:45:44",944
"2020-02-04 06:45:34",944
"2020-02-04 07:45:38",944
"2020-02-04 08:45:15",944
"2020-02-04 09:45:37",944
"2020-02-04 10:45:21",944
"2020-02-04 11:45:36",944
"2020-02-04 12:45:27",944
"2020-02-04 14:12:42",944
"2020-02-04 15:45:39",946
"2020-02-04 16:45:35",945
"2020-02-04 17:45:41",944
"2020-02-04 18:45:38",941
"2020-02-04 19:45:29",942
"2020-02-04 20:45:30",941
"2020-02-04 21:45:36",940
"2020-02-04 22:45:35",938
"2020-02-04 23:45:37",939
"2020-02-05 00:45:34",939
"2020-02-05 01:45:33",939
"2020-02-05 02:45:39",939
"2020-02-05 03:45:35",939
"2020-02-05 04:46:02",939
"2020-02-05 05:45:31",939
"2020-02-05 06:45:45",939
"2020-02-05 07:45:38",939
"2020-02-05 08:45:34",939
"2020-02-05 09:45:30",939
"2020-02-05 10:45:33",939
"2020-02-05 11:45:29",939
"2020-02-05 12:45:36",939
"2020-02-05 14:06:43",939
"2020-02-05 14:45:53",939
"2020-02-05 15:45:49",937
"2020-02-05 16:45:41",935
"2020-02-05 17:45:35",936
"2020-02-05 18:45:31",933
"2020-02-05 19:45:43",930
"2020-02-05 20:45:47",929
"2020-02-05 21:45:33",928
"2020-02-05 22:45:37",928
"2020-02-05 23:45:35",928
"2020-02-06 00:45:43",928
"2020-02-06 01:45:43",928
"2020-02-06 02:45:48",928
"2020-02-06 03:45:58",928
"2020-02-06 04:45:53",928
"2020-02-06 05:45:41",928
"2020-02-06 06:45:29",928
"2020-02-06 07:45:37",928
"2020-02-06 08:45:34",928
"2020-02-06 09:45:31",928
"2020-02-06 10:45:19",928
"2020-02-06 11:45:26",928
"2020-02-06 12:45:31",928
"2020-02-06 13:45:26",928
"2020-02-06 14:45:41",928
"2020-02-06 15:45:52",928
"2020-02-06 16:45:36",928
"2020-02-06 17:45:35",927
"2020-02-06 18:45:38",923
"2020-02-06 19:45:46",924
"2020-02-06 20:45:43",926
"2020-02-06 21:45:35",927
"2020-02-06 22:45:39",927
"2020-02-06 23:45:33",927
"2020-02-07 00:45:33",927
"2020-02-07 01:45:48",927
"2020-02-07 02:45:32",927
"2020-02-07 03:45:41",927
"2020-02-07 04:45:41",927
"2020-02-07 05:45:46",927
"2020-02-07 06:45:51",927
"2020-02-07 07:45:39",927
"2020-02-07 08:45:38",927
"2020-02-07 09:45:42",927
"2020-02-07 10:45:33",927
"2020-02-07 11:45:33",927
"2020-02-07 12:45:27",927
"2020-02-07 14:08:12",927
"2020-02-07 14:45:50",927
"2020-02-07 15:45:42",926
"2020-02-07 16:45:46",925
"2020-02-07 17:45:48",924
"2020-02-07 18:45:34",923
"2020-02-07 19:45:47",923
"2020-02-07 20:45:44",924
"2020-02-07 21:45:33",925
"2020-02-07 22:45:43",925
"2020-02-07 23:45:25",925
"2020-02-08 00:45:31",925
"2020-02-08 01:45:25",925
"2020-02-08 02:45:38",925
"2020-02-08 03:45:40",925
"2020-02-08 04:45:35",925
"2020-02-08 05:45:31",925
"2020-02-08 06:45:30",925
"2020-02-08 07:45:37",925
"2020-02-08 08:45:25",925
"2020-02-08 09:45:32",925
"2020-02-08 10:45:20",925
"2020-02-08 11:45:25",925
"2020-02-08 12:45:25",925
"2020-02-08 13:45:26",925
"2020-02-08 14:45:43",925
"2020-02-08 15:45:35",925
"2020-02-08 16:45:37",925
"2020-02-08 17:45:41",925
"2020-02-08 18:48:17",925
"2020-02-08 19:45:32",925
"2020-02-08 20:45:40",925
"2020-02-08 21:45:37",925
"2020-02-08 22:45:35",925
"2020-02-08 23:45:33",925
"2020-02-09 00:45:28",925
"2020-02-09 01:45:38",925
"2020-02-09 02:45:43",925
"2020-02-09 03:45:38",925
"2020-02-09 04:45:24",925
"2020-02-09 05:45:30",925
"2020-02-09 06:45:28",925
"2020-02-09 07:45:28",925
"2020-02-09 08:45:30",925
"2020-02-09 09:45:35",925
"2020-02-09 10:45:34",925
"2020-02-09 11:45:35",925
"2020-02-09 12:45:29",925
"2020-02-09 13:45:28",925
"2020-02-09 14:45:29",925
"2020-02-09 15:45:35",925
"2020-02-09 16:45:34",925
"2020-02-09 17:45:36",925
"2020-02-09 18:45:31",925
"2020-02-09 19:45:39",925
"2020-02-09 20:45:34",925
"2020-02-09 21:45:48",925
"2020-02-09 22:45:35",925
"2020-02-09 23:46:12",925
"2020-02-10 00:45:44",925
"2020-02-10 01:45:31",925
"2020-02-10 02:45:33",925
"2020-02-10 03:45:39",925
"2020-02-10 04:45:33",925
"2020-02-10 05:45:46",925
"2020-02-10 06:45:39",925
"2020-02-10 07:45:37",925
"2020-02-10 08:45:35",925
"2020-02-10 09:45:43",925
"2020-02-10 10:45:31",925
"2020-02-10 11:45:28",925
"2020-02-10 12:45:27",925
"2020-02-10 13:45:31",925
"2020-02-10 14:45:45",925
"2020-02-10 15:45:50",920
"2020-02-10 16:45:45",920
"2020-02-10 17:45:35",918
"2020-02-10 18:45:38",918
"2020-02-10 19:45:40",915
"2020-02-10 20:45:46",915
"2020-02-10 21:45:41",914
"2020-02-10 22:45:40",915
"2020-02-10 23:45:31",915
"2020-02-11 00:45:41",915
"2020-02-11 01:45:57",915
"2020-02-11 02:45:38",915
"2020-02-11 03:45:41",915
"2020-02-11 04:45:36",915
"2020-02-11 05:45:35",915
"2020-02-11 06:45:39",915
"2020-02-11 07:45:34",915
"2020-02-11 08:45:37",915
"2020-02-11 09:45:39",915
"2020-02-11 10:45:23",915
"2020-02-11 11:45:24",915
"2020-02-11 12:45:18",915
"2020-02-11 14:08:41",915
"2020-02-11 14:45:52",915
"2020-02-11 15:45:45",915
"2020-02-11 16:45:49",912
"2020-02-11 17:45:38",911
"2020-02-11 18:45:40",910
"2020-02-11 19:45:46",910
"2020-02-11 20:45:46",911
"2020-02-11 21:48:06",912
"2020-02-11 22:45:58",912
"2020-02-11 23:45:32",912
"2020-02-12 00:46:00",912
"2020-02-12 01:45:43",912
"2020-02-12 02:46:08",912
"2020-02-12 03:45:37",912
"2020-02-12 04:45:49",912
"2020-02-12 05:45:37",912
"2020-02-12 06:45:46",912
"2020-02-12 07:45:32",912
"2020-02-12 08:45:36",912
"2020-02-12 09:45:45",912
"2020-02-12 10:45:27",912
"2020-02-12 11:45:30",912
"2020-02-12 12:45:31",912
"2020-02-12 14:08:41",912
"2020-02-12 14:45:57",912
"2020-02-12 15:45:44",911
"2020-02-12 16:45:41",911
"2020-02-12 17:45:43",910
"2020-02-12 18:45:48",908
"2020-02-12 19:45:41",908
"2020-02-12 20:45:52",907
"2020-02-12 21:45:44",908
"2020-02-12 22:45:22",908
"2020-02-12 23:45:13",909
"2020-02-13 00:45:46",909
"2020-02-13 01:45:30",909
"2020-02-13 02:45:54",909
"2020-02-13 03:45:44",909
"2020-02-13 04:45:39",909
"2020-02-13 05:45:41",909
"2020-02-13 06:45:44",909
"2020-02-13 07:45:26",909
"2020-02-13 08:45:37",909
"2020-02-13 09:45:23",909
"2020-02-13 10:45:15",909
"2020-02-13 11:45:37",909
"2020-02-13 12:45:25",909
"2020-02-13 14:08:39",909
"2020-02-13 14:45:41",909
"2020-02-13 15:45:38",911
"2020-02-13 16:45:36",910
"2020-02-13 17:45:52",912
"2020-02-13 18:45:53",913
"2020-02-13 19:45:40",912
"2020-02-13 20:45:29",912
"2020-02-13 21:45:39",912
"2020-02-13 22:45:19",912
"2020-02-13 23:45:27",912
"2020-02-14 00:45:18",912
"2020-02-14 01:45:42",912
"2020-02-14 02:45:39",912
"2020-02-14 03:45:27",912
"2020-02-14 04:45:36",912
"2020-02-14 05:45:29",912
"2020-02-14 06:45:13",912
"2020-02-14 07:45:10",912
"2020-02-14 08:45:28",912
"2020-02-14 09:45:26",912
"2020-02-14 10:45:21",912
"2020-02-14 11:45:15",912
"2020-02-14 12:45:24",912
"2020-02-14 13:45:28",912
"2020-02-14 14:45:45",912
"2020-02-14 15:45:50",911
"2020-02-14 16:45:34",909
"2020-02-14 17:45:36",908
"2020-02-14 18:45:23",906
"2020-02-14 19:45:30",906
"2020-02-14 20:45:40",906
"2020-02-14 21:45:26",905
"2020-02-14 22:45:19",903
"2020-02-14 23:45:38",903
"2020-02-15 00:45:21",903
"2020-02-15 01:45:37",903
"2020-02-15 02:45:34",903
"2020-02-15 03:45:27",903
"2020-02-15 04:45:28",903
"2020-02-15 05:44:57",903
"2020-02-15 06:45:13",903
"2020-02-15 07:45:02",903
"2020-02-15 08:44:58",903
"2020-02-15 09:45:03",903
"2020-02-15 10:44:55",903
"2020-02-15 11:44:59",903
"2020-02-15 12:45:09",903
"2020-02-15 13:44:59",903
"2020-02-15 14:45:02",903
"2020-02-15 15:45:03",903
"2020-02-15 16:44:57",903
"2020-02-15 17:44:59",903
"2020-02-15 18:45:17",903
"2020-02-15 19:44:58",903
"2020-02-15 20:45:00",903
"2020-02-15 21:44:58",903
"2020-02-15 22:45:00",903
"2020-02-15 23:45:00",903
"2020-02-16 00:44:59",903
"2020-02-16 01:45:00",903
"2020-02-16 02:44:58",903
"2020-02-16 03:44:57",903
"2020-02-16 04:45:02",903
"2020-02-16 05:45:01",903
"2020-02-16 06:44:58",903
"2020-02-16 07:44:57",903
"2020-02-16 08:44:58",903
"2020-02-16 09:45:01",903
"2020-02-16 10:44:58",903
"2020-02-16 11:44:59",903
"2020-02-16 12:45:01",903
"2020-02-16 13:44:58",903
"2020-02-16 14:45:01",903
"2020-02-16 15:45:16",903
"2020-02-16 16:45:12",903
"2020-02-16 17:45:00",903
"2020-02-16 18:45:02",903
"2020-02-16 19:44:59",903
"2020-02-16 20:45:00",903
"2020-02-16 21:44:59",903
"2020-02-16 22:44:59",903
"2020-02-16 23:45:01",903
"2020-02-17 00:45:00",903
"2020-02-17 01:44:57",903
"2020-02-17 02:45:03",903
"2020-02-17 03:44:58",903
"2020-02-17 04:45:01",903
"2020-02-17 05:45:00",903
"2020-02-17 06:45:02",903
"2020-02-17 07:44:58",903
"2020-02-17 08:45:02",903
"2020-02-17 09:45:02",903
"2020-02-17 10:44:58",903
"2020-02-17 11:44:57",903
"2020-02-17 12:45:10",903
"2020-02-17 13:44:56",903
"2020-02-17 14:44:54",903
"2020-02-17 15:44:59",903
"2020-02-17 16:45:09",903
"2020-02-17 17:44:58",903
"2020-02-17 18:44:59",903
"2020-02-17 19:44:57",903
"2020-02-17 20:44:59",903
"2020-02-17 22:45:07",903
"2020-02-17 23:45:13",903
"2020-02-18 00:44:57",903
"2020-02-18 01:44:58",903
"2020-02-18 02:45:04",903
"2020-02-18 03:45:00",903
"2020-02-18 04:45:00",903
"2020-02-18 05:45:31",903
"2020-02-18 06:45:13",903
"2020-02-18 07:45:17",903
"2020-02-18 08:45:27",903
"2020-02-18 09:45:25",903
"2020-02-18 10:45:18",903
"2020-02-18 11:45:16",903
"2020-02-18 12:45:40",903
"2020-02-18 14:09:09",903
"2020-02-18 14:45:42",903
"2020-02-18 15:45:41",904
"2020-02-18 16:45:39",902
"2020-02-18 17:45:26",902
"2020-02-18 18:45:27",902
"2020-02-18 19:45:31",902
"2020-02-18 20:45:31",903
"2020-02-18 21:45:18",903
"2020-02-18 22:45:19",901
"2020-02-18 23:45:31",901
"2020-02-19 01:45:25",901
"2020-02-19 02:45:25",901
"2020-02-19 03:45:36",901
"2020-02-19 04:45:24",901
"2020-02-19 05:45:16",901
"2020-02-19 06:45:31",901
"2020-02-19 07:45:22",901
"2020-02-19 08:45:17",901
"2020-02-19 09:45:30",901
"2020-02-19 10:45:12",901
"2020-02-19 11:45:11",901
"2020-02-19 12:45:23",901
"2020-02-19 14:10:40",901
"2020-02-19 14:45:41",901
"2020-02-19 15:45:42",900
"2020-02-19 16:45:22",899
"2020-02-19 17:45:29",898
"2020-02-19 18:45:30",898
"2020-02-19 19:45:17",900
"2020-02-19 20:45:23",901
"2020-02-19 21:45:43",901
"2020-02-19 22:45:31",900
"2020-02-19 23:45:21",900
"2020-02-20 00:45:24",900
"2020-02-20 01:45:30",900
"2020-02-20 02:45:36",900
"2020-02-20 03:45:24",900
"2020-02-20 04:45:32",900
"2020-02-20 05:45:27",900
"2020-02-20 06:45:40",900
"2020-02-20 07:45:34",900
"2020-02-20 08:45:37",900
"2020-02-20 09:45:23",900
"2020-02-20 10:45:26",900
"2020-02-20 11:45:31",900
"2020-02-20 12:45:33",899
"2020-02-20 13:45:39",899
"2020-02-20 14:45:09",899
"2020-02-20 15:45:22",898
"2020-02-20 16:45:14",897
"2020-02-20 17:45:27",897
"2020-02-20 18:45:46",896
"2020-02-20 19:45:56",895
"2020-02-20 20:45:49",894
"2020-02-20 21:45:46",895
"2020-02-20 22:45:49",896
"2020-02-20 23:45:40",896
"2020-02-21 00:45:42",896
"2020-02-21 01:45:45",896
"2020-02-21 02:45:57",896
"2020-02-21 03:46:15",896
"2020-02-21 04:46:14",896
"2020-02-21 05:45:51",896
"2020-02-21 06:45:50",896
"2020-02-21 07:45:58",896
"2020-02-21 08:45:47",896
"2020-02-21 09:46:18",896
"2020-02-21 10:46:49",896
"2020-02-21 11:46:11",896
"2020-02-21 12:46:12",896
"2020-02-21 13:46:16",896
"2020-02-21 14:46:13",896
"2020-02-21 15:46:30",894
"2020-02-21 16:46:50",894
"2020-02-21 17:46:45",893
"2020-02-21 18:46:17",893
"2020-02-21 19:45:54",892
"2020-02-21 20:45:49",893
"2020-02-21 21:46:21",894
"2020-02-21 22:45:57",895
"2020-02-21 23:47:40",895
"2020-02-22 00:46:38",895
"2020-02-22 01:46:05",895
"2020-02-22 02:46:04",895
"2020-02-22 03:46:29",895
"2020-02-22 04:46:13",895
"2020-02-22 05:45:46",895
"2020-02-22 06:45:20",895
"2020-02-22 07:45:43",895
"2020-02-22 08:46:09",895
"2020-02-22 09:45:19",895
"2020-02-22 10:45:37",895
"2020-02-22 11:45:19",895
"2020-02-22 12:45:52",895
"2020-02-22 13:47:14",895
"2020-02-22 14:45:19",895
"2020-02-22 15:45:32",895
"2020-02-22 16:46:32",895
"2020-02-22 17:46:01",895
"2020-02-22 18:45:26",895
"2020-02-22 19:45:24",895
"2020-02-22 20:45:52",895
"2020-02-22 21:46:49",895
"2020-02-22 22:46:08",895
"2020-02-22 23:45:19",895
"2020-02-23 00:45:28",895
"2020-02-23 01:45:35",895
"2020-02-23 02:45:45",895
"2020-02-23 03:45:29",895
"2020-02-23 04:45:53",895
"2020-02-23 05:45:51",895
"2020-02-23 06:45:28",895
"2020-02-23 07:45:33",895
"2020-02-23 08:46:09",895
"2020-02-23 09:45:29",895
"2020-02-23 10:45:30",895
"2020-02-23 11:45:32",895
"2020-02-23 12:45:30",895
"2020-02-23 13:45:30",895
"2020-02-23 14:45:54",895
"2020-02-23 15:45:28",895
"2020-02-23 16:45:33",895
"2020-02-23 17:45:21",895
"2020-02-23 18:45:32",895
"2020-02-23 19:45:31",895
"2020-02-23 20:45:29",895
"2020-02-23 21:45:55",895
"2020-02-23 22:45:15",895
"2020-02-23 23:45:33",895
"2020-02-24 00:46:05",895
"2020-02-24 01:45:22",895
"2020-02-24 02:45:59",895
"2020-02-24 03:45:29",895
"2020-02-24 04:45:37",895
"2020-02-24 05:46:28",895
"2020-02-24 06:45:55",895
"2020-02-24 07:45:48",895
"2020-02-24 08:45:56",895
"2020-02-24 09:57:04",895
"2020-02-24 10:45:40",895
"2020-02-24 11:46:18",895
"2020-02-24 12:45:48",895
"2020-02-24 13:46:07",895
"2020-02-24 14:46:47",895
"2020-02-24 15:45:56",898
"2020-02-24 16:46:25",898
"2020-02-24 17:45:57",898
"2020-02-24 18:46:07",897
"2020-02-24 19:46:30",895
"2020-02-24 20:46:28",895
"2020-02-24 21:46:22",894
"2020-02-24 22:46:22",894
"2020-02-24 23:45:48",894
"2020-02-25 00:45:51",894
"2020-02-25 01:45:45",894
"2020-02-25 02:46:06",894
"2020-02-25 03:45:58",894
"2020-02-25 04:45:58",894
"2020-02-25 05:46:42",894
"2020-02-25 06:46:03",894
"2020-02-25 07:46:04",894
"2020-02-25 08:46:19",894
"2020-02-25 09:57:48",894
"2020-02-25 10:46:12",894
"2020-02-25 11:45:53",894
"2020-02-25 12:46:05",894
"2020-02-25 14:10:06",894
"2020-02-25 14:46:08",894
"2020-02-25 15:46:05",893
"2020-02-25 16:46:02",893
"2020-02-25 17:46:00",893
"2020-02-25 18:46:23",893
"2020-02-25 19:45:52",892
"2020-02-25 20:46:31",894
"2020-02-25 21:46:26",893
"2020-02-25 22:45:53",894
"2020-02-25 23:45:59",893
"2020-02-26 00:45:56",893
"2020-02-26 01:45:57",893
"2020-02-26 02:46:00",893
"2020-02-26 03:45:55",893
"2020-02-26 04:46:36",893
"2020-02-26 05:46:26",893
"2020-02-26 06:46:27",893
"2020-02-26 07:46:47",893
"2020-02-26 08:46:16",893
"2020-02-26 09:46:06",893
"2020-02-26 10:45:58",893
"2020-02-26 11:46:17",893
"2020-02-26 12:45:50",893
"2020-02-26 13:46:25",893
"2020-02-26 14:46:50",893
"2020-02-26 15:46:29",888
"2020-02-26 16:46:00",885
"2020-02-26 17:46:08",883
"2020-02-26 18:46:05",884
"2020-02-26 19:46:22",887
"2020-02-26 20:46:21",887
"2020-02-26 21:46:18",887
"2020-02-26 22:46:20",887
"2020-02-26 23:46:19",888
"2020-02-27 00:45:54",888
"2020-02-27 01:46:00",888
"2020-02-27 02:45:48",888
"2020-02-27 03:46:38",888
"2020-02-27 04:45:57",888
"2020-02-27 05:45:56",888
"2020-02-27 06:45:57",888
"2020-02-27 07:45:46",888
"2020-02-27 08:46:17",888
"2020-02-27 09:46:00",888
"2020-02-27 10:46:29",888
"2020-02-27 11:46:04",888
"2020-02-27 12:46:20",888
"2020-02-27 14:08:38",888
"2020-02-27 14:46:50",888
"2020-02-27 15:46:25",882
"2020-02-27 16:46:28",881
"2020-02-27 17:46:12",882
"2020-02-27 18:46:22",882
"2020-02-27 19:45:51",881
"2020-02-27 20:46:11",880
"2020-02-27 21:45:56",880
"2020-02-27 22:46:23",878
"2020-02-27 23:46:02",878
"2020-02-28 00:46:37",878
"2020-02-28 01:45:53",878
"2020-02-28 02:45:52",878
"2020-02-28 03:46:27",878
"2020-02-28 04:46:40",878
"2020-02-28 05:46:23",878
"2020-02-28 06:46:18",878
"2020-02-28 07:46:24",878
"2020-02-28 08:46:31",878
"2020-02-28 09:46:32",878
"2020-02-28 10:45:51",878
"2020-02-28 11:46:05",878
"2020-02-28 12:46:19",878
"2020-02-28 14:09:12",878
"2020-02-28 14:46:05",878
"2020-02-28 15:46:00",873
"2020-02-28 16:46:08",872
"2020-02-28 17:46:05",871
"2020-02-28 18:46:06",870
"2020-02-28 19:46:34",871
"2020-02-28 20:45:56",870
"2020-02-28 21:45:52",869
"2020-02-28 22:46:24",870
"2020-02-28 23:45:58",870
"2020-02-29 00:46:01",870
"2020-02-29 01:45:57",870
"2020-02-29 02:46:03",870
"2020-02-29 03:45:49",870
"2020-02-29 04:46:07",870
"2020-02-29 05:46:08",870
"2020-02-29 06:45:50",870
"2020-02-29 07:46:50",870
"2020-02-29 08:47:20",870
"2020-02-29 09:46:50",870
"2020-02-29 10:45:26",870
"2020-02-29 11:45:21",870
"2020-02-29 12:46:54",870
"2020-02-29 13:46:50",870
"2020-02-29 14:45:32",870
"2020-02-29 15:45:30",870
"2020-02-29 16:46:01",870
"2020-02-29 17:45:54",870
"2020-02-29 18:45:32",870
"2020-02-29 19:45:30",870
"2020-02-29 20:45:25",870
"2020-02-29 21:45:43",870
"2020-02-29 22:47:21",870
"2020-02-29 23:46:44",870
"2020-03-01 00:46:47",870
"2020-03-01 01:46:49",870
"2020-03-01 02:45:33",870
"2020-03-01 03:46:49",870
"2020-03-01 04:45:27",870
"2020-03-01 05:45:55",870
"2020-03-01 06:45:30",870
"2020-03-01 07:45:49",870
"2020-03-01 08:45:23",870
"2020-03-01 09:46:48",870
"2020-03-01 10:46:43",870
"2020-03-01 11:45:47",870
"2020-03-01 12:45:55",870
"2020-03-01 13:45:26",870
"2020-03-01 14:45:20",870
"2020-03-01 15:46:52",870
"2020-03-01 16:45:59",870
"2020-03-01 17:46:45",870
"2020-03-01 18:46:54",870
"2020-03-01 19:46:55",870
"2020-03-01 20:46:53",870
"2020-03-01 21:45:28",870
"2020-03-01 22:45:29",870
"2020-03-01 23:46:51",870
"2020-03-02 00:45:19",870
"2020-03-02 01:45:59",870
"2020-03-02 02:46:47",870
"2020-03-02 03:47:20",870
"2020-03-02 04:46:01",870
"2020-03-02 05:47:21",870
"2020-03-02 07:45:59",870
"2020-03-02 08:47:22",870
"2020-03-02 09:47:10",870
"2020-03-02 10:46:12",870
"2020-03-02 11:45:55",870
"2020-03-02 12:46:19",870
"2020-03-02 13:47:24",870
"2020-03-02 18:47:25",871
"2020-03-03 00:46:20",873
"2020-03-03 01:46:38",873
"2020-03-03 02:46:25",873
"2020-03-03 03:46:53",873
"2020-03-03 04:47:24",873
"2020-03-03 06:47:47",873
"2020-03-03 07:46:21",873
"2020-03-03 08:47:53",873
"2020-03-03 09:48:02",873
"2020-03-03 10:46:23",873
"2020-03-03 11:48:22",873
"2020-03-03 12:46:21",873
"2020-03-03 13:48:02",873
"2020-03-03 14:47:40",873
"2020-03-03 16:48:32",872
"2020-03-03 17:48:07",869
"2020-03-03 18:45:59",869
"2020-03-03 19:45:56",869
"2020-03-03 20:46:33",868
"2020-03-03 21:46:25",866
"2020-03-03 22:48:40",866
"2020-03-03 23:47:17",866
"2020-03-04 00:47:46",866
"2020-03-04 01:47:24",866
"2020-03-04 02:46:04",866
"2020-03-04 03:46:19",866
"2020-03-04 04:47:53",866
"2020-03-04 05:46:08",866
"2020-03-04 06:47:48",866
"2020-03-04 07:46:23",866
"2020-03-04 08:47:22",866
"2020-03-04 09:46:20",866
"2020-03-04 10:45:51",866
"2020-03-04 11:47:50",866
"2020-03-04 12:47:42",866
"2020-03-04 13:48:01",866
"2020-03-04 14:46:01",866
"2020-03-04 15:47:59",867
"2020-03-04 16:46:04",869
"2020-03-04 17:46:20",866
"2020-03-04 18:47:21",866
"2020-03-04 19:47:28",867
"2020-03-04 20:47:31",870
"2020-03-04 21:45:50",870
"2020-03-04 22:47:23",869
"2020-03-04 23:46:08",869
"2020-03-05 00:46:18",869
"2020-03-05 01:46:26",869
"2020-03-05 02:46:03",869
"2020-03-05 03:46:05",869
"2020-03-05 04:46:27",869
"2020-03-05 05:46:29",869
"2020-03-05 06:46:09",869
"2020-03-05 07:45:54",869
"2020-03-05 08:47:30",869
"2020-03-05 09:46:31",869
"2020-03-05 10:45:56",869
"2020-03-05 11:47:15",869
"2020-03-05 12:46:19",869
"2020-03-05 13:46:27",869
"2020-03-05 14:47:32",869
"2020-03-05 15:46:31",866
"2020-03-05 16:47:28",863
"2020-03-05 17:46:03",863
"2020-03-05 18:46:13",864
"2020-03-05 19:46:05",865
"2020-03-05 20:46:05",864
"2020-03-05 21:45:57",863
"2020-03-05 22:47:24",863
"2020-03-05 23:47:26",863
"2020-03-06 00:45:54",863
"2020-03-06 01:46:07",863
"2020-03-06 02:47:54",863
"2020-03-06 03:47:26",863
"2020-03-06 04:47:31",863
"2020-03-06 05:47:32",863
"2020-03-06 06:48:00",863
"2020-03-06 07:47:18",863
"2020-03-06 08:46:18",863
"2020-03-06 09:47:35",863
"2020-03-06 10:46:02",863
"2020-03-06 11:47:49",863
"2020-03-06 12:46:06",863
"2020-03-06 13:45:46",863
"2020-03-06 14:48:11",864
"2020-03-06 15:46:34",866
"2020-03-06 16:46:31",866
"2020-03-06 17:46:14",863
"2020-03-06 18:45:57",861
"2020-03-06 19:46:21",862
"2020-03-06 20:46:06",861
"2020-03-06 21:45:57",860
"2020-03-06 22:46:01",860
"2020-03-06 23:46:29",860
"2020-03-07 00:45:54",860
"2020-03-07 01:46:27",860
"2020-03-07 02:46:00",860
"2020-03-07 03:47:51",860
"2020-03-07 04:47:59",860
"2020-03-07 05:47:32",860
"2020-03-07 06:47:28",860
"2020-03-07 07:46:30",860
"2020-03-07 08:47:23",860
"2020-03-07 09:46:19",860
"2020-03-07 10:46:27",860
"2020-03-07 11:47:21",860
"2020-03-07 12:46:23",860
"2020-03-07 13:45:55",860
"2020-03-07 14:46:12",860
"2020-03-07 15:46:04",860
"2020-03-07 16:46:05",860
"2020-03-07 17:46:29",860
"2020-03-07 18:46:09",860
"2020-03-07 19:46:07",860
"2020-03-07 20:47:31",860
"2020-03-07 21:47:59",860
"2020-03-07 22:47:30",860
"2020-03-07 23:47:27",860
"2020-03-08 00:46:08",860
"2020-03-08 01:46:25",860
"2020-03-08 02:46:29",860
"2020-03-08 03:47:34",860
"2020-03-08 04:47:29",860
"2020-03-08 05:47:30",860
"2020-03-08 06:46:51",860
"2020-03-08 07:47:26",860
"2020-03-08 08:47:33",860
"2020-03-08 09:46:30",860
"2020-03-08 10:47:34",860
"2020-03-08 11:46:27",860
"2020-03-08 12:47:51",860
"2020-03-08 13:48:00",860
"2020-03-08 14:46:03",860
"2020-03-08 15:47:33",860
"2020-03-08 16:46:01",860
"2020-03-08 17:46:08",860
"2020-03-08 18:48:00",860
"2020-03-08 19:46:55",860
"2020-03-08 20:46:36",860
"2020-03-08 21:45:53",860
"2020-03-08 22:47:26",860
"2020-03-08 23:46:10",860
"2020-03-09 00:47:43",860
"2020-03-09 01:46:06",860
"2020-03-09 02:47:44",860
"2020-03-09 03:47:38",860
"2020-03-09 04:47:29",860
"2020-03-09 05:45:57",860
"2020-03-09 06:45:58",860
"2020-03-09 07:46:06",860
"2020-03-09 08:45:58",860
"2020-03-09 09:46:24",860
"2020-03-09 10:47:18",860
"2020-03-09 11:47:23",860
"2020-03-09 12:46:47",860
"2020-03-09 13:45:46",860
"2020-03-09 14:47:25",859
"2020-03-09 15:46:25",860
"2020-03-09 16:46:07",860
"2020-03-09 17:45:33",860
"2020-03-09 18:45:39",860
"2020-03-09 19:46:01",857
"2020-03-09 20:46:06",858
"2020-03-09 21:47:24",857
"2020-03-09 22:47:20",857
"2020-03-09 23:47:58",857
"2020-03-10 00:45:50",857
"2020-03-10 01:47:26",857
"2020-03-10 02:46:25",857
"2020-03-10 03:47:49",857
"2020-03-10 04:46:22",857
"2020-03-10 06:47:49",857
"2020-03-10 07:47:41",857
"2020-03-10 08:46:10",857
"2020-03-10 09:47:18",857
"2020-03-10 10:47:07",857
"2020-03-10 11:47:20",857
"2020-03-10 12:46:22",857
"2020-03-10 13:46:39",857
"2020-03-10 14:47:56",860
"2020-03-10 15:47:58",861
"2020-03-10 16:45:54",859
"2020-03-10 17:47:34",862
"2020-03-10 18:47:31",862
"2020-03-10 19:47:34",862
"2020-03-10 20:49:10",862
"2020-03-10 21:47:50",862
"2020-03-10 22:47:27",862
"2020-03-10 23:46:23",862
"2020-03-11 00:47:40",862
"2020-03-11 01:47:43",862
"2020-03-11 02:47:59",862
"2020-03-11 03:46:27",862
"2020-03-11 04:46:33",862
"2020-03-11 05:47:50",862
"2020-03-11 06:47:26",862
"2020-03-11 07:46:01",862
"2020-03-11 08:46:34",862
"2020-03-11 09:45:50",862
"2020-03-11 10:45:57",862
"2020-03-11 11:47:31",862
"2020-03-11 12:47:45",862
"2020-03-11 13:47:29",862
"2020-03-11 14:46:28",863
"2020-03-11 15:46:06",862
"2020-03-11 16:47:52",862
"2020-03-11 17:46:29",864
"2020-03-11 18:46:03",865
"2020-03-11 19:47:53",865
"2020-03-11 20:47:56",864
"2020-03-11 21:46:26",865
"2020-03-11 22:46:31",865
"2020-03-11 23:46:47",865
"2020-03-12 00:45:55",865
"2020-03-12 01:47:29",865
"2020-03-12 02:46:20",865
"2020-03-12 03:47:28",865
"2020-03-12 04:47:50",865
"2020-03-12 05:46:35",865
"2020-03-12 06:46:17",865
"2020-03-12 07:46:22",865
"2020-03-12 08:47:40",865
"2020-03-12 09:46:54",865
"2020-03-12 10:47:27",865
"2020-03-12 11:47:25",865
"2020-03-12 12:47:24",865
"2020-03-12 13:48:06",866
"2020-03-12 14:45:55",862
"2020-03-12 15:45:57",862
"2020-03-12 16:46:10",861
"2020-03-12 17:46:01",859
"2020-03-12 18:47:51",859
"2020-03-12 19:46:32",859
"2020-03-12 20:46:09",858
"2020-03-12 21:48:06",857
"2020-03-12 22:45:55",857
"2020-03-12 23:47:57",857
"2020-03-13 00:47:59",857
"2020-03-13 01:45:58",857
"2020-03-13 02:47:29",857
"2020-03-13 03:47:36",857
"2020-03-13 04:46:23",857
"2020-03-13 05:46:42",857
"2020-03-13 06:48:21",857
"2020-03-13 07:48:11",857
"2020-03-13 08:48:19",857
"2020-03-13 09:48:26",857
"2020-03-13 10:46:32",857
"2020-03-13 11:47:20",857
"2020-03-13 13:08:43",857
"2020-03-13 13:46:44",857
"2020-03-13 14:46:41",854
"2020-03-13 15:46:36",851
"2020-03-13 16:47:35",850
"2020-03-13 17:47:28",849
"2020-03-13 18:48:02",850
"2020-03-13 19:47:32",851
"2020-03-13 20:46:07",851
"2020-03-13 21:46:30",851
"2020-03-13 22:46:06",851
"2020-03-13 23:47:24",851
"2020-03-14 00:46:30",851
"2020-03-14 01:47:54",851
"2020-03-14 02:47:36",851
"2020-03-14 03:46:28",851
"2020-03-14 04:47:56",851
"2020-03-14 05:47:35",851
"2020-03-14 06:46:34",851
"2020-03-14 07:47:51",851
"2020-03-14 08:47:27",851
"2020-03-14 09:47:36",851
"2020-03-14 10:46:15",851
"2020-03-14 11:46:14",851
"2020-03-14 12:46:21",851
"2020-03-14 13:46:04",851
"2020-03-14 14:47:34",851
"2020-03-14 15:46:06",851
"2020-03-14 16:47:22",851
"2020-03-14 17:46:25",851
"2020-03-14 18:47:32",851
"2020-03-14 19:46:33",851
"2020-03-14 20:47:44",851
"2020-03-14 21:47:28",851
"2020-03-14 22:48:02",851
"2020-03-14 23:47:20",851
"2020-03-15 00:46:21",851
"2020-03-15 01:46:24",851
"2020-03-15 02:47:50",851
"2020-03-15 03:47:54",851
"2020-03-15 04:46:11",851
"2020-03-15 05:47:54",851
"2020-03-15 06:46:37",851
"2020-03-15 07:48:02",851
"2020-03-15 09:01:33",851
"2020-03-15 09:46:54",851
"2020-03-15 10:47:22",851
"2020-03-15 11:48:00",851
"2020-03-15 12:47:26",851
"2020-03-15 13:46:08",851
"2020-03-15 14:46:52",851
"2020-03-15 15:46:22",851
"2020-03-15 16:47:25",851
"2020-03-15 17:46:35",851
"2020-03-15 18:47:55",851
"2020-03-15 19:47:30",851
"2020-03-15 20:46:29",851
"2020-03-15 21:46:32",851
"2020-03-15 22:47:30",851
"2020-03-15 23:47:24",851
"2020-03-16 00:46:07",851
"2020-03-16 01:46:06",851
"2020-03-16 02:46:02",851
"2020-03-16 03:47:07",851
"2020-03-16 04:47:32",851
"2020-03-16 05:47:57",851
"2020-03-16 06:46:25",851
"2020-03-16 07:47:52",851
"2020-03-16 09:00:09",851
"2020-03-16 09:47:25",851
"2020-03-16 10:46:31",851
"2020-03-16 11:47:25",851
"2020-03-16 13:10:18",852
"2020-03-16 13:47:41",852
"2020-03-16 14:46:17",851
"2020-03-16 15:47:22",853
"2020-03-16 16:46:13",854
"2020-03-16 17:46:35",856
"2020-03-16 18:46:07",858
"2020-03-16 19:47:52",857
"2020-03-16 20:45:57",856
"2020-03-16 21:46:34",856
"2020-03-16 22:46:13",856
"2020-03-16 23:47:37",856
"2020-03-17 00:47:34",856
"2020-03-17 01:46:15",856
"2020-03-17 02:47:31",856
"2020-03-17 20:12:08",849
"2020-03-17 20:19:55",849
"2020-03-17 20:46:33",849
"2020-03-17 21:46:17",849
"2020-03-17 22:46:07",849
"2020-03-17 23:46:18",849
"2020-03-18 00:46:27",849
"2020-03-18 01:46:40",849
"2020-03-18 02:46:36",849
"2020-03-18 03:46:44",849
"2020-03-18 04:46:34",849
"2020-03-18 05:46:43",849
"2020-03-18 06:46:18",849
"2020-03-18 07:46:39",849
"2020-03-18 08:45:57",849
"2020-03-18 09:46:27",849
"2020-03-18 10:46:08",849
"2020-03-18 11:46:03",849
"2020-03-18 13:10:15",849
"2020-03-18 13:46:47",849
"2020-03-18 14:46:16",847
"2020-03-18 15:46:25",849
"2020-03-18 16:46:18",849
"2020-03-18 17:46:43",849
"2020-03-18 18:46:13",850
"2020-03-18 19:46:29",848
"2020-03-18 20:46:14",848
"2020-03-18 21:46:16",848
"2020-03-18 22:46:07",848
"2020-03-18 23:46:26",848
"2020-03-19 00:46:18",848
"2020-03-19 01:46:27",848
"2020-03-19 02:46:04",848
"2020-03-19 03:45:59",848
"2020-03-19 04:46:08",848
"2020-03-19 05:48:02",848
"2020-03-19 06:46:16",848
"2020-03-19 07:46:20",848
"2020-03-19 08:46:11",848
"2020-03-19 09:46:25",848
"2020-03-19 10:45:56",848
"2020-03-19 11:46:06",848
"2020-03-19 12:46:06",848
"2020-03-19 13:46:11",848
"2020-03-19 14:46:18",847
"2020-03-19 15:46:19",850
"2020-03-19 16:46:19",854
"2020-03-19 17:46:15",853
"2020-03-19 18:46:01",854
"2020-03-19 19:46:24",852
"2020-03-19 20:46:44",852
"2020-03-19 21:46:28",852
"2020-03-19 22:46:06",852
"2020-03-19 23:47:00",852
"2020-03-20 00:46:06",852
"2020-03-20 01:46:09",852
"2020-03-20 02:47:03",852
"2020-03-20 03:46:19",852
"2020-03-20 04:46:17",852
"2020-03-20 06:46:38",852
"2020-03-20 07:46:17",852
"2020-03-20 08:47:02",852
"2020-03-20 09:46:33",852
"2020-03-20 10:46:13",852
"2020-03-20 11:46:09",852
"2020-03-20 13:09:10",852
"2020-03-20 13:46:48",852
"2020-03-20 14:46:16",853
"2020-03-20 15:46:07",854
"2020-03-20 16:46:13",855
"2020-03-20 17:46:15",856
"2020-03-20 18:46:05",856
"2020-03-20 19:46:15",856
"2020-03-20 20:46:11",854
"2020-03-20 21:46:05",854
"2020-03-20 22:46:40",854
"2020-03-20 23:46:41",854
"2020-03-21 00:46:17",854
"2020-03-21 01:46:12",854
"2020-03-21 02:46:30",854
"2020-03-21 03:46:39",854
"2020-03-21 04:46:06",854
"2020-03-21 05:46:05",854
"2020-03-21 06:46:11",854
"2020-03-21 07:46:27",854
"2020-03-21 09:11:37",854
"2020-03-21 09:46:08",854
"2020-03-21 10:46:16",854
"2020-03-21 11:46:21",854
"2020-03-21 12:45:59",854
"2020-03-21 13:46:08",854
"2020-03-21 14:46:53",854
"2020-03-21 15:46:31",854
"2020-03-21 16:46:27",854
"2020-03-21 17:46:41",854
"2020-03-21 18:46:17",854
"2020-03-21 19:46:16",854
"2020-03-21 20:45:58",854
"2020-03-21 21:46:20",854
"2020-03-21 22:46:04",854
"2020-03-21 23:46:10",854
"2020-03-22 00:46:02",854
"2020-03-22 01:46:33",854
"2020-03-22 02:46:06",854
"2020-03-22 03:46:49",854
"2020-03-22 04:46:17",854
"2020-03-22 05:46:18",854
"2020-03-22 06:46:39",854
"2020-03-22 07:46:34",854
"2020-03-22 09:15:52",854
"2020-03-22 09:46:13",854
"2020-03-22 10:46:29",854
"2020-03-22 11:46:03",854
"2020-03-22 12:46:27",854
"2020-03-22 21:56:08",854
"2020-03-22 22:46:32",854
"2020-03-22 23:46:12",854
"2020-03-23 00:46:54",854
"2020-03-23 01:46:35",854
"2020-03-23 02:46:05",854
"2020-03-23 03:46:11",854
"2020-03-23 04:46:43",854
"2020-03-23 05:46:34",854
"2020-03-23 06:46:30",854
"2020-03-23 07:46:10",854
"2020-03-23 08:46:17",854
"2020-03-23 09:46:36",854
"2020-03-23 10:46:11",854
"2020-03-23 11:46:35",854
"2020-03-23 13:08:39",854
"2020-03-23 13:46:17",854
"2020-03-23 14:46:37",860
"2020-03-23 15:46:21",858
"2020-03-23 16:46:41",858
"2020-03-23 17:46:13",858
"2020-03-23 18:46:07",859
"2020-03-23 19:46:31",859
"2020-03-23 20:46:37",859
"2020-03-23 21:46:17",859
"2020-03-23 22:46:11",859
"2020-03-23 23:46:06",859
"2020-03-24 00:46:11",859
"2020-03-24 01:46:09",859
"2020-03-24 02:46:06",859
"2020-03-24 03:46:16",859
"2020-03-24 04:46:39",859
"2020-03-24 05:47:57",859
"2020-03-24 06:46:38",859
"2020-03-24 07:46:50",859
"2020-03-24 09:10:11",859
"2020-03-24 09:45:58",859
"2020-03-24 10:45:57",859
"2020-03-24 11:46:11",859
"2020-03-24 12:45:50",859
"2020-03-24 13:47:08",859
"2020-03-24 14:47:21",854
"2020-03-24 15:46:54",855
"2020-03-24 16:47:10",852
"2020-03-24 17:46:37",854
"2020-03-24 18:46:35",853
"2020-03-24 19:46:20",854
"2020-03-24 20:46:03",856
"2020-03-24 21:45:58",856
"2020-03-24 22:46:36",856
"2020-03-24 23:46:28",856
"2020-03-25 00:46:09",856
"2020-03-25 01:46:12",856
"2020-03-25 02:46:05",856
"2020-03-25 03:46:05",856
"2020-03-25 04:45:55",856
"2020-03-25 06:46:43",856
"2020-03-25 07:46:07",856
"2020-03-25 09:47:22",856
"2020-03-25 10:46:12",856
"2020-03-25 11:46:28",856
"2020-03-25 12:46:34",856
"2020-03-25 13:46:43",856
"2020-03-25 14:46:49",853
"2020-03-25 15:47:03",854
"2020-03-25 16:46:43",853
"2020-03-25 17:47:32",853
"2020-03-25 18:46:10",852
"2020-03-25 19:46:11",853
"2020-03-25 20:46:21",850
"2020-03-25 21:46:03",849
"2020-03-25 22:46:05",849
"2020-03-25 23:46:15",849
"2020-03-26 02:07:02",849
"2020-03-26 02:46:12",849
"2020-03-26 03:46:28",849
"2020-03-26 04:47:06",849
"2020-03-26 05:46:24",849
"2020-03-26 06:46:20",849
"2020-03-26 07:46:23",849
"2020-03-26 08:46:08",849
"2020-03-26 09:46:30",849
"2020-03-26 10:45:58",849
"2020-03-26 11:46:16",849
"2020-03-26 12:46:15",849
"2020-03-26 13:46:19",849
"2020-03-26 14:46:29",852
"2020-03-26 15:46:24",851
"2020-03-26 16:46:17",854
"2020-03-26 17:46:33",855
"2020-03-26 18:46:11",855
"2020-03-26 19:46:11",856
"2020-03-26 20:46:13",854
"2020-03-26 21:46:25",854
"2020-03-26 22:46:03",853
"2020-03-26 23:46:35",853
"2020-03-27 00:46:20",853
"2020-03-27 01:46:24",853
"2020-03-27 02:46:36",853
"2020-03-27 03:46:14",853
"2020-03-27 04:46:23",853
"2020-03-27 05:46:11",853
"2020-03-27 06:46:36",853
"2020-03-27 07:46:38",853
"2020-03-27 08:48:12",853
"2020-03-27 09:46:54",853
"2020-03-27 10:46:23",853
"2020-03-27 11:46:07",853
"2020-03-27 12:46:05",853
"2020-03-27 13:46:33",853
"2020-03-27 14:46:14",853
"2020-03-27 15:46:16",852
"2020-03-27 16:46:28",852
"2020-03-27 17:46:13",852
"2020-03-27 18:46:43",851
"2020-03-27 19:46:14",850
"2020-03-27 20:46:09",850
"2020-03-27 21:46:40",850
"2020-03-27 22:46:13",850
"2020-03-27 23:46:25",850
"2020-03-28 00:46:29",850
"2020-03-28 01:45:58",850
"2020-03-28 02:46:00",850
"2020-03-28 03:46:17",850
"2020-03-28 04:46:08",850
"2020-03-28 05:46:59",850
"2020-03-28 06:46:17",850
"2020-03-28 07:45:59",850
"2020-03-28 08:46:11",850
"2020-03-28 09:46:29",850
"2020-03-28 10:46:41",850
"2020-03-28 11:46:08",850
"2020-03-28 12:46:31",850
"2020-03-28 13:46:30",850
"2020-03-28 14:46:14",850
"2020-03-28 15:46:09",850
"2020-03-28 16:46:04",850
"2020-03-28 17:46:16",850
"2020-03-28 18:46:17",850
"2020-03-28 19:46:02",850
"2020-03-28 20:46:17",850
"2020-03-28 21:46:02",850
"2020-03-28 22:46:55",850
"2020-03-28 23:46:16",850
"2020-03-29 00:46:24",850
"2020-03-29 01:46:34",850
"2020-03-29 02:46:56",850
"2020-03-29 03:47:03",850
"2020-03-29 04:46:31",850
"2020-03-29 05:46:26",850
"2020-03-29 06:47:09",850
"2020-03-29 07:46:32",850
"2020-03-29 08:46:18",850
"2020-03-29 09:46:14",850
"2020-03-29 10:46:50",850
"2020-03-29 11:46:12",850
"2020-03-29 12:46:08",850
"2020-03-29 13:46:06",850
"2020-03-29 14:46:06",850
"2020-03-29 15:46:12",850
"2020-03-29 16:46:16",850
"2020-03-29 17:46:36",850
"2020-03-29 18:46:08",850
"2020-03-29 19:46:10",850
"2020-03-29 20:46:07",850
"2020-03-29 21:46:55",850
"2020-03-29 22:46:17",850
"2020-03-29 23:46:18",850
"2020-03-30 00:46:17",850
"2020-03-30 01:46:12",850
"2020-03-30 02:46:45",850
"2020-03-30 03:46:16",850
"2020-03-30 04:46:42",850
"2020-03-30 05:46:03",850
"2020-03-30 06:46:21",850
"2020-03-30 07:46:35",850
"2020-03-30 08:46:13",850
"2020-03-30 09:46:02",850
"2020-03-30 10:46:07",850
"2020-03-30 11:45:54",850
"2020-03-30 12:46:04",850
"2020-03-30 13:46:46",850
"2020-03-30 14:46:09",861
"2020-03-30 15:46:38",861
"2020-03-30 16:46:16",861
"2020-03-30 17:46:32",861
"2020-03-30 18:46:20",860
"2020-03-30 19:46:35",860
"2020-03-30 20:46:12",860
"2020-03-30 21:46:28",859
"2020-03-30 22:46:03",859
"2020-03-30 23:46:02",859
"2020-03-31 00:45:55",859
"2020-03-31 01:46:11",859
"2020-03-31 02:46:06",859
"2020-03-31 03:46:24",859
"2020-03-31 04:46:06",859
"2020-03-31 05:46:08",859
"2020-03-31 06:46:06",859
"2020-03-31 07:46:15",859
"2020-03-31 08:46:10",859
"2020-03-31 09:46:12",859
"2020-03-31 10:46:05",859
"2020-03-31 11:46:37",859
"2020-03-31 13:07:41",859
"2020-03-31 13:46:13",859
"2020-03-31 14:46:47",862
"2020-03-31 15:46:09",861
"2020-03-31 16:46:49",863
"2020-03-31 17:46:14",863
"2020-03-31 18:46:32",864
"2020-03-31 19:46:10",865
"2020-03-31 20:46:32",864
"2020-03-31 21:46:08",865
"2020-03-31 22:46:13",866
"2020-03-31 23:45:59",866
"2020-04-01 00:45:40",866
"2020-04-01 01:45:40",866
"2020-04-01 02:45:38",866
"2020-04-01 03:45:44",866
"2020-04-01 04:45:57",866
"2020-04-01 05:46:14",866
"2020-04-01 06:45:48",866
"2020-04-01 07:46:06",866
"2020-04-01 08:45:38",866
"2020-04-01 09:45:50",866
"2020-04-01 10:45:28",866
"2020-04-01 11:46:20",866
"2020-04-01 13:10:42",866
"2020-04-01 13:45:42",866
"2020-04-01 14:46:21",865
"2020-04-01 15:46:01",867
"2020-04-01 16:45:32",868
"2020-04-01 17:45:30",868
"2020-04-01 18:45:32",868
"2020-04-01 19:45:38",868
"2020-04-01 20:45:41",869
"2020-04-01 21:45:31",870
"2020-04-01 22:45:31",870
"2020-04-01 23:46:04",870
"2020-04-02 00:45:37",870
"2020-04-02 01:46:03",870
"2020-04-02 02:45:37",870
"2020-04-02 03:46:01",870
"2020-04-02 04:45:39",870
"2020-04-02 05:45:46",870
"2020-04-02 06:45:24",870
"2020-04-02 07:46:03",870
"2020-04-02 08:46:34",870
"2020-04-02 09:46:01",870
"2020-04-02 10:45:39",870
"2020-04-02 11:45:34",870
"2020-04-02 13:11:43",870
"2020-04-02 13:46:09",870
"2020-04-02 14:45:29",874
"2020-04-02 15:45:45",873
"2020-04-02 16:45:25",873
"2020-04-02 17:45:31",873
"2020-04-02 18:46:41",873
"2020-04-02 19:45:32",873
"2020-04-02 20:45:55",872
"2020-04-02 21:46:25",872
"2020-04-02 22:46:08",872
"2020-04-02 23:45:31",872
"2020-04-03 00:45:44",872
"2020-04-03 01:46:02",872
"2020-04-03 02:45:40",872
"2020-04-03 03:45:32",872
"2020-04-03 04:45:54",872
"2020-04-03 05:46:03",872
"2020-04-03 06:45:38",872
"2020-04-03 08:45:40",872
"2020-04-03 09:45:38",872
"2020-04-03 10:45:59",872
"2020-04-03 11:45:33",872
"2020-04-03 13:12:45",873
"2020-04-03 13:45:47",873
"2020-04-03 14:45:50",875
"2020-04-03 15:46:06",875
"2020-04-03 16:46:03",875
"2020-04-03 17:46:05",874
"2020-04-03 18:46:05",874
"2020-04-03 19:45:36",874
"2020-04-03 20:45:35",876
"2020-04-03 21:45:46",876
"2020-04-03 22:46:24",876
"2020-04-03 23:45:42",876
"2020-04-04 00:45:32",876
"2020-04-04 01:46:00",876
"2020-04-04 02:45:42",876
"2020-04-04 03:45:46",876
"2020-04-04 04:45:52",876
"2020-04-04 05:45:59",876
"2020-04-04 06:45:32",876
"2020-04-04 07:46:07",876
"2020-04-04 08:45:56",876
"2020-04-04 09:45:54",876
"2020-04-04 10:45:37",876
"2020-04-04 11:45:38",876
"2020-04-04 12:45:37",876
"2020-04-04 13:45:34",876
"2020-04-04 14:45:50",876
"2020-04-04 15:45:29",876
"2020-04-04 16:45:37",876
"2020-04-04 17:45:37",876
"2020-04-04 18:45:34",876
"2020-04-04 19:45:37",876
"2020-04-04 20:45:31",876
"2020-04-04 21:45:32",876
"2020-04-04 22:46:06",876
"2020-04-04 23:45:32",876
"2020-04-05 00:46:18",876
"2020-04-05 01:45:59",876
"2020-04-05 02:45:30",876
"2020-04-05 03:45:38",876
"2020-04-05 04:45:59",876
"2020-04-05 05:45:53",876
"2020-04-05 06:45:57",876
"2020-04-05 07:45:39",876
"2020-04-05 08:45:44",876
"2020-04-05 09:45:34",876
"2020-04-05 10:46:06",876
"2020-04-05 11:45:59",876
"2020-04-05 12:45:31",876
"2020-04-05 13:46:03",876
"2020-04-05 14:45:37",876
"2020-04-05 15:45:29",876
"2020-04-05 16:46:02",876
"2020-04-05 17:45:26",876
"2020-04-05 18:45:39",876
"2020-04-05 19:45:32",876
"2020-04-05 20:45:38",876
"2020-04-05 21:45:41",876
"2020-04-05 22:45:55",876
"2020-04-05 23:45:31",876
"2020-04-06 00:45:29",876
"2020-04-06 01:45:39",876
"2020-04-06 02:45:56",876
"2020-04-06 03:46:27",876
"2020-04-06 04:45:26",876
"2020-04-06 05:45:49",876
"2020-04-06 06:45:51",876
"2020-04-06 07:45:39",876
"2020-04-06 08:46:01",876
"2020-04-06 09:45:36",876
"2020-04-06 10:45:49",876
"2020-04-06 11:45:28",876
"2020-04-06 12:45:47",876
"2020-04-06 13:45:42",876
"2020-04-06 14:45:38",872
"2020-04-06 15:45:39",874
"2020-04-06 16:45:33",874
"2020-04-06 17:45:33",876
"2020-04-06 18:48:07",877
"2020-04-06 19:46:00",875
"2020-04-06 20:45:35",875
"2020-04-06 21:45:29",875
"2020-04-06 22:45:40",875
"2020-04-06 23:45:52",875
"2020-04-07 00:45:41",875
"2020-04-07 01:45:50",875
"2020-04-07 02:45:41",875
"2020-04-07 03:45:34",875
"2020-04-07 04:45:33",875
"2020-04-07 05:45:27",875
"2020-04-07 06:45:46",875
"2020-04-07 07:45:40",875
"2020-04-07 08:45:57",875
"2020-04-07 09:45:34",875
"2020-04-07 10:45:25",875
"2020-04-07 11:45:32",875
"2020-04-07 12:45:34",875
"2020-04-07 13:45:39",875
"2020-04-07 14:45:22",876
"2020-04-07 15:45:29",878
"2020-04-07 16:45:43",879
"2020-04-07 17:45:26",880
"2020-04-07 18:45:29",878
"2020-04-07 19:45:27",879
"2020-04-07 20:45:37",877
"2020-04-07 21:45:43",877
"2020-04-07 22:45:30",877
"2020-04-07 23:45:35",877
"2020-04-08 00:45:42",877
"2020-04-08 01:45:29",877
"2020-04-08 02:45:20",877
"2020-04-08 03:45:43",877
"2020-04-08 04:45:24",877
"2020-04-08 06:45:38",877
"2020-04-08 07:45:46",877
"2020-04-08 08:45:52",877
"2020-04-08 09:45:36",877
"2020-04-08 10:45:30",877
"2020-04-08 11:45:27",877
"2020-04-08 12:45:28",877
"2020-04-08 13:45:33",877
"2020-04-08 14:45:24",880
"2020-04-08 15:45:37",878
"2020-04-08 16:45:28",877
"2020-04-08 17:45:47",876
"2020-04-08 18:45:27",873
"2020-04-08 19:45:45",872
"2020-04-08 20:45:35",871
"2020-04-08 21:45:30",871
"2020-04-08 22:45:23",869
"2020-04-08 23:45:32",869
"2020-04-09 00:45:27",869
"2020-04-09 02:45:32",869
"2020-04-09 03:45:28",869
"2020-04-09 04:45:50",869
"2020-04-09 05:45:38",869
"2020-04-09 06:45:52",869
"2020-04-09 07:45:21",869
"2020-04-09 08:45:25",869
"2020-04-09 09:45:22",869
"2020-04-09 10:45:30",869
"2020-04-09 11:45:27",869
"2020-04-09 12:45:25",869
"2020-04-09 13:45:40",869
"2020-04-09 14:45:37",869
"2020-04-09 15:45:16",871
"2020-04-09 16:45:29",872
"2020-04-09 17:45:28",873
"2020-04-09 18:45:16",873
"2020-04-09 19:45:44",871
"2020-04-09 20:45:28",868
"2020-04-09 21:45:27",868
"2020-04-09 22:45:24",868
"2020-04-09 23:45:23",868
"2020-04-10 00:45:28",868
"2020-04-10 01:45:21",868
"2020-04-10 02:45:34",868
"2020-04-10 03:45:31",868
"2020-04-10 04:45:24",868
"2020-04-10 05:45:35",868
"2020-04-10 06:45:24",868
"2020-04-10 07:45:27",868
"2020-04-10 08:45:34",868
"2020-04-10 09:45:27",868
"2020-04-10 10:45:32",868
"2020-04-10 11:45:29",868
"2020-04-10 12:45:27",868
"2020-04-10 13:45:31",868
"2020-04-10 14:45:41",868
"2020-04-10 15:45:29",868
"2020-04-10 16:45:22",868
"2020-04-10 17:45:28",868
"2020-04-10 18:45:28",868
"2020-04-10 19:45:27",868
"2020-04-10 20:45:48",868
"2020-04-10 21:45:12",868
"2020-04-10 22:45:09",868
"2020-04-10 23:45:10",868
"2020-04-11 00:45:15",868
"2020-04-11 01:45:06",868
"2020-04-11 02:45:10",868
"2020-04-11 03:45:11",868
"2020-04-11 04:45:15",868
"2020-04-11 05:45:08",868
"2020-04-11 06:45:10",868
"2020-04-11 07:45:09",868
"2020-04-11 08:45:03",868
"2020-04-11 09:45:04",868
"2020-04-11 10:45:15",868
"2020-04-11 11:45:04",868
"2020-04-11 12:45:09",868
"2020-04-11 13:45:15",868
"2020-04-11 14:45:04",868
"2020-04-11 15:45:16",868
"2020-04-11 16:45:13",868
"2020-04-11 17:45:13",868
"2020-04-11 18:45:12",868
"2020-04-11 19:45:08",868
"2020-04-11 20:45:03",868
"2020-04-11 21:45:09",868
"2020-04-11 22:45:09",868
"2020-04-11 23:45:09",868
"2020-04-12 00:45:18",868
"2020-04-12 01:45:08",868
"2020-04-12 02:45:08",868
"2020-04-12 03:45:05",868
"2020-04-12 04:45:20",868
"2020-04-12 05:45:13",868
"2020-04-12 06:45:11",868
"2020-04-12 07:45:07",868
"2020-04-12 08:45:08",868
"2020-04-12 09:45:11",868
"2020-04-12 10:45:11",868
"2020-04-12 11:45:06",868
"2020-04-12 12:45:09",868
"2020-04-12 13:45:16",868
"2020-04-12 14:45:12",868
"2020-04-12 15:45:10",868
"2020-04-12 16:45:08",868
"2020-04-12 17:45:04",868
"2020-04-12 18:45:11",868
"2020-04-12 19:45:09",868
"2020-04-12 20:45:24",868
"2020-04-12 21:45:13",868
"2020-04-12 22:45:18",868
"2020-04-12 23:45:23",868
"2020-04-13 00:45:31",868
"2020-04-13 01:45:19",868
"2020-04-13 02:45:21",868
"2020-04-13 03:45:36",868
"2020-04-13 04:45:25",868
"2020-04-13 05:45:27",868
"2020-04-13 06:45:10",868
"2020-04-13 07:45:04",868
"2020-04-13 08:45:13",868
"2020-04-13 09:45:07",868
"2020-04-13 10:45:07",868
"2020-04-13 11:45:15",868
"2020-04-13 13:09:39",868
"2020-04-13 13:45:06",868
"2020-04-13 14:45:05",876
"2020-04-13 15:45:11",873
"2020-04-13 16:45:12",872
"2020-04-13 17:45:21",872
"2020-04-13 18:45:05",871
"2020-04-13 19:45:07",871
"2020-04-13 20:45:11",873
"2020-04-13 21:45:19",873
"2020-04-13 22:45:06",873
"2020-04-13 23:45:12",873
"2020-04-14 00:45:35",873
"2020-04-14 01:45:29",873
"2020-04-14 02:45:25",873
"2020-04-14 03:45:24",873
"2020-04-14 04:45:25",873
"2020-04-14 05:45:31",873
"2020-04-14 06:45:17",873
"2020-04-14 07:45:11",873
"2020-04-14 08:45:14",873
"2020-04-14 09:45:13",873
"2020-04-14 10:45:12",873
"2020-04-14 11:45:13",873
"2020-04-14 12:45:09",873
"2020-04-14 13:45:14",874
"2020-04-14 14:45:21",876
"2020-04-14 15:45:23",877
"2020-04-14 16:45:30",876
"2020-04-14 17:45:04",872
"2020-04-14 18:45:27",872
"2020-04-14 19:45:11",872
"2020-04-14 20:45:09",873
"2020-04-14 21:45:12",873
"2020-04-14 22:45:09",873
"2020-04-14 23:45:25",873
"2020-04-15 00:45:21",873
"2020-04-15 01:45:22",873
"2020-04-15 02:45:17",873
"2020-04-15 03:45:21",873
"2020-04-15 04:45:24",873
"2020-04-15 05:45:07",873
"2020-04-15 06:45:06",873
"2020-04-15 07:45:12",873
"2020-04-15 08:45:15",873
"2020-04-15 09:45:10",873
"2020-04-15 10:45:06",873
"2020-04-15 11:45:05",873
"2020-04-15 13:12:42",873
"2020-04-15 14:45:11",870
"2020-04-15 15:45:06",869
"2020-04-15 16:45:20",868
"2020-04-15 17:45:08",868
"2020-04-15 18:45:08",867
"2020-04-15 19:45:17",864
"2020-04-15 20:45:08",862
"2020-04-15 21:45:15",862
"2020-04-15 22:45:16",862
"2020-04-15 23:45:15",862
"2020-04-16 00:45:22",862
"2020-04-16 01:45:26",862
"2020-04-16 02:45:29",862
"2020-04-16 03:45:28",862
"2020-04-16 04:45:29",862
"2020-04-16 05:45:15",862
"2020-04-16 06:45:26",862
"2020-04-16 07:45:12",862
"2020-04-16 08:45:11",862
"2020-04-16 09:45:08",862
"2020-04-16 10:45:12",862
"2020-04-16 11:45:12",862
"2020-04-16 12:45:12",862
"2020-04-16 13:45:14",862
"2020-04-16 14:45:09",866
"2020-04-16 15:45:28",868
"2020-04-16 16:45:28",870
"2020-04-16 17:45:13",870
"2020-04-16 18:45:25",868
"2020-04-16 19:45:09",867
"2020-04-16 20:45:11",868
"2020-04-16 21:45:32",868
"2020-04-16 22:45:13",868
"2020-04-16 23:45:29",868
"2020-04-17 00:45:24",868
"2020-04-17 01:45:20",868
"2020-04-17 02:45:27",868
"2020-04-17 03:45:17",868
"2020-04-17 04:45:13",868
"2020-04-17 05:45:16",868
"2020-04-17 06:45:18",868
"2020-04-17 07:45:32",868
"2020-04-17 08:45:16",868
"2020-04-17 09:45:13",868
"2020-04-17 10:45:13",868
"2020-04-17 11:45:07",868
"2020-04-17 13:09:41",868
"2020-04-17 13:45:25",868
"2020-04-17 14:45:14",867
"2020-04-17 15:45:18",867
"2020-04-17 16:45:06",868
"2020-04-17 17:45:11",868
"2020-04-17 18:45:28",866
"2020-04-17 19:45:22",866
"2020-04-17 20:45:27",868
"2020-04-17 21:45:23",868
"2020-04-17 22:45:18",868
"2020-04-17 23:45:25",868
"2020-04-18 00:45:23",868
"2020-04-18 01:45:20",868
"2020-04-18 02:45:18",868
"2020-04-18 03:45:18",868
"2020-04-18 04:45:26",868
"2020-04-18 05:45:26",868
"2020-04-18 06:45:14",868
"2020-04-18 07:45:09",868
"2020-04-18 08:45:25",868
"2020-04-18 09:45:03",868
"2020-04-18 10:45:11",868
"2020-04-18 11:45:14",868
"2020-04-18 12:45:04",868
"2020-04-18 13:45:20",868
"2020-04-18 14:45:12",868
"2020-04-18 15:45:10",868
"2020-04-18 16:45:04",868
"2020-04-18 17:45:18",868
"2020-04-18 18:45:15",868
"2020-04-18 19:45:05",868
"2020-04-18 20:45:18",868
"2020-04-18 21:45:09",868
"2020-04-18 22:45:18",868
"2020-04-18 23:45:32",868
"2020-04-19 00:45:30",868
"2020-04-19 01:45:40",868
"2020-04-19 02:45:26",868
"2020-04-19 03:45:26",868
"2020-04-19 04:45:41",868
"2020-04-19 05:45:22",868
"2020-04-19 06:45:25",868
"2020-04-19 07:45:21",868
"2020-04-19 08:45:13",868
"2020-04-19 09:45:12",868
"2020-04-19 10:45:11",868
"2020-04-19 11:45:04",868
"2020-04-19 12:45:07",868
"2020-04-19 13:45:24",868
"2020-04-19 14:45:05",868
"2020-04-19 15:45:16",868
"2020-04-19 16:45:16",868
"2020-04-19 17:45:34",868
"2020-04-19 18:45:13",868
"2020-04-19 19:45:10",868
"2020-04-19 20:45:06",868
"2020-04-19 21:45:36",868
"2020-04-19 22:45:29",868
"2020-04-19 23:45:22",868
"2020-04-20 00:45:35",868
"2020-04-20 01:45:30",868
"2020-04-20 02:45:39",868
"2020-04-20 03:45:39",868
"2020-04-20 04:45:31",868
"2020-04-20 05:45:39",868
"2020-04-20 06:45:27",868
"2020-04-20 07:45:11",868
"2020-04-20 08:45:10",868
"2020-04-20 09:45:11",868
"2020-04-20 10:45:10",868
"2020-04-20 11:45:10",868
"2020-04-20 12:45:11",868
"2020-04-20 13:45:10",868
"2020-04-20 14:45:32",871
"2020-04-20 15:45:15",871
"2020-04-20 16:45:20",871
"2020-04-20 17:45:16",869
"2020-04-20 18:45:26",869
"2020-04-20 20:45:57",873
"2020-04-20 21:45:51",873
"2020-04-20 22:46:03",873
"2020-04-20 23:45:29",873
"2020-04-21 00:45:34",873
"2020-04-21 01:45:28",873
"2020-04-21 02:45:27",873
"2020-04-21 03:46:46",873
"2020-04-21 04:47:03",873
"2020-04-21 05:47:04",873
"2020-04-21 06:45:29",873
"2020-04-21 07:45:20",873
"2020-04-21 08:45:17",873
"2020-04-21 09:45:14",873
"2020-04-21 10:45:13",873
"2020-04-21 11:45:12",873
"2020-04-21 12:45:13",873
"2020-04-21 13:45:32",873
"2020-04-21 14:45:29",871
"2020-04-21 15:45:05",870
"2020-04-21 16:45:05",871
"2020-04-21 17:45:26",871
"2020-04-21 18:45:05",872
"2020-04-21 19:45:11",874
"2020-04-21 20:45:32",875
"2020-04-21 21:45:36",875
"2020-04-21 22:45:35",875
"2020-04-21 23:45:11",875
"2020-04-22 00:45:24",875
"2020-04-22 01:45:32",875
"2020-04-22 02:45:33",875
"2020-04-22 03:45:22",875
"2020-04-22 04:45:10",875
"2020-04-22 05:45:12",875
"2020-04-22 06:45:23",875
"2020-04-22 07:45:20",875
"2020-04-22 08:45:08",874
"2020-04-22 09:45:17",874
"2020-04-22 10:45:37",874
"2020-04-22 11:45:08",874
"2020-04-22 12:45:13",874
"2020-04-22 13:45:06",874
"2020-04-22 14:45:14",879
"2020-04-22 15:45:09",878
"2020-04-22 16:45:29",877
"2020-04-22 17:45:37",876
"2020-04-22 18:45:24",878
"2020-04-22 19:45:10",878
"2020-04-22 20:45:11",880
"2020-04-22 21:45:26",882
"2020-04-22 22:45:18",882
"2020-04-22 23:45:26",882
"2020-04-23 00:45:10",882
"2020-04-23 01:45:23",882
"2020-04-23 02:45:29",882
"2020-04-23 03:45:28",882
"2020-04-23 04:45:25",882
"2020-04-23 05:45:05",882
"2020-04-23 06:45:11",882
"2020-04-23 07:45:15",882
"2020-04-23 08:45:11",882
"2020-04-23 09:45:03",882
"2020-04-23 10:45:10",882
"2020-04-23 11:45:23",882
"2020-04-23 12:45:05",882
"2020-04-23 13:45:06",882
"2020-04-23 14:45:08",886
"2020-04-23 15:45:12",885
"2020-04-23 16:45:25",884
"2020-04-23 17:45:07",885
"2020-04-23 18:45:15",889
"2020-04-23 19:45:06",890
"2020-04-23 20:45:30",883
"2020-04-23 21:45:16",883
"2020-04-23 22:45:09",883
"2020-04-23 23:45:15",883
"2020-04-24 00:45:24",883
"2020-04-24 01:45:50",883
"2020-04-24 02:45:05",883
"2020-04-24 03:45:31",883
"2020-04-24 04:45:15",883
"2020-04-24 05:45:07",883
"2020-04-24 06:45:09",883
"2020-04-24 07:45:04",883
"2020-04-24 08:45:21",883
"2020-04-24 09:45:10",883
"2020-04-24 10:45:09",883
"2020-04-24 11:45:05",883
"2020-04-24 13:10:43",883
"2020-04-24 13:45:35",883
"2020-04-24 14:45:17",883
"2020-04-24 15:45:10",885
"2020-04-24 16:45:10",885
"2020-04-24 17:45:14",881
"2020-04-24 18:45:19",881
"2020-04-24 19:45:11",881
"2020-04-24 20:45:17",881
"2020-04-24 21:45:31",883
"2020-04-24 22:45:36",882
"2020-04-24 23:45:17",882
"2020-04-25 00:45:38",882
"2020-04-25 01:45:33",882
"2020-04-25 02:45:29",882
"2020-04-25 03:45:25",882
"2020-04-25 04:45:30",882
"2020-04-25 05:45:37",882
"2020-04-25 06:45:18",882
"2020-04-25 07:45:12",882
"2020-04-25 08:45:18",882
"2020-04-25 09:45:14",882
"2020-04-25 10:45:08",882
"2020-04-25 11:45:13",882
"2020-04-25 12:45:11",882
"2020-04-25 13:45:23",882
"2020-04-25 14:45:15",882
"2020-04-25 15:45:18",882
"2020-04-25 16:45:20",882
"2020-04-25 17:45:18",882
"2020-04-25 18:45:11",882
"2020-04-25 19:45:18",882
"2020-04-25 20:45:13",882
"2020-04-25 21:45:11",882
"2020-04-25 22:45:17",882
"2020-04-25 23:45:23",882
"2020-04-26 00:45:13",882
"2020-04-26 01:45:26",882
"2020-04-26 02:45:25",882
"2020-04-26 03:45:31",882
"2020-04-26 04:45:09",882
"2020-04-26 05:45:39",882
"2020-04-26 06:45:20",882
"2020-04-26 07:45:16",882
"2020-04-26 08:45:13",882
"2020-04-26 09:45:14",882
"2020-04-26 10:45:09",882
"2020-04-26 11:45:18",882
"2020-04-26 12:45:13",882
"2020-04-26 13:45:06",882
"2020-04-26 14:45:10",882
"2020-04-26 15:45:16",882
"2020-04-26 16:45:15",882
"2020-04-26 17:45:13",882
"2020-04-26 18:45:13",882
"2020-04-26 19:45:09",882
"2020-04-26 20:45:10",882
"2020-04-26 21:45:12",882
"2020-04-26 22:45:25",882
"2020-04-26 23:45:38",882
"2020-04-27 00:45:37",882
"2020-04-27 01:45:36",882
"2020-04-27 02:45:30",882
"2020-04-27 03:45:32",882
"2020-04-27 04:45:35",882
"2020-04-27 05:45:19",882
"2020-04-27 06:45:16",882
"2020-04-27 07:45:10",882
"2020-04-27 08:45:18",882
"2020-04-27 09:45:18",882
"2020-04-27 10:45:17",882
"2020-04-27 11:45:04",882
"2020-04-27 12:45:12",882
"2020-04-27 13:45:38",882
"2020-04-27 14:45:20",885
"2020-04-27 15:45:15",888
"2020-04-27 16:45:05",887
"2020-04-27 17:45:14",891
"2020-04-27 18:45:11",893
"2020-04-27 19:45:10",893
"2020-04-27 20:45:12",893
"2020-04-27 21:45:26",893
"2020-04-27 22:45:13",893
"2020-04-27 23:45:28",893
"2020-04-28 00:45:54",893
"2020-04-28 01:45:17",893
"2020-04-28 02:45:40",893
"2020-04-28 03:45:34",893
"2020-04-28 04:45:32",893
"2020-04-28 05:45:13",893
"2020-04-28 06:45:11",893
"2020-04-28 07:45:37",893
"2020-04-28 08:45:31",893
"2020-04-28 09:45:16",893
"2020-04-28 10:45:05",893
"2020-04-28 11:45:16",893
"2020-04-28 12:45:17",893
"2020-04-28 13:45:13",893
"2020-04-28 14:45:38",891
"2020-04-28 15:45:31",892
"2020-04-28 16:45:09",891
"2020-04-28 17:45:17",891
"2020-04-28 18:45:15",891
"2020-04-28 19:45:11",891
"2020-04-28 20:45:13",891
"2020-04-28 21:45:17",891
"2020-04-28 22:45:07",891
"2020-04-28 23:45:09",891
"2020-04-29 00:45:41",891
"2020-04-29 01:45:44",891
"2020-04-29 02:45:34",891
"2020-04-29 03:45:11",891
"2020-04-29 04:45:20",891
"2020-04-29 05:45:08",891
"2020-04-29 06:45:18",891
"2020-04-29 07:45:17",891
"2020-04-29 08:45:11",891
"2020-04-29 09:45:27",891
"2020-04-29 10:45:17",891
"2020-04-29 11:45:05",891
"2020-04-29 13:08:39",891
"2020-04-29 13:45:18",891
"2020-04-29 14:45:10",898
"2020-04-29 15:45:07",897
"2020-04-29 16:45:19",894
"2020-04-29 17:45:17",895
"2020-04-29 18:45:40",891
"2020-04-29 19:45:39",891
"2020-04-29 20:45:14",889
"2020-04-29 21:45:41",890
"2020-04-29 22:45:38",890
"2020-04-29 23:45:24",890
"2020-04-30 00:45:38",890
"2020-04-30 01:45:38",890
"2020-04-30 02:46:02",890
"2020-04-30 03:45:55",890
"2020-04-30 04:45:29",890
"2020-04-30 05:45:25",890
"2020-04-30 06:45:17",890
"2020-04-30 07:45:15",890
"2020-04-30 08:45:18",890
"2020-04-30 09:45:14",890
"2020-04-30 10:45:07",890
"2020-04-30 11:45:29",890
"2020-04-30 12:45:10",890
"2020-04-30 13:45:13",890
"2020-04-30 14:45:28",895
"2020-04-30 15:45:15",897
"2020-04-30 16:45:10",896
"2020-04-30 17:47:41",896
"2020-04-30 18:45:23",892
"2020-04-30 20:45:14",891
"2020-04-30 21:45:17",892
"2020-04-30 22:45:19",892
"2020-04-30 23:45:15",892
"2020-05-01 00:45:36",892
"2020-05-01 01:45:35",892
"2020-05-01 02:45:14",892
"2020-05-01 03:45:09",892
"2020-05-01 04:45:18",892
"2020-05-01 05:45:22",892
"2020-05-01 06:45:18",892
"2020-05-01 07:45:19",892
"2020-05-01 08:45:14",892
"2020-05-01 09:45:15",892
"2020-05-01 10:45:10",892
"2020-05-01 11:45:12",892
"2020-05-01 13:09:41",892
"2020-05-01 13:45:42",892
"2020-05-01 14:45:10",896
"2020-05-01 15:45:10",898
"2020-05-01 16:45:11",897
"2020-05-01 17:45:13",897
"2020-05-01 18:45:09",897
"2020-05-01 19:45:18",899
"2020-05-01 20:45:06",899
"2020-05-01 21:45:36",899
"2020-05-01 22:45:11",899
"2020-05-01 23:45:10",899
"2020-05-02 00:45:12",899
"2020-05-02 01:45:34",899
"2020-05-02 02:45:29",899
"2020-05-02 03:45:27",899
"2020-05-02 04:45:16",899
"2020-05-02 05:45:28",899
"2020-05-02 06:45:18",899
"2020-05-02 07:45:25",899
"2020-05-02 08:45:20",899
"2020-05-02 09:45:17",899
"2020-05-02 10:45:10",899
"2020-05-02 11:45:17",899
"2020-05-02 12:45:10",899
"2020-05-02 13:45:19",899
"2020-05-02 14:45:20",899
"2020-05-02 15:45:23",899
"2020-05-02 16:45:19",899
"2020-05-02 17:45:17",899
"2020-05-02 18:45:30",899
"2020-05-02 19:45:20",899
"2020-05-02 20:45:20",899
"2020-05-02 21:45:18",899
"2020-05-02 22:45:09",899
"2020-05-02 23:45:34",899
"2020-05-03 00:45:18",899
"2020-05-03 01:45:37",899
"2020-05-03 02:45:33",899
"2020-05-03 03:45:32",899
"2020-05-03 04:45:26",899
"2020-05-03 05:45:15",899
"2020-05-03 06:45:14",899
"2020-05-03 07:45:22",899
"2020-05-03 08:45:18",899
"2020-05-03 09:45:43",899
"2020-05-03 10:45:19",899
"2020-05-03 11:45:18",899
"2020-05-03 12:45:15",899
"2020-05-03 13:45:17",899
"2020-05-03 14:45:23",899
"2020-05-03 15:45:20",899
"2020-05-03 16:45:36",899
"2020-05-03 17:45:41",899
"2020-05-03 18:45:12",899
"2020-05-03 19:45:56",899
"2020-05-03 20:45:38",899
"2020-05-03 21:45:31",899
"2020-05-03 22:45:37",899
"2020-05-03 23:45:39",899
"2020-05-04 00:45:35",899
"2020-05-04 01:45:38",899
"2020-05-04 02:45:37",899
"2020-05-04 03:45:37",899
"2020-05-04 04:45:13",899
"2020-05-04 05:45:16",899
"2020-05-04 06:45:21",899
"2020-05-04 09:31:16",899
"2020-05-04 10:49:45",899
"2020-05-04 10:57:31",899
"2020-05-04 11:05:06",899
"2020-05-04 11:45:24",899
"2020-05-04 13:08:46",899
"2020-05-04 13:45:18",899
"2020-05-04 14:45:22",899
"2020-05-04 15:45:18",897
"2020-05-04 16:45:19",895
"2020-05-04 17:45:16",891
"2020-05-04 18:45:40",889
"2020-05-04 19:45:37",887
"2020-05-04 20:45:34",888
"2020-05-04 21:45:35",887
"2020-05-04 22:45:13",885
"2020-05-04 23:45:15",885
"2020-05-05 00:45:12",885
"2020-05-05 01:45:31",885
"2020-05-05 02:45:11",885
"2020-05-05 03:45:39",885
"2020-05-05 04:45:16",885
"2020-05-05 05:45:17",885
"2020-05-05 06:45:19",885
"2020-05-05 07:45:26",885
"2020-05-05 08:45:38",885
"2020-05-05 09:45:11",885
"2020-05-05 10:45:11",885
"2020-05-05 11:45:38",885
"2020-05-05 12:45:18",885
"2020-05-05 13:45:17",885
"2020-05-05 14:45:16",893
"2020-05-05 15:45:13",889
"2020-05-05 16:45:19",890
"2020-05-05 17:45:13",885
"2020-05-05 18:45:10",884
"2020-05-05 19:45:38",892
"2020-05-05 20:45:19",894
"2020-05-05 21:45:05",894
"2020-05-05 22:45:06",893
"2020-05-05 23:45:35",893
"2020-05-06 00:45:17",893
"2020-05-06 01:45:22",893
"2020-05-06 02:45:15",893
"2020-05-06 03:45:08",893
"2020-05-06 04:45:17",893
"2020-05-06 05:45:15",893
"2020-05-06 06:45:07",893
"2020-05-06 17:45:35",892
"2020-05-06 18:45:46",890
"2020-05-06 19:45:13",889
"2020-05-06 20:45:30",888
"2020-05-06 21:45:36",888
"2020-05-06 22:45:39",888
"2020-05-06 23:45:42",888
"2020-05-07 00:45:23",888
"2020-05-07 01:45:22",888
"2020-05-07 02:45:07",888
"2020-05-07 03:45:19",888
"2020-05-07 04:45:20",888
"2020-05-07 05:45:10",888
"2020-05-07 06:45:16",888
"2020-05-07 08:45:20",888
"2020-05-07 09:45:14",888
"2020-05-07 10:45:30",888
"2020-05-07 11:45:19",888
"2020-05-07 12:45:20",888
"2020-05-07 13:45:28",888
"2020-05-07 14:45:33",887
"2020-05-07 15:45:16",887
"2020-05-07 16:45:23",885
"2020-05-07 17:45:14",885
"2020-05-07 18:45:10",886
"2020-05-07 19:45:47",886
"2020-05-07 20:45:10",886
"2020-05-07 21:45:09",885
"2020-05-07 22:45:09",885
"2020-05-07 23:45:21",885
"2020-05-08 00:45:16",885
"2020-05-08 01:45:08",885
"2020-05-08 02:45:14",885
"2020-05-08 03:45:20",885
"2020-05-08 04:45:09",885
"2020-05-08 05:45:11",885
"2020-05-08 06:45:11",885
"2020-05-08 07:45:17",885
"2020-05-08 08:45:24",885
"2020-05-08 09:45:18",885
"2020-05-08 10:45:14",885
"2020-05-08 11:45:18",885
"2020-05-08 13:08:42",885
"2020-05-08 13:45:23",885
"2020-05-08 14:45:17",882
"2020-05-08 15:45:19",880
"2020-05-08 16:45:36",878
"2020-05-08 17:45:33",877
"2020-05-08 18:45:22",877
"2020-05-08 19:45:12",880
"2020-05-08 20:45:20",883
"2020-05-08 21:45:16",884
"2020-05-08 22:45:22",884
"2020-05-08 23:45:18",884
"2020-05-09 00:45:14",884
"2020-05-09 01:45:29",884
"2020-05-09 02:45:17",884
"2020-05-09 03:45:41",884
"2020-05-09 04:45:14",884
"2020-05-09 05:45:19",884
"2020-05-09 06:45:25",884
"2020-05-09 07:45:12",884
"2020-05-09 08:45:25",884
"2020-05-09 09:45:17",884
"2020-05-09 10:45:17",884
"2020-05-09 11:45:10",884
"2020-05-09 12:45:12",884
"2020-05-09 13:45:15",884
"2020-05-09 14:45:11",884
"2020-05-09 15:45:16",884
"2020-05-09 16:45:10",884
"2020-05-09 17:45:18",884
"2020-05-09 18:45:19",884
"2020-05-09 19:45:15",884
"2020-05-09 20:45:12",884
"2020-05-09 21:45:22",884
"2020-05-09 22:45:19",884
"2020-05-09 23:45:14",884
"2020-05-10 00:45:34",884
"2020-05-10 01:45:15",884
"2020-05-10 02:45:41",884
"2020-05-10 03:45:22",884
"2020-05-10 04:45:23",884
"2020-05-10 05:45:28",884
"2020-05-10 06:45:16",884
"2020-05-10 07:45:24",884
"2020-05-10 08:45:19",884
"2020-05-10 09:45:21",884
"2020-05-10 10:45:21",884
"2020-05-10 11:45:24",884
"2020-05-10 12:45:16",884
"2020-05-10 13:45:21",884
"2020-05-10 14:45:12",884
"2020-05-10 15:45:18",884
"2020-05-10 16:45:16",884
"2020-05-10 17:45:14",884
"2020-05-10 18:45:20",884
"2020-05-10 19:45:16",884
"2020-05-10 20:45:26",884
"2020-05-10 21:45:17",884
"2020-05-10 22:45:18",884
"2020-05-10 23:45:20",884
"2020-05-11 00:45:20",884
"2020-05-11 01:45:12",884
"2020-05-11 02:45:19",884
"2020-05-11 03:45:43",884
"2020-05-11 04:45:18",884
"2020-05-11 05:45:17",884
"2020-05-11 06:45:18",884
"2020-05-11 07:45:24",884
"2020-05-11 08:45:29",884
"2020-05-11 09:46:11",884
"2020-05-11 10:45:16",884
"2020-05-11 11:45:10",884
"2020-05-11 13:07:41",884
"2020-05-11 13:45:27",884
"2020-05-11 14:45:22",885
"2020-05-11 15:45:38",888
"2020-05-11 16:45:20",888
"2020-05-11 17:45:22",887
"2020-05-11 18:45:20",888
"2020-05-11 19:45:13",886
"2020-05-11 20:45:14",886
"2020-05-11 21:45:16",886
"2020-05-11 22:45:07",886
"2020-05-11 23:45:24",886
"2020-05-12 00:45:18",886
"2020-05-12 01:45:18",886
"2020-05-12 02:45:14",886
"2020-05-12 03:45:10",886
"2020-05-12 04:45:15",886
"2020-05-12 05:45:13",886
"2020-05-12 06:45:24",886
"2020-05-12 07:45:14",886
"2020-05-12 08:45:15",886
"2020-05-12 09:46:34",886
"2020-05-12 10:45:20",886
"2020-05-12 11:45:10",886
"2020-05-12 13:13:41",886
"2020-05-12 17:45:10",887
"2020-05-12 18:45:11",888
"2020-05-12 19:45:29",887
"2020-05-12 20:45:37",887
"2020-05-12 21:45:28",887
"2020-05-12 22:45:09",887
"2020-05-12 23:45:10",887
"2020-05-13 00:45:31",887
"2020-05-13 01:45:42",887
"2020-05-13 02:45:34",887
"2020-05-13 03:45:36",887
"2020-05-13 06:45:14",887
"2020-05-13 07:45:34",887
"2020-05-13 08:45:27",887
"2020-05-13 09:45:09",887
"2020-05-13 10:45:11",887
"2020-05-13 11:45:10",887
"2020-05-13 12:45:11",887
"2020-05-13 13:45:10",887
"2020-05-13 14:45:10",888
"2020-05-13 15:45:16",887
"2020-05-13 16:45:32",886
"2020-05-13 17:45:12",887
"2020-05-13 18:45:27",887
"2020-05-13 19:45:13",887
"2020-05-13 20:45:12",887
"2020-05-13 21:45:10",887
"2020-05-13 22:45:15",887
"2020-05-13 23:45:19",887
"2020-05-14 00:45:12",887
"2020-05-14 01:45:18",887
"2020-05-14 02:45:11",887
"2020-05-14 03:45:17",887
"2020-05-14 04:45:12",886
"2020-05-14 05:45:17",886
"2020-05-14 06:45:22",886
"2020-05-14 07:45:14",886
"2020-05-14 08:45:23",886
"2020-05-14 09:45:11",886
"2020-05-14 10:45:17",886
"2020-05-14 11:45:21",886
"2020-05-14 12:45:17",886
"2020-05-14 13:45:20",886
"2020-05-14 14:45:19",888
"2020-05-14 15:45:15",892
"2020-05-14 16:45:08",890
"2020-05-14 17:45:12",892
"2020-05-14 18:45:26",891
"2020-05-14 19:45:25",891
"2020-05-14 20:45:11",892
"2020-05-14 21:45:15",892
"2020-05-14 22:45:31",892
"2020-05-14 23:45:19",892
"2020-05-15 00:45:31",892
"2020-05-15 01:45:38",892
"2020-05-15 02:45:34",892
"2020-05-15 03:45:34",892
"2020-05-15 04:45:34",892
"2020-05-15 05:45:16",892
"2020-05-15 06:45:31",892
"2020-05-15 07:45:11",892
"2020-05-15 08:45:19",892
"2020-05-15 09:45:26",892
"2020-05-15 10:45:10",892
"2020-05-15 11:45:14",892
"2020-05-15 12:45:14",892
"2020-05-15 13:45:19",892
"2020-05-15 14:45:11",894
"2020-05-15 15:45:16",894
"2020-05-15 16:45:10",896
"2020-05-15 17:45:30",899
"2020-05-15 18:45:12",899
"2020-05-15 19:45:21",899
"2020-05-15 20:45:16",900
"2020-05-15 21:45:17",901
"2020-05-15 22:45:11",902
"2020-05-15 23:45:09",902
"2020-05-16 00:45:29",902
"2020-05-16 01:45:33",902
"2020-05-16 02:45:39",902
"2020-05-16 03:45:24",902
"2020-05-16 04:45:15",902
"2020-05-16 05:45:15",902
"2020-05-16 06:45:37",902
"2020-05-16 07:45:35",902
"2020-05-16 08:45:15",902
"2020-05-16 09:45:23",902
"2020-05-16 10:45:12",902
"2020-05-16 11:45:09",902
"2020-05-16 12:45:19",902
"2020-05-16 13:45:15",902
"2020-05-16 14:45:11",902
"2020-05-16 15:45:20",902
"2020-05-16 16:45:15",902
"2020-05-16 17:45:12",902
"2020-05-16 18:45:16",902
"2020-05-16 19:45:12",902
"2020-05-16 20:45:18",902
"2020-05-16 21:45:16",902
"2020-05-16 22:45:20",902
"2020-05-16 23:45:17",902
"2020-05-17 00:45:18",902
"2020-05-17 01:45:22",902
"2020-05-18 09:02:10",902
"2020-05-18 09:10:13",902
"2020-05-18 09:14:26",902
"2020-05-18 09:16:01",902
"2020-05-18 09:16:03",902
"2020-05-18 09:16:09",902
"2020-05-18 09:16:22",902
"2020-05-18 09:16:27",902
"2020-05-18 09:16:43",902
"2020-05-18 09:16:55",902
"2020-05-18 09:17:06",902
"2020-05-18 09:17:32",902
"2020-05-18 09:18:24",902
"2020-05-18 09:18:25",902
"2020-05-18 09:18:48",902
"2020-05-18 09:19:36",902
"2020-05-18 09:20:48",902
"2020-05-18 09:58:45",902
"2020-05-18 10:00:44",902
"2020-05-18 10:07:51",902
"2020-05-18 10:57:02",902
"2020-05-18 10:57:27",902
"2020-05-18 11:02:35",902
"2020-05-18 11:07:30",902
"2020-05-18 11:10:33",902
"2020-05-18 11:13:32",902
"2020-05-18 11:17:30",902
"2020-05-18 11:22:50",902
"2020-05-18 11:27:01",902
"2020-05-18 11:28:40",902
"2020-05-18 11:45:22",902
"2020-05-18 11:52:59",902
"2020-05-18 12:00:35",902
"2020-05-18 12:08:13",902
"2020-05-18 13:08:11",902
"2020-05-18 13:45:23",902
"2020-05-18 14:45:15",901
"2020-05-18 15:45:41",897
"2020-05-18 16:45:49",896
"2020-05-18 17:45:14",894
"2020-05-18 18:45:34",892
"2020-05-18 19:45:29",887
"2020-05-18 20:45:19",887
"2020-05-18 21:45:36",888
"2020-05-18 22:45:39",887
"2020-05-18 23:45:41",887
"2020-05-19 01:45:12",887
"2020-05-19 02:45:22",887
"2020-05-19 03:45:20",887
"2020-05-19 04:45:19",887
"2020-05-19 05:45:20",887
"2020-05-19 06:45:19",887
"2020-05-19 07:45:21",887
"2020-05-19 08:45:29",887
"2020-05-19 09:45:48",887
"2020-05-19 10:45:18",887
"2020-05-19 11:45:35",887
"2020-05-19 13:08:45",887
"2020-05-19 13:45:21",887
"2020-05-19 14:45:16",887
"2020-05-19 15:45:14",886
"2020-05-19 16:45:23",886
"2020-05-19 17:45:14",888
"2020-05-19 18:45:21",887
"2020-05-19 19:45:18",894
"2020-05-19 20:45:23",893
"2020-05-19 21:45:24",893
"2020-05-19 22:45:42",893
"2020-05-19 23:45:18",893
"2020-05-20 00:45:41",893
"2020-05-20 01:45:47",893
"2020-05-20 02:45:39",893
"2020-05-20 03:45:39",893
"2020-05-20 04:45:25",893
"2020-05-20 05:45:19",893
"2020-05-20 06:45:16",893
"2020-05-20 07:45:28",893
"2020-05-20 08:45:16",893
"2020-05-20 09:45:23",893
"2020-05-20 10:45:14",893
"2020-05-20 11:45:17",893
"2020-05-20 12:45:13",893
"2020-05-20 13:45:22",893
"2020-05-20 14:45:17",903
"2020-05-20 15:45:37",895
"2020-05-20 16:45:16",896
"2020-05-20 17:45:38",892
"2020-05-20 18:45:20",893
"2020-05-20 19:45:20",894
"2020-05-20 20:45:13",896
"2020-05-20 21:45:21",898
"2020-05-20 22:45:10",898
"2020-05-20 23:45:17",898
"2020-05-21 00:45:38",898
"2020-05-21 01:45:13",898
"2020-05-21 02:45:20",898
"2020-05-21 03:45:20",898
"2020-05-21 04:45:14",898
"2020-05-21 05:45:17",898
"2020-05-21 06:45:23",898
"2020-05-21 07:45:14",898
"2020-05-21 08:45:22",898
"2020-05-21 09:45:14",898
"2020-05-21 10:45:18",898
"2020-05-21 11:45:22",898
"2020-05-21 12:45:17",898
"2020-05-21 13:45:22",899
"2020-05-21 14:45:12",903
"2020-05-21 15:45:14",905
"2020-05-21 16:45:29",906
"2020-05-21 17:45:23",908
"2020-05-21 18:45:19",907
"2020-05-21 19:45:14",907
"2020-05-21 20:45:20",905
"2020-05-21 21:45:21",906
"2020-05-21 22:45:23",906
"2020-05-21 23:45:40",906
"2020-05-22 00:46:28",906
"2020-05-22 01:45:20",906
"2020-05-22 02:45:23",906
"2020-05-22 03:45:40",906
"2020-05-22 04:45:23",906
"2020-05-22 05:45:26",906
"2020-05-22 06:45:16",906
"2020-05-22 07:45:21",906
"2020-05-22 08:45:30",906
"2020-05-22 09:45:23",906
"2020-05-22 10:45:18",906
"2020-05-22 11:45:16",906
"2020-05-22 12:45:21",906
"2020-05-22 13:45:26",907
"2020-05-22 14:45:16",908
"2020-05-22 15:45:16",909
"2020-05-22 16:45:18",910
"2020-05-22 17:45:19",910
"2020-05-22 18:45:37",912
"2020-05-22 19:45:18",915
"2020-05-22 20:45:13",917
"2020-05-22 21:45:14",917
"2020-05-22 22:45:18",916
"2020-05-22 23:45:14",916
"2020-05-23 00:45:20",916
"2020-05-23 01:45:16",916
"2020-05-23 02:45:28",916
"2020-05-23 03:45:23",916
"2020-05-23 04:45:35",916
"2020-05-23 05:45:18",916
"2020-05-23 06:45:30",916
"2020-05-23 07:45:27",916
"2020-05-23 08:45:26",916
"2020-05-23 09:45:22",916
"2020-05-23 10:45:18",916
"2020-05-23 11:45:28",916
"2020-05-23 12:45:21",916
"2020-05-23 13:45:24",916
"2020-05-23 14:45:21",916
"2020-05-23 15:45:16",916
"2020-05-23 16:45:26",916
"2020-05-23 17:45:22",916
"2020-05-23 18:45:30",916
"2020-05-23 19:45:17",916
"2020-05-23 20:45:13",916
"2020-05-23 21:45:14",916
"2020-05-23 22:45:19",916
"2020-05-23 23:45:20",916
"2020-05-24 00:45:30",916
"2020-05-24 01:45:18",916
"2020-05-24 02:45:15",916
"2020-05-24 03:45:20",916
"2020-05-24 04:45:19",916
"2020-05-24 05:45:16",916
"2020-05-24 06:45:17",916
"2020-05-24 07:45:17",916
"2020-05-24 08:45:24",916
"2020-05-24 09:45:15",916
"2020-05-24 10:45:26",916
"2020-05-24 11:45:23",916
"2020-05-24 12:45:19",916
"2020-05-24 13:45:24",916
"2020-05-24 14:45:22",916
"2020-05-24 15:45:13",916
"2020-05-24 16:45:26",916
"2020-05-24 17:45:23",916
"2020-05-24 18:45:25",916
"2020-05-24 19:45:22",916
"2020-05-24 20:45:22",916
"2020-05-24 21:45:28",916
"2020-05-24 22:45:25",916
"2020-05-24 23:45:14",916
"2020-05-25 00:45:18",916
"2020-05-25 01:45:30",916
"2020-05-25 02:45:22",916
"2020-05-25 03:45:39",916
"2020-05-25 04:45:22",916
"2020-05-25 06:46:14",916
"2020-05-25 07:45:23",916
"2020-05-25 08:45:30",916
"2020-05-25 09:45:21",916
"2020-05-25 10:45:18",916
"2020-05-25 11:45:35",916
"2020-05-25 12:45:19",916
"2020-05-25 13:45:14",916
"2020-05-25 14:45:27",916
"2020-05-25 15:45:17",916
"2020-05-25 16:45:12",916
"2020-05-25 17:45:18",916
"2020-05-25 18:45:20",916
"2020-05-25 19:45:23",916
"2020-05-25 20:45:23",916
"2020-05-25 21:45:13",916
"2020-05-25 22:45:12",916
"2020-05-25 23:45:14",916
"2020-05-26 00:45:23",916
"2020-05-26 01:45:14",916
"2020-05-26 02:45:12",916
"2020-05-26 03:45:23",916
"2020-05-26 04:45:27",916
"2020-05-26 05:45:18",916
"2020-05-26 06:45:22",916
"2020-05-26 07:45:24",916
"2020-05-26 08:45:26",916
"2020-05-26 09:45:21",916
"2020-05-26 10:45:19",916
"2020-05-26 11:45:25",916
"2020-05-26 12:45:18",916
"2020-05-26 13:45:24",915
"2020-05-26 14:45:21",917
"2020-05-26 15:45:18",917
"2020-05-26 16:45:16",910
"2020-05-26 17:45:21",907
"2020-05-26 18:45:14",908
"2020-05-26 19:45:18",907
"2020-05-26 20:45:20",907
"2020-05-26 21:45:34",909
"2020-05-26 22:45:14",910
"2020-05-26 23:45:17",910
"2020-05-27 00:45:47",910
"2020-05-27 01:45:15",910
"2020-05-27 02:45:17",910
"2020-05-27 03:45:20",910
"2020-05-27 04:45:20",910
"2020-05-27 05:45:16",910
"2020-05-27 06:45:23",910
"2020-05-27 07:45:22",910
"2020-05-27 08:45:15",910
"2020-05-27 09:45:14",910
"2020-05-27 10:45:14",910
"2020-05-27 11:45:12",910
"2020-05-27 13:09:13",910
"2020-05-27 13:45:28",910
"2020-05-27 14:45:20",909
"2020-05-27 15:45:13",910
"2020-05-27 16:45:16",904
"2020-05-27 17:45:14",904
"2020-05-27 18:45:14",905
"2020-05-27 19:45:23",903
"2020-05-27 20:45:19",902
"2020-05-27 21:45:18",902
"2020-05-27 22:45:17",902
"2020-05-27 23:45:15",902
"2020-05-28 00:45:22",902
"2020-05-28 01:45:25",902
"2020-05-28 02:45:17",902
"2020-05-28 03:45:16",902
"2020-05-28 04:45:17",902
"2020-05-28 05:45:13",902
"2020-05-28 06:45:17",902
"2020-05-28 07:45:27",902
"2020-05-28 08:45:22",902
"2020-05-28 09:45:14",902
"2020-05-28 10:45:25",902
"2020-05-28 11:45:28",902
"2020-05-28 13:09:46",902
"2020-05-28 13:45:22",902
"2020-05-28 14:45:27",899
"2020-05-28 15:45:22",901
"2020-05-28 16:45:26",901
"2020-05-28 17:45:21",899
"2020-05-28 18:45:19",900
"2020-05-28 19:45:17",899
"2020-05-28 20:45:30",901
"2020-05-28 21:45:36",902
"2020-05-28 22:45:19",902
"2020-05-28 23:45:31",902
"2020-05-29 00:45:25",902
"2020-05-29 01:45:23",902
"2020-05-29 02:45:43",902
"2020-05-29 03:45:20",902
"2020-05-29 04:45:24",902
"2020-05-29 05:45:39",902
"2020-05-29 06:45:32",902
"2020-05-29 07:45:33",902
"2020-05-29 08:45:31",902
"2020-05-29 09:52:12",902
"2020-05-29 10:45:25",902
"2020-05-29 11:45:22",902
"2020-05-29 12:45:38",902
"2020-05-29 13:45:31",902
"2020-05-29 14:45:27",901
"2020-05-29 15:45:20",902
"2020-05-29 16:45:14",902
"2020-05-29 17:45:25",901
"2020-05-29 18:45:25",902
"2020-05-29 19:45:22",904
"2020-05-29 20:45:32",908
"2020-05-29 21:45:20",907
"2020-05-29 22:45:22",907
"2020-05-29 23:45:33",907
"2020-05-30 00:45:17",907
"2020-05-30 01:45:15",907
"2020-05-30 02:45:19",907
"2020-05-30 03:45:20",907
"2020-05-30 04:45:19",907
"2020-05-30 05:45:24",907
"2020-05-30 06:45:25",907
"2020-05-30 07:45:43",907
"2020-05-30 08:45:24",907
"2020-05-30 09:45:19",907
"2020-05-30 10:45:25",907
"2020-05-30 11:45:21",907
"2020-05-30 12:45:20",907
"2020-05-30 13:45:20",907
"2020-05-30 14:45:16",907
"2020-05-30 15:45:18",907
"2020-05-30 16:45:34",907
"2020-05-30 17:45:22",907
"2020-05-30 18:45:21",907
"2020-05-30 19:45:26",907
"2020-05-30 20:45:19",907
"2020-05-30 21:45:26",907
"2020-05-30 22:45:20",907
"2020-05-30 23:45:27",907
"2020-05-31 00:45:26",907
"2020-05-31 01:45:26",907
"2020-05-31 02:45:24",907
"2020-05-31 03:45:24",907
"2020-05-31 04:45:20",907
"2020-05-31 05:45:26",907
"2020-05-31 06:45:25",907
"2020-05-31 07:45:27",907
"2020-05-31 09:30:14",907
"2020-05-31 09:45:22",907
"2020-05-31 13:10:04",907
"2020-05-31 13:12:22",907
"2020-05-31 13:19:39",907
"2020-06-01 05:04:27",907
"2020-06-01 05:25:19",907
"2020-06-01 05:25:31",907
"2020-06-01 05:26:54",907
"2020-06-01 05:36:08",907
"2020-06-01 05:47:22",907
"2020-06-01 05:48:54",907
"2020-06-01 05:49:31",907
"2020-06-01 05:50:16",907
"2020-06-01 05:56:28",907
"2020-06-01 05:57:38",907
"2020-06-01 05:59:21",907
"2020-06-01 06:01:46",907
"2020-06-01 06:02:02",907
"2020-06-01 06:11:12",907
"2020-06-01 06:38:51",907
"2020-06-01 06:46:26",907
"2020-06-01 06:54:02",907
"2020-06-01 07:45:22",907
"2020-06-01 08:45:33",907
"2020-06-01 09:45:34",907
"2020-06-01 10:45:21",907
"2020-06-01 11:45:23",907
"2020-06-01 13:07:46",907
"2020-06-01 13:45:55",907
"2020-06-01 14:45:27",908
"2020-06-01 15:45:24",911
"2020-06-01 16:45:47",911
"2020-06-01 17:45:43",913
"2020-06-01 18:45:43",912
"2020-06-01 19:45:28",913
"2020-06-01 20:45:25",912
"2020-06-01 21:45:23",913
"2020-06-01 22:45:18",915
"2020-06-01 23:45:26",915
"2020-06-02 00:45:28",915
"2020-06-02 01:45:19",915
"2020-06-02 02:45:17",915
"2020-06-02 03:45:23",915
"2020-06-02 04:45:21",915
"2020-06-02 05:45:23",915
"2020-06-02 06:45:25",915
"2020-06-02 07:45:26",915
"2020-06-02 08:45:31",915
"2020-06-02 09:45:21",915
"2020-06-02 10:45:28",915
"2020-06-02 11:45:23",915
"2020-06-02 12:45:32",915
"2020-06-02 13:45:30",915
"2020-06-02 14:45:48",915
"2020-06-02 15:45:48",916
"2020-06-02 16:45:22",918
"2020-06-02 17:45:46",918
"2020-06-02 18:45:20",918
"2020-06-02 19:45:43",919
"2020-06-02 20:45:47",921
"2020-06-02 21:45:16",920
"2020-06-02 22:45:25",919
"2020-06-02 23:45:18",919
"2020-06-03 00:45:30",919
"2020-06-03 01:45:47",919
"2020-06-03 02:45:15",919
"2020-06-03 03:45:40",919
"2020-06-03 04:45:36",919
"2020-06-03 05:45:17",919
"2020-06-03 06:45:22",919
"2020-06-03 07:45:42",919
"2020-06-03 08:45:24",919
"2020-06-03 09:45:24",919
"2020-06-03 10:45:23",919
"2020-06-03 11:45:24",919
"2020-06-03 13:11:19",919
"2020-06-03 13:45:26",919
"2020-06-03 14:45:18",921
"2020-06-03 15:45:47",922
"2020-06-03 16:45:42",927
"2020-06-03 17:45:46",927
"2020-06-03 18:45:53",929
"2020-06-03 19:45:47",930
"2020-06-03 20:45:22",930
"2020-06-03 21:45:23",931
"2020-06-03 22:45:22",932
"2020-06-03 23:45:16",932
"2020-06-04 00:45:42",932
"2020-06-04 01:45:28",932
"2020-06-04 02:45:22",932
"2020-06-04 03:45:27",932
"2020-06-04 04:45:27",932
"2020-06-04 05:45:23",932
"2020-06-04 06:45:23",932
"2020-06-04 07:45:34",932
"2020-06-04 08:45:37",932
"2020-06-04 09:45:30",932
"2020-06-04 10:45:23",932
"2020-06-04 11:45:22",932
"2020-06-04 12:45:23",932
"2020-06-04 13:45:42",932
"2020-06-04 14:46:03",931
"2020-06-04 15:45:50",932
"2020-06-04 17:09:50",929
"2020-06-04 17:45:26",929
"2020-06-04 18:45:43",928
"2020-06-04 19:45:17",929
"2020-06-04 20:45:46",932
"2020-06-04 21:45:45",933
"2020-06-04 22:45:23",933
"2020-06-04 23:45:26",933
"2020-06-05 00:45:28",933
"2020-06-05 01:45:20",933
"2020-06-05 02:45:19",933
"2020-06-05 03:45:22",933
"2020-06-05 04:45:27",933
"2020-06-05 05:45:30",933
"2020-06-05 06:45:27",933
"2020-06-05 07:45:26",933
"2020-06-05 08:45:28",933
"2020-06-05 09:45:20",933
"2020-06-05 10:45:20",933
"2020-06-05 11:45:23",933
"2020-06-05 13:12:20",933
"2020-06-05 13:45:47",933
"2020-06-05 14:45:29",928
"2020-06-05 15:45:28",928
"2020-06-05 16:45:53",926
"2020-06-05 17:45:28",923
"2020-06-05 18:45:29",925
"2020-06-05 19:45:28",926
"2020-06-05 20:45:51",928
"2020-06-05 21:45:28",928
"2020-06-05 22:45:27",928
"2020-06-05 23:45:29",928
"2020-06-06 00:45:33",928
"2020-06-06 01:45:21",928
"2020-06-06 02:45:23",928
"2020-06-06 03:45:32",928
"2020-06-06 04:45:34",928
"2020-06-06 05:45:37",928
"2020-06-06 06:45:27",928
"2020-06-06 07:45:56",928
"2020-06-06 08:45:32",928
"2020-06-06 09:55:34",928
"2020-06-06 10:45:21",928
"2020-06-06 11:45:26",928
"2020-06-06 12:45:28",928
"2020-06-06 13:45:22",928
"2020-06-06 14:45:50",928
"2020-06-06 15:45:25",928
"2020-06-06 16:45:45",928
"2020-06-06 18:45:28",928
"2020-06-06 19:45:20",928
"2020-06-06 20:45:25",928
"2020-06-06 21:45:24",928
"2020-06-06 22:45:25",928
"2020-06-06 23:45:33",928
"2020-06-07 00:45:34",928
"2020-06-07 01:45:24",928
"2020-06-07 02:45:25",928
"2020-06-07 03:45:26",928
"2020-06-07 04:45:26",928
"2020-06-07 05:45:26",928
"2020-06-07 06:45:23",928
"2020-06-07 07:45:31",928
"2020-06-07 08:45:30",928
"2020-06-08 04:45:20",928
"2020-06-08 05:45:17",928
"2020-06-08 06:45:42",928
"2020-06-08 07:45:16",928
"2020-06-08 08:45:28",928
"2020-06-08 09:45:21",928
"2020-06-08 10:45:20",928
"2020-06-08 11:45:24",928
"2020-06-08 12:45:50",928
"2020-06-08 13:45:27",929
"2020-06-08 14:46:03",932
"2020-06-08 15:45:23",954
"2020-06-08 16:45:37",969
"2020-06-08 17:45:34",992
"2020-06-08 18:45:58",1044
"2020-06-08 19:45:53",1105
"2020-06-08 20:45:41",1165
"2020-06-08 21:45:31",1437
"2020-06-08 22:45:30",1658
"2020-06-08 23:45:29",1658
"2020-06-09 00:45:32",1658
"2020-06-09 01:45:41",1658
"2020-06-09 02:45:39",1658
"2020-06-09 03:45:23",1658
"2020-06-09 04:45:50",1658
"2020-06-09 05:46:03",1658
"2020-06-09 06:45:58",1658
"2020-06-09 07:45:39",1658
"2020-06-09 08:45:40",1658
"2020-06-09 09:45:45",1658
"2020-06-09 10:45:31",1658
"2020-06-09 11:45:39",1658
"2020-06-09 12:46:07",1658
"2020-06-09 13:45:48",1681
"2020-06-09 14:45:46",2192
"2020-06-09 15:45:52",3060
"2020-06-09 16:45:58",3283
"2020-06-09 17:45:34",3476
"2020-06-09 18:45:51",3615
"2020-06-09 19:46:12",3680
"2020-06-09 20:46:12",3680
"2020-06-09 21:45:49",3789
"2020-06-09 22:45:53",3813
"2020-06-09 23:45:57",3813
"2020-06-10 00:46:03",3813
"2020-06-10 01:45:47",3813
"2020-06-10 02:45:53",3813
"2020-06-10 03:45:57",3813
"2020-06-10 04:45:46",3813
"2020-06-10 05:45:55",3813
"2020-06-10 06:45:37",3813
"2020-06-10 07:45:23",3813
"2020-06-10 08:45:36",3813
"2020-06-10 09:45:21",3813
"2020-06-10 10:45:23",3813
"2020-06-10 11:45:33",3813
"2020-06-10 12:45:43",3813
"2020-06-10 13:45:58",3826
"2020-06-10 15:45:31",3863
"2020-06-10 16:45:43",3872
"2020-06-10 17:45:40",3875
"2020-06-10 18:45:40",3898
"2020-06-10 19:45:38",3902
"2020-06-10 20:45:30",3898
"2020-06-10 21:45:43",3900
"2020-06-10 22:45:25",3893
"2020-06-10 23:45:50",3893
"2020-06-11 00:46:57",3893
"2020-06-11 01:45:27",3893
"2020-06-11 02:46:10",3893
"2020-06-11 03:46:10",3893
"2020-06-11 04:45:31",3893
"2020-06-11 05:46:06",3893
"2020-06-11 06:45:39",3893
"2020-06-11 07:45:58",3893
"2020-06-11 08:45:36",3893
"2020-06-11 09:45:38",3893
"2020-06-11 10:45:34",3893
"2020-06-11 11:45:24",3893
"2020-06-11 12:45:38",3893
"2020-06-11 13:46:00",3903
"2020-06-11 14:45:44",3850
"2020-06-11 15:45:57",3875
"2020-06-11 16:46:19",3872
"2020-06-11 17:45:51",3871
"2020-06-11 18:45:56",3886
"2020-06-11 19:45:51",3866
"2020-06-11 20:45:31",3864
"2020-06-11 21:45:24",3862
"2020-06-11 22:45:20",3868
"2020-06-11 23:45:19",3868
"2020-06-12 00:45:29",3868
"2020-06-12 01:45:31",3868
"2020-06-12 02:45:29",3868
"2020-06-12 03:45:30",3868
"2020-06-12 04:45:26",3868
"2020-06-12 05:45:24",3868
"2020-06-12 06:45:33",3868
"2020-06-12 07:45:34",3868
"2020-06-12 08:45:23",3868
"2020-06-12 09:45:34",3868
"2020-06-12 10:45:35",3868
"2020-06-12 11:45:27",3868
"2020-06-12 14:11:56",3892
"2020-06-12 14:19:55",3892
"2020-06-12 14:45:59",3892
"2020-06-12 15:45:33",3878
"2020-06-12 16:45:38",3861
"2020-06-12 17:45:33",3865
"2020-06-12 18:45:35",3876
"2020-06-12 19:45:48",3876
"2020-06-12 20:45:47",3876
"2020-06-12 21:45:40",3875
"2020-06-12 22:45:24",3874
"2020-06-12 23:45:25",3874
"2020-06-13 00:45:19",3874
"2020-06-13 01:45:24",3874
"2020-06-13 02:45:26",3874
"2020-06-13 03:45:25",3874
"2020-06-13 04:45:24",3874
"2020-06-13 05:45:22",3874
"2020-06-13 06:45:27",3874
"2020-06-13 07:45:28",3874
"2020-06-13 08:45:24",3874
"2020-06-13 09:45:24",3874
"2020-06-13 10:45:24",3874
"2020-06-13 11:45:21",3874
"2020-06-13 12:45:22",3874
"2020-06-13 13:45:19",3874
"2020-06-13 14:45:25",3874
"2020-06-13 15:45:23",3874
"2020-06-13 16:45:34",3874
"2020-06-13 17:45:24",3874
"2020-06-13 18:45:27",3874
"2020-06-13 19:45:23",3874
"2020-06-13 20:45:26",3874
"2020-06-13 21:45:30",3874
"2020-06-13 22:45:29",3874
"2020-06-13 23:45:29",3874
"2020-06-14 00:45:27",3874
"2020-06-14 01:45:20",3874
"2020-06-14 02:45:27",3874
"2020-06-14 03:45:30",3874
"2020-06-14 04:45:16",3874
"2020-06-14 05:45:43",3874
"2020-06-14 06:45:22",3874
"2020-06-14 07:45:27",3874
"2020-06-14 08:45:23",3874
"2020-06-14 09:45:24",3874
"2020-06-14 10:45:25",3874
"2020-06-14 11:45:21",3874
"2020-06-14 12:45:22",3874
"2020-06-14 13:45:24",3874
"2020-06-14 14:45:26",3874
"2020-06-14 15:45:26",3874
"2020-06-14 16:45:23",3874
"2020-06-14 17:45:27",3874
"2020-06-14 18:45:31",3874
"2020-06-14 19:45:24",3874
"2020-06-14 20:45:27",3874
"2020-06-14 21:45:37",3874
"2020-06-14 22:45:21",3874
"2020-06-14 23:45:26",3874
"2020-06-15 00:45:40",3874
"2020-06-15 01:45:33",3874
"2020-06-15 02:45:31",3874
"2020-06-15 03:45:25",3874
"2020-06-15 04:45:33",3874
"2020-06-15 05:45:47",3874
"2020-06-15 06:45:24",3874
"2020-06-15 07:45:24",3874
"2020-06-15 08:45:38",3874
"2020-06-15 09:45:28",3874
"2020-06-15 10:45:19",3874
"2020-06-15 11:45:21",3874
"2020-06-15 12:45:33",3874
"2020-06-15 13:46:03",3874
"2020-06-15 14:45:52",3926
"2020-06-15 15:45:33",3849
"2020-06-15 16:45:44",3832
"2020-06-15 17:45:32",3819
"2020-06-15 18:42:52",3802
"2020-06-15 18:50:31",3802
"2020-06-15 18:58:10",3802
"2020-06-15 19:05:53",3786
"2020-06-15 19:13:39",3786
"2020-06-15 19:21:26",3786
"2020-06-15 19:29:09",3786
"2020-06-15 19:36:48",3786
"2020-06-15 19:44:27",3786
"2020-06-15 19:52:08",3786
"2020-06-15 19:59:53",3786
"2020-06-15 20:07:38",3795
"2020-06-15 20:12:40",3795
"2020-06-15 20:20:18",3795
"2020-06-15 20:27:57",3795
"2020-06-15 20:35:35",3795
"2020-06-15 20:43:13",3795
"2020-06-15 20:50:51",3795
"2020-06-15 20:58:32",3795
"2020-06-15 21:06:14",3803
"2020-06-15 21:13:55",3803
"2020-06-15 21:21:32",3803
"2020-06-15 21:29:09",3803
"2020-06-15 21:36:47",3803
"2020-06-15 21:44:24",3803
"2020-06-15 21:52:04",3803
"2020-06-15 22:45:25",3808
"2020-06-15 23:45:20",3808
"2020-06-16 00:45:26",3808
"2020-06-16 01:45:20",3808
"2020-06-16 02:46:04",3808
"2020-06-16 03:45:25",3808
"2020-06-16 04:45:18",3808
"2020-06-16 05:45:24",3808
"2020-06-16 06:45:49",3808
"2020-06-16 07:45:44",3808
"2020-06-16 08:45:22",3808
"2020-06-16 09:45:20",3808
"2020-06-16 10:45:24",3808
"2020-06-16 11:45:19",3808
"2020-06-16 12:45:28",3808
"2020-06-16 13:45:27",3806
"2020-06-16 14:45:45",3783
"2020-06-16 15:45:29",3764
"2020-06-16 16:45:30",3745
"2020-06-16 17:46:02",3723
"2020-06-16 18:45:28",3716
"2020-06-16 19:45:30",3668
"2020-06-16 20:45:30",3652
"2020-06-16 21:45:25",3645
"2020-06-16 22:45:17",3641
"2020-06-16 23:45:19",3641
"2020-06-17 00:45:24",3641
"2020-06-17 01:45:42",3641
"2020-06-17 02:45:28",3641
"2020-06-17 03:45:52",3641
"2020-06-17 04:45:29",3641
"2020-06-17 05:45:28",3641
"2020-06-17 06:45:43",3641
"2020-06-17 07:45:25",3641
"2020-06-17 08:45:23",3641
"2020-06-17 09:45:19",3641
"2020-06-17 10:45:18",3641
"2020-06-17 11:45:26",3641
"2020-06-17 12:45:28",3641
"2020-06-17 13:45:34",3633
"2020-06-17 14:45:26",3627
"2020-06-17 15:45:30",3605
"2020-06-17 16:45:34",3603
"2020-06-17 17:45:33",3602
"2020-06-17 18:45:41",3607
"2020-06-17 19:45:50",3598
"2020-06-17 20:45:51",3599
"2020-06-17 21:45:42",3599
"2020-06-17 22:45:24",3599
"2020-06-17 23:45:27",3597
"2020-06-18 00:45:23",3597
"2020-06-18 01:45:29",3597
"2020-06-18 02:45:20",3597
"2020-06-18 03:45:40",3597
"2020-06-18 04:45:25",3597
"2020-06-18 05:45:19",3596
"2020-06-18 06:45:29",3596
"2020-06-18 07:45:41",3596
"2020-06-18 08:45:23",3596
"2020-06-18 09:45:24",3596
"2020-06-18 10:45:18",3596
"2020-06-18 11:45:33",3596
"2020-06-18 12:45:28",3596
"2020-06-18 13:45:42",3597
"2020-06-18 14:45:40",3588
"2020-06-18 17:07:23",3588
"2020-06-18 17:45:27",3588
"2020-06-18 18:45:41",3588
"2020-06-18 19:45:36",3588
"2020-06-18 20:45:30",3549
"2020-06-18 21:45:47",3551
"2020-06-18 22:45:26",3548
"2020-06-18 23:45:34",3548
"2020-06-19 00:45:49",3548
"2020-06-19 01:45:26",3548
"2020-06-19 02:45:25",3548
"2020-06-19 03:45:47",3548
"2020-06-19 04:47:57",3548
"2020-06-19 05:45:26",3548
"2020-06-19 06:45:22",3548
"2020-06-19 07:45:44",3548
"2020-06-19 08:45:53",3548
"2020-06-19 09:45:43",3548
"2020-06-19 10:45:25",3548
"2020-06-19 11:45:18",3548
"2020-06-19 13:09:49",3548
"2020-06-19 13:45:42",3548
"2020-06-19 14:45:30",3544
"2020-06-19 15:45:32",3527
"2020-06-19 16:45:27",3522
"2020-06-19 17:45:40",3518
"2020-06-19 18:45:23",3517
"2020-06-19 19:45:30",3511
"2020-06-19 20:45:26",3509
"2020-06-19 21:45:15",3510
"2020-06-19 22:45:33",3507
"2020-06-19 23:45:41",3507
"2020-06-20 00:45:29",3507
"2020-06-20 01:45:37",3507
"2020-06-20 02:45:37",3507
"2020-06-20 03:45:21",3507
"2020-06-20 04:45:15",3507
"2020-06-20 05:45:27",3507
"2020-06-20 06:45:21",3530
"2020-06-20 07:45:24",3534
"2020-06-20 08:45:26",3534
"2020-06-20 09:45:24",3534
"2020-06-20 10:45:22",3534
"2020-06-20 11:45:27",3534
"2020-06-20 12:45:27",3534
"2020-06-20 13:45:29",3534
"2020-06-20 14:45:26",3534
"2020-06-20 15:45:17",3534
"2020-06-20 16:45:44",3534
"2020-06-20 17:45:20",3534
"2020-06-20 18:45:21",3534
"2020-06-20 19:45:37",3534
"2020-06-20 20:45:26",3534
"2020-06-20 21:45:26",3534
"2020-06-20 22:45:30",3534
"2020-06-20 23:45:30",3534
"2020-06-21 00:45:31",3534
"2020-06-21 01:45:25",3534
"2020-06-21 02:45:25",3534
"2020-06-21 03:45:49",3534
"2020-06-21 04:45:24",3534
"2020-06-21 05:45:48",3534
"2020-06-21 06:45:22",3534
"2020-06-21 07:45:25",3534
"2020-06-21 08:45:20",3534
"2020-06-21 09:45:20",3534
"2020-06-21 10:45:17",3534
"2020-06-21 11:45:25",3534
"2020-06-21 12:45:31",3534
"2020-06-21 13:45:30",3534
"2020-06-21 14:45:52",3534
"2020-06-21 15:45:26",3534
"2020-06-21 16:45:20",3534
"2020-06-21 17:45:23",3534
"2020-06-21 18:45:27",3534
"2020-06-21 19:45:27",3534
"2020-06-21 20:45:26",3534
"2020-06-21 21:45:28",3534
"2020-06-21 22:45:45",3534
"2020-06-21 23:45:33",3534
"2020-06-22 00:45:22",3534
"2020-06-22 01:45:37",3534
"2020-06-22 02:45:31",3534
"2020-06-22 03:45:25",3534
"2020-06-22 04:45:29",3534
"2020-06-22 05:45:46",3534
"2020-06-22 06:45:27",3534
"2020-06-22 07:45:18",3534
"2020-06-22 08:45:28",3534
"2020-06-22 09:45:29",3534
"2020-06-22 10:45:50",3534
"2020-06-22 11:45:22",3534
"2020-06-22 12:45:30",3534
"2020-06-22 13:45:32",3534
"2020-06-22 14:45:35",3516
"2020-06-22 15:45:49",3504
"2020-06-22 16:45:33",3495
"2020-06-22 17:45:51",3500
"2020-06-22 18:45:29",3495
"2020-06-22 19:45:37",3490
"2020-06-22 20:45:25",3484
"2020-06-22 21:46:39",3482
"2020-06-22 22:45:20",3479
"2020-06-22 23:45:26",3479
"2020-06-23 00:45:22",3479
"2020-06-23 01:45:27",3479
"2020-06-23 02:45:33",3479
"2020-06-23 03:45:34",3479
"2020-06-23 04:45:43",3479
"2020-06-23 05:45:43",3478
"2020-06-23 06:45:24",3478
"2020-06-23 07:45:33",3478
"2020-06-23 08:46:05",3478
"2020-06-23 09:45:27",3478
"2020-06-23 10:45:34",3478
"2020-06-23 11:45:29",3478
"2020-06-23 12:45:35",3478
"2020-06-23 13:45:35",3477
"2020-06-23 14:45:35",3462
"2020-06-23 15:45:48",3453
"2020-06-23 16:45:31",3447
"2020-06-23 17:45:39",3439
"2020-06-23 18:45:50",3439
"2020-06-23 19:45:26",3437
"2020-06-23 20:45:34",3447
"2020-06-23 21:45:27",3464
"2020-06-23 22:45:46",3470
"2020-06-23 23:45:52",3470
"2020-06-24 00:45:51",3470
"2020-06-24 01:45:51",3470
"2020-06-24 02:45:49",3470
"2020-06-24 03:45:28",3470
"2020-06-24 04:45:44",3470
"2020-06-24 05:45:53",3470
"2020-06-24 06:45:34",3470
"2020-06-24 07:45:29",3470
"2020-06-24 08:45:46",3470
"2020-06-24 09:45:34",3470
"2020-06-24 10:45:40",3470
"2020-06-24 11:45:24",3470
"2020-06-24 12:45:30",3470
"2020-06-24 13:45:37",3470
"2020-06-24 14:45:33",3433
"2020-06-24 15:45:28",3417
"2020-06-24 16:45:31",3415
"2020-06-24 17:45:50",3413
"2020-06-24 18:45:46",3419
"2020-06-24 19:45:49",3411
"2020-06-24 20:45:32",3347
"2020-06-24 21:45:30",3352
"2020-06-24 22:45:29",3352
"2020-06-24 23:45:31",3352
"2020-06-25 00:45:37",3352
"2020-06-25 01:45:31",3352
"2020-06-25 02:45:22",3352
"2020-06-25 03:45:28",3352
"2020-06-25 04:45:31",3352
"2020-06-25 05:45:30",3352
"2020-06-25 06:45:36",3352
"2020-06-25 07:45:37",3352
"2020-06-25 08:45:34",3352
"2020-06-25 09:45:48",3352
"2020-06-25 10:45:24",3352
"2020-06-25 11:46:02",3352
"2020-06-25 13:08:51",3351
"2020-06-25 13:45:53",3351
"2020-06-25 14:46:16",3363
"2020-06-25 15:45:55",3355
"2020-06-25 16:45:53",3331
"2020-06-25 17:45:55",3320
"2020-06-25 18:45:32",3311
"2020-06-25 19:45:42",3315
"2020-06-25 20:45:32",3312
"2020-06-25 21:45:47",3309
"2020-06-25 22:45:55",3306
"2020-06-25 23:45:27",3306
"2020-06-26 00:45:57",3306
"2020-06-26 01:45:40",3306
"2020-06-26 02:45:38",3306
"2020-06-26 03:45:48",3306
"2020-06-26 04:45:27",3306
"2020-06-26 05:45:35",3306
"2020-06-26 06:45:36",3306
"2020-06-26 07:45:39",3306
"2020-06-26 08:45:44",3306
"2020-06-26 09:45:31",3306
"2020-06-26 10:45:28",3306
"2020-06-26 11:45:32",3306
"2020-06-26 12:45:35",3306
"2020-06-26 13:46:05",3307
"2020-06-26 14:45:35",3293
"2020-06-26 15:45:30",3293
"2020-06-26 16:45:36",3288
"2020-06-26 17:45:32",3282
"2020-06-26 18:45:37",3279
"2020-06-26 19:45:37",3283
"2020-06-26 20:45:29",3287
"2020-06-26 21:45:32",3272
"2020-06-26 22:45:49",3271
"2020-06-26 23:45:25",3271
"2020-06-27 00:46:02",3271
"2020-06-27 01:45:49",3271
"2020-06-27 02:45:47",3271
"2020-06-27 03:45:47",3271
"2020-06-27 04:45:53",3271
"2020-06-27 05:45:25",3271
"2020-06-27 06:45:33",3271
"2020-06-27 07:45:33",3271
"2020-06-27 08:45:28",3271
"2020-06-27 09:45:29",3271
"2020-06-27 10:45:31",3271
"2020-06-27 11:45:24",3271
"2020-06-27 12:45:38",3271
"2020-06-27 13:45:33",3271
"2020-06-27 14:45:22",3271
"2020-06-27 15:45:53",3271
"2020-06-27 16:45:31",3271
"2020-06-27 17:45:28",3271
"2020-06-27 18:45:31",3271
"2020-06-27 19:45:30",3271
"2020-06-27 20:45:25",3271
"2020-06-27 21:45:29",3271
"2020-06-27 22:45:30",3271
"2020-06-27 23:45:26",3271
"2020-06-28 00:45:39",3271
"2020-06-28 01:45:24",3271
"2020-06-28 02:45:34",3271
"2020-06-28 03:45:26",3271
"2020-06-28 04:45:24",3271
"2020-06-28 05:45:30",3271
"2020-06-28 06:45:27",3271
"2020-06-28 07:45:41",3271
"2020-06-28 08:45:35",3271
"2020-06-28 09:45:27",3271
"2020-06-28 10:45:30",3271
"2020-06-28 11:45:24",3271
"2020-06-28 12:45:31",3271
"2020-06-28 13:45:30",3271
"2020-06-28 14:45:25",3271
"2020-06-28 15:45:35",3271
"2020-06-28 16:45:30",3271
"2020-06-28 17:45:29",3271
"2020-06-28 18:45:35",3271
"2020-06-28 19:45:34",3271
"2020-06-28 20:45:23",3271
"2020-06-28 21:45:36",3271
"2020-06-28 22:45:47",3271
"2020-06-28 23:45:36",3271
"2020-06-29 00:45:45",3271
"2020-06-29 01:45:23",3271
"2020-06-29 02:45:34",3271
"2020-06-29 03:45:31",3271
"2020-06-29 04:45:34",3271
"2020-06-29 05:45:25",3271
"2020-06-29 06:45:36",3271
"2020-06-29 07:45:41",3271
"2020-06-29 08:45:32",3271
"2020-06-29 09:45:35",3271
"2020-06-29 10:45:30",3271
"2020-06-29 11:45:29",3271
"2020-06-29 12:45:37",3271
"2020-06-29 13:45:47",3275
"2020-06-29 14:46:00",3351
"2020-06-29 15:45:36",3371
"2020-06-29 16:45:33",3352
"2020-06-29 17:45:30",3359
"2020-06-29 18:45:30",3357
"2020-06-29 19:45:34",3354
"2020-06-29 20:45:34",3381
"2020-06-29 21:45:32",3377
"2020-06-29 22:45:29",3385
"2020-06-29 23:45:37",3385
"2020-06-30 00:45:55",3385
"2020-06-30 01:45:38",3385
"2020-06-30 02:45:58",3385
"2020-06-30 03:45:29",3385
"2020-06-30 04:45:53",3385
"2020-06-30 05:45:36",3385
"2020-06-30 06:45:47",3385
"2020-06-30 07:45:29",3385
"2020-06-30 08:45:29",3385
"2020-06-30 09:45:36",3385
"2020-06-30 10:47:33",3385
"2020-06-30 11:45:30",3385
"2020-06-30 12:45:31",3385
"2020-06-30 13:46:11",3389
"2020-06-30 14:45:42",3406
"2020-06-30 15:45:48",3393
"2020-06-30 16:46:07",3388
"2020-06-30 17:45:35",3390
"2020-06-30 18:45:45",3376
"2020-06-30 19:45:34",3366
"2020-06-30 20:45:41",3357
"2020-06-30 21:45:54",3358
"2020-06-30 22:45:22",3359
"2020-06-30 23:45:30",3359
"2020-07-01 00:46:36",3359
"2020-07-01 01:45:31",3359
"2020-07-01 02:45:53",3359
"2020-07-01 03:45:37",3359
"2020-07-01 04:45:40",3358
"2020-07-01 05:45:45",3358
"2020-07-01 06:45:35",3358
"2020-07-01 07:45:37",3358
"2020-07-01 08:45:56",3358
"2020-07-01 09:46:10",3358
"2020-07-01 10:46:02",3358
"2020-07-01 11:45:34",3358
"2020-07-01 13:08:27",3361
"2020-07-01 13:46:07",3361
"2020-07-01 14:46:10",3349
"2020-07-01 15:46:06",3334
"2020-07-01 16:46:03",3337
"2020-07-01 17:45:54",3337
"2020-07-01 18:45:57",3322
"2020-07-01 19:46:07",3319
"2020-07-01 20:45:58",3318
"2020-07-01 21:45:35",3319
"2020-07-01 22:45:57",3320
"2020-07-01 23:45:39",3320
"2020-07-02 00:46:42",3320
"2020-07-02 01:45:40",3320
"2020-07-02 02:45:44",3320
"2020-07-02 03:45:46",3320
"2020-07-02 04:45:39",3320
"2020-07-02 05:45:43",3320
"2020-07-02 06:45:37",3320
"2020-07-02 07:45:31",3320
"2020-07-02 08:45:37",3320
"2020-07-02 09:46:47",3320
"2020-07-02 10:45:39",3320
"2020-07-02 11:45:39",3320
"2020-07-02 13:11:28",3320
"2020-07-02 13:46:06",3320
"2020-07-02 14:45:38",3305
"2020-07-02 15:45:42",3289
"2020-07-02 16:45:56",3279
"2020-07-02 17:45:48",3272
"2020-07-02 18:45:53",3244
"2020-07-02 19:45:47",3244
"2020-07-02 20:45:28",3214
"2020-07-02 21:45:41",3212
"2020-07-02 22:45:31",3212
"2020-07-02 23:45:30",3212
"2020-07-03 00:46:00",3212
"2020-07-03 01:45:37",3212
"2020-07-03 02:45:51",3212
"2020-07-03 03:45:34",3212
"2020-07-03 04:45:55",3212
"2020-07-03 05:45:36",3212
"2020-07-03 06:45:35",3212
"2020-07-03 07:45:36",3212
"2020-07-03 08:45:35",3212
"2020-07-03 09:45:54",3212
"2020-07-03 10:45:38",3212
"2020-07-03 11:45:32",3212
"2020-07-03 12:45:31",3212
"2020-07-03 13:45:35",3212
"2020-07-03 14:45:41",3212
"2020-07-03 15:45:33",3212
"2020-07-03 16:45:34",3212
"2020-07-03 17:45:34",3212
"2020-07-03 18:45:43",3212
"2020-07-03 19:45:37",3212
"2020-07-03 20:45:38",3212
"2020-07-03 21:45:34",3212
"2020-07-03 22:45:32",3212
"2020-07-03 23:45:34",3212
"2020-07-04 00:45:33",3212
"2020-07-04 01:45:45",3212
"2020-07-04 02:45:52",3212
"2020-07-04 03:45:32",3212
"2020-07-04 04:45:28",3212
"2020-07-04 05:45:38",3212
"2020-07-04 06:45:40",3212
"2020-07-04 07:45:34",3212
"2020-07-04 08:45:38",3212
"2020-07-04 09:45:38",3212
"2020-07-04 11:38:28",3212
"2020-07-04 11:46:14",3212
"2020-07-04 12:45:39",3212
"2020-07-04 13:45:32",3212
"2020-07-04 14:45:38",3212
"2020-07-04 15:45:26",3212
"2020-07-04 16:46:00",3212
"2020-07-04 17:45:32",3212
"2020-07-04 18:45:37",3212
"2020-07-04 19:45:29",3212
"2020-07-04 20:45:35",3212
"2020-07-04 21:45:37",3212
"2020-07-04 22:45:29",3212
"2020-07-04 23:45:43",3212
"2020-07-05 00:45:41",3212
"2020-07-05 01:45:38",3212
"2020-07-05 02:45:28",3212
"2020-07-05 03:45:33",3212
"2020-07-05 04:45:29",3212
"2020-07-05 05:45:39",3212
"2020-07-05 06:45:38",3212
"2020-07-05 07:45:41",3212
"2020-07-05 08:45:37",3212
"2020-07-05 11:32:59",3212
"2020-07-05 11:38:13",3212
"2020-07-05 11:47:43",3212
"2020-07-05 12:45:32",3212
"2020-07-05 13:45:36",3212
"2020-07-05 14:45:29",3212
"2020-07-05 15:45:46",3212
"2020-07-05 16:45:38",3212
"2020-07-05 17:45:31",3212
"2020-07-05 18:45:30",3212
"2020-07-05 19:45:36",3212
"2020-07-05 20:45:32",3212
"2020-07-05 21:45:37",3212
"2020-07-05 22:45:28",3212
"2020-07-05 23:45:32",3212
"2020-07-06 00:45:37",3212
"2020-07-06 01:45:42",3212
"2020-07-06 02:45:36",3212
"2020-07-06 03:45:33",3212
"2020-07-06 04:45:33",3212
"2020-07-06 05:45:25",3212
"2020-07-06 06:45:43",3212
"2020-07-06 07:45:54",3212
"2020-07-06 08:45:42",3212
