timestamp,users_holding
"2018-08-28 13:40:14",0
"2018-08-28 14:40:14",0
"2018-08-28 15:40:14",1
"2018-08-28 16:40:14",1
"2018-08-28 17:40:15",1
"2018-08-28 18:40:15",2
"2018-08-28 19:40:14",2
"2018-08-28 20:40:14",2
"2018-08-28 21:40:15",2
"2018-08-28 22:40:15",2
"2018-08-28 23:40:14",2
"2018-08-29 00:40:15",2
"2018-08-29 01:40:15",2
"2018-08-29 02:40:14",2
"2018-08-29 03:40:14",2
"2018-08-29 04:40:14",2
"2018-08-29 05:40:15",2
"2018-08-29 06:40:14",2
"2018-08-29 07:40:14",2
"2018-08-29 08:40:14",2
"2018-08-29 09:40:14",2
"2018-08-29 10:40:14",2
"2018-08-29 11:40:14",2
"2018-08-29 12:40:15",2
"2018-08-29 14:03:49",5
"2018-08-29 14:40:14",5
"2018-08-29 15:40:15",6
"2018-08-29 16:40:14",7
"2018-08-29 17:40:15",8
"2018-08-29 18:40:16",8
"2018-08-29 19:40:14",8
"2018-08-29 20:40:14",8
"2018-08-29 21:40:14",8
"2018-08-29 22:40:14",8
"2018-08-29 23:40:15",8
"2018-08-30 00:40:15",8
"2018-08-30 01:40:14",8
"2018-08-30 02:40:14",8
"2018-08-30 03:40:15",8
"2018-08-30 04:40:14",8
"2018-08-30 05:40:15",8
"2018-08-30 06:40:14",8
"2018-08-30 07:40:14",8
"2018-08-30 08:40:14",8
"2018-08-30 09:40:15",8
"2018-08-30 10:40:15",8
"2018-08-30 11:40:15",8
"2018-08-30 12:40:15",8
"2018-08-30 13:40:16",8
"2018-08-30 14:40:15",9
"2018-08-30 15:40:14",9
"2018-08-30 16:40:14",9
"2018-08-30 17:40:14",9
"2018-08-30 18:40:14",9
"2018-08-30 19:40:15",9
"2018-08-30 20:40:14",9
"2018-08-30 21:40:14",9
"2018-08-30 22:40:14",9
"2018-08-30 23:40:15",9
"2018-08-31 00:40:15",9
"2018-08-31 01:40:14",9
"2018-08-31 02:40:14",9
"2018-08-31 03:40:15",9
"2018-08-31 04:40:14",9
"2018-08-31 05:40:14",9
"2018-08-31 06:40:15",9
"2018-08-31 07:40:14",9
"2018-08-31 08:40:14",9
"2018-08-31 09:40:15",9
"2018-08-31 10:40:14",9
"2018-08-31 11:40:15",9
"2018-08-31 12:40:14",9
"2018-08-31 13:40:15",9
"2018-08-31 14:40:14",9
"2018-08-31 15:40:14",9
"2018-08-31 16:40:14",9
"2018-08-31 17:40:15",9
"2018-08-31 18:40:15",9
"2018-08-31 19:40:14",9
"2018-08-31 20:40:14",9
"2018-08-31 21:40:14",9
"2018-08-31 22:40:14",9
"2018-08-31 23:40:14",9
"2018-09-01 00:40:14",9
"2018-09-01 01:40:14",9
"2018-09-01 02:40:14",9
"2018-09-01 03:40:15",9
"2018-09-01 04:40:15",9
"2018-09-01 05:40:15",9
"2018-09-01 06:40:14",9
"2018-09-01 07:40:14",9
"2018-09-01 08:40:15",9
"2018-09-01 09:40:15",9
"2018-09-01 10:40:15",9
"2018-09-01 11:40:14",9
"2018-09-01 12:40:14",9
"2018-09-01 13:40:15",9
"2018-09-01 14:40:15",9
"2018-09-01 15:40:14",9
"2018-09-01 16:40:14",9
"2018-09-01 17:40:14",9
"2018-09-01 18:40:15",9
"2018-09-01 19:40:14",9
"2018-09-01 20:40:14",9
"2018-09-01 21:40:14",9
"2018-09-01 22:40:15",9
"2018-09-01 23:40:14",9
"2018-09-02 00:40:14",9
"2018-09-02 01:40:14",9
"2018-09-02 02:40:15",9
"2018-09-02 03:40:15",9
"2018-09-02 04:40:15",9
"2018-09-02 05:40:15",9
"2018-09-02 06:40:14",9
"2018-09-02 07:40:14",9
"2018-09-02 08:40:15",9
"2018-09-02 09:40:14",9
"2018-09-02 10:40:14",9
"2018-09-02 11:40:15",9
"2018-09-02 12:40:15",9
"2018-09-02 13:40:15",9
"2018-09-02 14:40:15",9
"2018-09-02 15:40:15",9
"2018-09-02 16:40:15",9
"2018-09-02 17:40:15",9
"2018-09-02 18:40:14",9
"2018-09-02 19:40:14",9
"2018-09-02 20:40:14",9
"2018-09-02 21:40:15",9
"2018-09-02 22:40:15",9
"2018-09-02 23:40:15",9
"2018-09-03 00:40:14",9
"2018-09-03 01:40:15",9
"2018-09-03 02:40:15",9
"2018-09-03 03:40:14",9
"2018-09-03 04:40:15",9
"2018-09-03 05:40:14",9
"2018-09-03 06:40:15",9
"2018-09-03 07:40:15",9
"2018-09-03 08:40:18",9
"2018-09-03 09:40:15",9
"2018-09-03 10:40:14",9
"2018-09-03 11:40:15",9
"2018-09-03 12:40:14",9
"2018-09-03 13:40:14",9
"2018-09-03 14:40:14",9
"2018-09-03 15:40:14",9
"2018-09-03 16:40:15",9
"2018-09-03 17:40:14",9
"2018-09-03 18:40:15",9
"2018-09-03 19:40:14",9
"2018-09-03 20:40:15",9
"2018-09-03 21:40:14",9
"2018-09-03 22:40:15",9
"2018-09-03 23:40:14",9
"2018-09-04 00:40:15",9
"2018-09-04 01:40:15",9
"2018-09-04 02:40:14",9
"2018-09-04 03:40:14",9
"2018-09-04 04:40:14",9
"2018-09-04 05:40:14",9
"2018-09-04 06:40:14",9
"2018-09-04 07:40:15",9
"2018-09-04 08:40:15",9
"2018-09-04 09:40:15",9
"2018-09-04 10:40:15",9
"2018-09-04 11:40:14",9
"2018-09-04 12:40:14",9
"2018-09-04 13:40:15",9
"2018-09-04 14:40:15",11
"2018-09-04 15:40:14",11
"2018-09-04 16:40:15",11
"2018-09-04 17:40:15",11
"2018-09-04 18:40:15",9
"2018-09-04 19:40:15",9
"2018-09-04 20:40:15",9
"2018-09-04 21:40:14",9
"2018-09-04 22:40:15",9
"2018-09-04 23:40:14",9
"2018-09-05 00:40:14",9
"2018-09-05 01:40:15",9
"2018-09-05 02:40:14",9
"2018-09-05 03:40:14",9
"2018-09-05 04:40:14",9
"2018-09-05 05:40:14",9
"2018-09-05 06:40:14",9
"2018-09-05 07:40:15",9
"2018-09-05 08:40:15",9
"2018-09-05 09:40:14",9
"2018-09-05 10:40:14",9
"2018-09-05 11:40:18",9
"2018-09-05 12:40:14",9
"2018-09-05 13:40:17",9
"2018-09-05 14:40:15",10
"2018-09-05 15:40:14",10
"2018-09-05 16:40:14",10
"2018-09-05 17:40:15",10
"2018-09-05 18:40:15",10
"2018-09-05 19:40:15",10
"2018-09-05 20:40:15",10
"2018-09-05 21:40:14",10
"2018-09-05 22:40:14",10
"2018-09-05 23:40:15",10
"2018-09-06 00:40:15",10
"2018-09-06 01:40:14",10
"2018-09-06 02:40:14",10
"2018-09-06 03:40:15",10
"2018-09-06 04:40:15",10
"2018-09-06 05:40:14",10
"2018-09-06 06:40:15",10
"2018-09-06 07:40:14",10
"2018-09-06 08:40:15",10
"2018-09-06 09:40:15",10
"2018-09-06 10:40:14",10
"2018-09-06 11:40:15",10
"2018-09-06 13:05:18",10
"2018-09-06 13:40:16",10
"2018-09-06 14:40:15",10
"2018-09-06 15:40:16",10
"2018-09-06 16:40:16",10
"2018-09-06 17:40:16",11
"2018-09-06 18:40:15",11
"2018-09-06 19:40:16",11
"2018-09-06 20:40:15",11
"2018-09-06 21:40:15",11
"2018-09-06 22:40:16",11
"2018-09-06 23:40:16",11
"2018-09-07 00:40:16",11
"2018-09-07 01:40:16",11
"2018-09-07 02:40:16",11
"2018-09-07 03:40:15",11
"2018-09-07 04:40:15",11
"2018-09-07 05:40:16",11
"2018-09-07 06:40:16",11
"2018-09-07 08:40:15",11
"2018-09-07 09:40:15",11
"2018-09-07 10:40:16",11
"2018-09-07 11:40:16",11
"2018-09-07 12:40:15",11
"2018-09-07 13:40:16",11
"2018-09-07 14:40:15",11
"2018-09-07 15:40:16",11
"2018-09-07 16:40:16",11
"2018-09-07 17:40:16",11
"2018-09-07 18:40:15",11
"2018-09-07 19:40:15",11
"2018-09-07 20:40:16",11
"2018-09-07 21:40:15",11
"2018-09-07 22:40:15",11
"2018-09-07 23:40:16",11
"2018-09-08 00:40:16",11
"2018-09-08 01:40:16",11
"2018-09-08 02:40:16",11
"2018-09-08 03:40:15",11
"2018-09-08 04:40:15",11
"2018-09-08 05:40:15",11
"2018-09-08 06:40:16",11
"2018-09-08 07:40:15",11
"2018-09-08 08:40:15",11
"2018-09-08 09:40:15",11
"2018-09-08 10:40:15",11
"2018-09-08 11:40:15",11
"2018-09-08 12:40:16",11
"2018-09-08 13:40:16",11
"2018-09-08 14:40:15",11
"2018-09-08 15:40:15",11
"2018-09-08 16:40:16",11
"2018-09-08 17:40:16",11
"2018-09-08 18:40:16",11
"2018-09-08 19:40:16",11
"2018-09-08 20:40:15",11
"2018-09-08 21:40:15",11
"2018-09-08 22:40:16",11
"2018-09-08 23:40:16",11
"2018-09-09 00:40:15",11
"2018-09-09 01:40:16",11
"2018-09-09 02:40:16",11
"2018-09-09 03:40:15",11
"2018-09-09 04:40:15",11
"2018-09-09 05:40:16",11
"2018-09-09 06:40:16",11
"2018-09-09 07:40:15",11
"2018-09-09 08:40:16",11
"2018-09-09 09:40:15",11
"2018-09-09 10:40:15",11
"2018-09-09 11:40:16",11
"2018-09-09 12:40:16",11
"2018-09-09 13:40:16",11
"2018-09-09 14:40:16",11
"2018-09-09 15:40:16",11
"2018-09-09 16:40:15",11
"2018-09-09 17:40:15",11
"2018-09-09 18:40:16",11
"2018-09-09 19:40:16",11
"2018-09-09 20:40:15",11
"2018-09-09 21:40:16",11
"2018-09-09 22:40:15",11
"2018-09-09 23:40:16",11
"2018-09-10 00:40:16",11
"2018-09-10 01:40:17",11
"2018-09-10 02:40:16",11
"2018-09-10 03:40:16",11
"2018-09-10 04:40:16",11
"2018-09-10 05:40:15",11
"2018-09-10 06:40:15",11
"2018-09-10 07:40:15",11
"2018-09-10 08:40:15",11
"2018-09-10 09:40:15",11
"2018-09-10 10:40:15",11
"2018-09-10 11:40:15",11
"2018-09-10 12:40:16",11
"2018-09-10 13:40:16",11
"2018-09-10 14:40:16",11
"2018-09-10 15:40:16",10
"2018-09-10 16:40:16",10
"2018-09-10 17:40:16",10
"2018-09-10 18:40:16",10
"2018-09-10 19:40:15",10
"2018-09-10 20:40:16",10
"2018-09-10 21:40:15",10
"2018-09-10 22:40:16",10
"2018-09-10 23:40:16",10
"2018-09-11 00:40:16",10
"2018-09-11 01:40:16",10
"2018-09-11 02:40:16",10
"2018-09-11 03:40:16",10
"2018-09-11 04:40:15",10
"2018-09-11 05:40:16",10
"2018-09-11 06:40:16",10
"2018-09-11 07:40:16",10
"2018-09-11 08:40:15",10
"2018-09-11 09:40:16",10
"2018-09-11 10:40:15",10
"2018-09-11 11:40:15",10
"2018-09-11 12:40:16",10
"2018-09-11 13:40:16",10
"2018-09-11 14:40:15",10
"2018-09-11 15:40:15",10
"2018-09-11 16:40:15",10
"2018-09-11 17:40:16",10
"2018-09-11 18:40:16",11
"2018-09-11 19:40:16",11
"2018-09-11 20:40:16",11
"2018-09-11 21:40:15",11
"2018-09-11 22:40:15",11
"2018-09-11 23:40:16",11
"2018-09-12 00:40:16",11
"2018-09-12 01:40:16",11
"2018-09-12 20:40:15",11
"2018-09-12 21:40:15",11
"2018-09-12 22:40:15",11
"2018-09-12 23:40:16",11
"2018-09-13 00:40:15",11
"2018-09-13 01:40:15",11
"2018-09-13 02:40:16",11
"2018-09-13 03:40:15",11
"2018-09-13 04:40:15",11
"2018-09-13 05:40:16",11
"2018-09-13 06:40:16",11
"2018-09-13 07:40:15",11
"2018-09-13 08:40:15",11
"2018-09-13 09:40:15",11
"2018-09-13 10:40:15",11
"2018-09-13 11:40:15",11
"2018-09-13 12:40:16",11
"2018-09-13 13:40:20",11
"2018-09-13 14:40:17",11
"2018-09-13 15:40:16",11
"2018-09-13 16:40:17",11
"2018-09-13 17:40:16",11
"2018-09-13 18:40:17",11
"2018-09-13 19:40:17",11
"2018-09-13 20:40:17",11
"2018-09-13 21:40:16",11
"2018-09-13 22:40:17",11
"2018-09-13 23:40:16",11
"2018-09-14 00:40:17",11
"2018-09-14 01:40:17",11
"2018-09-14 02:40:17",11
"2018-09-14 03:40:16",11
"2018-09-14 04:40:17",11
"2018-09-14 05:40:17",11
"2018-09-14 06:40:17",11
"2018-09-14 07:40:17",11
"2018-09-14 08:40:17",11
"2018-09-14 09:40:17",11
"2018-09-14 10:40:16",11
"2018-09-14 11:40:16",11
"2018-09-14 12:40:16",11
"2018-09-14 13:40:18",11
"2018-09-14 14:40:18",10
"2018-09-14 15:40:17",10
"2018-09-14 16:40:16",10
"2018-09-14 17:40:18",10
"2018-09-14 18:40:17",10
"2018-09-14 19:40:17",10
"2018-09-14 20:40:17",10
"2018-09-14 21:40:16",10
"2018-09-14 22:40:16",10
"2018-09-14 23:40:16",10
"2018-09-15 00:40:17",10
"2018-09-15 01:40:16",10
"2018-09-15 02:40:17",10
"2018-09-15 03:40:17",10
"2018-09-15 04:40:16",10
"2018-09-15 05:40:17",10
"2018-09-15 06:40:16",10
"2018-09-15 07:40:17",10
"2018-09-15 08:40:16",10
"2018-09-15 09:40:17",10
"2018-09-15 10:40:17",10
"2018-09-15 11:40:16",10
"2018-09-15 12:40:17",10
"2018-09-15 13:40:17",10
"2018-09-15 14:40:16",10
"2018-09-15 15:40:16",10
"2018-09-15 16:40:16",10
"2018-09-15 17:40:16",10
"2018-09-15 18:40:16",10
"2018-09-15 19:40:17",10
"2018-09-15 20:40:17",10
"2018-09-15 21:40:16",10
"2018-09-15 22:40:16",10
"2018-09-15 23:40:16",10
"2018-09-16 00:40:17",10
"2018-09-16 01:40:16",10
"2018-09-16 02:40:17",10
"2018-09-16 03:40:16",10
"2018-09-16 04:40:17",10
"2018-09-16 05:40:17",10
"2018-09-16 06:40:17",10
"2018-09-16 07:40:16",10
"2018-09-16 08:40:17",10
"2018-09-16 09:40:17",10
"2018-09-16 10:40:16",10
"2018-09-16 11:40:17",10
"2018-09-16 12:40:16",10
"2018-09-16 13:40:17",10
"2018-09-16 14:40:16",10
"2018-09-16 15:40:17",10
"2018-09-16 16:40:17",10
"2018-09-16 17:40:17",10
"2018-09-16 18:40:17",10
"2018-09-16 19:40:16",10
"2018-09-16 20:40:17",10
"2018-09-16 21:40:16",10
"2018-09-16 22:40:17",10
"2018-09-16 23:40:17",10
"2018-09-17 00:40:17",10
"2018-09-17 01:40:16",10
"2018-09-17 02:40:17",10
"2018-09-17 03:40:17",10
"2018-09-17 04:40:17",10
"2018-09-17 05:40:16",10
"2018-09-17 06:40:17",10
"2018-09-17 07:40:17",10
"2018-09-17 08:40:17",10
"2018-09-17 09:40:16",10
"2018-09-17 10:40:17",10
"2018-09-17 11:40:17",10
"2018-09-17 12:40:16",10
"2018-09-17 13:40:17",10
"2018-09-17 14:40:17",10
"2018-09-17 15:40:22",10
"2018-09-17 16:40:17",10
"2018-09-17 17:40:16",10
"2018-09-17 18:40:16",10
"2018-09-17 19:40:16",10
"2018-09-17 20:40:17",10
"2018-09-17 21:40:17",10
"2018-09-17 22:40:16",10
"2018-09-17 23:40:16",10
"2018-09-18 00:40:16",10
"2018-09-18 01:40:16",10
"2018-09-18 02:40:16",10
"2018-09-18 03:40:16",10
"2018-09-18 04:40:17",10
"2018-09-18 05:40:17",10
"2018-09-18 06:40:17",10
"2018-09-18 07:40:16",10
"2018-09-18 08:40:17",10
"2018-09-18 09:40:16",10
"2018-09-18 10:40:16",10
"2018-09-18 11:40:16",10
"2018-09-18 12:40:17",10
"2018-09-18 13:40:17",10
"2018-09-18 14:40:17",10
"2018-09-18 15:40:16",10
"2018-09-18 16:40:17",10
"2018-09-18 17:40:17",10
"2018-09-18 18:40:17",10
"2018-09-18 19:40:17",10
"2018-09-18 20:40:17",10
"2018-09-18 21:40:16",10
"2018-09-18 22:40:17",10
"2018-09-18 23:40:17",10
"2018-09-19 00:40:17",10
"2018-09-19 01:40:17",10
"2018-09-19 02:40:16",10
"2018-09-19 03:40:16",10
"2018-09-19 04:40:17",10
"2018-09-19 05:40:16",10
"2018-09-19 06:40:17",10
"2018-09-19 07:40:17",10
"2018-09-19 08:40:16",10
"2018-09-19 09:40:17",10
"2018-09-19 10:40:16",10
"2018-09-19 11:40:16",10
"2018-09-19 12:40:16",10
"2018-09-19 13:40:29",10
"2018-09-19 14:40:18",10
"2018-09-19 15:40:18",10
"2018-09-19 16:40:17",10
"2018-09-19 17:40:16",10
"2018-09-19 18:40:17",10
"2018-09-19 19:40:22",10
"2018-09-19 20:40:17",10
"2018-09-19 21:40:17",10
"2018-09-19 22:40:16",10
"2018-09-19 23:40:17",10
"2018-09-20 00:40:17",10
"2018-09-20 01:40:17",10
"2018-09-20 02:40:17",10
"2018-09-20 03:40:22",10
"2018-09-20 04:40:17",10
"2018-09-20 05:40:17",10
"2018-09-20 06:40:17",10
"2018-09-20 07:40:16",10
"2018-09-20 08:40:17",10
"2018-09-20 09:40:17",10
"2018-09-20 10:40:17",10
"2018-09-20 11:40:16",10
"2018-09-20 13:06:21",10
"2018-09-20 14:40:20",11
"2018-09-20 15:40:18",11
"2018-09-20 16:40:18",11
"2018-09-20 17:40:17",11
"2018-09-20 18:40:18",11
"2018-09-20 19:40:18",11
"2018-09-20 20:40:18",11
"2018-09-20 21:40:17",11
"2018-09-20 22:40:17",11
"2018-09-20 23:40:18",11
"2018-09-21 00:40:19",11
"2018-09-21 01:40:18",11
"2018-09-21 02:40:17",11
"2018-09-21 03:40:18",11
"2018-09-21 04:40:18",11
"2018-09-21 05:40:18",11
"2018-09-21 06:40:17",11
"2018-09-21 07:40:18",11
"2018-09-21 08:40:17",11
"2018-09-21 09:40:18",11
"2018-09-21 10:40:17",11
"2018-09-21 11:40:18",11
"2018-09-21 13:07:50",11
"2018-09-21 13:40:20",11
"2018-09-21 14:40:18",11
"2018-09-21 15:40:19",11
"2018-09-21 16:40:18",11
"2018-09-21 17:40:18",11
"2018-09-21 18:40:18",11
"2018-09-21 19:40:18",11
"2018-09-21 20:40:17",11
"2018-09-21 21:40:17",11
"2018-09-21 22:40:17",11
"2018-09-21 23:40:18",11
"2018-09-22 00:40:17",11
"2018-09-22 01:40:17",11
"2018-09-22 02:40:17",11
"2018-09-22 03:40:18",11
"2018-09-22 04:40:18",11
"2018-09-22 05:40:18",11
"2018-09-22 06:40:17",11
"2018-09-22 07:40:17",11
"2018-09-22 08:40:17",11
"2018-09-22 09:40:17",11
"2018-09-22 10:40:17",11
"2018-09-22 11:40:18",11
"2018-09-22 12:40:17",11
"2018-09-22 13:40:19",11
"2018-09-22 14:40:18",11
"2018-09-22 15:40:18",11
"2018-09-22 16:40:17",11
"2018-09-22 17:40:17",11
"2018-09-22 18:40:18",11
"2018-09-22 19:40:18",11
"2018-09-22 20:40:17",11
"2018-09-22 21:40:17",11
"2018-09-22 22:40:18",11
"2018-09-22 23:40:17",11
"2018-09-23 00:40:18",11
"2018-09-23 01:40:18",11
"2018-09-23 02:40:17",11
"2018-09-23 03:40:18",11
"2018-09-23 04:40:18",11
"2018-09-23 05:40:17",11
"2018-09-23 06:40:18",11
"2018-09-23 07:40:18",11
"2018-09-23 08:40:17",11
"2018-09-23 09:40:17",11
"2018-09-23 10:40:18",11
"2018-09-23 11:40:18",11
"2018-09-23 12:40:18",11
"2018-09-23 13:40:18",11
"2018-09-23 14:40:18",11
"2018-09-23 15:40:18",11
"2018-09-23 16:40:18",11
"2018-09-23 17:40:17",11
"2018-09-23 18:40:18",11
"2018-09-23 19:40:17",11
"2018-09-23 20:40:17",11
"2018-09-23 21:40:18",11
"2018-09-23 22:40:18",11
"2018-09-23 23:40:18",11
"2018-09-24 00:40:17",11
"2018-09-24 01:40:18",11
"2018-09-24 02:40:17",11
"2018-09-24 03:40:17",11
"2018-09-24 04:40:18",11
"2018-09-24 05:40:18",11
"2018-09-24 06:40:18",11
"2018-09-24 07:40:18",11
"2018-09-24 08:40:17",11
"2018-09-24 09:40:17",11
"2018-09-24 10:40:17",11
"2018-09-24 11:40:18",11
"2018-09-24 12:40:17",11
"2018-09-24 13:40:19",11
"2018-09-24 14:40:18",11
"2018-09-24 15:40:18",11
"2018-09-24 16:40:17",11
"2018-09-24 17:40:18",11
"2018-09-24 18:40:17",11
"2018-09-24 19:40:18",11
"2018-09-24 20:40:18",11
"2018-09-24 21:40:18",11
"2018-09-24 22:40:18",11
"2018-09-24 23:40:18",11
"2018-09-25 00:40:18",11
"2018-09-25 01:40:17",11
"2018-09-25 02:40:17",11
"2018-09-25 03:40:17",11
"2018-09-25 04:40:18",11
"2018-09-25 05:40:17",11
"2018-09-25 06:40:17",11
"2018-09-25 07:40:18",11
"2018-09-25 08:40:18",11
"2018-09-25 09:40:17",11
"2018-09-25 10:40:18",11
"2018-09-25 11:40:18",11
"2018-09-25 12:40:18",11
"2018-09-25 13:40:18",11
"2018-09-25 14:40:18",11
"2018-09-25 15:40:18",11
"2018-09-25 16:40:18",11
"2018-09-25 17:40:17",11
"2018-09-25 18:40:18",11
"2018-09-25 19:40:17",11
"2018-09-25 20:40:18",11
"2018-09-25 21:40:18",11
"2018-09-25 22:40:18",11
"2018-09-25 23:40:18",11
"2018-09-26 00:40:17",11
"2018-09-26 01:40:18",11
"2018-09-26 02:40:18",11
"2018-09-26 03:40:18",11
"2018-09-26 04:40:18",11
"2018-09-26 05:40:17",11
"2018-09-26 06:40:18",11
"2018-09-26 07:40:18",11
"2018-09-26 08:40:18",11
"2018-09-26 09:40:18",11
"2018-09-26 10:40:17",11
"2018-09-26 11:40:17",11
"2018-09-26 13:06:52",11
"2018-09-26 13:40:20",11
"2018-09-26 14:40:18",12
"2018-09-26 15:40:19",12
"2018-09-26 16:40:19",12
"2018-09-26 17:40:18",12
"2018-09-26 18:40:20",12
"2018-09-26 19:40:19",12
"2018-09-26 20:40:19",12
"2018-09-26 21:40:18",12
"2018-09-26 22:40:18",12
"2018-09-26 23:40:19",12
"2018-09-27 00:40:19",12
"2018-09-27 01:40:18",12
"2018-09-27 02:40:19",12
"2018-09-27 03:40:19",12
"2018-09-27 04:40:19",12
"2018-09-27 05:40:18",12
"2018-09-27 06:40:19",12
"2018-09-27 07:40:19",12
"2018-09-27 08:40:19",12
"2018-09-27 09:40:19",12
"2018-09-27 10:40:19",12
"2018-09-27 11:40:19",12
"2018-09-27 12:40:19",12
"2018-09-27 13:40:19",12
"2018-09-27 14:40:19",12
"2018-09-27 15:40:19",12
"2018-09-27 17:05:52",12
"2018-09-27 17:40:19",12
"2018-09-27 18:40:19",12
"2018-09-27 19:40:19",12
"2018-09-27 20:40:19",12
"2018-09-27 21:40:19",12
"2018-09-27 22:40:19",12
"2018-09-27 23:40:20",12
"2018-09-28 00:40:19",12
"2018-09-28 01:40:19",12
"2018-09-28 02:40:18",12
"2018-09-28 03:40:19",12
"2018-09-28 04:40:19",12
"2018-09-28 05:40:19",12
"2018-09-28 06:40:19",12
"2018-09-28 07:40:19",12
"2018-09-28 08:40:19",12
"2018-09-28 09:40:19",12
"2018-09-28 10:40:19",12
"2018-09-28 11:40:19",12
"2018-09-28 12:40:20",12
"2018-09-28 13:40:21",12
"2018-09-28 14:40:18",12
"2018-09-28 15:40:20",12
"2018-09-28 16:40:20",12
"2018-09-28 17:40:19",12
"2018-09-28 18:40:19",12
"2018-09-28 19:40:20",12
"2018-09-28 20:40:19",12
"2018-09-28 21:40:19",12
"2018-09-28 22:40:19",12
"2018-09-28 23:40:19",12
"2018-09-29 00:40:19",12
"2018-09-29 01:40:18",12
"2018-09-29 02:40:19",12
"2018-09-29 03:40:19",12
"2018-09-29 04:40:18",12
"2018-09-29 05:40:19",12
"2018-09-29 06:40:18",12
"2018-09-29 07:40:19",12
"2018-09-29 08:40:18",12
"2018-09-29 09:40:19",12
"2018-09-29 10:40:19",12
"2018-09-29 11:40:19",12
"2018-09-29 12:40:18",12
"2018-09-29 13:40:19",12
"2018-09-29 14:40:19",12
"2018-09-29 15:40:19",12
"2018-09-29 16:40:18",12
"2018-09-29 17:40:19",12
"2018-09-29 18:40:20",12
"2018-09-29 19:40:18",12
"2018-09-29 20:40:19",12
"2018-09-29 21:40:19",12
"2018-09-29 22:40:19",12
"2018-09-29 23:40:19",12
"2018-09-30 00:40:19",12
"2018-09-30 01:40:19",12
"2018-09-30 02:40:18",12
"2018-09-30 03:40:19",12
"2018-09-30 04:40:19",12
"2018-09-30 05:40:19",12
"2018-09-30 06:40:18",12
"2018-09-30 07:40:18",12
"2018-09-30 08:40:18",12
"2018-09-30 09:40:18",12
"2018-09-30 10:40:18",12
"2018-09-30 11:40:18",12
"2018-09-30 12:40:19",12
"2018-09-30 13:40:19",12
"2018-09-30 14:40:19",12
"2018-09-30 15:40:19",12
"2018-09-30 16:40:19",12
"2018-09-30 17:40:18",12
"2018-09-30 18:40:19",12
"2018-09-30 19:40:19",12
"2018-09-30 20:40:19",12
"2018-09-30 21:40:18",12
"2018-09-30 22:40:19",12
"2018-09-30 23:40:19",12
"2018-10-01 00:40:20",12
"2018-10-01 01:40:19",12
"2018-10-01 02:40:19",12
"2018-10-01 03:40:19",12
"2018-10-01 04:40:19",12
"2018-10-01 05:40:20",12
"2018-10-01 06:40:19",12
"2018-10-01 07:40:18",12
"2018-10-01 08:40:19",12
"2018-10-01 09:40:19",12
"2018-10-01 10:40:18",12
"2018-10-01 11:40:19",12
"2018-10-01 12:40:19",12
"2018-10-01 14:05:30",12
"2018-10-01 14:40:19",12
"2018-10-01 15:40:19",11
"2018-10-01 16:40:19",11
"2018-10-01 17:40:18",11
"2018-10-01 18:40:18",11
"2018-10-01 19:40:19",11
"2018-10-01 20:40:19",11
"2018-10-01 21:40:19",11
"2018-10-01 22:40:18",11
"2018-10-01 23:40:19",11
"2018-10-02 00:40:19",11
"2018-10-02 01:40:18",11
"2018-10-02 02:40:19",11
"2018-10-02 03:40:18",11
"2018-10-02 04:40:19",11
"2018-10-02 05:40:18",11
"2018-10-02 06:40:19",11
"2018-10-02 07:40:19",11
"2018-10-02 08:40:19",11
"2018-10-02 09:40:19",11
"2018-10-02 10:40:19",11
"2018-10-02 11:40:19",11
"2018-10-02 12:40:19",11
"2018-10-02 13:40:21",11
"2018-10-02 14:40:20",11
"2018-10-02 15:40:20",11
"2018-10-02 16:40:20",11
"2018-10-02 17:40:20",11
"2018-10-02 18:40:20",11
"2018-10-02 19:40:20",11
"2018-10-02 20:40:20",12
"2018-10-02 21:40:20",12
"2018-10-02 22:40:20",12
"2018-10-02 23:40:20",12
"2018-10-03 00:40:20",12
"2018-10-03 01:40:19",12
"2018-10-03 02:40:19",12
"2018-10-03 03:40:21",12
"2018-10-03 04:40:21",12
"2018-10-03 05:40:20",12
"2018-10-03 06:40:20",12
"2018-10-03 07:40:20",12
"2018-10-03 08:40:20",12
"2018-10-03 09:40:20",12
"2018-10-03 10:40:20",12
"2018-10-03 11:40:20",12
"2018-10-03 12:40:20",12
"2018-10-03 13:40:22",12
"2018-10-03 15:05:24",12
"2018-10-03 15:40:20",12
"2018-10-03 16:40:19",12
"2018-10-03 17:40:20",12
"2018-10-03 18:40:19",12
"2018-10-03 19:40:20",12
"2018-10-03 20:40:19",12
"2018-10-03 21:40:19",12
"2018-10-03 22:40:21",12
"2018-10-03 23:40:19",12
"2018-10-04 00:40:20",12
"2018-10-04 01:40:21",12
"2018-10-04 02:40:20",12
"2018-10-04 03:40:19",12
"2018-10-04 04:40:20",12
"2018-10-04 05:40:20",12
"2018-10-04 06:40:19",12
"2018-10-04 07:40:20",12
"2018-10-04 08:40:19",12
"2018-10-04 09:40:20",12
"2018-10-04 10:40:20",12
"2018-10-04 11:40:20",12
"2018-10-04 12:40:20",12
"2018-10-04 14:06:25",12
"2018-10-04 14:40:20",12
"2018-10-04 15:40:19",12
"2018-10-04 16:40:21",12
"2018-10-04 17:40:20",12
"2018-10-04 18:40:20",12
"2018-10-04 19:40:20",12
"2018-10-04 20:40:20",12
"2018-10-04 21:40:20",12
"2018-10-04 22:40:20",12
"2018-10-04 23:40:20",12
"2018-10-05 00:40:20",12
"2018-10-05 01:40:20",12
"2018-10-05 02:40:20",12
"2018-10-05 03:40:20",12
"2018-10-05 04:40:20",12
"2018-10-05 05:40:20",12
"2018-10-05 06:40:20",12
"2018-10-05 07:40:20",12
"2018-10-05 08:40:20",12
"2018-10-05 09:40:20",12
"2018-10-05 10:40:20",12
"2018-10-05 11:40:19",12
"2018-10-05 12:40:20",12
"2018-10-05 13:40:21",12
"2018-10-05 14:40:20",12
"2018-10-05 15:40:20",12
"2018-10-05 16:40:20",12
"2018-10-05 17:40:21",12
"2018-10-05 18:40:21",12
"2018-10-05 19:40:20",12
"2018-10-05 20:40:19",12
"2018-10-05 21:40:20",12
"2018-10-05 22:40:20",12
"2018-10-05 23:40:19",12
"2018-10-06 00:40:20",12
"2018-10-06 01:40:20",12
"2018-10-06 02:40:20",12
"2018-10-06 03:40:20",12
"2018-10-06 04:40:20",12
"2018-10-06 05:40:20",12
"2018-10-06 06:40:20",12
"2018-10-06 07:40:20",12
"2018-10-06 08:40:19",12
"2018-10-06 09:40:19",12
"2018-10-06 10:40:20",12
"2018-10-06 11:40:19",12
"2018-10-06 12:40:20",12
"2018-10-06 13:40:19",12
"2018-10-06 14:40:20",12
"2018-10-06 15:40:20",12
"2018-10-06 16:40:20",12
"2018-10-06 17:40:20",12
"2018-10-06 18:40:20",12
"2018-10-06 19:40:20",12
"2018-10-06 20:40:19",12
"2018-10-06 21:40:20",12
"2018-10-06 22:40:20",12
"2018-10-06 23:40:20",12
"2018-10-07 00:40:20",12
"2018-10-07 01:40:20",12
"2018-10-07 02:40:20",12
"2018-10-07 03:40:20",12
"2018-10-07 04:40:20",12
"2018-10-07 05:40:20",12
"2018-10-07 06:40:20",12
"2018-10-07 07:40:19",12
"2018-10-07 08:40:19",12
"2018-10-07 09:40:19",12
"2018-10-07 10:40:19",12
"2018-10-07 11:40:19",12
"2018-10-07 12:40:19",12
"2018-10-07 13:40:20",12
"2018-10-07 14:40:20",12
"2018-10-07 15:40:20",12
"2018-10-07 16:40:20",12
"2018-10-07 17:40:20",12
"2018-10-07 18:40:20",12
"2018-10-07 19:40:20",12
"2018-10-07 20:40:20",12
"2018-10-07 21:40:20",12
"2018-10-07 22:40:19",12
"2018-10-07 23:40:20",12
"2018-10-08 00:40:20",12
"2018-10-08 01:40:20",12
"2018-10-08 02:40:21",12
"2018-10-08 03:40:20",12
"2018-10-08 04:40:20",12
"2018-10-08 05:40:19",12
"2018-10-08 06:40:20",12
"2018-10-08 07:40:20",12
"2018-10-08 08:40:20",12
"2018-10-08 09:40:20",12
"2018-10-08 10:40:19",12
"2018-10-08 11:40:19",12
"2018-10-08 12:40:20",12
"2018-10-08 13:40:21",12
"2018-10-08 14:40:20",12
"2018-10-08 15:40:20",12
"2018-10-08 16:40:19",12
"2018-10-08 17:40:20",12
"2018-10-08 18:40:20",12
"2018-10-08 19:40:20",12
"2018-10-08 20:40:20",12
"2018-10-08 21:40:20",12
"2018-10-08 22:40:20",12
"2018-10-08 23:40:20",12
"2018-10-09 00:40:20",12
"2018-10-09 01:40:21",12
"2018-10-09 02:40:19",12
"2018-10-09 03:40:24",12
"2018-10-09 04:40:20",12
"2018-10-09 05:40:20",12
"2018-10-09 06:40:20",12
"2018-10-09 07:40:20",12
"2018-10-09 08:40:20",12
"2018-10-09 09:40:19",12
"2018-10-09 10:40:20",12
"2018-10-09 11:40:20",12
"2018-10-09 12:40:20",12
"2018-10-09 13:40:20",12
"2018-10-09 14:40:19",12
"2018-10-09 15:40:20",12
"2018-10-09 16:40:20",12
"2018-10-09 17:40:20",12
"2018-10-09 18:40:20",12
"2018-10-09 19:40:19",12
"2018-10-09 20:40:20",12
"2018-10-09 21:40:19",12
"2018-10-09 22:40:20",12
"2018-10-09 23:40:20",12
"2018-10-10 00:40:19",12
"2018-10-10 01:40:20",12
"2018-10-10 02:40:20",12
"2018-10-10 03:40:21",12
"2018-10-10 04:40:20",12
"2018-10-10 05:40:19",12
"2018-10-10 06:40:20",12
"2018-10-10 07:40:20",12
"2018-10-10 08:40:20",12
"2018-10-10 09:40:19",12
"2018-10-10 10:40:20",12
"2018-10-10 11:40:20",12
"2018-10-10 12:40:20",12
"2018-10-10 13:40:21",12
"2018-10-10 14:40:20",12
"2018-10-10 15:40:20",12
"2018-10-10 16:40:20",12
"2018-10-10 17:40:19",12
"2018-10-10 18:40:20",12
"2018-10-10 19:40:21",12
"2018-10-10 20:40:20",12
"2018-10-10 21:40:19",12
"2018-10-10 22:40:20",12
"2018-10-10 23:40:20",12
"2018-10-11 00:40:20",12
"2018-10-11 01:40:20",12
"2018-10-11 02:40:20",12
"2018-10-11 03:40:20",12
"2018-10-11 04:40:19",12
"2018-10-11 05:40:19",12
"2018-10-11 06:40:20",12
"2018-10-11 07:40:19",12
"2018-10-11 08:40:20",12
"2018-10-11 09:40:20",12
"2018-10-11 10:40:20",12
"2018-10-11 11:40:20",12
"2018-10-11 12:40:19",12
"2018-10-11 13:40:21",12
"2018-10-11 14:40:19",12
"2018-10-11 15:40:21",12
"2018-10-11 16:40:20",12
"2018-10-11 17:40:20",12
"2018-10-11 18:40:20",12
"2018-10-11 19:40:19",12
"2018-10-11 20:40:20",12
"2018-10-11 21:40:20",12
"2018-10-11 22:40:19",12
"2018-10-11 23:40:20",12
"2018-10-12 00:40:19",12
"2018-10-12 01:40:20",12
"2018-10-12 02:40:20",12
"2018-10-12 03:40:19",12
"2018-10-12 04:40:21",12
"2018-10-12 05:40:19",12
"2018-10-12 06:40:19",12
"2018-10-12 07:40:19",12
"2018-10-12 08:40:20",12
"2018-10-12 09:40:20",12
"2018-10-12 10:40:20",12
"2018-10-12 11:40:20",12
"2018-10-12 12:40:19",12
"2018-10-12 13:40:21",12
"2018-10-12 14:40:19",12
"2018-10-12 15:40:20",12
"2018-10-12 16:40:20",12
"2018-10-12 17:40:20",12
"2018-10-12 18:40:20",12
"2018-10-12 19:40:20",12
"2018-10-12 20:40:20",12
"2018-10-12 21:40:20",12
"2018-10-12 22:40:19",12
"2018-10-12 23:40:20",12
"2018-10-13 00:40:19",12
"2018-10-13 01:40:19",12
"2018-10-13 02:40:20",12
"2018-10-13 03:40:20",12
"2018-10-13 04:40:20",12
"2018-10-13 05:40:20",12
"2018-10-13 06:40:20",12
"2018-10-13 07:40:20",12
"2018-10-13 08:40:20",12
"2018-10-13 09:40:20",12
"2018-10-13 10:40:19",12
"2018-10-13 11:40:19",12
"2018-10-13 12:40:19",12
"2018-10-13 13:40:20",12
"2018-10-13 14:40:20",12
"2018-10-13 15:40:20",12
"2018-10-13 16:40:19",12
"2018-10-13 17:40:20",12
"2018-10-13 18:40:20",12
"2018-10-13 19:40:20",12
"2018-10-13 20:40:20",12
"2018-10-13 21:40:20",12
"2018-10-13 22:40:20",12
"2018-10-13 23:40:20",12
"2018-10-14 00:40:19",12
"2018-10-14 01:40:19",12
"2018-10-14 02:40:19",12
"2018-10-14 03:40:19",12
"2018-10-14 04:40:20",12
"2018-10-14 05:40:20",12
"2018-10-14 06:40:20",12
"2018-10-14 07:40:20",12
"2018-10-14 08:40:19",12
"2018-10-14 09:40:20",12
"2018-10-14 10:40:19",12
"2018-10-14 11:40:20",12
"2018-10-14 12:40:19",12
"2018-10-14 13:40:19",12
"2018-10-14 14:40:19",12
"2018-10-14 15:40:20",12
"2018-10-14 16:40:19",12
"2018-10-14 17:40:19",12
"2018-10-14 18:40:19",12
"2018-10-14 19:40:20",12
"2018-10-14 20:40:19",12
"2018-10-14 21:40:20",12
"2018-10-14 22:40:19",12
"2018-10-14 23:40:20",12
"2018-10-15 00:40:20",12
"2018-10-15 01:40:19",12
"2018-10-15 02:40:19",12
"2018-10-15 03:40:20",12
"2018-10-15 04:40:19",12
"2018-10-15 05:40:20",12
"2018-10-15 06:40:20",12
"2018-10-15 07:40:20",12
"2018-10-15 08:40:20",12
"2018-10-15 09:40:19",12
"2018-10-15 10:40:20",12
"2018-10-15 11:40:20",12
"2018-10-15 12:40:20",12
"2018-10-15 13:40:21",12
"2018-10-15 14:40:21",12
"2018-10-15 15:40:20",12
"2018-10-15 16:40:21",12
"2018-10-15 17:40:20",12
"2018-10-15 18:40:20",12
"2018-10-15 19:40:20",12
"2018-10-15 20:40:21",12
"2018-10-15 21:40:21",12
"2018-10-15 22:40:20",12
"2018-10-15 23:40:20",12
"2018-10-16 00:40:20",12
"2018-10-16 01:40:21",12
"2018-10-16 02:40:20",12
"2018-10-16 03:40:20",12
"2018-10-16 04:40:20",12
"2018-10-16 09:40:19",12
"2018-10-16 10:40:20",12
"2018-10-16 11:40:19",12
"2018-10-16 12:40:20",12
"2018-10-16 13:40:21",12
"2018-10-16 14:40:20",12
"2018-10-16 15:40:19",12
"2018-10-16 16:40:20",12
"2018-10-16 17:40:20",12
"2018-10-16 18:40:21",12
"2018-10-16 19:40:20",12
"2018-10-16 20:40:19",12
"2018-10-16 21:40:20",12
"2018-10-16 22:40:20",12
"2018-10-16 23:40:21",12
"2018-10-17 00:40:20",12
"2018-10-17 01:40:20",12
"2018-10-17 02:40:19",12
"2018-10-17 03:40:20",12
"2018-10-17 04:40:19",12
"2018-10-17 05:40:20",12
"2018-10-17 06:40:20",12
"2018-10-17 07:40:20",12
"2018-10-17 08:40:20",12
"2018-10-17 09:40:20",12
"2018-10-17 10:40:19",12
"2018-10-17 11:40:19",12
"2018-10-17 12:40:20",12
"2018-10-17 14:06:24",12
"2018-10-17 14:40:21",12
"2018-10-17 15:40:21",12
"2018-10-17 16:40:21",12
"2018-10-17 17:40:21",12
"2018-10-17 18:40:21",12
"2018-10-17 19:40:21",12
"2018-10-17 20:40:20",12
"2018-10-17 21:40:21",12
"2018-10-17 22:40:21",12
"2018-10-17 23:40:21",12
"2018-10-18 00:40:21",12
"2018-10-18 01:40:20",12
"2018-10-18 02:40:21",12
"2018-10-18 03:40:22",12
"2018-10-18 04:40:20",12
"2018-10-18 05:40:21",12
"2018-10-18 06:40:21",12
"2018-10-18 07:40:20",12
"2018-10-18 08:40:21",12
"2018-10-18 09:40:20",12
"2018-10-18 10:40:20",12
"2018-10-18 11:40:20",12
"2018-10-18 13:05:24",12
"2018-10-18 13:40:20",12
"2018-10-18 14:40:21",12
"2018-10-18 15:40:20",12
"2018-10-18 16:40:21",12
"2018-10-18 17:40:21",12
"2018-10-18 18:40:20",12
"2018-10-18 19:40:21",12
"2018-10-18 20:40:21",12
"2018-10-18 21:40:21",12
"2018-10-18 22:40:20",12
"2018-10-18 23:40:20",12
"2018-10-19 00:40:21",12
"2018-10-19 01:40:21",12
"2018-10-19 02:40:21",12
"2018-10-19 03:40:21",12
"2018-10-19 04:40:20",12
"2018-10-19 05:40:20",12
"2018-10-19 06:40:20",12
"2018-10-19 07:40:21",12
"2018-10-19 08:40:21",12
"2018-10-19 09:40:20",12
"2018-10-19 10:40:21",12
"2018-10-19 11:40:21",12
"2018-10-19 13:04:53",12
"2018-10-19 13:40:23",12
"2018-10-19 14:40:20",12
"2018-10-19 15:40:21",13
"2018-10-19 16:40:20",13
"2018-10-19 17:40:20",13
"2018-10-19 18:40:21",13
"2018-10-19 19:40:21",13
"2018-10-19 20:40:21",13
"2018-10-19 21:40:20",13
"2018-10-19 22:40:20",13
"2018-10-19 23:40:20",13
"2018-10-20 00:40:21",13
"2018-10-20 01:40:21",13
"2018-10-20 02:40:20",13
"2018-10-20 03:40:20",13
"2018-10-20 04:40:21",13
"2018-10-20 05:40:20",13
"2018-10-20 06:40:21",13
"2018-10-20 07:40:20",13
"2018-10-20 08:40:21",13
"2018-10-20 09:40:21",13
"2018-10-20 10:40:20",13
"2018-10-20 11:40:21",13
"2018-10-20 12:40:20",13
"2018-10-20 13:40:21",13
"2018-10-20 14:40:21",13
"2018-10-20 15:40:21",13
"2018-10-20 16:40:21",13
"2018-10-20 17:40:21",13
"2018-10-20 18:40:21",13
"2018-10-20 19:40:21",13
"2018-10-20 20:40:21",13
"2018-10-20 21:40:21",13
"2018-10-20 22:40:21",13
"2018-10-20 23:40:21",13
"2018-10-21 00:40:21",13
"2018-10-21 01:40:21",13
"2018-10-21 02:40:21",13
"2018-10-21 03:40:21",13
"2018-10-21 04:40:20",13
"2018-10-21 05:40:21",13
"2018-10-21 06:40:21",13
"2018-10-21 07:40:26",13
"2018-10-21 08:40:20",13
"2018-10-21 09:40:20",13
"2018-10-21 10:40:20",13
"2018-10-21 11:40:20",13
"2018-10-21 12:40:20",13
"2018-10-21 13:40:22",13
"2018-10-21 14:40:21",13
"2018-10-21 15:40:21",13
"2018-10-21 16:40:20",13
"2018-10-21 17:40:21",13
"2018-10-21 18:40:20",13
"2018-10-21 19:40:20",13
"2018-10-21 20:40:21",13
"2018-10-21 21:40:21",13
"2018-10-21 22:40:21",13
"2018-10-21 23:40:21",13
"2018-10-22 00:40:21",13
"2018-10-22 01:40:20",13
"2018-10-22 02:40:21",13
"2018-10-22 03:40:21",13
"2018-10-22 04:40:21",13
"2018-10-22 05:40:20",13
"2018-10-22 06:40:21",13
"2018-10-22 07:40:21",13
"2018-10-22 08:40:21",13
"2018-10-22 09:40:21",13
"2018-10-22 10:40:21",13
"2018-10-22 11:40:20",13
"2018-10-22 12:40:20",13
"2018-10-22 13:40:21",13
"2018-10-22 14:40:22",13
"2018-10-22 15:40:21",12
"2018-10-22 16:40:20",12
"2018-10-22 17:40:21",12
"2018-10-22 18:40:20",12
"2018-10-22 19:40:21",12
"2018-10-22 20:40:21",12
"2018-10-22 21:40:21",12
"2018-10-22 22:40:20",12
"2018-10-22 23:40:21",12
"2018-10-23 00:40:21",12
"2018-10-23 01:40:21",12
"2018-10-23 02:40:20",12
"2018-10-23 03:40:21",12
"2018-10-23 04:40:21",12
"2018-10-23 05:40:21",12
"2018-10-23 06:40:21",12
"2018-10-23 07:40:24",12
"2018-10-23 08:40:20",12
"2018-10-23 09:40:21",12
"2018-10-23 10:40:21",12
"2018-10-23 11:40:21",12
"2018-10-23 12:40:20",12
"2018-10-23 13:40:22",12
"2018-10-23 14:40:21",12
"2018-10-23 15:40:20",12
"2018-10-23 16:40:20",12
"2018-10-23 17:40:21",12
"2018-10-23 18:40:21",12
"2018-10-23 19:40:20",12
"2018-10-23 20:40:21",12
"2018-10-23 21:40:21",12
"2018-10-23 22:40:20",12
"2018-10-23 23:40:20",12
"2018-10-24 00:40:20",12
"2018-10-24 01:40:21",12
"2018-10-24 02:40:21",12
"2018-10-24 03:40:21",12
"2018-10-24 04:40:20",12
"2018-10-24 05:40:21",12
"2018-10-24 06:40:21",12
"2018-10-24 07:40:21",12
"2018-10-24 08:40:21",12
"2018-10-24 09:40:20",12
"2018-10-24 10:40:21",12
"2018-10-24 11:40:21",12
"2018-10-24 12:40:20",12
"2018-10-24 13:40:22",12
"2018-10-24 14:40:22",12
"2018-10-24 15:40:22",12
"2018-10-24 16:40:22",12
"2018-10-24 17:40:22",12
"2018-10-24 18:40:23",12
"2018-10-24 19:40:22",12
"2018-10-24 20:40:22",12
"2018-10-24 21:40:22",12
"2018-10-24 22:40:22",12
"2018-10-24 23:40:22",12
"2018-10-25 00:40:22",12
"2018-10-25 01:40:22",12
"2018-10-25 02:40:22",12
"2018-10-25 03:40:21",12
"2018-10-25 04:40:22",12
"2018-10-25 05:40:22",12
"2018-10-25 06:40:21",12
"2018-10-25 07:40:22",12
"2018-10-25 08:40:21",12
"2018-10-25 09:40:21",12
"2018-10-25 10:40:21",12
"2018-10-25 11:40:23",12
"2018-10-25 14:06:26",12
"2018-10-25 14:40:22",12
"2018-10-25 15:40:22",12
"2018-10-25 16:40:22",12
"2018-10-25 17:40:22",12
"2018-10-25 18:40:23",12
"2018-10-25 19:40:22",12
"2018-10-25 20:40:22",12
"2018-10-25 21:40:22",12
"2018-10-25 22:40:22",12
"2018-10-25 23:40:23",12
"2018-10-26 00:40:22",12
"2018-10-26 01:40:21",12
"2018-10-26 02:40:22",12
"2018-10-26 03:40:22",12
"2018-10-26 04:40:22",12
"2018-10-26 05:40:21",12
"2018-10-26 06:40:22",12
"2018-10-26 07:40:21",12
"2018-10-26 08:40:21",12
"2018-10-26 09:40:22",12
"2018-10-26 10:40:22",12
"2018-10-26 11:40:22",12
"2018-10-26 12:40:22",12
"2018-10-26 13:40:22",12
"2018-10-26 14:40:22",12
"2018-10-26 15:40:21",12
"2018-10-26 16:40:22",12
"2018-10-26 17:40:22",12
"2018-10-26 18:40:22",12
"2018-10-26 19:40:22",12
"2018-10-26 20:40:22",12
"2018-10-26 21:40:21",12
"2018-10-26 22:40:21",12
"2018-10-26 23:40:22",12
"2018-10-27 00:40:21",12
"2018-10-27 01:40:22",12
"2018-10-27 02:40:21",12
"2018-10-27 03:40:21",12
"2018-10-27 04:40:21",12
"2018-10-27 05:40:22",12
"2018-10-27 06:40:22",12
"2018-10-27 07:40:22",12
"2018-10-27 08:40:22",12
"2018-10-27 09:40:22",12
"2018-10-27 10:40:23",12
"2018-10-27 11:40:21",12
"2018-10-27 12:40:21",12
"2018-10-27 13:40:21",12
"2018-10-27 14:40:22",12
"2018-10-27 15:40:22",12
"2018-10-27 16:40:22",12
"2018-10-27 17:40:22",12
"2018-10-27 18:40:21",12
"2018-10-27 19:40:22",12
"2018-10-27 20:40:22",12
"2018-10-27 21:40:22",12
"2018-10-27 22:40:22",12
"2018-10-27 23:40:21",12
"2018-10-28 00:40:22",12
"2018-10-28 01:40:22",12
"2018-10-28 02:40:21",12
"2018-10-28 03:40:22",12
"2018-10-28 04:40:22",12
"2018-10-28 05:40:21",12
"2018-10-28 06:40:22",12
"2018-10-28 07:40:21",12
"2018-10-28 08:40:22",12
"2018-10-28 09:40:22",12
"2018-10-28 10:40:21",12
"2018-10-28 11:40:21",12
"2018-10-28 12:40:21",12
"2018-10-28 13:40:23",12
"2018-10-28 14:40:22",12
"2018-10-28 15:40:22",12
"2018-10-28 16:40:22",12
"2018-10-28 17:40:22",12
"2018-10-28 18:40:22",12
"2018-10-28 19:40:21",12
"2018-10-28 20:40:21",12
"2018-10-28 21:40:21",12
"2018-10-28 22:40:22",12
"2018-10-28 23:40:21",12
"2018-10-29 00:40:22",12
"2018-10-29 01:40:22",12
"2018-10-29 02:40:22",12
"2018-10-29 03:40:21",12
"2018-10-29 04:40:22",12
"2018-10-29 05:40:22",12
"2018-10-29 06:40:22",12
"2018-10-29 07:40:22",12
"2018-10-29 08:40:21",12
"2018-10-29 09:40:21",12
"2018-10-29 10:40:22",12
"2018-10-29 11:40:21",12
"2018-10-29 12:40:22",12
"2018-10-29 13:40:22",12
"2018-10-29 14:40:22",12
"2018-10-29 15:40:22",12
"2018-10-29 16:40:22",12
"2018-10-29 17:40:21",12
"2018-10-29 18:40:22",12
"2018-10-29 19:40:22",12
"2018-10-29 20:40:22",12
"2018-10-29 21:40:22",12
"2018-10-29 22:40:22",12
"2018-10-29 23:40:21",12
"2018-10-30 00:40:22",12
"2018-10-30 01:40:21",12
"2018-10-30 02:40:22",12
"2018-10-30 03:40:22",12
"2018-10-30 04:40:22",12
"2018-10-30 05:40:21",12
"2018-10-30 06:40:22",12
"2018-10-30 07:40:21",12
"2018-10-30 08:40:21",12
"2018-10-30 09:40:22",12
"2018-10-30 10:40:22",12
"2018-10-30 11:40:22",12
"2018-10-30 12:40:21",12
"2018-10-30 13:40:22",12
"2018-10-30 14:40:23",12
"2018-10-30 15:40:22",13
"2018-10-30 16:40:22",13
"2018-10-30 17:40:21",13
"2018-10-30 18:40:22",13
"2018-10-30 19:40:22",13
"2018-10-30 20:40:22",13
"2018-10-30 21:40:22",13
"2018-10-30 22:40:22",13
"2018-10-30 23:40:21",13
"2018-10-31 00:40:22",13
"2018-10-31 01:40:22",13
"2018-10-31 02:40:22",13
"2018-10-31 03:40:21",13
"2018-10-31 04:40:22",13
"2018-10-31 05:40:22",13
"2018-10-31 06:40:22",13
"2018-10-31 07:40:21",13
"2018-10-31 08:40:22",13
"2018-10-31 09:40:21",13
"2018-10-31 10:40:22",13
"2018-10-31 11:40:22",13
"2018-10-31 12:40:22",13
"2018-10-31 14:06:56",13
"2018-10-31 14:40:23",13
"2018-10-31 15:40:23",13
"2018-10-31 16:40:23",13
"2018-10-31 17:40:22",13
"2018-10-31 18:40:22",13
"2018-10-31 19:40:22",13
"2018-10-31 20:40:23",13
"2018-10-31 21:40:22",13
"2018-10-31 22:40:22",13
"2018-10-31 23:40:23",13
"2018-11-01 00:40:23",13
"2018-11-01 01:40:23",13
"2018-11-01 02:40:23",13
"2018-11-01 03:40:22",13
"2018-11-01 04:40:23",13
"2018-11-01 05:40:23",13
"2018-11-01 06:40:23",13
"2018-11-01 07:40:23",13
"2018-11-01 08:40:23",13
"2018-11-01 09:40:22",13
"2018-11-01 10:40:23",13
"2018-11-01 11:40:23",13
"2018-11-01 12:40:22",13
"2018-11-01 13:40:23",13
"2018-11-01 14:40:24",13
"2018-11-01 15:40:23",13
"2018-11-01 16:40:23",13
"2018-11-01 17:40:23",13
"2018-11-01 18:40:23",13
"2018-11-01 19:40:23",13
"2018-11-01 20:40:23",14
"2018-11-01 21:40:23",14
"2018-11-01 22:40:23",14
"2018-11-01 23:40:23",14
"2018-11-02 00:40:23",14
"2018-11-02 01:40:23",14
"2018-11-02 02:40:23",14
"2018-11-02 03:40:24",14
"2018-11-02 04:40:23",14
"2018-11-02 05:40:23",14
"2018-11-02 06:40:23",14
"2018-11-02 07:40:22",14
"2018-11-02 08:40:23",14
"2018-11-02 09:40:24",14
"2018-11-02 10:40:23",14
"2018-11-02 11:40:22",14
"2018-11-02 12:40:23",14
"2018-11-02 14:04:56",15
"2018-11-02 14:40:23",15
"2018-11-02 15:40:23",15
"2018-11-02 16:40:23",15
"2018-11-02 17:40:23",15
"2018-11-02 18:40:23",15
"2018-11-02 19:40:23",15
"2018-11-02 20:40:23",15
"2018-11-02 21:40:23",15
"2018-11-02 22:40:23",15
"2018-11-02 23:40:23",15
"2018-11-03 00:40:23",15
"2018-11-03 01:40:23",15
"2018-11-03 02:40:24",15
"2018-11-03 03:40:22",15
"2018-11-03 04:40:23",15
"2018-11-03 05:40:23",15
"2018-11-03 06:40:22",15
"2018-11-03 07:40:22",15
"2018-11-03 08:40:23",15
"2018-11-03 09:40:24",15
"2018-11-03 10:40:22",15
"2018-11-03 11:40:23",15
"2018-11-03 12:40:23",15
"2018-11-03 13:40:23",15
"2018-11-03 14:40:23",15
"2018-11-03 15:40:23",15
"2018-11-03 16:40:22",15
"2018-11-03 17:40:23",15
"2018-11-03 18:40:23",15
"2018-11-03 19:40:24",15
"2018-11-03 20:40:23",15
"2018-11-03 21:40:30",15
"2018-11-03 22:40:23",15
"2018-11-03 23:40:23",15
"2018-11-04 00:40:23",15
"2018-11-04 01:40:23",15
"2018-11-04 02:40:23",15
"2018-11-04 03:40:23",15
"2018-11-04 04:40:23",15
"2018-11-04 05:40:23",15
"2018-11-04 06:40:23",15
"2018-11-04 07:40:23",15
"2018-11-04 08:40:23",15
"2018-11-04 09:40:22",15
"2018-11-04 10:40:22",15
"2018-11-04 11:40:23",15
"2018-11-04 12:40:23",15
"2018-11-04 13:40:23",15
"2018-11-04 14:40:22",15
"2018-11-04 15:40:22",15
"2018-11-04 16:40:22",15
"2018-11-04 17:40:23",15
"2018-11-04 18:40:23",15
"2018-11-04 19:40:23",15
"2018-11-04 20:40:22",15
"2018-11-04 21:40:23",15
"2018-11-04 22:40:23",15
"2018-11-04 23:40:23",15
"2018-11-05 00:40:23",15
"2018-11-05 01:40:22",15
"2018-11-05 02:40:22",15
"2018-11-05 03:40:24",15
"2018-11-05 04:40:24",15
"2018-11-05 05:40:24",15
"2018-11-05 06:40:23",15
"2018-11-05 07:40:22",15
"2018-11-05 08:40:23",15
"2018-11-05 09:40:23",15
"2018-11-05 10:40:23",15
"2018-11-05 11:40:22",15
"2018-11-05 12:40:22",15
"2018-11-05 13:40:23",15
"2018-11-05 14:40:24",15
"2018-11-05 15:40:23",15
"2018-11-05 16:40:23",15
"2018-11-05 17:40:22",14
"2018-11-05 18:40:22",14
"2018-11-05 19:40:22",14
"2018-11-05 20:40:23",14
"2018-11-05 21:40:24",14
"2018-11-05 22:40:23",14
"2018-11-05 23:40:23",14
"2018-11-06 00:40:23",14
"2018-11-06 01:40:23",14
"2018-11-06 02:40:23",14
"2018-11-06 03:40:24",14
"2018-11-06 04:40:24",14
"2018-11-06 05:40:24",14
"2018-11-06 06:40:24",14
"2018-11-06 07:40:25",14
"2018-11-06 08:40:25",14
"2018-11-06 09:40:24",14
"2018-11-06 10:40:24",14
"2018-11-06 11:40:24",14
"2018-11-06 12:40:24",14
"2018-11-06 13:40:25",14
"2018-11-06 14:40:26",14
"2018-11-06 15:40:25",14
"2018-11-06 16:40:26",14
"2018-11-06 17:40:26",14
"2018-11-06 18:40:25",14
"2018-11-06 19:40:25",14
"2018-11-06 20:40:26",14
"2018-11-06 21:40:26",14
"2018-11-06 22:40:26",14
"2018-11-06 23:40:25",14
"2018-11-07 00:40:26",14
"2018-11-07 01:40:26",14
"2018-11-07 02:40:26",14
"2018-11-07 03:40:26",14
"2018-11-07 04:40:25",14
"2018-11-07 05:40:25",14
"2018-11-07 06:40:25",14
"2018-11-07 07:40:25",14
"2018-11-07 08:40:25",14
"2018-11-07 09:40:25",14
"2018-11-07 10:40:25",14
"2018-11-07 11:40:25",14
"2018-11-07 12:40:26",14
"2018-11-07 13:40:25",14
"2018-11-07 14:40:27",14
"2018-11-07 15:40:26",14
"2018-11-07 16:40:25",15
"2018-11-07 17:40:25",15
"2018-11-07 18:40:26",15
"2018-11-07 19:40:26",15
"2018-11-07 20:40:27",15
"2018-11-07 21:40:25",15
"2018-11-07 22:40:26",15
"2018-11-07 23:40:25",15
"2018-11-08 00:40:25",15
"2018-11-08 01:40:26",15
"2018-11-08 02:40:25",15
"2018-11-08 03:40:25",15
"2018-11-08 04:40:25",15
"2018-11-08 05:40:25",15
"2018-11-08 06:40:25",15
"2018-11-08 07:40:25",15
"2018-11-08 08:40:26",15
"2018-11-08 09:40:25",15
"2018-11-08 10:40:25",15
"2018-11-08 11:40:25",15
"2018-11-08 12:40:26",15
"2018-11-08 13:40:25",15
"2018-11-08 14:40:26",15
"2018-11-08 15:40:25",15
"2018-11-08 16:40:25",16
"2018-11-08 17:40:25",16
"2018-11-08 18:40:25",16
"2018-11-08 19:40:25",16
"2018-11-08 20:40:26",16
"2018-11-08 21:40:26",16
"2018-11-08 22:40:25",16
"2018-11-08 23:40:26",16
"2018-11-09 00:40:26",16
"2018-11-09 01:40:26",16
"2018-11-09 02:40:26",16
"2018-11-09 03:40:26",16
"2018-11-09 04:40:26",16
"2018-11-09 05:40:25",16
"2018-11-09 06:40:25",16
"2018-11-09 07:40:26",16
"2018-11-09 08:40:26",16
"2018-11-09 09:40:26",16
"2018-11-09 10:40:25",16
"2018-11-09 11:40:25",16
"2018-11-09 12:40:26",16
"2018-11-09 13:40:25",16
"2018-11-09 15:04:28",15
"2018-11-09 15:40:26",15
"2018-11-09 16:40:25",15
"2018-11-09 17:40:25",15
"2018-11-09 18:40:26",15
"2018-11-09 19:40:27",15
"2018-11-09 20:40:26",15
"2018-11-09 21:40:25",15
"2018-11-09 22:40:26",15
"2018-11-09 23:40:25",15
"2018-11-10 00:40:25",15
"2018-11-10 01:40:25",15
"2018-11-10 02:40:25",15
"2018-11-10 03:40:26",15
"2018-11-10 04:40:26",15
"2018-11-10 05:40:25",15
"2018-11-10 06:40:25",15
"2018-11-10 07:40:25",15
"2018-11-10 08:40:25",15
"2018-11-10 09:40:26",15
"2018-11-10 10:40:24",15
"2018-11-10 11:40:25",15
"2018-11-10 12:40:25",15
"2018-11-10 13:40:25",15
"2018-11-10 14:40:25",15
"2018-11-10 15:40:26",15
"2018-11-10 16:40:25",15
"2018-11-10 17:40:26",15
"2018-11-10 18:40:25",15
"2018-11-10 19:40:26",15
"2018-11-10 20:40:25",15
"2018-11-10 21:40:26",15
"2018-11-10 22:40:25",15
"2018-11-10 23:40:26",15
"2018-11-11 00:40:26",15
"2018-11-11 01:40:26",15
"2018-11-11 02:40:24",15
"2018-11-11 03:40:26",15
"2018-11-11 04:40:25",15
"2018-11-11 05:40:26",15
"2018-11-11 06:40:25",15
"2018-11-11 07:40:26",15
"2018-11-11 08:40:25",15
"2018-11-11 09:40:25",15
"2018-11-11 10:40:26",15
"2018-11-11 11:40:26",15
"2018-11-11 12:40:26",15
"2018-11-11 13:40:25",15
"2018-11-11 14:40:26",15
"2018-11-11 15:40:26",15
"2018-11-11 16:40:25",15
"2018-11-11 17:40:25",15
"2018-11-11 18:40:26",15
"2018-11-11 19:40:25",15
"2018-11-11 20:40:26",15
"2018-11-11 21:40:25",15
"2018-11-11 22:40:26",15
"2018-11-11 23:40:25",15
"2018-11-12 00:40:25",15
"2018-11-12 01:40:25",15
"2018-11-12 02:40:25",15
"2018-11-12 03:40:26",15
"2018-11-12 04:40:25",15
"2018-11-12 05:40:25",15
"2018-11-12 06:40:26",15
"2018-11-12 07:40:26",15
"2018-11-12 08:40:26",15
"2018-11-12 09:40:26",15
"2018-11-12 10:40:25",15
"2018-11-12 11:40:26",15
"2018-11-12 12:40:25",15
"2018-11-12 13:40:25",15
"2018-11-12 14:40:26",15
"2018-11-12 15:40:25",16
"2018-11-12 16:40:26",16
"2018-11-12 17:40:24",16
"2018-11-12 18:40:25",16
"2018-11-12 19:40:26",16
"2018-11-12 20:40:25",16
"2018-11-12 21:40:25",16
"2018-11-12 22:40:25",16
"2018-11-12 23:40:25",16
"2018-11-13 00:40:25",16
"2018-11-13 01:40:25",16
"2018-11-13 02:40:26",16
"2018-11-13 03:40:25",16
"2018-11-13 04:40:25",16
"2018-11-13 05:40:25",16
"2018-11-13 06:40:25",16
"2018-11-13 07:40:26",16
"2018-11-13 08:40:26",16
"2018-11-13 09:40:25",16
"2018-11-13 10:40:26",16
"2018-11-13 11:40:26",16
"2018-11-13 12:40:26",16
"2018-11-13 13:40:25",16
"2018-11-13 14:40:27",16
"2018-11-13 15:40:25",16
"2018-11-13 16:40:25",16
"2018-11-13 17:40:26",16
"2018-11-13 18:40:25",16
"2018-11-13 19:40:25",16
"2018-11-13 20:40:25",16
"2018-11-13 21:40:25",16
"2018-11-13 22:40:25",16
"2018-11-13 23:40:26",16
"2018-11-14 00:40:25",16
"2018-11-14 01:40:26",16
"2018-11-14 02:40:25",16
"2018-11-14 03:40:25",16
"2018-11-14 04:40:26",16
"2018-11-14 05:40:25",16
"2018-11-14 06:40:25",16
"2018-11-14 07:40:26",16
"2018-11-14 08:40:25",16
"2018-11-14 09:40:26",16
"2018-11-14 10:40:25",16
"2018-11-14 11:40:26",16
"2018-11-14 12:40:25",16
"2018-11-14 13:40:26",16
"2018-11-14 14:40:26",16
"2018-11-14 15:40:25",16
"2018-11-14 16:40:26",16
"2018-11-14 17:40:26",16
"2018-11-14 18:40:26",16
"2018-11-14 19:40:26",16
"2018-11-14 20:40:26",16
"2018-11-14 21:40:26",16
"2018-11-14 22:40:25",16
"2018-11-14 23:40:25",16
"2018-11-15 00:40:25",16
"2018-11-15 01:40:25",16
"2018-11-15 02:40:26",16
"2018-11-15 03:40:26",16
"2018-11-15 04:40:25",16
"2018-11-15 05:40:26",16
"2018-11-15 06:40:25",16
"2018-11-15 07:40:25",16
"2018-11-15 08:40:25",16
"2018-11-15 09:40:26",16
"2018-11-15 10:40:26",16
"2018-11-15 11:40:25",16
"2018-11-15 12:40:25",16
"2018-11-15 13:40:26",16
"2018-11-15 14:40:26",16
"2018-11-15 15:40:26",17
"2018-11-15 16:40:25",17
"2018-11-15 17:40:26",17
"2018-11-15 18:40:26",17
"2018-11-15 19:40:25",17
"2018-11-15 20:40:26",17
"2018-11-15 21:40:26",17
"2018-11-15 22:40:25",17
"2018-11-15 23:40:25",17
"2018-11-16 00:40:26",17
"2018-11-16 01:40:25",17
"2018-11-16 02:40:25",17
"2018-11-16 03:40:25",17
"2018-11-16 04:40:25",17
"2018-11-16 05:40:25",17
"2018-11-16 06:40:25",17
"2018-11-16 07:40:26",17
"2018-11-16 08:40:25",17
"2018-11-16 09:40:25",17
"2018-11-16 10:40:26",17
"2018-11-16 11:40:25",17
"2018-11-16 12:40:25",17
"2018-11-16 13:40:25",17
"2018-11-16 14:40:26",17
"2018-11-16 15:40:26",17
"2018-11-16 16:40:26",17
"2018-11-16 17:40:26",17
"2018-11-16 18:40:25",17
"2018-11-16 19:40:25",17
"2018-11-16 20:40:26",17
"2018-11-16 21:40:26",17
"2018-11-16 22:40:26",17
"2018-11-16 23:40:26",17
"2018-11-17 00:40:26",17
"2018-11-17 01:40:26",17
"2018-11-17 02:40:25",17
"2018-11-17 03:40:30",17
"2018-11-17 04:40:26",17
"2018-11-17 05:40:26",17
"2018-11-17 06:40:27",17
"2018-11-17 07:40:25",17
"2018-11-17 08:40:26",17
"2018-11-17 09:40:26",17
"2018-11-17 10:40:26",17
"2018-11-17 11:40:26",17
"2018-11-17 12:40:25",17
"2018-11-17 13:40:25",17
"2018-11-17 14:40:26",17
"2018-11-17 15:40:25",17
"2018-11-17 16:40:25",17
"2018-11-17 17:40:26",17
"2018-11-17 18:40:26",17
"2018-11-17 19:40:26",17
"2018-11-17 20:40:26",17
"2018-11-17 21:40:26",17
"2018-11-17 22:40:25",17
"2018-11-17 23:40:25",17
"2018-11-18 00:40:25",17
"2018-11-18 01:40:25",17
"2018-11-18 02:40:26",17
"2018-11-18 03:40:26",17
"2018-11-18 04:40:25",17
"2018-11-18 05:40:25",17
"2018-11-18 06:40:26",17
"2018-11-18 07:40:25",17
"2018-11-18 08:40:25",17
"2018-11-18 09:40:26",17
"2018-11-18 10:40:25",17
"2018-11-18 11:40:25",17
"2018-11-18 12:40:25",17
"2018-11-18 13:40:25",17
"2018-11-18 14:40:26",17
"2018-11-18 15:40:26",17
"2018-11-18 16:40:25",17
"2018-11-18 17:40:26",17
"2018-11-18 18:40:26",17
"2018-11-18 19:40:25",17
"2018-11-18 20:40:26",17
"2018-11-18 21:40:26",17
"2018-11-18 22:40:25",17
"2018-11-18 23:40:26",17
"2018-11-19 00:40:26",17
"2018-11-19 01:40:26",17
"2018-11-19 02:40:25",17
"2018-11-19 03:40:26",17
"2018-11-19 04:40:25",17
"2018-11-19 05:40:25",17
"2018-11-19 06:40:25",17
"2018-11-19 07:40:25",17
"2018-11-19 08:40:25",17
"2018-11-19 09:40:25",17
"2018-11-19 10:40:26",17
"2018-11-19 11:40:26",17
"2018-11-19 12:40:26",17
"2018-11-19 13:40:25",17
"2018-11-19 14:40:26",17
"2018-11-19 15:40:25",17
"2018-11-19 16:40:26",17
"2018-11-19 17:40:25",17
"2018-11-19 18:40:25",16
"2018-11-19 19:40:25",16
"2018-11-19 20:40:25",16
"2018-11-19 21:40:25",16
"2018-11-19 22:40:25",16
"2018-11-19 23:40:25",16
"2018-11-20 00:40:26",16
"2018-11-20 01:40:26",16
"2018-11-20 02:40:26",16
"2018-11-20 03:40:26",16
"2018-11-20 04:40:25",16
"2018-11-20 05:40:25",16
"2018-11-20 06:40:25",16
"2018-11-20 07:40:26",16
"2018-11-20 08:40:26",16
"2018-11-20 09:40:26",16
"2018-11-20 10:40:25",16
"2018-11-20 11:40:25",16
"2018-11-20 12:40:25",16
"2018-11-20 13:40:26",16
"2018-11-20 14:40:26",16
"2018-11-20 15:40:25",17
"2018-11-20 16:40:24",17
"2018-11-20 17:40:25",17
"2018-11-20 18:40:26",17
"2018-11-20 19:40:25",17
"2018-11-20 20:40:25",17
"2018-11-20 21:40:26",17
"2018-11-20 22:40:25",17
"2018-11-20 23:40:25",17
"2018-11-21 00:40:24",17
"2018-11-21 01:40:24",17
"2018-11-21 02:40:24",17
"2018-11-21 03:40:25",17
"2018-11-21 04:40:25",17
"2018-11-21 05:40:24",17
"2018-11-21 06:40:25",17
"2018-11-21 07:40:25",17
"2018-11-21 08:40:25",17
"2018-11-21 09:40:25",17
"2018-11-21 10:40:25",17
"2018-11-21 11:40:24",17
"2018-11-21 12:40:24",17
"2018-11-21 13:40:24",17
"2018-11-21 14:40:27",17
"2018-11-21 16:40:25",17
"2018-11-21 17:40:27",17
"2018-11-21 18:40:26",17
"2018-11-21 19:40:26",17
"2018-11-21 20:40:27",17
"2018-11-21 21:40:26",17
"2018-11-21 22:40:25",17
"2018-11-21 23:40:26",17
"2018-11-22 00:40:25",17
"2018-11-22 01:40:26",17
"2018-11-22 02:40:26",17
"2018-11-22 03:40:26",17
"2018-11-22 04:40:26",17
"2018-11-22 05:40:26",17
"2018-11-22 06:40:26",17
"2018-11-22 07:40:26",17
"2018-11-22 08:40:26",17
"2018-11-22 09:40:26",17
"2018-11-22 10:40:26",17
"2018-11-22 11:40:26",17
"2018-11-22 12:40:26",17
"2018-11-22 13:40:26",17
"2018-11-22 14:40:26",17
"2018-11-22 15:40:27",17
"2018-11-22 16:40:25",17
"2018-11-22 17:40:26",17
"2018-11-22 18:40:25",17
"2018-11-22 19:40:26",17
"2018-11-22 20:40:26",17
"2018-11-22 21:40:27",17
"2018-11-22 22:40:26",17
"2018-11-22 23:40:26",17
"2018-11-23 00:40:26",17
"2018-11-23 01:40:25",17
"2018-11-23 02:40:26",17
"2018-11-23 03:40:26",17
"2018-11-23 04:40:26",17
"2018-11-23 05:40:26",17
"2018-11-23 06:40:26",17
"2018-11-23 07:40:26",17
"2018-11-23 08:40:26",17
"2018-11-23 09:40:26",17
"2018-11-23 10:40:26",17
"2018-11-23 11:40:27",17
"2018-11-23 12:40:26",17
"2018-11-23 13:40:26",17
"2018-11-23 14:40:26",17
"2018-11-23 15:40:27",17
"2018-11-23 16:40:25",17
"2018-11-23 17:40:26",17
"2018-11-23 18:40:26",17
"2018-11-23 19:40:26",17
"2018-11-23 20:40:27",17
"2018-11-23 21:40:27",17
"2018-11-23 22:40:27",17
"2018-11-23 23:40:27",17
"2018-11-24 00:40:27",17
"2018-11-24 01:40:28",17
"2018-11-24 02:40:28",17
"2018-11-24 03:40:27",17
"2018-11-24 04:40:27",17
"2018-11-24 05:40:28",17
"2018-11-24 06:40:27",17
"2018-11-24 07:40:27",17
"2018-11-24 08:40:27",17
"2018-11-24 09:40:26",17
"2018-11-24 10:40:26",17
"2018-11-24 11:40:27",17
"2018-11-24 12:40:27",17
"2018-11-24 13:40:26",17
"2018-11-24 14:40:27",17
"2018-11-24 15:40:27",17
"2018-11-24 16:40:26",17
"2018-11-24 17:40:27",17
"2018-11-24 18:40:26",17
"2018-11-24 19:40:26",17
"2018-11-24 20:40:27",17
"2018-11-24 21:40:26",17
"2018-11-24 22:40:26",17
"2018-11-24 23:40:27",17
"2018-11-25 00:40:27",17
"2018-11-25 01:40:27",17
"2018-11-25 02:40:27",17
"2018-11-25 03:40:26",17
"2018-11-25 04:40:27",17
"2018-11-25 05:40:27",17
"2018-11-25 06:40:26",17
"2018-11-25 07:40:27",17
"2018-11-25 08:40:26",17
"2018-11-25 09:40:27",17
"2018-11-25 10:40:26",17
"2018-11-25 11:40:27",17
"2018-11-25 12:40:26",17
"2018-11-25 13:40:27",17
"2018-11-25 14:40:26",17
"2018-11-25 15:40:26",17
"2018-11-25 16:40:27",17
"2018-11-25 17:40:27",17
"2018-11-25 18:40:27",17
"2018-11-25 19:40:27",17
"2018-11-25 20:40:27",17
"2018-11-25 21:40:27",17
"2018-11-25 22:40:27",17
"2018-11-25 23:40:27",17
"2018-11-26 00:40:27",17
"2018-11-26 01:40:27",17
"2018-11-26 02:40:28",17
"2018-11-26 03:40:26",17
"2018-11-26 04:40:26",17
"2018-11-26 05:40:27",17
"2018-11-26 06:40:26",17
"2018-11-26 07:40:26",17
"2018-11-26 08:40:27",17
"2018-11-26 09:40:27",17
"2018-11-26 10:40:27",17
"2018-11-26 11:40:27",17
"2018-11-26 12:40:27",17
"2018-11-26 13:40:25",17
"2018-11-26 14:40:27",17
"2018-11-26 15:40:25",16
"2018-11-26 16:40:26",16
"2018-11-26 17:40:26",16
"2018-11-26 18:40:26",16
"2018-11-26 19:40:26",16
"2018-11-26 20:40:27",16
"2018-11-26 21:40:26",16
"2018-11-26 22:40:26",16
"2018-11-26 23:40:27",16
"2018-11-27 00:40:26",16
"2018-11-27 01:40:26",16
"2018-11-27 02:40:26",16
"2018-11-27 03:40:26",16
"2018-11-27 04:40:26",16
"2018-11-27 05:40:26",16
"2018-11-27 06:40:26",16
"2018-11-27 07:40:26",16
"2018-11-27 08:40:26",16
"2018-11-27 09:40:26",16
"2018-11-27 10:40:26",16
"2018-11-27 11:40:26",16
"2018-11-27 12:40:26",16
"2018-11-27 13:40:27",16
"2018-11-27 14:40:27",16
"2018-11-27 15:40:27",16
"2018-11-27 16:40:28",16
"2018-11-27 17:40:27",16
"2018-11-27 18:40:27",16
"2018-11-27 19:40:27",16
"2018-11-27 20:40:27",16
"2018-11-27 21:40:27",16
"2018-11-27 22:40:27",16
"2018-11-27 23:40:28",16
"2018-11-28 00:40:27",16
"2018-11-28 01:40:26",16
"2018-11-28 02:40:27",16
"2018-11-28 03:40:28",16
"2018-11-28 04:40:27",16
"2018-11-28 05:40:27",16
"2018-11-28 06:40:27",16
"2018-11-28 07:40:26",16
"2018-11-28 08:40:27",16
"2018-11-28 09:40:28",16
"2018-11-28 10:40:27",16
"2018-11-28 11:40:27",16
"2018-11-28 12:40:27",16
"2018-11-28 14:05:28",16
"2018-11-28 14:40:27",16
"2018-11-28 15:40:27",16
"2018-11-28 16:40:26",16
"2018-11-28 17:40:27",16
"2018-11-28 18:40:25",16
"2018-11-28 19:40:26",16
"2018-11-28 20:40:26",16
"2018-11-28 21:40:26",16
"2018-11-28 22:40:26",16
"2018-11-28 23:40:26",16
"2018-11-29 00:40:26",16
"2018-11-29 01:40:26",16
"2018-11-29 02:40:26",16
"2018-11-29 03:40:26",16
"2018-11-29 04:40:26",16
"2018-11-29 05:40:26",16
"2018-11-29 06:40:26",16
"2018-11-29 07:40:25",16
"2018-11-29 08:40:25",16
"2018-11-29 09:40:26",16
"2018-11-29 10:40:27",16
"2018-11-29 11:40:25",16
"2018-11-29 12:40:26",16
"2018-11-29 13:40:26",16
"2018-11-29 15:05:28",17
"2018-11-29 15:40:26",17
"2018-11-29 16:40:26",17
"2018-11-29 17:40:27",17
"2018-11-29 18:40:27",17
"2018-11-29 19:40:26",17
"2018-11-29 20:40:25",17
"2018-11-29 21:40:26",17
"2018-11-29 22:40:26",17
"2018-11-29 23:40:27",17
"2018-11-30 00:40:27",17
"2018-11-30 01:40:27",17
"2018-11-30 02:40:26",17
"2018-11-30 03:40:27",17
"2018-11-30 04:40:26",17
"2018-11-30 05:40:26",17
"2018-11-30 06:40:25",17
"2018-11-30 07:40:26",17
"2018-11-30 08:40:26",17
"2018-11-30 09:40:26",17
"2018-11-30 10:40:26",17
"2018-11-30 11:40:26",17
"2018-11-30 12:40:26",17
"2018-11-30 13:40:26",17
"2018-11-30 14:40:27",17
"2018-11-30 15:40:26",18
"2018-11-30 16:40:27",18
"2018-11-30 17:40:26",18
"2018-11-30 18:40:26",18
"2018-11-30 19:40:26",18
"2018-11-30 20:40:26",18
"2018-11-30 21:40:25",17
"2018-11-30 22:40:27",17
"2018-11-30 23:40:26",17
"2018-12-01 00:40:26",17
"2018-12-01 01:40:26",17
"2018-12-01 02:40:26",17
"2018-12-01 03:40:26",17
"2018-12-01 04:40:26",17
"2018-12-01 05:40:26",17
"2018-12-01 06:40:26",17
"2018-12-01 07:40:26",17
"2018-12-01 08:40:26",17
"2018-12-01 09:40:26",17
"2018-12-01 10:40:26",17
"2018-12-01 11:40:27",17
"2018-12-01 12:40:26",17
"2018-12-01 13:40:26",17
"2018-12-01 14:40:25",17
"2018-12-01 15:40:26",17
"2018-12-01 16:40:26",17
"2018-12-01 17:40:26",17
"2018-12-01 18:40:25",17
"2018-12-01 19:40:25",17
"2018-12-01 20:40:26",17
"2018-12-01 21:40:26",17
"2018-12-01 22:40:26",17
"2018-12-01 23:40:26",17
"2018-12-02 00:40:25",17
"2018-12-02 01:40:26",17
"2018-12-02 02:40:26",17
"2018-12-02 03:40:26",17
"2018-12-02 04:40:26",17
"2018-12-02 05:40:26",17
"2018-12-02 06:40:26",17
"2018-12-02 07:40:26",17
"2018-12-02 08:40:27",17
"2018-12-02 09:40:25",17
"2018-12-02 10:40:27",17
"2018-12-02 11:40:26",17
"2018-12-02 12:40:25",17
"2018-12-02 13:40:26",17
"2018-12-02 14:40:25",17
"2018-12-02 15:40:27",17
"2018-12-02 16:40:26",17
"2018-12-02 17:40:26",17
"2018-12-02 18:40:26",17
"2018-12-02 19:40:26",17
"2018-12-02 20:40:26",17
"2018-12-02 21:40:25",17
"2018-12-02 22:40:25",17
"2018-12-02 23:40:26",17
"2018-12-03 00:40:26",17
"2018-12-03 01:40:25",17
"2018-12-03 02:40:26",17
"2018-12-03 03:40:26",17
"2018-12-03 04:40:27",17
"2018-12-03 05:40:25",17
"2018-12-03 06:40:25",17
"2018-12-03 07:40:25",17
"2018-12-03 08:40:26",17
"2018-12-03 09:40:26",17
"2018-12-03 10:40:26",17
"2018-12-03 11:40:27",17
"2018-12-03 12:40:25",17
"2018-12-03 13:40:25",17
"2018-12-03 14:40:28",17
"2018-12-03 15:40:26",17
"2018-12-03 16:40:26",17
"2018-12-03 17:40:26",17
"2018-12-03 18:40:26",17
"2018-12-03 19:40:25",17
"2018-12-03 20:40:26",17
"2018-12-03 21:40:26",17
"2018-12-03 22:40:26",17
"2018-12-03 23:40:26",17
"2018-12-04 00:40:26",17
"2018-12-04 01:40:26",17
"2018-12-04 02:40:26",17
"2018-12-04 03:40:26",17
"2018-12-04 04:40:26",17
"2018-12-04 05:40:26",17
"2018-12-04 06:40:26",17
"2018-12-04 07:40:25",17
"2018-12-04 08:40:27",17
"2018-12-04 09:40:26",17
"2018-12-04 10:40:25",17
"2018-12-04 11:40:25",17
"2018-12-04 12:40:26",17
"2018-12-04 13:40:26",17
"2018-12-04 15:07:00",17
"2018-12-04 15:40:27",17
"2018-12-04 16:40:26",17
"2018-12-04 17:40:26",17
"2018-12-04 18:40:26",16
"2018-12-04 19:40:26",16
"2018-12-04 20:40:26",16
"2018-12-04 21:40:26",16
"2018-12-04 22:40:27",16
"2018-12-04 23:40:26",16
"2018-12-05 00:40:26",16
"2018-12-05 01:40:26",16
"2018-12-05 02:40:27",16
"2018-12-05 03:40:26",16
"2018-12-05 04:40:27",16
"2018-12-05 05:40:28",16
"2018-12-05 06:40:26",16
"2018-12-05 07:40:26",16
"2018-12-05 08:40:25",16
"2018-12-05 09:40:25",16
"2018-12-05 10:40:26",16
"2018-12-05 11:40:26",16
"2018-12-05 12:40:26",16
"2018-12-05 13:40:25",16
"2018-12-05 14:40:26",16
"2018-12-05 15:40:26",16
"2018-12-05 16:40:25",16
"2018-12-05 17:40:26",16
"2018-12-05 18:40:26",16
"2018-12-05 19:40:26",16
"2018-12-05 20:40:25",16
"2018-12-05 21:40:27",16
"2018-12-05 22:40:26",16
"2018-12-05 23:40:26",16
"2018-12-06 00:40:26",16
"2018-12-06 01:40:26",16
"2018-12-06 02:40:26",16
"2018-12-06 03:40:27",16
"2018-12-06 04:40:25",16
"2018-12-06 05:40:26",16
"2018-12-06 06:40:26",16
"2018-12-06 07:40:25",16
"2018-12-06 08:40:27",16
"2018-12-06 09:40:26",16
"2018-12-06 10:40:26",16
"2018-12-06 11:40:26",16
"2018-12-06 12:40:25",16
"2018-12-06 13:40:26",16
"2018-12-06 14:40:26",16
"2018-12-06 15:40:26",16
"2018-12-06 16:40:27",16
"2018-12-06 17:40:27",16
"2018-12-06 18:40:26",16
"2018-12-06 19:40:26",16
"2018-12-06 20:40:26",16
"2018-12-06 21:40:26",16
"2018-12-06 22:40:26",16
"2018-12-06 23:40:26",16
"2018-12-07 00:40:27",16
"2018-12-07 01:40:27",16
"2018-12-07 02:40:27",16
"2018-12-07 03:40:27",16
"2018-12-07 04:40:27",16
"2018-12-07 05:40:28",16
"2018-12-07 06:40:27",16
"2018-12-07 07:40:27",16
"2018-12-07 08:40:27",16
"2018-12-07 09:40:27",16
"2018-12-07 10:40:27",16
"2018-12-07 11:40:27",16
"2018-12-07 12:40:28",16
"2018-12-07 14:05:28",16
"2018-12-07 14:40:28",16
"2018-12-07 16:05:30",16
"2018-12-07 16:40:28",16
"2018-12-07 17:40:29",16
"2018-12-07 18:40:28",16
"2018-12-07 19:40:29",16
"2018-12-07 20:40:28",16
"2018-12-07 21:40:28",16
"2018-12-07 22:40:29",16
"2018-12-07 23:40:29",16
"2018-12-08 00:40:28",16
"2018-12-08 01:40:28",16
"2018-12-08 02:41:43",16
"2018-12-08 03:40:28",16
"2018-12-08 04:40:29",16
"2018-12-08 05:40:28",16
"2018-12-08 06:40:27",16
"2018-12-08 07:40:29",16
"2018-12-08 08:40:28",16
"2018-12-08 09:40:28",16
"2018-12-08 10:40:29",16
"2018-12-08 11:40:28",16
"2018-12-08 12:40:28",16
"2018-12-08 13:40:27",16
"2018-12-08 14:40:28",16
"2018-12-08 15:40:28",16
"2018-12-08 16:40:29",16
"2018-12-08 17:40:28",16
"2018-12-08 18:40:27",16
"2018-12-08 19:40:29",16
"2018-12-08 20:40:29",16
"2018-12-08 21:40:28",16
"2018-12-08 22:40:28",16
"2018-12-08 23:40:28",16
"2018-12-09 00:40:28",16
"2018-12-09 01:40:29",16
"2018-12-09 02:40:28",16
"2018-12-09 03:40:28",16
"2018-12-09 04:40:28",16
"2018-12-09 05:40:28",16
"2018-12-09 06:40:28",16
"2018-12-09 07:40:28",16
"2018-12-09 08:40:28",16
"2018-12-09 09:40:29",16
"2018-12-09 10:40:28",16
"2018-12-09 11:40:28",16
"2018-12-09 12:40:28",16
"2018-12-09 13:40:28",16
"2018-12-09 14:40:28",16
"2018-12-09 15:40:29",16
"2018-12-09 16:40:28",16
"2018-12-09 17:40:28",16
"2018-12-09 18:40:28",16
"2018-12-09 19:40:27",16
"2018-12-09 20:40:28",16
"2018-12-09 21:40:28",16
"2018-12-09 22:40:28",16
"2018-12-09 23:40:28",16
"2018-12-10 00:40:29",16
"2018-12-10 01:40:28",16
"2018-12-10 02:40:28",16
"2018-12-10 03:40:28",16
"2018-12-10 04:40:29",16
"2018-12-10 05:40:28",16
"2018-12-10 06:40:29",16
"2018-12-10 07:40:29",16
"2018-12-10 08:40:28",16
"2018-12-10 09:40:29",16
"2018-12-10 10:40:29",16
"2018-12-10 11:40:28",16
"2018-12-10 12:40:28",16
"2018-12-10 13:40:28",16
"2018-12-10 15:04:00",16
"2018-12-10 15:40:26",16
"2018-12-10 16:40:27",16
"2018-12-10 17:40:28",16
"2018-12-10 18:40:28",16
"2018-12-10 19:40:28",16
"2018-12-10 20:40:27",16
"2018-12-10 21:40:27",16
"2018-12-10 22:40:28",16
"2018-12-10 23:40:28",16
"2018-12-11 00:40:27",16
"2018-12-11 01:40:27",16
"2018-12-11 02:40:27",16
"2018-12-11 03:40:27",16
"2018-12-11 04:40:27",16
"2018-12-11 05:40:28",16
"2018-12-11 06:40:27",16
"2018-12-11 07:40:27",16
"2018-12-11 08:40:27",16
"2018-12-11 09:40:27",16
"2018-12-11 10:40:27",16
"2018-12-11 11:40:28",16
"2018-12-11 12:40:28",16
"2018-12-11 13:40:27",16
"2018-12-11 15:05:01",16
"2018-12-11 15:40:29",16
"2018-12-11 16:40:29",16
"2018-12-11 17:40:29",16
"2018-12-11 18:40:29",16
"2018-12-11 19:40:28",16
"2018-12-11 20:40:28",16
"2018-12-11 21:40:30",16
"2018-12-11 22:40:29",16
"2018-12-11 23:40:28",16
"2018-12-12 00:40:28",16
"2018-12-12 01:40:28",16
"2018-12-12 02:40:29",16
"2018-12-12 03:40:29",16
"2018-12-12 04:40:28",16
"2018-12-12 05:40:27",16
"2018-12-12 06:40:28",16
"2018-12-12 07:40:28",16
"2018-12-12 08:40:29",16
"2018-12-12 09:40:28",16
"2018-12-12 10:40:28",16
"2018-12-12 11:40:29",16
"2018-12-12 12:40:30",16
"2018-12-12 14:06:02",16
"2018-12-12 14:40:29",16
"2018-12-12 15:40:28",16
"2018-12-12 16:40:29",16
"2018-12-12 17:40:28",16
"2018-12-12 18:40:28",16
"2018-12-12 19:40:29",16
"2018-12-12 20:40:28",16
"2018-12-12 21:40:29",16
"2018-12-12 22:40:28",16
"2018-12-12 23:40:29",16
"2018-12-13 00:40:28",16
"2018-12-13 01:40:28",16
"2018-12-13 02:40:29",16
"2018-12-13 03:40:28",16
"2018-12-13 04:40:29",16
"2018-12-13 05:40:29",16
"2018-12-13 06:40:29",16
"2018-12-13 07:40:28",16
"2018-12-13 08:40:28",16
"2018-12-13 09:40:28",16
"2018-12-13 10:40:28",16
"2018-12-13 11:40:28",16
"2018-12-13 12:40:28",16
"2018-12-13 14:04:31",16
"2018-12-13 14:40:29",16
"2018-12-13 15:40:29",16
"2018-12-13 16:40:28",16
"2018-12-13 17:40:28",16
"2018-12-13 18:40:28",16
"2018-12-13 19:40:28",16
"2018-12-13 20:40:29",16
"2018-12-13 21:40:28",16
"2018-12-13 22:40:28",16
"2018-12-13 23:40:29",16
"2018-12-14 00:40:29",16
"2018-12-14 01:40:29",16
"2018-12-14 02:40:28",16
"2018-12-14 03:40:28",16
"2018-12-14 04:40:29",16
"2018-12-14 05:40:28",16
"2018-12-14 06:40:28",16
"2018-12-14 07:40:28",16
"2018-12-14 08:40:29",16
"2018-12-14 09:40:28",16
"2018-12-14 10:40:29",16
"2018-12-14 11:40:28",16
"2018-12-14 12:40:29",16
"2018-12-14 14:04:31",16
"2018-12-14 14:40:29",16
"2018-12-14 15:40:29",16
"2018-12-14 16:40:28",16
"2018-12-14 17:40:28",16
"2018-12-14 18:40:29",16
"2018-12-14 19:40:29",16
"2018-12-14 20:40:28",16
"2018-12-14 21:40:28",16
"2018-12-14 22:40:29",16
"2018-12-14 23:40:29",16
"2018-12-15 00:40:28",16
"2018-12-15 01:40:29",16
"2018-12-15 02:40:28",16
"2018-12-15 03:40:28",16
"2018-12-15 04:40:28",16
"2018-12-15 05:40:29",16
"2018-12-15 06:40:29",16
"2018-12-15 07:40:29",16
"2018-12-15 08:40:28",16
"2018-12-15 09:40:28",16
"2018-12-15 10:40:29",16
"2018-12-15 11:40:29",16
"2018-12-15 12:40:29",16
"2018-12-15 13:40:28",16
"2018-12-15 14:40:28",16
"2018-12-15 15:40:29",16
"2018-12-15 16:40:28",16
"2018-12-15 17:40:29",16
"2018-12-15 18:40:28",16
"2018-12-15 19:40:29",16
"2018-12-15 20:40:28",16
"2018-12-15 21:40:28",16
"2018-12-15 22:40:29",16
"2018-12-15 23:40:28",16
"2018-12-16 00:40:29",16
"2018-12-16 01:40:29",16
"2018-12-16 02:40:28",16
"2018-12-16 03:40:28",16
"2018-12-16 04:40:29",16
"2018-12-16 05:40:28",16
"2018-12-16 06:40:29",16
"2018-12-16 07:40:28",16
"2018-12-16 08:40:28",16
"2018-12-16 09:40:28",16
"2018-12-16 10:40:28",16
"2018-12-16 11:40:28",16
"2018-12-16 12:40:28",16
"2018-12-16 13:40:28",16
"2018-12-16 14:40:28",16
"2018-12-16 15:40:28",16
"2018-12-16 16:40:28",16
"2018-12-16 17:40:29",16
"2018-12-16 18:40:28",16
"2018-12-16 19:40:29",16
"2018-12-16 20:40:29",16
"2018-12-16 21:40:28",16
"2018-12-16 22:40:28",16
"2018-12-16 23:40:29",16
"2018-12-17 00:40:29",16
"2018-12-17 01:40:28",16
"2018-12-17 02:40:28",16
"2018-12-17 03:40:29",16
"2018-12-17 04:40:29",16
"2018-12-17 05:40:28",16
"2018-12-17 06:40:29",16
"2018-12-17 07:40:29",16
"2018-12-17 08:40:29",16
"2018-12-17 09:40:29",16
"2018-12-17 10:40:29",16
"2018-12-17 11:40:28",16
"2018-12-17 12:40:28",16
"2018-12-17 13:40:29",16
"2018-12-17 14:40:30",16
"2018-12-17 15:40:29",16
"2018-12-17 16:40:29",16
"2018-12-17 17:40:29",16
"2018-12-17 18:40:29",16
"2018-12-17 20:06:01",16
"2018-12-17 20:40:29",16
"2018-12-17 21:40:29",16
"2018-12-17 22:40:28",16
"2018-12-17 23:40:28",16
"2018-12-18 00:40:28",16
"2018-12-18 01:40:29",16
"2018-12-18 02:40:28",16
"2018-12-18 03:40:29",16
"2018-12-18 04:40:28",16
"2018-12-18 05:40:29",16
"2018-12-18 06:40:29",16
"2018-12-18 07:40:29",16
"2018-12-18 08:40:29",16
"2018-12-18 09:40:28",16
"2018-12-18 10:40:29",16
"2018-12-18 11:40:28",16
"2018-12-18 12:40:29",16
"2018-12-18 13:40:28",16
"2018-12-18 14:40:28",16
"2018-12-18 15:40:28",16
"2018-12-18 16:40:28",16
"2018-12-18 17:40:28",16
"2018-12-18 18:40:28",16
"2018-12-18 19:40:28",16
"2018-12-18 20:40:29",16
"2018-12-18 21:40:28",16
"2018-12-18 22:40:29",16
"2018-12-18 23:40:29",16
"2018-12-19 00:40:28",16
"2018-12-19 01:40:29",16
"2018-12-19 02:40:28",16
"2018-12-19 03:40:29",16
"2018-12-19 04:40:28",16
"2018-12-19 05:40:30",16
"2018-12-19 06:40:29",16
"2018-12-19 07:40:28",16
"2018-12-19 08:40:29",16
"2018-12-19 09:40:29",16
"2018-12-19 11:40:29",16
"2018-12-19 12:40:29",16
"2018-12-19 13:40:28",16
"2018-12-19 14:40:28",16
"2018-12-19 15:40:28",16
"2018-12-19 16:40:28",16
"2018-12-19 17:40:27",16
"2018-12-19 18:40:28",16
"2018-12-19 19:40:28",16
"2018-12-19 20:40:28",16
"2018-12-19 21:40:29",17
"2018-12-19 22:40:30",17
"2018-12-19 23:40:29",17
"2018-12-20 00:40:30",17
"2018-12-20 01:40:29",17
"2018-12-20 02:40:28",17
"2018-12-20 03:40:29",17
"2018-12-20 04:40:28",17
"2018-12-20 05:40:29",17
"2018-12-20 06:40:28",17
"2018-12-20 07:40:29",17
"2018-12-20 08:40:29",17
"2018-12-20 09:40:28",17
"2018-12-20 10:40:29",17
"2018-12-20 11:40:29",17
"2018-12-20 12:40:28",17
"2018-12-20 13:40:29",17
"2018-12-20 14:40:29",17
"2018-12-20 15:40:29",17
"2018-12-20 16:40:29",17
"2018-12-20 17:40:29",17
"2018-12-20 18:40:28",17
"2018-12-20 19:40:29",17
"2018-12-20 20:40:28",17
"2018-12-20 21:40:30",17
"2018-12-20 22:40:30",17
"2018-12-20 23:40:30",17
"2018-12-21 00:40:30",17
"2018-12-21 01:40:30",17
"2018-12-21 02:40:30",17
"2018-12-21 03:40:29",17
"2018-12-21 04:40:30",17
"2018-12-21 05:40:29",17
"2018-12-21 06:40:30",17
"2018-12-21 07:40:29",17
"2018-12-21 08:40:30",17
"2018-12-21 09:40:30",17
"2018-12-21 10:40:29",17
"2018-12-21 11:40:30",17
"2018-12-21 12:40:30",17
"2018-12-21 13:40:29",17
"2018-12-21 14:40:30",17
"2018-12-21 15:40:30",17
"2018-12-21 16:40:30",17
"2018-12-21 17:40:30",17
"2018-12-21 18:40:31",17
"2018-12-21 19:40:30",17
"2018-12-21 20:40:31",17
"2018-12-21 21:40:30",17
"2018-12-21 22:40:30",17
"2018-12-21 23:40:29",17
"2018-12-22 00:40:30",17
"2018-12-22 01:40:29",17
"2018-12-22 02:40:30",17
"2018-12-22 03:40:29",17
"2018-12-22 04:40:31",17
"2018-12-22 05:40:29",17
"2018-12-22 06:40:30",17
"2018-12-22 07:40:30",17
"2018-12-22 08:40:29",17
"2018-12-22 09:40:29",17
"2018-12-22 10:40:29",17
"2018-12-22 11:40:29",17
"2018-12-22 12:40:29",17
"2018-12-22 13:40:29",17
"2018-12-22 14:40:30",17
"2018-12-22 15:40:29",17
"2018-12-22 16:40:29",17
"2018-12-22 17:40:29",17
"2018-12-22 18:40:30",17
"2018-12-22 19:40:30",17
"2018-12-22 20:40:30",17
"2018-12-22 21:40:30",17
"2018-12-22 22:40:30",17
"2018-12-22 23:40:30",17
"2018-12-23 00:40:30",17
"2018-12-23 01:40:30",17
"2018-12-23 02:40:29",17
"2018-12-23 03:40:30",17
"2018-12-23 04:40:30",17
"2018-12-23 05:40:30",17
"2018-12-23 06:40:30",17
"2018-12-23 07:40:29",17
"2018-12-23 08:40:30",17
"2018-12-23 09:40:30",17
"2018-12-23 10:40:31",17
"2018-12-23 11:40:30",17
"2018-12-23 12:40:29",17
"2018-12-23 13:40:30",17
"2018-12-23 14:40:30",17
"2018-12-23 15:40:30",17
"2018-12-23 16:40:30",17
"2018-12-23 17:40:31",17
"2018-12-23 18:40:29",17
"2018-12-23 19:40:30",17
"2018-12-23 20:40:30",17
"2018-12-23 21:40:30",17
"2018-12-23 22:40:29",17
"2018-12-23 23:40:29",17
"2018-12-24 00:40:29",17
"2018-12-24 01:40:31",17
"2018-12-24 02:40:31",17
"2018-12-24 03:40:31",17
"2018-12-24 04:40:29",17
"2018-12-24 05:40:29",17
"2018-12-24 06:40:30",17
"2018-12-24 07:40:30",17
"2018-12-24 08:40:29",17
"2018-12-24 09:40:32",17
"2018-12-24 10:40:30",17
"2018-12-24 11:40:30",17
"2018-12-24 12:40:29",17
"2018-12-24 13:40:29",17
"2018-12-24 15:04:03",17
"2018-12-24 15:40:31",17
"2018-12-24 16:40:30",17
"2018-12-24 17:40:30",17
"2018-12-24 18:40:31",17
"2018-12-24 19:40:30",17
"2018-12-24 20:40:30",17
"2018-12-24 21:40:29",17
"2018-12-24 22:40:29",17
"2018-12-24 23:40:29",17
"2018-12-25 00:40:30",17
"2018-12-25 01:40:29",17
"2018-12-25 02:40:30",17
"2018-12-25 03:40:29",17
"2018-12-25 04:40:30",17
"2018-12-25 05:40:29",17
"2018-12-25 06:40:30",17
"2018-12-25 07:40:30",17
"2018-12-25 08:40:29",17
"2018-12-25 09:40:29",17
"2018-12-25 10:40:29",17
"2018-12-25 11:40:29",17
"2018-12-25 12:40:30",17
"2018-12-25 13:40:30",17
"2018-12-25 14:40:30",17
"2018-12-25 15:40:30",17
"2018-12-25 16:40:29",17
"2018-12-25 17:40:29",17
"2018-12-25 18:40:30",17
"2018-12-25 19:40:30",17
"2018-12-25 20:40:29",17
"2018-12-25 21:40:30",17
"2018-12-25 22:40:29",17
"2018-12-25 23:40:29",17
"2018-12-26 00:40:29",17
"2018-12-26 01:40:30",17
"2018-12-26 02:40:30",17
"2018-12-26 03:40:29",17
"2018-12-26 04:40:29",17
"2018-12-26 05:40:29",17
"2018-12-26 06:40:30",17
"2018-12-26 07:40:29",17
"2018-12-26 08:40:30",17
"2018-12-26 09:40:29",17
"2018-12-26 10:40:30",17
"2018-12-26 11:40:29",17
"2018-12-26 12:40:30",17
"2018-12-26 13:40:31",17
"2018-12-26 15:05:34",17
"2018-12-26 15:40:30",17
"2018-12-26 16:40:30",17
"2018-12-26 17:40:30",17
"2018-12-26 18:40:29",17
"2018-12-26 19:40:30",17
"2018-12-26 20:40:29",17
"2018-12-26 21:40:30",17
"2018-12-26 22:40:30",17
"2018-12-26 23:40:30",17
"2018-12-27 00:40:30",17
"2018-12-27 01:40:30",17
"2018-12-27 02:40:30",17
"2018-12-27 03:40:30",17
"2018-12-27 04:40:29",17
"2018-12-27 05:40:30",17
"2018-12-27 06:40:29",17
"2018-12-27 07:40:29",17
"2018-12-27 08:40:30",17
"2018-12-27 09:40:30",17
"2018-12-27 10:40:29",17
"2018-12-27 11:40:30",17
"2018-12-27 12:40:29",17
"2018-12-27 13:40:29",17
"2018-12-27 14:40:29",17
"2018-12-27 15:40:29",17
"2018-12-27 16:40:30",17
"2018-12-27 17:40:30",17
"2018-12-27 18:40:30",17
"2018-12-27 19:40:30",17
"2018-12-27 20:40:29",17
"2018-12-27 21:40:30",17
"2018-12-27 22:40:32",17
"2018-12-27 23:40:32",17
"2018-12-28 00:40:30",17
"2018-12-28 01:40:30",17
"2018-12-28 02:40:30",17
"2018-12-28 03:40:29",17
"2018-12-28 04:40:30",17
"2018-12-28 05:40:30",17
"2018-12-28 06:40:30",17
"2018-12-28 07:40:31",17
"2018-12-28 08:40:30",17
"2018-12-28 09:40:30",17
"2018-12-28 10:40:29",17
"2018-12-28 11:40:30",17
"2018-12-28 12:40:29",17
"2018-12-28 13:40:29",17
"2018-12-28 14:40:30",17
"2018-12-28 16:06:03",17
"2018-12-28 16:40:30",17
"2018-12-28 17:40:30",17
"2018-12-28 18:40:30",17
"2018-12-28 19:40:30",17
"2018-12-28 20:40:30",17
"2018-12-28 21:40:30",17
"2018-12-28 22:40:29",17
"2018-12-28 23:40:31",17
"2018-12-29 00:40:29",17
"2018-12-29 01:40:29",17
"2018-12-29 02:40:30",17
"2018-12-29 03:40:29",17
"2018-12-29 04:40:30",17
"2018-12-29 05:40:30",17
"2018-12-29 06:40:29",17
"2018-12-29 07:40:30",17
"2018-12-29 08:40:31",17
"2018-12-29 09:40:30",17
"2018-12-29 10:40:30",17
"2018-12-29 11:40:30",17
"2018-12-29 12:40:30",17
"2018-12-29 13:40:29",17
"2018-12-29 14:40:29",17
"2018-12-29 15:40:29",17
"2018-12-29 16:40:30",17
"2018-12-29 17:40:30",17
"2018-12-29 18:40:29",17
"2018-12-29 19:40:30",17
"2018-12-29 20:40:29",17
"2018-12-29 21:40:31",17
"2018-12-29 22:40:30",17
"2018-12-29 23:40:30",17
"2018-12-30 00:40:30",17
"2018-12-30 01:40:30",17
"2018-12-30 02:40:29",17
"2018-12-30 03:40:29",17
"2018-12-30 04:40:29",17
"2018-12-30 05:40:29",17
"2018-12-30 06:40:29",17
"2018-12-30 07:40:29",17
"2018-12-30 08:40:29",17
"2018-12-30 09:40:29",17
"2018-12-30 10:40:29",17
"2018-12-30 11:40:30",17
"2018-12-30 12:40:30",17
"2018-12-30 13:40:30",17
"2018-12-30 14:40:29",17
"2018-12-30 15:40:29",17
"2018-12-30 16:40:29",17
"2018-12-30 17:40:30",17
"2018-12-30 18:40:29",17
"2018-12-30 19:40:30",17
"2018-12-30 20:40:29",17
"2018-12-30 21:40:30",17
"2018-12-30 22:40:30",17
"2018-12-30 23:40:29",17
"2018-12-31 00:40:29",17
"2018-12-31 01:40:30",17
"2018-12-31 02:40:29",17
"2018-12-31 03:40:30",17
"2018-12-31 04:40:30",17
"2018-12-31 05:40:29",17
"2018-12-31 06:40:29",17
"2018-12-31 07:40:29",17
"2018-12-31 08:40:29",17
"2018-12-31 09:40:30",17
"2018-12-31 10:40:30",17
"2018-12-31 11:40:30",17
"2018-12-31 12:40:29",17
"2018-12-31 13:40:29",17
"2018-12-31 14:40:31",17
"2018-12-31 15:40:30",17
"2018-12-31 16:40:30",17
"2018-12-31 17:40:31",17
"2018-12-31 18:40:31",17
"2018-12-31 19:40:31",17
"2018-12-31 20:40:31",17
"2018-12-31 21:40:31",17
"2018-12-31 22:40:31",17
"2018-12-31 23:40:31",17
"2019-01-01 00:40:32",17
"2019-01-01 01:40:31",17
"2019-01-01 02:40:31",17
"2019-01-01 03:40:30",17
"2019-01-01 04:40:31",17
"2019-01-01 05:40:30",17
"2019-01-01 06:40:31",17
"2019-01-01 07:40:31",17
"2019-01-01 08:40:31",17
"2019-01-01 09:40:30",17
"2019-01-01 10:40:30",17
"2019-01-01 11:40:31",17
"2019-01-01 12:40:30",17
"2019-01-01 13:40:30",17
"2019-01-01 14:40:31",17
"2019-01-01 15:40:31",17
"2019-01-01 16:40:31",17
"2019-01-01 17:40:31",17
"2019-01-01 18:40:30",17
"2019-01-01 19:40:31",17
"2019-01-01 20:40:31",17
"2019-01-01 21:40:30",17
"2019-01-01 22:40:32",17
"2019-01-01 23:40:30",17
"2019-01-02 00:40:31",17
"2019-01-02 01:40:30",17
"2019-01-02 02:40:30",17
"2019-01-02 03:40:31",17
"2019-01-02 04:40:31",17
"2019-01-02 05:40:31",17
"2019-01-02 06:40:31",17
"2019-01-02 07:40:31",17
"2019-01-02 08:40:31",17
"2019-01-02 09:40:31",17
"2019-01-02 10:40:31",17
"2019-01-02 11:40:30",17
"2019-01-02 12:40:30",17
"2019-01-02 13:40:31",17
"2019-01-02 15:05:35",17
"2019-01-02 15:40:31",17
"2019-01-02 16:40:30",17
"2019-01-02 17:40:30",17
"2019-01-02 18:40:31",17
"2019-01-02 19:40:30",17
"2019-01-02 20:40:31",17
"2019-01-02 21:40:30",17
"2019-01-02 22:40:30",17
"2019-01-02 23:40:31",17
"2019-01-03 00:40:31",17
"2019-01-03 01:40:31",17
"2019-01-03 02:40:31",17
"2019-01-03 03:40:31",17
"2019-01-03 05:40:31",17
"2019-01-03 06:40:31",17
"2019-01-03 07:40:31",17
"2019-01-03 08:40:31",17
"2019-01-03 09:40:31",17
"2019-01-03 10:40:31",17
"2019-01-03 11:40:30",17
"2019-01-03 12:40:31",17
"2019-01-03 13:40:30",17
"2019-01-03 14:40:31",17
"2019-01-03 15:40:31",17
"2019-01-03 16:40:32",17
"2019-01-03 17:40:32",17
"2019-01-03 18:40:31",17
"2019-01-03 19:40:32",17
"2019-01-03 20:40:31",17
"2019-01-03 21:40:31",17
"2019-01-03 22:40:31",17
"2019-01-03 23:40:30",17
"2019-01-04 00:40:31",17
"2019-01-04 01:40:31",17
"2019-01-04 02:40:32",17
"2019-01-04 03:40:31",17
"2019-01-04 04:40:30",17
"2019-01-04 05:40:31",17
"2019-01-04 06:40:30",17
"2019-01-04 07:40:31",17
"2019-01-04 08:40:30",17
"2019-01-04 09:40:30",17
"2019-01-04 10:40:30",17
"2019-01-04 11:40:31",17
"2019-01-04 12:40:31",17
"2019-01-04 13:40:31",17
"2019-01-04 15:05:05",17
"2019-01-04 15:40:31",17
"2019-01-04 16:40:31",17
"2019-01-04 17:40:30",17
"2019-01-04 18:40:31",17
"2019-01-04 19:40:31",17
"2019-01-04 20:40:31",17
"2019-01-04 21:40:31",17
"2019-01-04 22:40:30",17
"2019-01-04 23:40:31",17
"2019-01-05 00:40:32",17
"2019-01-05 01:40:31",17
"2019-01-05 02:40:32",17
"2019-01-05 03:40:31",17
"2019-01-05 04:40:31",17
"2019-01-05 05:40:31",17
"2019-01-05 06:40:30",17
"2019-01-05 07:40:30",17
"2019-01-05 08:40:31",17
"2019-01-05 09:40:30",17
"2019-01-05 10:40:31",17
"2019-01-05 11:40:30",17
"2019-01-05 12:40:31",17
"2019-01-05 13:40:31",17
"2019-01-05 14:40:31",17
"2019-01-05 15:40:30",17
"2019-01-05 16:40:31",17
"2019-01-05 17:40:31",17
"2019-01-05 18:40:31",17
"2019-01-05 19:40:31",17
"2019-01-05 20:40:30",17
"2019-01-05 21:40:32",17
"2019-01-05 22:40:30",17
"2019-01-05 23:40:31",17
"2019-01-06 00:40:31",17
"2019-01-06 01:40:31",17
"2019-01-06 02:40:30",17
"2019-01-06 03:40:30",17
"2019-01-06 04:40:31",17
"2019-01-06 05:40:31",17
"2019-01-06 06:40:30",17
"2019-01-06 07:40:31",17
"2019-01-06 08:40:30",17
"2019-01-06 09:40:30",17
"2019-01-06 10:40:30",17
"2019-01-06 11:40:30",17
"2019-01-06 12:40:31",17
"2019-01-06 13:40:30",17
"2019-01-06 14:40:30",17
"2019-01-06 15:40:31",17
"2019-01-06 16:40:31",17
"2019-01-06 17:40:31",17
"2019-01-06 18:40:30",17
"2019-01-06 19:40:30",17
"2019-01-06 20:40:30",17
"2019-01-06 21:40:30",17
"2019-01-06 22:40:30",17
"2019-01-06 23:40:30",17
"2019-01-07 00:40:30",17
"2019-01-07 01:40:30",17
"2019-01-07 02:40:31",17
"2019-01-07 03:40:31",17
"2019-01-07 04:40:31",17
"2019-01-07 05:40:30",17
"2019-01-07 06:40:31",17
"2019-01-07 07:40:30",17
"2019-01-07 08:40:30",17
"2019-01-07 09:40:31",17
"2019-01-07 10:40:31",17
"2019-01-07 11:40:30",17
"2019-01-07 12:40:32",17
"2019-01-07 14:06:03",17
"2019-01-07 14:40:31",17
"2019-01-07 15:40:31",17
"2019-01-07 16:40:31",17
"2019-01-07 17:40:32",17
"2019-01-07 18:40:31",17
"2019-01-07 19:40:30",17
"2019-01-07 20:40:31",17
"2019-01-07 21:40:32",17
"2019-01-07 22:40:31",17
"2019-01-07 23:40:31",17
"2019-01-08 00:40:30",17
"2019-01-08 01:40:31",17
"2019-01-08 02:40:31",17
"2019-01-08 03:40:31",17
"2019-01-08 04:40:31",17
"2019-01-08 05:40:31",17
"2019-01-08 06:40:31",17
"2019-01-08 07:40:31",17
"2019-01-08 08:40:31",17
"2019-01-08 09:40:30",17
"2019-01-08 10:40:31",17
"2019-01-08 11:40:30",17
"2019-01-08 12:40:30",17
"2019-01-08 13:40:31",17
"2019-01-08 14:40:32",17
"2019-01-08 15:40:31",17
"2019-01-08 16:40:30",17
"2019-01-08 17:40:31",17
"2019-01-08 18:40:31",17
"2019-01-08 19:40:31",17
"2019-01-08 20:40:30",17
"2019-01-08 21:40:31",17
"2019-01-08 22:40:30",17
"2019-01-08 23:40:31",17
"2019-01-09 00:40:31",17
"2019-01-09 01:40:31",17
"2019-01-09 02:40:32",17
"2019-01-09 03:40:35",17
"2019-01-09 04:40:31",17
"2019-01-09 05:40:31",17
"2019-01-09 06:40:31",17
"2019-01-09 07:40:31",17
"2019-01-09 08:40:31",17
"2019-01-09 09:40:31",17
"2019-01-09 10:40:31",17
"2019-01-09 11:40:31",17
"2019-01-09 12:40:30",17
"2019-01-09 14:06:05",17
"2019-01-09 14:40:32",17
"2019-01-09 15:40:31",17
"2019-01-09 16:40:32",17
"2019-01-09 17:40:31",17
"2019-01-09 18:40:32",17
"2019-01-09 19:40:32",17
"2019-01-09 20:40:33",17
"2019-01-09 21:40:32",17
"2019-01-09 22:40:32",17
"2019-01-09 23:40:32",17
"2019-01-10 00:40:31",17
"2019-01-10 01:40:31",17
"2019-01-10 02:40:32",17
"2019-01-10 03:40:31",17
"2019-01-10 04:40:31",17
"2019-01-10 05:40:32",17
"2019-01-10 06:40:31",17
"2019-01-10 07:40:32",17
"2019-01-10 08:40:32",17
"2019-01-10 09:40:32",17
"2019-01-10 10:40:32",17
"2019-01-10 11:40:31",17
"2019-01-10 12:40:31",17
"2019-01-10 13:40:32",17
"2019-01-10 15:05:06",17
"2019-01-10 15:40:33",17
"2019-01-10 16:40:31",17
"2019-01-10 17:40:32",17
"2019-01-10 18:40:32",18
"2019-01-10 19:40:31",18
"2019-01-10 20:40:32",18
"2019-01-10 21:40:32",18
"2019-01-10 22:40:31",18
"2019-01-10 23:40:32",18
"2019-01-11 00:40:32",18
"2019-01-11 01:40:31",18
"2019-01-11 02:40:32",18
"2019-01-11 03:40:32",18
"2019-01-11 04:40:31",18
"2019-01-11 05:40:32",18
"2019-01-11 06:40:31",18
"2019-01-11 07:40:33",18
"2019-01-11 08:40:32",18
"2019-01-11 09:40:31",18
"2019-01-11 10:40:31",18
"2019-01-11 11:40:32",18
"2019-01-11 12:40:33",18
"2019-01-11 13:40:31",18
"2019-01-11 14:40:33",18
"2019-01-11 15:40:32",18
"2019-01-11 16:40:31",18
"2019-01-11 17:40:31",18
"2019-01-11 18:40:32",18
"2019-01-11 19:40:32",18
"2019-01-11 20:40:32",18
"2019-01-11 21:40:31",18
"2019-01-11 22:40:32",18
"2019-01-11 23:40:31",18
"2019-01-12 00:40:32",18
"2019-01-12 01:40:33",18
"2019-01-12 02:40:31",18
"2019-01-12 03:40:32",18
"2019-01-12 04:40:31",18
"2019-01-12 05:40:31",18
"2019-01-12 06:40:32",18
"2019-01-12 07:40:31",18
"2019-01-12 08:40:32",18
"2019-01-12 09:40:32",18
"2019-01-12 10:40:32",18
"2019-01-12 11:40:32",18
"2019-01-12 12:40:31",18
"2019-01-12 13:40:31",18
"2019-01-12 14:40:32",18
"2019-01-12 15:40:31",18
"2019-01-12 16:40:32",18
"2019-01-12 17:40:32",18
"2019-01-12 18:40:31",18
"2019-01-12 19:40:32",18
"2019-01-12 20:40:32",18
"2019-01-12 21:40:32",18
"2019-01-12 22:40:32",18
"2019-01-12 23:40:33",18
"2019-01-13 00:40:32",18
"2019-01-13 01:40:31",18
"2019-01-13 02:40:32",18
"2019-01-13 03:40:32",18
"2019-01-13 04:40:33",18
"2019-01-13 05:40:32",18
"2019-01-13 06:40:31",18
"2019-01-13 07:40:32",18
"2019-01-13 08:40:31",18
"2019-01-13 09:40:32",18
"2019-01-13 10:40:33",18
"2019-01-13 11:40:32",18
"2019-01-13 12:40:31",18
"2019-01-13 13:40:32",18
"2019-01-13 14:40:31",18
"2019-01-13 15:40:32",18
"2019-01-13 16:40:31",18
"2019-01-13 17:40:32",18
"2019-01-13 18:40:31",18
"2019-01-13 19:40:32",18
"2019-01-13 20:40:32",18
"2019-01-13 21:40:31",18
"2019-01-13 22:40:32",18
"2019-01-13 23:40:32",18
"2019-01-14 00:40:31",18
"2019-01-14 01:40:31",18
"2019-01-14 02:40:32",18
"2019-01-14 03:40:31",18
"2019-01-14 04:40:32",18
"2019-01-14 05:40:32",18
"2019-01-14 06:40:32",18
"2019-01-14 07:40:31",18
"2019-01-14 08:40:32",18
"2019-01-14 09:40:32",18
"2019-01-14 10:40:32",18
"2019-01-14 11:40:32",18
"2019-01-14 12:40:32",18
"2019-01-14 13:40:31",18
"2019-01-14 14:40:31",18
"2019-01-14 15:40:32",18
"2019-01-14 16:40:32",18
"2019-01-14 17:40:32",18
"2019-01-14 18:40:31",18
"2019-01-14 19:40:32",18
"2019-01-14 20:40:31",18
"2019-01-14 21:40:31",18
"2019-01-14 22:40:31",18
"2019-01-14 23:40:31",18
"2019-01-15 00:40:32",18
"2019-01-15 01:40:31",18
"2019-01-15 02:40:31",18
"2019-01-15 03:40:31",18
"2019-01-15 04:40:32",18
"2019-01-15 05:40:31",18
"2019-01-15 06:40:31",18
"2019-01-15 07:40:32",18
"2019-01-15 08:40:31",18
"2019-01-15 09:40:31",18
"2019-01-15 10:40:31",18
"2019-01-15 11:40:31",18
"2019-01-15 12:40:31",18
"2019-01-15 13:40:31",18
"2019-01-15 14:40:33",18
"2019-01-15 15:40:32",18
"2019-01-15 16:40:31",18
"2019-01-15 17:40:32",18
"2019-01-15 18:40:32",18
"2019-01-15 19:40:32",18
"2019-01-15 20:40:32",18
"2019-01-15 21:40:32",18
"2019-01-15 22:40:32",18
"2019-01-15 23:40:32",18
"2019-01-16 00:40:31",18
"2019-01-16 01:40:33",18
"2019-01-16 02:40:32",18
"2019-01-16 03:40:31",18
"2019-01-16 04:40:32",18
"2019-01-16 05:40:31",18
"2019-01-16 06:40:31",18
"2019-01-16 07:40:31",18
"2019-01-16 08:40:31",18
"2019-01-16 09:40:32",18
"2019-01-16 10:40:31",18
"2019-01-16 11:40:31",18
"2019-01-16 12:40:31",18
"2019-01-16 14:07:04",18
"2019-01-16 15:06:05",18
"2019-01-16 15:40:32",18
"2019-01-16 16:40:32",18
"2019-01-16 17:40:31",18
"2019-01-16 18:40:32",18
"2019-01-16 19:40:32",18
"2019-01-16 20:40:32",18
"2019-01-16 21:40:32",18
"2019-01-16 22:40:31",18
"2019-01-16 23:40:31",18
"2019-01-17 00:40:31",18
"2019-01-17 01:40:32",18
"2019-01-17 02:40:32",18
"2019-01-17 03:40:31",18
"2019-01-17 04:40:32",18
"2019-01-17 05:40:31",18
"2019-01-17 06:40:32",18
"2019-01-17 07:40:31",18
"2019-01-17 08:40:31",18
"2019-01-17 09:40:32",18
"2019-01-17 10:40:32",18
"2019-01-17 11:40:31",18
"2019-01-17 12:40:31",18
"2019-01-17 13:40:31",18
"2019-01-17 15:06:37",18
"2019-01-17 15:40:33",18
"2019-01-17 16:40:32",18
"2019-01-17 17:40:32",18
"2019-01-17 18:40:33",18
"2019-01-17 19:40:33",18
"2019-01-17 20:40:32",18
"2019-01-17 21:40:32",18
"2019-01-17 22:40:33",18
"2019-01-17 23:40:32",18
"2019-01-18 00:40:32",18
"2019-01-18 01:40:32",18
"2019-01-18 02:40:32",18
"2019-01-18 03:40:33",18
"2019-01-18 04:40:32",18
"2019-01-18 05:40:32",18
"2019-01-18 06:40:32",18
"2019-01-18 07:40:33",18
"2019-01-18 08:40:32",18
"2019-01-18 09:40:33",18
"2019-01-18 10:40:32",18
"2019-01-18 11:40:31",18
"2019-01-18 12:40:33",18
"2019-01-18 13:40:32",18
"2019-01-18 14:40:34",18
"2019-01-18 15:40:33",18
"2019-01-18 16:40:33",18
"2019-01-18 17:40:34",17
"2019-01-18 18:40:33",17
"2019-01-18 19:40:32",17
"2019-01-18 20:40:33",17
"2019-01-18 21:40:32",17
"2019-01-18 22:40:32",17
"2019-01-18 23:40:33",17
"2019-01-19 00:40:32",17
"2019-01-19 01:40:33",17
"2019-01-19 02:40:33",17
"2019-01-19 03:40:33",17
"2019-01-19 04:40:33",17
"2019-01-19 05:40:32",17
"2019-01-19 06:40:32",17
"2019-01-19 07:40:32",17
"2019-01-19 08:40:32",17
"2019-01-19 09:40:33",17
"2019-01-19 10:40:33",17
"2019-01-19 11:40:32",17
"2019-01-19 12:40:32",17
"2019-01-19 13:40:33",17
"2019-01-19 14:40:32",17
"2019-01-19 15:40:33",17
"2019-01-19 16:40:33",17
"2019-01-19 17:40:32",17
"2019-01-19 18:40:32",17
"2019-01-19 19:40:32",17
"2019-01-19 20:40:32",17
"2019-01-19 21:40:32",17
"2019-01-19 22:40:32",17
"2019-01-19 23:40:33",17
"2019-01-20 00:40:33",17
"2019-01-20 01:40:32",17
"2019-01-20 02:40:33",17
"2019-01-20 03:40:32",17
"2019-01-20 04:40:33",17
"2019-01-20 05:40:33",17
"2019-01-20 06:40:32",17
"2019-01-20 07:40:33",17
"2019-01-20 08:40:33",17
"2019-01-20 09:40:32",17
"2019-01-20 10:40:32",17
"2019-01-20 11:40:33",17
"2019-01-20 12:40:32",17
"2019-01-20 13:40:32",17
"2019-01-20 14:40:32",17
"2019-01-20 15:40:33",17
"2019-01-20 16:40:33",17
"2019-01-20 17:40:33",17
"2019-01-20 18:40:32",17
"2019-01-20 19:40:32",17
"2019-01-20 20:40:32",17
"2019-01-20 21:40:32",17
"2019-01-20 22:40:33",17
"2019-01-20 23:40:33",17
"2019-01-21 00:40:32",17
"2019-01-21 01:40:33",17
"2019-01-21 02:40:33",17
"2019-01-21 03:40:33",17
"2019-01-21 04:40:33",17
"2019-01-21 05:40:33",17
"2019-01-21 06:40:32",17
"2019-01-21 07:40:32",17
"2019-01-21 08:40:32",17
"2019-01-21 09:40:33",17
"2019-01-21 10:40:33",17
"2019-01-21 11:40:32",17
"2019-01-21 12:40:33",17
"2019-01-21 13:40:32",17
"2019-01-21 14:40:32",17
"2019-01-21 15:40:32",17
"2019-01-21 16:40:32",17
"2019-01-21 17:40:32",17
"2019-01-21 18:40:32",17
"2019-01-21 19:40:32",17
"2019-01-21 20:40:32",17
"2019-01-21 21:40:32",17
"2019-01-21 22:40:33",17
"2019-01-21 23:40:32",17
"2019-01-22 00:40:32",17
"2019-01-22 01:40:31",17
"2019-01-22 02:40:33",17
"2019-01-22 03:40:32",17
"2019-01-22 04:40:33",17
"2019-01-22 05:40:33",17
"2019-01-22 06:40:32",17
"2019-01-22 07:40:32",17
"2019-01-22 08:40:32",17
"2019-01-22 09:40:32",17
"2019-01-22 10:40:32",17
"2019-01-22 11:40:32",17
"2019-01-22 12:40:32",17
"2019-01-22 13:40:32",17
"2019-01-22 14:40:32",17
"2019-01-22 15:40:32",17
"2019-01-22 16:40:32",17
"2019-01-22 17:40:32",18
"2019-01-22 18:40:32",19
"2019-01-22 19:40:33",19
"2019-01-22 20:40:33",19
"2019-01-22 21:40:33",19
"2019-01-22 22:40:32",19
"2019-01-22 23:40:32",19
"2019-01-23 00:40:32",19
"2019-01-23 01:40:32",19
"2019-01-23 02:40:32",19
"2019-01-23 03:40:33",19
"2019-01-23 04:40:33",19
"2019-01-23 05:40:33",19
"2019-01-23 06:40:33",19
"2019-01-23 07:40:32",19
"2019-01-23 08:40:33",19
"2019-01-23 09:40:33",19
"2019-01-23 10:40:32",19
"2019-01-23 11:40:32",19
"2019-01-23 12:40:33",19
"2019-01-23 13:40:33",19
"2019-01-23 15:04:35",19
"2019-01-23 15:40:32",19
"2019-01-23 16:40:31",19
"2019-01-23 17:40:32",19
"2019-01-23 18:40:32",19
"2019-01-23 19:40:32",19
"2019-01-23 20:40:32",19
"2019-01-23 21:40:32",19
"2019-01-23 22:40:32",19
"2019-01-23 23:40:32",19
"2019-01-30 08:06:57",17
"2019-01-30 08:09:13",17
"2019-01-30 08:12:30",17
"2019-01-30 08:18:35",17
"2019-01-30 08:41:06",17
"2019-01-30 08:41:11",17
"2019-01-30 09:41:04",17
"2019-01-30 09:41:09",17
"2019-01-30 10:41:05",17
"2019-01-30 10:41:10",17
"2019-01-30 11:41:06",17
"2019-01-30 11:41:11",17
"2019-01-30 12:41:07",17
"2019-01-30 12:41:12",17
"2019-01-30 13:41:06",17
"2019-01-30 13:41:11",17
"2019-01-30 14:41:07",17
"2019-01-30 14:41:12",17
"2019-01-30 15:41:05",17
"2019-01-30 15:41:10",17
"2019-01-30 16:41:06",16
"2019-01-30 16:41:11",16
"2019-01-30 17:41:07",16
"2019-01-30 17:41:12",16
"2019-01-30 18:41:05",16
"2019-01-30 18:41:10",16
"2019-01-30 19:41:08",16
"2019-01-30 19:41:13",16
"2019-01-30 20:41:05",17
"2019-01-30 20:41:10",17
"2019-01-30 21:41:07",17
"2019-01-30 21:41:12",17
"2019-01-30 22:41:04",17
"2019-01-30 22:41:10",17
"2019-01-30 23:41:06",17
"2019-01-30 23:41:11",17
"2019-01-31 00:41:09",17
"2019-01-31 00:41:14",17
"2019-01-31 01:41:04",17
"2019-01-31 01:41:09",17
"2019-01-31 02:41:07",17
"2019-01-31 02:41:12",17
"2019-01-31 03:41:06",17
"2019-01-31 03:41:11",17
"2019-01-31 04:41:05",17
"2019-01-31 04:41:10",17
"2019-01-31 05:41:05",17
"2019-01-31 05:41:10",17
"2019-01-31 06:41:10",17
"2019-01-31 06:41:11",17
"2019-01-31 08:09:25",17
"2019-01-31 08:14:01",17
"2019-01-31 08:40:37",17
"2019-01-31 10:04:10",17
"2019-01-31 10:40:37",17
"2019-01-31 11:40:36",17
"2019-01-31 12:40:36",17
"2019-01-31 13:40:37",17
"2019-01-31 15:40:36",17
"2019-01-31 16:40:40",17
"2019-01-31 17:40:37",18
"2019-01-31 18:40:37",18
"2019-01-31 19:40:39",18
"2019-01-31 20:40:37",18
"2019-01-31 21:40:37",18
"2019-01-31 22:40:36",18
"2019-01-31 23:40:36",18
"2019-02-01 00:40:37",18
"2019-02-01 01:40:37",18
"2019-02-01 02:40:39",18
"2019-02-01 03:40:37",18
"2019-02-01 04:40:37",18
"2019-02-01 05:40:36",18
"2019-02-01 06:40:36",18
"2019-02-01 07:40:37",18
"2019-02-01 08:40:37",18
"2019-02-01 09:40:36",18
"2019-02-01 10:40:37",18
"2019-02-01 11:40:37",18
"2019-02-01 12:40:36",18
"2019-02-01 13:40:37",18
"2019-02-01 14:40:37",18
"2019-02-01 15:40:37",17
"2019-02-01 16:40:37",18
"2019-02-01 17:40:36",17
"2019-02-01 18:40:38",17
"2019-02-01 19:40:38",17
"2019-02-01 20:40:36",17
"2019-02-01 21:40:38",17
"2019-02-01 22:40:38",17
"2019-02-02 00:05:39",17
"2019-02-02 00:40:38",17
"2019-02-02 01:40:37",17
"2019-02-02 02:40:38",17
"2019-02-02 03:40:36",17
"2019-02-02 04:40:36",17
"2019-02-02 05:40:36",17
"2019-02-02 06:40:36",17
"2019-02-02 07:40:36",17
"2019-02-02 08:40:36",17
"2019-02-02 09:40:37",17
"2019-02-02 10:40:36",17
"2019-02-02 11:40:37",17
"2019-02-02 12:40:37",17
"2019-02-02 13:40:37",17
"2019-02-02 14:40:38",17
"2019-02-02 15:40:36",17
"2019-02-02 16:40:38",17
"2019-02-02 17:40:37",17
"2019-02-02 18:40:38",17
"2019-02-02 19:40:36",17
"2019-02-02 20:40:38",17
"2019-02-02 21:40:36",17
"2019-02-02 22:40:37",17
"2019-02-02 23:40:37",17
"2019-02-03 00:40:38",17
"2019-02-03 01:40:37",17
"2019-02-03 02:40:37",17
"2019-02-03 03:40:37",17
"2019-02-03 04:40:38",17
"2019-02-03 05:40:35",17
"2019-02-03 06:40:37",17
"2019-02-03 07:40:36",17
"2019-02-03 08:40:36",17
"2019-02-03 09:40:37",17
"2019-02-03 10:40:36",17
"2019-02-03 11:40:37",17
"2019-02-03 12:40:37",17
"2019-02-03 13:40:37",17
"2019-02-03 14:40:39",17
"2019-02-03 15:40:36",17
"2019-02-03 16:40:37",17
"2019-02-03 17:40:38",17
"2019-02-03 18:40:39",17
"2019-02-03 19:40:36",17
"2019-02-03 20:40:37",17
"2019-02-03 21:40:37",17
"2019-02-03 22:40:39",17
"2019-02-03 23:40:39",17
"2019-02-04 00:40:38",17
"2019-02-04 01:40:37",17
"2019-02-04 02:40:37",17
"2019-02-04 03:40:37",17
"2019-02-04 04:40:38",17
"2019-02-04 05:40:36",17
"2019-02-04 06:40:36",17
"2019-02-04 07:40:37",17
"2019-02-04 08:40:37",17
"2019-02-04 09:40:36",17
"2019-02-04 10:40:38",17
"2019-02-04 11:40:37",17
"2019-02-04 12:40:35",17
"2019-02-04 13:40:37",17
"2019-02-04 14:40:39",17
"2019-02-04 15:40:39",17
"2019-02-04 16:40:39",17
"2019-02-04 17:40:38",17
"2019-02-04 18:40:39",17
"2019-02-04 19:40:38",17
"2019-02-04 20:40:40",17
"2019-02-04 21:40:38",17
"2019-02-04 22:40:39",17
"2019-02-04 23:40:41",17
"2019-02-05 00:40:40",17
"2019-02-05 01:40:40",17
"2019-02-05 02:40:39",17
"2019-02-05 03:40:38",17
"2019-02-05 04:40:39",17
"2019-02-05 05:40:39",17
"2019-02-05 06:40:40",17
"2019-02-05 07:40:38",17
"2019-02-05 08:40:38",17
"2019-02-05 09:40:38",17
"2019-02-05 10:40:39",17
"2019-02-05 11:40:38",17
"2019-02-05 12:40:37",17
"2019-02-05 13:40:38",17
"2019-02-05 14:40:38",17
"2019-02-05 15:40:38",17
"2019-02-05 16:40:40",17
"2019-02-05 17:40:38",17
"2019-02-05 18:40:39",17
"2019-02-05 19:40:40",18
"2019-02-05 20:40:38",18
"2019-02-05 21:40:38",18
"2019-02-05 22:40:39",18
"2019-02-05 23:40:42",18
"2019-02-06 00:40:40",18
"2019-02-06 01:40:38",18
"2019-02-06 02:40:39",18
"2019-02-06 03:40:38",18
"2019-02-06 04:40:38",18
"2019-02-06 05:40:38",18
"2019-02-06 06:40:39",18
"2019-02-06 07:40:40",18
"2019-02-06 08:40:35",18
"2019-02-06 09:40:35",18
"2019-02-07 02:40:40",16
"2019-02-07 03:40:38",16
"2019-02-07 04:40:38",16
"2019-02-07 05:40:39",16
"2019-02-07 06:40:37",16
"2019-02-07 07:40:37",16
"2019-02-07 08:40:38",16
"2019-02-07 09:40:37",16
"2019-02-07 10:40:39",16
"2019-02-07 11:40:40",16
"2019-02-07 12:40:39",16
"2019-02-07 13:40:38",16
"2019-02-07 15:04:10",17
"2019-02-07 15:40:40",17
"2019-02-07 16:40:43",17
"2019-02-07 17:40:39",17
"2019-02-07 18:40:41",16
"2019-02-07 19:40:41",16
"2019-02-07 20:40:40",16
"2019-02-07 21:40:40",16
"2019-02-07 22:40:39",16
"2019-02-07 23:40:40",16
"2019-02-08 00:40:41",16
"2019-02-08 01:40:40",16
"2019-02-08 02:40:40",16
"2019-02-08 03:40:43",16
"2019-02-08 04:40:39",16
"2019-02-08 05:40:38",16
"2019-02-08 06:40:38",16
"2019-02-08 07:40:39",16
"2019-02-08 08:40:38",16
"2019-02-08 09:40:39",16
"2019-02-08 10:40:40",16
"2019-02-08 11:40:39",16
"2019-02-08 12:40:40",16
"2019-02-08 13:40:40",16
"2019-02-08 15:05:13",16
"2019-02-08 15:40:38",16
"2019-02-08 16:40:39",16
"2019-02-08 17:40:40",16
"2019-02-08 18:40:42",16
"2019-02-08 19:40:40",16
"2019-02-08 20:40:41",16
"2019-02-08 21:40:40",17
"2019-02-08 22:40:38",17
"2019-02-08 23:40:38",17
"2019-02-09 00:40:40",17
"2019-02-09 01:40:39",17
"2019-02-09 02:40:39",17
"2019-02-09 03:40:38",17
"2019-02-09 04:40:40",17
"2019-02-09 05:40:39",17
"2019-02-09 06:40:39",17
"2019-02-09 07:40:39",17
"2019-02-09 08:40:38",17
"2019-02-09 09:40:39",17
"2019-02-09 10:40:39",17
"2019-02-09 11:40:38",17
"2019-02-09 12:40:40",17
"2019-02-09 13:40:39",17
"2019-02-09 14:40:39",17
"2019-02-09 15:40:41",17
"2019-02-09 16:40:39",17
"2019-02-09 17:40:41",17
"2019-02-09 18:40:39",17
"2019-02-09 19:40:39",17
"2019-02-09 20:40:39",17
"2019-02-09 21:40:41",17
"2019-02-09 22:40:39",17
"2019-02-09 23:40:40",17
"2019-02-10 00:40:38",17
"2019-02-10 01:40:40",17
"2019-02-10 02:40:39",17
"2019-02-10 03:40:38",17
"2019-02-10 04:40:41",17
"2019-02-10 05:40:41",17
"2019-02-10 06:40:39",17
"2019-02-10 07:40:38",17
"2019-02-10 08:40:39",17
"2019-02-10 09:40:38",17
"2019-02-10 10:40:39",17
"2019-02-10 11:40:38",17
"2019-02-10 12:40:39",17
"2019-02-10 13:40:40",17
"2019-02-10 14:40:40",17
"2019-02-10 15:40:41",17
"2019-02-10 16:40:41",17
"2019-02-10 17:40:38",17
"2019-02-10 18:40:38",17
"2019-02-10 19:40:41",17
"2019-02-10 20:40:40",17
"2019-02-10 21:40:38",17
"2019-02-10 22:40:40",17
"2019-02-10 23:40:41",17
"2019-02-11 00:40:40",17
"2019-02-11 01:40:41",17
"2019-02-11 02:40:41",17
"2019-02-11 03:40:40",17
"2019-02-11 04:40:42",17
"2019-02-11 05:40:39",17
"2019-02-11 06:40:40",17
"2019-02-11 07:40:38",17
"2019-02-11 08:40:39",17
"2019-02-11 09:40:40",17
"2019-02-11 10:40:40",17
"2019-02-11 11:40:38",17
"2019-02-11 12:40:39",17
"2019-02-11 13:40:39",17
"2019-02-11 14:40:38",17
"2019-02-11 15:40:39",19
"2019-02-11 16:40:39",19
"2019-02-11 17:40:40",19
"2019-02-11 18:40:39",19
"2019-02-11 19:40:39",19
"2019-02-11 20:40:39",19
"2019-02-11 21:40:38",19
"2019-02-11 22:40:38",19
"2019-02-11 23:40:40",19
"2019-02-12 00:40:39",19
"2019-02-12 01:40:38",19
"2019-02-12 02:40:43",19
"2019-02-12 03:40:39",19
"2019-02-12 04:40:40",19
"2019-02-12 05:40:38",19
"2019-02-12 06:40:39",19
"2019-02-12 07:40:37",19
"2019-02-12 08:40:37",19
"2019-02-12 09:40:38",19
"2019-02-12 10:40:38",19
"2019-02-12 11:40:39",19
"2019-02-12 12:40:38",19
"2019-02-12 13:40:38",19
"2019-02-12 14:40:38",19
"2019-02-12 15:40:40",19
"2019-02-12 16:40:38",20
"2019-02-12 17:40:38",20
"2019-02-12 18:40:39",20
"2019-02-12 19:40:38",21
"2019-02-12 20:40:38",21
"2019-02-12 21:40:40",21
"2019-02-12 22:40:38",21
"2019-02-12 23:40:38",21
"2019-02-13 00:40:39",21
"2019-02-13 01:40:41",21
"2019-02-13 02:40:38",21
"2019-02-13 03:40:38",21
"2019-02-13 04:40:40",21
"2019-02-13 05:40:39",21
"2019-02-13 06:40:39",21
"2019-02-13 07:40:39",21
"2019-02-13 08:40:39",21
"2019-02-13 09:40:39",21
"2019-02-13 10:40:40",21
"2019-02-13 11:40:38",21
"2019-02-13 12:40:40",21
"2019-02-13 13:40:38",21
"2019-02-13 14:40:37",21
"2019-02-13 15:40:39",21
"2019-02-13 16:40:38",20
"2019-02-13 17:40:41",20
"2019-02-13 18:40:38",20
"2019-02-13 19:40:38",20
"2019-02-13 20:40:39",20
"2019-02-13 21:40:39",20
"2019-02-13 22:40:39",20
"2019-02-13 23:40:39",20
"2019-02-14 00:40:38",20
"2019-02-14 01:40:39",20
"2019-02-14 02:40:39",20
"2019-02-14 03:40:41",20
"2019-02-14 04:40:38",20
"2019-02-14 05:40:42",20
"2019-02-14 06:40:38",20
"2019-02-14 07:40:38",20
"2019-02-14 08:40:38",20
"2019-02-14 09:40:39",20
"2019-02-14 10:40:40",20
"2019-02-14 11:40:39",20
"2019-02-14 12:40:38",20
"2019-02-14 13:40:39",20
"2019-02-14 14:40:39",20
"2019-02-14 15:40:41",20
"2019-02-14 16:40:38",20
"2019-02-14 17:40:39",20
"2019-02-14 18:40:39",20
"2019-02-14 19:40:38",20
"2019-02-14 20:40:40",20
"2019-02-14 21:40:38",20
"2019-02-14 22:40:39",20
"2019-02-15 00:40:39",20
"2019-02-15 01:40:39",20
"2019-02-15 02:40:41",20
"2019-02-15 03:40:41",20
"2019-02-15 04:40:43",20
"2019-02-15 05:40:38",20
"2019-02-15 06:40:38",20
"2019-02-15 07:40:39",20
"2019-02-15 08:40:40",20
"2019-02-15 09:40:39",20
"2019-02-15 10:40:40",20
"2019-02-15 11:40:40",20
"2019-02-15 12:40:38",20
"2019-02-15 14:05:41",20
"2019-02-15 14:40:41",20
"2019-02-15 15:40:44",20
"2019-02-15 16:40:42",20
"2019-02-15 17:40:38",20
"2019-02-15 18:40:42",20
"2019-02-15 19:40:40",21
"2019-02-15 20:40:39",21
"2019-02-15 21:40:41",21
"2019-02-15 22:40:39",21
"2019-02-15 23:40:40",21
"2019-02-16 00:40:40",21
"2019-02-16 01:40:46",21
"2019-02-16 02:40:43",21
"2019-02-16 03:40:42",21
"2019-02-16 04:40:38",21
"2019-02-16 05:40:40",21
"2019-02-16 06:40:39",21
"2019-02-16 07:40:38",21
"2019-02-16 08:40:39",21
"2019-02-16 09:40:41",21
"2019-02-16 10:40:41",21
"2019-02-16 11:40:38",21
"2019-02-16 12:40:40",21
"2019-02-16 13:40:40",21
"2019-02-16 14:40:38",21
"2019-02-16 15:40:43",21
"2019-02-16 16:40:38",21
"2019-02-16 17:40:38",21
"2019-02-16 18:40:40",21
"2019-02-16 19:40:38",21
"2019-02-16 20:40:40",21
"2019-02-16 21:40:40",21
"2019-02-16 22:40:40",21
"2019-02-16 23:40:38",21
"2019-02-17 00:40:41",21
"2019-02-17 01:40:40",21
"2019-02-17 02:40:38",21
"2019-02-17 03:40:39",21
"2019-02-17 04:40:38",21
"2019-02-17 05:40:39",21
"2019-02-17 06:40:38",21
"2019-02-17 07:40:40",21
"2019-02-17 08:40:39",21
"2019-02-17 09:40:38",21
"2019-02-17 10:40:39",21
"2019-02-17 11:40:40",21
"2019-02-17 12:40:38",21
"2019-02-17 13:40:40",21
"2019-02-17 14:40:38",21
"2019-02-17 15:40:40",21
"2019-02-17 16:40:40",21
"2019-02-17 17:40:39",21
"2019-02-17 18:40:40",21
"2019-02-17 19:40:39",21
"2019-02-17 20:40:40",21
"2019-02-17 21:40:38",21
"2019-02-17 22:40:39",21
"2019-02-17 23:40:40",21
"2019-02-18 00:40:39",21
"2019-02-18 01:40:40",21
"2019-02-18 02:40:42",21
"2019-02-18 03:40:40",21
"2019-02-18 04:40:38",21
"2019-02-18 05:40:39",21
"2019-02-18 06:40:38",21
"2019-02-18 07:40:39",21
"2019-02-18 08:40:39",21
"2019-02-18 09:40:41",21
"2019-02-18 10:40:39",21
"2019-02-18 11:40:39",21
"2019-02-18 12:40:40",21
"2019-02-18 13:40:43",21
"2019-02-18 14:40:38",21
"2019-02-18 15:40:40",21
"2019-02-18 16:40:40",21
"2019-02-18 17:40:40",21
"2019-02-18 18:40:40",21
"2019-02-18 19:40:40",21
"2019-02-18 20:40:39",21
"2019-02-18 21:40:39",21
"2019-02-18 22:40:37",21
"2019-02-18 23:40:39",21
"2019-02-19 00:40:38",21
"2019-02-19 01:40:42",21
"2019-02-19 02:40:40",21
"2019-02-19 03:40:40",21
"2019-02-19 04:40:40",21
"2019-02-19 05:40:38",21
"2019-02-19 06:40:39",21
"2019-02-19 07:40:39",21
"2019-02-19 08:40:39",21
"2019-02-19 09:40:38",21
"2019-02-19 10:40:38",21
"2019-02-19 11:40:37",21
"2019-02-19 12:40:37",21
"2019-02-19 14:05:12",21
"2019-02-19 14:40:41",21
"2019-02-19 15:40:42",24
"2019-02-19 16:40:41",24
"2019-02-19 17:40:41",24
"2019-02-19 18:40:43",24
"2019-02-19 19:40:41",24
"2019-02-19 20:40:43",24
"2019-02-19 21:40:41",24
"2019-02-19 22:40:41",24
"2019-02-19 23:40:40",24
"2019-02-20 00:40:45",24
"2019-02-20 01:40:41",24
"2019-02-20 02:40:41",24
"2019-02-20 03:40:45",24
"2019-02-20 04:40:43",24
"2019-02-20 05:40:41",24
"2019-02-20 06:40:42",24
"2019-02-20 07:40:40",24
"2019-02-20 08:40:42",24
"2019-02-20 09:40:41",24
"2019-02-20 10:40:41",24
"2019-02-20 11:40:43",24
"2019-02-20 12:40:40",24
"2019-02-20 13:40:40",24
"2019-02-20 14:40:42",24
"2019-02-20 15:40:41",24
"2019-02-20 16:40:41",24
"2019-02-20 17:40:42",24
"2019-02-20 18:40:41",24
"2019-02-20 19:40:41",24
"2019-02-20 20:40:41",24
"2019-02-20 21:40:43",24
"2019-02-20 22:40:42",24
"2019-02-20 23:40:39",24
"2019-02-21 00:40:42",24
"2019-02-21 01:40:43",24
"2019-02-21 02:40:43",24
"2019-02-21 03:40:41",24
"2019-02-21 04:40:40",24
"2019-02-21 05:40:42",24
"2019-02-21 06:40:40",24
"2019-02-21 07:40:41",24
"2019-02-21 08:40:39",24
"2019-02-21 09:40:41",24
"2019-02-21 10:40:41",24
"2019-02-21 11:40:41",24
"2019-02-21 12:40:38",24
"2019-02-21 13:40:40",24
"2019-02-21 14:40:41",24
"2019-02-21 15:40:43",24
"2019-02-21 17:04:42",24
"2019-02-21 17:40:40",24
"2019-02-21 18:40:39",24
"2019-02-21 19:40:39",24
"2019-02-21 20:40:43",24
"2019-02-21 21:40:39",24
"2019-02-21 22:40:39",24
"2019-02-21 23:40:39",24
"2019-02-22 00:40:40",24
"2019-02-22 01:40:42",24
"2019-02-22 02:40:40",24
"2019-02-22 03:40:42",24
"2019-02-22 04:40:40",24
"2019-02-22 05:40:39",24
"2019-02-22 06:40:40",24
"2019-02-22 07:40:42",24
"2019-02-22 08:40:42",24
"2019-02-22 09:40:40",24
"2019-02-22 10:40:40",24
"2019-02-22 11:40:41",24
"2019-02-22 12:40:40",24
"2019-02-22 13:40:39",24
"2019-02-22 14:40:40",24
"2019-02-22 15:40:42",25
"2019-02-22 16:40:40",25
"2019-02-22 17:40:40",26
"2019-02-22 18:40:40",26
"2019-02-22 19:40:39",26
"2019-02-22 20:40:38",26
"2019-02-22 21:40:43",25
"2019-02-22 22:40:40",25
"2019-02-22 23:40:42",25
"2019-02-23 00:40:39",25
"2019-02-23 01:40:41",25
"2019-02-23 02:40:42",25
"2019-02-23 03:40:42",25
"2019-02-23 04:40:40",25
"2019-02-23 05:40:41",25
"2019-02-23 06:40:39",25
"2019-02-23 07:40:38",25
"2019-02-23 08:40:40",25
"2019-02-23 09:40:40",25
"2019-02-23 10:40:40",25
"2019-02-23 11:40:41",25
"2019-02-23 12:40:39",25
"2019-02-23 13:40:39",25
"2019-02-23 14:40:40",25
"2019-02-23 15:40:40",25
"2019-02-23 16:40:39",25
"2019-02-23 17:40:39",25
"2019-02-23 18:40:40",25
"2019-02-23 19:40:39",25
"2019-02-23 20:40:40",25
"2019-02-23 21:40:41",25
"2019-02-23 22:40:39",25
"2019-02-23 23:40:40",25
"2019-02-24 00:40:41",25
"2019-02-24 01:40:40",25
"2019-02-24 02:40:41",25
"2019-02-24 03:40:40",25
"2019-02-24 04:40:40",25
"2019-02-24 05:40:40",25
"2019-02-24 06:40:39",25
"2019-02-24 07:40:41",25
"2019-02-24 08:40:39",25
"2019-02-24 09:40:40",25
"2019-02-24 10:40:39",25
"2019-02-24 11:40:40",25
"2019-02-24 12:40:39",25
"2019-02-24 13:40:39",25
"2019-02-24 14:40:39",25
"2019-02-24 15:40:41",25
"2019-02-24 16:40:40",25
"2019-02-24 17:40:41",25
"2019-02-24 18:40:42",25
"2019-02-24 19:40:41",25
"2019-02-24 20:40:40",25
"2019-02-24 21:40:39",25
"2019-02-24 22:40:40",25
"2019-02-24 23:37:41",25
"2019-02-24 23:40:39",25
"2019-02-25 00:40:41",25
"2019-02-25 01:40:40",25
"2019-02-25 02:40:39",25
"2019-02-25 03:40:41",25
"2019-02-25 04:40:40",25
"2019-02-25 05:40:40",25
"2019-02-25 06:40:39",25
"2019-02-25 07:40:40",25
"2019-02-25 08:40:39",25
"2019-02-25 09:40:41",25
"2019-02-25 10:40:40",25
"2019-02-25 11:40:41",25
"2019-02-25 12:40:39",25
"2019-02-25 14:05:43",25
"2019-02-25 14:40:41",25
"2019-02-25 15:40:41",25
"2019-02-25 16:40:40",25
"2019-02-25 17:40:41",25
"2019-02-25 18:40:43",25
"2019-02-25 19:40:39",25
"2019-02-25 20:40:41",25
"2019-02-25 21:40:41",25
"2019-02-25 22:40:40",25
"2019-02-25 23:40:41",25
"2019-02-26 00:40:41",25
"2019-02-26 01:40:41",25
"2019-02-26 02:40:41",25
"2019-02-26 03:40:42",25
"2019-02-26 04:40:43",25
"2019-02-26 05:40:40",25
"2019-02-26 06:40:41",25
"2019-02-26 07:40:41",25
"2019-02-26 08:40:40",25
"2019-02-26 09:40:42",25
"2019-02-26 10:40:39",25
"2019-02-26 11:40:41",25
"2019-02-26 12:40:40",25
"2019-02-26 13:40:40",25
"2019-02-26 14:40:41",25
"2019-02-26 15:40:43",25
"2019-02-26 16:40:41",25
"2019-02-26 17:40:40",25
"2019-02-26 18:40:40",25
"2019-02-26 19:40:43",25
"2019-02-26 20:40:41",25
"2019-02-26 21:40:40",25
"2019-02-26 22:40:43",25
"2019-02-26 23:40:41",25
"2019-02-27 00:40:43",25
"2019-02-27 01:40:43",25
"2019-02-27 02:40:41",25
"2019-02-27 03:40:50",25
"2019-02-27 04:40:43",25
"2019-02-27 05:40:41",25
"2019-02-27 06:40:44",25
"2019-02-27 07:40:43",25
"2019-02-27 08:40:43",25
"2019-02-27 09:40:39",25
"2019-02-27 10:40:40",25
"2019-02-27 11:40:44",25
"2019-02-27 12:40:45",25
"2019-02-27 13:40:41",25
"2019-02-27 14:40:42",25
"2019-02-27 15:40:44",25
"2019-02-27 16:40:40",25
"2019-02-27 17:40:41",25
"2019-02-27 18:40:43",25
"2019-02-27 19:40:43",25
"2019-02-27 20:40:42",25
"2019-02-27 21:40:42",25
"2019-02-27 22:40:43",25
"2019-02-27 23:40:41",25
"2019-02-28 00:40:41",25
"2019-02-28 01:40:40",25
"2019-02-28 02:40:42",25
"2019-02-28 03:41:17",25
"2019-02-28 04:40:41",25
"2019-02-28 05:40:41",25
"2019-02-28 06:40:39",25
"2019-02-28 07:40:41",25
"2019-02-28 08:40:41",25
"2019-02-28 09:40:40",25
"2019-02-28 10:40:41",25
"2019-02-28 11:40:41",25
"2019-02-28 12:40:42",25
"2019-02-28 13:40:41",25
"2019-02-28 15:04:45",25
"2019-02-28 15:40:39",25
"2019-02-28 16:40:43",25
"2019-02-28 17:40:40",25
"2019-02-28 18:40:43",25
"2019-02-28 19:40:42",25
"2019-02-28 20:40:40",25
"2019-02-28 21:40:41",25
"2019-02-28 22:40:42",25
"2019-02-28 23:40:40",25
"2019-03-01 00:40:41",25
"2019-03-01 01:40:42",25
"2019-03-01 02:40:42",25
"2019-03-01 03:40:43",25
"2019-03-01 04:40:42",25
"2019-03-01 05:40:43",25
"2019-03-01 06:40:41",25
"2019-03-01 07:40:42",25
"2019-03-01 08:40:41",25
"2019-03-01 09:40:39",25
"2019-03-01 10:40:42",25
"2019-03-01 11:40:40",25
"2019-03-01 12:40:40",25
"2019-03-01 13:40:45",25
"2019-03-01 14:40:42",25
"2019-03-01 15:40:41",26
"2019-03-01 16:40:41",26
"2019-03-01 17:40:41",26
"2019-03-01 18:40:42",26
"2019-03-01 19:40:43",26
"2019-03-01 20:40:44",26
"2019-03-01 21:40:42",26
"2019-03-01 22:40:42",26
"2019-03-01 23:40:42",26
"2019-03-02 07:40:40",26
"2019-03-02 08:40:42",26
"2019-03-02 09:40:40",26
"2019-03-02 10:40:41",26
"2019-03-02 11:40:42",26
"2019-03-02 15:40:45",26
"2019-03-02 16:40:41",26
"2019-03-02 17:40:42",26
"2019-03-04 02:40:41",26
"2019-03-04 07:40:43",26
"2019-03-04 10:40:39",26
"2019-03-04 11:40:41",26
"2019-03-04 12:40:40",26
"2019-03-04 13:40:39",26
"2019-03-04 14:40:42",26
"2019-03-04 15:40:40",27
"2019-03-04 16:40:42",27
"2019-03-04 17:40:42",27
"2019-03-04 18:40:40",27
"2019-03-04 19:40:41",27
"2019-03-04 20:40:41",27
"2019-03-04 21:40:41",27
"2019-03-04 22:40:42",27
"2019-03-04 23:40:41",27
"2019-03-05 00:40:43",27
"2019-03-05 01:40:42",27
"2019-03-05 02:40:43",27
"2019-03-05 03:40:42",27
"2019-03-05 04:40:41",27
"2019-03-05 05:40:41",27
"2019-03-05 06:40:40",27
"2019-03-05 07:40:40",27
"2019-03-05 08:40:40",27
"2019-03-05 09:40:42",27
"2019-03-05 10:40:41",27
"2019-03-05 11:40:39",27
"2019-03-05 12:40:41",27
"2019-03-05 14:05:46",27
"2019-03-05 14:40:42",27
"2019-03-05 15:40:43",27
"2019-03-05 16:40:42",26
"2019-03-05 17:40:44",26
"2019-03-05 18:40:44",26
"2019-03-05 19:40:43",26
"2019-03-05 20:40:45",26
"2019-03-05 21:40:42",26
"2019-03-05 22:40:46",26
"2019-03-05 23:40:45",26
"2019-03-06 00:40:44",26
"2019-03-06 01:40:44",26
"2019-03-06 02:40:43",26
"2019-03-06 03:40:44",26
"2019-03-06 04:40:44",26
"2019-03-06 05:40:43",26
"2019-03-06 06:40:47",26
"2019-03-06 07:40:42",26
"2019-03-06 08:40:42",26
"2019-03-06 09:40:42",26
"2019-03-06 10:40:43",26
"2019-03-06 11:41:07",26
"2019-03-06 12:40:48",26
"2019-03-06 14:05:23",26
"2019-03-06 14:40:57",26
"2019-03-06 15:40:53",26
"2019-03-06 16:40:41",27
"2019-03-06 17:40:46",27
"2019-03-06 18:40:45",27
"2019-03-06 19:40:43",27
"2019-03-06 20:40:43",27
"2019-03-06 21:40:43",27
"2019-03-06 22:40:42",27
"2019-03-06 23:40:43",27
"2019-03-07 00:40:43",27
"2019-03-07 01:40:44",27
"2019-03-07 02:40:43",27
"2019-03-07 03:40:44",27
"2019-03-07 04:40:46",27
"2019-03-07 05:40:43",27
"2019-03-07 06:40:43",27
"2019-03-07 07:40:42",27
"2019-03-07 08:40:44",27
"2019-03-07 09:40:42",27
"2019-03-07 10:40:42",27
"2019-03-07 11:40:42",27
"2019-03-07 12:40:41",27
"2019-03-07 13:40:43",27
"2019-03-07 14:40:46",27
"2019-03-07 15:40:42",27
"2019-03-07 16:40:43",27
"2019-03-07 17:40:44",27
"2019-03-07 18:40:44",27
"2019-03-07 20:05:17",27
"2019-03-07 20:40:43",27
"2019-03-07 21:40:43",27
"2019-03-07 22:40:47",27
"2019-03-07 23:40:42",27
"2019-03-08 00:40:42",27
"2019-03-08 01:40:43",27
"2019-03-08 02:40:43",27
"2019-03-08 03:40:44",27
"2019-03-08 04:40:42",27
"2019-03-08 05:40:41",27
"2019-03-08 06:40:42",27
"2019-03-08 07:40:43",27
"2019-03-08 08:40:43",27
"2019-03-08 09:40:42",27
"2019-03-08 10:40:42",27
"2019-03-08 11:40:44",27
"2019-03-08 12:40:42",27
"2019-03-08 14:05:46",27
"2019-03-08 14:40:42",27
"2019-03-08 15:40:44",27
"2019-03-08 16:40:42",26
"2019-03-08 17:40:42",26
"2019-03-08 18:40:44",26
"2019-03-08 19:40:45",26
"2019-03-08 20:40:41",26
"2019-03-08 21:40:47",26
"2019-03-08 22:40:41",26
"2019-03-08 23:40:44",26
"2019-03-09 00:40:47",26
"2019-03-09 01:40:42",26
"2019-03-09 02:40:42",26
"2019-03-09 03:40:43",26
"2019-03-09 04:40:44",26
"2019-03-09 05:40:43",26
"2019-03-09 06:40:42",26
"2019-03-09 07:40:42",26
"2019-03-09 08:40:41",26
"2019-03-09 09:40:41",26
"2019-03-09 10:40:43",26
"2019-03-09 11:40:42",26
"2019-03-09 12:40:42",26
"2019-03-09 13:40:41",26
"2019-03-09 14:40:42",26
"2019-03-09 15:40:44",26
"2019-03-09 16:40:41",26
"2019-03-09 17:40:43",26
"2019-03-09 18:40:43",26
"2019-03-09 19:40:42",26
"2019-03-09 20:40:42",26
"2019-03-09 21:40:42",26
"2019-03-09 22:40:42",26
"2019-03-09 23:40:42",26
"2019-03-10 00:40:41",26
"2019-03-10 01:40:43",26
"2019-03-10 02:40:45",26
"2019-03-10 03:40:42",26
"2019-03-10 04:40:43",26
"2019-03-10 05:40:42",26
"2019-03-10 06:40:43",26
"2019-03-10 07:40:41",26
"2019-03-10 08:40:42",26
"2019-03-10 09:40:41",26
"2019-03-10 10:40:41",26
"2019-03-10 11:40:42",26
"2019-03-10 12:40:43",26
"2019-03-10 13:40:40",26
"2019-03-10 14:40:42",26
"2019-03-10 15:40:42",26
"2019-03-10 16:40:42",26
"2019-03-10 17:40:45",26
"2019-03-10 18:40:44",26
"2019-03-10 19:40:42",26
"2019-03-10 20:40:41",26
"2019-03-10 21:40:41",26
"2019-03-10 22:40:41",26
"2019-03-10 23:40:43",26
"2019-03-11 00:40:43",26
"2019-03-11 01:40:43",26
"2019-03-11 02:40:42",26
"2019-03-11 03:40:41",26
"2019-03-11 04:40:43",26
"2019-03-11 05:40:42",26
"2019-03-11 06:40:41",26
"2019-03-11 07:40:41",26
"2019-03-11 08:40:40",26
"2019-03-11 09:40:42",26
"2019-03-11 10:40:43",26
"2019-03-11 11:40:41",26
"2019-03-11 12:40:45",26
"2019-03-11 13:40:43",26
"2019-03-11 14:40:44",26
"2019-03-11 15:40:42",26
"2019-03-11 16:40:42",26
"2019-03-11 17:40:42",27
"2019-03-11 18:40:42",26
"2019-03-11 19:40:42",26
"2019-03-11 20:40:42",26
"2019-03-11 21:40:45",26
"2019-03-11 22:40:42",26
"2019-03-11 23:40:43",26
"2019-03-12 00:40:45",26
"2019-03-12 01:40:40",26
"2019-03-12 02:40:41",26
"2019-03-12 03:40:43",26
"2019-03-12 04:40:42",26
"2019-03-12 05:40:42",26
"2019-03-12 06:40:44",26
"2019-03-12 07:40:40",26
"2019-03-12 08:40:42",26
"2019-03-12 09:40:42",26
"2019-03-12 10:40:45",26
"2019-03-12 11:40:42",26
"2019-03-12 12:40:43",26
"2019-03-12 13:40:42",26
"2019-03-12 14:40:41",26
"2019-03-12 15:40:41",26
"2019-03-12 16:40:42",26
"2019-03-12 17:40:42",26
"2019-03-12 18:40:44",26
"2019-03-12 19:40:42",26
"2019-03-12 20:40:43",26
"2019-03-12 21:40:43",26
"2019-03-12 22:40:43",26
"2019-03-12 23:40:44",26
"2019-03-13 00:40:43",26
"2019-03-13 01:40:43",26
"2019-03-13 02:40:43",26
"2019-03-13 03:40:44",26
"2019-03-13 04:40:43",26
"2019-03-13 05:40:43",26
"2019-03-13 06:40:42",26
"2019-03-13 07:40:46",26
"2019-03-13 08:40:42",26
"2019-03-13 09:40:42",26
"2019-03-13 10:40:42",26
"2019-03-13 11:40:42",26
"2019-03-13 13:04:45",26
"2019-03-13 13:40:42",26
"2019-03-13 14:40:42",26
"2019-03-13 15:40:43",26
"2019-03-13 16:40:43",27
"2019-03-13 17:40:45",27
"2019-03-13 18:40:42",27
"2019-03-13 19:40:42",27
"2019-03-13 20:40:42",27
"2019-03-13 21:40:44",27
"2019-03-13 22:40:41",27
"2019-03-13 23:40:44",27
"2019-03-14 00:40:42",27
"2019-03-14 01:40:44",27
"2019-03-14 02:40:44",27
"2019-03-14 03:40:42",27
"2019-03-14 04:40:43",27
"2019-03-14 05:40:42",27
"2019-03-14 06:40:43",27
"2019-03-14 07:40:42",27
"2019-03-14 08:40:42",27
"2019-03-14 09:40:41",27
"2019-03-14 10:40:43",27
"2019-03-14 11:40:43",27
"2019-03-14 13:05:17",27
"2019-03-14 13:40:42",27
"2019-03-14 14:40:43",28
"2019-03-14 15:40:43",28
"2019-03-14 16:40:43",27
"2019-03-14 17:40:44",27
"2019-03-14 18:40:42",27
"2019-03-14 19:40:46",27
"2019-03-14 20:40:42",27
"2019-03-14 21:40:43",27
"2019-03-14 22:40:46",27
"2019-03-14 23:40:46",27
"2019-03-15 00:40:44",27
"2019-03-15 01:40:43",27
"2019-03-15 02:40:46",27
"2019-03-15 03:40:43",27
"2019-03-15 04:40:43",27
"2019-03-15 05:40:42",27
"2019-03-15 06:40:41",27
"2019-03-15 07:40:43",27
"2019-03-15 08:40:44",27
"2019-03-15 09:40:44",27
"2019-03-15 10:40:45",27
"2019-03-15 11:40:45",27
"2019-03-15 12:40:44",27
"2019-03-15 13:40:43",27
"2019-03-15 14:40:43",27
"2019-03-15 15:40:46",27
"2019-03-15 16:40:44",27
"2019-03-15 17:40:47",27
"2019-03-15 18:40:44",27
"2019-03-15 19:40:44",27
"2019-03-15 20:40:44",27
"2019-03-15 21:40:43",27
"2019-03-15 22:40:43",27
"2019-03-15 23:40:46",27
"2019-03-16 00:40:44",27
"2019-03-16 01:40:43",27
"2019-03-16 02:40:45",27
"2019-03-16 03:40:44",27
"2019-03-16 04:40:45",27
"2019-03-16 05:40:45",27
"2019-03-16 06:40:45",27
"2019-03-16 07:40:44",27
"2019-03-16 08:40:47",27
"2019-03-16 09:40:44",27
"2019-03-16 10:40:43",27
"2019-03-16 11:40:44",27
"2019-03-16 12:40:43",27
"2019-03-16 13:40:43",27
"2019-03-16 14:40:44",27
"2019-03-16 15:40:45",27
"2019-03-16 16:40:44",27
"2019-03-16 17:40:43",27
"2019-03-16 18:40:43",27
"2019-03-16 19:40:43",27
"2019-03-16 20:40:45",27
"2019-03-16 21:40:45",27
"2019-03-16 22:40:46",27
"2019-03-16 23:40:43",27
"2019-03-17 00:40:46",27
"2019-03-17 01:40:44",27
"2019-03-17 02:40:46",27
"2019-03-17 03:40:45",27
"2019-03-17 04:40:44",27
"2019-03-17 05:40:45",27
"2019-03-17 06:40:43",27
"2019-03-17 07:40:43",27
"2019-03-17 08:40:42",27
"2019-03-17 09:40:46",27
"2019-03-17 10:40:43",27
"2019-03-17 11:40:43",27
"2019-03-17 12:40:44",27
"2019-03-17 13:40:43",27
"2019-03-17 14:40:42",27
"2019-03-17 15:40:43",27
"2019-03-17 16:40:42",27
"2019-03-17 17:40:42",27
"2019-03-17 18:40:43",27
"2019-03-17 19:40:43",27
"2019-03-17 20:40:42",27
"2019-03-17 21:40:42",27
"2019-03-17 22:40:41",27
"2019-03-17 23:40:43",27
"2019-03-18 00:40:42",27
"2019-03-18 01:40:43",27
"2019-03-18 02:40:44",27
"2019-03-18 03:40:44",27
"2019-03-18 04:40:43",27
"2019-03-18 05:40:43",27
"2019-03-18 06:40:42",27
"2019-03-18 07:40:44",27
"2019-03-18 08:40:42",27
"2019-03-18 09:40:44",27
"2019-03-18 10:40:43",27
"2019-03-18 11:40:42",27
"2019-03-18 12:40:44",27
"2019-03-18 13:40:44",27
"2019-03-18 14:40:44",26
"2019-03-18 15:40:49",26
"2019-03-18 16:40:43",26
"2019-03-18 17:40:45",26
"2019-03-18 18:40:45",26
"2019-03-18 19:40:46",26
"2019-03-18 20:40:44",26
"2019-03-18 21:40:45",26
"2019-03-18 22:40:46",26
"2019-03-18 23:40:45",26
"2019-03-19 00:40:48",26
"2019-03-19 01:40:46",26
"2019-03-19 02:40:47",26
"2019-03-19 03:40:43",26
"2019-03-19 04:40:44",26
"2019-03-19 05:40:42",26
"2019-03-19 06:40:47",26
"2019-03-19 07:40:45",26
"2019-03-19 08:40:43",26
"2019-03-19 09:40:44",26
"2019-03-19 10:40:43",26
"2019-03-19 11:40:43",26
"2019-03-19 12:40:45",26
"2019-03-19 13:40:43",26
"2019-03-19 14:40:45",26
"2019-03-19 15:40:45",26
"2019-03-19 16:40:44",26
"2019-03-19 17:40:46",26
"2019-03-19 18:40:44",26
"2019-03-19 19:40:45",26
"2019-03-19 20:40:45",26
"2019-03-19 21:40:48",26
"2019-03-19 22:40:46",26
"2019-03-19 23:40:46",26
"2019-03-20 00:40:46",26
"2019-03-20 01:40:46",26
"2019-03-20 02:40:45",26
"2019-03-20 03:40:46",26
"2019-03-20 04:40:45",26
"2019-03-20 05:40:45",26
"2019-03-20 06:40:49",26
"2019-03-20 07:40:47",26
"2019-03-20 08:40:47",26
"2019-03-20 09:40:46",26
"2019-03-20 10:40:46",26
"2019-03-20 11:40:45",26
"2019-03-20 13:04:52",26
"2019-03-20 13:40:45",26
"2019-03-20 14:40:46",26
"2019-03-20 15:40:50",26
"2019-03-20 16:40:46",26
"2019-03-20 17:40:46",26
"2019-03-20 18:40:46",26
"2019-03-20 19:40:45",26
"2019-03-20 20:40:45",26
"2019-03-20 21:40:44",26
"2019-03-20 22:40:44",26
"2019-03-20 23:40:44",26
"2019-03-21 00:40:44",26
"2019-03-21 01:40:44",26
"2019-03-21 02:40:47",26
"2019-03-21 03:40:46",26
"2019-03-21 04:40:45",26
"2019-03-21 05:40:48",26
"2019-03-21 06:40:44",26
"2019-03-21 07:40:44",26
"2019-03-21 08:40:42",26
"2019-03-21 09:40:44",26
"2019-03-21 10:40:45",26
"2019-03-21 11:40:45",26
"2019-03-21 13:05:47",26
"2019-03-21 13:40:43",26
"2019-03-21 14:40:43",26
"2019-03-21 15:40:45",26
"2019-03-21 16:40:43",26
"2019-03-21 17:40:44",26
"2019-03-21 18:40:44",26
"2019-03-21 19:40:43",26
"2019-03-21 20:40:41",26
"2019-03-21 21:40:42",26
"2019-03-21 22:40:42",26
"2019-03-21 23:40:43",26
"2019-03-22 00:40:43",26
"2019-03-22 01:40:42",26
"2019-03-22 02:40:47",26
"2019-03-22 03:40:43",26
"2019-03-22 04:40:41",26
"2019-03-22 05:40:43",26
"2019-03-22 06:40:41",26
"2019-03-22 07:40:42",26
"2019-03-22 08:40:51",26
"2019-03-22 09:40:43",26
"2019-03-22 10:40:42",26
"2019-03-22 11:40:41",26
"2019-03-22 12:40:46",26
"2019-03-22 13:40:42",26
"2019-03-22 14:40:41",26
"2019-03-22 15:40:42",26
"2019-03-22 16:40:43",26
"2019-03-22 17:40:44",26
"2019-03-22 18:40:43",26
"2019-03-22 19:40:43",26
"2019-03-22 20:40:43",26
"2019-03-22 21:40:42",26
"2019-03-22 22:40:42",26
"2019-03-22 23:40:41",26
"2019-03-23 00:40:43",26
"2019-03-23 01:40:48",26
"2019-03-23 02:40:43",26
"2019-03-23 03:40:42",26
"2019-03-23 04:40:41",26
"2019-03-23 05:40:42",26
"2019-03-23 06:40:42",26
"2019-03-23 07:40:46",26
"2019-03-23 08:40:42",26
"2019-03-23 09:40:43",26
"2019-03-23 10:40:41",26
"2019-03-23 11:40:43",26
"2019-03-23 12:40:41",26
"2019-03-23 13:40:44",26
"2019-03-23 14:40:42",26
"2019-03-23 15:40:43",26
"2019-03-23 16:40:41",26
"2019-03-23 17:40:41",26
"2019-03-23 18:40:42",26
"2019-03-23 19:40:45",26
"2019-03-23 20:40:43",26
"2019-03-23 21:40:43",26
"2019-03-23 22:40:43",26
"2019-03-23 23:40:42",26
"2019-03-24 00:40:42",26
"2019-03-24 01:40:44",26
"2019-03-24 02:40:43",26
"2019-03-24 03:40:44",26
"2019-03-24 04:40:48",26
"2019-03-24 05:40:43",26
"2019-03-24 06:40:44",26
"2019-03-24 07:40:44",26
"2019-03-24 08:40:42",26
"2019-03-24 09:40:48",26
"2019-03-24 10:40:45",26
"2019-03-24 11:40:42",26
"2019-03-24 12:40:42",26
"2019-03-24 13:40:45",26
"2019-03-24 14:40:42",26
"2019-03-24 15:40:43",26
"2019-03-24 16:40:42",26
"2019-03-24 17:40:43",26
"2019-03-24 18:40:43",26
"2019-03-24 19:40:43",26
"2019-03-24 20:40:43",26
"2019-03-24 21:40:48",26
"2019-03-24 22:40:43",26
"2019-03-24 23:40:43",26
"2019-03-25 00:40:44",26
"2019-03-25 01:40:43",26
"2019-03-25 02:40:44",26
"2019-03-25 03:40:49",26
"2019-03-25 04:40:43",26
"2019-03-25 05:40:44",26
"2019-03-25 06:40:43",26
"2019-03-25 07:40:43",26
"2019-03-25 08:40:45",26
"2019-03-25 09:40:43",26
"2019-03-25 10:40:43",26
"2019-03-25 11:40:50",26
"2019-03-25 13:04:47",26
"2019-03-25 13:40:46",26
"2019-03-25 14:40:44",26
"2019-03-25 15:40:44",26
"2019-03-25 16:40:44",26
"2019-03-25 17:40:45",25
"2019-03-25 18:40:45",26
"2019-03-25 19:40:46",26
"2019-03-25 20:40:43",26
"2019-03-25 21:40:43",26
"2019-03-25 22:40:51",26
"2019-03-25 23:40:46",26
"2019-03-26 00:40:46",26
"2019-03-26 01:40:45",26
"2019-03-26 02:40:43",26
"2019-03-26 03:40:44",26
"2019-03-26 04:40:44",26
"2019-03-26 05:40:43",26
"2019-03-26 06:40:44",26
"2019-03-26 07:40:43",26
"2019-03-26 08:40:42",26
"2019-03-26 09:40:43",26
"2019-03-26 10:40:45",26
"2019-03-26 11:40:43",26
"2019-03-26 12:40:44",26
"2019-03-26 13:40:49",26
"2019-03-26 14:40:42",26
"2019-03-26 15:40:50",26
"2019-03-26 16:40:47",26
"2019-03-26 17:40:43",26
"2019-03-26 18:40:47",26
"2019-03-26 19:40:48",26
"2019-03-26 20:40:45",26
"2019-03-26 21:40:45",26
"2019-03-26 22:40:44",26
"2019-03-26 23:40:43",26
"2019-03-27 00:40:45",26
"2019-03-27 01:40:43",26
"2019-03-27 02:40:43",26
"2019-03-27 03:40:47",26
"2019-03-27 04:40:44",26
"2019-03-27 05:40:45",26
"2019-03-27 06:40:47",26
"2019-03-27 07:40:43",26
"2019-03-27 08:40:42",26
"2019-03-27 09:40:43",26
"2019-03-27 10:40:47",26
"2019-03-27 11:40:42",26
"2019-03-27 13:05:22",26
"2019-03-27 13:40:45",26
"2019-03-27 14:40:48",26
"2019-03-27 15:40:43",26
"2019-03-27 16:40:44",26
"2019-03-27 17:40:51",26
"2019-03-27 18:40:43",26
"2019-03-27 19:40:43",26
"2019-03-27 20:40:47",26
"2019-03-27 21:40:43",26
"2019-03-27 22:40:50",26
"2019-03-27 23:40:45",26
"2019-03-28 00:40:45",26
"2019-03-28 01:40:43",26
"2019-03-28 02:40:50",26
"2019-03-28 03:40:45",26
"2019-03-28 04:40:46",26
"2019-03-28 05:40:43",26
"2019-03-28 06:40:42",26
"2019-03-28 07:40:43",26
"2019-03-28 08:40:41",26
"2019-03-28 09:40:42",26
"2019-03-28 10:40:43",26
"2019-03-28 11:40:42",26
"2019-03-28 13:05:15",26
"2019-03-28 13:40:45",26
"2019-03-28 14:40:44",26
"2019-03-28 15:40:44",26
"2019-03-28 16:40:45",26
"2019-03-28 17:40:43",26
"2019-03-28 18:40:44",26
"2019-03-28 19:40:43",26
"2019-03-28 20:40:45",26
"2019-03-28 21:40:45",26
"2019-03-28 22:40:42",26
"2019-03-28 23:40:43",26
"2019-03-29 00:40:42",26
"2019-03-29 01:40:53",26
"2019-03-29 02:40:46",26
"2019-03-29 03:40:47",26
"2019-03-29 04:40:45",26
"2019-03-29 05:40:42",26
"2019-03-29 06:40:42",26
"2019-03-29 07:40:42",26
"2019-03-29 08:40:48",26
"2019-03-29 09:40:43",26
"2019-03-29 10:40:43",26
"2019-03-29 11:40:47",26
"2019-03-29 13:05:46",26
"2019-03-29 13:40:45",26
"2019-03-29 14:40:47",26
"2019-03-29 15:40:47",26
"2019-03-29 16:40:42",26
"2019-03-29 17:40:47",26
"2019-03-29 18:40:53",26
"2019-03-29 19:40:47",26
"2019-03-29 20:40:46",26
"2019-03-29 21:40:45",26
"2019-03-29 22:40:48",26
"2019-03-29 23:40:51",26
"2019-03-30 00:40:47",26
"2019-03-30 01:40:46",26
"2019-03-30 02:40:50",26
"2019-03-30 03:40:48",26
"2019-03-30 04:40:50",26
"2019-03-30 05:40:46",26
"2019-03-30 06:40:46",26
"2019-03-30 07:40:45",26
"2019-03-30 08:41:00",26
"2019-03-30 09:40:48",26
"2019-03-30 10:40:46",26
"2019-03-30 11:40:47",26
"2019-03-30 12:40:50",26
"2019-03-30 13:40:43",26
"2019-03-30 14:40:45",26
"2019-03-30 15:40:43",26
"2019-03-30 16:40:44",26
"2019-03-30 17:40:47",26
"2019-03-30 18:40:44",26
"2019-03-30 19:40:45",26
"2019-03-30 20:40:43",26
"2019-03-30 21:40:43",26
"2019-03-30 22:40:50",26
"2019-03-30 23:40:45",26
"2019-03-31 00:40:45",26
"2019-03-31 01:40:45",26
"2019-03-31 02:40:48",26
"2019-03-31 03:40:45",26
"2019-03-31 04:40:44",26
"2019-03-31 05:40:44",26
"2019-03-31 06:40:49",26
"2019-03-31 07:40:45",26
"2019-03-31 08:40:43",26
"2019-03-31 09:40:43",26
"2019-03-31 10:40:48",26
"2019-03-31 11:40:45",26
"2019-03-31 12:40:44",26
"2019-03-31 13:40:46",26
"2019-03-31 14:40:44",26
"2019-03-31 15:40:45",26
"2019-03-31 16:40:44",26
"2019-03-31 17:40:50",26
"2019-03-31 18:40:43",26
"2019-03-31 19:40:44",26
"2019-03-31 20:40:44",26
"2019-03-31 21:40:45",26
"2019-03-31 22:40:43",26
"2019-03-31 23:40:48",26
"2019-04-01 00:40:48",26
"2019-04-01 01:40:46",26
"2019-04-01 02:40:48",26
"2019-04-01 03:40:52",26
"2019-04-01 04:40:45",26
"2019-04-01 05:40:45",26
"2019-04-01 06:40:43",26
"2019-04-01 07:40:50",26
"2019-04-01 08:40:45",26
"2019-04-01 09:40:45",26
"2019-04-01 10:40:50",26
"2019-04-01 11:40:47",26
"2019-04-01 13:40:46",26
"2019-04-01 14:40:49",26
"2019-04-01 15:40:53",26
"2019-04-01 16:40:51",26
"2019-04-01 17:40:50",26
"2019-04-01 18:40:46",25
"2019-04-01 19:40:56",25
"2019-04-01 20:40:46",25
"2019-04-01 21:40:44",25
"2019-04-01 22:40:47",25
"2019-04-01 23:40:46",25
"2019-04-02 00:40:49",25
"2019-04-02 01:40:45",25
"2019-04-02 02:40:47",25
"2019-04-02 03:40:52",25
"2019-04-02 04:40:43",25
"2019-04-02 05:40:45",25
"2019-04-02 06:40:45",25
"2019-04-02 07:40:48",25
"2019-04-02 08:40:46",25
"2019-04-02 09:40:48",25
"2019-04-02 10:40:45",25
"2019-04-02 11:40:45",25
"2019-04-02 13:05:21",25
"2019-04-02 13:40:48",25
"2019-04-02 14:40:43",25
"2019-04-02 15:40:54",25
"2019-04-02 16:40:45",25
"2019-04-02 17:40:50",25
"2019-04-02 18:40:44",25
"2019-04-02 19:40:45",25
"2019-04-02 20:40:50",25
"2019-04-02 21:40:48",25
"2019-04-02 22:40:46",25
"2019-04-02 23:40:47",25
"2019-04-03 00:40:54",25
"2019-04-03 01:40:47",25
"2019-04-03 02:40:45",25
"2019-04-03 03:40:46",25
"2019-04-03 04:40:48",25
"2019-04-03 05:40:47",25
"2019-04-03 06:40:49",25
"2019-04-03 07:40:45",25
"2019-04-03 08:40:45",25
"2019-04-03 09:40:53",25
"2019-04-03 10:40:48",25
"2019-04-03 11:40:47",25
"2019-04-03 13:05:23",25
"2019-04-03 13:40:44",25
"2019-04-03 14:40:51",25
"2019-04-03 15:40:51",25
"2019-04-03 16:40:46",26
"2019-04-03 17:40:44",26
"2019-04-03 18:40:44",26
"2019-04-03 19:40:45",26
"2019-04-03 20:40:47",26
"2019-04-03 21:40:45",26
"2019-04-03 22:40:45",26
"2019-04-03 23:40:51",26
"2019-04-04 00:40:43",26
"2019-04-04 01:40:45",26
"2019-04-04 02:40:46",26
"2019-04-04 03:40:49",26
"2019-04-04 04:40:44",26
"2019-04-04 05:40:43",26
"2019-04-04 06:40:44",26
"2019-04-04 07:40:45",26
"2019-04-04 08:40:48",26
"2019-04-04 09:40:44",26
"2019-04-04 10:40:45",26
"2019-04-04 11:40:49",26
"2019-04-04 12:40:45",26
"2019-04-04 13:40:45",26
"2019-04-04 14:40:52",26
"2019-04-04 15:40:46",26
"2019-04-04 16:40:51",26
"2019-04-04 17:40:45",26
"2019-04-04 18:40:47",26
"2019-04-04 19:40:47",26
"2019-04-04 20:40:46",26
"2019-04-04 21:40:48",26
"2019-04-04 22:40:53",26
"2019-04-04 23:40:46",26
"2019-04-05 00:40:47",26
"2019-04-05 01:40:44",26
"2019-04-05 02:40:45",26
"2019-04-05 03:40:54",26
"2019-04-05 04:40:46",26
"2019-04-05 05:40:45",26
"2019-04-05 06:40:44",26
"2019-04-05 07:40:46",26
"2019-04-05 08:40:51",26
"2019-04-05 09:40:47",26
"2019-04-05 10:40:51",26
"2019-04-05 11:40:46",26
"2019-04-05 13:04:49",26
"2019-04-05 13:40:49",26
"2019-04-05 14:40:48",26
"2019-04-05 15:40:52",26
"2019-04-05 16:40:45",26
"2019-04-05 17:40:45",26
"2019-04-05 18:40:48",26
"2019-04-05 19:40:46",26
"2019-04-05 20:40:45",26
"2019-04-05 21:40:47",26
"2019-04-05 22:40:47",26
"2019-04-05 23:40:49",26
"2019-04-06 00:40:47",26
"2019-04-06 01:40:55",26
"2019-04-06 02:40:50",26
"2019-04-06 03:40:47",26
"2019-04-06 04:40:50",26
"2019-04-06 05:40:47",26
"2019-04-06 06:40:46",26
"2019-04-06 07:40:46",26
"2019-04-06 08:40:54",26
"2019-04-06 09:40:47",26
"2019-04-06 10:40:46",26
"2019-04-06 11:40:46",26
"2019-04-06 12:40:47",26
"2019-04-06 13:40:45",26
"2019-04-06 14:40:45",26
"2019-04-06 15:40:49",26
"2019-04-06 16:40:45",26
"2019-04-06 17:40:46",26
"2019-04-06 18:40:47",26
"2019-04-06 19:40:46",26
"2019-04-06 20:40:44",26
"2019-04-06 21:40:52",26
"2019-04-06 22:40:46",26
"2019-04-06 23:40:45",26
"2019-04-07 00:40:45",26
"2019-04-07 01:40:44",26
"2019-04-07 02:40:48",26
"2019-04-07 03:40:50",26
"2019-04-07 04:40:47",26
"2019-04-07 05:40:47",26
"2019-04-07 06:40:47",26
"2019-04-07 07:40:52",26
"2019-04-07 08:40:47",26
"2019-04-07 09:40:49",26
"2019-04-07 10:40:46",26
"2019-04-07 11:40:50",26
"2019-04-07 12:40:47",26
"2019-04-07 13:40:50",26
"2019-04-07 14:40:46",26
"2019-04-07 15:40:47",26
"2019-04-07 16:40:50",26
"2019-04-07 17:40:46",26
"2019-04-07 18:40:46",26
"2019-04-07 19:40:46",26
"2019-04-07 20:40:52",26
"2019-04-07 21:40:46",26
"2019-04-07 22:40:46",26
"2019-04-07 23:40:44",26
"2019-04-08 00:40:54",26
"2019-04-08 01:40:46",26
"2019-04-08 02:40:46",26
"2019-04-08 03:40:46",26
"2019-04-08 04:40:44",26
"2019-04-08 05:40:54",26
"2019-04-08 06:40:44",26
"2019-04-08 07:40:45",26
"2019-04-08 08:40:46",26
"2019-04-08 09:40:47",26
"2019-04-08 10:40:45",26
"2019-04-08 11:40:54",26
"2019-04-08 12:40:45",26
"2019-04-08 13:40:50",26
"2019-04-08 14:40:46",25
"2019-04-08 15:40:49",25
"2019-04-08 16:40:52",25
"2019-04-08 17:40:46",25
"2019-04-08 18:40:46",25
"2019-04-08 19:40:46",25
"2019-04-08 20:40:46",25
"2019-04-08 21:40:48",25
"2019-04-08 22:40:48",25
"2019-04-08 23:40:45",25
"2019-04-09 00:40:51",25
"2019-04-09 01:40:46",25
"2019-04-09 02:40:48",25
"2019-04-09 03:40:48",25
"2019-04-09 04:40:47",25
"2019-04-09 05:40:49",25
"2019-04-09 06:40:46",25
"2019-04-09 07:40:45",25
"2019-04-09 08:40:49",25
"2019-04-09 09:40:54",25
"2019-04-09 10:40:46",25
"2019-04-09 11:40:47",25
"2019-04-09 13:06:00",25
"2019-04-09 13:40:48",25
"2019-04-09 14:40:47",25
"2019-04-09 15:40:58",25
"2019-04-09 16:40:49",26
"2019-04-09 17:40:48",26
"2019-04-09 18:40:47",26
"2019-04-09 19:40:48",26
"2019-04-09 20:40:48",26
"2019-04-09 21:40:49",26
"2019-04-09 22:40:46",26
"2019-04-09 23:40:52",26
"2019-04-10 00:40:49",26
"2019-04-10 01:40:47",26
"2019-04-10 02:40:49",26
"2019-04-10 03:40:51",26
"2019-04-10 04:40:52",26
"2019-04-10 05:40:47",26
"2019-04-10 06:40:48",26
"2019-04-10 07:40:46",26
"2019-04-10 08:40:50",26
"2019-04-10 09:40:49",26
"2019-04-10 10:40:48",26
"2019-04-10 11:40:49",26
"2019-04-10 12:40:56",26
"2019-04-10 13:40:55",26
"2019-04-10 14:40:48",26
"2019-04-10 15:40:49",26
"2019-04-10 16:40:49",26
"2019-04-10 17:40:49",26
"2019-04-10 18:40:51",26
"2019-04-10 19:40:50",26
"2019-04-10 20:40:47",26
"2019-04-10 21:40:47",26
"2019-04-10 22:40:46",26
"2019-04-10 23:40:54",26
"2019-04-11 00:40:47",26
"2019-04-11 01:40:45",26
"2019-04-11 02:40:48",26
"2019-04-11 03:40:49",26
"2019-04-11 04:40:50",26
"2019-04-11 05:40:49",26
"2019-04-11 06:40:45",26
"2019-04-11 18:40:50",27
"2019-04-11 19:40:56",27
"2019-04-11 20:40:47",27
"2019-04-11 21:40:49",27
"2019-04-11 22:40:48",27
"2019-04-11 23:40:48",27
"2019-04-12 00:40:47",27
"2019-04-12 01:40:48",27
"2019-04-12 02:40:52",27
"2019-04-12 03:40:49",27
"2019-04-12 04:40:49",27
"2019-04-12 05:40:49",27
"2019-04-12 06:40:46",27
"2019-04-12 07:40:47",27
"2019-04-12 08:40:47",27
"2019-04-12 09:40:51",27
"2019-04-12 10:40:47",27
"2019-04-12 11:40:47",27
"2019-04-12 13:04:27",27
"2019-04-12 13:40:49",27
"2019-04-12 14:40:45",27
"2019-04-12 15:40:47",27
"2019-04-12 16:40:49",27
"2019-04-12 17:40:47",27
"2019-04-12 18:40:47",27
"2019-04-12 19:40:46",27
"2019-04-12 20:40:47",27
"2019-04-12 21:40:46",27
"2019-04-12 22:40:54",27
"2019-04-12 23:40:47",27
"2019-04-13 00:40:49",27
"2019-04-13 01:40:47",27
"2019-04-13 02:40:48",27
"2019-04-13 03:40:55",27
"2019-04-13 04:40:49",27
"2019-04-13 05:40:50",27
"2019-04-13 06:40:48",27
"2019-04-13 07:40:46",27
"2019-04-13 08:40:47",27
"2019-04-13 09:40:50",27
"2019-04-13 10:40:47",27
"2019-04-13 11:40:48",27
"2019-04-13 12:40:47",27
"2019-04-13 13:40:47",27
"2019-04-13 14:40:50",27
"2019-04-13 15:40:49",27
"2019-04-13 16:40:49",27
"2019-04-13 17:40:46",27
"2019-04-13 18:40:47",27
"2019-04-13 19:40:48",27
"2019-04-13 20:40:47",27
"2019-04-13 21:40:51",27
"2019-04-13 22:40:47",27
"2019-04-13 23:40:47",27
"2019-04-14 00:40:49",27
"2019-04-14 01:40:51",27
"2019-04-14 02:40:47",27
"2019-04-14 03:40:46",27
"2019-04-14 04:40:53",27
"2019-04-14 05:40:47",27
"2019-04-14 06:40:48",27
"2019-04-14 07:40:50",27
"2019-04-14 08:40:48",27
"2019-04-14 09:40:50",27
"2019-04-14 10:40:45",27
"2019-04-14 11:40:50",27
"2019-04-14 12:40:46",27
"2019-04-14 13:40:47",27
"2019-04-14 14:40:52",27
"2019-04-14 15:40:51",27
"2019-04-14 16:40:49",27
"2019-04-14 17:40:47",27
"2019-04-14 18:40:48",27
"2019-04-14 19:40:49",27
"2019-04-14 20:40:50",27
"2019-04-14 21:40:53",27
"2019-04-14 22:40:47",27
"2019-04-14 23:40:49",27
"2019-04-15 00:40:47",27
"2019-04-15 01:40:46",27
"2019-04-15 02:40:48",27
"2019-04-15 03:40:55",27
"2019-04-15 04:40:47",27
"2019-04-15 05:40:48",27
"2019-04-15 06:40:45",27
"2019-04-15 07:40:47",27
"2019-04-15 08:40:50",27
"2019-04-15 09:40:47",27
"2019-04-15 10:40:47",27
"2019-04-15 11:40:47",27
"2019-04-15 13:06:25",27
"2019-04-15 13:40:47",27
"2019-04-15 14:40:49",27
"2019-04-15 15:40:52",27
"2019-04-15 16:40:48",27
"2019-04-15 17:40:51",27
"2019-04-15 18:40:51",27
"2019-04-15 19:41:01",27
"2019-04-15 20:40:48",27
"2019-04-15 21:40:48",27
"2019-04-15 22:40:50",27
"2019-04-15 23:40:52",27
"2019-04-16 00:40:51",27
"2019-04-16 01:40:48",27
"2019-04-16 02:40:50",27
"2019-04-16 03:40:52",27
"2019-04-16 04:40:48",27
"2019-04-16 05:40:49",27
"2019-04-16 06:40:48",27
"2019-04-16 07:40:47",27
"2019-04-16 08:40:59",27
"2019-04-16 09:40:47",27
"2019-04-16 10:40:53",27
"2019-04-16 11:40:49",27
"2019-04-16 13:04:51",27
"2019-04-16 13:40:49",27
"2019-04-16 14:40:52",27
"2019-04-16 15:40:47",27
"2019-04-16 16:40:47",27
"2019-04-16 17:40:46",27
"2019-04-16 18:40:52",27
"2019-04-16 19:40:49",27
"2019-04-16 20:40:50",27
"2019-04-16 21:40:46",27
"2019-04-16 22:40:47",27
"2019-04-16 23:40:47",27
"2019-04-17 00:40:48",27
"2019-04-17 01:40:49",27
"2019-04-17 02:40:52",27
"2019-04-17 03:40:48",27
"2019-04-17 04:40:49",27
"2019-04-17 05:40:48",27
"2019-04-17 06:40:59",27
"2019-04-17 07:40:50",27
"2019-04-17 08:40:46",27
"2019-04-17 09:40:52",27
"2019-04-17 10:40:46",27
"2019-04-17 11:40:49",27
"2019-04-17 13:05:52",27
"2019-04-17 13:40:50",27
"2019-04-17 14:40:48",27
"2019-04-17 15:40:52",27
"2019-04-17 16:40:47",27
"2019-04-17 17:40:52",27
"2019-04-17 18:40:48",27
"2019-04-17 19:40:48",27
"2019-04-17 20:40:49",27
"2019-04-17 21:40:47",27
"2019-04-17 22:40:48",27
"2019-04-17 23:40:52",27
"2019-04-18 00:40:47",27
"2019-04-18 01:40:49",27
"2019-04-18 02:40:47",27
"2019-04-18 03:40:55",27
"2019-04-18 04:40:48",27
"2019-04-18 05:40:54",27
"2019-04-18 06:40:48",27
"2019-04-18 07:40:47",27
"2019-04-18 08:40:51",27
"2019-04-18 09:40:48",27
"2019-04-18 10:40:50",27
"2019-04-18 11:40:50",27
"2019-04-18 13:05:52",27
"2019-04-18 13:40:49",27
"2019-04-18 14:40:52",27
"2019-04-18 15:40:50",27
"2019-04-18 16:40:50",27
"2019-04-18 17:40:55",27
"2019-04-18 18:40:49",27
"2019-04-18 19:40:48",27
"2019-04-18 20:40:49",27
"2019-04-18 21:40:51",27
"2019-04-18 22:40:49",27
"2019-04-18 23:40:52",27
"2019-04-19 00:40:49",27
"2019-04-19 02:40:49",27
"2019-04-19 03:40:54",27
"2019-04-19 04:40:48",27
"2019-04-19 05:40:47",27
"2019-04-19 06:40:50",27
"2019-04-19 07:40:52",27
"2019-04-19 08:40:51",27
"2019-04-19 09:40:50",27
"2019-04-19 10:40:52",27
"2019-04-19 11:40:48",27
"2019-04-19 12:40:49",27
"2019-04-19 13:40:52",27
"2019-04-19 14:40:53",27
"2019-04-19 15:40:48",27
"2019-04-19 16:40:49",27
"2019-04-19 17:40:52",27
"2019-04-19 18:40:49",27
"2019-04-19 19:40:48",27
"2019-04-19 20:40:48",27
"2019-04-19 21:40:48",27
"2019-04-19 22:40:49",27
"2019-04-19 23:40:50",27
"2019-04-20 00:40:53",27
"2019-04-20 01:40:51",27
"2019-04-20 02:40:50",27
"2019-04-20 03:40:48",27
"2019-04-20 04:40:53",27
"2019-04-20 05:40:48",27
"2019-04-20 06:40:49",27
"2019-04-20 07:40:51",27
"2019-04-20 08:40:50",27
"2019-04-20 09:40:53",27
"2019-04-20 10:40:49",27
"2019-04-20 11:40:47",27
"2019-04-20 12:40:56",27
"2019-04-20 13:41:12",27
"2019-04-20 14:40:49",27
"2019-04-20 15:40:47",27
"2019-04-20 16:40:51",27
"2019-04-20 17:40:51",27
"2019-04-20 18:40:49",27
"2019-04-20 19:40:49",27
"2019-04-20 20:40:49",27
"2019-04-20 21:40:47",27
"2019-04-20 22:40:49",27
"2019-04-20 23:40:54",27
"2019-04-21 00:40:49",27
"2019-04-21 01:40:47",27
"2019-04-21 02:40:51",27
"2019-04-21 03:40:50",27
"2019-04-21 04:40:51",27
"2019-04-21 05:40:49",27
"2019-04-21 06:40:48",27
"2019-04-21 07:40:53",27
"2019-04-21 08:40:48",27
"2019-04-21 09:40:48",27
"2019-04-21 10:40:50",27
"2019-04-21 11:40:49",27
"2019-04-21 12:40:48",27
"2019-04-21 13:40:48",27
"2019-04-21 14:40:52",27
"2019-04-21 15:40:49",27
"2019-04-21 16:40:50",27
"2019-04-21 17:40:50",27
"2019-04-21 18:40:47",27
"2019-04-21 19:40:53",27
"2019-04-21 20:40:47",27
"2019-04-21 21:40:49",27
"2019-04-21 22:40:48",27
"2019-04-21 23:40:48",27
"2019-04-22 00:40:49",27
"2019-04-22 01:40:51",27
"2019-04-22 02:40:55",27
"2019-04-22 03:40:50",27
"2019-04-22 04:40:47",27
"2019-04-22 05:40:47",27
"2019-04-22 06:40:50",27
"2019-04-22 07:40:50",27
"2019-04-22 08:40:49",27
"2019-04-22 09:40:47",27
"2019-04-22 10:40:53",27
"2019-04-22 11:40:51",27
"2019-04-22 13:06:24",27
"2019-04-22 13:40:50",27
"2019-04-22 14:40:50",28
"2019-04-22 15:40:49",29
"2019-04-22 16:40:48",29
"2019-04-22 17:40:50",29
"2019-04-22 18:40:51",29
"2019-04-22 19:40:52",29
"2019-04-22 20:40:50",28
"2019-04-22 21:40:49",28
"2019-04-22 22:40:50",28
"2019-04-22 23:40:51",28
"2019-04-23 00:40:51",28
"2019-04-23 01:40:47",28
"2019-04-23 02:40:48",28
"2019-04-23 03:40:51",28
"2019-04-23 04:40:51",28
"2019-04-23 05:40:50",28
"2019-04-23 06:40:53",28
"2019-04-23 07:40:49",28
"2019-04-23 08:40:46",28
"2019-04-23 09:40:49",28
"2019-04-23 10:40:50",28
"2019-04-23 11:40:52",28
"2019-04-23 13:06:52",28
"2019-04-23 13:40:49",28
"2019-04-23 14:40:47",28
"2019-04-23 15:40:50",28
"2019-04-23 16:40:49",29
"2019-04-23 17:40:48",29
"2019-04-23 18:40:48",29
"2019-04-23 19:40:49",29
"2019-04-23 20:40:55",29
"2019-04-23 21:40:52",29
"2019-04-23 22:40:49",29
"2019-04-23 23:40:50",29
"2019-04-24 00:40:48",29
"2019-04-24 01:40:49",29
"2019-04-24 02:40:53",29
"2019-04-24 03:40:50",29
"2019-04-24 04:40:49",29
"2019-04-24 05:40:48",29
"2019-04-24 06:40:50",29
"2019-04-24 07:40:52",29
"2019-04-24 08:40:48",29
"2019-04-24 09:40:50",29
"2019-04-24 10:40:52",29
"2019-04-24 11:40:52",29
"2019-04-24 12:40:48",29
"2019-04-24 13:40:57",29
"2019-04-24 14:40:51",29
"2019-04-24 15:40:49",29
"2019-04-24 16:40:48",29
"2019-04-24 17:40:51",29
"2019-04-24 18:40:56",29
"2019-04-24 19:40:49",29
"2019-04-24 20:40:51",29
"2019-04-24 21:40:50",29
"2019-04-24 22:40:48",29
"2019-04-24 23:40:56",29
"2019-04-25 00:40:51",29
"2019-04-25 01:40:51",29
"2019-04-25 02:40:50",29
"2019-04-25 03:40:54",29
"2019-04-25 04:40:50",29
"2019-04-25 05:40:49",29
"2019-04-25 06:40:52",29
"2019-04-25 07:40:48",29
"2019-04-25 08:40:51",29
"2019-04-25 09:40:50",29
"2019-04-25 10:40:53",29
"2019-04-25 11:40:51",29
"2019-04-25 13:05:23",29
"2019-04-25 13:40:51",29
"2019-04-25 14:40:53",30
"2019-04-25 15:40:49",30
"2019-04-25 16:40:52",30
"2019-04-25 17:40:48",30
"2019-04-25 18:40:48",30
"2019-04-25 19:40:51",30
"2019-04-25 20:40:49",30
"2019-04-25 21:40:55",30
"2019-04-25 22:40:49",30
"2019-04-25 23:40:48",30
"2019-04-26 00:40:50",30
"2019-04-26 01:40:52",30
"2019-04-26 02:40:50",30
"2019-04-26 03:40:51",30
"2019-04-26 04:40:50",30
"2019-04-26 05:40:51",30
"2019-04-26 06:40:51",30
"2019-04-26 07:40:48",30
"2019-04-26 08:40:53",30
"2019-04-26 09:40:48",30
"2019-04-26 10:40:54",30
"2019-04-26 11:40:48",30
"2019-04-26 12:40:49",30
"2019-04-26 13:40:52",30
"2019-04-26 14:40:49",30
"2019-04-26 15:40:52",30
"2019-04-26 16:40:48",30
"2019-04-26 17:40:50",30
"2019-04-26 18:40:50",30
"2019-04-26 19:40:47",30
"2019-04-26 20:40:52",30
"2019-04-26 21:40:49",30
"2019-04-26 22:40:49",30
"2019-04-26 23:40:49",30
"2019-04-27 00:40:49",30
"2019-04-27 01:40:51",30
"2019-04-27 02:40:48",30
"2019-04-27 03:40:48",30
"2019-04-27 04:40:47",30
"2019-04-27 05:40:50",30
"2019-04-27 06:40:52",30
"2019-04-27 07:40:48",30
"2019-04-27 08:40:48",30
"2019-04-27 09:40:51",30
"2019-04-27 10:40:49",30
"2019-04-27 11:40:47",30
"2019-04-27 12:40:48",30
"2019-04-27 13:40:49",30
"2019-04-27 14:40:48",30
"2019-04-27 15:40:47",30
"2019-04-27 16:40:49",30
"2019-04-27 17:40:55",30
"2019-04-27 18:40:49",30
"2019-04-27 19:40:47",30
"2019-04-27 20:40:49",30
"2019-04-27 21:40:49",30
"2019-04-27 22:40:47",30
"2019-04-27 23:40:47",30
"2019-04-28 00:40:48",30
"2019-04-28 01:40:49",30
"2019-04-28 02:40:48",30
"2019-04-28 03:40:47",30
"2019-04-28 04:40:52",30
"2019-04-28 05:40:48",30
"2019-04-28 06:40:48",30
"2019-04-28 07:40:47",30
"2019-04-28 08:40:52",30
"2019-04-28 09:40:48",30
"2019-04-28 10:40:52",30
"2019-04-28 11:40:49",30
"2019-04-28 12:40:48",30
"2019-04-28 13:40:47",30
"2019-04-28 14:40:51",30
"2019-04-28 15:40:49",30
"2019-04-28 16:40:47",30
"2019-04-28 17:40:48",30
"2019-04-28 18:40:49",30
"2019-04-28 19:40:52",30
"2019-04-28 20:40:48",30
"2019-04-28 21:40:49",30
"2019-04-28 22:40:48",30
"2019-04-28 23:40:49",30
"2019-04-29 00:40:51",30
"2019-04-29 01:40:47",30
"2019-04-29 02:40:47",30
"2019-04-29 03:40:50",30
"2019-04-29 04:40:51",30
"2019-04-29 05:40:47",30
"2019-04-29 06:40:48",30
"2019-04-29 07:40:49",30
"2019-04-29 08:40:53",30
"2019-04-29 09:40:50",30
"2019-04-29 10:40:48",30
"2019-04-29 11:40:48",30
"2019-04-29 12:40:53",30
"2019-04-29 13:40:48",30
"2019-04-29 14:40:51",30
"2019-04-29 15:40:48",30
"2019-04-29 16:40:52",30
"2019-04-29 17:40:50",30
"2019-04-29 18:40:50",30
"2019-04-29 19:40:51",30
"2019-04-29 20:40:55",30
"2019-04-29 21:40:49",30
"2019-04-29 22:40:48",30
"2019-04-29 23:40:51",30
"2019-04-30 00:40:49",30
"2019-04-30 01:40:50",30
"2019-04-30 02:40:52",30
"2019-04-30 03:40:53",30
"2019-04-30 04:40:51",30
"2019-04-30 05:40:51",30
"2019-04-30 06:40:49",30
"2019-04-30 07:40:51",30
"2019-04-30 08:40:50",30
"2019-04-30 09:40:55",30
"2019-04-30 10:40:49",30
"2019-04-30 11:40:51",30
"2019-04-30 13:04:53",30
"2019-04-30 13:40:53",30
"2019-04-30 14:40:51",30
"2019-04-30 15:40:54",30
"2019-04-30 16:40:53",31
"2019-04-30 17:40:56",31
"2019-04-30 18:40:51",31
"2019-04-30 19:40:53",31
"2019-04-30 20:40:51",31
"2019-04-30 21:40:51",31
"2019-04-30 22:40:48",31
"2019-04-30 23:40:53",31
"2019-05-01 00:40:47",31
"2019-05-01 01:40:56",31
"2019-05-01 02:40:52",31
"2019-05-01 03:40:55",31
"2019-05-01 04:40:54",31
"2019-05-01 05:40:52",31
"2019-05-01 06:40:49",31
"2019-05-01 07:40:52",31
"2019-05-01 08:40:52",31
"2019-05-01 09:40:53",31
"2019-05-01 10:40:50",31
"2019-05-01 11:40:49",31
"2019-05-01 13:04:53",31
"2019-05-01 13:40:53",31
"2019-05-01 14:40:48",31
"2019-05-01 15:40:53",31
"2019-05-01 16:40:52",31
"2019-05-01 17:40:49",31
"2019-05-01 18:40:52",31
"2019-05-01 19:40:56",31
"2019-05-01 20:40:53",31
"2019-05-01 21:40:50",31
"2019-05-01 22:40:52",31
"2019-05-01 23:40:53",31
"2019-05-02 00:40:53",31
"2019-05-02 01:40:50",31
"2019-05-02 02:40:54",31
"2019-05-02 03:40:50",31
"2019-05-02 04:40:54",31
"2019-05-02 05:40:55",31
"2019-05-02 06:40:54",31
"2019-05-02 07:40:52",31
"2019-05-02 08:40:51",31
"2019-05-02 09:40:51",31
"2019-05-02 10:40:53",31
"2019-05-02 11:40:50",31
"2019-05-02 13:05:01",31
"2019-05-02 13:40:55",31
"2019-05-02 14:40:49",31
"2019-05-02 15:40:50",31
"2019-05-02 16:40:54",31
"2019-05-02 17:40:50",31
"2019-05-02 18:40:50",31
"2019-05-02 19:40:55",31
"2019-05-02 20:40:51",31
"2019-05-02 21:40:52",31
"2019-05-02 22:40:56",31
"2019-05-02 23:40:49",31
"2019-05-03 00:40:50",31
"2019-05-03 01:40:55",31
"2019-05-03 02:40:51",31
"2019-05-03 03:40:56",31
"2019-05-03 04:40:49",31
"2019-05-03 05:41:02",31
"2019-05-03 06:40:53",31
"2019-05-03 07:40:53",31
"2019-05-03 08:40:52",31
"2019-05-03 09:40:53",31
"2019-05-03 10:40:56",31
"2019-05-03 11:40:52",31
"2019-05-03 13:03:57",31
"2019-05-03 13:40:59",31
"2019-05-03 14:40:55",31
"2019-05-03 15:40:53",31
"2019-05-03 16:40:54",32
"2019-05-03 17:40:55",32
"2019-05-03 18:40:57",32
"2019-05-03 19:40:57",32
"2019-05-03 20:40:50",33
"2019-05-03 21:40:58",33
"2019-05-03 22:40:51",33
"2019-05-03 23:40:56",33
"2019-05-04 00:40:54",33
"2019-05-04 01:40:53",33
"2019-05-04 02:40:55",33
"2019-05-04 03:40:59",33
"2019-05-04 04:40:53",33
"2019-05-04 05:40:54",33
"2019-05-04 06:40:56",33
"2019-05-04 07:40:55",33
"2019-05-04 08:40:50",33
"2019-05-04 09:40:54",33
"2019-05-04 10:40:49",33
"2019-05-04 11:40:53",33
"2019-05-04 12:40:56",33
"2019-05-04 13:40:55",33
"2019-05-04 14:40:50",33
"2019-05-04 15:40:51",33
"2019-05-04 16:40:54",33
"2019-05-04 17:40:51",33
"2019-05-04 18:40:50",33
"2019-05-04 19:40:54",33
"2019-05-04 20:40:49",33
"2019-05-04 21:40:52",33
"2019-05-04 22:40:50",33
"2019-05-04 23:40:56",33
"2019-05-05 00:40:53",33
"2019-05-05 01:40:54",33
"2019-05-05 02:40:50",33
"2019-05-05 03:40:52",33
"2019-05-05 04:40:54",33
"2019-05-05 05:40:55",33
"2019-05-05 06:40:55",33
"2019-05-05 07:40:53",33
"2019-05-05 08:40:50",33
"2019-05-05 09:40:51",33
"2019-05-05 10:40:53",33
"2019-05-05 11:40:53",33
"2019-05-05 12:40:53",33
"2019-05-05 13:40:52",33
"2019-05-05 14:40:53",33
"2019-05-05 15:40:51",33
"2019-05-05 16:40:51",33
"2019-05-05 17:40:55",33
"2019-05-05 18:40:52",33
"2019-05-05 19:40:49",33
"2019-05-05 20:40:52",33
"2019-05-05 21:40:50",33
"2019-05-05 22:40:53",33
"2019-05-05 23:40:55",33
"2019-05-06 00:40:51",33
"2019-05-06 01:40:50",33
"2019-05-06 02:40:51",33
"2019-05-06 03:40:54",33
"2019-05-06 04:40:49",33
"2019-05-06 05:40:50",33
"2019-05-06 06:40:49",33
"2019-05-06 07:40:54",33
"2019-05-06 08:40:51",33
"2019-05-06 09:40:49",33
"2019-05-06 10:40:53",33
"2019-05-06 11:40:53",33
"2019-05-06 13:05:59",33
"2019-05-06 13:40:57",33
"2019-05-06 14:40:56",33
"2019-05-06 15:40:51",33
"2019-05-06 16:40:53",33
"2019-05-06 17:32:43",33
"2019-05-06 17:40:52",33
"2019-05-06 18:40:53",33
"2019-05-06 19:40:55",33
"2019-05-06 20:40:50",33
"2019-05-06 21:40:50",33
"2019-05-06 22:40:53",33
"2019-05-06 23:40:50",33
"2019-05-07 00:40:52",33
"2019-05-07 01:40:57",33
"2019-05-07 02:40:51",33
"2019-05-07 03:40:54",33
"2019-05-07 04:40:52",33
"2019-05-07 05:40:52",33
"2019-05-07 06:40:50",33
"2019-05-07 07:40:52",33
"2019-05-07 08:40:50",33
"2019-05-07 09:40:54",33
"2019-05-07 10:40:52",33
"2019-05-07 11:40:50",33
"2019-05-07 12:40:56",33
"2019-05-07 13:40:53",33
"2019-05-07 14:40:50",33
"2019-05-07 15:40:49",33
"2019-05-07 16:40:51",32
"2019-05-07 17:40:54",32
"2019-05-07 18:40:52",32
"2019-05-07 19:40:55",32
"2019-05-07 20:40:52",32
"2019-05-07 21:40:51",32
"2019-05-07 22:40:51",32
"2019-05-07 23:40:54",32
"2019-05-08 00:40:50",32
"2019-05-08 01:40:52",32
"2019-05-08 02:40:51",32
"2019-05-08 03:40:56",32
"2019-05-08 04:40:52",32
"2019-05-08 05:40:52",32
"2019-05-08 06:40:53",32
"2019-05-08 07:40:51",32
"2019-05-08 08:40:50",32
"2019-05-08 09:40:55",32
"2019-05-08 10:40:51",32
"2019-05-08 11:40:54",32
"2019-05-08 13:04:56",32
"2019-05-08 13:40:52",32
"2019-05-08 14:40:53",32
"2019-05-08 15:40:54",32
"2019-05-08 16:40:52",32
"2019-05-08 17:40:53",32
"2019-05-08 18:40:56",32
"2019-05-08 19:40:52",32
"2019-05-08 20:40:50",32
"2019-05-08 21:40:52",32
"2019-05-08 22:40:50",32
"2019-05-08 23:40:58",32
"2019-05-09 00:40:51",32
"2019-05-09 01:40:53",32
"2019-05-09 02:40:53",32
"2019-05-09 03:40:57",32
"2019-05-09 04:40:56",32
"2019-05-09 05:40:52",32
"2019-05-09 06:40:54",32
"2019-05-09 07:40:54",32
"2019-05-09 08:40:53",32
"2019-05-09 09:40:57",32
"2019-05-09 10:40:51",32
"2019-05-09 11:40:55",32
"2019-05-09 13:04:24",32
"2019-05-09 13:40:52",32
"2019-05-09 14:40:51",32
"2019-05-09 15:40:56",31
"2019-05-09 16:40:52",31
"2019-05-09 17:40:56",31
"2019-05-09 18:40:52",31
"2019-05-09 19:40:53",31
"2019-05-09 20:40:53",31
"2019-05-09 21:40:51",31
"2019-05-09 22:40:56",31
"2019-05-09 23:40:51",31
"2019-05-10 00:40:50",31
"2019-05-10 01:40:54",31
"2019-05-10 02:40:56",31
"2019-05-10 03:40:50",31
"2019-05-10 04:40:57",31
"2019-05-10 05:40:51",31
"2019-05-10 06:40:51",31
"2019-05-10 07:40:50",31
"2019-05-10 08:40:55",31
"2019-05-10 09:40:51",31
"2019-05-10 10:40:53",31
"2019-05-10 11:40:51",31
"2019-05-10 12:40:58",31
"2019-05-10 13:40:52",31
"2019-05-10 14:40:55",31
"2019-05-10 15:40:53",31
"2019-05-10 16:40:52",31
"2019-05-10 17:40:52",31
"2019-05-10 18:40:57",31
"2019-05-10 19:40:52",32
"2019-05-10 20:40:52",32
"2019-05-10 21:40:52",32
"2019-05-10 22:40:53",32
"2019-05-10 23:40:53",32
"2019-05-11 00:40:58",32
"2019-05-11 01:40:52",32
"2019-05-11 02:40:56",32
"2019-05-11 03:40:51",32
"2019-05-11 04:40:53",32
"2019-05-11 05:41:01",32
"2019-05-11 06:40:51",32
"2019-05-11 07:40:51",32
"2019-05-11 08:40:56",32
"2019-05-11 09:40:52",32
"2019-05-11 10:40:57",32
"2019-05-11 11:40:52",32
"2019-05-11 12:40:51",32
"2019-05-11 13:40:54",32
"2019-05-11 14:40:51",32
"2019-05-11 15:40:53",32
"2019-05-11 16:40:58",32
"2019-05-11 17:40:53",32
"2019-05-11 18:40:54",32
"2019-05-11 19:40:53",32
"2019-05-11 20:40:52",32
"2019-05-11 21:40:53",32
"2019-05-11 22:40:54",32
"2019-05-11 23:40:53",32
"2019-05-12 00:40:52",32
"2019-05-12 01:40:53",32
"2019-05-12 02:40:52",32
"2019-05-12 03:40:56",32
"2019-05-12 04:40:51",32
"2019-05-12 05:40:54",32
"2019-05-12 06:40:52",32
"2019-05-12 07:40:56",32
"2019-05-12 08:40:52",32
"2019-05-12 09:40:55",32
"2019-05-12 10:40:51",32
"2019-05-12 11:40:52",32
"2019-05-12 12:40:51",32
"2019-05-12 13:40:56",32
"2019-05-12 14:40:52",32
"2019-05-12 15:40:53",32
"2019-05-12 16:40:54",32
"2019-05-12 17:40:57",32
"2019-05-12 18:40:52",32
"2019-05-12 19:40:52",32
"2019-05-12 20:40:52",32
"2019-05-12 21:40:50",32
"2019-05-12 22:40:56",32
"2019-05-12 23:40:51",32
"2019-05-13 00:40:53",32
"2019-05-13 01:40:51",32
"2019-05-13 02:40:51",32
"2019-05-13 03:40:55",32
"2019-05-13 04:40:51",32
"2019-05-13 05:40:50",32
"2019-05-13 06:40:55",32
"2019-05-13 07:40:50",32
"2019-05-13 08:40:51",32
"2019-05-13 09:40:53",32
"2019-05-13 10:40:55",32
"2019-05-13 11:40:52",32
"2019-05-13 13:04:25",32
"2019-05-13 13:40:52",32
"2019-05-13 14:40:52",33
"2019-05-13 15:40:56",33
"2019-05-13 16:40:52",33
"2019-05-13 17:40:52",33
"2019-05-13 18:40:54",33
"2019-05-13 19:40:54",33
"2019-05-13 20:40:51",33
"2019-05-13 21:40:54",33
"2019-05-13 22:40:51",33
"2019-05-13 23:40:52",33
"2019-05-14 00:41:05",33
"2019-05-14 01:40:51",33
"2019-05-14 02:40:53",33
"2019-05-14 03:40:56",33
"2019-05-14 04:40:52",33
"2019-05-14 05:40:51",33
"2019-05-14 06:40:54",33
"2019-05-14 07:40:55",33
"2019-05-14 08:40:54",33
"2019-05-14 09:40:56",33
"2019-05-14 10:40:53",33
"2019-05-14 11:40:52",33
"2019-05-14 13:03:57",33
"2019-05-14 13:40:55",33
"2019-05-14 14:40:52",34
"2019-05-14 15:40:54",34
"2019-05-14 16:40:53",34
"2019-05-14 17:40:50",34
"2019-05-14 18:40:53",34
"2019-05-14 19:40:51",34
"2019-05-14 20:40:52",34
"2019-05-14 21:40:51",34
"2019-05-14 22:40:54",34
"2019-05-14 23:40:53",34
"2019-05-15 00:40:52",34
"2019-05-15 01:40:52",34
"2019-05-15 02:40:50",34
"2019-05-15 03:40:54",34
"2019-05-15 04:40:52",34
"2019-05-15 05:40:54",34
"2019-05-15 06:40:55",34
"2019-05-15 07:40:53",34
"2019-05-15 08:40:53",34
"2019-05-15 09:40:56",34
"2019-05-15 10:40:58",34
"2019-05-15 11:40:52",34
"2019-05-15 13:04:57",34
"2019-05-15 13:40:54",34
"2019-05-15 14:40:54",34
"2019-05-15 15:40:52",34
"2019-05-15 16:40:56",34
"2019-05-15 17:40:54",34
"2019-05-15 18:40:56",34
"2019-05-15 19:40:54",34
"2019-05-15 20:40:54",34
"2019-05-15 21:40:55",34
"2019-05-15 22:40:53",34
"2019-05-15 23:40:53",34
"2019-05-16 00:40:53",34
"2019-05-16 01:40:56",34
"2019-05-16 02:40:57",34
"2019-05-16 03:40:52",34
"2019-05-16 04:40:53",34
"2019-05-16 05:40:56",34
"2019-05-16 06:40:54",34
"2019-05-16 07:40:56",34
"2019-05-16 08:40:54",34
"2019-05-16 09:40:55",34
"2019-05-16 10:41:02",34
"2019-05-16 11:40:54",34
"2019-05-16 13:03:57",34
"2019-05-16 13:41:03",34
"2019-05-16 14:40:55",34
"2019-05-16 15:40:53",34
"2019-05-16 16:40:56",34
"2019-05-16 17:40:54",34
"2019-05-16 18:40:57",35
"2019-05-16 19:40:57",36
"2019-05-16 20:40:53",36
"2019-05-16 21:40:55",36
"2019-05-16 22:40:55",36
"2019-05-16 23:40:54",36
"2019-05-17 00:41:00",36
"2019-05-17 01:40:55",36
"2019-05-17 02:40:54",36
"2019-05-17 03:40:53",36
"2019-05-17 04:40:54",36
"2019-05-17 05:40:55",36
"2019-05-17 06:40:59",36
"2019-05-17 07:40:56",36
"2019-05-17 08:41:00",36
"2019-05-17 09:40:58",36
"2019-05-17 10:40:53",36
"2019-05-17 11:40:57",36
"2019-05-17 13:05:28",36
"2019-05-17 13:41:00",36
"2019-05-17 14:40:55",36
"2019-05-17 15:40:54",36
"2019-05-17 16:40:56",36
"2019-05-17 17:40:55",36
"2019-05-17 18:40:53",36
"2019-05-17 19:40:57",36
"2019-05-17 20:40:53",36
"2019-05-17 21:40:55",36
"2019-05-17 22:40:54",36
"2019-05-17 23:40:54",36
"2019-05-18 00:40:55",36
"2019-05-18 01:40:56",36
"2019-05-18 02:40:55",36
"2019-05-18 04:40:51",36
"2019-05-18 05:40:50",36
"2019-05-18 06:40:52",36
"2019-05-18 07:40:50",36
"2019-05-18 08:40:50",36
"2019-05-18 09:40:50",36
"2019-05-18 10:40:49",36
"2019-05-18 11:40:52",36
"2019-05-18 12:40:50",36
"2019-05-18 13:40:51",36
"2019-05-18 14:40:51",36
"2019-05-18 15:40:52",36
"2019-05-18 16:40:50",36
"2019-05-18 17:40:51",36
"2019-05-18 18:40:49",36
"2019-05-18 19:40:50",36
"2019-05-18 20:40:50",36
"2019-05-18 21:40:51",36
"2019-05-18 22:40:50",36
"2019-05-18 23:40:50",36
"2019-05-19 00:40:49",36
"2019-05-19 01:40:49",36
"2019-05-19 02:40:50",36
"2019-05-19 03:40:49",36
"2019-05-19 04:40:52",36
"2019-05-19 05:40:50",36
"2019-05-19 06:40:50",36
"2019-05-19 07:40:50",36
"2019-05-19 08:40:49",36
"2019-05-19 09:40:50",36
"2019-05-19 10:40:50",36
"2019-05-19 11:40:50",36
"2019-05-19 12:40:51",36
"2019-05-19 13:40:51",36
"2019-05-19 14:40:50",36
"2019-05-19 15:40:50",36
"2019-05-19 16:40:51",36
"2019-05-19 17:40:50",36
"2019-05-19 18:40:50",36
"2019-05-19 19:40:50",36
"2019-05-19 20:40:50",36
"2019-05-19 21:40:51",36
"2019-05-19 22:40:50",36
"2019-05-19 23:40:50",36
"2019-05-20 00:40:51",36
"2019-05-20 01:40:51",36
"2019-05-20 02:40:52",36
"2019-05-20 03:40:51",36
"2019-05-20 04:40:52",36
"2019-05-20 05:40:52",36
"2019-05-20 06:40:51",36
"2019-05-20 07:40:51",36
"2019-05-20 08:40:51",36
"2019-05-20 09:40:51",36
"2019-05-20 10:40:51",36
"2019-05-20 11:40:51",36
"2019-05-20 12:40:52",36
"2019-05-20 13:40:52",36
"2019-05-20 14:40:51",35
"2019-05-20 15:40:49",34
"2019-05-20 16:40:52",34
"2019-05-20 17:40:51",35
"2019-05-20 18:40:50",35
"2019-05-20 19:40:51",35
"2019-05-20 20:40:50",35
"2019-05-20 21:40:51",35
"2019-05-20 22:40:50",35
"2019-05-20 23:40:54",35
"2019-05-21 00:40:50",35
"2019-05-21 01:40:51",35
"2019-05-21 02:40:51",35
"2019-05-21 03:40:51",35
"2019-05-21 04:40:51",35
"2019-05-21 05:40:50",35
"2019-05-21 06:40:49",35
"2019-05-21 07:40:51",35
"2019-05-21 08:40:50",35
"2019-05-21 09:40:49",35
"2019-05-21 10:40:50",35
"2019-05-21 11:40:50",35
"2019-05-21 13:04:53",35
"2019-05-21 13:40:50",35
"2019-05-21 14:40:51",35
"2019-05-21 15:40:49",34
"2019-05-21 16:40:49",34
"2019-05-21 17:40:49",34
"2019-05-21 18:40:50",34
"2019-05-21 19:40:50",34
"2019-05-21 20:40:50",34
"2019-05-21 21:40:50",34
"2019-05-21 22:40:52",34
"2019-05-21 23:40:50",34
"2019-05-22 00:40:50",34
"2019-05-22 01:40:50",34
"2019-05-22 02:40:49",34
"2019-05-22 03:40:50",34
"2019-05-22 04:40:51",34
"2019-05-22 05:40:51",34
"2019-05-22 06:40:50",34
"2019-05-22 07:40:50",34
"2019-05-22 08:40:51",34
"2019-05-22 09:40:54",34
"2019-05-22 10:40:50",34
"2019-05-22 11:40:50",34
"2019-05-22 12:40:50",34
"2019-05-22 13:40:50",34
"2019-05-22 14:40:50",34
"2019-05-22 15:40:52",34
"2019-05-22 16:40:51",34
"2019-05-22 17:40:49",33
"2019-05-22 18:40:50",33
"2019-05-22 19:40:49",33
"2019-05-22 20:40:49",33
"2019-05-22 21:40:51",33
"2019-05-22 22:40:50",33
"2019-05-22 23:40:49",33
"2019-05-23 00:40:50",33
"2019-05-23 01:40:50",33
"2019-05-23 02:40:51",33
"2019-05-23 03:40:50",33
"2019-05-23 04:40:53",33
"2019-05-23 05:40:50",33
"2019-05-23 06:40:50",33
"2019-05-23 07:40:51",33
"2019-05-23 08:40:51",33
"2019-05-23 09:40:50",33
"2019-05-23 10:40:51",33
"2019-05-23 11:40:50",33
"2019-05-23 12:40:51",33
"2019-05-23 13:40:51",33
"2019-05-23 14:40:51",33
"2019-05-23 15:40:51",33
"2019-05-23 16:40:51",33
"2019-05-23 17:40:51",33
"2019-05-23 18:40:51",33
"2019-05-23 19:40:52",33
"2019-05-23 20:40:51",33
"2019-05-23 21:40:51",33
"2019-05-23 22:40:51",33
"2019-05-23 23:40:51",33
"2019-05-24 00:40:52",33
"2019-05-24 01:40:51",33
"2019-05-24 02:40:50",33
"2019-05-24 03:40:51",33
"2019-05-24 04:40:51",33
"2019-05-24 05:40:53",33
"2019-05-24 06:40:51",33
"2019-05-24 07:40:50",33
"2019-05-24 08:40:51",33
"2019-05-24 09:40:52",33
"2019-05-24 10:40:52",33
"2019-05-24 11:40:51",33
"2019-05-24 13:04:54",33
"2019-05-24 13:40:51",33
"2019-05-24 14:40:52",33
"2019-05-24 15:40:51",33
"2019-05-24 16:40:51",33
"2019-05-24 17:40:52",33
"2019-05-24 18:40:53",33
"2019-05-24 19:40:52",33
"2019-05-24 20:40:52",33
"2019-05-24 21:40:53",33
"2019-05-24 22:40:52",33
"2019-05-24 23:40:53",33
"2019-05-25 00:40:52",33
"2019-05-25 01:40:51",33
"2019-05-25 04:40:51",33
"2019-05-26 04:40:52",33
"2019-05-26 05:40:52",33
"2019-05-26 06:40:52",33
"2019-05-26 07:40:53",33
"2019-05-26 08:40:51",33
"2019-05-26 09:40:50",33
"2019-05-26 10:40:51",33
"2019-05-26 11:40:51",33
"2019-05-26 12:40:51",33
"2019-05-26 13:40:51",33
"2019-05-26 14:40:52",33
"2019-05-26 15:40:50",33
"2019-05-26 16:40:51",33
"2019-05-26 17:40:53",33
"2019-05-26 18:40:51",33
"2019-05-26 19:40:51",33
"2019-05-26 20:40:51",33
"2019-05-26 21:40:51",33
"2019-05-26 22:40:51",33
"2019-05-26 23:40:51",33
"2019-05-27 00:40:51",33
"2019-05-27 01:40:51",33
"2019-05-27 02:40:50",33
"2019-05-27 03:40:52",33
"2019-05-27 04:40:52",33
"2019-05-27 05:40:51",33
"2019-05-27 06:40:51",33
"2019-05-27 07:40:55",33
"2019-05-27 08:40:54",33
"2019-05-27 09:40:52",33
"2019-05-27 10:40:52",33
"2019-05-27 11:40:51",33
"2019-05-27 12:40:51",33
"2019-05-27 13:40:51",33
"2019-05-27 14:40:52",33
"2019-05-27 15:40:51",33
"2019-05-27 16:40:51",33
"2019-05-27 17:40:52",33
"2019-05-27 18:40:52",33
"2019-05-27 19:40:51",33
"2019-05-27 20:40:50",33
"2019-05-27 21:40:51",33
"2019-05-27 22:40:50",33
"2019-05-27 23:40:51",33
"2019-05-28 00:40:51",33
"2019-05-28 01:40:52",33
"2019-05-28 02:40:52",33
"2019-05-28 03:40:51",33
"2019-05-28 04:40:51",33
"2019-05-28 05:40:50",33
"2019-05-28 06:40:55",33
"2019-05-28 07:40:52",33
"2019-05-28 08:40:52",33
"2019-05-28 09:40:52",33
"2019-05-28 10:40:51",33
"2019-05-28 11:40:50",33
"2019-05-28 12:40:51",33
"2019-05-28 13:40:53",33
"2019-05-28 14:40:52",33
"2019-05-28 15:40:52",33
"2019-05-28 16:40:52",33
"2019-05-28 17:40:54",33
"2019-05-28 18:40:52",33
"2019-05-28 19:40:52",33
"2019-05-28 20:40:53",33
"2019-05-28 21:40:52",33
"2019-05-28 22:40:51",33
"2019-05-28 23:40:52",33
"2019-05-29 00:40:52",33
"2019-05-29 01:40:52",33
"2019-05-29 02:40:52",33
"2019-05-29 03:40:51",33
"2019-05-29 04:40:52",33
"2019-05-29 05:40:54",33
"2019-05-29 06:40:53",33
"2019-05-29 07:40:54",33
"2019-05-29 08:40:52",33
"2019-05-29 09:40:55",33
"2019-05-29 10:40:52",33
"2019-05-29 11:40:51",33
"2019-05-29 13:03:56",33
"2019-05-29 13:40:53",33
"2019-05-29 14:40:54",33
"2019-05-29 15:40:52",33
"2019-05-29 16:40:53",33
"2019-05-29 17:40:53",33
"2019-05-29 18:40:53",33
"2019-05-29 19:40:54",33
"2019-05-29 20:40:52",34
"2019-05-29 21:40:52",34
"2019-05-29 22:40:52",34
"2019-05-29 23:40:53",34
"2019-05-30 00:40:52",34
"2019-05-30 01:40:52",34
"2019-05-30 02:40:53",34
"2019-05-30 03:40:52",34
"2019-05-30 04:40:52",34
"2019-05-30 05:40:54",34
"2019-05-30 06:40:52",34
"2019-05-30 07:40:52",34
"2019-05-30 08:40:54",34
"2019-05-30 09:40:53",34
"2019-05-30 10:40:52",34
"2019-05-30 11:40:52",34
"2019-05-30 12:40:55",34
"2019-05-30 13:40:51",34
"2019-05-30 14:40:54",34
"2019-05-30 15:40:53",34
"2019-05-30 16:40:51",34
"2019-05-30 17:40:52",34
"2019-05-30 18:40:53",34
"2019-05-30 19:40:52",34
"2019-05-30 20:40:51",34
"2019-05-30 21:40:52",34
"2019-05-30 22:40:53",34
"2019-05-30 23:40:52",34
"2019-05-31 00:40:51",34
"2019-05-31 01:40:52",34
"2019-05-31 02:40:52",34
"2019-05-31 03:40:51",34
"2019-05-31 04:40:51",34
"2019-05-31 05:40:52",34
"2019-05-31 06:40:53",34
"2019-05-31 07:40:51",34
"2019-05-31 08:40:52",34
"2019-05-31 09:40:53",34
"2019-05-31 10:40:52",34
"2019-05-31 11:40:52",34
"2019-05-31 12:41:37",34
"2019-05-31 13:40:52",34
"2019-05-31 14:40:52",34
"2019-05-31 15:40:53",34
"2019-05-31 16:40:51",34
"2019-05-31 17:40:55",34
"2019-05-31 18:40:52",34
"2019-05-31 19:40:52",34
"2019-05-31 20:40:52",34
"2019-05-31 21:40:52",34
"2019-05-31 22:40:51",34
"2019-05-31 23:40:52",34
"2019-06-01 00:40:52",34
"2019-06-01 01:40:52",34
"2019-06-01 02:40:52",34
"2019-06-01 03:40:52",34
"2019-06-01 04:40:52",34
"2019-06-01 05:40:52",34
"2019-06-01 06:40:54",34
"2019-06-01 07:40:51",34
"2019-06-01 08:40:52",34
"2019-06-01 09:40:52",34
"2019-06-01 10:40:52",34
"2019-06-01 11:40:52",34
"2019-06-01 12:40:52",34
"2019-06-01 13:40:52",34
"2019-06-01 14:40:53",34
"2019-06-01 15:40:53",34
"2019-06-01 16:40:52",34
"2019-06-01 17:40:52",34
"2019-06-01 18:40:52",34
"2019-06-01 19:40:53",34
"2019-06-01 20:40:51",34
"2019-06-01 21:40:52",34
"2019-06-01 22:40:52",34
"2019-06-01 23:40:52",34
"2019-06-02 00:40:53",34
"2019-06-02 01:40:54",34
"2019-06-02 02:40:53",34
"2019-06-02 03:40:52",34
"2019-06-02 04:40:52",34
"2019-06-02 05:40:55",34
"2019-06-02 06:40:52",34
"2019-06-02 07:40:52",34
"2019-06-02 08:40:52",34
"2019-06-02 09:40:52",34
"2019-06-02 10:40:52",34
"2019-06-02 11:40:52",34
"2019-06-02 12:40:54",34
"2019-06-02 13:40:53",34
"2019-06-02 14:40:53",34
"2019-06-02 15:40:51",34
"2019-06-02 16:40:52",34
"2019-06-02 17:40:53",34
"2019-06-02 18:40:52",34
"2019-06-02 19:40:52",34
"2019-06-02 20:40:52",34
"2019-06-02 21:40:52",34
"2019-06-02 22:40:52",34
"2019-06-02 23:40:51",34
"2019-06-03 00:40:52",34
"2019-06-03 01:40:54",34
"2019-06-03 02:40:52",34
"2019-06-03 03:40:52",34
"2019-06-03 04:40:52",34
"2019-06-03 05:40:52",34
"2019-06-03 06:40:52",34
"2019-06-03 07:40:52",34
"2019-06-03 08:40:53",34
"2019-06-03 09:40:52",34
"2019-06-03 10:40:53",34
"2019-06-03 11:40:54",34
"2019-06-03 12:40:53",34
"2019-06-03 13:40:54",34
"2019-06-03 14:40:54",35
"2019-06-03 15:40:53",35
"2019-06-03 16:40:53",35
"2019-06-03 17:40:52",35
"2019-06-03 18:40:55",35
"2019-06-03 19:40:54",35
"2019-06-03 20:40:52",35
"2019-06-03 21:40:54",35
"2019-06-03 22:40:53",35
"2019-06-03 23:40:56",35
"2019-06-04 00:40:53",35
"2019-06-04 01:40:54",35
"2019-06-04 02:40:53",35
"2019-06-04 03:40:53",35
"2019-06-04 04:40:53",35
"2019-06-04 05:40:53",35
"2019-06-04 06:40:53",35
"2019-06-04 07:40:52",35
"2019-06-04 08:40:55",35
"2019-06-04 09:40:53",35
"2019-06-04 10:40:54",35
"2019-06-04 11:40:53",35
"2019-06-04 13:03:26",35
"2019-06-04 13:40:53",35
"2019-06-04 14:40:56",35
"2019-06-04 15:40:54",35
"2019-06-04 16:40:53",35
"2019-06-04 17:40:54",35
"2019-06-04 18:40:54",35
"2019-06-04 19:40:53",35
"2019-06-04 20:40:53",35
"2019-06-04 21:40:52",35
"2019-06-04 22:40:53",35
"2019-06-04 23:40:55",35
"2019-06-05 00:40:52",35
"2019-06-05 01:40:54",35
"2019-06-05 02:40:55",35
"2019-06-05 03:40:54",35
"2019-06-05 04:40:56",35
"2019-06-05 05:40:53",35
"2019-06-05 06:40:54",35
"2019-06-05 07:40:54",35
"2019-06-05 08:40:56",35
"2019-06-05 09:40:53",35
"2019-06-05 10:40:53",35
"2019-06-05 11:40:55",35
"2019-06-05 13:04:56",35
"2019-06-05 13:40:52",35
"2019-06-05 14:40:53",35
"2019-06-05 15:40:53",35
"2019-06-05 16:40:53",36
"2019-06-05 17:40:54",36
"2019-06-05 18:40:54",36
"2019-06-05 19:40:55",35
"2019-06-05 20:40:53",35
"2019-06-05 21:40:53",35
"2019-06-05 22:40:53",35
"2019-06-05 23:40:53",35
"2019-06-06 00:40:53",35
"2019-06-06 01:40:52",35
"2019-06-06 02:40:53",35
"2019-06-06 03:40:53",35
"2019-06-06 04:40:56",35
"2019-06-06 05:40:53",35
"2019-06-06 06:40:55",35
"2019-06-06 07:40:53",35
"2019-06-06 08:40:56",35
"2019-06-06 09:40:54",35
"2019-06-06 10:40:58",35
"2019-06-06 11:40:53",35
"2019-06-06 13:04:56",35
"2019-06-06 13:40:53",35
"2019-06-06 14:40:54",35
"2019-06-06 15:40:55",34
"2019-06-06 16:40:54",34
"2019-06-06 17:40:55",34
"2019-06-06 18:40:55",34
"2019-06-06 19:40:55",34
"2019-06-06 20:40:52",34
"2019-06-06 21:40:53",34
"2019-06-06 22:40:53",34
"2019-06-06 23:40:52",34
"2019-06-07 00:40:54",34
"2019-06-07 01:40:54",34
"2019-06-07 02:40:54",34
"2019-06-07 03:40:54",34
"2019-06-07 04:40:55",34
"2019-06-07 05:40:53",34
"2019-06-07 06:40:54",34
"2019-06-07 07:40:54",34
"2019-06-07 08:40:54",34
"2019-06-07 09:40:55",34
"2019-06-07 10:40:54",34
"2019-06-07 11:40:53",34
"2019-06-07 13:04:58",34
"2019-06-07 13:40:55",34
"2019-06-07 14:40:54",34
"2019-06-07 15:40:54",34
"2019-06-07 16:40:54",35
"2019-06-07 17:40:54",36
"2019-06-07 18:40:53",36
"2019-06-07 19:40:53",36
"2019-06-07 20:40:54",36
"2019-06-07 21:40:54",36
"2019-06-07 22:40:53",36
"2019-06-07 23:40:55",36
"2019-06-08 00:40:53",36
"2019-06-08 01:40:55",36
"2019-06-08 02:40:55",36
"2019-06-08 03:40:55",36
"2019-06-08 04:40:54",36
"2019-06-08 05:40:58",36
"2019-06-08 06:40:55",36
"2019-06-08 07:40:55",36
"2019-06-08 08:40:54",36
"2019-06-08 09:40:54",36
"2019-06-08 10:40:53",36
"2019-06-08 11:40:55",36
"2019-06-08 12:40:54",36
"2019-06-08 13:40:53",36
"2019-06-08 14:40:52",36
"2019-06-08 15:40:55",36
"2019-06-08 16:40:54",36
"2019-06-08 17:40:54",36
"2019-06-08 18:40:54",36
"2019-06-08 19:40:53",36
"2019-06-08 20:40:54",36
"2019-06-08 21:40:53",36
"2019-06-08 22:40:53",36
"2019-06-08 23:40:55",36
"2019-06-09 00:40:53",36
"2019-06-09 01:40:53",36
"2019-06-09 02:40:58",36
"2019-06-09 03:40:57",36
"2019-06-09 04:40:53",36
"2019-06-09 05:40:56",36
"2019-06-09 06:40:53",36
"2019-06-09 07:40:55",36
"2019-06-09 08:40:53",36
"2019-06-09 09:40:55",36
"2019-06-09 10:40:53",36
"2019-06-09 11:40:54",36
"2019-06-09 12:40:54",36
"2019-06-09 13:40:53",36
"2019-06-09 14:40:52",36
"2019-06-09 15:40:55",36
"2019-06-09 16:40:53",36
"2019-06-09 17:40:55",36
"2019-06-09 18:40:53",36
"2019-06-09 19:40:53",36
"2019-06-09 20:40:53",36
"2019-06-09 21:40:53",36
"2019-06-09 22:40:56",36
"2019-06-09 23:40:54",36
"2019-06-10 00:40:54",36
"2019-06-10 01:40:56",36
"2019-06-10 02:40:54",36
"2019-06-10 03:40:55",36
"2019-06-10 04:40:55",36
"2019-06-10 05:40:55",36
"2019-06-10 06:40:53",36
"2019-06-10 07:40:55",36
"2019-06-10 08:40:54",36
"2019-06-10 09:40:54",36
"2019-06-10 10:40:57",36
"2019-06-10 11:40:54",36
"2019-06-10 12:40:59",36
"2019-06-10 13:40:57",36
"2019-06-10 14:40:55",35
"2019-06-10 15:40:56",35
"2019-06-10 16:40:58",34
"2019-06-10 17:40:55",34
"2019-06-10 18:40:57",34
"2019-06-10 19:40:58",34
"2019-06-10 20:40:56",34
"2019-06-10 21:40:55",34
"2019-06-10 22:40:55",34
"2019-06-10 23:40:56",34
"2019-06-11 00:40:56",34
"2019-06-11 01:40:58",34
"2019-06-11 02:40:57",34
"2019-06-11 03:40:56",34
"2019-06-11 04:40:56",34
"2019-06-11 05:40:56",34
"2019-06-11 06:40:56",34
"2019-06-11 07:40:55",34
"2019-06-11 08:40:55",34
"2019-06-11 09:40:57",34
"2019-06-11 10:40:55",34
"2019-06-11 11:40:55",34
"2019-06-11 13:04:30",34
"2019-06-11 13:40:57",34
"2019-06-11 14:40:56",34
"2019-06-11 15:40:56",34
"2019-06-11 16:40:58",34
"2019-06-11 17:40:56",34
"2019-06-11 18:40:58",34
"2019-06-11 19:40:55",34
"2019-06-11 20:40:56",34
"2019-06-11 21:40:55",34
"2019-06-11 22:40:56",34
"2019-06-11 23:40:55",34
"2019-06-12 00:40:58",34
"2019-06-12 01:40:56",34
"2019-06-12 02:40:56",34
"2019-06-12 03:41:01",34
"2019-06-12 04:40:58",34
"2019-06-12 05:40:57",34
"2019-06-12 06:40:57",34
"2019-06-12 07:40:58",34
"2019-06-12 08:40:57",34
"2019-06-12 09:41:00",34
"2019-06-12 10:40:57",34
"2019-06-12 11:40:57",34
"2019-06-12 13:04:01",34
"2019-06-12 13:40:56",34
"2019-06-12 14:40:56",33
"2019-06-12 15:40:57",33
"2019-06-12 16:40:57",33
"2019-06-12 17:40:55",33
"2019-06-12 18:40:56",33
"2019-06-12 19:40:56",33
"2019-06-12 20:40:56",33
"2019-06-12 21:40:57",33
"2019-06-12 22:40:56",33
"2019-06-12 23:40:56",33
"2019-06-13 00:40:57",33
"2019-06-13 01:40:57",33
"2019-06-13 02:40:56",33
"2019-06-13 03:40:56",33
"2019-06-13 04:40:58",33
"2019-06-13 05:40:57",33
"2019-06-13 06:40:56",33
"2019-06-13 07:40:56",33
"2019-06-13 08:40:55",33
"2019-06-13 09:40:56",33
"2019-06-13 10:40:57",33
"2019-06-13 11:40:55",33
"2019-06-13 13:04:58",33
"2019-06-13 13:40:59",33
"2019-06-13 14:40:57",33
"2019-06-13 15:40:58",33
"2019-06-13 16:40:57",34
"2019-06-13 17:40:55",34
"2019-06-13 18:40:57",34
"2019-06-13 19:40:57",34
"2019-06-13 20:40:54",34
"2019-06-13 21:40:56",34
"2019-06-13 22:40:55",34
"2019-06-13 23:40:57",34
"2019-06-14 00:40:57",34
"2019-06-14 01:40:57",34
"2019-06-14 02:40:57",34
"2019-06-14 03:40:56",34
"2019-06-14 04:40:57",34
"2019-06-14 05:40:57",34
"2019-06-14 06:41:01",34
"2019-06-14 07:40:57",34
"2019-06-14 08:40:57",34
"2019-06-14 09:40:56",34
"2019-06-14 10:40:56",34
"2019-06-14 11:40:57",34
"2019-06-14 12:40:57",34
"2019-06-14 13:40:56",34
"2019-06-14 14:40:58",34
"2019-06-14 15:40:58",34
"2019-06-14 16:40:58",34
"2019-06-14 17:40:57",34
"2019-06-14 18:40:56",34
"2019-06-14 19:40:57",34
"2019-06-14 20:40:56",34
"2019-06-14 21:40:57",34
"2019-06-14 22:40:56",34
"2019-06-14 23:40:57",34
"2019-06-15 00:40:56",34
"2019-06-15 01:40:59",34
"2019-06-15 02:40:57",34
"2019-06-15 03:40:57",34
"2019-06-15 04:40:58",34
"2019-06-15 05:40:58",34
"2019-06-15 06:40:56",34
"2019-06-15 07:40:56",34
"2019-06-15 08:40:56",34
"2019-06-15 09:40:58",34
"2019-06-15 10:40:56",34
"2019-06-15 11:40:56",34
"2019-06-15 12:40:58",34
"2019-06-15 13:40:57",34
"2019-06-15 14:40:57",34
"2019-06-15 15:40:56",34
"2019-06-15 16:40:57",34
"2019-06-15 17:40:56",34
"2019-06-15 18:40:56",34
"2019-06-15 19:40:56",34
"2019-06-15 20:40:57",34
"2019-06-15 21:40:59",34
"2019-06-15 22:40:57",34
"2019-06-15 23:40:56",34
"2019-06-16 00:40:55",34
"2019-06-16 01:40:57",34
"2019-06-16 02:40:58",34
"2019-06-16 03:40:56",34
"2019-06-16 04:40:58",34
"2019-06-16 05:40:58",34
"2019-06-16 06:40:58",34
"2019-06-16 07:40:58",34
"2019-06-16 08:40:57",34
"2019-06-16 09:40:56",34
"2019-06-16 10:40:55",34
"2019-06-16 11:40:56",34
"2019-06-16 12:40:57",34
"2019-06-16 13:40:56",34
"2019-06-16 14:40:57",34
"2019-06-16 15:40:57",34
"2019-06-16 16:40:57",34
"2019-06-16 17:40:58",34
"2019-06-16 18:40:59",34
"2019-06-16 19:40:56",34
"2019-06-16 20:40:57",34
"2019-06-16 21:40:57",34
"2019-06-16 22:40:55",34
"2019-06-16 23:40:57",34
"2019-06-17 00:40:56",34
"2019-06-17 01:40:56",34
"2019-06-17 02:40:59",34
"2019-06-17 03:40:58",34
"2019-06-17 04:40:57",34
"2019-06-17 05:40:57",34
"2019-06-17 06:40:58",34
"2019-06-17 07:40:56",34
"2019-06-17 08:40:57",34
"2019-06-17 09:40:56",34
"2019-06-17 10:40:58",34
"2019-06-17 11:40:58",34
"2019-06-17 13:05:31",34
"2019-06-17 13:40:57",34
"2019-06-17 14:40:57",34
"2019-06-17 15:40:58",34
"2019-06-17 16:41:04",34
"2019-06-17 17:40:59",34
"2019-06-17 18:40:59",34
"2019-06-17 19:40:58",34
"2019-06-17 20:40:58",34
"2019-06-17 21:40:57",34
"2019-06-17 22:40:59",34
"2019-06-17 23:40:57",34
"2019-06-18 00:40:57",34
"2019-06-18 01:40:57",34
"2019-06-18 02:41:03",34
"2019-06-18 03:41:00",34
"2019-06-18 04:40:58",34
"2019-06-18 05:41:00",34
"2019-06-18 06:40:58",34
"2019-06-18 07:41:00",34
"2019-06-18 08:41:02",34
"2019-06-18 09:40:57",34
"2019-06-18 10:40:57",34
"2019-06-18 11:40:57",34
"2019-06-18 13:03:31",34
"2019-06-18 13:40:58",34
"2019-06-18 14:40:58",34
"2019-06-18 15:40:57",35
"2019-06-18 16:40:58",34
"2019-06-18 17:40:57",34
"2019-06-18 18:40:59",34
"2019-06-18 19:40:59",34
"2019-06-18 20:40:57",34
"2019-06-18 21:40:56",34
"2019-06-18 22:40:58",34
"2019-06-18 23:40:58",34
"2019-06-19 00:40:58",34
"2019-06-19 01:40:58",34
"2019-06-19 02:40:59",34
"2019-06-19 03:40:59",34
"2019-06-19 04:40:57",34
"2019-06-19 05:41:02",34
"2019-06-19 06:41:06",34
"2019-06-19 07:40:59",34
"2019-06-19 08:41:00",34
"2019-06-19 09:40:58",34
"2019-06-19 10:40:58",34
"2019-06-19 11:40:57",34
"2019-06-19 13:03:32",34
"2019-06-19 13:40:57",34
"2019-06-19 14:40:58",34
"2019-06-19 15:40:58",34
"2019-06-19 16:41:07",34
"2019-06-19 17:40:59",34
"2019-06-19 18:40:57",34
"2019-06-19 19:40:59",34
"2019-06-19 20:40:58",34
"2019-06-19 21:40:58",34
"2019-06-19 22:40:57",34
"2019-06-19 23:40:57",34
"2019-06-20 00:40:58",34
"2019-06-20 01:40:57",34
"2019-06-20 02:40:57",34
"2019-06-20 03:40:58",34
"2019-06-20 04:40:59",34
"2019-06-20 05:40:57",34
"2019-06-20 06:40:57",34
"2019-06-20 07:40:58",34
"2019-06-20 08:40:58",34
"2019-06-20 09:40:59",34
"2019-06-20 10:40:58",34
"2019-06-20 11:40:57",34
"2019-06-20 13:05:10",34
"2019-06-20 13:41:00",34
"2019-06-20 14:40:59",34
"2019-06-20 15:40:59",34
"2019-06-20 16:40:59",34
"2019-06-20 17:41:00",34
"2019-06-20 18:40:57",34
"2019-06-20 19:40:57",34
"2019-06-20 20:41:02",34
"2019-06-20 21:40:58",34
"2019-06-20 22:40:58",34
"2019-06-20 23:40:59",34
"2019-06-21 00:40:58",34
"2019-06-21 01:40:58",34
"2019-06-21 02:40:58",34
"2019-06-21 03:40:58",34
"2019-06-21 04:40:59",34
"2019-06-21 05:40:59",34
"2019-06-21 06:40:58",34
"2019-06-21 07:41:00",34
"2019-06-21 08:40:57",34
"2019-06-21 09:40:58",34
"2019-06-21 10:40:57",34
"2019-06-21 11:40:57",34
"2019-06-21 12:40:58",34
"2019-06-21 13:40:59",34
"2019-06-21 14:40:58",34
"2019-06-21 15:40:58",34
"2019-06-21 16:40:59",34
"2019-06-21 17:40:58",34
"2019-06-21 18:40:58",34
"2019-06-21 19:40:57",34
"2019-06-21 20:40:56",34
"2019-06-21 21:40:58",34
"2019-06-21 22:40:58",34
"2019-06-21 23:40:57",34
"2019-06-22 00:40:58",34
"2019-06-22 01:41:00",34
"2019-06-22 02:41:00",34
"2019-06-22 03:40:57",34
"2019-06-22 04:40:57",34
"2019-06-22 05:40:59",34
"2019-06-22 06:41:00",34
"2019-06-22 07:40:58",34
"2019-06-22 08:40:58",34
"2019-06-22 09:40:59",34
"2019-06-22 10:40:59",34
"2019-06-22 11:40:57",34
"2019-06-22 12:41:02",34
"2019-06-22 13:40:58",34
"2019-06-22 14:41:00",34
"2019-06-22 15:41:07",34
"2019-06-22 16:41:04",34
"2019-06-22 17:40:58",34
"2019-06-22 18:41:03",34
"2019-06-22 19:40:59",34
"2019-06-22 20:40:58",34
"2019-06-22 21:40:58",34
"2019-06-22 22:41:02",34
"2019-06-22 23:40:59",34
"2019-06-23 00:41:09",34
"2019-06-23 01:40:59",34
"2019-06-23 02:41:01",34
"2019-06-23 03:40:59",34
"2019-06-23 04:40:58",34
"2019-06-23 05:40:58",34
"2019-06-23 06:40:59",34
"2019-06-23 07:40:57",34
"2019-06-23 08:40:58",34
"2019-06-23 09:40:58",34
"2019-06-23 10:40:58",34
"2019-06-23 11:40:59",34
"2019-06-23 12:40:57",34
"2019-06-23 13:40:59",34
"2019-06-23 14:40:57",34
"2019-06-23 15:40:57",34
"2019-06-23 16:40:59",34
"2019-06-23 17:40:59",34
"2019-06-23 18:40:56",34
"2019-06-23 19:40:57",34
"2019-06-23 20:40:59",34
"2019-06-23 21:40:58",34
"2019-06-23 22:40:58",34
"2019-06-23 23:40:58",34
"2019-06-24 00:40:59",34
"2019-06-24 01:40:58",34
"2019-06-24 02:40:58",34
"2019-06-24 03:41:00",34
"2019-06-24 04:40:58",34
"2019-06-24 05:41:00",34
"2019-06-24 06:41:01",34
"2019-06-24 07:40:58",34
"2019-06-24 08:40:57",34
"2019-06-24 09:41:00",34
"2019-06-24 10:40:57",34
"2019-06-24 11:41:02",34
"2019-06-24 12:41:00",34
"2019-06-24 13:40:58",34
"2019-06-24 14:40:59",34
"2019-06-24 15:40:58",34
"2019-06-24 16:41:02",34
"2019-06-24 17:41:00",34
"2019-06-24 18:40:59",34
"2019-06-24 19:41:00",34
"2019-06-24 20:40:58",35
"2019-06-24 21:41:00",35
"2019-06-24 22:40:58",35
"2019-06-24 23:40:58",35
"2019-06-25 00:40:58",35
"2019-06-25 01:40:58",35
"2019-06-25 02:40:59",35
"2019-06-25 03:40:59",35
"2019-06-25 04:40:58",35
"2019-06-25 05:40:58",35
"2019-06-25 06:40:58",35
"2019-06-25 07:40:59",35
"2019-06-25 08:40:58",35
"2019-06-25 09:41:01",35
"2019-06-25 10:40:58",35
"2019-06-25 11:40:57",35
"2019-06-25 13:04:32",35
"2019-06-25 13:41:00",35
"2019-06-25 14:40:59",34
"2019-06-25 15:40:59",35
"2019-06-25 16:41:00",35
"2019-06-25 17:41:02",35
"2019-06-25 18:41:02",35
"2019-06-25 19:40:58",35
"2019-06-25 20:40:59",35
"2019-06-25 21:40:58",35
"2019-06-25 22:40:57",35
"2019-06-25 23:41:02",35
"2019-06-26 00:40:59",35
"2019-06-26 01:41:00",35
"2019-06-26 02:40:59",35
"2019-06-26 03:41:08",35
"2019-06-26 04:41:00",35
"2019-06-26 05:41:00",35
"2019-06-26 06:40:59",35
"2019-06-26 07:41:00",35
"2019-06-26 08:40:58",35
"2019-06-26 09:40:57",35
"2019-06-26 10:40:58",35
"2019-06-26 11:40:58",35
"2019-06-26 13:03:31",35
"2019-06-26 13:41:00",35
"2019-06-26 14:40:59",35
"2019-06-26 15:40:59",35
"2019-06-26 16:41:00",35
"2019-06-26 17:40:58",35
"2019-06-26 18:40:59",35
"2019-06-26 19:40:59",34
"2019-06-26 20:40:58",34
"2019-06-26 21:40:59",34
"2019-06-26 22:40:59",34
"2019-06-26 23:40:59",34
"2019-06-27 00:41:00",34
"2019-06-27 01:40:58",34
"2019-06-27 02:40:59",34
"2019-06-27 03:40:57",34
"2019-06-27 04:40:59",34
"2019-06-27 05:40:59",34
"2019-06-27 06:41:00",34
"2019-06-27 07:40:57",34
"2019-06-27 08:40:58",34
"2019-06-27 09:40:58",34
"2019-06-27 10:40:58",34
"2019-06-27 11:40:58",34
"2019-06-27 13:03:31",34
"2019-06-27 13:40:57",34
"2019-06-27 14:40:58",33
"2019-06-27 15:41:00",33
"2019-06-27 16:40:58",33
"2019-06-27 17:40:58",32
"2019-06-27 18:40:58",32
"2019-06-27 19:40:57",32
"2019-06-27 20:40:59",32
"2019-06-27 21:41:01",32
"2019-06-27 22:40:57",32
"2019-06-27 23:41:14",32
"2019-06-28 00:40:58",32
"2019-06-28 01:40:58",32
"2019-06-28 02:40:58",32
"2019-06-28 03:41:00",32
"2019-06-28 04:41:02",32
"2019-06-28 05:40:59",32
"2019-06-28 06:40:57",32
"2019-06-28 07:40:57",32
"2019-06-28 08:40:57",32
"2019-06-28 09:40:57",32
"2019-06-28 10:40:57",32
"2019-06-28 11:40:58",32
"2019-06-28 13:04:31",32
"2019-06-28 13:40:57",32
"2019-06-28 14:40:57",32
"2019-06-28 15:40:59",32
"2019-06-28 16:40:58",32
"2019-06-28 17:40:58",32
"2019-06-28 18:40:57",32
"2019-06-28 19:40:57",32
"2019-06-28 20:40:58",32
"2019-06-28 21:40:59",32
"2019-06-28 22:40:58",32
"2019-06-28 23:40:57",32
"2019-06-29 00:40:58",32
"2019-06-29 01:41:01",32
"2019-06-29 02:40:58",32
"2019-06-29 03:40:58",32
"2019-06-29 04:40:58",32
"2019-06-29 05:40:58",32
"2019-06-29 06:40:57",32
"2019-06-29 07:40:58",32
"2019-06-29 08:40:58",32
"2019-06-29 09:40:58",32
"2019-06-29 10:40:58",32
"2019-06-29 11:41:02",32
"2019-06-29 12:41:00",32
"2019-06-29 13:40:58",32
"2019-06-29 14:41:00",32
"2019-06-29 15:40:59",32
"2019-06-29 16:41:01",32
"2019-06-29 17:40:58",32
"2019-06-29 18:40:58",32
"2019-06-29 19:40:59",32
"2019-06-29 20:40:59",32
"2019-06-29 21:40:59",32
"2019-06-29 22:40:57",32
"2019-06-29 23:40:59",32
"2019-06-30 00:40:58",32
"2019-06-30 01:41:02",32
"2019-06-30 02:40:59",32
"2019-06-30 03:40:59",32
"2019-06-30 04:41:00",32
"2019-06-30 05:40:58",32
"2019-06-30 06:40:59",32
"2019-06-30 07:40:59",32
"2019-06-30 08:40:58",32
"2019-06-30 09:40:59",32
"2019-06-30 10:40:58",32
"2019-06-30 11:40:58",32
"2019-06-30 12:40:59",32
"2019-06-30 13:40:59",32
"2019-06-30 14:40:57",32
"2019-06-30 15:40:59",32
"2019-06-30 16:40:58",32
"2019-06-30 17:40:58",32
"2019-06-30 18:40:59",32
"2019-06-30 19:40:59",32
"2019-06-30 20:40:59",32
"2019-06-30 21:40:58",32
"2019-06-30 22:40:58",32
"2019-06-30 23:40:58",32
"2019-07-01 00:41:00",32
"2019-07-01 01:40:58",32
"2019-07-01 02:41:00",32
"2019-07-01 03:40:59",32
"2019-07-01 04:40:58",32
"2019-07-01 05:41:03",32
"2019-07-01 06:40:59",32
"2019-07-01 07:41:00",32
"2019-07-01 08:41:06",32
"2019-07-01 09:40:59",32
"2019-07-01 10:40:58",32
"2019-07-01 11:40:59",32
"2019-07-01 13:04:32",32
"2019-07-01 13:41:02",32
"2019-07-01 14:41:13",32
"2019-07-01 15:41:01",32
"2019-07-01 16:41:01",32
"2019-07-01 17:41:00",32
"2019-07-01 18:41:00",32
"2019-07-01 19:41:02",32
"2019-07-01 20:41:00",32
"2019-07-01 21:41:00",32
"2019-07-01 22:41:02",32
"2019-07-01 23:41:00",32
"2019-07-02 00:41:02",32
"2019-07-02 01:40:59",32
"2019-07-02 02:41:07",32
"2019-07-02 03:41:07",32
"2019-07-02 04:41:00",32
"2019-07-02 05:41:13",32
"2019-07-02 06:41:00",32
"2019-07-02 07:41:02",32
"2019-07-02 08:41:00",32
"2019-07-02 09:40:59",32
"2019-07-02 10:41:00",32
"2019-07-02 11:41:00",32
"2019-07-02 12:41:03",32
"2019-07-02 13:40:59",32
"2019-07-02 14:41:02",34
"2019-07-02 15:41:00",34
"2019-07-02 16:40:59",34
"2019-07-02 17:41:01",34
"2019-07-02 18:41:00",34
"2019-07-02 19:41:01",34
"2019-07-02 20:41:00",34
"2019-07-02 21:41:00",34
"2019-07-02 22:41:02",34
"2019-07-03 00:41:00",34
"2019-07-03 01:40:59",34
"2019-07-03 02:41:01",34
"2019-07-03 03:41:01",34
"2019-07-03 04:41:00",34
"2019-07-03 05:41:00",34
"2019-07-03 06:41:01",34
"2019-07-03 07:41:00",34
"2019-07-03 08:41:10",34
"2019-07-03 09:41:00",34
"2019-07-03 10:41:02",34
"2019-07-03 11:41:00",34
"2019-07-03 13:05:34",34
"2019-07-03 13:41:02",34
"2019-07-03 14:41:04",34
"2019-07-03 15:41:01",34
"2019-07-03 16:41:10",34
"2019-07-03 17:41:03",34
"2019-07-03 18:41:02",34
"2019-07-03 19:41:01",34
"2019-07-03 20:41:01",34
"2019-07-03 21:41:01",34
"2019-07-03 22:41:00",34
"2019-07-03 23:41:02",34
"2019-07-04 00:41:02",34
"2019-07-04 01:41:01",34
"2019-07-04 02:41:04",34
"2019-07-04 03:41:01",34
"2019-07-04 04:41:00",34
"2019-07-04 05:41:02",34
"2019-07-04 06:41:01",34
"2019-07-04 07:41:00",34
"2019-07-04 08:41:00",34
"2019-07-04 09:41:01",34
"2019-07-04 10:41:01",34
"2019-07-04 11:41:01",34
"2019-07-04 12:41:03",34
"2019-07-04 13:41:03",34
"2019-07-04 14:41:03",34
"2019-07-04 15:41:01",34
"2019-07-04 16:41:01",34
"2019-07-04 17:41:00",34
"2019-07-04 18:41:00",34
"2019-07-04 19:41:00",34
"2019-07-04 20:41:01",34
"2019-07-04 21:41:01",34
"2019-07-04 22:41:01",34
"2019-07-04 23:41:00",34
"2019-07-05 00:41:02",34
"2019-07-05 01:41:00",34
"2019-07-05 02:41:01",34
"2019-07-05 03:41:01",34
"2019-07-05 04:40:59",34
"2019-07-05 05:41:01",34
"2019-07-05 06:41:02",34
"2019-07-05 07:41:00",34
"2019-07-05 08:41:00",34
"2019-07-05 09:41:00",34
"2019-07-05 10:41:01",34
"2019-07-05 11:41:05",34
"2019-07-05 12:40:59",34
"2019-07-05 13:41:05",34
"2019-07-05 14:41:00",35
"2019-07-05 15:41:00",35
"2019-07-05 16:41:03",35
"2019-07-05 17:41:00",35
"2019-07-05 18:41:00",34
"2019-07-05 19:40:59",34
"2019-07-05 20:41:01",34
"2019-07-05 21:41:01",34
"2019-07-05 22:41:03",34
"2019-07-05 23:40:59",34
"2019-07-06 00:41:01",34
"2019-07-06 01:41:01",34
"2019-07-06 02:41:03",34
"2019-07-06 03:41:00",34
"2019-07-06 04:41:00",34
"2019-07-06 05:41:02",34
"2019-07-06 06:41:01",34
"2019-07-06 07:40:59",34
"2019-07-06 08:41:00",34
"2019-07-06 09:40:59",34
"2019-07-06 10:41:00",34
"2019-07-06 11:41:10",34
"2019-07-06 12:41:01",34
"2019-07-06 13:40:59",34
"2019-07-06 14:40:59",34
"2019-07-06 15:40:58",34
"2019-07-06 16:41:02",34
"2019-07-06 17:41:02",34
"2019-07-06 18:41:00",34
"2019-07-06 19:41:01",34
"2019-07-06 20:40:59",34
"2019-07-06 21:41:00",34
"2019-07-06 22:41:00",34
"2019-07-06 23:41:00",34
"2019-07-07 00:41:00",34
"2019-07-07 01:40:59",34
"2019-07-07 02:41:02",34
"2019-07-07 03:41:00",34
"2019-07-07 04:41:01",34
"2019-07-07 05:41:03",34
"2019-07-07 06:40:59",34
"2019-07-07 07:41:00",34
"2019-07-07 08:41:01",34
"2019-07-07 09:41:00",34
"2019-07-07 10:41:02",34
"2019-07-07 11:40:58",34
"2019-07-07 12:40:59",34
"2019-07-07 13:40:58",34
"2019-07-07 14:40:59",34
"2019-07-07 15:41:00",34
"2019-07-07 16:41:00",34
"2019-07-07 17:40:59",34
"2019-07-07 18:41:00",34
"2019-07-07 19:40:59",34
"2019-07-07 20:40:59",34
"2019-07-07 21:40:59",34
"2019-07-07 22:41:01",34
"2019-07-07 23:40:59",34
"2019-07-08 00:40:59",34
"2019-07-08 01:41:02",34
"2019-07-08 02:40:59",34
"2019-07-08 03:41:00",34
"2019-07-08 04:41:00",34
"2019-07-08 05:40:59",34
"2019-07-08 06:41:00",34
"2019-07-08 07:41:03",34
"2019-07-08 08:41:01",34
"2019-07-08 09:41:05",34
"2019-07-08 10:41:06",34
"2019-07-08 11:41:08",34
"2019-07-08 12:41:01",34
"2019-07-08 13:41:00",34
"2019-07-08 14:41:00",33
"2019-07-08 15:41:00",33
"2019-07-08 16:41:02",33
"2019-07-08 17:41:00",33
"2019-07-08 18:41:01",33
"2019-07-08 19:41:00",34
"2019-07-08 20:41:00",34
"2019-07-08 21:41:01",34
"2019-07-08 22:41:01",34
"2019-07-08 23:41:00",34
"2019-07-09 00:41:00",34
"2019-07-09 01:41:00",34
"2019-07-09 02:41:06",34
"2019-07-09 03:41:02",34
"2019-07-09 04:41:01",34
"2019-07-09 05:41:05",34
"2019-07-09 06:41:01",34
"2019-07-09 07:41:03",34
"2019-07-09 08:41:00",34
"2019-07-09 09:41:00",34
"2019-07-09 10:41:00",34
"2019-07-09 11:41:00",34
"2019-07-09 13:04:03",34
"2019-07-09 13:41:00",34
"2019-07-09 14:41:00",33
"2019-07-09 15:41:01",33
"2019-07-09 16:41:00",33
"2019-07-09 17:41:00",33
"2019-07-09 18:41:01",33
"2019-07-09 19:41:00",33
"2019-07-09 20:41:00",33
"2019-07-09 21:41:00",33
"2019-07-09 22:40:59",33
"2019-07-09 23:41:01",33
"2019-07-10 00:41:00",33
"2019-07-10 01:41:02",33
"2019-07-10 02:41:00",33
"2019-07-10 03:41:00",33
"2019-07-10 04:41:00",33
"2019-07-10 05:41:03",33
"2019-07-10 06:41:02",33
"2019-07-10 07:40:59",33
"2019-07-10 08:40:59",33
"2019-07-10 09:40:59",33
"2019-07-10 10:41:00",33
"2019-07-10 11:41:01",33
"2019-07-10 12:41:03",33
"2019-07-10 13:41:01",33
"2019-07-10 14:41:00",33
"2019-07-10 15:41:02",33
"2019-07-10 16:41:02",33
"2019-07-10 17:41:00",33
"2019-07-10 18:41:00",33
"2019-07-10 19:41:00",33
"2019-07-10 20:41:00",33
"2019-07-10 21:41:00",33
"2019-07-10 22:41:02",33
"2019-07-10 23:40:59",33
"2019-07-11 00:41:00",33
"2019-07-11 01:41:00",33
"2019-07-11 02:41:04",33
"2019-07-11 03:41:02",33
"2019-07-11 04:41:03",33
"2019-07-11 05:41:02",33
"2019-07-11 06:41:02",33
"2019-07-11 07:41:01",33
"2019-07-11 08:41:02",33
"2019-07-11 09:41:00",33
"2019-07-11 10:41:00",33
"2019-07-11 11:41:00",33
"2019-07-11 12:41:00",33
"2019-07-11 13:41:00",33
"2019-07-11 14:41:00",33
"2019-07-11 15:41:00",33
"2019-07-11 16:41:00",33
"2019-07-11 17:41:00",33
"2019-07-11 18:41:01",33
"2019-07-11 19:41:00",33
"2019-07-11 20:41:00",33
"2019-07-11 21:41:05",33
"2019-07-11 22:40:59",33
"2019-07-11 23:41:01",33
"2019-07-12 00:40:59",33
"2019-07-12 01:41:00",33
"2019-07-12 02:41:00",33
"2019-07-12 03:41:00",33
"2019-07-12 04:40:59",33
"2019-07-12 05:41:02",33
"2019-07-12 06:41:03",33
"2019-07-12 07:41:00",33
"2019-07-12 08:41:00",33
"2019-07-12 09:41:02",33
"2019-07-12 10:41:01",33
"2019-07-12 11:40:59",33
"2019-07-12 13:04:33",33
"2019-07-12 13:41:01",33
"2019-07-12 14:41:00",33
"2019-07-12 15:41:12",33
"2019-07-12 16:41:01",33
"2019-07-12 17:41:03",33
"2019-07-12 18:41:00",33
"2019-07-12 19:40:59",34
"2019-07-12 20:40:59",34
"2019-07-12 21:41:00",34
"2019-07-12 22:41:07",34
"2019-07-12 23:41:01",34
"2019-07-13 00:41:00",34
"2019-07-13 01:41:01",34
"2019-07-13 02:41:02",34
"2019-07-13 03:40:59",34
"2019-07-13 04:41:00",34
"2019-07-13 05:41:00",34
"2019-07-13 06:41:00",34
"2019-07-13 07:41:00",34
"2019-07-13 08:40:59",34
"2019-07-13 09:41:01",34
"2019-07-13 10:41:00",34
"2019-07-13 11:41:02",34
"2019-07-13 12:41:01",34
"2019-07-13 13:41:00",34
"2019-07-13 14:41:00",34
"2019-07-13 15:41:01",34
"2019-07-13 16:41:10",34
"2019-07-13 17:41:02",34
"2019-07-13 18:41:03",34
"2019-07-13 19:41:02",34
"2019-07-13 20:41:04",34
"2019-07-13 21:41:01",34
"2019-07-13 22:41:00",34
"2019-07-13 23:41:01",34
"2019-07-14 00:41:00",34
"2019-07-14 01:41:07",34
"2019-07-14 02:41:01",34
"2019-07-14 03:41:01",34
"2019-07-14 04:41:00",34
"2019-07-14 05:41:01",34
"2019-07-14 06:41:02",34
"2019-07-14 07:41:00",34
"2019-07-14 08:41:01",34
"2019-07-14 09:40:59",34
"2019-07-14 10:41:00",34
"2019-07-14 11:41:01",34
"2019-07-14 12:41:00",34
"2019-07-14 13:41:01",34
"2019-07-14 14:41:00",34
"2019-07-14 15:41:01",34
"2019-07-14 16:41:04",34
"2019-07-14 17:41:00",34
"2019-07-14 18:41:00",34
"2019-07-14 19:41:00",34
"2019-07-14 20:41:06",34
"2019-07-14 21:40:59",34
"2019-07-14 22:41:00",34
"2019-07-14 23:41:00",34
"2019-07-15 00:41:00",34
"2019-07-15 01:40:59",34
"2019-07-15 02:41:00",34
"2019-07-15 03:41:00",34
"2019-07-15 04:41:00",34
"2019-07-15 05:41:02",34
"2019-07-15 06:41:04",34
"2019-07-15 07:41:01",34
"2019-07-15 08:40:59",34
"2019-07-15 09:41:00",34
"2019-07-15 10:40:59",34
"2019-07-15 11:40:59",34
"2019-07-15 13:05:03",34
"2019-07-15 13:41:01",34
"2019-07-15 14:41:00",34
"2019-07-15 15:41:00",34
"2019-07-15 16:41:08",33
"2019-07-15 17:41:01",33
"2019-07-15 18:40:59",33
"2019-07-15 19:41:00",33
"2019-07-15 20:41:01",33
"2019-07-15 21:41:01",33
"2019-07-15 22:41:04",33
"2019-07-15 23:41:00",33
"2019-07-16 00:41:00",33
"2019-07-16 01:41:00",33
"2019-07-16 02:41:05",33
"2019-07-16 03:41:00",33
"2019-07-16 04:41:00",33
"2019-07-16 05:41:03",33
"2019-07-16 06:41:02",33
"2019-07-16 07:40:59",33
"2019-07-16 08:41:01",33
"2019-07-16 09:41:00",33
"2019-07-16 10:41:01",33
"2019-07-16 11:41:00",33
"2019-07-16 13:05:03",33
"2019-07-16 13:41:01",33
"2019-07-16 14:41:00",33
"2019-07-16 15:41:06",33
"2019-07-16 16:41:01",33
"2019-07-16 17:41:02",33
"2019-07-16 18:41:01",33
"2019-07-16 19:41:00",33
"2019-07-16 20:41:07",33
"2019-07-16 21:41:01",33
"2019-07-16 22:41:01",33
"2019-07-16 23:41:01",33
"2019-07-17 00:41:00",33
"2019-07-17 01:41:00",33
"2019-07-17 02:41:02",33
"2019-07-17 03:41:00",33
"2019-07-17 04:41:01",33
"2019-07-17 05:41:12",33
"2019-07-17 06:41:03",33
"2019-07-17 07:41:04",33
"2019-07-17 08:41:01",33
"2019-07-17 09:41:00",33
"2019-07-17 10:41:01",33
"2019-07-17 11:41:00",33
"2019-07-17 13:04:34",33
"2019-07-17 13:41:01",33
"2019-07-17 14:41:02",33
"2019-07-17 15:41:05",33
"2019-07-17 16:41:03",33
"2019-07-17 17:41:00",33
"2019-07-17 18:41:00",33
"2019-07-17 19:40:59",33
"2019-07-17 20:41:00",33
"2019-07-17 21:40:59",33
"2019-07-17 22:41:00",33
"2019-07-17 23:41:00",33
"2019-07-18 00:40:59",33
"2019-07-18 01:41:01",33
"2019-07-18 02:41:00",33
"2019-07-18 03:41:01",33
"2019-07-18 04:41:00",33
"2019-07-18 05:41:02",33
"2019-07-18 06:41:03",33
"2019-07-18 07:40:59",33
"2019-07-18 08:41:03",33
"2019-07-18 09:41:00",33
"2019-07-18 10:41:00",33
"2019-07-18 11:40:59",33
"2019-07-18 13:05:05",33
"2019-07-18 13:41:01",33
"2019-07-18 14:41:01",33
"2019-07-18 15:41:01",33
"2019-07-18 16:41:05",33
"2019-07-18 17:41:01",33
"2019-07-18 18:41:02",33
"2019-07-18 19:41:03",33
"2019-07-18 20:41:02",33
"2019-07-18 21:41:02",33
"2019-07-18 22:41:02",33
"2019-07-18 23:41:03",33
"2019-07-19 00:41:01",33
"2019-07-19 01:41:01",33
"2019-07-19 02:41:02",33
"2019-07-19 03:41:02",33
"2019-07-19 04:41:02",33
"2019-07-19 05:41:16",33
"2019-07-19 06:41:02",33
"2019-07-19 07:41:04",33
"2019-07-19 08:41:02",33
"2019-07-19 09:41:01",33
"2019-07-19 10:41:01",33
"2019-07-19 11:41:01",33
"2019-07-19 13:04:34",33
"2019-07-19 13:41:01",33
"2019-07-19 14:41:00",33
"2019-07-19 15:41:02",33
"2019-07-19 16:41:02",33
"2019-07-19 17:41:02",33
"2019-07-19 18:41:02",33
"2019-07-19 19:41:01",33
"2019-07-19 20:41:02",33
"2019-07-19 21:41:00",33
"2019-07-19 22:41:02",33
"2019-07-19 23:41:01",33
"2019-07-20 00:41:01",33
"2019-07-20 01:41:07",33
"2019-07-20 02:41:07",33
"2019-07-20 03:41:01",33
"2019-07-20 04:41:10",33
"2019-07-20 05:41:05",33
"2019-07-20 06:41:02",33
"2019-07-20 07:41:01",33
"2019-07-20 08:41:01",33
"2019-07-20 09:41:00",33
"2019-07-20 10:41:00",33
"2019-07-20 11:41:01",33
"2019-07-20 12:41:01",33
"2019-07-20 13:41:01",33
"2019-07-20 14:41:00",33
"2019-07-20 15:41:00",33
"2019-07-20 16:41:02",33
"2019-07-20 17:41:01",33
"2019-07-20 18:41:01",33
"2019-07-20 19:41:02",33
"2019-07-20 20:41:00",33
"2019-07-20 21:41:01",33
"2019-07-20 22:40:59",33
"2019-07-20 23:41:01",33
"2019-07-21 00:41:02",33
"2019-07-21 01:41:01",33
"2019-07-21 02:41:01",33
"2019-07-21 03:41:01",33
"2019-07-21 04:41:01",33
"2019-07-21 05:41:07",33
"2019-07-21 06:41:07",33
"2019-07-21 07:41:00",33
"2019-07-21 08:41:01",33
"2019-07-21 09:41:02",33
"2019-07-21 10:41:08",33
"2019-07-21 11:41:01",33
"2019-07-21 12:41:01",33
"2019-07-21 13:41:02",33
"2019-07-21 14:41:01",33
"2019-07-21 15:41:01",33
"2019-07-21 16:41:01",33
"2019-07-21 17:41:01",33
"2019-07-21 18:41:01",33
"2019-07-21 19:41:01",33
"2019-07-21 20:41:02",33
"2019-07-21 21:41:02",33
"2019-07-21 22:41:00",33
"2019-07-21 23:41:01",33
"2019-07-22 00:41:00",33
"2019-07-22 01:41:02",33
"2019-07-22 02:41:01",33
"2019-07-22 03:41:01",33
"2019-07-22 04:41:01",33
"2019-07-22 05:41:04",33
"2019-07-22 06:41:06",33
"2019-07-22 07:41:00",33
"2019-07-22 08:41:01",33
"2019-07-22 09:41:01",33
"2019-07-22 10:41:00",33
"2019-07-22 11:41:04",33
"2019-07-22 12:41:03",33
"2019-07-22 13:41:01",33
"2019-07-22 14:41:02",34
"2019-07-22 15:41:01",34
"2019-07-22 16:41:03",34
"2019-07-22 17:41:01",34
"2019-07-22 18:41:05",34
"2019-07-22 19:41:02",33
"2019-07-22 20:41:03",33
"2019-07-22 21:41:04",33
"2019-07-22 22:41:01",33
"2019-07-22 23:41:01",33
"2019-07-23 00:41:01",33
"2019-07-23 01:41:00",33
"2019-07-23 02:41:03",33
"2019-07-23 03:41:02",33
"2019-07-23 04:41:02",33
"2019-07-23 05:41:04",33
"2019-07-23 06:41:05",33
"2019-07-23 07:41:01",33
"2019-07-23 08:41:00",33
"2019-07-23 09:41:02",33
"2019-07-23 10:41:02",33
"2019-07-23 11:41:02",33
"2019-07-23 13:04:05",33
"2019-07-23 13:41:01",33
"2019-07-23 14:41:02",33
"2019-07-23 15:41:07",33
"2019-07-23 16:41:02",33
"2019-07-23 17:41:01",33
"2019-07-23 18:41:02",33
"2019-07-23 19:41:01",33
"2019-07-23 20:41:01",33
"2019-07-23 21:41:02",33
"2019-07-23 22:41:03",33
"2019-07-23 23:41:02",33
"2019-07-24 00:41:02",33
"2019-07-24 01:41:02",33
"2019-07-24 02:41:06",33
"2019-07-24 03:41:02",33
"2019-07-24 04:41:01",33
"2019-07-24 05:41:02",33
"2019-07-24 06:41:00",33
"2019-07-24 07:41:01",33
"2019-07-24 08:41:01",33
"2019-07-24 09:41:02",33
"2019-07-24 10:41:02",33
"2019-07-24 11:41:01",33
"2019-07-24 13:03:35",33
"2019-07-24 13:41:02",33
"2019-07-24 14:41:01",33
"2019-07-24 15:41:02",33
"2019-07-24 16:41:02",33
"2019-07-24 17:41:00",33
"2019-07-24 18:41:02",33
"2019-07-24 19:41:01",33
"2019-07-24 20:41:01",33
"2019-07-24 21:41:01",33
"2019-07-24 22:41:01",33
"2019-07-24 23:41:01",33
"2019-07-25 00:41:01",33
"2019-07-25 01:41:05",33
"2019-07-25 02:41:10",33
"2019-07-25 03:41:01",33
"2019-07-25 04:41:01",33
"2019-07-25 05:41:06",33
"2019-07-25 06:41:03",33
"2019-07-25 07:41:01",33
"2019-07-25 08:41:02",33
"2019-07-25 09:41:01",33
"2019-07-25 10:41:09",33
"2019-07-25 11:41:01",33
"2019-07-25 13:04:07",33
"2019-07-25 13:41:04",33
"2019-07-25 14:41:03",33
"2019-07-25 15:41:02",33
"2019-07-25 16:41:05",33
"2019-07-25 17:41:03",33
"2019-07-25 18:41:10",33
"2019-07-25 19:41:06",33
"2019-07-25 20:41:05",33
"2019-07-25 21:41:05",33
"2019-07-25 22:41:03",33
"2019-07-25 23:41:03",33
"2019-07-26 00:41:12",33
"2019-07-26 01:41:03",33
"2019-07-26 02:41:04",33
"2019-07-26 03:41:04",33
"2019-07-26 04:41:07",33
"2019-07-26 05:41:07",33
"2019-07-26 06:41:14",33
"2019-07-26 07:41:09",33
"2019-07-26 08:41:02",33
"2019-07-26 09:41:02",33
"2019-07-26 10:41:03",33
"2019-07-26 11:41:06",33
"2019-07-26 13:06:06",33
"2019-07-26 13:41:03",33
"2019-07-26 14:41:04",33
"2019-07-26 15:41:03",33
"2019-07-26 16:41:04",33
"2019-07-26 17:41:05",33
"2019-07-26 18:41:03",33
"2019-07-26 19:41:02",33
"2019-07-26 20:41:02",33
"2019-07-26 21:41:02",33
"2019-07-26 22:41:02",33
"2019-07-26 23:41:01",33
"2019-07-27 00:41:02",33
"2019-07-27 01:41:03",33
"2019-07-27 02:41:04",33
"2019-07-27 03:41:03",33
"2019-07-27 04:41:02",33
"2019-07-27 05:41:02",33
"2019-07-27 06:41:02",33
"2019-07-27 07:41:02",33
"2019-07-27 08:41:02",33
"2019-07-27 09:41:02",33
"2019-07-27 10:41:03",33
"2019-07-27 11:41:02",33
"2019-07-27 12:41:02",33
"2019-07-27 13:41:01",33
"2019-07-27 14:41:03",33
"2019-07-27 15:41:04",33
"2019-07-27 16:41:08",33
"2019-07-27 17:41:06",33
"2019-07-27 18:41:03",33
"2019-07-27 19:41:03",33
"2019-07-27 20:41:04",33
"2019-07-27 21:41:04",33
"2019-07-27 22:41:02",33
"2019-07-27 23:41:02",33
"2019-07-28 00:41:02",33
"2019-07-28 01:41:01",33
"2019-07-28 02:41:01",33
"2019-07-28 03:41:01",33
"2019-07-28 04:41:02",33
"2019-07-28 05:41:01",33
"2019-07-28 06:41:01",33
"2019-07-28 07:41:01",33
"2019-07-28 08:41:01",33
"2019-07-28 09:41:01",33
"2019-07-28 10:41:01",33
"2019-07-28 11:41:01",33
"2019-07-28 12:41:02",33
"2019-07-28 13:41:02",33
"2019-07-28 14:41:02",33
"2019-07-28 15:41:01",33
"2019-07-28 16:41:03",33
"2019-07-28 17:41:02",33
"2019-07-28 18:41:02",33
"2019-07-28 19:41:01",33
"2019-07-28 20:41:01",33
"2019-07-28 21:41:01",33
"2019-07-28 22:41:02",33
"2019-07-28 23:41:02",33
"2019-07-29 00:41:02",33
"2019-07-29 01:41:02",33
"2019-07-29 02:41:02",33
"2019-07-29 03:41:02",33
"2019-07-29 04:41:02",33
"2019-07-29 05:41:05",33
"2019-07-29 06:41:07",33
"2019-07-29 07:41:03",33
"2019-07-29 08:41:02",33
"2019-07-29 09:41:02",33
"2019-07-29 10:41:03",33
"2019-07-29 11:41:01",33
"2019-07-29 13:05:05",33
"2019-07-29 13:41:03",33
"2019-07-29 14:41:02",33
"2019-07-29 15:41:02",33
"2019-07-29 16:41:03",33
"2019-07-29 17:41:02",33
"2019-07-29 18:41:03",33
"2019-07-29 19:41:01",33
"2019-07-29 20:41:02",33
"2019-07-29 21:41:01",33
"2019-07-29 22:41:02",33
"2019-07-29 23:41:02",33
"2019-07-30 00:41:02",33
"2019-07-30 01:41:02",33
"2019-07-30 02:41:02",33
"2019-07-30 03:41:01",33
"2019-07-30 04:41:01",33
"2019-07-30 05:41:01",33
"2019-07-30 06:41:02",33
"2019-07-30 07:41:07",33
"2019-07-30 08:41:02",33
"2019-07-30 09:41:02",33
"2019-07-30 10:41:01",33
"2019-07-30 11:41:04",33
"2019-07-30 12:41:02",33
"2019-07-30 13:41:02",33
"2019-07-30 14:41:03",33
"2019-07-30 15:41:03",33
"2019-07-30 16:41:03",33
"2019-07-30 17:41:05",33
"2019-07-30 18:41:05",33
"2019-07-30 19:41:04",33
"2019-07-30 20:41:03",33
"2019-07-30 21:41:03",33
"2019-07-30 22:41:04",33
"2019-07-30 23:41:03",33
"2019-07-31 00:41:03",33
"2019-07-31 01:41:03",33
"2019-07-31 02:41:02",33
"2019-07-31 03:41:03",33
"2019-07-31 04:41:03",33
"2019-07-31 05:41:07",33
"2019-07-31 06:41:04",33
"2019-07-31 07:41:02",33
"2019-07-31 08:41:03",33
"2019-07-31 09:41:03",33
"2019-07-31 10:41:02",33
"2019-07-31 11:41:01",33
"2019-07-31 13:05:08",33
"2019-07-31 13:41:03",33
"2019-07-31 14:41:03",33
"2019-07-31 15:41:02",33
"2019-07-31 16:41:06",33
"2019-07-31 17:41:03",33
"2019-07-31 18:41:02",33
"2019-07-31 19:41:02",33
"2019-07-31 20:41:03",33
"2019-07-31 21:41:04",33
"2019-07-31 22:41:02",33
"2019-07-31 23:41:03",33
"2019-08-01 00:41:02",33
"2019-08-01 01:41:11",33
"2019-08-01 02:41:05",33
"2019-08-01 03:41:03",33
"2019-08-01 04:41:02",33
"2019-08-01 05:41:05",33
"2019-08-01 06:41:04",33
"2019-08-01 07:41:05",33
"2019-08-01 08:41:02",33
"2019-08-01 09:41:03",33
"2019-08-01 10:41:02",33
"2019-08-01 11:41:01",33
"2019-08-01 13:03:36",33
"2019-08-01 13:41:05",33
"2019-08-01 14:41:04",33
"2019-08-01 15:41:09",33
"2019-08-01 16:41:09",33
"2019-08-01 17:41:06",33
"2019-08-01 18:41:03",33
"2019-08-01 19:41:03",33
"2019-08-01 20:41:03",33
"2019-08-01 21:41:04",33
"2019-08-01 22:41:02",33
"2019-08-01 23:41:05",33
"2019-08-02 00:41:03",33
"2019-08-02 01:41:03",33
"2019-08-02 02:41:03",33
"2019-08-02 03:41:03",33
"2019-08-02 04:41:04",33
"2019-08-02 05:41:06",33
"2019-08-02 06:41:04",33
"2019-08-02 07:41:02",33
"2019-08-02 08:41:03",33
"2019-08-02 09:41:04",33
"2019-08-02 10:41:10",33
"2019-08-02 11:41:03",33
"2019-08-02 13:05:07",33
"2019-08-02 13:41:05",33
"2019-08-02 14:41:05",33
"2019-08-02 15:41:04",33
"2019-08-02 16:41:03",33
"2019-08-02 17:41:02",33
"2019-08-02 18:41:04",33
"2019-08-02 19:41:04",33
"2019-08-02 20:41:04",33
"2019-08-02 21:41:03",33
"2019-08-02 22:41:03",33
"2019-08-02 23:41:04",33
"2019-08-03 00:41:04",33
"2019-08-03 01:41:03",33
"2019-08-03 02:41:04",33
"2019-08-03 03:41:04",33
"2019-08-03 04:41:02",33
"2019-08-03 05:41:07",33
"2019-08-03 06:41:04",33
"2019-08-03 07:41:02",33
"2019-08-03 08:41:04",33
"2019-08-03 09:41:03",33
"2019-08-03 10:41:03",33
"2019-08-03 11:41:03",33
"2019-08-03 12:41:04",33
"2019-08-03 13:41:04",33
"2019-08-03 14:41:03",33
"2019-08-03 15:41:02",33
"2019-08-03 16:41:03",33
"2019-08-03 17:41:04",33
"2019-08-03 18:41:04",33
"2019-08-03 19:41:03",33
"2019-08-03 20:41:02",33
"2019-08-03 21:41:02",33
"2019-08-03 22:41:03",33
"2019-08-03 23:41:03",33
"2019-08-04 00:41:03",33
"2019-08-04 01:41:02",33
"2019-08-04 02:41:08",33
"2019-08-04 03:41:03",33
"2019-08-04 04:41:03",33
"2019-08-04 05:41:06",33
"2019-08-04 06:41:03",33
"2019-08-04 07:41:03",33
"2019-08-04 08:41:04",33
"2019-08-04 09:41:03",33
"2019-08-04 10:41:03",33
"2019-08-04 11:41:01",33
"2019-08-04 12:41:03",33
"2019-08-04 13:41:03",33
"2019-08-04 14:41:02",33
"2019-08-04 15:41:03",33
"2019-08-04 16:41:03",33
"2019-08-04 17:41:03",33
"2019-08-04 18:41:04",33
"2019-08-04 19:41:03",33
"2019-08-04 20:41:03",33
"2019-08-04 21:41:04",33
"2019-08-04 22:41:04",33
"2019-08-04 23:41:03",33
"2019-08-05 00:41:03",33
"2019-08-05 01:41:03",33
"2019-08-05 02:41:05",33
"2019-08-05 03:41:04",33
"2019-08-05 04:41:04",33
"2019-08-05 05:41:04",33
"2019-08-05 06:41:03",33
"2019-08-05 07:41:06",33
"2019-08-05 08:41:04",33
"2019-08-05 09:41:04",33
"2019-08-05 10:41:03",33
"2019-08-05 11:41:03",33
"2019-08-05 13:05:38",33
"2019-08-05 13:41:04",33
"2019-08-05 14:41:04",33
"2019-08-05 15:41:03",33
"2019-08-05 16:41:04",33
"2019-08-05 17:41:04",33
"2019-08-05 18:41:05",33
"2019-08-05 19:41:04",33
"2019-08-05 20:41:03",33
"2019-08-05 21:41:03",33
"2019-08-05 22:41:04",33
"2019-08-05 23:41:05",33
"2019-08-06 00:41:12",33
"2019-08-06 01:41:05",33
"2019-08-06 02:41:04",33
"2019-08-06 03:41:03",33
"2019-08-06 04:41:04",33
"2019-08-06 05:41:05",33
"2019-08-06 06:41:03",33
"2019-08-06 07:41:03",33
"2019-08-06 08:41:03",33
"2019-08-06 09:41:08",33
"2019-08-06 10:41:02",33
"2019-08-06 11:41:02",33
"2019-08-06 12:41:03",33
"2019-08-06 13:41:04",33
"2019-08-06 14:41:03",33
"2019-08-06 15:41:04",33
"2019-08-06 16:41:05",33
"2019-08-06 17:41:03",33
"2019-08-06 18:41:03",33
"2019-08-06 19:41:03",33
"2019-08-06 20:41:04",33
"2019-08-06 21:41:03",33
"2019-08-06 22:41:02",33
"2019-08-06 23:41:04",33
"2019-08-07 00:41:04",33
"2019-08-07 01:41:04",33
"2019-08-07 02:41:05",33
"2019-08-07 03:41:04",33
"2019-08-07 04:41:03",33
"2019-08-07 05:41:04",33
"2019-08-07 06:41:07",33
"2019-08-07 07:41:02",33
"2019-08-07 08:41:04",33
"2019-08-07 09:41:03",33
"2019-08-07 10:41:10",33
"2019-08-07 11:41:03",33
"2019-08-07 12:41:04",33
"2019-08-07 13:41:05",33
"2019-08-07 14:41:04",33
"2019-08-07 15:41:04",33
"2019-08-07 16:41:04",33
"2019-08-07 17:41:04",33
"2019-08-07 18:41:04",33
"2019-08-07 19:41:03",33
"2019-08-07 20:41:03",33
"2019-08-07 21:41:03",33
"2019-08-07 22:41:03",33
"2019-08-07 23:41:03",33
"2019-08-08 00:41:04",33
"2019-08-08 01:41:04",33
"2019-08-08 02:41:09",33
"2019-08-08 03:41:03",33
"2019-08-08 04:41:03",33
"2019-08-08 05:41:03",33
"2019-08-08 06:41:06",33
"2019-08-08 07:41:03",33
"2019-08-08 08:41:03",33
"2019-08-08 09:41:03",33
"2019-08-08 10:41:05",33
"2019-08-08 11:41:03",33
"2019-08-08 12:41:05",33
"2019-08-08 13:41:04",33
"2019-08-08 14:41:04",33
"2019-08-08 15:41:03",34
"2019-08-08 16:41:05",34
"2019-08-08 17:41:04",34
"2019-08-08 18:41:04",34
"2019-08-08 19:41:04",34
"2019-08-08 20:41:04",34
"2019-08-08 21:41:04",34
"2019-08-08 22:41:04",34
"2019-08-08 23:41:04",34
"2019-08-09 00:41:05",34
"2019-08-09 01:41:05",34
"2019-08-09 02:41:05",34
"2019-08-09 03:41:04",34
"2019-08-09 04:41:06",34
"2019-08-09 05:41:07",34
"2019-08-09 06:41:05",34
"2019-08-09 07:41:06",34
"2019-08-09 08:41:06",34
"2019-08-09 09:41:10",34
"2019-08-09 10:41:05",34
"2019-08-09 11:41:04",34
"2019-08-09 13:05:09",34
"2019-08-09 13:41:05",34
"2019-08-09 14:41:08",34
"2019-08-09 15:41:04",34
"2019-08-09 16:41:10",34
"2019-08-09 17:41:04",34
"2019-08-09 18:41:04",33
"2019-08-09 19:41:04",33
"2019-08-09 20:41:04",33
"2019-08-09 21:41:05",33
"2019-08-09 22:41:05",33
"2019-08-09 23:41:06",33
"2019-08-10 00:41:06",33
"2019-08-10 01:41:05",33
"2019-08-10 02:41:13",33
"2019-08-10 03:41:04",33
"2019-08-10 04:41:05",33
"2019-08-10 05:41:06",33
"2019-08-10 06:41:05",33
"2019-08-10 07:41:04",33
"2019-08-10 08:41:04",33
"2019-08-10 09:41:05",33
"2019-08-10 10:41:06",33
"2019-08-10 11:41:04",33
"2019-08-10 12:41:05",33
"2019-08-10 13:41:05",33
"2019-08-10 14:41:03",33
"2019-08-10 15:41:04",33
"2019-08-10 16:41:11",33
"2019-08-10 17:41:04",33
"2019-08-10 18:41:04",33
"2019-08-10 19:41:04",33
"2019-08-10 20:41:05",33
"2019-08-10 21:41:03",33
"2019-08-10 22:41:04",33
"2019-08-10 23:41:04",33
"2019-08-11 00:41:02",33
"2019-08-11 01:41:04",33
"2019-08-11 02:41:12",33
"2019-08-11 03:41:05",33
"2019-08-11 04:41:04",33
"2019-08-11 05:41:06",33
"2019-08-11 06:41:03",33
"2019-08-11 07:41:04",33
"2019-08-11 08:41:03",33
"2019-08-11 09:41:03",33
"2019-08-11 10:41:04",33
"2019-08-11 11:41:04",33
"2019-08-11 12:41:05",33
"2019-08-11 13:41:05",33
"2019-08-11 14:41:04",33
"2019-08-11 15:41:04",33
"2019-08-11 16:41:05",33
"2019-08-11 17:41:04",33
"2019-08-11 18:41:05",33
"2019-08-11 19:41:05",33
"2019-08-11 20:41:06",33
"2019-08-11 21:41:05",33
"2019-08-11 22:41:06",33
"2019-08-11 23:41:06",33
"2019-08-12 00:41:05",33
"2019-08-12 01:41:06",33
"2019-08-12 02:41:07",33
"2019-08-12 03:41:06",33
"2019-08-12 04:41:05",33
"2019-08-12 05:41:10",33
"2019-08-12 06:41:11",33
"2019-08-12 07:41:05",33
"2019-08-12 08:41:06",33
"2019-08-12 09:41:05",33
"2019-08-12 10:41:09",33
"2019-08-12 11:41:05",33
"2019-08-12 12:41:09",33
"2019-08-12 13:41:13",33
"2019-08-12 14:41:05",33
"2019-08-12 15:41:06",33
"2019-08-12 16:41:15",33
"2019-08-12 17:41:07",33
"2019-08-12 18:41:05",33
"2019-08-12 19:41:05",33
"2019-08-12 20:41:06",33
"2019-08-12 21:41:06",33
"2019-08-12 22:41:06",33
"2019-08-12 23:41:06",33
"2019-08-13 00:41:05",33
"2019-08-13 01:41:07",33
"2019-08-13 02:41:09",33
"2019-08-13 03:41:07",33
"2019-08-13 04:41:04",33
"2019-08-13 05:41:07",33
"2019-08-13 06:41:05",33
"2019-08-13 07:41:06",33
"2019-08-13 08:41:04",33
"2019-08-13 09:41:07",33
"2019-08-13 10:41:07",33
"2019-08-13 11:41:07",33
"2019-08-13 12:41:07",33
"2019-08-13 13:41:07",33
"2019-08-13 14:41:06",33
"2019-08-13 15:41:11",33
"2019-08-13 16:41:08",33
"2019-08-13 17:41:06",33
"2019-08-13 18:41:07",33
"2019-08-13 19:41:06",33
"2019-08-13 20:41:06",33
"2019-08-13 21:41:06",33
"2019-08-13 22:41:12",33
"2019-08-13 23:41:06",33
"2019-08-14 00:41:09",33
"2019-08-14 01:41:07",33
"2019-08-14 02:41:07",33
"2019-08-14 03:41:06",33
"2019-08-14 04:41:05",33
"2019-08-14 05:41:11",33
"2019-08-14 06:41:06",33
"2019-08-14 07:41:05",33
"2019-08-14 08:41:05",33
"2019-08-14 09:41:07",33
"2019-08-14 10:41:04",33
"2019-08-14 11:41:05",33
"2019-08-14 13:04:10",33
"2019-08-14 13:41:07",33
"2019-08-14 14:41:08",33
"2019-08-14 15:41:08",33
"2019-08-14 16:41:06",33
"2019-08-14 17:41:05",32
"2019-08-14 18:41:07",32
"2019-08-14 19:41:07",32
"2019-08-14 20:41:05",32
"2019-08-14 21:41:09",32
"2019-08-14 22:41:06",32
"2019-08-14 23:41:05",32
"2019-08-15 00:41:05",32
"2019-08-15 01:41:06",32
"2019-08-15 02:41:07",32
"2019-08-15 03:41:07",32
"2019-08-15 04:41:06",32
"2019-08-15 05:41:08",32
"2019-08-15 06:41:05",32
"2019-08-15 07:41:05",32
"2019-08-15 08:41:20",32
"2019-08-15 09:41:06",32
"2019-08-15 10:41:05",32
"2019-08-15 11:41:05",32
"2019-08-15 13:04:10",32
"2019-08-15 13:41:10",32
"2019-08-15 14:41:06",32
"2019-08-15 15:41:05",32
"2019-08-15 16:41:11",32
"2019-08-15 17:41:04",32
"2019-08-15 18:41:06",32
"2019-08-15 19:41:04",32
"2019-08-15 20:41:06",32
"2019-08-15 21:41:04",32
"2019-08-15 22:41:04",32
"2019-08-15 23:41:08",32
"2019-08-16 00:41:05",32
"2019-08-16 01:41:12",32
"2019-08-16 02:41:07",32
"2019-08-16 03:41:06",32
"2019-08-16 04:41:04",32
"2019-08-16 05:41:19",32
"2019-08-16 06:41:04",32
"2019-08-16 07:41:05",32
"2019-08-16 08:41:05",32
"2019-08-16 09:41:04",32
"2019-08-16 10:41:04",32
"2019-08-16 11:41:04",32
"2019-08-16 12:41:04",32
"2019-08-16 13:41:06",32
"2019-08-16 14:41:05",32
"2019-08-16 15:41:06",32
"2019-08-16 16:41:06",32
"2019-08-16 18:41:06",32
"2019-08-16 19:41:07",32
"2019-08-16 20:41:08",32
"2019-08-16 21:41:06",32
"2019-08-16 22:41:09",32
"2019-08-16 23:41:05",32
"2019-08-17 00:41:07",32
"2019-08-17 01:41:07",32
"2019-08-17 02:41:14",32
"2019-08-17 03:41:06",32
"2019-08-17 04:41:07",32
"2019-08-17 05:41:06",32
"2019-08-17 06:41:06",32
"2019-08-17 07:41:06",32
"2019-08-17 08:41:07",32
"2019-08-17 09:41:06",32
"2019-08-17 10:41:06",32
"2019-08-17 11:41:05",32
"2019-08-17 12:41:05",32
"2019-08-17 13:41:07",32
"2019-08-17 14:41:13",32
"2019-08-17 15:41:07",32
"2019-08-17 16:41:07",32
"2019-08-17 17:41:05",32
"2019-08-17 18:41:05",32
"2019-08-17 19:41:06",32
"2019-08-17 20:41:08",32
"2019-08-17 21:41:06",32
"2019-08-17 22:41:05",32
"2019-08-17 23:41:06",32
"2019-08-18 00:41:06",32
"2019-08-18 01:41:05",32
"2019-08-18 02:41:08",32
"2019-08-18 03:41:06",32
"2019-08-18 04:41:05",32
"2019-08-18 05:41:08",32
"2019-08-18 06:41:20",32
"2019-08-18 07:41:07",32
"2019-08-18 08:41:08",32
"2019-08-18 09:41:08",32
"2019-08-18 10:41:05",32
"2019-08-18 11:41:06",32
"2019-08-18 12:41:07",32
"2019-08-18 13:41:07",32
"2019-08-18 14:41:06",32
"2019-08-18 15:41:07",32
"2019-08-18 16:41:06",32
"2019-08-18 17:41:06",32
"2019-08-18 18:41:06",32
"2019-08-18 19:41:07",32
"2019-08-18 20:41:06",32
"2019-08-18 21:41:08",32
"2019-08-18 22:41:07",32
"2019-08-18 23:41:06",32
"2019-08-19 00:41:07",32
"2019-08-19 01:41:06",32
"2019-08-19 02:41:07",32
"2019-08-19 03:41:05",32
"2019-08-19 04:41:06",32
"2019-08-19 05:41:07",32
"2019-08-19 06:41:08",32
"2019-08-19 07:41:17",32
"2019-08-19 08:41:07",32
"2019-08-19 09:41:12",32
"2019-08-19 10:41:08",32
"2019-08-19 11:41:05",32
"2019-08-19 12:41:10",32
"2019-08-19 13:41:07",32
"2019-08-19 14:41:04",32
"2019-08-19 15:41:06",32
"2019-08-19 16:41:05",32
"2019-08-19 17:41:05",32
"2019-08-19 18:41:07",32
"2019-08-19 19:41:05",32
"2019-08-19 20:41:05",33
"2019-08-19 21:41:06",33
"2019-08-19 22:41:05",33
"2019-08-19 23:41:06",33
"2019-08-20 00:41:07",33
"2019-08-20 01:41:06",33
"2019-08-20 02:41:07",33
"2019-08-20 03:41:05",33
"2019-08-20 04:41:06",33
"2019-08-20 05:41:11",33
"2019-08-20 06:41:10",33
"2019-08-20 07:41:05",33
"2019-08-20 08:41:05",33
"2019-08-20 09:41:05",33
"2019-08-20 10:41:23",33
"2019-08-20 11:41:05",33
"2019-08-20 13:03:10",33
"2019-08-20 13:41:13",33
"2019-08-20 14:41:06",33
"2019-08-20 15:41:06",33
"2019-08-20 16:41:07",33
"2019-08-20 17:41:07",33
"2019-08-20 18:41:07",33
"2019-08-20 19:41:07",33
"2019-08-20 20:41:06",33
"2019-08-20 21:41:09",33
"2019-08-20 22:41:07",33
"2019-08-20 23:41:06",33
"2019-08-21 00:41:07",33
"2019-08-21 01:41:07",33
"2019-08-21 02:41:10",33
"2019-08-21 03:41:09",33
"2019-08-21 04:41:06",33
"2019-08-21 05:41:07",33
"2019-08-21 06:41:09",33
"2019-08-21 07:41:06",33
"2019-08-21 08:41:07",33
"2019-08-21 09:41:07",33
"2019-08-21 10:41:06",33
"2019-08-21 11:41:06",33
"2019-08-21 12:41:06",33
"2019-08-21 13:41:07",33
"2019-08-21 14:41:07",33
"2019-08-21 15:41:09",33
"2019-08-21 16:41:21",34
"2019-08-21 17:41:06",34
"2019-08-21 18:41:07",34
"2019-08-21 19:41:07",34
"2019-08-21 20:41:06",34
"2019-08-21 21:41:07",34
"2019-08-21 22:41:09",34
"2019-08-21 23:41:07",34
"2019-08-22 00:41:08",34
"2019-08-22 01:41:06",34
"2019-08-22 02:41:08",34
"2019-08-22 03:41:06",34
"2019-08-22 04:41:06",34
"2019-08-22 05:41:08",34
"2019-08-22 06:41:06",34
"2019-08-22 07:41:06",34
"2019-08-22 08:41:07",34
"2019-08-22 09:41:08",34
"2019-08-22 10:41:07",34
"2019-08-22 11:41:08",34
"2019-08-22 12:41:07",34
"2019-08-22 13:41:07",34
"2019-08-22 14:41:10",35
"2019-08-22 15:41:08",35
"2019-08-22 16:41:10",35
"2019-08-22 17:41:10",35
"2019-08-22 18:41:10",35
"2019-08-22 19:41:08",35
"2019-08-22 20:41:09",35
"2019-08-22 21:41:10",35
"2019-08-22 22:41:08",35
"2019-08-22 23:41:08",35
"2019-08-23 00:41:10",35
"2019-08-23 01:41:12",35
"2019-08-23 02:41:09",35
"2019-08-23 03:41:07",35
"2019-08-23 04:41:06",35
"2019-08-23 05:41:08",35
"2019-08-23 06:41:08",35
"2019-08-23 07:41:07",35
"2019-08-23 08:41:09",35
"2019-08-23 09:41:07",35
"2019-08-23 10:41:10",35
"2019-08-23 11:41:06",35
"2019-08-23 12:41:09",35
"2019-08-23 13:41:07",35
"2019-08-23 14:41:07",35
"2019-08-23 15:41:09",35
"2019-08-23 16:41:09",35
"2019-08-23 17:41:06",35
"2019-08-23 18:41:09",35
"2019-08-23 19:41:09",35
"2019-08-23 20:41:06",35
"2019-08-23 21:41:08",35
"2019-08-23 22:41:12",35
"2019-08-23 23:41:07",35
"2019-08-24 00:41:07",35
"2019-08-24 01:41:06",35
"2019-08-24 02:41:24",35
"2019-08-24 03:41:06",35
"2019-08-24 04:41:05",35
"2019-08-24 05:41:09",35
"2019-08-24 06:41:08",35
"2019-08-24 07:41:10",35
"2019-08-24 08:41:08",35
"2019-08-24 09:41:07",35
"2019-08-24 10:41:07",35
"2019-08-24 11:41:07",35
"2019-08-24 12:41:09",35
"2019-08-24 13:41:07",35
"2019-08-24 14:41:07",35
"2019-08-24 15:41:07",35
"2019-08-24 16:41:12",35
"2019-08-24 17:41:07",35
"2019-08-24 18:41:09",35
"2019-08-24 19:41:06",35
"2019-08-24 20:41:07",35
"2019-08-24 21:41:07",35
"2019-08-24 22:41:07",35
"2019-08-24 23:41:07",35
"2019-08-25 00:41:05",35
"2019-08-25 01:41:10",35
"2019-08-25 02:41:15",35
"2019-08-25 03:41:06",35
"2019-08-25 04:41:07",35
"2019-08-25 05:41:07",35
"2019-08-25 06:41:07",35
"2019-08-25 07:41:07",35
"2019-08-25 08:41:09",35
"2019-08-25 09:41:05",35
"2019-08-25 10:41:07",35
"2019-08-25 11:41:08",35
"2019-08-25 12:41:07",35
"2019-08-25 13:41:06",35
"2019-08-25 14:41:07",35
"2019-08-25 15:41:08",35
"2019-08-25 16:41:11",35
"2019-08-25 17:41:05",35
"2019-08-25 18:41:06",35
"2019-08-25 19:41:09",35
"2019-08-25 20:41:07",35
"2019-08-25 21:41:07",35
"2019-08-25 22:41:06",35
"2019-08-25 23:41:07",35
"2019-08-26 00:41:06",35
"2019-08-26 01:41:05",35
"2019-08-26 02:41:11",35
"2019-08-26 03:41:06",35
"2019-08-26 04:41:06",35
"2019-08-26 05:41:06",35
"2019-08-26 06:41:06",35
"2019-08-26 07:41:08",35
"2019-08-26 08:41:06",35
"2019-08-26 09:41:06",35
"2019-08-26 10:41:08",35
"2019-08-26 11:41:06",35
"2019-08-26 12:41:09",35
"2019-08-26 13:41:06",35
"2019-08-26 14:41:07",35
"2019-08-26 15:41:08",34
"2019-08-26 16:41:10",34
"2019-08-26 17:41:07",34
"2019-08-26 18:41:07",34
"2019-08-26 19:41:09",34
"2019-08-26 20:41:06",34
"2019-08-26 21:41:07",34
"2019-08-26 22:41:06",34
"2019-08-26 23:41:06",34
"2019-08-27 00:41:06",34
"2019-08-27 01:41:07",34
"2019-08-27 02:41:11",34
"2019-08-27 03:41:06",34
"2019-08-27 04:41:06",34
"2019-08-27 05:41:09",34
"2019-08-27 06:41:08",34
"2019-08-27 07:41:07",34
"2019-08-27 08:41:09",34
"2019-08-27 09:41:06",34
"2019-08-27 10:41:06",34
"2019-08-27 11:41:10",34
"2019-08-27 12:41:08",34
"2019-08-27 13:41:20",34
"2019-08-27 14:41:07",34
"2019-08-27 15:41:09",34
"2019-08-27 16:41:09",34
"2019-08-27 17:41:06",34
"2019-08-27 18:41:06",34
"2019-08-27 19:41:09",34
"2019-08-27 20:41:06",34
"2019-08-27 21:41:08",34
"2019-08-27 22:41:08",34
"2019-08-27 23:41:09",34
"2019-08-28 00:41:12",34
"2019-08-28 01:41:08",34
"2019-08-28 02:41:12",34
"2019-08-28 03:41:15",34
"2019-08-28 04:41:08",34
"2019-08-28 05:41:09",34
"2019-08-28 06:41:08",34
"2019-08-28 07:41:11",34
"2019-08-28 08:41:06",34
"2019-08-28 09:41:09",34
"2019-08-28 10:41:09",34
"2019-08-28 11:41:10",34
"2019-08-28 12:41:08",34
"2019-08-28 13:41:07",34
"2019-08-28 14:41:06",34
"2019-08-28 15:41:05",34
"2019-08-28 16:41:19",34
"2019-08-28 17:41:06",34
"2019-08-28 18:41:06",34
"2019-08-28 19:41:07",34
"2019-08-28 20:41:07",34
"2019-08-28 21:41:07",34
"2019-08-28 22:41:07",34
"2019-08-28 23:41:09",34
"2019-08-29 00:41:06",34
"2019-08-29 01:41:07",34
"2019-08-29 02:41:09",34
"2019-08-29 03:41:06",34
"2019-08-29 04:41:07",34
"2019-08-29 05:41:15",34
"2019-08-29 06:41:05",34
"2019-08-29 07:41:07",34
"2019-08-29 08:41:07",34
"2019-08-29 09:41:09",34
"2019-08-29 10:41:05",34
"2019-08-29 11:41:04",34
"2019-08-29 12:41:08",34
"2019-08-29 13:41:07",34
"2019-08-29 14:41:05",33
"2019-08-29 15:41:06",33
"2019-08-29 16:41:10",33
"2019-08-29 17:41:06",33
"2019-08-29 18:41:05",33
"2019-08-29 19:41:03",33
"2019-08-29 20:41:06",33
"2019-08-29 21:41:06",33
"2019-08-29 22:41:04",33
"2019-08-29 23:41:05",33
"2019-08-30 00:41:07",33
"2019-08-30 01:41:08",33
"2019-08-30 02:41:07",33
"2019-08-30 03:41:06",33
"2019-08-30 04:41:07",33
"2019-08-30 05:41:11",33
"2019-08-30 06:41:05",33
"2019-08-30 07:41:05",33
"2019-08-30 08:41:04",33
"2019-08-30 09:41:04",33
"2019-08-30 10:41:04",33
"2019-08-30 11:41:04",33
"2019-08-30 12:41:07",33
"2019-08-30 13:41:06",33
"2019-08-30 14:41:06",33
"2019-08-30 15:41:06",33
"2019-08-30 16:41:08",33
"2019-08-30 17:41:07",33
"2019-08-30 18:41:05",33
"2019-08-30 19:41:05",33
"2019-08-30 20:41:07",33
"2019-08-30 21:41:06",33
"2019-08-30 22:41:08",33
"2019-08-30 23:41:07",33
"2019-08-31 00:41:06",33
"2019-08-31 01:41:08",33
"2019-08-31 02:41:06",33
"2019-08-31 03:41:07",33
"2019-08-31 04:41:06",33
"2019-08-31 23:41:13",33
"2019-09-01 00:41:08",33
"2019-09-01 01:41:07",33
"2019-09-01 02:41:08",33
"2019-09-01 03:41:07",33
"2019-09-01 04:41:07",33
"2019-09-01 05:41:07",33
"2019-09-01 06:41:06",33
"2019-09-01 07:41:06",33
"2019-09-01 08:41:07",33
"2019-09-01 09:41:06",33
"2019-09-01 10:41:07",33
"2019-09-01 11:41:06",33
"2019-09-01 12:41:07",33
"2019-09-01 13:41:07",33
"2019-09-01 14:41:07",33
"2019-09-01 15:41:06",33
"2019-09-01 16:41:09",33
"2019-09-01 17:41:09",33
"2019-09-01 18:41:07",33
"2019-09-01 19:41:06",33
"2019-09-01 20:41:06",33
"2019-09-01 21:41:06",33
"2019-09-01 22:41:08",33
"2019-09-01 23:41:07",33
"2019-09-02 00:41:06",33
"2019-09-02 01:41:05",33
"2019-09-02 02:41:06",33
"2019-09-02 03:41:07",33
"2019-09-02 04:41:08",33
"2019-09-02 05:41:13",33
"2019-09-02 06:41:07",33
"2019-09-02 07:41:08",33
"2019-09-02 08:41:06",33
"2019-09-02 09:41:06",33
"2019-09-02 10:41:12",33
"2019-09-02 11:41:08",33
"2019-09-02 12:41:06",33
"2019-09-02 13:41:07",33
"2019-09-02 14:41:06",33
"2019-09-02 15:41:06",33
"2019-09-02 16:41:12",33
"2019-09-02 17:41:06",33
"2019-09-02 18:41:07",33
"2019-09-02 19:41:06",33
"2019-09-02 20:41:06",33
"2019-09-02 21:41:07",33
"2019-09-02 22:41:08",33
"2019-09-02 23:41:06",33
"2019-09-03 00:41:07",33
"2019-09-03 01:41:08",33
"2019-09-03 02:41:08",33
"2019-09-03 03:41:06",33
"2019-09-03 04:41:06",33
"2019-09-03 05:41:11",33
"2019-09-03 06:41:08",33
"2019-09-03 07:41:06",33
"2019-09-03 08:41:12",33
"2019-09-03 09:41:06",33
"2019-09-03 10:41:10",33
"2019-09-03 11:41:06",33
"2019-09-03 13:05:12",33
"2019-09-03 13:41:12",33
"2019-09-03 14:41:08",33
"2019-09-03 15:41:07",33
"2019-09-03 16:41:10",33
"2019-09-03 17:41:07",33
"2019-09-03 18:41:06",33
"2019-09-03 19:41:05",33
"2019-09-03 20:41:07",33
"2019-09-03 21:41:06",33
"2019-09-03 22:41:10",33
"2019-09-03 23:41:06",33
"2019-09-04 00:41:09",33
"2019-09-04 01:41:08",33
"2019-09-04 02:41:07",33
"2019-09-04 03:41:06",33
"2019-09-04 04:41:06",33
"2019-09-04 05:41:12",33
"2019-09-04 06:41:08",33
"2019-09-04 07:41:06",33
"2019-09-04 08:41:06",33
"2019-09-04 09:41:07",33
"2019-09-04 10:41:07",33
"2019-09-04 11:41:06",33
"2019-09-04 13:04:13",33
"2019-09-04 13:41:08",33
"2019-09-04 14:41:08",33
"2019-09-04 15:41:08",33
"2019-09-04 16:41:13",33
"2019-09-04 17:41:07",33
"2019-09-04 18:41:10",33
"2019-09-04 19:41:08",33
"2019-09-04 20:41:08",33
"2019-09-04 21:41:07",33
"2019-09-04 22:41:07",33
"2019-09-04 23:41:08",33
"2019-09-05 01:41:07",33
"2019-09-05 02:41:11",33
"2019-09-05 03:41:07",33
"2019-09-05 04:41:08",33
"2019-09-05 05:41:13",33
"2019-09-05 06:41:07",33
"2019-09-05 07:41:11",33
"2019-09-05 08:41:08",33
"2019-09-05 09:41:06",33
"2019-09-05 10:41:11",33
"2019-09-05 11:41:08",33
"2019-09-05 13:05:11",33
"2019-09-05 13:41:08",33
"2019-09-05 14:41:11",33
"2019-09-05 15:41:08",33
"2019-09-05 16:41:19",33
"2019-09-05 17:41:09",33
"2019-09-05 18:41:07",33
"2019-09-05 19:41:07",33
"2019-09-05 20:41:10",33
"2019-09-05 21:41:08",33
"2019-09-05 22:41:09",33
"2019-09-05 23:41:10",33
"2019-09-06 00:41:08",33
"2019-09-06 01:41:08",33
"2019-09-06 02:41:07",33
"2019-09-06 03:41:06",33
"2019-09-06 04:41:07",33
"2019-09-06 05:41:16",33
"2019-09-06 06:41:08",33
"2019-09-06 07:41:09",33
"2019-09-06 08:41:07",33
"2019-09-06 09:41:09",33
"2019-09-06 10:41:08",33
"2019-09-06 11:41:20",33
"2019-09-06 13:04:12",33
"2019-09-06 13:41:08",33
"2019-09-06 14:41:07",33
"2019-09-06 15:41:07",33
"2019-09-06 16:41:14",33
"2019-09-06 17:41:07",33
"2019-09-06 18:41:10",33
"2019-09-06 19:41:07",33
"2019-09-06 20:41:08",33
"2019-09-06 21:41:08",33
"2019-09-06 22:41:09",33
"2019-09-06 23:41:08",33
"2019-09-07 00:41:07",33
"2019-09-07 01:41:09",33
"2019-09-07 02:41:08",33
"2019-09-07 03:41:09",33
"2019-09-07 04:41:08",33
"2019-09-07 05:41:24",33
"2019-09-07 06:41:08",33
"2019-09-07 07:41:06",33
"2019-09-07 08:41:06",33
"2019-09-07 09:41:07",33
"2019-09-07 10:41:11",33
"2019-09-07 11:41:08",33
"2019-09-07 12:41:06",33
"2019-09-07 13:41:08",33
"2019-09-07 14:41:07",33
"2019-09-07 15:41:08",33
"2019-09-07 16:41:07",33
"2019-09-07 17:41:08",33
"2019-09-07 18:41:08",33
"2019-09-07 19:41:06",33
"2019-09-07 20:41:07",33
"2019-09-07 22:41:06",33
"2019-09-07 23:41:09",33
"2019-09-08 00:41:08",33
"2019-09-08 01:41:09",33
"2019-09-08 02:41:11",33
"2019-09-08 03:41:08",33
"2019-09-08 04:41:08",33
"2019-09-08 05:41:09",33
"2019-09-08 06:41:08",33
"2019-09-08 07:41:07",33
"2019-09-08 08:41:09",33
"2019-09-08 09:41:07",33
"2019-09-08 10:41:11",33
"2019-09-08 11:41:07",33
"2019-09-08 12:41:07",33
"2019-09-08 13:41:09",33
"2019-09-08 14:41:08",33
"2019-09-08 15:41:07",33
"2019-09-08 16:41:12",33
"2019-09-08 17:41:08",33
"2019-09-08 18:41:07",33
"2019-09-08 19:41:13",33
"2019-09-08 20:41:09",33
"2019-09-08 21:41:08",33
"2019-09-08 22:41:07",33
"2019-09-08 23:41:07",33
"2019-09-09 00:41:08",33
"2019-09-09 01:41:07",33
"2019-09-09 02:41:08",33
"2019-09-09 03:41:08",33
"2019-09-09 04:41:07",33
"2019-09-09 05:41:13",33
"2019-09-09 06:41:07",33
"2019-09-09 07:41:07",33
"2019-09-09 08:41:07",33
"2019-09-09 09:41:07",33
"2019-09-09 10:41:07",33
"2019-09-09 11:41:08",33
"2019-09-09 13:04:12",33
"2019-09-09 13:41:10",33
"2019-09-09 14:41:14",33
"2019-09-09 15:41:08",33
"2019-09-09 16:41:14",33
"2019-09-09 17:41:07",33
"2019-09-09 18:41:08",33
"2019-09-09 19:41:08",33
"2019-09-09 20:41:07",33
"2019-09-09 21:41:08",33
"2019-09-09 22:41:06",33
"2019-09-09 23:41:08",33
"2019-09-10 00:41:08",33
"2019-09-10 01:41:08",33
"2019-09-10 02:41:09",33
"2019-09-10 03:41:08",33
"2019-09-10 04:41:08",33
"2019-09-10 05:41:09",33
"2019-09-10 06:41:08",33
"2019-09-10 07:41:06",33
"2019-09-10 08:41:09",33
"2019-09-10 09:41:17",33
"2019-09-10 10:41:08",33
"2019-09-10 11:41:07",33
"2019-09-10 12:41:08",33
"2019-09-10 13:41:08",33
"2019-09-10 14:41:08",33
"2019-09-10 15:41:07",33
"2019-09-10 16:41:09",33
"2019-09-10 17:41:08",33
"2019-09-10 18:41:08",33
"2019-09-10 19:41:14",33
"2019-09-10 20:41:07",33
"2019-09-10 21:41:08",33
"2019-09-10 22:41:07",33
"2019-09-10 23:41:08",33
"2019-09-11 00:41:07",33
"2019-09-11 01:41:08",33
"2019-09-11 02:41:07",33
"2019-09-11 03:41:06",33
"2019-09-11 04:41:08",33
"2019-09-11 05:41:11",33
"2019-09-11 06:41:09",33
"2019-09-11 07:41:07",33
"2019-09-11 08:41:07",33
"2019-09-11 09:41:09",33
"2019-09-11 10:41:16",33
"2019-09-11 11:41:11",33
"2019-09-11 12:41:08",33
"2019-09-11 13:41:10",33
"2019-09-11 14:41:08",33
"2019-09-11 15:41:07",33
"2019-09-11 16:41:08",33
"2019-09-11 17:41:07",33
"2019-09-11 18:41:08",33
"2019-09-11 19:41:08",33
"2019-09-11 20:41:07",33
"2019-09-11 21:41:13",33
"2019-09-11 22:41:08",33
"2019-09-11 23:41:07",33
"2019-09-12 00:41:08",33
"2019-09-12 01:41:08",33
"2019-09-12 02:41:14",33
"2019-09-12 03:41:08",33
"2019-09-12 04:41:07",33
"2019-09-12 05:41:10",33
"2019-09-12 06:41:08",33
"2019-09-12 07:41:08",33
"2019-09-12 08:41:07",33
"2019-09-12 09:41:07",33
"2019-09-12 10:41:18",33
"2019-09-12 11:41:09",33
"2019-09-12 13:05:13",33
"2019-09-12 13:41:08",33
"2019-09-12 14:41:10",33
"2019-09-12 15:41:10",33
"2019-09-12 16:41:09",33
"2019-09-12 17:41:08",33
"2019-09-12 18:41:08",33
"2019-09-12 19:41:07",33
"2019-09-12 20:41:07",33
"2019-09-12 21:41:06",33
"2019-09-12 22:41:07",33
"2019-09-12 23:41:08",33
"2019-09-13 00:41:07",33
"2019-09-13 01:41:09",33
"2019-09-13 02:41:07",33
"2019-09-13 03:41:08",33
"2019-09-13 04:41:06",33
"2019-09-13 05:41:08",33
"2019-09-13 06:41:08",33
"2019-09-13 07:41:07",33
"2019-09-13 08:41:08",33
"2019-09-13 09:41:07",33
"2019-09-13 10:41:08",33
"2019-09-13 11:41:07",33
"2019-09-13 13:05:10",33
"2019-09-13 14:06:12",33
"2019-09-13 14:41:08",33
"2019-09-13 15:41:07",33
"2019-09-13 16:41:07",33
"2019-09-13 17:41:07",33
"2019-09-13 18:41:07",33
"2019-09-13 19:41:07",33
"2019-09-13 20:41:05",33
"2019-09-13 21:41:10",33
"2019-09-13 22:41:06",33
"2019-09-13 23:41:07",33
"2019-09-14 00:41:10",33
"2019-09-14 01:41:05",33
"2019-09-14 02:41:07",33
"2019-09-14 03:41:08",33
"2019-09-14 04:41:05",33
"2019-09-14 05:41:06",33
"2019-09-14 06:41:07",33
"2019-09-14 07:41:07",33
"2019-09-14 08:41:06",33
"2019-09-14 09:41:05",33
"2019-09-14 10:41:07",33
"2019-09-14 11:41:05",33
"2019-09-14 12:41:06",33
"2019-09-14 13:41:05",33
"2019-09-14 14:41:07",33
"2019-09-14 15:41:05",33
"2019-09-14 16:41:07",33
"2019-09-14 17:41:07",33
"2019-09-14 18:41:05",33
"2019-09-14 19:41:05",33
"2019-09-14 20:41:05",33
"2019-09-14 21:41:08",33
"2019-09-14 22:41:06",33
"2019-09-14 23:41:06",33
"2019-09-15 00:41:07",33
"2019-09-15 01:41:05",33
"2019-09-15 02:41:08",33
"2019-09-15 03:41:08",33
"2019-09-15 04:41:07",33
"2019-09-15 05:41:05",33
"2019-09-15 06:41:09",33
"2019-09-15 07:41:08",33
"2019-09-15 08:41:08",33
"2019-09-15 09:41:06",33
"2019-09-15 10:41:07",33
"2019-09-15 11:41:07",33
"2019-09-15 12:41:08",33
"2019-09-15 13:41:07",33
"2019-09-15 14:41:06",33
"2019-09-15 15:41:06",33
"2019-09-15 16:41:08",33
"2019-09-15 17:41:04",33
"2019-09-15 18:41:05",33
"2019-09-15 19:41:06",33
"2019-09-15 20:41:06",33
"2019-09-15 21:41:07",33
"2019-09-15 22:41:06",33
"2019-09-15 23:41:05",33
"2019-09-16 00:41:08",33
"2019-09-16 01:41:06",33
"2019-09-16 02:41:07",33
"2019-09-16 03:41:07",33
"2019-09-16 04:41:06",33
"2019-09-16 05:41:08",33
"2019-09-16 06:41:08",33
"2019-09-16 07:41:06",33
"2019-09-16 08:41:07",33
"2019-09-16 09:41:07",33
"2019-09-16 10:41:07",33
"2019-09-16 11:41:05",33
"2019-09-16 13:04:43",33
"2019-09-16 13:41:09",33
"2019-09-16 14:41:10",33
"2019-09-16 15:41:09",33
"2019-09-16 16:41:11",33
"2019-09-16 17:41:08",32
"2019-09-16 18:41:09",32
"2019-09-16 19:41:15",32
"2019-09-16 20:41:11",32
"2019-09-16 21:41:10",32
"2019-09-16 22:41:11",32
"2019-09-16 23:41:09",32
"2019-09-17 00:41:09",32
"2019-09-17 01:41:07",32
"2019-09-17 02:41:10",32
"2019-09-17 03:41:10",32
"2019-09-17 04:41:09",32
"2019-09-17 05:41:09",32
"2019-09-17 06:41:07",32
"2019-09-17 07:41:09",32
"2019-09-17 08:41:07",32
"2019-09-17 09:41:11",32
"2019-09-17 10:41:10",32
"2019-09-17 11:41:08",32
"2019-09-17 12:41:08",32
"2019-09-17 13:41:10",32
"2019-09-17 14:41:09",32
"2019-09-17 15:41:09",32
"2019-09-17 16:41:11",32
"2019-09-17 17:41:08",32
"2019-09-17 18:41:09",32
"2019-09-17 19:41:08",32
"2019-09-17 20:41:09",32
"2019-09-17 21:41:08",32
"2019-09-17 22:41:11",32
"2019-09-17 23:41:09",32
"2019-09-18 00:41:08",32
"2019-09-18 01:41:08",32
"2019-09-18 02:41:07",32
"2019-09-18 03:41:08",32
"2019-09-18 04:41:15",32
"2019-09-18 05:41:09",32
"2019-09-18 06:41:11",32
"2019-09-18 07:41:08",32
"2019-09-18 08:41:10",32
"2019-09-18 09:41:09",32
"2019-09-18 10:41:08",32
"2019-09-18 11:41:08",32
"2019-09-18 13:36:17",32
"2019-09-18 13:43:33",32
"2019-09-18 14:41:09",32
"2019-09-18 15:41:10",32
"2019-09-18 16:41:12",32
"2019-09-18 17:41:08",32
"2019-09-18 18:41:08",32
"2019-09-18 19:41:11",32
"2019-09-18 20:41:09",32
"2019-09-18 21:41:08",32
"2019-09-18 22:41:09",32
"2019-09-18 23:41:11",32
"2019-09-19 00:41:07",32
"2019-09-19 01:41:08",32
"2019-09-19 02:41:11",32
"2019-09-19 03:41:09",32
"2019-09-19 04:41:08",32
"2019-09-19 05:41:09",32
"2019-09-19 06:41:10",32
"2019-09-19 07:41:07",32
"2019-09-19 08:41:09",32
"2019-09-19 09:41:08",32
"2019-09-19 10:41:09",32
"2019-09-19 11:41:07",32
"2019-09-19 13:04:43",32
"2019-09-19 13:41:10",32
"2019-09-19 14:41:07",32
"2019-09-19 15:41:09",32
"2019-09-19 16:41:12",32
"2019-09-19 17:41:09",32
"2019-09-19 18:41:10",32
"2019-09-19 19:41:07",32
"2019-09-19 20:41:10",32
"2019-09-19 21:41:08",32
"2019-09-19 22:41:10",32
"2019-09-19 23:41:07",32
"2019-09-20 00:41:10",32
"2019-09-20 01:41:13",32
"2019-09-20 02:41:07",32
"2019-09-20 03:41:09",32
"2019-09-20 04:41:09",32
"2019-09-20 05:41:09",32
"2019-09-20 06:41:08",32
"2019-09-20 07:41:08",32
"2019-09-20 08:41:09",32
"2019-09-20 09:41:07",32
"2019-09-20 10:41:07",32
"2019-09-20 11:41:09",32
"2019-09-20 12:41:10",32
"2019-09-20 13:41:06",32
"2019-09-20 14:41:08",32
"2019-09-20 15:41:09",32
"2019-09-20 16:41:09",32
"2019-09-20 17:41:11",32
"2019-09-20 18:41:07",32
"2019-09-20 19:41:10",32
"2019-09-20 20:41:06",32
"2019-09-20 21:41:08",32
"2019-09-20 22:41:09",32
"2019-09-20 23:41:06",32
"2019-09-21 00:41:06",32
"2019-09-21 01:41:07",32
"2019-09-21 02:41:08",32
"2019-09-21 03:41:10",32
"2019-09-21 04:41:06",32
"2019-09-21 05:41:09",32
"2019-09-21 06:41:09",32
"2019-09-21 07:41:06",32
"2019-09-21 08:41:07",32
"2019-09-21 09:41:08",32
"2019-09-21 10:41:06",32
"2019-09-21 11:41:07",32
"2019-09-21 12:41:09",32
"2019-09-21 13:41:08",32
"2019-09-21 14:41:07",32
"2019-09-21 15:41:06",32
"2019-09-21 16:41:08",32
"2019-09-21 17:41:07",32
"2019-09-21 18:41:07",32
"2019-09-21 19:41:07",32
"2019-09-21 20:41:06",32
"2019-09-21 21:41:07",32
"2019-09-21 22:41:08",32
"2019-09-21 23:41:08",32
"2019-09-22 00:41:06",32
"2019-09-22 01:41:07",32
"2019-09-22 02:41:07",32
"2019-09-22 03:41:08",32
"2019-09-22 04:41:08",32
"2019-09-22 05:41:07",32
"2019-09-22 06:41:08",32
"2019-09-22 07:41:09",32
"2019-09-22 08:41:07",32
"2019-09-22 09:41:08",32
"2019-09-22 10:41:07",32
"2019-09-22 11:41:06",32
"2019-09-22 12:41:08",32
"2019-09-22 13:41:07",32
"2019-09-22 14:41:09",32
"2019-09-22 15:41:06",32
"2019-09-22 16:41:09",32
"2019-09-22 17:41:07",32
"2019-09-22 18:41:07",32
"2019-09-22 19:41:09",32
"2019-09-22 20:41:06",32
"2019-09-22 21:41:07",32
"2019-09-22 22:41:06",32
"2019-09-22 23:41:07",32
"2019-09-23 00:41:08",32
"2019-09-23 01:41:06",32
"2019-09-23 02:41:06",32
"2019-09-23 03:41:08",32
"2019-09-23 04:41:06",32
"2019-09-23 05:41:06",32
"2019-09-23 06:41:08",32
"2019-09-23 07:41:07",32
"2019-09-23 08:41:08",32
"2019-09-23 09:41:07",32
"2019-09-23 10:41:06",32
"2019-09-23 11:41:09",32
"2019-09-23 12:41:08",32
"2019-09-23 13:41:07",32
"2019-09-23 14:41:09",32
"2019-09-23 15:41:06",32
"2019-09-23 16:41:08",32
"2019-09-23 17:41:07",32
"2019-09-23 18:41:09",32
"2019-09-23 19:41:07",32
"2019-09-23 20:41:07",32
"2019-09-23 21:41:08",32
"2019-09-23 22:41:08",32
"2019-09-23 23:41:06",32
"2019-09-24 00:41:08",32
"2019-09-24 01:41:07",32
"2019-09-24 02:41:11",32
"2019-09-24 03:41:09",32
"2019-09-24 04:41:07",32
"2019-09-24 05:41:11",32
"2019-09-24 06:41:06",32
"2019-09-24 07:41:07",32
"2019-09-24 08:41:08",32
"2019-09-24 09:41:06",32
"2019-09-24 10:41:08",32
"2019-09-24 11:41:08",32
"2019-09-24 12:41:08",32
"2019-09-24 13:41:07",32
"2019-09-24 14:41:08",32
"2019-09-24 15:41:09",32
"2019-09-24 16:41:08",32
"2019-09-24 17:41:08",32
"2019-09-24 18:41:08",32
"2019-09-24 19:41:06",32
"2019-09-24 20:41:07",32
"2019-09-24 21:41:09",32
"2019-09-24 22:41:07",32
"2019-09-24 23:41:06",32
"2019-09-25 00:41:08",32
"2019-09-25 01:41:10",32
"2019-09-25 02:41:05",32
"2019-09-25 03:41:10",32
"2019-09-25 04:41:09",32
"2019-09-25 05:41:06",32
"2019-09-25 06:41:09",32
"2019-09-25 07:41:09",32
"2019-09-25 08:41:07",32
"2019-09-25 09:41:08",32
"2019-09-25 10:41:09",32
"2019-09-25 11:41:07",32
"2019-09-25 12:41:09",32
"2019-09-25 13:41:09",32
"2019-09-25 14:41:10",32
"2019-09-25 15:41:10",32
"2019-09-25 16:41:08",32
"2019-09-25 17:41:08",32
"2019-09-25 18:41:07",32
"2019-09-25 19:41:09",32
"2019-09-25 20:41:07",32
"2019-09-25 21:41:08",32
"2019-09-25 22:41:07",32
"2019-09-25 23:41:10",32
"2019-09-26 00:41:07",32
"2019-09-26 01:41:07",32
"2019-09-26 02:41:09",32
"2019-09-26 03:41:08",32
"2019-09-26 04:41:11",32
"2019-09-26 05:41:09",32
"2019-09-26 06:41:08",32
"2019-09-26 07:41:07",32
"2019-09-26 08:41:08",32
"2019-09-26 09:41:08",32
"2019-09-26 10:41:07",32
"2019-09-26 11:41:07",32
"2019-09-26 13:04:13",32
"2019-09-26 13:41:14",32
"2019-09-26 14:41:09",32
"2019-09-26 15:41:11",32
"2019-09-26 16:41:11",32
"2019-09-26 17:41:11",32
"2019-09-26 18:41:11",32
"2019-09-26 19:41:10",32
"2019-09-26 20:41:09",32
"2019-09-26 21:41:11",32
"2019-09-26 22:41:10",32
"2019-09-26 23:41:09",32
"2019-09-27 00:41:10",32
"2019-09-27 01:41:07",32
"2019-09-27 02:41:12",32
"2019-09-27 03:41:10",32
"2019-09-27 04:41:08",32
"2019-09-27 05:41:09",32
"2019-09-27 06:41:09",32
"2019-09-27 07:41:11",32
"2019-09-27 08:41:08",32
"2019-09-27 09:41:08",32
"2019-09-27 10:41:09",32
"2019-09-27 11:41:07",32
"2019-09-27 13:05:14",32
"2019-09-27 13:41:11",32
"2019-09-27 14:41:10",32
"2019-09-27 15:41:10",32
"2019-09-27 16:41:10",32
"2019-09-27 17:41:10",32
"2019-09-27 18:41:07",32
"2019-09-27 19:41:10",32
"2019-09-27 20:41:07",32
"2019-09-27 21:41:08",32
"2019-09-27 22:41:12",32
"2019-09-27 23:41:10",32
"2019-09-28 00:41:09",32
"2019-09-28 01:41:10",32
"2019-09-28 02:41:09",32
"2019-09-28 03:41:10",32
"2019-09-28 04:41:09",32
"2019-09-28 05:41:11",32
"2019-09-28 06:41:07",32
"2019-09-28 07:41:10",32
"2019-09-28 08:41:09",32
"2019-09-28 09:41:09",32
"2019-09-28 10:41:07",32
"2019-09-28 11:41:09",32
"2019-09-28 12:41:10",32
"2019-09-28 13:41:11",32
"2019-09-28 14:41:09",32
"2019-09-28 15:41:07",32
"2019-09-28 16:41:11",32
"2019-09-28 17:41:10",32
"2019-09-28 18:41:07",32
"2019-09-28 19:41:08",32
"2019-09-28 20:41:09",32
"2019-09-28 21:41:08",32
"2019-09-28 22:41:09",32
"2019-09-28 23:41:07",32
"2019-09-29 00:41:08",32
"2019-09-29 01:41:10",32
"2019-09-29 02:41:10",32
"2019-09-29 03:41:10",32
"2019-09-29 04:41:09",32
"2019-09-29 05:41:10",32
"2019-09-29 06:41:08",32
"2019-09-29 07:41:09",32
"2019-09-29 08:41:08",32
"2019-09-29 09:41:09",32
"2019-09-29 10:41:08",32
"2019-09-29 11:41:09",32
"2019-09-29 12:41:09",32
"2019-09-29 13:41:08",32
"2019-09-29 14:41:09",32
"2019-09-29 15:41:07",32
"2019-09-29 16:41:09",32
"2019-09-29 17:41:12",32
"2019-09-29 18:41:08",32
"2019-09-29 19:41:10",32
"2019-09-29 20:41:10",32
"2019-09-29 21:41:08",32
"2019-09-29 22:41:08",32
"2019-09-29 23:41:11",32
"2019-09-30 00:41:06",32
"2019-09-30 01:41:09",32
"2019-09-30 02:41:07",32
"2019-09-30 03:41:10",32
"2019-09-30 04:41:08",32
"2019-09-30 05:41:09",32
"2019-09-30 06:41:07",32
"2019-09-30 07:41:11",32
"2019-09-30 08:41:09",32
"2019-09-30 09:41:09",32
"2019-09-30 10:41:07",32
"2019-09-30 11:41:08",32
"2019-09-30 12:41:11",32
"2019-09-30 13:41:08",32
"2019-09-30 14:41:11",32
"2019-09-30 15:41:10",32
"2019-09-30 16:41:15",32
"2019-09-30 17:41:09",32
"2019-09-30 18:41:12",32
"2019-09-30 19:41:09",32
"2019-09-30 20:41:08",32
"2019-09-30 21:41:09",32
"2019-09-30 22:41:08",32
"2019-09-30 23:41:09",32
"2019-10-01 00:41:09",32
"2019-10-01 01:41:08",32
"2019-10-01 02:41:08",32
"2019-10-01 03:41:09",32
"2019-10-01 04:41:07",32
"2019-10-01 05:41:08",32
"2019-10-01 06:41:08",32
"2019-10-01 07:41:10",32
"2019-10-01 08:41:08",32
"2019-10-01 09:41:13",32
"2019-10-01 10:41:09",32
"2019-10-01 11:41:08",32
"2019-10-01 13:04:13",32
"2019-10-01 13:41:09",32
"2019-10-01 14:41:08",32
"2019-10-01 15:41:08",32
"2019-10-01 16:41:10",32
"2019-10-01 17:41:07",32
"2019-10-01 18:41:09",32
"2019-10-01 19:41:09",32
"2019-10-01 20:41:07",32
"2019-10-01 21:41:08",32
"2019-10-01 22:41:09",32
"2019-10-01 23:41:08",32
"2019-10-02 00:41:13",32
"2019-10-02 01:41:08",32
"2019-10-02 02:41:07",32
"2019-10-02 03:41:08",32
"2019-10-02 04:41:10",32
"2019-10-02 05:41:10",32
"2019-10-02 06:41:08",32
"2019-10-02 07:41:07",32
"2019-10-02 08:41:07",32
"2019-10-02 09:41:09",32
"2019-10-02 10:41:06",32
"2019-10-02 11:41:07",32
"2019-10-02 13:04:42",32
"2019-10-02 13:41:08",32
"2019-10-02 14:41:08",32
"2019-10-02 15:41:09",32
"2019-10-02 16:41:07",32
"2019-10-02 17:41:07",32
"2019-10-02 18:41:07",32
"2019-10-02 19:41:08",32
"2019-10-02 20:41:08",32
"2019-10-02 21:41:08",32
"2019-10-02 22:41:09",32
"2019-10-02 23:41:06",32
"2019-10-03 00:41:07",32
"2019-10-03 01:41:07",32
"2019-10-03 02:41:07",32
"2019-10-03 03:41:08",32
"2019-10-03 04:41:08",32
"2019-10-03 05:41:07",32
"2019-10-03 06:41:07",32
"2019-10-03 07:41:09",32
"2019-10-03 08:41:07",32
"2019-10-03 09:41:08",32
"2019-10-03 10:41:10",32
"2019-10-03 11:41:07",32
"2019-10-03 13:04:40",32
"2019-10-03 13:41:45",32
"2019-10-03 14:41:09",32
"2019-10-03 15:41:06",32
"2019-10-03 16:41:07",32
"2019-10-03 17:41:08",32
"2019-10-03 18:41:09",32
"2019-10-03 19:41:08",32
"2019-10-03 20:41:07",32
"2019-10-03 21:41:08",32
"2019-10-03 22:41:08",32
"2019-10-03 23:41:09",32
"2019-10-04 00:41:07",32
"2019-10-04 01:41:07",32
"2019-10-04 02:41:07",32
"2019-10-04 03:41:07",32
"2019-10-04 04:41:07",32
"2019-10-04 05:41:10",32
"2019-10-04 06:41:09",32
"2019-10-04 07:41:07",32
"2019-10-04 08:41:08",32
"2019-10-04 09:41:07",32
"2019-10-04 10:41:09",32
"2019-10-04 11:41:07",32
"2019-10-04 12:41:09",32
"2019-10-04 13:41:10",32
"2019-10-04 14:41:07",32
"2019-10-04 15:41:08",32
"2019-10-04 16:41:10",32
"2019-10-04 17:41:08",32
"2019-10-04 18:41:08",32
"2019-10-04 19:41:08",32
"2019-10-04 20:41:09",32
"2019-10-04 21:41:09",32
"2019-10-04 22:41:07",32
"2019-10-04 23:41:08",32
"2019-10-05 00:41:10",32
"2019-10-05 01:41:08",32
"2019-10-05 02:41:08",32
"2019-10-05 03:41:08",32
"2019-10-05 04:41:07",32
"2019-10-05 05:41:12",32
"2019-10-05 06:41:08",32
"2019-10-05 07:41:08",32
"2019-10-05 08:41:10",32
"2019-10-05 09:41:08",32
"2019-10-05 10:41:08",32
"2019-10-05 11:41:08",32
"2019-10-05 12:41:09",32
"2019-10-05 13:41:09",32
"2019-10-05 14:41:08",32
"2019-10-05 15:41:08",32
"2019-10-05 16:41:09",32
"2019-10-05 17:41:11",32
"2019-10-05 18:41:09",32
"2019-10-05 19:41:08",32
"2019-10-05 20:41:09",32
"2019-10-05 21:41:08",32
"2019-10-05 22:41:08",32
"2019-10-05 23:41:09",32
"2019-10-06 00:41:08",32
"2019-10-06 01:41:09",32
"2019-10-06 02:41:11",32
"2019-10-06 03:41:09",32
"2019-10-06 04:41:09",32
"2019-10-06 05:41:08",32
"2019-10-06 06:41:11",32
"2019-10-06 07:41:09",32
"2019-10-06 08:41:10",32
"2019-10-06 09:41:09",32
"2019-10-06 10:41:09",32
"2019-10-06 11:41:09",32
"2019-10-06 12:41:09",32
"2019-10-06 13:41:08",32
"2019-10-06 14:41:10",32
"2019-10-06 15:41:08",32
"2019-10-06 16:41:08",32
"2019-10-06 17:41:08",32
"2019-10-06 18:41:11",32
"2019-10-06 19:41:10",32
"2019-10-06 20:41:08",32
"2019-10-06 21:41:07",32
"2019-10-06 22:41:07",32
"2019-10-06 23:41:08",32
"2019-10-07 00:41:08",32
"2019-10-07 01:41:09",32
"2019-10-07 02:41:09",32
"2019-10-07 03:41:08",32
"2019-10-07 04:41:08",32
"2019-10-07 05:41:08",32
"2019-10-07 06:41:09",32
"2019-10-07 07:41:08",32
"2019-10-07 08:41:07",32
"2019-10-07 09:41:12",32
"2019-10-07 10:41:09",32
"2019-10-07 11:41:08",32
"2019-10-07 12:41:13",32
"2019-10-07 13:41:09",32
"2019-10-07 14:41:08",32
"2019-10-07 15:41:09",32
"2019-10-07 16:41:10",32
"2019-10-07 17:41:09",32
"2019-10-07 18:41:08",32
"2019-10-07 19:41:10",32
"2019-10-07 20:41:08",32
"2019-10-07 21:41:08",32
"2019-10-07 22:41:08",32
"2019-10-07 23:41:10",32
"2019-10-08 00:41:08",32
"2019-10-08 01:41:08",32
"2019-10-08 02:41:08",32
"2019-10-08 03:41:10",32
"2019-10-08 04:41:08",32
"2019-10-08 05:41:08",32
"2019-10-08 06:41:09",32
"2019-10-08 07:41:08",32
"2019-10-08 08:41:09",32
"2019-10-08 09:41:09",32
"2019-10-08 10:41:10",32
"2019-10-08 11:41:08",32
"2019-10-08 12:41:08",32
"2019-10-08 13:41:09",32
"2019-10-08 14:41:07",32
"2019-10-08 15:41:08",32
"2019-10-08 16:41:10",32
"2019-10-08 17:41:10",32
"2019-10-08 18:41:10",32
"2019-10-08 19:41:10",32
"2019-10-08 20:41:08",32
"2019-10-08 21:41:08",32
"2019-10-08 22:41:08",32
"2019-10-08 23:41:09",32
"2019-10-09 00:41:08",32
"2019-10-09 01:41:09",32
"2019-10-09 02:41:09",32
"2019-10-09 03:41:08",32
"2019-10-09 04:41:10",32
"2019-10-09 05:41:08",32
"2019-10-09 06:41:09",32
"2019-10-09 07:41:11",32
"2019-10-09 08:41:09",32
"2019-10-09 09:41:07",32
"2019-10-09 10:41:09",32
"2019-10-09 11:41:08",32
"2019-10-09 12:41:12",32
"2019-10-09 13:41:09",32
"2019-10-09 14:41:09",32
"2019-10-09 15:41:13",32
"2019-10-09 16:41:09",32
"2019-10-09 17:41:14",32
"2019-10-09 18:41:10",31
"2019-10-09 19:41:11",31
"2019-10-09 20:41:09",31
"2019-10-09 21:41:08",31
"2019-10-09 22:41:09",31
"2019-10-09 23:41:09",31
"2019-10-10 00:41:10",31
"2019-10-10 01:41:08",31
"2019-10-10 02:41:09",31
"2019-10-10 03:41:08",31
"2019-10-10 04:41:08",31
"2019-10-10 05:41:12",31
"2019-10-10 06:41:09",31
"2019-10-10 07:41:10",31
"2019-10-10 08:41:09",31
"2019-10-10 09:41:08",31
"2019-10-10 10:41:08",31
"2019-10-10 11:41:09",31
"2019-10-10 13:04:13",31
"2019-10-10 13:41:10",31
"2019-10-10 14:41:09",31
"2019-10-10 15:41:08",31
"2019-10-10 16:41:09",31
"2019-10-10 17:41:08",31
"2019-10-10 18:41:08",31
"2019-10-10 19:41:10",31
"2019-10-10 20:41:09",31
"2019-10-10 21:41:10",31
"2019-10-10 22:41:09",31
"2019-10-10 23:41:19",31
"2019-10-11 00:41:10",31
"2019-10-11 01:41:09",31
"2019-10-11 02:41:10",31
"2019-10-11 03:41:12",31
"2019-10-11 04:41:09",31
"2019-10-11 05:41:08",31
"2019-10-11 06:41:11",31
"2019-10-11 07:41:09",31
"2019-10-11 08:41:09",31
"2019-10-11 09:41:12",31
"2019-10-11 10:41:09",31
"2019-10-11 11:41:09",31
"2019-10-11 13:04:43",31
"2019-10-11 13:41:11",31
"2019-10-11 14:41:08",31
"2019-10-11 15:41:13",31
"2019-10-11 16:41:10",31
"2019-10-11 17:41:09",31
"2019-10-11 18:41:10",31
"2019-10-11 19:41:10",31
"2019-10-11 20:41:08",31
"2019-10-11 21:41:09",31
"2019-10-11 22:41:09",31
"2019-10-11 23:41:09",31
"2019-10-12 00:41:10",31
"2019-10-12 01:41:08",31
"2019-10-12 02:41:09",31
"2019-10-12 03:41:11",31
"2019-10-12 04:41:08",31
"2019-10-12 05:41:10",31
"2019-10-12 06:41:12",31
"2019-10-12 07:41:08",31
"2019-10-12 08:41:09",31
"2019-10-12 09:41:11",31
"2019-10-12 10:41:08",31
"2019-10-12 11:41:08",31
"2019-10-12 12:41:11",31
"2019-10-12 13:41:09",31
"2019-10-12 14:41:09",31
"2019-10-12 15:41:09",31
"2019-10-12 16:41:11",31
"2019-10-12 17:41:11",31
"2019-10-12 18:41:09",31
"2019-10-12 19:41:10",31
"2019-10-12 20:41:10",31
"2019-10-12 21:41:08",31
"2019-10-12 22:41:10",31
"2019-10-12 23:41:09",31
"2019-10-13 00:41:11",31
"2019-10-13 01:41:09",31
"2019-10-13 02:41:09",31
"2019-10-13 03:41:11",31
"2019-10-13 04:41:08",31
"2019-10-13 05:41:09",31
"2019-10-13 06:41:10",31
"2019-10-13 07:41:09",31
"2019-10-13 08:41:10",31
"2019-10-13 09:41:10",31
"2019-10-13 10:41:07",31
"2019-10-13 11:41:11",31
"2019-10-13 12:41:09",31
"2019-10-13 13:41:11",31
"2019-10-13 14:41:09",31
"2019-10-13 15:41:09",31
"2019-10-13 16:41:12",31
"2019-10-13 17:41:09",31
"2019-10-13 18:41:10",31
"2019-10-13 19:41:09",31
"2019-10-13 20:41:11",31
"2019-10-13 21:41:10",31
"2019-10-13 22:41:09",31
"2019-10-13 23:41:12",31
"2019-10-14 00:41:10",31
"2019-10-14 01:41:10",31
"2019-10-14 02:41:09",31
"2019-10-14 03:41:09",31
"2019-10-14 04:41:10",31
"2019-10-14 05:41:09",31
"2019-10-14 06:41:10",31
"2019-10-14 07:41:09",31
"2019-10-14 08:41:09",31
"2019-10-14 09:41:12",31
"2019-10-14 10:41:10",31
"2019-10-14 11:41:10",31
"2019-10-14 12:41:11",31
"2019-10-14 13:41:09",31
"2019-10-14 14:41:10",31
"2019-10-14 15:41:11",31
"2019-10-14 16:41:13",31
"2019-10-14 17:41:09",31
"2019-10-14 18:41:11",31
"2019-10-14 19:41:09",31
"2019-10-14 20:41:10",30
"2019-10-14 21:41:10",30
"2019-10-14 22:41:11",30
"2019-10-14 23:41:15",30
"2019-10-15 00:41:08",30
"2019-10-15 01:41:10",30
"2019-10-15 02:41:13",30
"2019-10-15 03:41:09",30
"2019-10-15 04:41:09",30
"2019-10-15 05:41:10",30
"2019-10-15 06:41:10",30
"2019-10-15 07:41:13",30
"2019-10-15 08:41:10",30
"2019-10-15 09:41:09",30
"2019-10-15 10:41:10",30
"2019-10-15 11:41:11",30
"2019-10-15 12:41:10",30
"2019-10-15 13:41:12",30
"2019-10-15 14:41:09",30
"2019-10-15 15:41:08",30
"2019-10-15 16:41:11",30
"2019-10-15 17:41:10",30
"2019-10-15 18:41:12",30
"2019-10-15 19:41:11",30
"2019-10-15 20:41:13",30
"2019-10-15 21:41:09",30
"2019-10-15 22:41:09",30
"2019-10-15 23:41:09",30
"2019-10-16 00:41:09",30
"2019-10-16 01:41:09",30
"2019-10-16 02:41:10",30
"2019-10-16 03:41:12",30
"2019-10-16 04:41:10",30
"2019-10-16 05:41:10",30
"2019-10-16 06:41:08",30
"2019-10-16 07:41:13",30
"2019-10-16 08:41:13",30
"2019-10-16 09:41:10",30
"2019-10-16 10:41:11",30
"2019-10-16 11:41:09",30
"2019-10-16 12:41:09",30
"2019-10-16 13:41:12",30
"2019-10-16 14:41:09",30
"2019-10-16 15:41:12",30
"2019-10-16 16:41:09",30
"2019-10-16 17:41:09",30
"2019-10-16 18:41:10",31
"2019-10-16 19:41:09",31
"2019-10-16 20:41:09",31
"2019-10-16 21:41:11",31
"2019-10-16 22:41:08",31
"2019-10-16 23:41:10",31
"2019-10-17 00:41:09",31
"2019-10-17 01:41:10",31
"2019-10-17 02:41:09",31
"2019-10-17 03:41:13",31
"2019-10-17 04:41:10",31
"2019-10-17 05:41:09",31
"2019-10-17 06:41:09",31
"2019-10-17 07:41:10",31
"2019-10-17 08:41:10",31
"2019-10-17 09:41:09",31
"2019-10-17 10:41:08",31
"2019-10-17 11:41:10",31
"2019-10-17 12:41:10",31
"2019-10-17 13:41:11",31
"2019-10-17 14:41:11",31
"2019-10-17 15:41:10",31
"2019-10-17 16:41:09",31
"2019-10-17 17:41:11",31
"2019-10-17 18:41:11",31
"2019-10-17 19:41:11",31
"2019-10-17 20:41:11",31
"2019-10-17 21:41:10",31
"2019-10-17 22:41:11",31
"2019-10-17 23:41:10",31
"2019-10-18 00:41:10",31
"2019-10-18 01:41:11",31
"2019-10-18 02:41:09",31
"2019-10-18 03:41:12",31
"2019-10-18 04:41:09",31
"2019-10-18 05:41:10",31
"2019-10-18 06:41:13",31
"2019-10-18 07:41:10",31
"2019-10-18 08:41:11",31
"2019-10-18 09:41:11",31
"2019-10-18 10:41:13",31
"2019-10-18 11:41:11",31
"2019-10-18 13:03:45",31
"2019-10-18 13:41:09",31
"2019-10-18 14:41:10",31
"2019-10-18 15:41:12",31
"2019-10-18 16:41:10",31
"2019-10-18 17:41:11",31
"2019-10-18 18:41:10",31
"2019-10-18 19:41:10",31
"2019-10-18 20:41:12",31
"2019-10-18 21:41:10",31
"2019-10-18 22:41:09",31
"2019-10-18 23:41:10",31
"2019-10-19 00:41:10",31
"2019-10-19 01:41:12",31
"2019-10-19 02:41:10",31
"2019-10-19 03:41:10",31
"2019-10-19 04:41:11",31
"2019-10-19 05:41:09",31
"2019-10-19 06:41:12",31
"2019-10-19 07:41:11",31
"2019-10-19 08:41:11",31
"2019-10-19 09:41:11",31
"2019-10-19 10:41:11",31
"2019-10-19 11:41:09",31
"2019-10-19 12:41:12",31
"2019-10-19 13:41:09",31
"2019-10-19 14:41:10",31
"2019-10-19 15:41:10",31
"2019-10-19 16:41:12",31
"2019-10-19 17:41:10",31
"2019-10-19 18:41:10",31
"2019-10-19 19:41:12",31
"2019-10-19 20:41:10",31
"2019-10-19 21:41:09",31
"2019-10-19 22:41:10",31
"2019-10-19 23:41:09",31
"2019-10-20 00:41:10",31
"2019-10-20 01:41:09",31
"2019-10-20 02:41:12",31
"2019-10-20 03:41:09",31
"2019-10-20 04:41:11",31
"2019-10-20 05:41:12",31
"2019-10-20 06:41:11",31
"2019-10-20 07:41:12",31
"2019-10-20 08:41:10",31
"2019-10-20 09:41:10",31
"2019-10-20 10:41:12",31
"2019-10-20 11:41:10",31
"2019-10-20 12:41:11",31
"2019-10-20 13:41:10",31
"2019-10-20 14:41:09",31
"2019-10-20 15:41:09",31
"2019-10-20 16:41:12",31
"2019-10-20 17:41:09",31
"2019-10-20 18:41:10",31
"2019-10-20 19:41:09",31
"2019-10-20 20:41:09",31
"2019-10-20 21:41:09",31
"2019-10-20 22:41:10",31
"2019-10-20 23:41:10",31
"2019-10-21 00:41:11",31
"2019-10-21 01:41:12",31
"2019-10-21 02:41:10",31
"2019-10-21 03:41:10",31
"2019-10-21 04:41:09",31
"2019-10-21 05:41:13",31
"2019-10-21 06:41:10",31
"2019-10-21 07:41:10",31
"2019-10-21 08:41:10",31
"2019-10-21 09:41:11",31
"2019-10-21 10:41:10",31
"2019-10-21 11:41:12",31
"2019-10-21 13:04:43",31
"2019-10-21 13:41:13",31
"2019-10-21 14:41:10",31
"2019-10-21 15:41:11",31
"2019-10-21 16:41:11",31
"2019-10-21 17:41:10",31
"2019-10-21 18:41:10",31
"2019-10-21 19:41:11",31
"2019-10-21 20:41:10",31
"2019-10-21 21:41:10",31
"2019-10-21 22:41:12",31
"2019-10-21 23:41:10",31
"2019-10-22 00:41:10",31
"2019-10-22 01:41:10",31
"2019-10-22 02:41:12",31
"2019-10-22 03:41:13",31
"2019-10-22 04:41:11",31
"2019-10-22 05:41:11",31
"2019-10-22 06:41:10",31
"2019-10-22 07:41:13",31
"2019-10-22 08:41:11",31
"2019-10-22 09:41:12",31
"2019-10-22 10:41:09",31
"2019-10-22 11:41:09",31
"2019-10-22 12:41:15",31
"2019-10-22 13:41:10",31
"2019-10-22 14:41:10",31
"2019-10-22 15:41:14",31
"2019-10-22 16:41:11",31
"2019-10-22 17:41:13",31
"2019-10-22 18:41:12",31
"2019-10-22 19:41:10",31
"2019-10-22 20:41:12",31
"2019-10-22 21:41:11",31
"2019-10-22 22:41:12",31
"2019-10-22 23:41:12",31
"2019-10-23 00:41:14",31
"2019-10-23 01:41:12",31
"2019-10-23 02:41:10",31
"2019-10-23 03:41:10",31
"2019-10-23 04:41:12",31
"2019-10-23 05:41:11",31
"2019-10-23 06:41:16",31
"2019-10-23 07:41:12",31
"2019-10-23 08:41:11",31
"2019-10-23 09:41:12",31
"2019-10-23 10:41:12",31
"2019-10-23 11:41:10",31
"2019-10-23 12:41:13",31
"2019-10-23 13:41:13",31
"2019-10-23 14:41:10",31
"2019-10-23 15:41:10",31
"2019-10-23 16:41:12",31
"2019-10-23 17:41:10",31
"2019-10-23 18:41:10",31
"2019-10-23 19:41:11",31
"2019-10-23 20:41:12",31
"2019-10-23 21:41:10",31
"2019-10-23 22:41:11",31
"2019-10-23 23:41:11",31
"2019-10-24 00:45:09",31
"2019-10-24 01:41:11",31
"2019-10-24 02:41:11",31
"2019-10-24 03:41:14",31
"2019-10-24 04:41:10",31
"2019-10-24 05:41:12",31
"2019-10-24 06:41:16",31
"2019-10-24 07:41:10",31
"2019-10-24 08:41:11",31
"2019-10-24 09:41:13",31
"2019-10-24 10:41:10",31
"2019-10-24 11:41:10",31
"2019-10-24 13:04:45",31
"2019-10-24 13:41:11",31
"2019-10-24 14:41:09",31
"2019-10-24 15:41:12",31
"2019-10-24 16:41:10",31
"2019-10-24 17:41:11",31
"2019-10-24 18:41:11",31
"2019-10-24 19:41:13",31
"2019-10-24 20:41:10",31
"2019-10-24 21:41:10",31
"2019-10-24 22:41:10",31
"2019-10-24 23:41:11",31
"2019-10-25 00:41:11",31
"2019-10-25 01:41:11",31
"2019-10-25 02:41:13",31
"2019-10-25 03:41:10",31
"2019-10-25 04:41:09",31
"2019-10-25 05:41:12",31
"2019-10-25 06:41:12",31
"2019-10-25 07:41:12",31
"2019-10-25 08:41:12",31
"2019-10-25 09:41:10",31
"2019-10-25 10:41:10",31
"2019-10-25 11:41:15",31
"2019-10-25 13:04:43",31
"2019-10-25 13:41:11",31
"2019-10-25 14:41:14",31
"2019-10-25 15:41:10",31
"2019-10-25 16:41:14",31
"2019-10-25 17:41:11",31
"2019-10-25 18:41:10",31
"2019-10-25 19:41:10",31
"2019-10-25 20:41:10",31
"2019-10-25 21:41:10",31
"2019-10-25 22:41:11",31
"2019-10-25 23:41:10",31
"2019-10-26 00:41:10",31
"2019-10-26 01:41:13",31
"2019-10-26 02:41:11",31
"2019-10-26 03:41:12",31
"2019-10-26 04:41:13",31
"2019-10-26 05:41:10",31
"2019-10-26 06:41:09",31
"2019-10-26 07:41:13",31
"2019-10-26 08:41:10",31
"2019-10-26 09:41:10",31
"2019-10-26 10:41:10",31
"2019-10-26 11:41:12",31
"2019-10-26 12:41:11",31
"2019-10-26 13:41:11",31
"2019-10-26 14:41:12",31
"2019-10-26 15:41:12",31
"2019-10-26 16:41:11",31
"2019-10-26 17:41:11",31
"2019-10-26 18:41:11",31
"2019-10-26 19:41:11",31
"2019-10-26 20:41:11",31
"2019-10-26 21:41:12",31
"2019-10-26 22:41:11",31
"2019-10-26 23:41:11",31
"2019-10-27 00:41:12",31
"2019-10-27 01:41:11",31
"2019-10-27 02:41:11",31
"2019-10-27 03:41:11",31
"2019-10-27 04:41:10",31
"2019-10-27 05:41:14",31
"2019-10-27 06:41:11",31
"2019-10-27 07:41:10",31
"2019-10-27 08:41:11",31
"2019-10-27 09:41:10",31
"2019-10-27 10:41:09",31
"2019-10-27 11:41:10",31
"2019-10-27 12:41:12",31
"2019-10-27 13:41:11",31
"2019-10-27 14:41:10",31
"2019-10-27 15:41:15",31
"2019-10-27 16:41:10",31
"2019-10-27 17:41:11",31
"2019-10-27 18:41:12",31
"2019-10-27 19:41:13",31
"2019-10-27 20:41:14",31
"2019-10-27 21:41:10",31
"2019-10-27 22:41:09",31
"2019-10-27 23:41:10",31
"2019-10-28 00:41:10",31
"2019-10-28 01:41:11",31
"2019-10-28 02:41:10",31
"2019-10-28 03:41:13",31
"2019-10-28 04:41:10",31
"2019-10-28 05:41:10",31
"2019-10-28 06:41:12",31
"2019-10-28 07:41:11",31
"2019-10-28 08:41:10",31
"2019-10-28 09:41:10",31
"2019-10-28 10:41:12",31
"2019-10-28 11:41:09",31
"2019-10-28 12:41:14",31
"2019-10-28 14:41:13",32
"2019-10-28 15:41:17",32
"2019-10-28 16:41:15",32
"2019-10-28 17:41:12",32
"2019-10-28 18:41:12",33
"2019-10-28 19:41:12",33
"2019-10-28 23:41:11",33
"2019-10-29 00:41:11",33
"2019-10-29 01:41:13",33
"2019-10-29 02:41:11",33
"2019-10-29 03:41:13",33
"2019-10-29 04:41:11",33
"2019-10-29 05:41:13",33
"2019-10-29 06:41:12",33
"2019-10-29 07:41:11",33
"2019-10-29 08:41:12",33
"2019-10-29 09:41:10",33
"2019-10-29 10:41:13",33
"2019-10-29 11:41:10",33
"2019-10-29 12:41:12",33
"2019-10-29 13:41:17",33
"2019-10-29 14:41:12",33
"2019-10-29 15:41:14",33
"2019-10-29 16:41:13",33
"2019-10-29 17:41:11",33
"2019-10-29 18:41:13",33
"2019-10-29 19:41:14",33
"2019-10-29 20:41:12",33
"2019-10-29 21:41:13",33
"2019-10-29 22:41:12",33
"2019-10-29 23:41:13",33
"2019-10-30 00:41:16",33
"2019-10-30 01:41:13",33
"2019-10-30 02:41:12",33
"2019-10-30 03:41:13",33
"2019-10-30 04:41:13",33
"2019-10-30 05:41:14",33
"2019-10-30 06:41:11",33
"2019-10-30 07:41:17",33
"2019-10-30 08:41:12",33
"2019-10-30 09:41:12",33
"2019-10-30 10:41:12",33
"2019-10-30 11:41:09",33
"2019-10-30 13:05:14",33
"2019-10-30 13:41:13",33
"2019-10-30 14:41:11",33
"2019-10-30 15:41:11",33
"2019-10-30 16:41:12",33
"2019-10-30 17:41:12",33
"2019-10-30 18:41:12",33
"2019-10-30 19:41:12",33
"2019-10-30 20:41:11",33
"2019-10-30 21:41:12",33
"2019-10-30 22:41:11",33
"2019-10-30 23:41:12",33
"2019-10-31 00:41:11",33
"2019-10-31 01:41:12",33
"2019-10-31 02:41:11",33
"2019-10-31 03:41:13",33
"2019-10-31 04:41:11",33
"2019-10-31 05:41:12",33
"2019-10-31 06:41:13",33
"2019-10-31 07:41:12",33
"2019-10-31 08:41:12",33
"2019-10-31 09:41:14",33
"2019-10-31 10:41:12",33
"2019-10-31 11:41:12",33
"2019-10-31 13:06:17",33
"2019-10-31 13:41:13",33
"2019-10-31 14:41:13",33
"2019-10-31 15:41:14",33
"2019-10-31 16:41:13",33
"2019-10-31 17:41:13",33
"2019-10-31 18:41:12",33
"2019-10-31 19:41:12",33
"2019-10-31 20:41:14",33
"2019-10-31 22:04:16",33
"2019-10-31 22:41:15",33
"2019-10-31 23:41:12",33
"2019-11-01 00:41:12",33
"2019-11-01 01:41:12",33
"2019-11-01 02:41:12",33
"2019-11-01 03:41:13",33
"2019-11-01 04:41:11",33
"2019-11-01 05:41:14",33
"2019-11-01 06:41:11",33
"2019-11-01 07:41:14",33
"2019-11-01 08:41:13",33
"2019-11-01 09:41:13",33
"2019-11-01 10:41:13",33
"2019-11-01 11:41:15",33
"2019-11-01 13:37:20",32
"2019-11-01 13:46:39",32
"2019-11-01 14:41:12",32
"2019-11-01 15:41:11",32
"2019-11-01 16:41:15",32
"2019-11-01 17:41:13",32
"2019-11-01 18:41:16",32
"2019-11-01 19:41:12",32
"2019-11-01 20:41:12",32
"2019-11-01 21:41:12",32
"2019-11-01 22:41:12",32
"2019-11-01 23:41:12",32
"2019-11-02 00:41:14",32
"2019-11-02 01:41:12",32
"2019-11-02 02:41:12",32
"2019-11-02 03:41:14",32
"2019-11-02 04:41:12",32
"2019-11-02 05:41:11",32
"2019-11-02 06:41:14",32
"2019-11-02 07:41:11",32
"2019-11-02 08:41:12",32
"2019-11-02 09:41:11",32
"2019-11-02 10:41:14",32
"2019-11-02 11:41:12",32
"2019-11-02 12:41:14",32
"2019-11-02 13:41:13",32
"2019-11-02 14:41:12",32
"2019-11-02 15:41:14",32
"2019-11-02 16:41:11",32
"2019-11-02 17:41:12",32
"2019-11-02 18:41:12",32
"2019-11-02 19:41:12",32
"2019-11-02 20:41:12",32
"2019-11-02 21:41:13",32
"2019-11-02 22:41:14",32
"2019-11-02 23:41:12",32
"2019-11-03 00:41:12",32
"2019-11-03 01:41:12",32
"2019-11-03 02:41:13",32
"2019-11-03 03:41:12",32
"2019-11-03 05:41:13",32
"2019-11-03 06:41:12",32
"2019-11-03 07:41:13",32
"2019-11-03 21:41:13",32
"2019-11-03 22:41:11",32
"2019-11-03 23:41:14",32
"2019-11-04 00:41:11",32
"2019-11-04 01:41:12",32
"2019-11-04 02:41:11",32
"2019-11-04 03:41:11",32
"2019-11-04 04:41:11",32
"2019-11-04 05:41:14",32
"2019-11-04 06:41:12",32
"2019-11-04 07:41:11",32
"2019-11-04 08:41:11",32
"2019-11-04 09:41:12",32
"2019-11-04 10:41:11",32
"2019-11-04 11:41:11",32
"2019-11-04 12:41:11",32
"2019-11-04 14:06:45",32
"2019-11-04 15:41:11",32
"2019-11-04 16:41:12",31
"2019-11-04 17:41:12",31
"2019-11-04 18:41:12",31
"2019-11-04 19:41:13",31
"2019-11-04 20:41:12",31
"2019-11-04 21:41:12",31
"2019-11-04 22:41:12",31
"2019-11-04 23:41:12",31
"2019-11-05 00:41:12",31
"2019-11-05 01:41:12",31
"2019-11-05 02:41:13",31
"2019-11-05 03:41:13",31
"2019-11-05 04:41:11",31
"2019-11-05 05:41:12",31
"2019-11-05 06:41:13",31
"2019-11-05 07:41:12",31
"2019-11-05 08:41:12",31
"2019-11-05 09:41:13",31
"2019-11-05 10:41:11",31
"2019-11-05 11:41:12",31
"2019-11-05 12:41:11",31
"2019-11-05 14:06:46",31
"2019-11-05 14:41:15",31
"2019-11-05 15:41:13",31
"2019-11-05 16:41:14",31
"2019-11-05 17:41:13",31
"2019-11-05 18:41:13",31
"2019-11-05 19:41:14",31
"2019-11-05 20:41:14",31
"2019-11-05 21:41:13",31
"2019-11-05 22:41:13",31
"2019-11-05 23:41:13",31
"2019-11-06 00:41:13",31
"2019-11-06 01:41:13",31
"2019-11-06 02:41:14",31
"2019-11-06 03:41:13",31
"2019-11-06 04:41:15",31
"2019-11-06 05:41:14",31
"2019-11-06 06:41:16",31
"2019-11-06 07:41:12",31
"2019-11-06 08:41:12",31
"2019-11-06 09:41:14",31
"2019-11-06 10:41:15",31
"2019-11-06 11:41:13",31
"2019-11-06 12:41:12",31
"2019-11-06 13:41:13",31
"2019-11-06 14:41:15",31
"2019-11-06 15:41:14",31
"2019-11-06 16:41:14",31
"2019-11-06 17:41:14",31
"2019-11-06 18:41:14",31
"2019-11-06 19:41:14",31
"2019-11-06 20:41:14",31
"2019-11-06 21:41:14",31
"2019-11-06 22:41:13",31
"2019-11-06 23:41:14",31
"2019-11-07 00:41:14",31
"2019-11-07 01:41:13",31
"2019-11-07 02:41:14",31
"2019-11-07 03:41:13",31
"2019-11-07 04:41:15",31
"2019-11-07 05:41:15",31
"2019-11-07 06:41:13",31
"2019-11-07 07:41:14",31
"2019-11-07 08:41:14",31
"2019-11-07 09:41:14",31
"2019-11-07 10:41:12",31
"2019-11-07 11:41:13",31
"2019-11-07 12:41:13",31
"2019-11-07 14:05:16",31
"2019-11-07 14:41:45",31
"2019-11-07 15:41:15",31
"2019-11-07 16:41:15",31
"2019-11-07 17:41:14",31
"2019-11-07 18:41:15",31
"2019-11-07 19:41:15",31
"2019-11-07 21:05:47",31
"2019-11-07 21:41:14",31
"2019-11-07 22:41:14",31
"2019-11-07 23:41:15",31
"2019-11-08 00:41:16",31
"2019-11-08 01:41:15",31
"2019-11-08 02:41:16",31
"2019-11-08 03:41:14",31
"2019-11-08 04:41:14",31
"2019-11-08 05:41:16",31
"2019-11-08 06:41:14",31
"2019-11-08 07:41:14",31
"2019-11-08 08:41:18",31
"2019-11-08 09:41:14",31
"2019-11-08 10:41:15",31
"2019-11-08 11:41:13",31
"2019-11-08 12:41:14",31
"2019-11-08 14:06:48",31
"2019-11-08 14:41:48",31
"2019-11-08 15:41:14",31
"2019-11-08 16:41:14",31
"2019-11-08 17:41:15",31
"2019-11-08 18:41:14",31
"2019-11-08 19:41:15",31
"2019-11-08 20:41:14",31
"2019-11-08 21:41:15",31
"2019-11-08 22:41:14",31
"2019-11-08 23:41:14",31
"2019-11-09 00:41:15",31
"2019-11-09 01:41:16",31
"2019-11-09 02:41:15",31
"2019-11-09 03:41:14",31
"2019-11-09 04:41:16",31
"2019-11-09 05:41:13",31
"2019-11-09 06:41:15",31
"2019-11-09 07:41:15",31
"2019-11-09 08:41:16",31
"2019-11-09 09:41:14",31
"2019-11-09 10:41:14",31
"2019-11-09 11:41:16",31
"2019-11-09 12:41:14",31
"2019-11-09 13:41:13",31
"2019-11-09 14:41:15",31
"2019-11-09 15:41:15",31
"2019-11-09 16:41:15",31
"2019-11-09 17:41:14",31
"2019-11-09 18:41:13",31
"2019-11-09 19:41:15",31
"2019-11-09 20:41:16",31
"2019-11-09 21:41:14",31
"2019-11-09 22:41:16",31
"2019-11-09 23:41:14",31
"2019-11-10 00:41:14",31
"2019-11-10 01:41:15",31
"2019-11-10 02:41:16",31
"2019-11-10 03:41:13",31
"2019-11-10 04:41:14",31
"2019-11-10 05:41:14",31
"2019-11-10 06:41:13",31
"2019-11-10 07:41:13",31
"2019-11-10 08:41:14",31
"2019-11-10 09:41:15",31
"2019-11-10 10:41:13",31
"2019-11-10 11:41:14",31
"2019-11-10 12:41:14",31
"2019-11-10 13:41:13",31
"2019-11-10 14:41:13",31
"2019-11-10 15:41:15",31
"2019-11-10 16:41:14",31
"2019-11-10 17:41:14",31
"2019-11-10 18:41:15",31
"2019-11-10 19:41:13",31
"2019-11-10 20:41:14",31
"2019-11-10 21:41:13",31
"2019-11-10 22:41:15",31
"2019-11-10 23:41:15",31
"2019-11-11 00:41:15",31
"2019-11-11 01:41:15",31
"2019-11-11 02:41:15",31
"2019-11-11 03:41:15",31
"2019-11-11 04:41:14",31
"2019-11-11 05:41:15",31
"2019-11-11 06:41:14",31
"2019-11-11 07:41:16",31
"2019-11-11 08:41:17",31
"2019-11-11 09:41:16",31
"2019-11-11 10:41:15",31
"2019-11-11 11:41:14",31
"2019-11-11 12:41:16",31
"2019-11-11 13:41:15",31
"2019-11-11 14:41:16",31
"2019-11-11 15:41:18",31
"2019-11-11 16:41:15",31
"2019-11-11 17:41:16",31
"2019-11-11 18:41:16",31
"2019-11-11 19:41:15",31
"2019-11-11 21:41:15",31
"2019-11-11 22:41:15",31
"2019-11-11 23:41:14",31
"2019-11-12 00:41:13",31
"2019-11-12 01:41:13",31
"2019-11-12 02:41:15",31
"2019-11-12 03:41:15",31
"2019-11-12 04:41:13",31
"2019-11-12 05:41:15",31
"2019-11-12 06:41:13",31
"2019-11-12 07:41:15",31
"2019-11-12 08:41:13",31
"2019-11-12 09:41:14",31
"2019-11-12 10:41:13",31
"2019-11-12 11:41:15",31
"2019-11-12 12:41:17",31
"2019-11-12 14:05:17",31
"2019-11-12 14:41:15",31
"2019-11-12 15:41:14",31
"2019-11-12 16:41:15",31
"2019-11-12 17:41:15",31
"2019-11-12 18:41:16",31
"2019-11-12 19:41:14",31
"2019-11-12 20:41:13",31
"2019-11-12 21:41:14",31
"2019-11-12 22:41:15",31
"2019-11-12 23:41:15",31
"2019-11-13 00:41:17",31
"2019-11-13 01:41:14",31
"2019-11-13 02:41:14",31
"2019-11-13 03:41:17",31
"2019-11-13 04:41:15",31
"2019-11-13 05:41:19",31
"2019-11-13 06:41:14",31
"2019-11-13 07:41:17",31
"2019-11-13 08:41:16",31
"2019-11-13 09:41:15",31
"2019-11-13 10:41:14",31
"2019-11-13 11:41:17",31
"2019-11-13 12:41:14",31
"2019-11-13 13:41:14",31
"2019-11-13 15:41:17",31
"2019-11-13 16:41:14",31
"2019-11-13 17:41:16",31
"2019-11-13 18:41:16",31
"2019-11-13 19:41:14",31
"2019-11-13 20:41:15",31
"2019-11-13 21:41:13",31
"2019-11-13 22:41:15",31
"2019-11-13 23:41:15",31
"2019-11-14 00:41:15",31
"2019-11-14 01:41:13",31
"2019-11-14 02:41:16",31
"2019-11-14 03:41:13",31
"2019-11-14 04:41:14",31
"2019-11-14 05:41:17",31
"2019-11-14 06:41:13",31
"2019-11-14 07:41:17",31
"2019-11-14 08:41:16",31
"2019-11-14 09:41:16",31
"2019-11-14 10:41:15",31
"2019-11-14 11:41:17",31
"2019-11-14 12:41:13",31
"2019-11-14 14:04:51",31
"2019-11-14 14:41:16",31
"2019-11-14 15:41:16",31
"2019-11-14 17:41:16",31
"2019-11-14 18:41:14",31
"2019-11-14 19:41:15",31
"2019-11-14 20:41:16",31
"2019-11-14 21:41:18",31
"2019-11-14 22:41:14",31
"2019-11-14 23:41:15",31
"2019-11-15 00:41:16",31
"2019-11-15 01:41:15",31
"2019-11-15 02:41:15",31
"2019-11-15 03:41:16",31
"2019-11-15 04:41:16",31
"2019-11-15 05:41:16",31
"2019-11-15 06:41:16",31
"2019-11-15 07:41:14",31
"2019-11-15 08:41:20",31
"2019-11-15 09:41:14",31
"2019-11-15 10:41:15",31
"2019-11-15 11:41:15",31
"2019-11-15 12:41:17",31
"2019-11-15 14:07:48",31
"2019-11-15 15:41:18",31
"2019-11-15 16:41:15",31
"2019-11-15 17:41:16",31
"2019-11-15 18:41:19",31
"2019-11-15 19:41:17",31
"2019-11-15 20:41:16",31
"2019-11-15 21:41:14",31
"2019-11-15 22:41:17",31
"2019-11-15 23:41:16",31
"2019-11-16 00:41:17",31
"2019-11-16 01:41:15",31
"2019-11-16 02:41:16",31
"2019-11-16 03:41:15",31
"2019-11-16 04:41:17",31
"2019-11-16 05:41:16",31
"2019-11-16 06:41:16",31
"2019-11-16 07:41:16",31
"2019-11-16 08:41:16",31
"2019-11-16 09:41:16",31
"2019-11-16 10:41:14",31
"2019-11-16 11:41:15",31
"2019-11-16 12:41:17",31
"2019-11-16 13:41:17",31
"2019-11-16 14:41:17",31
"2019-11-16 15:41:15",31
"2019-11-16 16:41:15",31
"2019-11-16 17:41:17",31
"2019-11-16 18:41:15",31
"2019-11-16 19:41:14",31
"2019-11-16 20:41:14",31
"2019-11-16 21:41:14",31
"2019-11-16 22:41:15",31
"2019-11-16 23:41:14",31
"2019-11-17 00:41:14",31
"2019-11-17 01:41:14",31
"2019-11-17 02:41:16",31
"2019-11-17 03:41:14",31
"2019-11-17 04:41:15",31
"2019-11-17 05:41:15",31
"2019-11-17 06:41:17",31
"2019-11-17 07:41:16",31
"2019-11-17 08:41:15",31
"2019-11-17 10:41:17",31
"2019-11-17 11:41:18",31
"2019-11-17 12:41:15",31
"2019-11-17 13:41:17",31
"2019-11-17 14:41:14",31
"2019-11-17 15:41:14",31
"2019-11-17 16:41:16",31
"2019-11-17 17:41:14",31
"2019-11-17 18:41:14",31
"2019-11-17 19:41:15",31
"2019-11-17 20:41:16",31
"2019-11-17 21:41:17",31
"2019-11-17 22:41:15",31
"2019-11-17 23:41:17",31
"2019-11-18 00:41:14",31
"2019-11-18 01:41:14",31
"2019-11-18 02:41:16",31
"2019-11-18 03:41:15",31
"2019-11-18 04:41:14",31
"2019-11-18 05:41:17",31
"2019-11-18 06:41:13",31
"2019-11-18 07:41:15",31
"2019-11-18 08:41:17",31
"2019-11-18 09:41:17",31
"2019-11-18 10:41:16",31
"2019-11-18 11:41:14",31
"2019-11-18 12:41:16",31
"2019-11-18 14:06:19",31
"2019-11-18 14:41:15",31
"2019-11-18 15:41:18",31
"2019-11-18 16:41:15",31
"2019-11-18 17:41:18",31
"2019-11-18 18:41:17",31
"2019-11-18 19:41:16",31
"2019-11-18 20:41:16",31
"2019-11-18 21:41:16",31
"2019-11-18 22:41:14",31
"2019-11-18 23:41:17",31
"2019-11-19 00:41:16",31
"2019-11-19 01:41:15",31
"2019-11-19 02:41:14",31
"2019-11-19 03:41:15",31
"2019-11-19 04:41:15",31
"2019-11-19 05:41:14",31
"2019-11-19 06:41:16",31
"2019-11-19 07:41:15",31
"2019-11-19 08:41:15",31
"2019-11-19 09:41:16",31
"2019-11-19 10:41:16",31
"2019-11-19 11:41:15",31
"2019-11-19 12:41:16",31
"2019-11-19 14:06:20",31
"2019-11-19 14:41:15",31
"2019-11-19 15:41:17",31
"2019-11-19 16:41:15",32
"2019-11-19 17:41:15",32
"2019-11-19 18:41:14",32
"2019-11-19 19:41:16",32
"2019-11-19 20:41:16",32
"2019-11-19 21:41:19",32
"2019-11-19 22:41:16",32
"2019-11-19 23:41:16",32
"2019-11-20 00:41:16",32
"2019-11-20 01:41:16",32
"2019-11-20 02:41:17",32
"2019-11-20 03:41:17",32
"2019-11-20 04:41:15",32
"2019-11-20 05:41:16",32
"2019-11-20 06:41:16",32
"2019-11-20 07:41:17",32
"2019-11-20 08:41:17",32
"2019-11-20 09:41:20",32
"2019-11-20 10:41:20",32
"2019-11-20 11:41:20",32
"2019-11-20 12:41:18",32
"2019-11-20 14:05:50",32
"2019-11-20 14:41:20",32
"2019-11-20 15:41:17",32
"2019-11-20 16:41:18",32
"2019-11-20 22:41:16",32
"2019-11-20 23:41:15",32
"2019-11-21 00:41:15",32
"2019-11-21 01:41:15",32
"2019-11-21 02:41:18",32
"2019-11-21 03:41:16",32
"2019-11-21 04:41:15",32
"2019-11-21 05:41:17",32
"2019-11-21 06:41:19",32
"2019-11-21 07:41:14",32
"2019-11-21 08:41:14",32
"2019-11-21 09:41:16",32
"2019-11-21 10:41:17",32
"2019-11-21 11:41:14",32
"2019-11-21 12:41:15",32
"2019-11-21 14:05:20",32
"2019-11-21 14:41:20",32
"2019-11-21 15:41:15",32
"2019-11-21 16:41:17",32
"2019-11-21 17:41:18",32
"2019-11-21 18:41:15",32
"2019-11-21 19:41:15",32
"2019-11-21 20:41:15",32
"2019-11-21 21:41:16",32
"2019-11-21 22:41:17",32
"2019-11-21 23:41:16",32
"2019-11-22 00:41:16",32
"2019-11-22 01:41:18",32
"2019-11-22 02:41:15",32
"2019-11-22 03:41:15",32
"2019-11-22 04:41:14",32
"2019-11-22 05:41:17",32
"2019-11-22 06:41:17",32
"2019-11-22 07:41:18",32
"2019-11-22 08:41:19",32
"2019-11-22 09:41:18",32
"2019-11-22 10:41:19",32
"2019-11-22 11:41:16",32
"2019-11-22 12:41:15",32
"2019-11-22 13:41:15",32
"2019-11-22 14:41:17",32
"2019-11-22 15:41:13",32
"2019-11-22 16:41:14",32
"2019-11-22 17:41:19",32
"2019-11-22 18:41:18",32
"2019-11-22 19:41:14",32
"2019-11-22 20:41:16",32
"2019-11-22 21:41:15",32
"2019-11-22 22:41:14",32
"2019-11-22 23:41:17",32
"2019-11-23 00:41:21",32
"2019-11-23 01:41:15",32
"2019-11-23 02:41:14",32
"2019-11-23 03:41:15",32
"2019-11-23 04:41:18",32
"2019-11-23 05:41:15",32
"2019-11-23 06:41:16",32
"2019-11-23 07:41:16",32
"2019-11-23 08:41:16",32
"2019-11-23 09:41:17",32
"2019-11-23 10:41:18",32
"2019-11-23 11:41:14",32
"2019-11-23 12:41:14",32
"2019-11-23 13:41:14",32
"2019-11-23 14:41:15",32
"2019-11-23 15:41:15",32
"2019-11-23 16:41:14",32
"2019-11-23 17:41:16",32
"2019-11-23 18:41:15",32
"2019-11-23 19:41:16",32
"2019-11-23 20:41:13",32
"2019-11-23 21:41:15",32
"2019-11-23 22:41:13",32
"2019-11-23 23:41:14",32
"2019-11-24 00:41:16",32
"2019-11-24 01:41:14",32
"2019-11-24 02:41:14",32
"2019-11-24 03:41:15",32
"2019-11-24 04:41:14",32
"2019-11-24 05:41:14",32
"2019-11-24 06:41:14",32
"2019-11-24 07:41:13",32
"2019-11-24 08:41:15",32
"2019-11-24 09:41:16",32
"2019-11-24 10:41:17",32
"2019-11-24 11:41:15",32
"2019-11-24 12:41:13",32
"2019-11-24 13:41:13",32
"2019-11-24 14:41:14",32
"2019-11-24 15:41:15",32
"2019-11-24 16:41:15",32
"2019-11-24 17:41:14",32
"2019-11-24 18:41:16",32
"2019-11-24 19:41:14",32
"2019-11-24 20:41:17",32
"2019-11-24 21:41:14",32
"2019-11-24 22:41:16",32
"2019-11-24 23:41:14",32
"2019-11-25 00:41:15",32
"2019-11-25 01:41:17",32
"2019-11-25 02:41:15",32
"2019-11-25 03:41:15",32
"2019-11-25 04:41:13",32
"2019-11-25 05:41:14",32
"2019-11-25 06:41:15",32
"2019-11-25 07:41:16",32
"2019-11-25 08:41:19",32
"2019-11-25 09:41:18",32
"2019-11-25 10:41:19",32
"2019-11-25 11:41:17",32
"2019-11-25 12:41:18",32
"2019-11-25 13:41:14",32
"2019-11-25 14:41:15",32
"2019-11-25 15:41:17",32
"2019-11-25 16:41:15",32
"2019-11-25 17:41:15",32
"2019-11-25 18:41:14",32
"2019-11-25 19:41:17",32
"2019-11-25 20:41:16",32
"2019-11-25 21:41:15",32
"2019-11-25 22:41:18",32
"2019-11-25 23:41:16",32
"2019-11-26 00:41:17",32
"2019-11-26 01:41:15",32
"2019-11-26 02:41:16",32
"2019-11-26 03:41:16",32
"2019-11-26 04:41:15",32
"2019-11-26 05:41:18",32
"2019-11-26 06:41:20",32
"2019-11-26 07:41:16",32
"2019-11-26 08:41:16",32
"2019-11-26 09:41:20",32
"2019-11-26 20:41:17",32
"2019-11-26 21:41:16",32
"2019-11-26 22:41:18",32
"2019-11-26 23:41:15",32
"2019-11-27 00:41:18",32
"2019-11-27 01:41:16",32
"2019-11-27 02:41:16",32
"2019-11-27 03:41:18",32
"2019-11-27 04:41:16",32
"2019-11-27 05:41:16",32
"2019-11-27 06:41:17",32
"2019-11-27 07:41:17",32
"2019-11-27 08:41:21",32
"2019-11-27 09:41:20",32
"2019-11-27 10:41:16",32
"2019-11-27 11:41:14",32
"2019-11-27 12:41:22",32
"2019-11-27 13:41:17",32
"2019-11-27 14:41:17",32
"2019-11-27 15:41:20",31
"2019-11-27 16:41:18",31
"2019-11-27 17:41:16",31
"2019-11-27 18:41:18",31
"2019-11-27 19:41:17",31
"2019-11-27 20:41:17",31
"2019-11-27 21:41:16",31
"2019-11-27 22:41:17",31
"2019-11-27 23:41:16",31
"2019-11-28 00:41:17",31
"2019-11-28 01:41:18",31
"2019-11-28 02:41:20",31
"2019-11-28 03:41:19",31
"2019-11-28 04:41:18",31
"2019-11-28 05:41:17",31
"2019-11-28 06:41:17",31
"2019-11-28 07:41:19",31
"2019-11-28 08:41:17",31
"2019-11-28 09:41:20",31
"2019-11-28 10:41:18",31
"2019-11-28 11:41:17",31
"2019-11-28 12:41:16",31
"2019-11-28 13:41:15",31
"2019-11-28 14:41:17",31
"2019-11-28 15:41:17",31
"2019-11-28 16:41:17",31
"2019-11-28 17:41:18",31
"2019-11-28 18:41:17",31
"2019-11-28 19:41:17",31
"2019-11-28 20:41:16",31
"2019-11-28 21:41:17",31
"2019-11-28 22:41:17",31
"2019-11-28 23:41:17",31
"2019-11-29 00:41:17",31
"2019-11-29 01:41:17",31
"2019-11-29 02:41:17",31
"2019-11-29 03:41:15",31
"2019-11-29 04:41:17",31
"2019-11-29 05:41:16",31
"2019-11-29 06:41:16",31
"2019-11-29 07:41:17",31
"2019-11-29 08:41:21",31
"2019-11-29 09:41:24",31
"2019-11-29 10:41:28",31
"2019-11-29 11:41:18",31
"2019-11-29 12:41:17",31
"2019-11-29 13:41:22",31
"2019-11-29 14:41:21",31
"2019-11-29 15:41:19",31
"2019-11-29 16:41:21",31
"2019-11-29 17:41:20",31
"2019-11-29 18:41:20",32
"2019-11-29 19:41:19",32
"2019-11-29 20:41:19",32
"2019-11-29 21:41:16",32
"2019-11-29 22:41:20",32
"2019-11-29 23:41:18",32
"2019-11-30 00:41:17",32
"2019-11-30 01:41:16",32
"2019-11-30 02:41:18",32
"2019-11-30 03:41:18",32
"2019-11-30 04:41:17",32
"2019-11-30 05:41:19",32
"2019-11-30 06:41:18",32
"2019-11-30 07:41:19",32
"2019-11-30 08:41:18",32
"2019-11-30 21:41:21",32
"2019-11-30 22:41:19",32
"2019-11-30 23:41:17",32
"2019-12-01 00:41:17",32
"2019-12-01 01:41:15",32
"2019-12-01 02:41:18",32
"2019-12-01 22:41:22",32
"2019-12-01 23:41:17",32
"2019-12-02 00:41:15",32
"2019-12-02 01:41:18",32
"2019-12-02 02:41:16",32
"2019-12-02 06:13:08",32
"2019-12-02 06:41:45",32
"2019-12-02 07:41:52",32
"2019-12-02 08:41:45",32
"2019-12-02 09:41:45",32
"2019-12-02 10:41:45",32
"2019-12-02 11:41:45",32
"2019-12-02 12:41:43",32
"2019-12-02 14:05:52",32
"2019-12-02 14:41:47",32
"2019-12-02 15:41:50",32
"2019-12-02 16:41:47",32
"2019-12-02 17:41:51",32
"2019-12-02 18:41:52",32
"2019-12-02 19:41:56",32
"2019-12-02 20:41:50",32
"2019-12-02 21:41:51",32
"2019-12-02 22:41:52",32
"2019-12-02 23:41:53",32
"2019-12-03 00:41:50",32
"2019-12-03 01:41:50",32
"2019-12-03 02:41:52",32
"2019-12-03 03:41:50",32
"2019-12-03 04:41:51",32
"2019-12-03 05:41:51",32
"2019-12-03 06:41:46",32
"2019-12-03 07:41:47",32
"2019-12-03 08:41:45",32
"2019-12-03 09:41:49",32
"2019-12-03 10:41:52",32
"2019-12-03 11:41:49",32
"2019-12-03 12:41:45",32
"2019-12-03 13:41:44",32
"2019-12-03 14:41:51",32
"2019-12-03 15:41:45",32
"2019-12-03 16:41:52",32
"2019-12-03 17:41:50",32
"2019-12-03 18:41:50",32
"2019-12-03 19:41:50",32
"2019-12-03 20:41:50",32
"2019-12-03 21:41:56",32
"2019-12-03 22:41:50",32
"2019-12-03 23:41:50",32
"2019-12-04 00:41:58",32
"2019-12-04 01:42:00",32
"2019-12-04 02:41:58",32
"2019-12-04 03:41:52",32
"2019-12-04 04:41:52",32
"2019-12-04 05:41:52",32
"2019-12-04 06:41:50",32
"2019-12-04 07:41:52",32
"2019-12-04 08:41:48",32
"2019-12-04 09:41:47",32
"2019-12-04 10:41:47",32
"2019-12-04 11:41:48",32
"2019-12-04 12:41:47",32
"2019-12-04 14:05:22",32
"2019-12-04 14:41:54",32
"2019-12-04 15:41:57",32
"2019-12-04 16:41:53",32
"2019-12-04 17:41:51",32
"2019-12-04 18:41:52",32
"2019-12-04 19:41:52",32
"2019-12-04 20:41:51",32
"2019-12-04 21:41:50",32
"2019-12-04 22:41:49",32
"2019-12-04 23:41:51",32
"2019-12-05 00:41:51",32
"2019-12-05 01:41:52",32
"2019-12-05 02:41:51",32
"2019-12-05 03:41:51",32
"2019-12-05 04:41:51",32
"2019-12-05 05:41:50",32
"2019-12-05 06:41:54",32
"2019-12-05 07:41:47",32
"2019-12-05 08:41:51",32
"2019-12-05 09:41:45",32
"2019-12-05 10:41:45",32
"2019-12-05 11:41:46",32
"2019-12-05 12:41:46",32
"2019-12-05 13:41:52",32
"2019-12-05 14:41:51",32
"2019-12-05 15:41:52",32
"2019-12-05 16:41:50",32
"2019-12-05 17:41:51",32
"2019-12-05 18:41:51",32
"2019-12-05 20:05:53",32
"2019-12-05 20:41:57",32
"2019-12-05 21:41:51",32
"2019-12-05 22:41:51",32
"2019-12-05 23:41:50",32
"2019-12-06 00:41:51",32
"2019-12-06 01:41:51",32
"2019-12-06 02:41:52",32
"2019-12-06 03:41:51",32
"2019-12-06 04:41:51",32
"2019-12-06 05:41:55",32
"2019-12-06 06:41:50",32
"2019-12-06 07:41:52",32
"2019-12-06 08:41:53",32
"2019-12-06 09:41:50",32
"2019-12-06 10:41:52",32
"2019-12-06 11:41:51",32
"2019-12-06 12:41:46",32
"2019-12-06 13:42:06",32
"2019-12-06 14:41:53",32
"2019-12-06 15:41:58",32
"2019-12-06 16:41:53",32
"2019-12-06 17:41:50",32
"2019-12-06 18:41:51",32
"2019-12-06 19:41:51",32
"2019-12-06 20:41:50",32
"2019-12-06 21:41:45",32
"2019-12-06 22:41:45",32
"2019-12-06 23:41:49",32
"2019-12-07 00:41:45",32
"2019-12-07 01:41:52",32
"2019-12-07 02:41:53",32
"2019-12-07 03:41:50",32
"2019-12-07 04:41:52",32
"2019-12-07 05:41:57",32
"2019-12-07 06:41:48",32
"2019-12-07 07:41:46",32
"2019-12-07 08:41:47",32
"2019-12-07 09:41:45",32
"2019-12-07 10:41:46",32
"2019-12-07 11:41:45",32
"2019-12-07 12:41:49",32
"2019-12-07 13:42:03",32
"2019-12-07 14:41:50",32
"2019-12-07 15:41:52",32
"2019-12-07 16:41:51",32
"2019-12-07 17:41:52",32
"2019-12-07 18:41:51",32
"2019-12-07 19:41:47",32
"2019-12-07 20:41:51",32
"2019-12-07 21:41:52",32
"2019-12-07 22:41:46",32
"2019-12-07 23:41:47",32
"2019-12-08 00:41:50",32
"2019-12-08 01:41:47",32
"2019-12-08 02:41:52",32
"2019-12-08 03:41:51",32
"2019-12-08 04:41:50",32
"2019-12-08 05:41:53",32
"2019-12-08 06:41:51",32
"2019-12-08 07:41:50",32
"2019-12-08 08:41:51",32
"2019-12-08 09:41:51",32
"2019-12-08 10:41:51",32
"2019-12-08 11:41:45",32
"2019-12-08 12:41:45",32
"2019-12-08 13:41:51",32
"2019-12-08 14:41:46",32
"2019-12-08 15:41:49",32
"2019-12-08 16:41:51",32
"2019-12-08 17:41:52",32
"2019-12-08 18:41:45",32
"2019-12-08 19:41:49",32
"2019-12-08 20:41:50",32
"2019-12-08 21:41:51",32
"2019-12-08 22:41:52",32
"2019-12-08 23:41:50",32
"2019-12-09 00:41:50",32
"2019-12-09 01:41:46",32
"2019-12-09 02:41:46",32
"2019-12-09 03:41:51",32
"2019-12-09 04:41:47",32
"2019-12-09 05:41:50",32
"2019-12-09 06:41:53",32
"2019-12-09 07:41:47",32
"2019-12-09 08:41:47",32
"2019-12-09 09:41:46",32
"2019-12-09 10:41:47",32
"2019-12-09 11:41:44",32
"2019-12-09 12:41:45",32
"2019-12-09 14:06:25",32
"2019-12-09 14:41:52",32
"2019-12-09 15:41:52",32
"2019-12-09 16:41:57",32
"2019-12-09 17:42:00",32
"2019-12-09 18:41:54",32
"2019-12-09 19:41:48",32
"2019-12-09 20:41:54",32
"2019-12-09 21:41:55",32
"2019-12-09 22:41:49",32
"2019-12-09 23:41:52",32
"2019-12-10 00:42:00",32
"2019-12-10 01:41:53",32
"2019-12-10 02:41:54",32
"2019-12-10 03:41:55",32
"2019-12-10 04:41:53",32
"2019-12-10 05:41:57",32
"2019-12-10 06:41:56",32
"2019-12-10 07:41:54",32
"2019-12-10 08:41:57",32
"2019-12-10 09:41:49",32
"2019-12-10 10:41:48",32
"2019-12-10 11:41:47",32
"2019-12-10 12:42:00",32
"2019-12-10 13:41:48",32
"2019-12-10 14:41:49",32
"2019-12-10 15:41:49",32
"2019-12-10 16:41:55",32
"2019-12-10 17:41:52",32
"2019-12-10 18:41:54",32
"2019-12-10 19:41:48",32
"2019-12-10 20:41:52",32
"2019-12-10 21:41:52",32
"2019-12-10 22:41:55",32
"2019-12-10 23:41:55",32
"2019-12-11 00:41:54",32
"2019-12-11 01:41:55",32
"2019-12-11 02:42:02",32
"2019-12-11 03:41:52",32
"2019-12-11 04:41:55",32
"2019-12-11 05:41:56",32
"2019-12-11 06:41:52",32
"2019-12-11 07:41:50",32
"2019-12-11 08:41:55",32
"2019-12-11 09:41:47",32
"2019-12-11 10:41:51",32
"2019-12-11 11:41:49",32
"2019-12-11 12:41:55",32
"2019-12-11 13:41:50",32
"2019-12-11 14:42:03",32
"2019-12-11 15:41:50",32
"2019-12-11 16:41:58",32
"2019-12-11 17:42:00",32
"2019-12-11 18:41:56",32
"2019-12-11 19:41:58",32
"2019-12-11 20:41:48",32
"2019-12-11 21:41:52",32
"2019-12-11 22:41:54",32
"2019-12-11 23:41:55",32
"2019-12-12 00:41:52",32
"2019-12-12 01:41:58",32
"2019-12-12 02:41:56",32
"2019-12-12 03:41:50",32
"2019-12-12 04:41:52",32
"2019-12-12 05:41:56",32
"2019-12-12 06:41:58",32
"2019-12-12 07:41:55",32
"2019-12-12 08:41:49",32
"2019-12-12 09:41:52",32
"2019-12-12 10:41:52",32
"2019-12-12 11:41:48",32
"2019-12-12 12:41:48",32
"2019-12-12 14:04:55",32
"2019-12-12 14:42:03",32
"2019-12-12 15:41:53",32
"2019-12-12 16:41:55",32
"2019-12-12 17:41:50",32
"2019-12-12 18:41:51",32
"2019-12-12 19:41:50",32
"2019-12-12 20:41:51",32
"2019-12-12 21:41:49",32
"2019-12-12 22:41:49",32
"2019-12-12 23:41:49",32
"2019-12-13 00:42:04",32
"2019-12-13 01:41:49",32
"2019-12-13 02:41:48",32
"2019-12-13 03:41:49",32
"2019-12-13 04:41:48",32
"2019-12-13 05:41:53",32
"2019-12-13 06:41:56",32
"2019-12-13 07:41:48",32
"2019-12-13 08:41:50",32
"2019-12-13 09:41:49",32
"2019-12-13 10:41:50",32
"2019-12-13 11:41:49",32
"2019-12-13 12:41:49",32
"2019-12-13 14:36:59",32
"2019-12-13 14:44:42",32
"2019-12-13 15:41:49",32
"2019-12-13 16:41:48",32
"2019-12-13 17:41:52",32
"2019-12-13 18:41:50",32
"2019-12-13 19:41:47",32
"2019-12-13 20:42:01",32
"2019-12-13 21:41:48",32
"2019-12-13 22:41:48",32
"2019-12-13 23:41:47",32
"2019-12-14 00:41:48",32
"2019-12-14 01:41:48",32
"2019-12-14 02:41:48",32
"2019-12-14 03:41:52",32
"2019-12-14 04:41:49",32
"2019-12-14 05:41:50",32
"2019-12-14 06:41:49",32
"2019-12-14 07:41:48",32
"2019-12-14 08:41:49",32
"2019-12-14 09:41:48",32
"2019-12-14 10:41:48",32
"2019-12-14 11:41:51",32
"2019-12-14 12:41:48",32
"2019-12-14 13:41:48",32
"2019-12-14 14:41:49",32
"2019-12-14 15:41:48",32
"2019-12-14 16:41:50",32
"2019-12-14 17:41:48",32
"2019-12-14 18:41:49",32
"2019-12-14 19:41:48",32
"2019-12-14 20:41:49",32
"2019-12-14 22:41:54",32
"2019-12-14 23:41:48",32
"2019-12-15 00:41:48",32
"2019-12-15 01:41:51",32
"2019-12-15 02:41:48",32
"2019-12-15 03:41:48",32
"2019-12-15 04:41:49",32
"2019-12-15 05:41:48",32
"2019-12-15 06:41:47",32
"2019-12-15 07:41:51",32
"2019-12-15 08:41:48",32
"2019-12-15 09:41:48",32
"2019-12-15 10:41:49",32
"2019-12-15 11:41:48",32
"2019-12-15 13:41:48",32
"2019-12-15 14:41:48",32
"2019-12-15 15:41:49",32
"2019-12-15 16:41:49",32
"2019-12-15 17:41:48",32
"2019-12-15 19:41:47",32
"2019-12-15 20:41:48",32
"2019-12-15 21:41:49",32
"2019-12-15 22:41:51",32
"2019-12-15 23:41:50",32
"2019-12-16 00:41:49",32
"2019-12-16 01:41:54",32
"2019-12-16 02:41:49",32
"2019-12-16 04:41:55",32
"2019-12-16 05:41:49",32
"2019-12-16 06:41:48",32
"2019-12-16 07:41:48",32
"2019-12-16 08:41:49",32
"2019-12-16 09:41:50",32
"2019-12-16 10:41:49",32
"2019-12-16 11:41:48",32
"2019-12-16 12:41:47",32
"2019-12-16 13:41:47",32
"2019-12-16 14:41:55",32
"2019-12-16 16:04:23",33
"2019-12-16 16:41:49",33
"2019-12-16 17:41:49",33
"2019-12-16 18:41:48",33
"2019-12-16 19:41:49",33
"2019-12-16 20:41:50",34
"2019-12-16 21:41:49",34
"2019-12-16 22:41:48",34
"2019-12-16 23:41:49",34
"2019-12-17 00:41:47",34
"2019-12-17 01:41:48",34
"2019-12-17 02:41:54",34
"2019-12-17 03:41:48",34
"2019-12-17 04:41:49",34
"2019-12-17 05:41:48",34
"2019-12-17 06:41:49",34
"2019-12-17 07:41:49",34
"2019-12-17 08:41:51",34
"2019-12-17 09:41:49",34
"2019-12-17 10:41:48",34
"2019-12-17 11:41:48",34
"2019-12-17 12:41:48",34
"2019-12-17 14:05:54",34
"2019-12-17 14:41:50",34
"2019-12-17 15:41:51",34
"2019-12-17 16:41:48",34
"2019-12-17 17:41:47",35
"2019-12-17 18:41:49",35
"2019-12-17 19:41:53",35
"2019-12-17 20:41:50",35
"2019-12-17 21:41:49",35
"2019-12-17 22:41:49",35
"2019-12-17 23:41:48",35
"2019-12-18 00:41:47",35
"2019-12-18 01:41:47",35
"2019-12-18 02:41:54",35
"2019-12-18 03:41:48",35
"2019-12-18 04:41:47",35
"2019-12-18 05:41:48",35
"2019-12-18 06:41:48",35
"2019-12-18 07:41:48",35
"2019-12-18 08:41:49",35
"2019-12-18 09:41:48",35
"2019-12-18 10:41:57",35
"2019-12-18 11:41:49",35
"2019-12-18 12:41:47",35
"2019-12-18 14:04:54",35
"2019-12-18 14:41:50",35
"2019-12-18 15:41:49",35
"2019-12-18 16:41:50",35
"2019-12-18 17:41:53",35
"2019-12-18 18:41:49",35
"2019-12-18 19:41:48",35
"2019-12-18 20:41:48",35
"2019-12-18 21:41:48",35
"2019-12-18 22:41:49",35
"2019-12-18 23:41:48",35
"2019-12-19 00:41:49",35
"2019-12-19 01:41:50",35
"2019-12-19 02:41:56",35
"2019-12-19 03:41:47",35
"2019-12-19 04:41:49",35
"2019-12-19 05:41:49",35
"2019-12-19 06:41:47",35
"2019-12-19 07:41:48",35
"2019-12-19 08:41:49",35
"2019-12-19 09:41:49",35
"2019-12-19 10:41:47",35
"2019-12-19 11:41:46",35
"2019-12-19 12:41:48",35
"2019-12-19 14:06:25",35
"2019-12-19 14:41:53",35
"2019-12-19 15:41:56",35
"2019-12-19 16:41:54",35
"2019-12-19 17:41:54",35
"2019-12-19 18:41:55",35
"2019-12-19 19:41:54",35
"2019-12-19 21:06:27",35
"2019-12-19 21:41:55",35
"2019-12-19 22:41:55",35
"2019-12-19 23:41:54",35
"2019-12-20 00:41:56",35
"2019-12-20 01:41:54",35
"2019-12-20 02:42:03",35
"2019-12-20 03:41:55",35
"2019-12-20 04:41:56",35
"2019-12-20 05:41:55",35
"2019-12-20 06:41:54",35
"2019-12-20 07:41:55",35
"2019-12-20 08:41:55",35
"2019-12-20 09:41:58",35
"2019-12-20 10:41:50",35
"2019-12-20 11:41:57",35
"2019-12-20 12:41:54",35
"2019-12-20 14:05:26",35
"2019-12-20 14:42:04",35
"2019-12-20 15:41:59",35
"2019-12-20 16:42:01",35
"2019-12-20 17:42:02",35
"2019-12-20 18:41:56",35
"2019-12-20 19:41:56",35
"2019-12-20 20:42:03",35
"2019-12-20 21:41:55",35
"2019-12-20 22:41:55",35
"2019-12-20 23:41:56",35
"2019-12-21 00:42:03",35
"2019-12-21 01:41:56",35
"2019-12-21 02:41:55",35
"2019-12-21 03:41:55",35
"2019-12-21 04:41:55",35
"2019-12-21 05:41:51",35
"2019-12-21 06:41:51",35
"2019-12-21 07:41:54",35
"2019-12-21 08:41:57",35
"2019-12-21 09:41:51",35
"2019-12-21 10:41:49",35
"2019-12-21 11:41:48",35
"2019-12-21 12:41:49",35
"2019-12-21 13:41:49",35
"2019-12-21 14:41:50",35
"2019-12-21 15:41:51",35
"2019-12-21 16:41:56",35
"2019-12-21 17:41:53",35
"2019-12-21 18:41:51",35
"2019-12-21 19:41:50",35
"2019-12-21 20:41:50",35
"2019-12-21 21:41:50",35
"2019-12-21 22:41:55",35
"2019-12-21 23:41:49",35
"2019-12-22 00:41:50",35
"2019-12-22 01:41:56",35
"2019-12-22 02:41:51",35
"2019-12-22 04:41:50",35
"2019-12-22 05:41:52",35
"2019-12-22 06:41:51",35
"2019-12-22 07:41:52",35
"2019-12-22 08:41:53",35
"2019-12-22 09:41:50",35
"2019-12-22 10:41:50",35
"2019-12-22 11:41:49",35
"2019-12-22 12:41:50",35
"2019-12-22 13:41:51",35
"2019-12-22 14:41:51",35
"2019-12-22 15:41:55",35
"2019-12-22 16:41:57",35
"2019-12-22 17:41:49",35
"2019-12-22 18:41:50",35
"2019-12-22 19:41:55",35
"2019-12-22 20:41:56",35
"2019-12-22 22:41:50",35
"2019-12-22 23:41:55",35
"2019-12-23 00:41:56",35
"2019-12-23 01:41:59",35
"2019-12-23 02:41:56",35
"2019-12-23 03:41:57",35
"2019-12-23 04:41:55",35
"2019-12-23 05:41:56",35
"2019-12-23 06:41:55",35
"2019-12-23 07:41:51",35
"2019-12-23 08:41:51",35
"2019-12-23 09:41:52",35
"2019-12-23 10:41:50",35
"2019-12-23 11:41:50",35
"2019-12-23 12:41:49",35
"2019-12-23 14:06:30",35
"2019-12-23 14:42:00",35
"2019-12-23 15:41:51",35
"2019-12-23 16:41:50",35
"2019-12-23 17:41:56",35
"2019-12-23 18:41:53",35
"2019-12-23 19:41:56",35
"2019-12-23 20:42:01",35
"2019-12-23 21:41:54",35
"2019-12-23 22:41:51",35
"2019-12-23 23:41:54",35
"2019-12-24 00:41:50",35
"2019-12-24 01:41:54",35
"2019-12-24 02:41:59",35
"2019-12-24 03:41:57",35
"2019-12-24 04:42:01",35
"2019-12-24 05:41:51",35
"2019-12-24 06:41:56",35
"2019-12-24 07:41:50",35
"2019-12-24 08:41:50",35
"2019-12-24 09:41:50",35
"2019-12-24 10:41:53",35
"2019-12-24 11:41:50",35
"2019-12-24 12:41:49",35
"2019-12-24 13:41:49",35
"2019-12-24 14:41:56",35
"2019-12-24 15:41:55",35
"2019-12-24 16:41:55",35
"2019-12-24 17:41:48",35
"2019-12-24 18:41:49",35
"2019-12-24 19:41:49",35
"2019-12-24 20:41:50",35
"2019-12-24 21:41:49",35
"2019-12-24 22:41:49",35
"2019-12-24 23:41:56",35
"2019-12-25 00:41:52",35
"2019-12-25 01:41:50",35
"2019-12-25 02:41:51",35
"2019-12-25 03:41:51",35
"2019-12-25 04:41:56",35
"2019-12-25 05:41:54",35
"2019-12-25 06:41:51",35
"2019-12-25 07:41:49",35
"2019-12-25 08:41:57",35
"2019-12-25 09:41:51",35
"2019-12-25 10:41:51",35
"2019-12-25 11:41:51",35
"2019-12-25 12:41:50",35
"2019-12-25 13:41:49",35
"2019-12-25 14:41:48",35
"2019-12-25 15:41:54",35
"2019-12-25 16:41:50",35
"2019-12-25 17:41:55",35
"2019-12-25 18:41:50",35
"2019-12-25 19:41:48",35
"2019-12-25 20:41:49",35
"2019-12-25 21:41:49",35
"2019-12-25 22:41:50",35
"2019-12-25 23:41:51",35
"2019-12-26 00:41:54",35
"2019-12-26 01:41:55",35
"2019-12-26 02:41:54",35
"2019-12-26 03:41:54",35
"2019-12-26 04:41:55",35
"2019-12-26 05:41:52",35
"2019-12-26 06:41:55",35
"2019-12-26 07:41:49",35
"2019-12-26 08:41:51",35
"2019-12-26 09:41:51",35
"2019-12-26 10:41:49",35
"2019-12-26 11:41:48",35
"2019-12-26 12:41:48",35
"2019-12-26 13:41:49",35
"2019-12-26 14:41:51",35
"2019-12-26 15:41:50",35
"2019-12-26 16:41:54",35
"2019-12-26 17:41:58",35
"2019-12-26 18:41:51",35
"2019-12-26 19:41:50",35
"2019-12-26 20:42:03",35
"2019-12-26 21:41:54",35
"2019-12-26 22:41:57",35
"2019-12-26 23:41:55",35
"2019-12-27 00:41:51",35
"2019-12-27 01:41:56",35
"2019-12-27 02:41:57",35
"2019-12-27 03:41:56",35
"2019-12-27 04:41:56",35
"2019-12-27 05:41:56",35
"2019-12-27 06:41:56",35
"2019-12-27 07:41:51",35
"2019-12-27 08:41:54",35
"2019-12-27 09:41:52",35
"2019-12-27 10:41:52",35
"2019-12-27 11:41:51",35
"2019-12-27 12:41:51",35
"2019-12-27 14:06:27",35
"2019-12-27 14:41:54",35
"2019-12-27 15:41:51",35
"2019-12-27 16:41:50",35
"2019-12-27 17:41:55",35
"2019-12-27 18:41:56",35
"2019-12-27 19:42:04",35
"2019-12-27 20:41:55",35
"2019-12-27 21:42:03",35
"2019-12-27 22:41:56",35
"2019-12-27 23:41:51",35
"2019-12-28 00:41:56",35
"2019-12-28 01:41:51",35
"2019-12-28 02:41:57",35
"2019-12-28 03:41:51",35
"2019-12-28 04:41:55",35
"2019-12-28 05:41:56",35
"2019-12-28 06:41:56",35
"2019-12-28 07:41:53",35
"2019-12-28 08:42:00",35
"2019-12-28 09:41:52",35
"2019-12-28 10:41:53",35
"2019-12-28 11:41:51",35
"2019-12-28 12:41:51",35
"2019-12-28 13:41:50",35
"2019-12-28 14:41:52",35
"2019-12-28 15:41:51",35
"2019-12-28 16:41:51",35
"2019-12-28 17:41:56",35
"2019-12-28 18:41:52",35
"2019-12-28 19:41:52",35
"2019-12-28 20:41:51",35
"2019-12-28 21:41:52",35
"2019-12-28 22:41:54",35
"2019-12-28 23:42:02",35
"2019-12-29 00:41:52",35
"2019-12-29 01:41:58",35
"2019-12-29 02:41:57",35
"2019-12-29 03:41:58",35
"2019-12-29 04:41:54",35
"2019-12-29 05:41:59",35
"2019-12-29 06:41:59",35
"2019-12-29 07:41:55",35
"2019-12-29 08:42:00",35
"2019-12-29 09:41:52",35
"2019-12-29 10:41:53",35
"2019-12-29 11:41:54",35
"2019-12-29 12:41:54",35
"2019-12-29 13:41:52",35
"2019-12-29 14:41:53",35
"2019-12-29 15:41:57",35
"2019-12-29 16:41:55",35
"2019-12-29 17:41:51",35
"2019-12-29 18:41:56",35
"2019-12-29 19:41:55",35
"2019-12-29 20:41:50",35
"2019-12-29 21:42:02",35
"2019-12-29 22:41:53",35
"2019-12-29 23:41:52",35
"2019-12-30 00:41:52",35
"2019-12-30 01:41:59",35
"2019-12-30 02:42:03",35
"2019-12-30 03:41:56",35
"2019-12-30 04:42:03",35
"2019-12-30 05:41:53",35
"2019-12-30 06:41:49",35
"2019-12-30 07:41:51",35
"2019-12-30 08:41:53",35
"2019-12-30 09:42:06",35
"2019-12-30 10:41:51",35
"2019-12-30 11:41:52",35
"2019-12-30 12:41:50",35
"2019-12-30 14:06:26",35
"2019-12-30 14:41:58",35
"2019-12-30 15:41:51",35
"2019-12-30 16:41:51",36
"2019-12-30 17:41:53",36
"2019-12-30 18:41:57",36
"2019-12-30 19:41:53",36
"2019-12-30 20:41:52",36
"2019-12-30 21:41:51",36
"2019-12-30 22:41:51",36
"2019-12-30 23:41:51",36
"2019-12-31 00:41:51",36
"2019-12-31 01:41:50",36
"2019-12-31 02:41:52",36
"2019-12-31 03:41:54",36
"2019-12-31 04:41:51",36
"2019-12-31 05:41:52",36
"2019-12-31 06:41:53",36
"2019-12-31 07:41:51",36
"2019-12-31 08:41:57",36
"2019-12-31 09:41:56",36
"2019-12-31 10:41:57",36
"2019-12-31 11:41:55",36
"2019-12-31 12:41:56",36
"2019-12-31 14:07:27",36
"2019-12-31 14:42:04",36
"2019-12-31 15:41:58",36
"2019-12-31 16:41:50",36
"2019-12-31 17:41:50",36
"2019-12-31 18:41:50",36
"2019-12-31 19:41:51",36
"2019-12-31 20:41:51",36
"2019-12-31 21:41:51",36
"2019-12-31 22:41:49",36
"2019-12-31 23:41:50",36
"2020-01-01 00:41:50",36
"2020-01-01 01:41:52",36
"2020-01-01 02:41:50",36
"2020-01-01 03:41:55",36
"2020-01-01 04:41:51",36
"2020-01-01 05:41:57",36
"2020-01-01 06:41:56",36
"2020-01-01 07:41:57",36
"2020-01-01 08:41:56",36
"2020-01-01 09:41:52",36
"2020-01-01 10:41:50",36
"2020-01-01 11:41:51",36
"2020-01-01 12:41:50",36
"2020-01-01 13:41:53",36
"2020-01-01 14:41:51",36
"2020-01-01 15:41:51",36
"2020-01-01 16:41:51",36
"2020-01-01 17:41:50",36
"2020-01-01 18:41:51",36
"2020-01-01 19:41:51",36
"2020-01-01 20:41:51",36
"2020-01-01 21:41:51",36
"2020-01-01 22:41:56",36
"2020-01-01 23:42:05",36
"2020-01-02 00:41:54",36
"2020-01-02 01:41:55",36
"2020-01-02 02:42:04",36
"2020-01-02 03:41:51",36
"2020-01-02 04:41:51",36
"2020-01-02 05:41:51",36
"2020-01-02 06:41:51",36
"2020-01-02 07:41:50",36
"2020-01-02 08:41:53",36
"2020-01-02 09:41:53",36
"2020-01-02 10:41:55",36
"2020-01-02 11:41:51",36
"2020-01-02 12:41:52",36
"2020-01-02 14:07:57",36
"2020-01-02 14:42:20",36
"2020-01-02 15:41:53",36
"2020-01-02 16:41:52",36
"2020-01-02 17:41:52",36
"2020-01-02 18:41:54",36
"2020-01-02 19:41:52",36
"2020-01-02 20:41:52",36
"2020-01-02 21:41:51",36
"2020-01-02 22:42:30",36
"2020-01-02 23:41:50",36
"2020-01-03 00:41:57",36
"2020-01-03 01:41:52",36
"2020-01-03 02:41:56",36
"2020-01-03 03:41:51",36
"2020-01-03 04:41:50",36
"2020-01-03 05:41:51",36
"2020-01-03 06:41:53",36
"2020-01-03 07:41:50",36
"2020-01-03 08:41:54",36
"2020-01-03 09:41:50",36
"2020-01-03 10:41:51",36
"2020-01-03 11:41:50",36
"2020-01-03 12:41:51",36
"2020-01-03 14:07:57",36
"2020-01-03 14:44:30",36
"2020-01-03 15:41:52",36
"2020-01-03 16:41:55",36
"2020-01-03 17:41:57",36
"2020-01-03 18:41:50",36
"2020-01-03 19:41:50",36
"2020-01-03 20:41:49",36
"2020-01-03 21:41:49",36
"2020-01-03 22:41:51",36
"2020-01-03 23:41:50",36
"2020-01-04 00:41:52",36
"2020-01-04 01:41:50",36
"2020-01-04 02:41:52",36
"2020-01-04 03:41:51",36
"2020-01-04 04:41:51",36
"2020-01-04 05:41:51",36
"2020-01-04 06:41:50",36
"2020-01-04 07:41:50",36
"2020-01-04 08:41:53",36
"2020-01-04 09:41:48",36
"2020-01-04 10:41:50",36
"2020-01-04 11:41:49",36
"2020-01-04 12:41:51",36
"2020-01-04 13:41:50",36
"2020-01-04 14:41:50",36
"2020-01-04 15:41:51",36
"2020-01-04 16:41:50",36
"2020-01-04 17:41:52",36
"2020-01-04 18:41:51",36
"2020-01-04 19:41:50",36
"2020-01-04 20:41:51",36
"2020-01-04 21:42:01",36
"2020-01-04 22:41:50",36
"2020-01-04 23:41:58",36
"2020-01-05 00:41:50",36
"2020-01-05 01:42:02",36
"2020-01-05 02:41:58",36
"2020-01-05 03:41:56",36
"2020-01-05 04:41:50",36
"2020-01-05 05:41:50",36
"2020-01-05 06:41:50",36
"2020-01-05 07:41:50",36
"2020-01-05 08:41:51",36
"2020-01-05 09:41:51",36
"2020-01-05 10:41:50",36
"2020-01-05 11:41:50",36
"2020-01-05 12:41:50",36
"2020-01-05 13:41:49",36
"2020-01-05 14:41:50",36
"2020-01-05 15:41:51",36
"2020-01-05 16:41:52",36
"2020-01-05 17:42:04",36
"2020-01-05 18:41:55",36
"2020-01-05 20:41:51",36
"2020-01-05 21:42:04",36
"2020-01-05 22:41:51",36
"2020-01-05 23:41:52",36
"2020-01-06 00:41:52",36
"2020-01-06 01:41:51",36
"2020-01-06 02:41:58",36
"2020-01-06 03:41:56",36
"2020-01-06 04:41:57",36
"2020-01-06 05:41:51",36
"2020-01-06 06:41:53",36
"2020-01-06 07:41:51",36
"2020-01-06 08:41:52",36
"2020-01-16 06:41:53",36
"2020-01-16 07:41:53",36
"2020-01-16 08:41:55",36
"2020-01-16 09:41:58",36
"2020-01-16 10:41:53",36
"2020-01-16 11:41:54",36
"2020-01-16 12:41:52",36
"2020-01-16 14:07:59",36
"2020-01-16 15:41:53",36
"2020-01-16 16:41:55",36
"2020-01-16 17:41:56",36
"2020-01-16 18:41:53",36
"2020-01-16 19:41:54",36
"2020-01-16 20:41:53",36
"2020-01-16 21:41:53",36
"2020-01-16 22:41:54",36
"2020-01-16 23:41:56",36
"2020-01-17 00:42:06",36
"2020-01-17 01:42:09",36
"2020-01-17 02:41:53",36
"2020-01-17 03:41:54",36
"2020-01-17 04:41:54",36
"2020-01-17 05:41:53",36
"2020-01-17 06:41:55",36
"2020-01-17 07:41:53",36
"2020-01-17 08:41:55",36
"2020-01-17 09:42:08",36
"2020-01-17 10:41:53",36
"2020-01-17 11:41:55",36
"2020-01-17 12:41:55",36
"2020-01-17 14:06:00",36
"2020-01-17 14:41:57",36
"2020-01-17 15:41:55",37
"2020-01-17 16:41:54",37
"2020-01-17 17:41:55",37
"2020-01-17 18:41:54",38
"2020-01-17 19:41:54",38
"2020-01-17 20:41:53",38
"2020-01-17 21:41:53",38
"2020-01-17 22:41:56",38
"2020-01-17 23:41:54",38
"2020-01-18 00:42:00",38
"2020-01-18 01:41:53",38
"2020-01-18 02:41:53",38
"2020-01-18 03:41:53",38
"2020-01-18 04:41:53",38
"2020-01-18 05:41:54",38
"2020-01-18 06:41:54",38
"2020-01-18 07:41:54",38
"2020-01-18 08:41:55",38
"2020-01-18 09:41:53",38
"2020-01-18 10:41:53",38
"2020-01-18 11:41:53",38
"2020-01-18 12:41:54",38
"2020-01-18 13:41:56",38
"2020-01-18 14:41:54",38
"2020-01-18 15:41:54",38
"2020-01-18 16:41:53",38
"2020-01-18 17:41:55",38
"2020-01-18 18:41:54",38
"2020-01-18 19:42:07",38
"2020-01-18 20:41:54",38
"2020-01-18 21:41:54",38
"2020-01-18 22:41:56",38
"2020-01-18 23:41:55",38
"2020-01-19 00:41:53",38
"2020-01-19 01:41:53",38
"2020-01-19 02:41:54",38
"2020-01-19 03:41:55",38
"2020-01-19 04:41:53",38
"2020-01-19 05:41:54",38
"2020-01-19 06:41:55",38
"2020-01-19 07:41:54",38
"2020-01-19 08:42:01",38
"2020-01-19 09:41:57",38
"2020-01-19 10:41:53",38
"2020-01-19 11:41:53",38
"2020-01-19 12:41:53",38
"2020-01-19 13:41:54",38
"2020-01-19 14:41:53",38
"2020-01-19 15:42:09",38
"2020-01-19 16:41:53",38
"2020-01-19 17:41:53",38
"2020-01-19 18:41:54",38
"2020-01-19 19:42:07",38
"2020-01-19 20:41:53",38
"2020-01-19 21:41:53",38
"2020-01-19 22:41:55",38
"2020-01-19 23:42:07",38
"2020-01-20 00:42:07",38
"2020-01-20 01:42:06",38
"2020-01-20 02:42:05",38
"2020-01-20 03:42:08",38
"2020-01-20 04:42:05",38
"2020-01-20 05:41:53",38
"2020-01-20 06:42:08",38
"2020-01-20 07:41:53",38
"2020-01-20 08:42:08",38
"2020-01-20 09:50:53",38
"2020-01-20 10:42:03",38
"2020-01-20 11:41:57",38
"2020-01-20 12:41:53",38
"2020-01-20 13:42:04",38
"2020-01-20 14:42:06",38
"2020-01-20 15:42:06",38
"2020-01-20 16:41:55",38
"2020-01-20 17:42:06",38
"2020-01-20 18:41:54",38
"2020-01-20 19:42:06",38
"2020-01-20 20:42:06",38
"2020-01-20 21:42:07",38
"2020-01-20 22:42:07",38
"2020-01-20 23:42:06",38
"2020-01-21 00:42:06",38
"2020-01-21 01:42:06",38
"2020-01-21 02:42:07",38
"2020-01-21 03:41:54",38
"2020-01-21 04:41:55",38
"2020-01-21 05:41:54",38
"2020-01-21 06:41:53",38
"2020-01-21 07:41:53",38
"2020-01-21 08:41:55",38
"2020-01-21 09:59:20",38
"2020-01-21 10:42:05",38
"2020-01-21 11:41:55",38
"2020-01-21 12:41:53",38
"2020-01-21 13:41:54",38
"2020-01-21 15:42:07",38
"2020-01-21 16:41:55",37
"2020-01-21 17:42:02",37
"2020-01-21 18:41:56",37
"2020-01-21 19:42:08",37
"2020-01-21 20:41:54",37
"2020-01-21 21:42:05",38
"2020-01-21 22:42:06",38
"2020-01-21 23:41:54",38
"2020-01-22 00:41:56",38
"2020-01-22 01:41:54",38
"2020-01-22 02:42:07",38
"2020-01-22 03:41:56",38
"2020-01-22 04:41:53",38
"2020-01-22 05:41:54",38
"2020-01-22 06:41:56",38
"2020-01-22 07:41:54",38
"2020-01-22 08:41:54",38
"2020-01-22 09:55:32",38
"2020-01-22 10:41:53",38
"2020-01-22 11:41:53",38
"2020-01-22 12:42:07",38
"2020-01-22 13:42:05",38
"2020-01-22 14:41:59",38
"2020-01-22 15:41:56",38
"2020-01-22 16:42:07",38
"2020-01-22 17:42:04",38
"2020-01-22 18:42:07",38
"2020-01-22 19:42:05",38
"2020-01-22 20:42:08",38
"2020-01-22 21:42:09",38
"2020-01-22 22:41:56",38
"2020-01-22 23:42:03",38
"2020-01-23 00:42:09",38
"2020-01-23 01:42:09",38
"2020-01-23 02:41:55",38
"2020-01-23 03:41:54",38
"2020-01-23 04:41:56",38
"2020-01-23 05:41:55",38
"2020-01-23 06:41:55",38
"2020-01-23 07:41:54",38
"2020-01-23 08:41:55",38
"2020-01-23 10:41:54",38
"2020-01-23 11:41:54",38
"2020-01-23 12:41:55",38
"2020-01-23 14:07:29",38
"2020-01-23 14:42:01",38
"2020-01-23 15:41:55",37
"2020-01-23 16:41:56",37
"2020-01-23 17:41:54",37
"2020-01-23 18:41:55",37
"2020-01-23 19:41:54",37
"2020-01-23 20:41:55",37
"2020-01-23 21:42:01",37
"2020-01-23 22:41:57",37
"2020-01-23 23:41:54",37
"2020-01-24 00:41:55",37
"2020-01-24 01:41:55",37
"2020-01-24 02:42:08",37
"2020-01-24 03:41:53",37
"2020-01-24 04:41:54",37
"2020-01-24 05:41:55",37
"2020-01-24 06:41:53",37
"2020-01-24 07:41:54",37
"2020-01-24 08:41:56",37
"2020-01-24 09:53:36",37
"2020-01-24 10:41:55",37
"2020-01-24 11:41:54",37
"2020-01-24 12:41:54",37
"2020-01-24 14:06:29",37
"2020-01-24 14:41:54",37
"2020-01-24 15:41:56",37
"2020-01-24 16:41:54",37
"2020-01-24 17:41:53",37
"2020-01-24 18:41:57",37
"2020-01-24 19:41:57",37
"2020-01-24 20:42:01",37
"2020-01-24 21:41:55",37
"2020-01-24 22:41:56",37
"2020-01-24 23:41:57",37
"2020-01-25 00:41:56",37
"2020-01-25 01:41:57",37
"2020-01-25 02:42:04",37
"2020-01-25 03:41:58",37
"2020-01-25 04:41:56",37
"2020-01-25 05:41:58",37
"2020-01-25 06:41:58",37
"2020-01-25 07:41:57",37
"2020-01-25 08:41:58",37
"2020-01-25 09:54:04",37
"2020-01-25 10:41:59",37
"2020-01-25 11:41:55",37
"2020-01-25 12:41:58",37
"2020-01-25 13:41:57",37
"2020-01-25 14:41:56",37
"2020-01-25 15:41:57",37
"2020-01-25 16:41:57",37
"2020-01-25 17:41:54",37
"2020-01-25 18:41:56",37
"2020-01-25 19:41:56",37
"2020-01-25 20:41:57",37
"2020-01-25 21:41:57",37
"2020-01-25 22:41:56",37
"2020-01-25 23:41:57",37
"2020-01-26 00:41:57",37
"2020-01-26 01:41:58",37
"2020-01-26 02:42:00",37
"2020-01-26 03:42:01",37
"2020-01-26 04:41:57",37
"2020-01-26 05:41:56",37
"2020-01-26 06:41:56",37
"2020-01-26 07:41:57",37
"2020-01-27 02:41:57",37
"2020-01-27 03:41:56",37
"2020-01-27 04:42:05",37
"2020-01-27 05:42:00",37
"2020-01-27 06:42:00",37
"2020-01-27 07:41:58",37
"2020-01-27 08:41:58",37
"2020-01-27 09:42:01",37
"2020-01-27 10:41:59",37
"2020-01-27 11:42:00",37
"2020-01-27 12:42:01",37
"2020-01-27 13:41:59",37
"2020-01-27 14:42:16",37
"2020-01-27 15:42:06",37
"2020-01-27 16:41:59",37
"2020-01-27 17:42:01",37
"2020-01-27 18:42:00",38
"2020-01-27 19:42:05",38
"2020-01-27 20:42:00",38
"2020-01-27 21:42:00",38
"2020-01-27 22:42:11",38
"2020-01-27 23:42:04",38
"2020-01-28 00:41:57",38
"2020-01-28 01:42:04",38
"2020-01-28 02:42:03",38
"2020-01-28 03:42:03",38
"2020-01-28 04:42:02",38
"2020-01-28 05:42:07",38
"2020-01-28 06:41:56",38
"2020-01-28 07:41:57",38
"2020-01-28 08:42:00",38
"2020-01-28 09:42:04",38
"2020-01-28 10:41:55",38
"2020-01-28 11:41:56",38
"2020-01-28 12:41:56",38
"2020-01-28 14:07:03",38
"2020-01-28 14:42:09",38
"2020-01-28 15:41:59",38
"2020-01-28 16:42:05",38
"2020-01-28 17:42:01",38
"2020-01-28 18:42:01",38
"2020-01-28 19:42:03",38
"2020-01-28 21:42:06",37
"2020-01-28 22:42:03",37
"2020-01-28 23:42:00",37
"2020-01-29 00:41:58",37
"2020-01-29 01:42:04",37
"2020-01-29 02:42:10",37
"2020-01-29 03:42:05",37
"2020-01-29 04:41:57",37
"2020-01-29 05:42:02",37
"2020-01-29 06:41:58",37
"2020-01-29 07:41:58",37
"2020-01-29 08:42:02",37
"2020-01-29 09:42:01",37
"2020-01-29 10:41:57",37
"2020-01-29 11:41:56",37
"2020-01-29 12:41:58",37
"2020-01-29 13:42:04",37
"2020-01-29 14:42:03",37
"2020-01-29 15:42:06",37
"2020-01-29 16:42:01",36
"2020-01-29 17:42:05",36
"2020-01-29 18:42:03",36
"2020-01-29 19:42:04",36
"2020-01-29 20:42:03",36
"2020-01-29 21:42:03",36
"2020-01-29 22:41:57",36
"2020-01-29 23:41:58",36
"2020-01-30 00:42:03",36
"2020-01-30 01:42:08",36
"2020-01-30 02:42:04",36
"2020-01-30 03:41:56",36
"2020-01-30 04:42:03",36
"2020-01-30 05:42:10",36
"2020-01-30 06:42:15",36
"2020-01-30 07:41:59",36
"2020-01-30 08:41:58",36
"2020-01-30 09:42:01",36
"2020-01-30 10:41:55",36
"2020-01-30 11:41:57",36
"2020-01-30 12:41:57",36
"2020-01-30 13:41:57",36
"2020-01-30 14:42:02",36
"2020-01-30 15:42:00",36
"2020-01-30 16:42:05",36
"2020-01-30 17:42:05",36
"2020-01-30 18:42:05",36
"2020-01-30 19:42:03",36
"2020-01-30 20:42:01",36
"2020-01-30 21:42:08",36
"2020-01-30 22:41:57",36
"2020-01-30 23:41:57",36
"2020-01-31 00:42:02",36
"2020-01-31 01:42:04",36
"2020-01-31 02:41:58",36
"2020-01-31 03:42:00",36
"2020-01-31 04:41:57",36
"2020-01-31 05:41:59",36
"2020-01-31 06:41:59",36
"2020-01-31 07:41:58",36
"2020-01-31 08:42:04",36
"2020-01-31 09:42:02",36
"2020-01-31 10:41:58",36
"2020-01-31 11:41:58",36
"2020-01-31 12:41:57",36
"2020-01-31 13:41:58",36
"2020-01-31 14:42:00",36
"2020-01-31 15:42:02",36
"2020-01-31 16:42:01",36
"2020-01-31 17:41:57",36
"2020-01-31 18:41:58",36
"2020-01-31 19:41:59",36
"2020-01-31 20:41:59",36
"2020-01-31 21:41:56",35
"2020-01-31 22:41:58",35
"2020-01-31 23:41:57",35
"2020-02-01 00:41:55",35
"2020-02-01 01:42:51",35
"2020-02-01 02:42:00",35
"2020-02-01 03:41:59",35
"2020-02-01 04:42:01",35
"2020-02-01 05:42:02",35
"2020-02-01 06:41:59",35
"2020-02-01 07:42:03",35
"2020-02-01 08:42:00",35
"2020-02-01 09:41:59",35
"2020-02-01 10:41:58",35
"2020-02-01 11:41:57",35
"2020-02-01 12:41:57",35
"2020-02-01 13:41:58",35
"2020-02-01 14:41:58",35
"2020-02-01 15:41:58",35
"2020-02-01 16:41:58",35
"2020-02-01 17:41:57",35
"2020-02-01 18:41:58",35
"2020-02-01 19:41:56",35
"2020-02-01 20:41:59",35
"2020-02-01 21:42:07",35
"2020-02-01 22:42:02",35
"2020-02-01 23:42:04",35
"2020-02-02 00:42:05",35
"2020-02-02 01:42:04",35
"2020-02-02 02:42:04",35
"2020-02-02 03:42:03",35
"2020-02-02 04:42:05",35
"2020-02-02 05:42:00",35
"2020-02-02 06:42:03",35
"2020-02-02 07:42:03",35
"2020-02-02 08:42:04",35
"2020-02-02 09:42:04",35
"2020-02-02 10:42:01",35
"2020-02-02 11:42:00",35
"2020-02-02 12:42:06",35
"2020-02-02 13:42:03",35
"2020-02-02 14:42:03",35
"2020-02-02 15:42:02",35
"2020-02-02 16:42:02",35
"2020-02-02 17:42:04",35
"2020-02-02 18:42:01",35
"2020-02-02 19:42:03",35
"2020-02-02 20:42:02",35
"2020-02-02 21:42:03",35
"2020-02-02 22:42:02",35
"2020-02-02 23:42:07",35
"2020-02-03 00:42:11",35
"2020-02-03 01:42:04",35
"2020-02-03 02:42:03",35
"2020-02-03 03:42:05",35
"2020-02-03 04:42:04",35
"2020-02-03 05:42:04",35
"2020-02-03 06:42:03",35
"2020-02-03 07:42:05",35
"2020-02-03 08:42:06",35
"2020-02-03 09:42:07",35
"2020-02-03 10:42:03",35
"2020-02-03 11:42:05",35
"2020-02-03 12:42:01",35
"2020-02-03 14:43:40",35
"2020-02-03 14:51:27",35
"2020-02-03 15:42:07",35
"2020-02-03 16:42:08",35
"2020-02-03 17:42:06",35
"2020-02-03 18:42:04",35
"2020-02-03 19:42:02",35
"2020-02-03 20:42:05",35
"2020-02-03 21:42:04",35
"2020-02-03 22:42:04",35
"2020-02-03 23:42:04",35
"2020-02-04 00:42:03",35
"2020-02-04 01:42:04",35
"2020-02-04 02:42:04",35
"2020-02-04 03:42:09",35
"2020-02-04 04:42:04",35
"2020-02-04 05:42:06",35
"2020-02-04 06:42:06",35
"2020-02-04 07:42:08",35
"2020-02-04 08:41:58",35
"2020-02-04 09:42:07",35
"2020-02-04 10:42:02",35
"2020-02-04 11:42:04",35
"2020-02-04 12:42:04",35
"2020-02-04 14:10:36",35
"2020-02-04 14:42:12",35
"2020-02-04 15:42:08",35
"2020-02-04 16:42:08",35
"2020-02-04 17:42:05",35
"2020-02-04 18:42:08",35
"2020-02-04 19:42:04",35
"2020-02-04 20:42:04",35
"2020-02-04 21:42:03",35
"2020-02-04 22:42:06",35
"2020-02-04 23:42:05",35
"2020-02-05 00:42:03",35
"2020-02-05 01:42:07",35
"2020-02-05 02:42:04",35
"2020-02-05 03:42:05",35
"2020-02-05 04:42:15",35
"2020-02-05 05:42:04",35
"2020-02-05 06:42:06",35
"2020-02-05 07:42:03",35
"2020-02-05 08:42:07",35
"2020-02-05 09:42:05",35
"2020-02-05 10:42:03",35
"2020-02-05 11:42:08",35
"2020-02-05 12:42:06",35
"2020-02-05 14:04:35",35
"2020-02-05 14:42:08",35
"2020-02-05 15:42:06",36
"2020-02-05 16:42:06",36
"2020-02-05 17:42:04",36
"2020-02-05 18:42:03",36
"2020-02-05 19:42:05",36
"2020-02-05 20:42:05",36
"2020-02-05 21:42:03",36
"2020-02-05 22:42:05",36
"2020-02-05 23:42:07",36
"2020-02-06 00:42:06",36
"2020-02-06 01:42:07",36
"2020-02-06 02:42:07",36
"2020-02-06 03:42:13",36
"2020-02-06 04:42:12",36
"2020-02-06 05:42:04",36
"2020-02-06 06:41:59",36
"2020-02-06 07:42:08",36
"2020-02-06 08:42:06",36
"2020-02-06 09:42:06",36
"2020-02-06 10:42:02",36
"2020-02-06 11:42:04",36
"2020-02-06 12:42:04",36
"2020-02-06 13:42:03",36
"2020-02-06 14:42:08",36
"2020-02-06 15:42:13",36
"2020-02-06 16:42:04",36
"2020-02-06 17:42:05",36
"2020-02-06 18:42:05",36
"2020-02-06 19:42:05",36
"2020-02-06 20:42:04",36
"2020-02-06 21:42:05",36
"2020-02-06 22:42:04",36
"2020-02-06 23:42:04",36
"2020-02-07 00:42:05",36
"2020-02-07 01:42:10",36
"2020-02-07 02:42:04",36
"2020-02-07 03:42:05",36
"2020-02-07 04:42:05",36
"2020-02-07 05:42:09",36
"2020-02-07 06:42:11",36
"2020-02-07 07:42:03",36
"2020-02-07 08:42:07",36
"2020-02-07 09:42:08",36
"2020-02-07 10:42:09",36
"2020-02-07 11:42:04",36
"2020-02-07 12:42:03",36
"2020-02-07 14:06:04",36
"2020-02-07 14:42:05",36
"2020-02-07 15:42:06",37
"2020-02-07 16:42:03",37
"2020-02-07 17:42:06",37
"2020-02-07 18:42:05",38
"2020-02-07 19:42:08",38
"2020-02-07 20:42:06",37
"2020-02-07 21:42:04",37
"2020-02-07 22:42:05",37
"2020-02-07 23:42:02",37
"2020-02-08 00:42:04",37
"2020-02-08 01:42:03",37
"2020-02-08 02:42:04",37
"2020-02-08 03:42:04",37
"2020-02-08 04:42:05",37
"2020-02-08 05:42:03",37
"2020-02-08 06:42:05",37
"2020-02-08 07:42:04",37
"2020-02-08 08:42:04",37
"2020-02-08 09:42:09",37
"2020-02-08 10:41:58",37
"2020-02-08 11:42:03",37
"2020-02-08 12:42:02",37
"2020-02-08 13:42:02",37
"2020-02-08 14:42:03",37
"2020-02-08 15:42:04",37
"2020-02-08 16:42:04",37
"2020-02-08 17:42:05",37
"2020-02-08 18:44:00",37
"2020-02-08 19:42:03",37
"2020-02-08 20:42:06",37
"2020-02-08 21:42:05",37
"2020-02-08 22:42:06",37
"2020-02-08 23:42:03",37
"2020-02-09 00:42:03",37
"2020-02-09 01:42:05",37
"2020-02-09 02:42:07",37
"2020-02-09 03:42:03",37
"2020-02-09 04:42:04",37
"2020-02-09 05:42:04",37
"2020-02-09 06:42:08",37
"2020-02-09 07:42:05",37
"2020-02-09 08:42:07",37
"2020-02-09 09:42:06",37
"2020-02-09 10:42:04",37
"2020-02-09 11:42:06",37
"2020-02-09 12:42:06",37
"2020-02-09 13:42:04",37
"2020-02-09 14:42:05",37
"2020-02-09 15:42:03",37
"2020-02-09 16:42:07",37
"2020-02-09 17:42:03",37
"2020-02-09 18:42:05",37
"2020-02-09 19:42:05",37
"2020-02-09 20:42:03",37
"2020-02-09 21:42:10",37
"2020-02-09 22:42:03",37
"2020-02-09 23:42:16",37
"2020-02-10 00:42:06",37
"2020-02-10 01:42:05",37
"2020-02-10 02:42:05",37
"2020-02-10 03:42:04",37
"2020-02-10 04:42:04",37
"2020-02-10 05:42:09",37
"2020-02-10 06:42:07",37
"2020-02-10 07:42:04",37
"2020-02-10 08:42:04",37
"2020-02-10 09:42:07",37
"2020-02-10 10:42:05",37
"2020-02-10 11:42:05",37
"2020-02-10 12:42:04",37
"2020-02-10 13:42:03",37
"2020-02-10 14:42:07",37
"2020-02-10 15:42:09",37
"2020-02-10 16:42:08",37
"2020-02-10 17:42:04",37
"2020-02-10 18:42:04",37
"2020-02-10 19:42:04",37
"2020-02-10 20:42:06",37
"2020-02-10 21:42:06",37
"2020-02-10 22:42:05",37
"2020-02-10 23:42:02",37
"2020-02-11 00:42:06",37
"2020-02-11 01:42:11",37
"2020-02-11 02:42:05",37
"2020-02-11 03:42:04",37
"2020-02-11 04:42:04",37
"2020-02-11 05:42:04",37
"2020-02-11 06:42:07",37
"2020-02-11 07:42:04",37
"2020-02-11 08:42:06",37
"2020-02-11 09:42:08",37
"2020-02-11 10:42:03",37
"2020-02-11 11:42:06",37
"2020-02-11 12:42:04",37
"2020-02-11 14:06:34",37
"2020-02-11 14:42:08",37
"2020-02-11 15:42:08",37
"2020-02-11 16:42:09",37
"2020-02-11 17:42:04",37
"2020-02-11 18:42:05",37
"2020-02-11 19:42:07",37
"2020-02-11 20:42:04",37
"2020-02-11 21:43:01",37
"2020-02-11 22:42:12",37
"2020-02-11 23:42:04",37
"2020-02-12 00:42:11",37
"2020-02-12 01:42:05",37
"2020-02-12 02:42:16",37
"2020-02-12 03:42:04",37
"2020-02-12 04:42:05",37
"2020-02-12 05:42:05",37
"2020-02-12 06:42:07",37
"2020-02-12 07:42:06",37
"2020-02-12 08:42:05",37
"2020-02-12 09:42:07",37
"2020-02-12 10:42:03",37
"2020-02-12 11:42:03",37
"2020-02-12 12:42:05",37
"2020-02-12 14:06:34",37
"2020-02-12 14:42:08",37
"2020-02-12 15:42:06",37
"2020-02-12 16:42:04",37
"2020-02-12 17:42:05",37
"2020-02-12 18:42:06",38
"2020-02-12 19:42:03",38
"2020-02-12 20:42:07",38
"2020-02-12 21:42:04",38
"2020-02-12 22:41:58",38
"2020-02-12 23:41:58",38
"2020-02-13 00:42:04",38
"2020-02-13 01:42:02",38
"2020-02-13 02:42:04",38
"2020-02-13 03:42:04",38
"2020-02-13 04:42:03",38
"2020-02-13 05:42:04",38
"2020-02-13 06:42:06",38
"2020-02-13 07:41:59",38
"2020-02-13 08:42:00",38
"2020-02-13 09:41:59",38
"2020-02-13 10:41:56",38
"2020-02-13 11:42:04",38
"2020-02-13 12:41:58",38
"2020-02-13 14:06:34",38
"2020-02-13 14:42:00",38
"2020-02-13 15:42:04",37
"2020-02-13 16:42:01",37
"2020-02-13 17:42:05",37
"2020-02-13 18:42:06",37
"2020-02-13 19:42:05",37
"2020-02-13 20:42:05",37
"2020-02-13 21:42:06",37
"2020-02-13 22:42:02",37
"2020-02-13 23:42:00",37
"2020-02-14 00:42:01",37
"2020-02-14 01:42:01",37
"2020-02-14 02:42:08",37
"2020-02-14 03:42:01",37
"2020-02-14 04:42:00",37
"2020-02-14 05:42:01",37
"2020-02-14 06:42:00",37
"2020-02-14 07:42:00",37
"2020-02-14 08:42:06",37
"2020-02-14 09:42:03",37
"2020-02-14 10:42:00",37
"2020-02-14 11:42:01",37
"2020-02-14 12:41:59",37
"2020-02-14 13:42:03",37
"2020-02-14 14:42:01",37
"2020-02-14 15:42:10",37
"2020-02-14 16:42:02",37
"2020-02-14 17:42:01",37
"2020-02-14 18:42:00",37
"2020-02-14 19:42:01",37
"2020-02-14 20:42:06",37
"2020-02-14 21:42:00",37
"2020-02-14 22:41:59",37
"2020-02-14 23:42:05",37
"2020-02-15 00:42:00",37
"2020-02-15 01:42:02",37
"2020-02-15 02:42:00",37
"2020-02-15 03:42:02",37
"2020-02-15 04:42:03",37
"2020-02-15 05:41:59",37
"2020-02-15 06:42:00",37
"2020-02-15 07:42:01",37
"2020-02-15 08:41:59",37
"2020-02-15 09:42:02",37
"2020-02-15 10:41:59",37
"2020-02-15 11:42:01",37
"2020-02-15 12:42:05",37
"2020-02-15 13:42:00",37
"2020-02-15 14:42:02",37
"2020-02-15 15:42:02",37
"2020-02-15 16:41:59",37
"2020-02-15 17:42:01",37
"2020-02-15 18:42:07",37
"2020-02-15 19:42:00",37
"2020-02-15 20:42:00",37
"2020-02-15 21:42:00",37
"2020-02-15 22:42:01",37
"2020-02-15 23:42:01",37
"2020-02-16 00:41:58",37
"2020-02-16 01:42:00",37
"2020-02-16 02:41:59",37
"2020-02-16 03:41:59",37
"2020-02-16 04:42:00",37
"2020-02-16 05:42:01",37
"2020-02-16 06:41:59",37
"2020-02-16 07:42:00",37
"2020-02-16 08:42:00",37
"2020-02-16 09:42:01",37
"2020-02-16 10:42:00",37
"2020-02-16 11:42:01",37
"2020-02-16 12:42:00",37
"2020-02-16 13:42:00",37
"2020-02-16 14:42:00",37
"2020-02-16 15:42:08",37
"2020-02-16 16:42:07",37
"2020-02-16 17:42:01",37
"2020-02-16 18:42:02",37
"2020-02-16 19:42:01",37
"2020-02-16 20:41:59",37
"2020-02-16 21:42:00",37
"2020-02-16 22:42:00",37
"2020-02-16 23:42:01",37
"2020-02-17 00:42:01",37
"2020-02-17 01:41:58",37
"2020-02-17 02:42:00",37
"2020-02-17 03:42:00",37
"2020-02-17 04:42:00",37
"2020-02-17 05:42:00",37
"2020-02-17 06:42:02",37
"2020-02-17 07:42:00",37
"2020-02-17 08:42:00",37
"2020-02-17 09:42:01",37
"2020-02-17 10:42:00",37
"2020-02-17 11:42:00",37
"2020-02-17 12:42:03",37
"2020-02-17 13:41:59",37
"2020-02-17 14:41:58",37
"2020-02-17 15:42:01",37
"2020-02-17 16:42:02",37
"2020-02-17 17:41:59",37
"2020-02-17 18:42:00",37
"2020-02-17 19:42:00",37
"2020-02-17 20:42:00",37
"2020-02-17 22:42:01",37
"2020-02-17 23:42:06",37
"2020-02-18 00:41:59",37
"2020-02-18 01:42:00",37
"2020-02-18 02:42:03",37
"2020-02-18 03:42:01",37
"2020-02-18 04:42:02",37
"2020-02-18 05:42:02",37
"2020-02-18 06:42:00",37
"2020-02-18 07:42:00",37
"2020-02-18 08:42:02",37
"2020-02-18 09:42:03",37
"2020-02-18 10:42:00",37
"2020-02-18 11:42:00",37
"2020-02-18 12:42:05",37
"2020-02-18 14:07:04",37
"2020-02-18 14:42:04",37
"2020-02-18 15:42:02",37
"2020-02-18 16:42:03",37
"2020-02-18 17:42:00",37
"2020-02-18 18:42:00",37
"2020-02-18 19:41:59",37
"2020-02-18 20:41:59",37
"2020-02-18 21:41:59",37
"2020-02-18 22:41:58",37
"2020-02-18 23:41:59",37
"2020-02-19 00:42:03",37
"2020-02-19 01:41:59",37
"2020-02-19 02:42:01",37
"2020-02-19 03:42:03",37
"2020-02-19 04:42:00",37
"2020-02-19 05:42:01",37
"2020-02-19 06:41:59",37
"2020-02-19 07:42:01",37
"2020-02-19 08:42:01",37
"2020-02-19 09:41:59",37
"2020-02-19 10:41:59",37
"2020-02-19 11:41:58",37
"2020-02-19 12:41:59",37
"2020-02-19 14:08:34",37
"2020-02-19 14:42:07",37
"2020-02-19 15:42:03",37
"2020-02-19 16:42:00",37
"2020-02-19 17:41:59",37
"2020-02-19 18:42:01",37
"2020-02-19 19:41:59",37
"2020-02-19 20:41:59",37
"2020-02-19 21:42:06",37
"2020-02-19 22:42:03",37
"2020-02-19 23:42:00",37
"2020-02-20 00:41:59",37
"2020-02-20 01:42:01",37
"2020-02-20 02:42:03",37
"2020-02-20 03:42:00",37
"2020-02-20 04:41:59",37
"2020-02-20 05:41:59",37
"2020-02-20 06:42:05",37
"2020-02-20 07:41:59",37
"2020-02-20 08:41:59",37
"2020-02-20 09:42:01",37
"2020-02-20 10:42:03",37
"2020-02-20 11:41:58",37
"2020-02-20 12:42:04",37
"2020-02-20 13:42:05",37
"2020-02-20 14:42:01",37
"2020-02-20 15:42:03",37
"2020-02-20 16:41:59",37
"2020-02-20 17:42:05",37
"2020-02-20 18:42:03",37
"2020-02-20 19:42:11",37
"2020-02-20 20:42:08",37
"2020-02-20 21:42:06",37
"2020-02-20 22:42:07",37
"2020-02-20 23:42:08",37
"2020-02-21 00:42:05",37
"2020-02-21 01:42:07",37
"2020-02-21 02:42:08",37
"2020-02-21 03:42:18",37
"2020-02-21 04:42:18",37
"2020-02-21 05:42:09",37
"2020-02-21 06:42:10",37
"2020-02-21 07:42:09",37
"2020-02-21 08:42:10",37
"2020-02-21 09:42:21",37
"2020-02-21 10:42:33",37
"2020-02-21 11:42:19",37
"2020-02-21 12:42:18",37
"2020-02-21 13:42:17",37
"2020-02-21 14:42:12",37
"2020-02-21 15:42:22",37
"2020-02-21 16:42:29",37
"2020-02-21 17:42:27",36
"2020-02-21 18:42:17",36
"2020-02-21 19:42:08",36
"2020-02-21 20:42:07",36
"2020-02-21 21:42:19",36
"2020-02-21 22:42:11",36
"2020-02-21 23:42:50",36
"2020-02-22 00:42:27",36
"2020-02-22 01:42:13",36
"2020-02-22 02:42:12",36
"2020-02-22 03:42:26",36
"2020-02-22 04:42:17",36
"2020-02-22 05:42:19",36
"2020-02-22 06:42:06",36
"2020-02-22 07:42:17",36
"2020-02-22 08:42:26",36
"2020-02-22 09:42:08",36
"2020-02-22 10:42:14",36
"2020-02-22 11:42:08",36
"2020-02-22 12:42:20",36
"2020-02-22 13:42:53",36
"2020-02-22 14:42:07",36
"2020-02-22 15:42:12",36
"2020-02-22 16:42:23",36
"2020-02-22 17:42:22",36
"2020-02-22 18:42:10",36
"2020-02-22 19:42:10",36
"2020-02-22 20:42:21",36
"2020-02-22 21:42:44",36
"2020-02-22 22:42:26",36
"2020-02-22 23:42:07",36
"2020-02-23 00:42:10",36
"2020-02-23 01:42:13",36
"2020-02-23 02:42:19",36
"2020-02-23 03:42:10",36
"2020-02-23 04:42:22",36
"2020-02-23 05:42:21",36
"2020-02-23 06:42:11",36
"2020-02-23 07:42:15",36
"2020-02-23 08:42:27",36
"2020-02-23 09:42:10",36
"2020-02-23 10:42:11",36
"2020-02-23 11:42:11",36
"2020-02-23 12:42:12",36
"2020-02-23 13:42:11",36
"2020-02-23 14:42:21",36
"2020-02-23 15:42:10",36
"2020-02-23 16:42:12",36
"2020-02-23 17:42:10",36
"2020-02-23 18:42:13",36
"2020-02-23 19:42:12",36
"2020-02-23 20:42:10",36
"2020-02-23 21:42:21",36
"2020-02-23 22:42:05",36
"2020-02-23 23:42:13",36
"2020-02-24 00:42:26",36
"2020-02-24 01:42:08",36
"2020-02-24 02:42:22",36
"2020-02-24 03:42:10",36
"2020-02-24 04:42:15",36
"2020-02-24 05:42:25",36
"2020-02-24 06:42:09",36
"2020-02-24 07:42:10",36
"2020-02-24 08:42:11",36
"2020-02-24 09:55:00",36
"2020-02-24 10:42:07",36
"2020-02-24 11:42:21",36
"2020-02-24 12:42:07",36
"2020-02-24 13:42:18",36
"2020-02-24 14:42:28",36
"2020-02-24 15:42:09",35
"2020-02-24 16:42:19",35
"2020-02-24 17:42:08",35
"2020-02-24 18:42:12",35
"2020-02-24 19:42:23",35
"2020-02-24 20:42:23",35
"2020-02-24 21:42:22",35
"2020-02-24 22:42:19",35
"2020-02-24 23:42:06",35
"2020-02-25 00:42:11",35
"2020-02-25 01:42:06",35
"2020-02-25 02:42:14",35
"2020-02-25 03:42:14",35
"2020-02-25 04:42:12",35
"2020-02-25 05:42:28",35
"2020-02-25 06:42:13",35
"2020-02-25 07:42:14",35
"2020-02-25 08:42:23",35
"2020-02-25 09:55:44",35
"2020-02-25 10:42:21",35
"2020-02-25 11:42:13",35
"2020-02-25 12:42:15",35
"2020-02-25 14:08:02",35
"2020-02-25 14:42:13",35
"2020-02-25 15:42:13",35
"2020-02-25 16:42:11",35
"2020-02-25 17:42:11",35
"2020-02-25 18:42:18",35
"2020-02-25 19:42:11",35
"2020-02-25 20:42:24",35
"2020-02-25 21:42:20",35
"2020-02-25 22:42:11",35
"2020-02-25 23:42:11",35
"2020-02-26 00:42:10",35
"2020-02-26 01:42:10",35
"2020-02-26 02:42:14",35
"2020-02-26 03:42:09",35
"2020-02-26 04:42:25",35
"2020-02-26 05:42:22",35
"2020-02-26 06:42:22",35
"2020-02-26 07:42:29",35
"2020-02-26 08:42:22",35
"2020-02-26 09:42:16",35
"2020-02-26 10:42:13",35
"2020-02-26 11:42:21",35
"2020-02-26 12:42:11",35
"2020-02-26 13:42:21",35
"2020-02-26 14:42:23",35
"2020-02-26 15:42:26",35
"2020-02-26 16:42:12",35
"2020-02-26 17:42:15",35
"2020-02-26 18:42:13",35
"2020-02-26 19:42:22",35
"2020-02-26 20:42:20",35
"2020-02-26 21:42:22",35
"2020-02-26 22:42:20",35
"2020-02-26 23:42:22",35
"2020-02-27 00:42:13",35
"2020-02-27 01:42:12",35
"2020-02-27 02:42:08",35
"2020-02-27 03:42:23",35
"2020-02-27 04:42:09",35
"2020-02-27 05:42:13",35
"2020-02-27 06:42:09",35
"2020-02-27 07:42:11",35
"2020-02-27 08:42:17",35
"2020-02-27 09:42:14",35
"2020-02-27 10:42:23",35
"2020-02-27 11:42:15",35
"2020-02-27 12:42:21",35
"2020-02-27 14:06:34",35
"2020-02-27 14:42:30",35
"2020-02-27 15:42:18",35
"2020-02-27 16:42:21",35
"2020-02-27 17:42:12",35
"2020-02-27 18:42:20",35
"2020-02-27 19:42:07",35
"2020-02-27 20:42:14",35
"2020-02-27 21:42:13",35
"2020-02-27 22:42:19",35
"2020-02-27 23:42:10",35
"2020-02-28 00:42:25",35
"2020-02-28 01:42:10",35
"2020-02-28 02:42:10",35
"2020-02-28 03:42:24",35
"2020-02-28 04:42:27",35
"2020-02-28 05:42:22",35
"2020-02-28 06:42:13",35
"2020-02-28 07:42:25",35
"2020-02-28 08:42:29",35
"2020-02-28 09:42:26",35
"2020-02-28 10:42:11",35
"2020-02-28 11:42:17",35
"2020-02-28 12:42:20",35
"2020-02-28 14:07:07",35
"2020-02-28 14:42:15",35
"2020-02-28 15:42:11",35
"2020-02-28 16:42:15",35
"2020-02-28 17:42:13",35
"2020-02-28 18:42:13",35
"2020-02-28 19:42:23",35
"2020-02-28 20:42:10",35
"2020-02-28 21:42:11",35
"2020-02-28 22:42:22",35
"2020-02-28 23:42:11",35
"2020-02-29 00:42:11",35
"2020-02-29 01:42:10",35
"2020-02-29 02:42:14",35
"2020-02-29 03:42:09",35
"2020-02-29 04:42:14",35
"2020-02-29 05:42:28",35
"2020-02-29 06:42:21",35
"2020-02-29 07:42:47",35
"2020-02-29 08:42:56",35
"2020-02-29 09:42:44",35
"2020-02-29 10:42:11",35
"2020-02-29 11:42:09",35
"2020-02-29 12:42:45",35
"2020-02-29 13:42:46",35
"2020-02-29 14:42:12",35
"2020-02-29 15:42:12",35
"2020-02-29 16:42:24",35
"2020-02-29 17:42:23",35
"2020-02-29 18:42:13",35
"2020-02-29 19:42:12",35
"2020-02-29 20:42:10",35
"2020-02-29 21:42:18",35
"2020-02-29 22:42:58",35
"2020-02-29 23:42:43",35
"2020-03-01 00:42:45",35
"2020-03-01 01:42:45",35
"2020-03-01 02:42:15",35
"2020-03-01 03:42:44",35
"2020-03-01 04:42:12",35
"2020-03-01 05:42:22",35
"2020-03-01 06:42:13",35
"2020-03-01 07:42:21",35
"2020-03-01 08:42:11",35
"2020-03-01 09:42:45",35
"2020-03-01 10:42:43",35
"2020-03-01 11:42:19",35
"2020-03-01 12:42:22",35
"2020-03-01 13:42:11",35
"2020-03-01 14:42:09",35
"2020-03-01 15:42:45",35
"2020-03-01 16:42:24",35
"2020-03-01 17:42:43",35
"2020-03-01 18:42:47",35
"2020-03-01 19:42:47",35
"2020-03-01 20:42:46",35
"2020-03-01 21:42:12",35
"2020-03-01 22:42:13",35
"2020-03-01 23:42:46",35
"2020-03-02 00:42:08",35
"2020-03-02 01:42:24",35
"2020-03-02 02:42:44",35
"2020-03-02 03:42:57",35
"2020-03-02 04:42:26",35
"2020-03-02 05:42:47",35
"2020-03-02 07:42:11",35
"2020-03-02 08:42:44",35
"2020-03-02 09:42:44",35
"2020-03-02 10:42:20",35
"2020-03-02 11:42:10",35
"2020-03-02 12:42:20",35
"2020-03-02 13:42:44",35
"2020-03-02 18:44:09",35
"2020-03-03 00:42:22",38
"2020-03-03 01:42:29",38
"2020-03-03 02:42:23",38
"2020-03-03 03:42:31",38
"2020-03-03 04:42:45",38
"2020-03-03 05:44:23",38
"2020-03-03 06:42:47",38
"2020-03-03 07:42:21",38
"2020-03-03 08:42:59",38
"2020-03-03 09:43:03",38
"2020-03-03 10:42:22",38
"2020-03-03 11:43:10",38
"2020-03-03 12:42:20",38
"2020-03-03 13:43:01",38
"2020-03-03 14:43:02",38
"2020-03-03 16:43:11",38
"2020-03-03 17:43:03",38
"2020-03-03 18:42:10",38
"2020-03-03 19:42:10",38
"2020-03-03 20:42:23",38
"2020-03-03 21:42:21",38
"2020-03-03 22:43:13",38
"2020-03-03 23:42:44",38
"2020-03-04 00:42:55",38
"2020-03-04 01:42:46",38
"2020-03-04 02:42:14",38
"2020-03-04 03:42:22",38
"2020-03-04 04:43:00",38
"2020-03-04 05:42:15",38
"2020-03-04 06:42:51",38
"2020-03-04 07:42:20",38
"2020-03-04 08:42:45",38
"2020-03-04 09:42:25",38
"2020-03-04 10:42:11",38
"2020-03-04 11:42:55",38
"2020-03-04 12:42:55",38
"2020-03-04 13:42:12",38
"2020-03-04 14:42:10",38
"2020-03-04 15:43:00",38
"2020-03-04 16:42:11",38
"2020-03-04 17:42:21",38
"2020-03-04 18:42:44",39
"2020-03-04 19:42:50",39
"2020-03-04 20:42:48",39
"2020-03-04 21:42:10",39
"2020-03-04 22:42:45",39
"2020-03-04 23:42:15",39
"2020-03-05 00:42:17",39
"2020-03-05 01:42:24",39
"2020-03-05 02:42:12",39
"2020-03-05 03:42:13",39
"2020-03-05 04:42:22",39
"2020-03-05 05:42:23",39
"2020-03-05 06:42:14",39
"2020-03-05 07:42:13",39
"2020-03-05 08:43:04",39
"2020-03-05 09:42:24",39
"2020-03-05 10:42:11",39
"2020-03-05 11:42:21",39
"2020-03-05 12:42:22",39
"2020-03-05 13:42:24",39
"2020-03-05 14:42:46",39
"2020-03-05 15:42:23",39
"2020-03-05 16:42:47",39
"2020-03-05 17:42:11",39
"2020-03-05 18:42:15",39
"2020-03-05 19:42:12",39
"2020-03-05 20:42:11",39
"2020-03-05 21:42:10",39
"2020-03-05 22:42:46",39
"2020-03-05 23:42:48",39
"2020-03-06 00:42:10",39
"2020-03-06 01:42:12",39
"2020-03-06 02:42:47",39
"2020-03-06 03:42:46",39
"2020-03-06 04:42:47",39
"2020-03-06 05:42:48",39
"2020-03-06 06:42:56",39
"2020-03-06 07:42:46",39
"2020-03-06 08:42:18",39
"2020-03-06 09:42:50",39
"2020-03-06 10:42:15",39
"2020-03-06 11:42:57",39
"2020-03-06 12:42:17",39
"2020-03-06 13:42:08",39
"2020-03-06 14:43:02",39
"2020-03-06 15:42:21",39
"2020-03-06 16:42:21",39
"2020-03-06 17:42:16",39
"2020-03-06 18:42:10",39
"2020-03-06 19:42:19",39
"2020-03-06 20:42:12",39
"2020-03-06 21:42:11",39
"2020-03-06 22:42:10",39
"2020-03-06 23:42:22",39
"2020-03-07 00:42:11",39
"2020-03-07 01:42:22",39
"2020-03-07 02:42:13",39
"2020-03-07 03:42:57",39
"2020-03-07 04:42:57",39
"2020-03-07 05:42:47",39
"2020-03-07 06:42:47",39
"2020-03-07 07:42:26",39
"2020-03-07 08:42:45",39
"2020-03-07 09:42:18",39
"2020-03-07 10:42:23",39
"2020-03-07 11:42:45",39
"2020-03-07 12:42:21",39
"2020-03-07 13:42:12",39
"2020-03-07 14:42:14",39
"2020-03-07 15:42:14",39
"2020-03-07 16:42:12",39
"2020-03-07 17:42:23",39
"2020-03-07 18:42:15",39
"2020-03-07 19:42:14",39
"2020-03-07 20:42:49",39
"2020-03-07 21:42:58",39
"2020-03-07 22:42:47",39
"2020-03-07 23:42:46",39
"2020-03-08 00:42:12",39
"2020-03-08 01:42:24",39
"2020-03-08 02:42:26",39
"2020-03-08 03:42:47",39
"2020-03-08 04:42:46",39
"2020-03-08 05:42:50",39
"2020-03-08 06:42:31",39
"2020-03-08 07:42:47",39
"2020-03-08 08:42:49",39
"2020-03-08 09:42:25",39
"2020-03-08 10:42:51",39
"2020-03-08 11:42:21",39
"2020-03-08 12:42:57",39
"2020-03-08 13:42:59",39
"2020-03-08 14:42:09",39
"2020-03-08 15:42:52",39
"2020-03-08 16:42:11",39
"2020-03-08 17:42:16",39
"2020-03-08 18:43:00",39
"2020-03-08 19:42:34",39
"2020-03-08 20:42:24",39
"2020-03-08 21:42:10",39
"2020-03-08 22:42:44",39
"2020-03-08 23:42:13",39
"2020-03-09 00:42:50",39
"2020-03-09 01:42:11",39
"2020-03-09 02:42:50",39
"2020-03-09 03:42:49",39
"2020-03-09 04:42:50",39
"2020-03-09 05:42:12",39
"2020-03-09 06:42:13",39
"2020-03-09 07:42:14",39
"2020-03-09 08:42:12",39
"2020-03-09 09:42:22",39
"2020-03-09 10:42:44",39
"2020-03-09 11:42:47",39
"2020-03-09 12:42:30",39
"2020-03-09 13:42:15",39
"2020-03-09 14:42:57",39
"2020-03-09 15:42:31",39
"2020-03-09 16:42:20",39
"2020-03-09 17:42:11",39
"2020-03-09 18:42:11",39
"2020-03-09 19:42:11",39
"2020-03-09 20:42:13",39
"2020-03-09 21:42:44",39
"2020-03-09 22:42:43",39
"2020-03-09 23:42:55",39
"2020-03-10 00:42:08",39
"2020-03-10 01:42:45",39
"2020-03-10 02:42:22",39
"2020-03-10 03:42:57",39
"2020-03-10 04:42:21",39
"2020-03-10 06:42:55",39
"2020-03-10 07:42:54",39
"2020-03-10 08:42:15",39
"2020-03-10 09:42:44",39
"2020-03-10 10:42:43",39
"2020-03-10 11:42:45",39
"2020-03-10 12:42:21",39
"2020-03-10 13:42:25",39
"2020-03-10 14:42:58",39
"2020-03-10 15:42:56",39
"2020-03-10 16:42:08",39
"2020-03-10 17:42:47",39
"2020-03-10 18:42:47",39
"2020-03-10 19:42:48",39
"2020-03-10 20:43:25",39
"2020-03-10 21:42:56",39
"2020-03-10 22:42:46",39
"2020-03-10 23:42:20",39
"2020-03-11 00:42:51",39
"2020-03-11 01:42:54",39
"2020-03-11 02:42:58",39
"2020-03-11 03:42:22",39
"2020-03-11 04:42:22",39
"2020-03-11 05:42:56",39
"2020-03-11 06:42:50",39
"2020-03-11 07:42:10",39
"2020-03-11 08:42:23",39
"2020-03-11 09:42:07",39
"2020-03-11 10:42:12",39
"2020-03-11 11:42:47",39
"2020-03-11 12:42:57",39
"2020-03-11 13:42:47",39
"2020-03-11 14:42:20",39
"2020-03-11 15:42:13",39
"2020-03-11 16:42:53",39
"2020-03-11 17:42:21",39
"2020-03-11 18:42:09",39
"2020-03-11 19:42:55",39
"2020-03-11 20:42:56",39
"2020-03-11 21:42:21",39
"2020-03-11 22:42:22",39
"2020-03-11 23:42:28",39
"2020-03-12 00:42:09",39
"2020-03-12 01:42:48",39
"2020-03-12 02:42:19",39
"2020-03-12 03:42:45",39
"2020-03-12 04:42:54",39
"2020-03-12 05:42:21",39
"2020-03-12 06:42:14",39
"2020-03-12 07:42:17",39
"2020-03-12 08:42:52",39
"2020-03-12 09:42:32",39
"2020-03-12 10:42:48",39
"2020-03-12 11:42:46",39
"2020-03-12 12:42:44",39
"2020-03-12 13:42:56",39
"2020-03-12 14:42:12",39
"2020-03-12 15:42:08",39
"2020-03-12 16:42:13",39
"2020-03-12 17:42:09",39
"2020-03-12 18:42:57",39
"2020-03-12 19:42:21",39
"2020-03-12 20:42:13",39
"2020-03-12 21:42:59",39
"2020-03-12 22:42:10",39
"2020-03-12 23:43:00",39
"2020-03-13 00:42:59",39
"2020-03-13 01:42:10",39
"2020-03-13 02:42:46",39
"2020-03-13 03:42:48",39
"2020-03-13 04:42:19",39
"2020-03-13 05:42:23",39
"2020-03-13 06:43:02",39
"2020-03-13 07:43:03",39
"2020-03-13 08:43:07",39
"2020-03-13 09:43:08",39
"2020-03-13 10:42:22",39
"2020-03-13 11:42:43",39
"2020-03-13 13:06:36",39
"2020-03-13 13:42:26",39
"2020-03-13 14:42:23",39
"2020-03-13 15:42:24",39
"2020-03-13 16:42:47",39
"2020-03-13 17:42:43",39
"2020-03-13 18:42:56",39
"2020-03-13 19:42:45",39
"2020-03-13 20:42:14",39
"2020-03-13 21:42:21",39
"2020-03-13 22:42:11",39
"2020-03-13 23:42:42",39
"2020-03-14 00:42:22",39
"2020-03-14 01:42:54",39
"2020-03-14 02:42:49",39
"2020-03-14 03:42:20",39
"2020-03-14 04:42:56",39
"2020-03-14 05:42:50",39
"2020-03-14 06:42:23",39
"2020-03-14 07:42:57",39
"2020-03-14 08:42:47",39
"2020-03-14 09:42:47",39
"2020-03-14 10:42:19",39
"2020-03-14 11:42:14",39
"2020-03-14 12:42:19",39
"2020-03-14 13:42:13",39
"2020-03-14 14:42:44",39
"2020-03-14 15:42:11",39
"2020-03-14 16:42:45",39
"2020-03-14 17:42:21",39
"2020-03-14 18:42:47",39
"2020-03-14 19:42:23",39
"2020-03-14 20:42:50",39
"2020-03-14 21:42:47",39
"2020-03-14 22:42:55",39
"2020-03-14 23:42:44",39
"2020-03-15 00:42:16",39
"2020-03-15 01:42:21",39
"2020-03-15 02:42:55",39
"2020-03-15 03:42:54",39
"2020-03-15 04:42:13",39
"2020-03-15 05:42:56",39
"2020-03-15 06:42:23",39
"2020-03-15 07:43:00",39
"2020-03-15 08:59:22",39
"2020-03-15 09:42:31",39
"2020-03-15 10:42:43",39
"2020-03-15 11:42:57",39
"2020-03-15 12:42:45",39
"2020-03-15 13:42:14",39
"2020-03-15 14:42:29",39
"2020-03-15 15:42:19",39
"2020-03-15 16:42:43",39
"2020-03-15 17:42:22",39
"2020-03-15 18:42:54",39
"2020-03-15 19:42:47",39
"2020-03-15 20:42:25",39
"2020-03-15 21:42:23",39
"2020-03-15 22:42:43",39
"2020-03-15 23:42:42",39
"2020-03-16 00:42:11",39
"2020-03-16 01:42:12",39
"2020-03-16 02:42:10",39
"2020-03-16 03:42:38",39
"2020-03-16 04:42:47",39
"2020-03-16 05:42:58",39
"2020-03-16 06:42:20",39
"2020-03-16 07:42:56",39
"2020-03-16 08:57:59",39
"2020-03-16 09:42:45",39
"2020-03-16 10:42:24",39
"2020-03-16 11:42:45",39
"2020-03-16 13:08:09",39
"2020-03-16 13:42:51",39
"2020-03-16 14:42:26",38
"2020-03-16 15:42:49",38
"2020-03-16 16:42:15",38
"2020-03-16 17:42:24",38
"2020-03-16 18:42:15",38
"2020-03-16 19:42:57",38
"2020-03-16 20:42:12",38
"2020-03-16 21:42:25",38
"2020-03-16 22:42:15",38
"2020-03-16 23:42:51",38
"2020-03-17 00:42:48",38
"2020-03-17 01:42:17",38
"2020-03-17 02:42:49",38
"2020-03-17 20:10:01",38
"2020-03-17 20:17:50",38
"2020-03-17 20:42:25",38
"2020-03-17 21:42:16",38
"2020-03-17 22:42:16",38
"2020-03-17 23:42:19",38
"2020-03-18 00:42:24",38
"2020-03-18 01:42:28",38
"2020-03-18 02:42:27",38
"2020-03-18 03:42:27",38
"2020-03-18 04:42:28",38
"2020-03-18 05:42:21",38
"2020-03-18 06:42:16",38
"2020-03-18 07:42:27",38
"2020-03-18 08:42:14",38
"2020-03-18 09:42:25",38
"2020-03-18 10:42:15",38
"2020-03-18 11:42:14",38
"2020-03-18 13:08:08",38
"2020-03-18 13:42:29",38
"2020-03-18 14:42:18",38
"2020-03-18 15:42:19",38
"2020-03-18 16:42:16",38
"2020-03-18 17:42:26",38
"2020-03-18 18:42:13",38
"2020-03-18 19:42:25",38
"2020-03-18 20:42:19",38
"2020-03-18 21:42:19",38
"2020-03-18 22:42:14",38
"2020-03-18 23:42:23",38
"2020-03-19 00:42:20",38
"2020-03-19 01:42:22",38
"2020-03-19 02:42:14",38
"2020-03-19 03:42:12",38
"2020-03-19 04:42:17",38
"2020-03-19 05:42:56",38
"2020-03-19 06:42:15",38
"2020-03-19 07:42:19",38
"2020-03-19 08:42:16",38
"2020-03-19 09:42:24",38
"2020-03-19 10:42:14",38
"2020-03-19 11:42:16",38
"2020-03-19 12:42:16",38
"2020-03-19 13:42:17",38
"2020-03-19 14:42:17",38
"2020-03-19 15:42:18",39
"2020-03-19 16:42:17",39
"2020-03-19 17:42:17",39
"2020-03-19 18:42:11",39
"2020-03-19 19:42:20",39
"2020-03-19 20:42:29",39
"2020-03-19 21:42:24",39
"2020-03-19 22:42:14",39
"2020-03-19 23:42:34",39
"2020-03-20 00:42:15",39
"2020-03-20 01:42:14",39
"2020-03-20 02:42:37",39
"2020-03-20 03:42:21",39
"2020-03-20 04:42:18",39
"2020-03-20 06:42:31",39
"2020-03-20 07:42:20",39
"2020-03-20 08:42:37",39
"2020-03-20 09:42:26",39
"2020-03-20 10:42:17",39
"2020-03-20 11:42:17",39
"2020-03-20 13:07:05",39
"2020-03-20 13:42:28",39
"2020-03-20 14:42:15",39
"2020-03-20 15:42:14",39
"2020-03-20 16:42:16",39
"2020-03-20 17:42:17",39
"2020-03-20 18:42:13",39
"2020-03-20 19:42:18",39
"2020-03-20 20:42:16",39
"2020-03-20 21:42:13",39
"2020-03-20 22:42:25",39
"2020-03-20 23:42:29",39
"2020-03-21 00:42:21",39
"2020-03-21 01:42:17",39
"2020-03-21 02:42:25",39
"2020-03-21 03:42:28",39
"2020-03-21 04:42:15",39
"2020-03-21 05:42:13",39
"2020-03-21 06:42:17",39
"2020-03-21 07:42:26",39
"2020-03-21 08:42:28",39
"2020-03-21 09:42:17",39
"2020-03-21 10:42:19",39
"2020-03-21 11:42:23",39
"2020-03-21 12:42:12",39
"2020-03-21 13:42:16",39
"2020-03-21 14:42:33",39
"2020-03-21 15:42:25",39
"2020-03-21 16:42:22",39
"2020-03-21 17:42:30",39
"2020-03-21 18:42:19",39
"2020-03-21 19:42:19",39
"2020-03-21 20:42:12",39
"2020-03-21 21:42:18",39
"2020-03-21 22:42:15",39
"2020-03-21 23:42:18",39
"2020-03-22 00:42:12",39
"2020-03-22 01:42:24",39
"2020-03-22 02:42:14",39
"2020-03-22 03:42:35",39
"2020-03-22 04:42:19",39
"2020-03-22 05:42:50",39
"2020-03-22 06:42:27",39
"2020-03-22 07:42:29",39
"2020-03-22 09:13:46",39
"2020-03-22 09:42:18",39
"2020-03-22 10:42:26",39
"2020-03-22 11:42:15",39
"2020-03-22 12:42:25",39
"2020-03-22 21:52:17",39
"2020-03-22 22:42:26",39
"2020-03-22 23:42:18",39
"2020-03-23 00:42:37",39
"2020-03-23 01:42:35",39
"2020-03-23 02:42:15",39
"2020-03-23 03:42:17",39
"2020-03-23 04:42:23",39
"2020-03-23 05:42:22",39
"2020-03-23 06:42:20",39
"2020-03-23 07:42:16",39
"2020-03-23 08:42:20",39
"2020-03-23 09:42:29",39
"2020-03-23 10:42:17",39
"2020-03-23 11:42:24",39
"2020-03-23 13:06:35",39
"2020-03-23 13:42:34",39
"2020-03-23 14:42:26",39
"2020-03-23 15:42:21",39
"2020-03-23 16:42:28",39
"2020-03-23 17:42:18",39
"2020-03-23 18:42:15",39
"2020-03-23 19:42:24",39
"2020-03-23 20:42:26",39
"2020-03-23 21:42:18",39
"2020-03-23 22:42:18",39
"2020-03-23 23:42:19",39
"2020-03-24 00:42:14",39
"2020-03-24 01:42:17",39
"2020-03-24 02:42:16",39
"2020-03-24 03:42:16",39
"2020-03-24 04:42:27",39
"2020-03-24 05:42:46",39
"2020-03-24 06:42:25",39
"2020-03-24 07:42:30",39
"2020-03-24 09:08:06",39
"2020-03-24 09:42:15",39
"2020-03-24 10:42:18",39
"2020-03-24 11:42:18",39
"2020-03-24 12:42:10",39
"2020-03-24 13:42:36",39
"2020-03-24 14:42:41",39
"2020-03-24 15:42:34",39
"2020-03-24 16:42:39",39
"2020-03-24 17:42:26",39
"2020-03-24 18:42:25",39
"2020-03-24 19:42:17",39
"2020-03-24 20:42:13",39
"2020-03-24 21:42:12",39
"2020-03-24 22:42:26",39
"2020-03-24 23:42:26",39
"2020-03-25 00:42:13",39
"2020-03-25 01:42:17",39
"2020-03-25 02:42:15",39
"2020-03-25 03:42:13",39
"2020-03-25 04:42:10",39
"2020-03-25 06:42:27",39
"2020-03-25 07:42:13",39
"2020-03-25 09:42:18",39
"2020-03-25 10:42:15",39
"2020-03-25 11:42:24",39
"2020-03-25 12:42:27",39
"2020-03-25 13:42:28",39
"2020-03-25 14:42:29",39
"2020-03-25 15:42:33",39
"2020-03-25 16:42:27",40
"2020-03-25 17:42:16",40
"2020-03-25 18:42:13",40
"2020-03-25 19:42:14",40
"2020-03-25 20:42:19",40
"2020-03-25 21:42:12",40
"2020-03-25 22:42:14",40
"2020-03-25 23:42:15",40
"2020-03-26 02:04:55",40
"2020-03-26 02:42:19",40
"2020-03-26 03:42:25",40
"2020-03-26 04:42:35",40
"2020-03-26 05:42:19",40
"2020-03-26 06:42:19",40
"2020-03-26 07:42:21",40
"2020-03-26 08:42:15",40
"2020-03-26 09:42:25",40
"2020-03-26 10:42:13",40
"2020-03-26 11:42:17",40
"2020-03-26 12:42:17",40
"2020-03-26 13:42:15",40
"2020-03-26 14:42:19",40
"2020-03-26 15:42:19",40
"2020-03-26 16:42:16",40
"2020-03-26 17:42:23",40
"2020-03-26 18:42:15",40
"2020-03-26 19:42:14",40
"2020-03-26 20:42:16",40
"2020-03-26 21:42:21",40
"2020-03-26 22:42:12",40
"2020-03-26 23:42:25",40
"2020-03-27 00:42:18",40
"2020-03-27 01:42:22",40
"2020-03-27 02:42:26",40
"2020-03-27 03:42:18",40
"2020-03-27 04:42:22",40
"2020-03-27 05:42:16",40
"2020-03-27 06:42:23",40
"2020-03-27 07:42:27",40
"2020-03-27 08:43:06",40
"2020-03-27 09:42:37",40
"2020-03-27 10:42:20",40
"2020-03-27 11:42:14",40
"2020-03-27 12:42:13",40
"2020-03-27 13:42:20",40
"2020-03-27 14:42:15",40
"2020-03-27 15:42:17",40
"2020-03-27 16:42:20",40
"2020-03-27 17:42:16",40
"2020-03-27 18:42:27",40
"2020-03-27 19:42:16",40
"2020-03-27 20:42:15",40
"2020-03-27 21:42:27",40
"2020-03-27 22:42:19",40
"2020-03-27 23:42:22",40
"2020-03-28 00:42:26",40
"2020-03-28 01:42:09",40
"2020-03-28 02:42:15",40
"2020-03-28 03:42:18",40
"2020-03-28 04:42:15",40
"2020-03-28 05:42:35",40
"2020-03-28 06:42:20",40
"2020-03-28 07:42:13",40
"2020-03-28 08:42:17",40
"2020-03-28 09:42:24",40
"2020-03-28 10:42:29",40
"2020-03-28 11:42:17",40
"2020-03-28 12:42:26",40
"2020-03-28 13:42:25",40
"2020-03-28 14:42:20",40
"2020-03-28 15:42:15",40
"2020-03-28 16:42:14",40
"2020-03-28 17:42:17",40
"2020-03-28 18:42:20",40
"2020-03-28 19:42:15",40
"2020-03-28 20:42:18",40
"2020-03-28 21:42:13",40
"2020-03-28 22:42:35",40
"2020-03-28 23:42:20",40
"2020-03-29 00:42:21",40
"2020-03-29 01:42:25",40
"2020-03-29 02:42:36",40
"2020-03-29 03:42:41",40
"2020-03-29 04:42:29",40
"2020-03-29 05:42:25",40
"2020-03-29 06:42:38",40
"2020-03-29 07:42:25",40
"2020-03-29 08:42:21",40
"2020-03-29 09:42:18",40
"2020-03-29 10:42:36",40
"2020-03-29 11:42:20",40
"2020-03-29 12:42:16",40
"2020-03-29 13:42:17",40
"2020-03-29 14:42:14",40
"2020-03-29 15:42:17",40
"2020-03-29 16:42:17",40
"2020-03-29 17:42:27",40
"2020-03-29 18:42:17",40
"2020-03-29 19:42:18",40
"2020-03-29 20:42:16",40
"2020-03-29 21:42:34",40
"2020-03-29 22:42:19",40
"2020-03-29 23:42:18",40
"2020-03-30 00:42:19",40
"2020-03-30 01:42:18",40
"2020-03-30 02:42:29",40
"2020-03-30 03:42:20",40
"2020-03-30 04:42:31",40
"2020-03-30 05:42:13",40
"2020-03-30 06:42:18",40
"2020-03-30 07:42:32",40
"2020-03-30 08:42:19",40
"2020-03-30 09:42:17",40
"2020-03-30 10:42:17",40
"2020-03-30 11:42:13",40
"2020-03-30 12:42:16",40
"2020-03-30 13:42:26",40
"2020-03-30 14:42:16",39
"2020-03-30 15:42:28",39
"2020-03-30 16:42:17",39
"2020-03-30 17:42:23",39
"2020-03-30 18:42:18",39
"2020-03-30 19:42:27",39
"2020-03-30 20:42:17",39
"2020-03-30 21:42:24",39
"2020-03-30 22:42:16",39
"2020-03-30 23:42:17",39
"2020-03-31 00:42:14",39
"2020-03-31 01:42:17",39
"2020-03-31 02:42:16",39
"2020-03-31 03:42:20",39
"2020-03-31 04:42:18",39
"2020-03-31 05:42:17",39
"2020-03-31 06:42:15",39
"2020-03-31 07:42:21",39
"2020-03-31 08:42:19",39
"2020-03-31 09:42:22",39
"2020-03-31 10:42:18",39
"2020-03-31 11:42:44",39
"2020-03-31 13:05:36",39
"2020-03-31 13:42:19",39
"2020-03-31 14:42:31",39
"2020-03-31 15:42:18",39
"2020-03-31 16:42:32",38
"2020-03-31 17:42:17",38
"2020-03-31 18:42:27",38
"2020-03-31 19:42:15",38
"2020-03-31 20:42:25",38
"2020-03-31 21:42:17",38
"2020-03-31 22:42:20",38
"2020-03-31 23:42:27",38
"2020-04-01 00:42:20",38
"2020-04-01 01:42:20",38
"2020-04-01 02:42:18",38
"2020-04-01 03:42:22",38
"2020-04-01 04:42:27",38
"2020-04-01 05:42:38",38
"2020-04-01 06:42:22",38
"2020-04-01 07:42:30",38
"2020-04-01 08:42:18",38
"2020-04-01 09:42:24",38
"2020-04-01 10:42:15",38
"2020-04-01 11:42:36",38
"2020-04-01 13:08:37",38
"2020-04-01 13:42:22",38
"2020-04-01 14:42:37",39
"2020-04-01 15:42:29",39
"2020-04-01 16:42:16",39
"2020-04-01 17:42:15",39
"2020-04-01 18:42:16",39
"2020-04-01 19:42:19",39
"2020-04-01 20:42:20",39
"2020-04-01 21:42:15",39
"2020-04-01 22:42:15",39
"2020-04-01 23:42:28",39
"2020-04-02 00:42:18",39
"2020-04-02 01:42:30",39
"2020-04-02 02:42:19",39
"2020-04-02 03:42:28",39
"2020-04-02 04:42:20",39
"2020-04-02 05:42:22",39
"2020-04-02 06:42:14",39
"2020-04-02 07:42:29",39
"2020-04-02 08:42:42",39
"2020-04-02 09:42:28",39
"2020-04-02 10:42:19",39
"2020-04-02 11:42:18",39
"2020-04-02 13:09:37",39
"2020-04-02 13:42:34",39
"2020-04-02 14:42:16",39
"2020-04-02 15:42:25",39
"2020-04-02 16:42:14",39
"2020-04-02 17:42:16",39
"2020-04-02 18:42:35",39
"2020-04-02 19:42:17",39
"2020-04-02 20:42:29",39
"2020-04-02 21:42:41",39
"2020-04-02 22:42:32",39
"2020-04-02 23:42:17",39
"2020-04-03 00:42:22",39
"2020-04-03 01:42:30",39
"2020-04-03 02:42:20",39
"2020-04-03 03:42:17",39
"2020-04-03 04:42:26",39
"2020-04-03 05:42:30",39
"2020-04-03 06:42:22",39
"2020-04-03 08:42:22",39
"2020-04-03 09:42:19",39
"2020-04-03 10:42:30",39
"2020-04-03 11:42:17",39
"2020-04-03 13:10:39",39
"2020-04-03 13:42:27",39
"2020-04-03 14:42:25",38
"2020-04-03 15:42:32",38
"2020-04-03 16:42:29",38
"2020-04-03 17:42:31",38
"2020-04-03 18:42:31",38
"2020-04-03 19:42:18",38
"2020-04-03 20:42:18",38
"2020-04-03 21:42:22",38
"2020-04-03 22:42:38",38
"2020-04-03 23:42:20",38
"2020-04-04 00:42:17",38
"2020-04-04 01:42:29",38
"2020-04-04 02:42:21",38
"2020-04-04 03:42:23",38
"2020-04-04 04:42:25",38
"2020-04-04 05:42:28",38
"2020-04-04 06:42:18",38
"2020-04-04 07:42:32",38
"2020-04-04 08:42:29",38
"2020-04-04 09:42:26",38
"2020-04-04 10:42:18",38
"2020-04-04 11:42:19",38
"2020-04-04 12:42:19",38
"2020-04-04 13:42:18",38
"2020-04-04 14:42:26",38
"2020-04-04 15:42:16",38
"2020-04-04 16:42:19",38
"2020-04-04 17:42:18",38
"2020-04-04 18:42:18",38
"2020-04-04 19:42:20",38
"2020-04-04 20:42:17",38
"2020-04-04 21:42:16",38
"2020-04-04 22:42:31",38
"2020-04-04 23:42:17",38
"2020-04-05 00:42:38",38
"2020-04-05 01:42:28",38
"2020-04-05 02:42:16",38
"2020-04-05 03:42:19",38
"2020-04-05 04:42:29",38
"2020-04-05 05:42:27",38
"2020-04-05 06:42:29",38
"2020-04-05 07:42:20",38
"2020-04-05 08:42:22",38
"2020-04-05 09:42:16",38
"2020-04-05 10:42:32",38
"2020-04-05 11:42:28",38
"2020-04-05 12:42:17",38
"2020-04-05 13:42:30",38
"2020-04-05 14:42:19",38
"2020-04-05 15:42:17",38
"2020-04-05 16:42:30",38
"2020-04-05 17:42:14",38
"2020-04-05 18:42:18",38
"2020-04-05 19:42:17",38
"2020-04-05 20:42:20",38
"2020-04-05 21:42:21",38
"2020-04-05 22:42:26",38
"2020-04-05 23:42:16",38
"2020-04-06 00:42:15",38
"2020-04-06 01:42:20",38
"2020-04-06 02:42:28",38
"2020-04-06 03:42:39",38
"2020-04-06 04:42:16",38
"2020-04-06 05:42:23",38
"2020-04-06 06:42:24",38
"2020-04-06 07:42:20",38
"2020-04-06 08:42:28",38
"2020-04-06 09:42:20",38
"2020-04-06 10:42:24",38
"2020-04-06 11:42:14",38
"2020-04-06 12:42:23",38
"2020-04-06 13:42:22",38
"2020-04-06 14:42:18",39
"2020-04-06 15:42:19",39
"2020-04-06 16:42:17",39
"2020-04-06 17:42:16",39
"2020-04-06 18:43:05",39
"2020-04-06 19:42:28",39
"2020-04-06 20:42:17",40
"2020-04-06 21:42:15",40
"2020-04-06 22:42:20",40
"2020-04-06 23:42:24",40
"2020-04-07 00:42:20",40
"2020-04-07 01:42:23",40
"2020-04-07 02:42:19",40
"2020-04-07 03:42:18",40
"2020-04-07 04:42:17",40
"2020-04-07 05:42:14",40
"2020-04-07 06:42:22",40
"2020-04-07 07:42:20",40
"2020-04-07 08:42:26",40
"2020-04-07 09:42:18",40
"2020-04-07 10:42:13",40
"2020-04-07 11:42:16",40
"2020-04-07 12:42:18",40
"2020-04-07 13:42:18",40
"2020-04-07 14:42:15",40
"2020-04-07 15:42:15",40
"2020-04-07 16:42:21",40
"2020-04-07 17:42:14",40
"2020-04-07 18:42:15",40
"2020-04-07 19:42:12",40
"2020-04-07 20:42:19",40
"2020-04-07 21:42:21",40
"2020-04-07 22:42:15",40
"2020-04-07 23:42:17",40
"2020-04-08 00:42:20",40
"2020-04-08 01:42:14",40
"2020-04-08 02:42:11",40
"2020-04-08 03:42:20",40
"2020-04-08 04:42:13",40
"2020-04-08 06:42:18",40
"2020-04-08 07:42:22",40
"2020-04-08 08:42:23",40
"2020-04-08 09:42:21",40
"2020-04-08 10:42:15",40
"2020-04-08 11:42:14",40
"2020-04-08 12:42:14",40
"2020-04-08 13:42:17",40
"2020-04-08 14:42:13",40
"2020-04-08 15:42:19",40
"2020-04-08 16:42:14",40
"2020-04-08 17:42:22",40
"2020-04-08 18:42:14",41
"2020-04-08 19:42:22",41
"2020-04-08 20:42:18",41
"2020-04-08 21:42:17",41
"2020-04-08 22:42:12",41
"2020-04-08 23:42:16",41
"2020-04-09 00:42:14",41
"2020-04-09 01:42:16",41
"2020-04-09 02:42:16",41
"2020-04-09 03:42:15",41
"2020-04-09 04:42:24",41
"2020-04-09 05:42:18",41
"2020-04-09 06:42:24",41
"2020-04-09 07:42:12",41
"2020-04-09 08:42:13",41
"2020-04-09 09:42:12",41
"2020-04-09 10:42:15",41
"2020-04-09 11:42:14",41
"2020-04-09 12:42:13",41
"2020-04-09 13:42:19",41
"2020-04-09 14:42:18",42
"2020-04-09 15:42:09",42
"2020-04-09 16:42:15",42
"2020-04-09 17:42:14",42
"2020-04-09 18:42:09",42
"2020-04-09 19:42:20",42
"2020-04-09 20:42:13",42
"2020-04-09 21:42:14",42
"2020-04-09 22:42:13",42
"2020-04-09 23:42:12",42
"2020-04-10 00:42:15",42
"2020-04-10 01:42:12",42
"2020-04-10 02:42:17",42
"2020-04-10 03:42:16",42
"2020-04-10 04:42:13",42
"2020-04-10 05:42:17",42
"2020-04-10 06:42:13",42
"2020-04-10 07:42:16",42
"2020-04-10 08:42:16",42
"2020-04-10 09:42:15",42
"2020-04-10 10:42:18",42
"2020-04-10 11:42:15",42
"2020-04-10 12:42:14",42
"2020-04-10 13:42:15",42
"2020-04-10 14:42:20",42
"2020-04-10 15:42:15",42
"2020-04-10 16:42:13",42
"2020-04-10 17:42:16",42
"2020-04-10 18:42:14",42
"2020-04-10 19:42:14",42
"2020-04-10 20:42:24",42
"2020-04-10 21:42:08",42
"2020-04-10 22:42:06",42
"2020-04-10 23:42:06",42
"2020-04-11 00:42:09",42
"2020-04-11 01:42:05",42
"2020-04-11 02:42:07",42
"2020-04-11 03:42:07",42
"2020-04-11 04:42:08",42
"2020-04-11 05:42:07",42
"2020-04-11 06:42:07",42
"2020-04-11 07:42:06",42
"2020-04-11 08:42:03",42
"2020-04-11 09:42:04",42
"2020-04-11 10:42:08",42
"2020-04-11 11:42:03",42
"2020-04-11 12:42:06",42
"2020-04-11 13:42:09",42
"2020-04-11 14:42:04",42
"2020-04-11 15:42:08",42
"2020-04-11 16:42:08",42
"2020-04-11 17:42:08",42
"2020-04-11 18:42:08",42
"2020-04-11 19:42:05",42
"2020-04-11 20:42:04",42
"2020-04-11 21:42:06",42
"2020-04-11 22:42:07",42
"2020-04-11 23:42:06",42
"2020-04-12 00:42:10",42
"2020-04-12 01:42:06",42
"2020-04-12 02:42:06",42
"2020-04-12 03:42:05",42
"2020-04-12 04:42:11",42
"2020-04-12 05:42:08",42
"2020-04-12 06:42:07",42
"2020-04-12 07:42:06",42
"2020-04-12 08:42:05",42
"2020-04-12 09:42:07",42
"2020-04-12 10:42:07",42
"2020-04-12 11:42:05",42
"2020-04-12 12:42:06",42
"2020-04-12 13:42:09",42
"2020-04-12 14:42:08",42
"2020-04-12 15:42:06",42
"2020-04-12 16:42:06",42
"2020-04-12 17:42:05",42
"2020-04-12 18:42:07",42
"2020-04-12 19:42:06",42
"2020-04-12 20:42:12",42
"2020-04-12 21:42:08",42
"2020-04-12 22:42:10",42
"2020-04-12 23:42:12",42
"2020-04-13 00:42:16",42
"2020-04-13 01:42:10",42
"2020-04-13 02:42:11",42
"2020-04-13 03:42:20",42
"2020-04-13 04:42:13",42
"2020-04-13 05:42:14",42
"2020-04-13 06:42:07",42
"2020-04-13 07:42:04",42
"2020-04-13 08:42:09",42
"2020-04-13 09:42:06",42
"2020-04-13 10:42:06",42
"2020-04-13 11:42:10",42
"2020-04-13 13:07:36",42
"2020-04-13 13:42:05",42
"2020-04-13 14:42:05",42
"2020-04-13 15:42:09",42
"2020-04-13 16:42:09",42
"2020-04-13 17:42:11",42
"2020-04-13 18:42:05",42
"2020-04-13 19:42:06",42
"2020-04-13 20:42:08",42
"2020-04-13 21:42:11",42
"2020-04-13 22:42:07",42
"2020-04-13 23:42:07",42
"2020-04-14 00:42:18",42
"2020-04-14 01:42:15",42
"2020-04-14 02:42:14",42
"2020-04-14 03:42:13",42
"2020-04-14 04:42:13",42
"2020-04-14 05:42:16",42
"2020-04-14 06:42:10",42
"2020-04-14 07:42:07",42
"2020-04-14 08:42:08",42
"2020-04-14 09:42:08",42
"2020-04-14 10:42:07",42
"2020-04-14 11:42:09",42
"2020-04-14 12:42:08",42
"2020-04-14 13:42:09",42
"2020-04-14 14:42:13",42
"2020-04-14 15:42:13",42
"2020-04-14 16:42:18",42
"2020-04-14 17:42:05",42
"2020-04-14 18:42:16",42
"2020-04-14 19:42:10",42
"2020-04-14 20:42:09",42
"2020-04-14 21:42:11",42
"2020-04-14 22:42:10",42
"2020-04-14 23:42:18",42
"2020-04-15 00:42:14",42
"2020-04-15 01:42:14",42
"2020-04-15 02:42:12",42
"2020-04-15 03:42:14",42
"2020-04-15 04:42:14",42
"2020-04-15 05:42:06",42
"2020-04-15 06:42:07",42
"2020-04-15 07:42:08",42
"2020-04-15 08:42:09",42
"2020-04-15 09:42:07",42
"2020-04-15 10:42:05",42
"2020-04-15 11:42:05",42
"2020-04-15 13:10:38",42
"2020-04-15 13:42:17",42
"2020-04-15 14:42:08",42
"2020-04-15 15:42:07",42
"2020-04-15 16:42:13",42
"2020-04-15 17:42:07",42
"2020-04-15 18:42:07",42
"2020-04-15 19:42:11",42
"2020-04-15 20:42:08",42
"2020-04-15 21:42:10",42
"2020-04-15 22:42:12",42
"2020-04-15 23:42:09",42
"2020-04-16 00:42:15",42
"2020-04-16 01:42:16",42
"2020-04-16 02:42:17",42
"2020-04-16 03:42:16",42
"2020-04-16 04:42:18",42
"2020-04-16 05:42:11",42
"2020-04-16 06:42:15",42
"2020-04-16 07:42:10",42
"2020-04-16 08:42:09",42
"2020-04-16 09:42:07",42
"2020-04-16 10:42:08",42
"2020-04-16 11:42:09",42
"2020-04-16 12:42:10",42
"2020-04-16 13:42:11",42
"2020-04-16 14:42:08",42
"2020-04-16 15:42:17",42
"2020-04-16 16:42:17",42
"2020-04-16 17:42:11",43
"2020-04-16 18:42:15",43
"2020-04-16 19:42:08",43
"2020-04-16 20:42:10",44
"2020-04-16 21:42:19",44
"2020-04-16 22:42:10",44
"2020-04-16 23:42:17",44
"2020-04-17 00:42:16",44
"2020-04-17 01:42:10",44
"2020-04-17 02:42:16",44
"2020-04-17 03:42:11",44
"2020-04-17 04:42:09",44
"2020-04-17 05:42:10",44
"2020-04-17 06:42:13",44
"2020-04-17 07:42:24",44
"2020-04-17 08:42:12",44
"2020-04-17 09:42:09",44
"2020-04-17 10:42:10",44
"2020-04-17 11:42:07",44
"2020-04-17 13:07:38",44
"2020-04-17 13:42:14",44
"2020-04-17 14:42:12",44
"2020-04-17 15:42:12",44
"2020-04-17 16:42:09",44
"2020-04-17 17:42:10",44
"2020-04-17 18:42:16",44
"2020-04-17 19:42:14",44
"2020-04-17 20:42:17",44
"2020-04-17 21:42:15",44
"2020-04-17 22:42:13",44
"2020-04-17 23:42:16",44
"2020-04-18 00:42:15",44
"2020-04-18 01:42:13",44
"2020-04-18 02:42:13",44
"2020-04-18 03:42:13",44
"2020-04-18 04:42:16",44
"2020-04-18 05:42:16",44
"2020-04-18 06:42:11",44
"2020-04-18 07:42:09",44
"2020-04-18 08:42:15",44
"2020-04-18 09:42:06",44
"2020-04-18 10:42:10",44
"2020-04-18 11:42:11",44
"2020-04-18 12:42:06",44
"2020-04-18 13:42:14",44
"2020-04-18 14:42:12",44
"2020-04-18 15:42:09",44
"2020-04-18 16:42:08",44
"2020-04-18 17:42:15",44
"2020-04-18 18:42:11",44
"2020-04-18 19:42:07",44
"2020-04-18 20:42:14",44
"2020-04-18 21:42:10",44
"2020-04-18 22:42:14",44
"2020-04-18 23:42:17",44
"2020-04-19 00:42:18",44
"2020-04-19 01:42:21",44
"2020-04-19 02:42:17",44
"2020-04-19 03:42:17",44
"2020-04-19 04:42:24",44
"2020-04-19 05:42:15",44
"2020-04-19 06:42:15",44
"2020-04-19 07:42:15",44
"2020-04-19 08:42:11",44
"2020-04-19 09:42:11",44
"2020-04-19 10:42:10",44
"2020-04-19 11:42:07",44
"2020-04-19 12:42:08",44
"2020-04-19 13:42:16",44
"2020-04-19 14:42:07",44
"2020-04-19 15:42:07",44
"2020-04-19 16:42:12",44
"2020-04-19 17:42:20",44
"2020-04-19 18:42:12",44
"2020-04-19 19:42:09",44
"2020-04-19 20:42:08",44
"2020-04-19 21:42:21",44
"2020-04-19 22:42:18",44
"2020-04-19 23:42:15",44
"2020-04-20 00:42:20",44
"2020-04-20 01:42:18",44
"2020-04-20 02:42:22",44
"2020-04-20 03:42:23",44
"2020-04-20 04:42:19",44
"2020-04-20 05:42:26",44
"2020-04-20 06:42:17",44
"2020-04-20 07:42:10",44
"2020-04-20 08:42:10",44
"2020-04-20 09:42:10",44
"2020-04-20 10:42:10",44
"2020-04-20 11:42:10",44
"2020-04-20 12:42:11",44
"2020-04-20 13:42:11",44
"2020-04-20 14:42:17",45
"2020-04-20 15:42:12",45
"2020-04-20 16:42:14",45
"2020-04-20 17:42:11",45
"2020-04-20 18:42:17",45
"2020-04-20 20:42:34",46
"2020-04-20 21:42:27",46
"2020-04-20 22:42:33",46
"2020-04-20 23:42:19",46
"2020-04-21 00:42:20",46
"2020-04-21 01:42:17",46
"2020-04-21 02:42:18",46
"2020-04-21 03:42:48",46
"2020-04-21 04:42:56",46
"2020-04-21 05:43:08",46
"2020-04-21 06:42:20",46
"2020-04-21 07:42:14",46
"2020-04-21 08:42:13",46
"2020-04-21 09:42:11",46
"2020-04-21 10:42:11",46
"2020-04-21 11:42:10",46
"2020-04-21 12:42:10",46
"2020-04-21 13:42:14",46
"2020-04-21 14:42:19",46
"2020-04-21 15:42:08",47
"2020-04-21 16:42:08",47
"2020-04-21 17:42:17",47
"2020-04-21 18:42:08",47
"2020-04-21 19:42:11",47
"2020-04-21 20:42:17",47
"2020-04-21 21:42:20",47
"2020-04-21 22:42:20",47
"2020-04-21 23:42:09",47
"2020-04-22 00:42:15",47
"2020-04-22 01:42:19",47
"2020-04-22 02:42:18",47
"2020-04-22 03:42:12",47
"2020-04-22 04:42:10",47
"2020-04-22 05:42:10",47
"2020-04-22 06:42:13",47
"2020-04-22 07:42:12",47
"2020-04-22 08:42:08",47
"2020-04-22 09:42:12",47
"2020-04-22 10:42:20",47
"2020-04-22 11:42:07",47
"2020-04-22 12:42:10",47
"2020-04-22 13:42:08",47
"2020-04-22 14:42:11",47
"2020-04-22 15:42:09",46
"2020-04-22 16:42:17",46
"2020-04-22 17:42:21",46
"2020-04-22 18:42:15",46
"2020-04-22 19:42:10",46
"2020-04-22 20:42:11",46
"2020-04-22 21:42:17",46
"2020-04-22 22:42:13",46
"2020-04-22 23:42:16",46
"2020-04-23 00:42:09",46
"2020-04-23 01:42:14",46
"2020-04-23 02:42:18",46
"2020-04-23 03:42:19",46
"2020-04-23 04:42:18",46
"2020-04-23 05:42:08",46
"2020-04-23 06:42:10",46
"2020-04-23 07:42:12",46
"2020-04-23 08:42:10",46
"2020-04-23 09:42:07",46
"2020-04-23 10:42:09",46
"2020-04-23 11:42:16",46
"2020-04-23 12:42:08",46
"2020-04-23 13:42:08",46
"2020-04-23 14:42:10",46
"2020-04-23 15:42:11",46
"2020-04-23 16:42:19",46
"2020-04-23 17:42:09",46
"2020-04-23 18:42:13",46
"2020-04-23 19:42:09",46
"2020-04-23 20:42:19",46
"2020-04-23 21:42:14",46
"2020-04-23 22:42:10",46
"2020-04-23 23:42:11",46
"2020-04-24 00:42:17",46
"2020-04-24 01:42:31",46
"2020-04-24 02:42:09",46
"2020-04-24 03:42:19",46
"2020-04-24 04:42:10",46
"2020-04-24 05:42:09",46
"2020-04-24 06:42:10",46
"2020-04-24 07:42:07",46
"2020-04-24 08:42:19",46
"2020-04-24 09:42:10",46
"2020-04-24 10:42:09",46
"2020-04-24 11:42:08",46
"2020-04-24 13:08:39",46
"2020-04-24 13:42:22",46
"2020-04-24 14:42:14",46
"2020-04-24 15:42:11",46
"2020-04-24 16:42:10",46
"2020-04-24 17:42:12",46
"2020-04-24 18:42:15",46
"2020-04-24 19:42:11",46
"2020-04-24 20:42:16",46
"2020-04-24 21:42:17",46
"2020-04-24 22:42:24",46
"2020-04-24 23:42:13",46
"2020-04-25 00:42:25",46
"2020-04-25 01:42:21",46
"2020-04-25 02:42:18",46
"2020-04-25 03:42:15",46
"2020-04-25 04:42:19",46
"2020-04-25 05:42:21",46
"2020-04-25 06:42:13",46
"2020-04-25 07:42:11",46
"2020-04-25 08:42:13",46
"2020-04-25 09:42:12",46
"2020-04-25 10:42:10",46
"2020-04-25 11:42:12",46
"2020-04-25 12:42:10",46
"2020-04-25 13:42:17",46
"2020-04-25 14:42:12",46
"2020-04-25 15:42:13",46
"2020-04-25 16:42:14",46
"2020-04-25 17:42:14",46
"2020-04-25 18:42:11",46
"2020-04-25 19:42:15",46
"2020-04-25 20:42:12",46
"2020-04-25 21:42:11",46
"2020-04-25 22:42:15",46
"2020-04-25 23:42:18",46
"2020-04-26 00:42:11",46
"2020-04-26 01:42:17",46
"2020-04-26 02:42:17",46
"2020-04-26 03:42:19",46
"2020-04-26 04:42:09",46
"2020-04-26 05:42:23",46
"2020-04-26 06:42:15",46
"2020-04-26 07:42:13",46
"2020-04-26 08:42:11",46
"2020-04-26 09:42:11",46
"2020-04-26 10:42:10",46
"2020-04-26 11:42:14",46
"2020-04-26 12:42:11",46
"2020-04-26 13:42:08",46
"2020-04-26 14:42:10",46
"2020-04-26 15:42:13",46
"2020-04-26 16:42:12",46
"2020-04-26 17:42:11",46
"2020-04-26 18:42:12",46
"2020-04-26 19:42:12",46
"2020-04-26 20:42:10",46
"2020-04-26 21:42:11",46
"2020-04-26 22:42:16",46
"2020-04-26 23:42:22",46
"2020-04-27 00:42:22",46
"2020-04-27 01:42:21",46
"2020-04-27 02:42:18",46
"2020-04-27 03:42:22",46
"2020-04-27 04:42:22",46
"2020-04-27 05:42:15",46
"2020-04-27 06:42:13",46
"2020-04-27 07:42:10",46
"2020-04-27 08:42:14",46
"2020-04-27 09:42:13",46
"2020-04-27 10:42:12",46
"2020-04-27 11:42:07",46
"2020-04-27 12:42:11",46
"2020-04-27 13:42:22",46
"2020-04-27 14:42:15",47
"2020-04-27 15:42:12",47
"2020-04-27 16:42:08",47
"2020-04-27 17:42:12",47
"2020-04-27 18:42:11",47
"2020-04-27 19:42:10",47
"2020-04-27 20:42:10",47
"2020-04-27 21:42:20",47
"2020-04-27 22:42:15",47
"2020-04-27 23:42:18",47
"2020-04-28 00:42:29",47
"2020-04-28 01:42:14",47
"2020-04-28 02:42:26",47
"2020-04-28 03:42:22",47
"2020-04-28 04:42:23",47
"2020-04-28 05:42:11",47
"2020-04-28 06:42:11",47
"2020-04-28 07:42:21",47
"2020-04-28 08:42:12",47
"2020-04-28 09:42:13",47
"2020-04-28 10:42:08",47
"2020-04-28 11:42:12",47
"2020-04-28 12:42:15",47
"2020-04-28 13:42:12",47
"2020-04-28 14:42:24",47
"2020-04-28 15:42:21",47
"2020-04-28 16:42:11",47
"2020-04-28 17:42:19",47
"2020-04-28 18:42:18",47
"2020-04-28 19:42:12",47
"2020-04-28 20:42:13",47
"2020-04-28 21:42:14",47
"2020-04-28 22:42:11",47
"2020-04-28 23:42:12",47
"2020-04-29 00:42:25",47
"2020-04-29 01:42:31",47
"2020-04-29 02:42:21",47
"2020-04-29 03:42:12",47
"2020-04-29 04:42:20",47
"2020-04-29 05:42:11",47
"2020-04-29 06:42:15",47
"2020-04-29 07:42:15",47
"2020-04-29 08:42:12",47
"2020-04-29 09:42:18",47
"2020-04-29 10:42:16",47
"2020-04-29 11:42:09",47
"2020-04-29 13:06:38",47
"2020-04-29 13:42:15",47
"2020-04-29 14:42:11",46
"2020-04-29 15:42:09",46
"2020-04-29 16:42:15",46
"2020-04-29 17:42:13",46
"2020-04-29 18:42:25",46
"2020-04-29 19:42:23",46
"2020-04-29 20:42:13",46
"2020-04-29 21:42:24",46
"2020-04-29 22:42:24",46
"2020-04-29 23:42:20",46
"2020-04-30 00:42:23",46
"2020-04-30 01:42:23",46
"2020-04-30 02:42:34",46
"2020-04-30 03:42:28",46
"2020-04-30 04:42:21",46
"2020-04-30 05:42:17",46
"2020-04-30 06:42:14",46
"2020-04-30 07:42:13",46
"2020-04-30 08:42:15",46
"2020-04-30 09:42:13",46
"2020-04-30 10:42:10",46
"2020-04-30 11:42:15",46
"2020-04-30 12:42:11",46
"2020-04-30 13:42:14",46
"2020-04-30 14:42:21",46
"2020-04-30 15:42:11",45
"2020-04-30 16:42:11",45
"2020-04-30 17:43:10",45
"2020-04-30 18:42:18",45
"2020-04-30 20:42:14",45
"2020-04-30 21:42:15",45
"2020-04-30 22:42:15",45
"2020-04-30 23:42:14",45
"2020-05-01 00:42:25",45
"2020-05-01 01:42:22",45
"2020-05-01 02:42:13",45
"2020-05-01 03:42:11",45
"2020-05-01 04:42:15",45
"2020-05-01 05:42:17",45
"2020-05-01 06:42:14",45
"2020-05-01 07:42:16",45
"2020-05-01 08:42:13",45
"2020-05-01 09:42:12",45
"2020-05-01 10:42:11",45
"2020-05-01 11:42:12",45
"2020-05-01 13:07:39",45
"2020-05-01 13:42:26",45
"2020-05-01 14:42:11",45
"2020-05-01 15:42:12",45
"2020-05-01 16:42:15",45
"2020-05-01 17:42:16",45
"2020-05-01 18:42:11",45
"2020-05-01 19:42:15",45
"2020-05-01 20:42:10",45
"2020-05-01 21:42:23",45
"2020-05-01 22:42:12",45
"2020-05-01 23:42:12",45
"2020-05-02 00:42:13",45
"2020-05-02 01:42:23",45
"2020-05-02 02:42:20",45
"2020-05-02 03:42:14",45
"2020-05-02 04:42:13",45
"2020-05-02 05:42:19",45
"2020-05-02 06:42:13",45
"2020-05-02 07:42:20",45
"2020-05-02 08:42:14",45
"2020-05-02 09:42:13",45
"2020-05-02 10:42:10",45
"2020-05-02 11:42:13",45
"2020-05-02 12:42:10",45
"2020-05-02 13:42:14",45
"2020-05-02 14:42:16",45
"2020-05-02 15:42:14",45
"2020-05-02 16:42:16",45
"2020-05-02 17:42:14",45
"2020-05-02 18:42:20",45
"2020-05-02 19:42:13",45
"2020-05-02 20:42:12",45
"2020-05-02 21:42:13",45
"2020-05-02 22:42:10",45
"2020-05-02 23:42:21",45
"2020-05-03 00:42:13",45
"2020-05-03 01:42:24",45
"2020-05-03 02:42:20",45
"2020-05-03 03:42:19",45
"2020-05-03 04:42:19",45
"2020-05-03 05:42:14",45
"2020-05-03 06:42:14",45
"2020-05-03 07:42:15",45
"2020-05-03 08:42:15",45
"2020-05-03 09:42:24",45
"2020-05-03 10:42:14",45
"2020-05-03 11:42:13",45
"2020-05-03 12:42:13",45
"2020-05-03 13:42:13",45
"2020-05-03 14:42:17",45
"2020-05-03 15:42:15",45
"2020-05-03 16:42:21",45
"2020-05-03 17:42:23",45
"2020-05-03 18:42:11",45
"2020-05-03 19:42:31",45
"2020-05-03 20:42:23",45
"2020-05-03 21:42:19",45
"2020-05-03 22:42:22",45
"2020-05-03 23:42:23",45
"2020-05-04 00:42:21",45
"2020-05-04 01:42:23",45
"2020-05-04 02:42:21",45
"2020-05-04 03:42:22",45
"2020-05-04 04:42:13",45
"2020-05-04 05:42:15",45
"2020-05-04 06:42:16",45
"2020-05-04 09:28:47",45
"2020-05-04 10:47:41",45
"2020-05-04 10:55:31",45
"2020-05-04 11:03:06",45
"2020-05-04 11:42:19",45
"2020-05-04 13:06:41",45
"2020-05-04 13:42:15",45
"2020-05-04 14:42:17",45
"2020-05-04 15:42:14",46
"2020-05-04 16:42:15",46
"2020-05-04 17:42:13",46
"2020-05-04 18:42:17",46
"2020-05-04 19:42:22",46
"2020-05-04 20:42:21",46
"2020-05-04 21:42:22",46
"2020-05-04 22:42:13",46
"2020-05-04 23:42:14",46
"2020-05-05 00:42:12",46
"2020-05-05 01:42:20",46
"2020-05-05 02:42:11",46
"2020-05-05 03:42:20",46
"2020-05-05 04:42:13",46
"2020-05-05 05:42:14",46
"2020-05-05 06:42:16",46
"2020-05-05 07:42:18",46
"2020-05-05 08:42:27",46
"2020-05-05 09:42:11",46
"2020-05-05 10:42:12",46
"2020-05-05 11:42:23",46
"2020-05-05 12:42:15",46
"2020-05-05 13:42:15",46
"2020-05-05 14:42:14",46
"2020-05-05 15:42:12",46
"2020-05-05 16:42:16",46
"2020-05-05 17:42:13",46
"2020-05-05 18:42:13",46
"2020-05-05 19:42:23",46
"2020-05-05 20:42:16",46
"2020-05-05 21:42:10",46
"2020-05-05 22:42:10",46
"2020-05-05 23:42:23",46
"2020-05-06 00:42:15",46
"2020-05-06 01:42:16",46
"2020-05-06 02:42:13",46
"2020-05-06 03:42:09",46
"2020-05-06 04:42:15",46
"2020-05-06 05:42:15",46
"2020-05-06 06:42:10",46
"2020-05-06 17:42:21",47
"2020-05-06 18:42:27",47
"2020-05-06 19:42:13",47
"2020-05-06 20:42:19",47
"2020-05-06 21:42:24",47
"2020-05-06 22:42:23",47
"2020-05-06 23:42:24",47
"2020-05-07 00:42:20",47
"2020-05-07 01:42:16",47
"2020-05-07 02:42:09",47
"2020-05-07 03:42:14",47
"2020-05-07 04:42:16",47
"2020-05-07 05:42:12",47
"2020-05-07 06:42:14",47
"2020-05-07 08:42:16",47
"2020-05-07 09:42:14",47
"2020-05-07 10:42:20",47
"2020-05-07 11:42:16",47
"2020-05-07 12:42:16",47
"2020-05-07 13:42:18",47
"2020-05-07 14:42:21",47
"2020-05-07 15:42:13",47
"2020-05-07 16:42:16",47
"2020-05-07 17:42:12",47
"2020-05-07 18:42:11",47
"2020-05-07 19:42:26",47
"2020-05-07 20:42:10",47
"2020-05-07 21:42:11",47
"2020-05-07 22:42:11",47
"2020-05-07 23:42:15",47
"2020-05-08 00:42:14",47
"2020-05-08 01:42:09",47
"2020-05-08 02:42:11",47
"2020-05-08 03:42:15",47
"2020-05-08 04:42:11",47
"2020-05-08 05:42:12",47
"2020-05-08 06:42:11",47
"2020-05-08 07:42:15",47
"2020-05-08 08:42:17",47
"2020-05-08 09:42:16",47
"2020-05-08 10:42:14",47
"2020-05-08 11:42:15",47
"2020-05-08 13:06:41",47
"2020-05-08 13:42:18",47
"2020-05-08 14:42:15",47
"2020-05-08 15:42:15",47
"2020-05-08 16:42:24",47
"2020-05-08 17:42:17",47
"2020-05-08 18:42:18",47
"2020-05-08 19:42:13",47
"2020-05-08 20:42:16",47
"2020-05-08 21:42:15",47
"2020-05-08 22:42:17",47
"2020-05-08 23:42:16",47
"2020-05-09 00:42:14",47
"2020-05-09 01:42:26",47
"2020-05-09 02:42:16",47
"2020-05-09 03:42:27",47
"2020-05-09 04:42:15",47
"2020-05-09 05:42:18",47
"2020-05-09 06:42:20",47
"2020-05-09 07:42:13",47
"2020-05-09 08:42:19",47
"2020-05-09 09:42:16",47
"2020-05-09 10:42:16",47
"2020-05-09 11:42:12",47
"2020-05-09 12:42:15",47
"2020-05-09 13:42:15",47
"2020-05-09 14:42:14",47
"2020-05-09 15:42:16",47
"2020-05-09 16:42:13",47
"2020-05-09 17:42:16",47
"2020-05-09 18:42:17",47
"2020-05-09 19:42:15",47
"2020-05-09 20:42:14",47
"2020-05-09 21:42:17",47
"2020-05-09 22:42:17",47
"2020-05-09 23:42:15",47
"2020-05-10 00:42:24",47
"2020-05-10 01:42:16",47
"2020-05-10 02:42:26",47
"2020-05-10 03:42:19",47
"2020-05-10 04:42:19",47
"2020-05-10 05:42:21",47
"2020-05-10 06:42:17",47
"2020-05-10 07:42:19",47
"2020-05-10 08:42:17",47
"2020-05-10 09:42:19",47
"2020-05-10 10:42:18",47
"2020-05-10 11:42:19",47
"2020-05-10 12:42:16",47
"2020-05-10 13:42:18",47
"2020-05-10 14:42:13",47
"2020-05-10 15:42:17",47
"2020-05-10 16:42:18",47
"2020-05-10 17:42:15",47
"2020-05-10 18:42:18",47
"2020-05-10 19:42:16",47
"2020-05-10 20:42:19",47
"2020-05-10 21:42:16",47
"2020-05-10 22:42:16",47
"2020-05-10 23:42:18",47
"2020-05-11 00:42:18",47
"2020-05-11 01:42:14",47
"2020-05-11 02:42:17",47
"2020-05-11 03:42:27",47
"2020-05-11 04:42:17",47
"2020-05-11 05:42:18",47
"2020-05-11 06:42:16",47
"2020-05-11 07:42:17",47
"2020-05-11 08:42:22",47
"2020-05-11 09:44:05",47
"2020-05-11 10:42:16",47
"2020-05-11 11:42:13",47
"2020-05-11 13:05:40",47
"2020-05-11 13:42:21",47
"2020-05-11 14:42:18",47
"2020-05-11 15:42:23",47
"2020-05-11 16:42:16",47
"2020-05-11 17:42:17",48
"2020-05-11 18:42:16",48
"2020-05-11 19:42:14",48
"2020-05-11 20:42:14",48
"2020-05-11 21:42:16",48
"2020-05-11 22:42:12",48
"2020-05-11 23:42:19",48
"2020-05-12 00:42:17",48
"2020-05-12 01:42:16",48
"2020-05-12 02:42:15",48
"2020-05-12 03:42:12",48
"2020-05-12 04:42:15",48
"2020-05-12 05:42:15",48
"2020-05-12 06:42:20",48
"2020-05-12 07:42:14",48
"2020-05-12 08:42:16",48
"2020-05-12 09:42:16",48
"2020-05-12 10:42:17",48
"2020-05-12 11:42:14",48
"2020-05-12 13:11:40",48
"2020-05-12 17:42:11",50
"2020-05-12 18:42:12",50
"2020-05-12 19:42:20",50
"2020-05-12 20:42:22",51
"2020-05-12 21:42:23",51
"2020-05-12 22:42:11",51
"2020-05-12 23:42:11",51
"2020-05-13 00:42:21",51
"2020-05-13 01:42:15",51
"2020-05-13 02:42:21",51
"2020-05-13 03:42:23",51
"2020-05-13 06:42:14",51
"2020-05-13 07:42:22",51
"2020-05-13 08:42:19",51
"2020-05-13 09:42:11",51
"2020-05-13 10:42:13",51
"2020-05-13 11:42:11",51
"2020-05-13 12:42:11",51
"2020-05-13 13:42:11",51
"2020-05-13 14:42:12",50
"2020-05-13 15:42:14",50
"2020-05-13 16:42:23",50
"2020-05-13 17:42:13",50
"2020-05-13 18:42:19",50
"2020-05-13 19:42:14",50
"2020-05-13 20:42:13",50
"2020-05-13 21:42:11",50
"2020-05-13 22:42:14",50
"2020-05-13 23:42:15",50
"2020-05-14 00:42:12",50
"2020-05-14 01:42:17",50
"2020-05-14 02:42:13",50
"2020-05-14 03:42:15",50
"2020-05-14 04:42:13",50
"2020-05-14 05:42:16",50
"2020-05-14 06:42:17",50
"2020-05-14 07:42:14",50
"2020-05-14 08:42:18",50
"2020-05-14 09:42:12",50
"2020-05-14 10:42:14",50
"2020-05-14 11:42:16",50
"2020-05-14 12:42:16",50
"2020-05-14 13:42:18",50
"2020-05-14 14:42:17",50
"2020-05-14 15:42:14",50
"2020-05-14 16:42:13",50
"2020-05-14 17:42:13",50
"2020-05-14 18:42:20",50
"2020-05-14 19:42:21",50
"2020-05-14 20:42:13",50
"2020-05-14 21:42:15",50
"2020-05-14 22:42:23",50
"2020-05-14 23:42:17",50
"2020-05-15 00:42:23",50
"2020-05-15 01:42:39",50
"2020-05-15 02:42:24",50
"2020-05-15 03:42:23",50
"2020-05-15 04:42:23",50
"2020-05-15 05:42:16",50
"2020-05-15 06:42:22",50
"2020-05-15 07:42:14",50
"2020-05-15 08:42:17",50
"2020-05-15 09:42:25",50
"2020-05-15 10:42:12",50
"2020-05-15 11:42:14",50
"2020-05-15 12:42:16",50
"2020-05-15 13:42:18",50
"2020-05-15 14:42:14",50
"2020-05-15 15:42:16",50
"2020-05-15 16:42:13",50
"2020-05-15 17:42:24",50
"2020-05-15 18:42:14",50
"2020-05-15 19:42:19",50
"2020-05-15 20:42:17",50
"2020-05-15 21:42:16",50
"2020-05-15 22:42:14",50
"2020-05-15 23:42:13",50
"2020-05-16 00:42:22",50
"2020-05-16 01:42:32",50
"2020-05-16 02:42:27",50
"2020-05-16 03:42:20",50
"2020-05-16 04:42:17",50
"2020-05-16 05:42:16",50
"2020-05-16 06:42:25",50
"2020-05-16 07:42:25",50
"2020-05-16 08:42:15",50
"2020-05-16 09:42:19",50
"2020-05-16 10:42:15",50
"2020-05-16 11:42:13",50
"2020-05-16 12:42:17",50
"2020-05-16 13:42:16",50
"2020-05-16 14:42:14",50
"2020-05-16 15:42:20",50
"2020-05-16 16:42:18",50
"2020-05-16 17:42:14",50
"2020-05-16 18:42:16",50
"2020-05-16 19:42:14",50
"2020-05-16 20:42:17",50
"2020-05-16 21:42:16",50
"2020-05-16 22:42:19",50
"2020-05-16 23:42:17",50
"2020-05-17 00:42:16",50
"2020-05-17 01:42:18",50
"2020-05-18 08:16:51",50
"2020-05-18 08:18:33",50
"2020-05-18 08:18:59",50
"2020-05-18 08:19:02",50
"2020-05-18 08:19:42",50
"2020-05-18 08:20:08",50
"2020-05-18 08:20:22",50
"2020-05-18 08:20:41",50
"2020-05-18 08:26:01",50
"2020-05-18 08:30:49",50
"2020-05-18 08:31:32",50
"2020-05-18 08:31:37",50
"2020-05-18 08:31:40",50
"2020-05-18 08:35:26",50
"2020-05-18 08:35:32",50
"2020-05-18 08:36:59",50
"2020-05-18 08:37:56",50
"2020-05-18 08:47:42",50
"2020-05-18 08:52:34",50
"2020-05-18 08:52:37",50
"2020-05-18 08:55:30",50
"2020-05-18 09:03:25",50
"2020-05-18 09:05:16",50
"2020-05-18 09:06:22",50
"2020-05-18 09:06:40",50
"2020-05-18 09:06:43",50
"2020-05-18 09:08:15",50
"2020-05-18 09:33:58",50
"2020-05-18 09:34:34",50
"2020-05-18 09:34:46",50
"2020-05-18 11:43:23",50
"2020-05-18 11:51:00",50
"2020-05-18 11:58:35",50
"2020-05-18 12:06:13",50
"2020-05-18 13:06:11",50
"2020-05-18 13:42:21",50
"2020-05-18 14:42:16",50
"2020-05-18 15:42:29",51
"2020-05-18 16:42:33",51
"2020-05-18 17:42:16",51
"2020-05-18 18:42:24",51
"2020-05-18 19:42:20",52
"2020-05-18 20:42:18",52
"2020-05-18 21:42:27",52
"2020-05-18 22:42:26",52
"2020-05-18 23:42:29",52
"2020-05-19 00:43:15",52
"2020-05-19 01:42:15",52
"2020-05-19 02:42:19",52
"2020-05-19 03:42:19",52
"2020-05-19 04:42:21",52
"2020-05-19 05:42:19",52
"2020-05-19 06:42:19",52
"2020-05-19 07:42:19",52
"2020-05-19 08:42:22",52
"2020-05-19 09:42:32",52
"2020-05-19 10:42:18",52
"2020-05-19 11:42:26",52
"2020-05-19 13:06:43",52
"2020-05-19 13:42:19",52
"2020-05-19 14:42:16",52
"2020-05-19 15:42:16",52
"2020-05-19 16:42:21",53
"2020-05-19 17:42:15",53
"2020-05-19 18:42:18",53
"2020-05-19 19:42:18",53
"2020-05-19 20:42:20",53
"2020-05-19 21:42:20",53
"2020-05-19 22:42:27",53
"2020-05-19 23:42:17",53
"2020-05-20 00:42:29",53
"2020-05-20 01:42:33",53
"2020-05-20 02:42:24",53
"2020-05-20 03:42:26",53
"2020-05-20 04:42:20",53
"2020-05-20 05:42:18",53
"2020-05-20 06:42:16",53
"2020-05-20 07:42:21",53
"2020-05-20 08:42:17",53
"2020-05-20 09:42:21",53
"2020-05-20 10:42:15",53
"2020-05-20 11:42:17",53
"2020-05-20 12:42:15",53
"2020-05-20 13:42:19",53
"2020-05-20 14:42:18",52
"2020-05-20 15:42:16",52
"2020-05-20 16:42:17",51
"2020-05-20 17:42:26",51
"2020-05-20 18:42:18",51
"2020-05-20 19:42:17",51
"2020-05-20 20:42:15",51
"2020-05-20 21:42:18",51
"2020-05-20 22:42:14",51
"2020-05-20 23:42:17",51
"2020-05-21 00:42:26",51
"2020-05-21 01:42:16",51
"2020-05-21 02:42:18",51
"2020-05-21 03:42:19",51
"2020-05-21 04:42:15",51
"2020-05-21 05:42:16",51
"2020-05-21 06:42:20",51
"2020-05-21 07:42:15",51
"2020-05-21 08:42:18",51
"2020-05-21 09:42:16",51
"2020-05-21 10:42:17",51
"2020-05-21 11:42:20",51
"2020-05-21 12:42:16",51
"2020-05-21 13:42:19",51
"2020-05-21 14:42:15",51
"2020-05-21 15:42:16",51
"2020-05-21 16:42:23",51
"2020-05-21 17:42:19",51
"2020-05-21 18:42:17",51
"2020-05-21 19:42:16",51
"2020-05-21 20:42:18",51
"2020-05-21 21:42:19",51
"2020-05-21 22:42:19",51
"2020-05-21 23:42:26",51
"2020-05-22 00:42:56",51
"2020-05-22 01:42:19",51
"2020-05-22 02:42:22",51
"2020-05-22 03:42:27",51
"2020-05-22 04:42:20",51
"2020-05-22 05:42:21",51
"2020-05-22 06:42:15",51
"2020-05-22 07:42:18",51
"2020-05-22 08:42:21",51
"2020-05-22 09:42:19",51
"2020-05-22 10:42:16",51
"2020-05-22 11:42:16",51
"2020-05-22 12:42:17",51
"2020-05-22 13:42:21",51
"2020-05-22 14:42:16",52
"2020-05-22 15:42:17",52
"2020-05-22 16:42:17",52
"2020-05-22 17:42:17",52
"2020-05-22 18:42:26",52
"2020-05-22 19:42:17",52
"2020-05-22 20:42:15",52
"2020-05-22 21:42:16",52
"2020-05-22 22:42:17",52
"2020-05-22 23:42:17",52
"2020-05-23 00:42:17",52
"2020-05-23 01:42:17",52
"2020-05-23 02:42:23",52
"2020-05-23 03:42:19",52
"2020-05-23 04:42:26",52
"2020-05-23 05:42:16",52
"2020-05-23 06:42:22",52
"2020-05-23 07:42:21",52
"2020-05-23 08:42:21",52
"2020-05-23 09:42:18",52
"2020-05-23 10:42:17",52
"2020-05-23 11:42:23",52
"2020-05-23 12:42:20",52
"2020-05-23 13:42:20",52
"2020-05-23 14:42:18",52
"2020-05-23 15:42:17",52
"2020-05-23 16:42:21",52
"2020-05-23 17:42:19",52
"2020-05-23 18:42:23",52
"2020-05-23 19:42:17",52
"2020-05-23 20:42:16",52
"2020-05-23 21:42:15",52
"2020-05-23 22:42:18",52
"2020-05-23 23:42:19",52
"2020-05-24 00:42:28",52
"2020-05-24 01:42:17",52
"2020-05-24 02:42:16",52
"2020-05-24 03:42:19",52
"2020-05-24 04:42:18",52
"2020-05-24 05:42:17",52
"2020-05-24 06:42:17",52
"2020-05-24 07:42:17",52
"2020-05-24 08:42:22",52
"2020-05-24 09:42:15",52
"2020-05-24 10:42:21",52
"2020-05-24 11:42:19",52
"2020-05-24 12:42:18",52
"2020-05-24 13:42:19",52
"2020-05-24 14:42:20",52
"2020-05-24 15:42:15",52
"2020-05-24 16:42:20",52
"2020-05-24 17:42:20",52
"2020-05-24 18:42:20",52
"2020-05-24 19:42:19",52
"2020-05-24 20:42:20",52
"2020-05-24 21:42:21",52
"2020-05-24 22:42:20",52
"2020-05-24 23:42:15",52
"2020-05-25 00:42:16",52
"2020-05-25 01:42:23",52
"2020-05-25 02:42:18",52
"2020-05-25 03:42:31",52
"2020-05-25 04:42:17",52
"2020-05-25 05:43:43",52
"2020-05-25 06:42:43",52
"2020-05-25 07:42:20",52
"2020-05-25 08:42:25",52
"2020-05-25 09:42:18",52
"2020-05-25 10:42:16",52
"2020-05-25 11:42:27",52
"2020-05-25 12:42:18",52
"2020-05-25 13:42:15",52
"2020-05-25 14:42:20",52
"2020-05-25 15:42:17",52
"2020-05-25 16:42:14",52
"2020-05-25 17:42:18",52
"2020-05-25 18:42:18",52
"2020-05-25 19:42:19",52
"2020-05-25 20:42:21",52
"2020-05-25 21:42:15",52
"2020-05-25 22:42:15",52
"2020-05-25 23:42:15",52
"2020-05-26 00:42:19",52
"2020-05-26 01:42:17",52
"2020-05-26 02:42:15",52
"2020-05-26 03:42:20",52
"2020-05-26 04:42:21",52
"2020-05-26 05:42:17",52
"2020-05-26 06:42:20",52
"2020-05-26 07:42:21",52
"2020-05-26 08:42:22",52
"2020-05-26 09:42:18",52
"2020-05-26 10:42:18",52
"2020-05-26 11:42:22",52
"2020-05-26 12:42:18",52
"2020-05-26 13:42:20",52
"2020-05-26 14:42:19",53
"2020-05-26 15:42:17",53
"2020-05-26 16:42:17",53
"2020-05-26 17:42:18",53
"2020-05-26 18:42:15",53
"2020-05-26 19:42:19",53
"2020-05-26 20:42:17",53
"2020-05-26 21:42:24",53
"2020-05-26 22:42:16",53
"2020-05-26 23:42:17",53
"2020-05-27 00:42:30",53
"2020-05-27 01:42:16",53
"2020-05-27 02:42:17",53
"2020-05-27 03:42:17",53
"2020-05-27 04:42:18",53
"2020-05-27 05:42:17",53
"2020-05-27 06:42:20",53
"2020-05-27 07:42:19",53
"2020-05-27 08:42:16",53
"2020-05-27 09:42:15",53
"2020-05-27 10:42:15",53
"2020-05-27 11:42:15",53
"2020-05-27 13:07:12",53
"2020-05-27 13:42:24",53
"2020-05-27 14:42:19",53
"2020-05-27 15:42:15",53
"2020-05-27 16:42:17",53
"2020-05-27 17:42:15",53
"2020-05-27 18:42:15",53
"2020-05-27 19:42:20",53
"2020-05-27 20:42:18",53
"2020-05-27 21:42:19",53
"2020-05-27 22:42:17",53
"2020-05-27 23:42:15",53
"2020-05-28 00:42:18",53
"2020-05-28 01:42:20",53
"2020-05-28 02:42:16",53
"2020-05-28 03:42:16",53
"2020-05-28 04:42:17",53
"2020-05-28 05:42:15",53
"2020-05-28 06:42:17",53
"2020-05-28 07:42:22",53
"2020-05-28 08:42:19",53
"2020-05-28 09:42:15",53
"2020-05-28 10:42:20",53
"2020-05-28 11:42:22",53
"2020-05-28 13:07:45",53
"2020-05-28 13:42:20",53
"2020-05-28 14:42:22",53
"2020-05-28 15:42:20",53
"2020-05-28 16:42:21",53
"2020-05-28 17:42:20",54
"2020-05-28 18:42:19",54
"2020-05-28 19:42:18",54
"2020-05-28 20:42:24",54
"2020-05-28 21:42:28",54
"2020-05-28 22:42:21",54
"2020-05-28 23:42:23",54
"2020-05-29 00:42:23",54
"2020-05-29 01:42:21",54
"2020-05-29 02:42:28",54
"2020-05-29 03:42:20",54
"2020-05-29 04:42:19",54
"2020-05-29 05:42:27",54
"2020-05-29 06:42:26",54
"2020-05-29 07:42:25",54
"2020-05-29 08:42:24",54
"2020-05-29 09:50:10",54
"2020-05-29 10:42:23",54
"2020-05-29 11:42:20",54
"2020-05-29 12:42:21",54
"2020-05-29 13:42:24",54
"2020-05-29 14:42:27",54
"2020-05-29 15:42:20",55
"2020-05-29 16:42:16",55
"2020-05-29 17:42:22",54
"2020-05-29 18:42:21",54
"2020-05-29 19:42:21",54
"2020-05-29 20:42:24",54
"2020-05-29 21:42:19",54
"2020-05-29 22:42:19",54
"2020-05-29 23:42:29",54
"2020-05-30 00:42:17",54
"2020-05-30 01:42:16",54
"2020-05-30 02:42:18",54
"2020-05-30 03:42:19",54
"2020-05-30 04:42:18",54
"2020-05-30 05:42:21",54
"2020-05-30 06:42:23",54
"2020-05-30 07:42:29",54
"2020-05-30 08:42:22",54
"2020-05-30 09:42:18",54
"2020-05-30 10:42:22",54
"2020-05-30 11:42:20",54
"2020-05-30 12:42:19",54
"2020-05-30 13:42:19",54
"2020-05-30 14:42:18",54
"2020-05-30 15:42:19",54
"2020-05-30 16:42:28",54
"2020-05-30 17:42:20",54
"2020-05-30 18:42:19",54
"2020-05-30 19:42:23",54
"2020-05-30 20:42:19",54
"2020-05-30 21:42:22",54
"2020-05-30 22:42:20",54
"2020-05-30 23:42:22",54
"2020-05-31 00:42:22",54
"2020-05-31 01:42:22",54
"2020-05-31 02:42:20",54
"2020-05-31 03:42:21",54
"2020-05-31 04:42:20",54
"2020-05-31 05:42:23",54
"2020-05-31 06:42:22",54
"2020-05-31 07:42:22",54
"2020-05-31 09:28:10",54
"2020-05-31 09:42:20",54
"2020-05-31 10:42:20",54
"2020-05-31 13:08:33",54
"2020-05-31 13:17:37",54
"2020-06-01 04:47:58",54
"2020-06-01 04:58:43",54
"2020-06-01 04:59:39",54
"2020-06-01 05:00:17",54
"2020-06-01 05:00:25",54
"2020-06-01 05:00:49",54
"2020-06-01 05:00:59",54
"2020-06-01 05:06:35",54
"2020-06-01 05:08:41",54
"2020-06-01 05:08:52",54
"2020-06-01 05:09:59",54
"2020-06-01 05:10:31",54
"2020-06-01 05:12:04",54
"2020-06-01 05:16:33",54
"2020-06-01 05:16:46",54
"2020-06-01 06:36:51",54
"2020-06-01 06:44:27",54
"2020-06-01 06:52:03",54
"2020-06-01 07:42:20",54
"2020-06-01 08:42:23",54
"2020-06-01 09:42:21",54
"2020-06-01 10:42:17",54
"2020-06-01 11:42:20",54
"2020-06-01 13:05:46",54
"2020-06-01 13:42:33",54
"2020-06-01 14:42:23",55
"2020-06-01 15:42:20",56
"2020-06-01 16:42:30",56
"2020-06-01 17:42:29",56
"2020-06-01 18:42:29",56
"2020-06-01 19:42:22",56
"2020-06-01 20:42:21",57
"2020-06-01 21:42:21",57
"2020-06-01 22:42:17",57
"2020-06-01 23:42:22",57
"2020-06-02 00:42:23",57
"2020-06-02 01:42:18",57
"2020-06-02 02:42:18",57
"2020-06-02 03:42:20",57
"2020-06-02 04:42:19",57
"2020-06-02 05:42:19",57
"2020-06-02 06:42:19",57
"2020-06-02 07:42:22",57
"2020-06-02 08:42:22",57
"2020-06-02 09:42:19",57
"2020-06-02 10:42:22",57
"2020-06-02 11:42:19",57
"2020-06-02 12:42:29",57
"2020-06-02 13:42:24",57
"2020-06-02 14:42:31",57
"2020-06-02 15:42:31",57
"2020-06-02 16:42:19",57
"2020-06-02 17:42:30",57
"2020-06-02 18:42:20",57
"2020-06-02 19:42:29",58
"2020-06-02 20:42:30",58
"2020-06-02 21:42:17",58
"2020-06-02 22:42:21",58
"2020-06-02 23:42:17",58
"2020-06-03 00:42:24",58
"2020-06-03 01:42:31",58
"2020-06-03 02:42:16",58
"2020-06-03 03:42:27",58
"2020-06-03 04:42:26",58
"2020-06-03 05:42:17",58
"2020-06-03 06:42:20",58
"2020-06-03 07:42:28",58
"2020-06-03 08:42:18",58
"2020-06-03 09:42:19",58
"2020-06-03 10:42:21",58
"2020-06-03 11:42:19",58
"2020-06-03 13:09:15",58
"2020-06-03 13:42:21",58
"2020-06-03 14:42:19",59
"2020-06-03 15:42:30",60
"2020-06-03 16:42:29",60
"2020-06-03 17:42:32",60
"2020-06-03 18:42:34",60
"2020-06-03 19:42:31",60
"2020-06-03 20:42:19",60
"2020-06-03 21:42:20",60
"2020-06-03 22:42:19",60
"2020-06-03 23:42:17",60
"2020-06-04 00:42:29",60
"2020-06-04 01:42:25",60
"2020-06-04 02:42:20",60
"2020-06-04 03:42:21",60
"2020-06-04 04:42:24",60
"2020-06-04 05:42:19",60
"2020-06-04 06:42:20",60
"2020-06-04 07:42:26",60
"2020-06-04 08:42:26",60
"2020-06-04 09:42:23",60
"2020-06-04 10:42:20",60
"2020-06-04 11:42:20",60
"2020-06-04 12:42:23",60
"2020-06-04 13:42:26",60
"2020-06-04 14:42:41",60
"2020-06-04 15:42:31",60
"2020-06-04 17:07:48",60
"2020-06-04 17:42:24",60
"2020-06-04 18:42:31",60
"2020-06-04 19:42:20",60
"2020-06-04 20:42:33",59
"2020-06-04 21:42:32",59
"2020-06-04 22:42:23",59
"2020-06-04 23:42:25",59
"2020-06-05 00:42:24",59
"2020-06-05 01:42:21",59
"2020-06-05 02:42:22",59
"2020-06-05 03:42:23",59
"2020-06-05 04:42:23",59
"2020-06-05 05:42:25",59
"2020-06-05 06:42:25",59
"2020-06-05 07:42:24",59
"2020-06-05 08:42:24",59
"2020-06-05 09:42:21",59
"2020-06-05 10:42:19",59
"2020-06-05 11:42:23",59
"2020-06-05 13:10:16",59
"2020-06-05 13:42:33",59
"2020-06-05 14:42:28",59
"2020-06-05 15:42:23",59
"2020-06-05 16:42:38",59
"2020-06-05 17:42:23",59
"2020-06-05 18:42:24",59
"2020-06-05 19:42:23",59
"2020-06-05 20:42:34",59
"2020-06-05 21:42:25",59
"2020-06-05 22:42:24",59
"2020-06-05 23:42:23",59
"2020-06-06 00:42:28",59
"2020-06-06 01:42:21",59
"2020-06-06 02:42:23",59
"2020-06-06 03:42:25",59
"2020-06-06 04:42:26",59
"2020-06-06 05:42:28",59
"2020-06-06 06:42:24",59
"2020-06-06 07:42:38",59
"2020-06-06 08:42:25",59
"2020-06-06 09:53:33",59
"2020-06-06 10:42:20",59
"2020-06-06 11:42:24",59
"2020-06-06 12:42:24",59
"2020-06-06 13:42:22",59
"2020-06-06 14:42:34",59
"2020-06-06 15:42:23",59
"2020-06-06 16:42:32",59
"2020-06-06 18:42:24",59
"2020-06-06 19:42:22",59
"2020-06-06 20:42:23",59
"2020-06-06 21:42:22",59
"2020-06-06 22:42:23",59
"2020-06-06 23:42:26",59
"2020-06-07 00:42:26",59
"2020-06-07 01:42:22",59
"2020-06-07 02:42:23",59
"2020-06-07 03:42:24",59
"2020-06-07 04:42:24",59
"2020-06-07 05:42:22",59
"2020-06-07 06:42:24",59
"2020-06-07 07:42:25",59
"2020-06-07 08:42:25",59
"2020-06-08 04:42:20",59
"2020-06-08 05:42:19",59
"2020-06-08 06:42:33",59
"2020-06-08 07:42:19",59
"2020-06-08 08:42:25",59
"2020-06-08 09:42:21",59
"2020-06-08 10:42:20",59
"2020-06-08 11:42:22",59
"2020-06-08 12:42:33",59
"2020-06-08 13:42:23",59
"2020-06-08 14:42:44",60
"2020-06-08 15:42:23",59
"2020-06-08 16:42:30",59
"2020-06-08 17:42:27",59
"2020-06-08 18:42:38",59
"2020-06-08 19:42:35",59
"2020-06-08 20:42:29",59
"2020-06-08 21:42:28",59
"2020-06-08 22:42:25",59
"2020-06-08 23:42:26",59
"2020-06-09 00:42:25",59
"2020-06-09 01:42:31",59
"2020-06-09 02:42:29",59
"2020-06-09 03:42:24",59
"2020-06-09 04:42:37",59
"2020-06-09 05:42:43",59
"2020-06-09 06:42:37",59
"2020-06-09 07:42:27",59
"2020-06-09 08:42:28",59
"2020-06-09 09:42:35",59
"2020-06-09 10:42:26",59
"2020-06-09 11:42:30",59
"2020-06-09 12:42:41",59
"2020-06-09 13:42:33",59
"2020-06-09 14:42:33",60
"2020-06-09 15:42:35",62
"2020-06-09 16:42:39",62
"2020-06-09 17:42:24",62
"2020-06-09 18:42:33",62
"2020-06-09 19:42:42",62
"2020-06-09 20:42:45",62
"2020-06-09 21:42:34",62
"2020-06-09 22:42:35",62
"2020-06-09 23:42:35",62
"2020-06-10 00:42:38",62
"2020-06-10 01:42:32",62
"2020-06-10 02:42:33",62
"2020-06-10 03:42:37",62
"2020-06-10 04:42:32",62
"2020-06-10 05:42:36",62
"2020-06-10 06:42:27",62
"2020-06-10 07:42:21",62
"2020-06-10 08:42:27",62
"2020-06-10 09:42:19",62
"2020-06-10 10:42:20",62
"2020-06-10 11:42:24",62
"2020-06-10 12:42:27",62
"2020-06-10 13:42:31",62
"2020-06-10 15:42:25",63
"2020-06-10 16:42:32",63
"2020-06-10 17:42:28",63
"2020-06-10 18:42:27",63
"2020-06-10 19:42:26",63
"2020-06-10 20:42:23",64
"2020-06-10 21:42:30",64
"2020-06-10 22:42:23",64
"2020-06-10 23:42:33",64
"2020-06-11 00:43:14",64
"2020-06-11 01:42:22",64
"2020-06-11 02:42:41",64
"2020-06-11 03:42:43",64
"2020-06-11 04:42:26",64
"2020-06-11 05:42:40",64
"2020-06-11 06:42:28",64
"2020-06-11 07:42:34",64
"2020-06-11 08:42:24",64
"2020-06-11 09:42:25",64
"2020-06-11 10:42:25",64
"2020-06-11 11:42:21",64
"2020-06-11 12:42:28",64
"2020-06-11 13:42:41",64
"2020-06-11 14:42:29",64
"2020-06-11 15:42:42",64
"2020-06-11 16:42:51",65
"2020-06-11 17:42:33",64
"2020-06-11 18:42:39",63
"2020-06-11 19:42:33",63
"2020-06-11 20:42:25",62
"2020-06-11 21:42:25",62
"2020-06-11 22:42:20",62
"2020-06-11 23:42:20",62
"2020-06-12 00:42:27",62
"2020-06-12 01:42:26",62
"2020-06-12 02:42:26",62
"2020-06-12 03:42:27",62
"2020-06-12 04:42:25",62
"2020-06-12 05:42:24",62
"2020-06-12 06:42:28",62
"2020-06-12 07:42:29",62
"2020-06-12 08:42:22",62
"2020-06-12 09:42:27",62
"2020-06-12 10:42:29",62
"2020-06-12 11:42:23",62
"2020-06-12 14:09:55",63
"2020-06-12 14:17:54",63
"2020-06-12 14:42:40",63
"2020-06-12 15:42:30",63
"2020-06-12 16:42:31",63
"2020-06-12 17:42:25",63
"2020-06-12 18:42:29",63
"2020-06-12 19:42:33",63
"2020-06-12 20:42:34",63
"2020-06-12 21:42:30",63
"2020-06-12 22:42:23",63
"2020-06-12 23:42:23",63
"2020-06-13 00:42:22",63
"2020-06-13 01:42:24",63
"2020-06-13 02:42:23",63
"2020-06-13 03:42:24",63
"2020-06-13 04:42:23",63
"2020-06-13 05:42:23",63
"2020-06-13 06:42:24",63
"2020-06-13 07:42:24",63
"2020-06-13 08:42:21",63
"2020-06-13 09:42:23",63
"2020-06-13 10:42:22",63
"2020-06-13 11:42:21",63
"2020-06-13 12:42:22",63
"2020-06-13 13:42:21",63
"2020-06-13 14:42:22",63
"2020-06-13 15:42:23",63
"2020-06-13 16:42:27",63
"2020-06-13 17:42:24",63
"2020-06-13 18:42:24",63
"2020-06-13 19:42:24",63
"2020-06-13 20:42:25",63
"2020-06-13 21:42:26",63
"2020-06-13 22:42:26",63
"2020-06-13 23:42:26",63
"2020-06-14 00:42:24",63
"2020-06-14 01:42:21",63
"2020-06-14 02:42:25",63
"2020-06-14 03:42:27",63
"2020-06-14 04:42:19",63
"2020-06-14 05:42:31",63
"2020-06-14 06:42:22",63
"2020-06-14 07:42:25",63
"2020-06-14 08:42:22",63
"2020-06-14 09:42:23",63
"2020-06-14 10:42:24",63
"2020-06-14 11:42:23",63
"2020-06-14 12:42:21",63
"2020-06-14 13:42:22",63
"2020-06-14 14:42:25",63
"2020-06-14 15:42:21",63
"2020-06-14 16:42:22",63
"2020-06-14 17:42:24",63
"2020-06-14 18:42:25",63
"2020-06-14 19:42:22",63
"2020-06-14 20:42:24",63
"2020-06-14 21:42:31",63
"2020-06-14 22:42:21",63
"2020-06-14 23:42:22",63
"2020-06-15 00:42:30",63
"2020-06-15 01:42:28",63
"2020-06-15 02:42:26",63
"2020-06-15 03:42:23",63
"2020-06-15 04:42:24",63
"2020-06-15 05:42:35",63
"2020-06-15 06:42:22",63
"2020-06-15 07:42:23",63
"2020-06-15 08:42:25",63
"2020-06-15 09:42:26",63
"2020-06-15 10:42:21",63
"2020-06-15 11:42:23",63
"2020-06-15 12:42:27",63
"2020-06-15 13:42:39",63
"2020-06-15 14:42:35",62
"2020-06-15 15:42:26",62
"2020-06-15 16:42:30",62
"2020-06-15 17:42:27",62
"2020-06-15 18:40:51",62
"2020-06-15 18:48:33",62
"2020-06-15 18:56:12",62
"2020-06-15 19:03:53",62
"2020-06-15 19:11:38",62
"2020-06-15 19:19:26",62
"2020-06-15 19:27:09",62
"2020-06-15 19:34:49",62
"2020-06-15 19:42:28",62
"2020-06-15 19:50:08",62
"2020-06-15 19:57:53",62
"2020-06-15 20:05:39",62
"2020-06-15 20:10:41",62
"2020-06-15 20:18:20",62
"2020-06-15 20:25:58",62
"2020-06-15 20:33:37",62
"2020-06-15 20:41:15",62
"2020-06-15 20:48:52",62
"2020-06-15 20:56:32",62
"2020-06-15 21:04:14",62
"2020-06-15 21:11:56",62
"2020-06-15 21:19:34",62
"2020-06-15 21:27:10",62
"2020-06-15 21:34:48",62
"2020-06-15 21:42:26",62
"2020-06-15 21:50:04",62
"2020-06-15 22:42:24",62
"2020-06-15 23:42:23",62
"2020-06-16 00:42:25",62
"2020-06-16 01:42:21",62
"2020-06-16 02:42:41",62
"2020-06-16 03:42:21",62
"2020-06-16 04:42:20",62
"2020-06-16 05:42:22",62
"2020-06-16 06:42:35",62
"2020-06-16 07:42:32",62
"2020-06-16 08:42:23",62
"2020-06-16 09:42:21",62
"2020-06-16 10:42:23",62
"2020-06-16 11:42:22",62
"2020-06-16 12:42:26",62
"2020-06-16 13:42:24",62
"2020-06-16 14:42:32",62
"2020-06-16 15:42:25",62
"2020-06-16 16:42:25",62
"2020-06-16 17:42:38",62
"2020-06-16 18:42:24",62
"2020-06-16 19:42:25",62
"2020-06-16 20:42:23",62
"2020-06-16 21:42:24",62
"2020-06-16 22:42:20",62
"2020-06-16 23:42:20",62
"2020-06-17 00:42:23",62
"2020-06-17 01:42:31",62
"2020-06-17 02:42:25",62
"2020-06-17 03:42:22",62
"2020-06-17 04:42:25",62
"2020-06-17 05:42:24",62
"2020-06-17 06:42:32",62
"2020-06-17 07:42:24",62
"2020-06-17 08:42:22",62
"2020-06-17 09:42:21",62
"2020-06-17 10:42:20",62
"2020-06-17 11:42:25",62
"2020-06-17 12:42:23",62
"2020-06-17 13:42:28",62
"2020-06-17 14:42:23",62
"2020-06-17 15:42:28",62
"2020-06-17 16:42:29",62
"2020-06-17 17:42:27",62
"2020-06-17 18:42:29",62
"2020-06-17 19:42:34",62
"2020-06-17 20:42:35",62
"2020-06-17 21:42:31",62
"2020-06-17 22:42:22",62
"2020-06-17 23:42:25",62
"2020-06-18 00:42:24",62
"2020-06-18 01:42:26",62
"2020-06-18 02:42:23",62
"2020-06-18 03:42:33",62
"2020-06-18 04:42:24",62
"2020-06-18 05:42:22",62
"2020-06-18 06:42:25",62
"2020-06-18 07:42:30",62
"2020-06-18 08:42:21",62
"2020-06-18 09:42:23",62
"2020-06-18 10:42:20",62
"2020-06-18 11:42:23",62
"2020-06-18 12:42:26",62
"2020-06-18 13:42:32",62
"2020-06-18 14:42:31",62
"2020-06-18 17:04:26",62
"2020-06-18 17:42:28",62
"2020-06-18 18:42:32",62
"2020-06-18 19:42:29",62
"2020-06-18 20:42:27",63
"2020-06-18 21:42:34",63
"2020-06-18 22:42:24",63
"2020-06-18 23:42:30",63
"2020-06-19 00:42:35",63
"2020-06-19 01:42:25",63
"2020-06-19 02:42:25",63
"2020-06-19 03:42:35",63
"2020-06-19 04:44:56",63
"2020-06-19 05:42:26",63
"2020-06-19 06:42:22",63
"2020-06-19 07:42:36",63
"2020-06-19 08:42:36",63
"2020-06-19 09:42:32",63
"2020-06-19 10:42:25",63
"2020-06-19 11:42:20",63
"2020-06-19 13:07:47",63
"2020-06-19 13:42:30",63
"2020-06-19 14:42:25",63
"2020-06-19 15:42:28",63
"2020-06-19 16:42:26",62
"2020-06-19 17:42:33",62
"2020-06-19 18:42:21",62
"2020-06-19 19:42:28",62
"2020-06-19 20:42:25",62
"2020-06-19 21:42:20",62
"2020-06-19 22:42:33",62
"2020-06-19 23:42:31",62
"2020-06-20 00:42:28",62
"2020-06-20 01:42:27",62
"2020-06-20 02:42:28",62
"2020-06-20 03:42:22",62
"2020-06-20 04:42:19",62
"2020-06-20 05:42:27",62
"2020-06-20 06:42:23",62
"2020-06-20 07:42:24",62
"2020-06-20 08:42:26",62
"2020-06-20 09:42:24",62
"2020-06-20 10:42:23",62
"2020-06-20 11:42:24",62
"2020-06-20 12:42:28",62
"2020-06-20 13:42:26",62
"2020-06-20 14:42:27",62
"2020-06-20 15:42:21",62
"2020-06-20 16:42:33",62
"2020-06-20 17:42:22",62
"2020-06-20 18:42:24",62
"2020-06-20 19:42:30",62
"2020-06-20 20:42:27",62
"2020-06-20 21:42:25",62
"2020-06-20 22:42:26",62
"2020-06-20 23:42:27",62
"2020-06-21 00:42:27",62
"2020-06-21 01:42:25",62
"2020-06-21 02:42:24",62
"2020-06-21 03:42:36",62
"2020-06-21 04:42:25",62
"2020-06-21 05:42:34",62
"2020-06-21 06:42:24",62
"2020-06-21 07:42:25",62
"2020-06-21 08:42:21",62
"2020-06-21 09:42:23",62
"2020-06-21 10:42:20",62
"2020-06-21 11:42:25",62
"2020-06-21 12:42:28",62
"2020-06-21 13:42:27",62
"2020-06-21 14:42:38",62
"2020-06-21 15:42:27",62
"2020-06-21 16:42:22",62
"2020-06-21 17:42:26",62
"2020-06-21 18:42:27",62
"2020-06-21 19:42:27",62
"2020-06-21 20:42:25",62
"2020-06-21 21:42:26",62
"2020-06-21 22:42:33",62
"2020-06-21 23:42:30",62
"2020-06-22 00:42:25",62
"2020-06-22 01:42:29",62
"2020-06-22 02:42:27",62
"2020-06-22 03:42:25",62
"2020-06-22 04:42:26",62
"2020-06-22 05:42:34",62
"2020-06-22 06:42:25",62
"2020-06-22 07:42:21",62
"2020-06-22 08:42:27",62
"2020-06-22 09:42:28",62
"2020-06-22 10:42:37",62
"2020-06-22 11:42:23",62
"2020-06-22 12:42:27",62
"2020-06-22 13:42:28",62
"2020-06-22 14:42:29",61
"2020-06-22 15:42:34",61
"2020-06-22 16:42:28",61
"2020-06-22 17:42:35",60
"2020-06-22 18:42:27",61
"2020-06-22 19:42:30",61
"2020-06-22 20:42:23",61
"2020-06-22 21:42:24",61
"2020-06-22 22:42:21",61
"2020-06-22 23:42:24",61
"2020-06-23 00:42:24",61
"2020-06-23 01:42:26",61
"2020-06-23 02:42:29",61
"2020-06-23 03:42:29",61
"2020-06-23 04:42:32",61
"2020-06-23 05:42:40",61
"2020-06-23 06:42:24",61
"2020-06-23 07:42:27",61
"2020-06-23 08:42:40",61
"2020-06-23 09:42:26",61
"2020-06-23 10:42:28",61
"2020-06-23 11:42:25",61
"2020-06-23 12:42:28",61
"2020-06-23 13:42:27",61
"2020-06-23 14:42:30",62
"2020-06-23 15:42:40",62
"2020-06-23 16:42:26",62
"2020-06-23 17:42:30",62
"2020-06-23 18:42:36",62
"2020-06-23 19:42:25",62
"2020-06-23 20:42:30",62
"2020-06-23 21:42:22",62
"2020-06-23 22:42:32",62
"2020-06-23 23:42:37",62
"2020-06-24 00:42:34",62
"2020-06-24 01:42:38",62
"2020-06-24 02:42:33",62
"2020-06-24 03:42:25",62
"2020-06-24 04:42:31",62
"2020-06-24 05:42:37",62
"2020-06-24 06:42:28",62
"2020-06-24 07:42:27",62
"2020-06-24 08:42:27",62
"2020-06-24 09:42:28",62
"2020-06-24 10:42:34",62
"2020-06-24 11:42:23",62
"2020-06-24 12:42:29",62
"2020-06-24 13:42:32",62
"2020-06-24 14:42:35",62
"2020-06-24 15:42:25",62
"2020-06-24 16:42:29",62
"2020-06-24 17:42:39",62
"2020-06-24 18:42:35",62
"2020-06-24 19:42:37",62
"2020-06-24 20:42:31",62
"2020-06-24 21:42:28",62
"2020-06-24 22:42:27",62
"2020-06-24 23:42:30",62
"2020-06-25 00:42:32",62
"2020-06-25 01:42:29",62
"2020-06-25 02:42:25",62
"2020-06-25 03:42:27",62
"2020-06-25 04:42:29",62
"2020-06-25 05:42:28",62
"2020-06-25 06:42:33",62
"2020-06-25 07:42:33",62
"2020-06-25 08:42:28",62
"2020-06-25 09:42:37",62
"2020-06-25 10:42:25",62
"2020-06-25 11:42:43",62
"2020-06-25 13:06:48",62
"2020-06-25 13:42:40",62
"2020-06-25 14:42:51",62
"2020-06-25 15:42:39",62
"2020-06-25 16:42:40",62
"2020-06-25 17:42:39",62
"2020-06-25 18:42:31",62
"2020-06-25 19:42:37",62
"2020-06-25 20:42:27",62
"2020-06-25 21:42:36",62
"2020-06-25 22:42:41",62
"2020-06-25 23:42:29",62
"2020-06-26 00:42:42",62
"2020-06-26 01:42:38",62
"2020-06-26 02:42:33",62
"2020-06-26 03:42:37",62
"2020-06-26 04:42:24",62
"2020-06-26 05:42:30",62
"2020-06-26 06:42:32",62
"2020-06-26 07:42:34",62
"2020-06-26 08:42:32",62
"2020-06-26 09:42:26",62
"2020-06-26 10:42:28",62
"2020-06-26 11:42:33",62
"2020-06-26 12:42:33",62
"2020-06-26 13:42:41",62
"2020-06-26 14:42:30",62
"2020-06-26 15:42:29",62
"2020-06-26 16:42:32",62
"2020-06-26 17:42:31",62
"2020-06-26 18:42:29",62
"2020-06-26 19:42:32",63
"2020-06-26 20:42:30",63
"2020-06-26 21:42:31",63
"2020-06-26 22:42:37",63
"2020-06-26 23:42:27",63
"2020-06-27 00:42:41",63
"2020-06-27 01:42:38",63
"2020-06-27 02:42:36",63
"2020-06-27 03:42:37",63
"2020-06-27 04:42:39",63
"2020-06-27 05:42:26",63
"2020-06-27 06:42:30",63
"2020-06-27 07:42:29",63
"2020-06-27 08:42:25",63
"2020-06-27 09:42:28",63
"2020-06-27 10:42:29",63
"2020-06-27 11:42:25",63
"2020-06-27 12:42:32",63
"2020-06-27 13:42:31",63
"2020-06-27 14:42:24",63
"2020-06-27 15:42:40",63
"2020-06-27 16:42:28",63
"2020-06-27 17:42:27",63
"2020-06-27 18:42:29",63
"2020-06-27 19:42:28",63
"2020-06-27 20:42:26",63
"2020-06-27 21:42:27",63
"2020-06-27 22:42:27",63
"2020-06-27 23:42:26",63
"2020-06-28 00:42:34",63
"2020-06-28 01:42:26",63
"2020-06-28 02:42:31",63
"2020-06-28 03:42:28",63
"2020-06-28 04:42:25",63
"2020-06-28 05:42:28",63
"2020-06-28 06:42:26",63
"2020-06-28 07:42:33",63
"2020-06-28 08:42:29",63
"2020-06-28 09:42:26",63
"2020-06-28 10:42:27",63
"2020-06-28 11:42:24",63
"2020-06-28 12:42:29",63
"2020-06-28 13:42:28",63
"2020-06-28 14:42:26",63
"2020-06-28 15:42:31",63
"2020-06-28 16:42:28",63
"2020-06-28 17:42:25",63
"2020-06-28 18:42:29",63
"2020-06-28 19:42:29",63
"2020-06-28 20:42:24",63
"2020-06-28 21:42:30",63
"2020-06-28 22:42:35",63
"2020-06-28 23:42:30",63
"2020-06-29 00:42:37",63
"2020-06-29 01:42:24",63
"2020-06-29 02:42:30",63
"2020-06-29 03:42:27",63
"2020-06-29 04:42:31",63
"2020-06-29 05:42:26",63
"2020-06-29 06:42:32",63
"2020-06-29 07:42:32",63
"2020-06-29 08:42:30",63
"2020-06-29 09:42:30",63
"2020-06-29 10:42:31",63
"2020-06-29 11:42:28",63
"2020-06-29 12:42:35",63
"2020-06-29 13:42:37",63
"2020-06-29 14:42:44",63
"2020-06-29 15:42:30",63
"2020-06-29 16:42:29",64
"2020-06-29 17:42:29",64
"2020-06-29 18:42:29",64
"2020-06-29 19:42:30",64
"2020-06-29 20:42:29",64
"2020-06-29 21:42:29",64
"2020-06-29 22:42:28",64
"2020-06-29 23:42:32",64
"2020-06-30 00:42:38",64
"2020-06-30 01:42:35",64
"2020-06-30 02:42:45",64
"2020-06-30 03:42:28",64
"2020-06-30 04:42:39",64
"2020-06-30 05:42:34",64
"2020-06-30 06:42:41",64
"2020-06-30 07:42:28",64
"2020-06-30 08:42:28",64
"2020-06-30 09:42:33",64
"2020-06-30 10:42:30",64
"2020-06-30 11:42:28",64
"2020-06-30 12:42:29",64
"2020-06-30 13:42:49",64
"2020-06-30 14:42:36",64
"2020-06-30 15:42:36",64
"2020-06-30 16:42:43",64
"2020-06-30 17:42:30",65
"2020-06-30 18:42:34",65
"2020-06-30 19:42:31",65
"2020-06-30 20:42:34",65
"2020-06-30 21:42:38",65
"2020-06-30 22:42:25",65
"2020-06-30 23:42:30",65
"2020-07-01 00:42:59",65
"2020-07-01 01:42:31",65
"2020-07-01 02:42:40",65
"2020-07-01 03:42:33",65
"2020-07-01 04:42:34",65
"2020-07-01 05:42:32",65
"2020-07-01 06:42:31",65
"2020-07-01 07:42:33",65
"2020-07-01 08:42:39",65
"2020-07-01 09:42:49",65
"2020-07-01 10:42:45",65
"2020-07-01 11:42:30",65
"2020-07-01 13:06:26",65
"2020-07-01 13:42:46",65
"2020-07-01 14:42:49",65
"2020-07-01 15:42:47",65
"2020-07-01 16:42:45",65
"2020-07-01 17:42:40",65
"2020-07-01 18:42:43",64
"2020-07-01 19:42:47",64
"2020-07-01 20:42:41",64
"2020-07-01 21:42:33",64
"2020-07-01 22:42:43",64
"2020-07-01 23:42:35",64
"2020-07-02 00:43:03",64
"2020-07-02 01:42:35",64
"2020-07-02 02:42:37",64
"2020-07-02 03:42:37",64
"2020-07-02 04:42:36",64
"2020-07-02 05:42:35",64
"2020-07-02 06:42:36",64
"2020-07-02 07:42:30",64
"2020-07-02 08:42:32",64
"2020-07-02 09:42:36",64
"2020-07-02 10:42:33",64
"2020-07-02 11:42:34",64
"2020-07-02 13:09:24",64
"2020-07-02 13:42:52",64
"2020-07-02 14:42:33",64
"2020-07-02 15:42:34",64
"2020-07-02 16:42:40",64
"2020-07-02 17:42:39",64
"2020-07-02 18:42:43",64
"2020-07-02 19:42:35",64
"2020-07-02 20:42:28",65
"2020-07-02 21:42:35",65
"2020-07-02 22:42:29",65
"2020-07-02 23:42:29",65
"2020-07-03 00:42:44",65
"2020-07-03 01:42:33",65
"2020-07-03 02:42:39",65
"2020-07-03 03:42:31",65
"2020-07-03 04:42:39",65
"2020-07-03 05:42:31",65
"2020-07-03 06:42:32",65
"2020-07-03 07:42:31",65
"2020-07-03 08:42:31",65
"2020-07-03 09:42:44",65
"2020-07-03 10:42:32",65
"2020-07-03 11:42:31",65
"2020-07-03 12:42:29",65
"2020-07-03 13:42:30",65
"2020-07-03 14:42:37",65
"2020-07-03 15:42:30",65
"2020-07-03 16:42:32",65
"2020-07-03 17:42:31",65
"2020-07-03 18:42:36",65
"2020-07-03 19:42:31",65
"2020-07-03 20:42:32",65
"2020-07-03 21:42:32",65
"2020-07-03 22:42:30",65
"2020-07-03 23:42:30",65
"2020-07-04 00:42:30",65
"2020-07-04 01:42:35",65
"2020-07-04 02:42:39",65
"2020-07-04 03:42:32",65
"2020-07-04 04:42:29",65
"2020-07-04 05:42:33",65
"2020-07-04 06:42:33",65
"2020-07-04 07:42:32",65
"2020-07-04 08:42:31",65
"2020-07-04 09:42:33",65
"2020-07-04 11:36:27",65
"2020-07-04 11:44:15",65
"2020-07-04 12:42:34",65
"2020-07-04 13:42:31",65
"2020-07-04 14:42:33",65
"2020-07-04 15:42:28",65
"2020-07-04 16:42:43",65
"2020-07-04 17:42:31",65
"2020-07-04 18:42:31",65
"2020-07-04 19:42:28",65
"2020-07-04 20:42:33",65
"2020-07-04 21:42:31",65
"2020-07-04 22:42:29",65
"2020-07-04 23:42:35",65
"2020-07-05 00:42:35",65
"2020-07-05 01:42:33",65
"2020-07-05 02:42:28",65
"2020-07-05 03:42:32",65
"2020-07-05 04:42:29",65
"2020-07-05 05:42:33",65
"2020-07-05 06:42:32",65
"2020-07-05 07:42:33",65
"2020-07-05 08:42:32",65
"2020-07-05 09:42:31",65
"2020-07-05 11:34:36",65
"2020-07-05 11:45:44",65
"2020-07-05 12:42:31",65
"2020-07-05 13:42:33",65
"2020-07-05 14:42:28",65
"2020-07-05 15:42:36",65
"2020-07-05 16:42:35",65
"2020-07-05 17:42:29",65
"2020-07-05 18:42:29",65
"2020-07-05 19:42:31",65
"2020-07-05 20:42:29",65
"2020-07-05 21:42:32",65
"2020-07-05 22:42:27",65
"2020-07-05 23:42:28",65
"2020-07-06 00:42:33",65
"2020-07-06 01:42:34",65
"2020-07-06 02:42:32",65
"2020-07-06 03:42:31",65
"2020-07-06 04:42:31",65
"2020-07-06 05:42:26",65
"2020-07-06 06:42:35",65
"2020-07-06 07:42:38",65
"2020-07-06 08:42:35",65
